{"type":"FeatureCollection","features":[{"type":"Feature","geometry":{"type":"Polygon","coordinates":[[[-75.65568962797387,45.411812736309926],[-75.65545890826955,45.411639257349954],[-75.65540244376406,45.411631694896016],[-75.65513231676488,45.41159551466949],[-75.6555287109604,45.41182716685268],[-75.65568962797387,45.411812736309926]]]},"properties":{"ZONE_CODE":"IG3","ZONE_MAIN":"IG","ZNAME_EN":"Transportation Zones","LABEL":null}},{"type":"Feature","geometry":{"type":"Polygon","coordinates":[[[-76.01798906819407,45.42042273032298],[-76.01742587391824,45.42076456875641],[-76.01501149348869,45.42222992737149],[-76.01450491014378,45.42179464726071],[-76.01282887840244,45.42281198221996],[-76.01248722484537,45.42301935584621],[-76.01241892683264,45.42306081043025],[-76.01291485795491,45.42323435896645],[-76.01344856952309,45.42366817217454],[-76.01371022900243,45.423873733785086],[-76.01386970960976,45.42399902490143],[-76.01400003808949,45.42392326365925],[-76.01555853964895,45.423017258180025],[-76.01883694307497,45.42111125002917],[-76.01880321403101,45.42108408221562],[-76.01867049333767,45.42097718322424],[-76.01859038786884,45.42091200501142],[-76.01798906819407,45.42042273032298]]]},"properties":{"ZONE_CODE":"RG1[68r]","ZONE_MAIN":"RG","ZNAME_EN":"Rural Industrial Zone","LABEL":null}},{"type":"Feature","geometry":{"type":"Polygon","coordinates":[[[-75.91339974410506,45.304807299331394],[-75.9139991863009,45.305299809632466],[-75.91424494919296,45.30550172853363],[-75.91440634231354,45.305671723412246],[-75.9147652875415,45.30613076724878],[-75.91505089880124,45.30647917775045],[-75.91521756503253,45.306691705986644],[-75.91530391558922,45.30663817202193],[-75.91531847997493,45.30662914681208],[-75.91747055144322,45.30529375309048],[-75.91568324628594,45.303796256071074],[-75.91339974410506,45.304807299331394]]]},"properties":{"ZONE_CODE":"IL7[307]-h","ZONE_MAIN":"IL","ZNAME_EN":"Industrial Zone","LABEL":null}},{"type":"Feature","geometry":{"type":"Polygon","coordinates":[[[-75.80298372609771,45.26545409710706],[-75.80238450668406,45.264441935571746],[-75.80050304730524,45.265219576771926],[-75.80031779223576,45.265289908442604],[-75.80092651133353,45.26630549048154],[-75.8010804870648,45.2662407737845],[-75.80110224426099,45.26623175605446],[-75.8020547665843,45.26583691868478],[-75.80298372609771,45.26545409710706]]]},"properties":{"ZONE_CODE":"RG[875r]","ZONE_MAIN":"RG","ZNAME_EN":"Rural Industrial Zone","LABEL":null}},{"type":"Feature","geometry":{"type":"Polygon","coordinates":[[[-75.62252720624797,45.41585171285073],[-75.62257946034973,45.415675336171674],[-75.62399984503594,45.415461866848474],[-75.62396128664899,45.415391660306476],[-75.62589282710493,45.41508862338788],[-75.62578477774255,45.41489234610738],[-75.6250339316921,45.41352839435566],[-75.62384420382814,45.4132279026587],[-75.62300768095746,45.41301990344975],[-75.62131179105845,45.412637194734124],[-75.61946635322418,45.4122844257904],[-75.61990522605454,45.41307845235425],[-75.62032732105037,45.41384581355016],[-75.62042016103666,45.41401459281958],[-75.62089373668476,45.41487663940567],[-75.62092983638279,45.414942347342844],[-75.62100297361994,45.415075470616166],[-75.62102684634863,45.415118926837636],[-75.62133150009579,45.41567345262974],[-75.62252720624797,45.41585171285073]]]},"properties":{"ZONE_CODE":"IL[1]","ZONE_MAIN":"IL","ZNAME_EN":"Industrial Zone","LABEL":null}},{"type":"Feature","geometry":{"type":"Polygon","coordinates":[[[-75.62224715825477,45.40204951028909],[-75.62122148162629,45.40018965554619],[-75.62120696664793,45.40019363118034],[-75.6203288104571,45.400433965723586],[-75.62031429188548,45.40043793881755],[-75.62134034400974,45.40229748957553],[-75.62224715825477,45.40204951028909]]]},"properties":{"ZONE_CODE":"IL[256]","ZONE_MAIN":"IL","ZNAME_EN":"Industrial Zone","LABEL":null}},{"type":"Feature","geometry":{"type":"Polygon","coordinates":[[[-75.64058547516093,45.4106814158139],[-75.64058961010619,45.41068242672271],[-75.64053801357122,45.41078854997415],[-75.6402318802988,45.411418174972496],[-75.64021623074822,45.41145027957062],[-75.64034605437477,45.41148158199338],[-75.64058460738838,45.41153910015793],[-75.64095298492683,45.41162792312804],[-75.64099144809235,45.41163719646786],[-75.64133347175529,45.41171644325893],[-75.64133358673966,45.41171635875529],[-75.64169931604465,45.410940629770195],[-75.64058547516093,45.4106814158139]]]},"properties":{"ZONE_CODE":"IG3","ZONE_MAIN":"IG","ZNAME_EN":"Transportation Zones","LABEL":null}},{"type":"Feature","geometry":{"type":"Polygon","coordinates":[[[-75.70910960643069,45.33316095401235],[-75.70813639680469,45.332791355110636],[-75.70743837528622,45.33370147864554],[-75.70748998709256,45.33372117369329],[-75.70841152472508,45.33407277536871],[-75.70910960643069,45.33316095401235]]]},"properties":{"ZONE_CODE":"IG[290]","ZONE_MAIN":"IG","ZNAME_EN":"Transportation Zones","LABEL":null}},{"type":"Feature","geometry":{"type":"Polygon","coordinates":[[[-75.36973416704642,45.436240063671264],[-75.37069670917842,45.43594510631788],[-75.37426445905913,45.43504357774033],[-75.37357269161166,45.43379697667348],[-75.37118855296613,45.43442772879064],[-75.37126291191208,45.43455524626874],[-75.37167889387239,45.43531587646125],[-75.37061150666865,45.43561328225893],[-75.37052803611077,45.43563654054105],[-75.37039909552814,45.43540066239939],[-75.37035292751244,45.43531620235758],[-75.37010808808849,45.43486829040109],[-75.37003149323579,45.4347281656611],[-75.36837140209914,45.43518388261097],[-75.36849312831174,45.43530603842487],[-75.36897804698692,45.435792657028294],[-75.36949876442453,45.436307540720826],[-75.36970097429668,45.436250619513515],[-75.36973416704642,45.436240063671264]]]},"properties":{"ZONE_CODE":"RG1","ZONE_MAIN":"RG","ZNAME_EN":"Rural Industrial Zone","LABEL":null}},{"type":"Feature","geometry":{"type":"Polygon","coordinates":[[[-75.8946658756231,45.296178799304506],[-75.8946661163716,45.296178985086904],[-75.89546997560022,45.29679570081553],[-75.89556059315451,45.296723275504085],[-75.89574825750557,45.29686392007392],[-75.89577549083172,45.296884329343136],[-75.89599039210219,45.29704538525243],[-75.89701214848277,45.296385750367406],[-75.89686780538628,45.29627023890806],[-75.8965856706067,45.296061368300485],[-75.89610877119203,45.29570830478503],[-75.89573840568185,45.29548796085608],[-75.89563108395485,45.295556630350745],[-75.89469342515623,45.29616104065643],[-75.8946658756231,45.296178799304506]]]},"properties":{"ZONE_CODE":"IG2","ZONE_MAIN":"IG","ZNAME_EN":"Transportation Zones","LABEL":null}},{"type":"Feature","geometry":{"type":"Polygon","coordinates":[[[-75.78795738265974,45.26022947095165],[-75.7874999739918,45.25945025457407],[-75.78695939749822,45.25849496298585],[-75.78446884981402,45.254093297215334],[-75.78438227198357,45.25396616813364],[-75.78387923788235,45.25426579105221],[-75.78313835684335,45.25470702088204],[-75.78216785473961,45.2552849850864],[-75.78080955621596,45.25609385747581],[-75.7801412752216,45.256491293291845],[-75.77997693383024,45.25658902871707],[-75.77973133802483,45.25652681012631],[-75.77841716025635,45.25731566247056],[-75.77733472896654,45.25796538007378],[-75.7763139553429,45.25859119507206],[-75.77338422850282,45.260335645736006],[-75.77318654164813,45.26045334861317],[-75.77350483810949,45.260630403576094],[-75.77380958707806,45.26080025727613],[-75.77405653754293,45.26065320968566],[-75.78016362620417,45.25701632123015],[-75.78202665754326,45.26038878079324],[-75.78208679346334,45.26049763184919],[-75.78305316691001,45.2601009860134],[-75.78364200898548,45.26112540879644],[-75.7839730741003,45.261704920030866],[-75.78405025016298,45.2618411558099],[-75.78408901606076,45.26182241204414],[-75.78419563710182,45.26177850921898],[-75.78574926170762,45.26113875482054],[-75.78597565332889,45.26104595224386],[-75.78742823183825,45.260450491832955],[-75.78795738265974,45.26022947095165]]]},"properties":{"ZONE_CODE":"IP[1219]-h","ZONE_MAIN":"IP","ZNAME_EN":"Industrial Zone","LABEL":null}},{"type":"Feature","geometry":{"type":"Polygon","coordinates":[[[-75.59852286180696,45.28883444747147],[-75.5984359075824,45.288734416536805],[-75.59800918087298,45.28824355089987],[-75.59772775037256,45.28791981556886],[-75.5974432727867,45.287592571375306],[-75.5959860014783,45.28822862302919],[-75.59626742389388,45.288552362285664],[-75.59697557391718,45.28936697186508],[-75.59705699990947,45.28945279270559],[-75.59852286180696,45.28883444747147]]]},"properties":{"ZONE_CODE":"RG1[242r]","ZONE_MAIN":"RG","ZNAME_EN":"Rural Industrial Zone","LABEL":null}},{"type":"Feature","geometry":{"type":"Polygon","coordinates":[[[-76.1032890990542,45.32354146875999],[-76.10339187530585,45.32348675507579],[-76.10514071370434,45.32255581409898],[-76.10529826473045,45.322471940113985],[-76.1058890507602,45.32215742293345],[-76.10097273650024,45.321231269371],[-76.10060386578668,45.3214275775835],[-76.1032890990542,45.32354146875999]]]},"properties":{"ZONE_CODE":"RG1","ZONE_MAIN":"RG","ZNAME_EN":"Rural Industrial Zone","LABEL":null}},{"type":"Feature","geometry":{"type":"Polygon","coordinates":[[[-75.70319255636778,45.12396246016105],[-75.70524821884314,45.12312794839976],[-75.70546768445358,45.123030060861666],[-75.7047898283166,45.12248117991931],[-75.70457085408464,45.122563622242545],[-75.70251799255631,45.123396380830314],[-75.70319255636778,45.12396246016105]]]},"properties":{"ZONE_CODE":"RG[53r]","ZONE_MAIN":"RG","ZNAME_EN":"Rural Industrial Zone","LABEL":null}},{"type":"Feature","geometry":{"type":"Polygon","coordinates":[[[-76.25671068478276,45.42381913347633],[-76.2574604079391,45.42389669805393],[-76.25793040559742,45.42357308214102],[-76.25797665446153,45.42357645337953],[-76.25804560105789,45.42352870749378],[-76.25811031030106,45.423479015236865],[-76.25868321536508,45.42303906079022],[-76.25854343660856,45.422957640797215],[-76.25810536687206,45.42270246865869],[-76.25818895331261,45.42244971082831],[-76.25793285081164,45.42235497119485],[-76.25717804319079,45.42207534963804],[-76.2570548167917,45.42202969892473],[-76.25696802965378,45.42200305298423],[-76.25660734079582,45.421989521625896],[-76.2556947476886,45.421769922378616],[-76.25562114332747,45.42175254105867],[-76.25554701704517,45.421856156142994],[-76.25545706693916,45.421972946795215],[-76.25544393806126,45.42205390856758],[-76.2554309268627,45.422107873140014],[-76.25539197231872,45.422251771268634],[-76.25537868982892,45.42236872755586],[-76.25537810682229,45.42250370906958],[-76.25542863795535,45.422638801228985],[-76.25550468663235,45.42278294642157],[-76.25548523810646,45.42282809969188],[-76.25549707520695,45.422821196347776],[-76.25550199438145,45.422818326942185],[-76.25556754534605,45.42278007070902],[-76.25561759857536,45.42275085835402],[-76.25579265147815,45.42288378163495],[-76.25603411054169,45.423067123599644],[-76.25606588125835,45.42309124578903],[-76.25624068173452,45.42322397029297],[-76.25632156783935,45.42328538493529],[-76.25629494267264,45.423428382870796],[-76.25679620260117,45.423477770644325],[-76.25671068478276,45.42381913347633]]]},"properties":{"ZONE_CODE":"RG","ZONE_MAIN":"RG","ZNAME_EN":"Rural Industrial Zone","LABEL":null}},{"type":"Feature","geometry":{"type":"Polygon","coordinates":[[[-75.63771285512179,45.41113646925366],[-75.63779134272478,45.41128785315994],[-75.63793223090069,45.41155958351695],[-75.63815044156466,45.41124189795975],[-75.63771285512179,45.41113646925366]]]},"properties":{"ZONE_CODE":"IG3[393]","ZONE_MAIN":"IG","ZNAME_EN":"Transportation Zones","LABEL":null}},{"type":"Feature","geometry":{"type":"Polygon","coordinates":[[[-76.3400993423651,45.419646693425086],[-76.3345536001451,45.419297321475824],[-76.3343154289155,45.41928231148441],[-76.33366010791573,45.41968738438552],[-76.33379769747792,45.419790401100016],[-76.33609209532486,45.42151570262347],[-76.33631586206887,45.42137364877018],[-76.33626787765967,45.421338233296346],[-76.3367029281585,45.42106249953231],[-76.33709475531913,45.42136759896721],[-76.33722995626096,45.42147287427365],[-76.33858280560412,45.420615679387645],[-76.3400993423651,45.419646693425086]]]},"properties":{"ZONE_CODE":"RG[91r]","ZONE_MAIN":"RG","ZNAME_EN":"Rural Industrial Zone","LABEL":null}},{"type":"Feature","geometry":{"type":"Polygon","coordinates":[[[-76.0583227758674,45.34941005780721],[-76.06007879180503,45.34832508535603],[-76.0599936566689,45.34825728978898],[-76.05945222228424,45.347826124244314],[-76.05757106114606,45.3489818348068],[-76.05747283036976,45.34904218809713],[-76.05734190001877,45.34912263190396],[-76.0583227758674,45.34941005780721]]]},"properties":{"ZONE_CODE":"RG1[370r]","ZONE_MAIN":"RG","ZNAME_EN":"Rural Industrial Zone","LABEL":null}},{"type":"Feature","geometry":{"type":"Polygon","coordinates":[[[-75.58171778493613,45.232816175112525],[-75.58112015464224,45.23213567913863],[-75.57970727807516,45.232756037733886],[-75.57985286084674,45.23299861060657],[-75.5800188605281,45.233275200606236],[-75.58015519514382,45.233502360232],[-75.58171778493613,45.232816175112525]]]},"properties":{"ZONE_CODE":"RG1","ZONE_MAIN":"RG","ZNAME_EN":"Rural Industrial Zone","LABEL":null}},{"type":"Feature","geometry":{"type":"Polygon","coordinates":[[[-75.72032675709407,45.32771649514574],[-75.72012554794516,45.327777299304685],[-75.72039381633003,45.3282854051954],[-75.72061475068595,45.32822318752889],[-75.72190167267041,45.32773001055503],[-75.72187094759276,45.32767563627549],[-75.72180130929361,45.327552372347206],[-75.72171354029709,45.327577380976784],[-75.7215294135116,45.32725497671913],[-75.7213541297418,45.327322243553645],[-75.72097846686638,45.32746640770394],[-75.72032675709407,45.32771649514574]]]},"properties":{"ZONE_CODE":"IG F(2.45)","ZONE_MAIN":"IG","ZNAME_EN":"Transportation Zones","LABEL":null}},{"type":"Feature","geometry":{"type":"Polygon","coordinates":[[[-75.82048258354054,45.329267685613516],[-75.82062853731632,45.32952074092438],[-75.82032800054813,45.329543129684936],[-75.81806302701831,45.32974024525311],[-75.81807967459716,45.329770101236925],[-75.81807772525299,45.3297702900669],[-75.81814612657197,45.32989147456962],[-75.8181530453963,45.32990382616908],[-75.81817097576938,45.329935857078425],[-75.81818766736566,45.32996568138236],[-75.81845918944849,45.330450718668594],[-75.81852896159661,45.33057535428673],[-75.82586193621034,45.32987373090314],[-75.82628062748955,45.32979452408313],[-75.82743336991663,45.32967455129713],[-75.82847997998617,45.32954667641847],[-75.82874610948235,45.329514159002244],[-75.82881928714372,45.32950521827256],[-75.83035329074706,45.32931777081676],[-75.83170053550116,45.3290256427153],[-75.8329071238447,45.328637018513085],[-75.83304327969569,45.32856885769956],[-75.83284195735905,45.328307964963976],[-75.8325525794633,45.327932954142724],[-75.83350258021562,45.32755329821868],[-75.83241065193664,45.325588246566944],[-75.82765686177618,45.32751503685144],[-75.82279682157885,45.3289533154194],[-75.8218506440564,45.329231578339055],[-75.82131997508209,45.328311533247735],[-75.82018768190412,45.32877503560439],[-75.82048258354054,45.329267685613516]]]},"properties":{"ZONE_CODE":"IP2","ZONE_MAIN":"IP","ZNAME_EN":"Industrial Zone","LABEL":null}},{"type":"Feature","geometry":{"type":"Polygon","coordinates":[[[-75.6120855271519,45.41128542650027],[-75.6127442878009,45.412379099710805],[-75.61376228742694,45.4119683095122],[-75.61371306334263,45.411880887058615],[-75.61442536178592,45.411593012978614],[-75.61469666467983,45.41148336477486],[-75.61417935185716,45.41143517352989],[-75.61342706401068,45.41137293122652],[-75.6134058287357,45.41137117492796],[-75.61303755989339,45.411344232607306],[-75.61225878791569,45.411294375122544],[-75.6120855271519,45.41128542650027]]]},"properties":{"ZONE_CODE":"IH","ZONE_MAIN":"IH","ZNAME_EN":"Industrial Zone","LABEL":null}},{"type":"Feature","geometry":{"type":"Polygon","coordinates":[[[-75.9552750218914,45.27389272915058],[-75.95574544714779,45.27366303674513],[-75.95548315166124,45.27340078936947],[-75.95501272281157,45.27363048410063],[-75.95434079286052,45.27395855035772],[-75.95423055430379,45.274012373729676],[-75.95424725847651,45.27404841820348],[-75.9544098930688,45.27429628734722],[-75.95452625633914,45.274258311159],[-75.9552750218914,45.27389272915058]]]},"properties":{"ZONE_CODE":"RG4[285r]","ZONE_MAIN":"RG","ZNAME_EN":"Rural Industrial Zone","LABEL":null}},{"type":"Feature","geometry":{"type":"Polygon","coordinates":[[[-75.44068116962178,45.34026038946011],[-75.4406256869749,45.34015631470373],[-75.44051954653251,45.33995721419752],[-75.44035791266343,45.33965401394874],[-75.44013343175877,45.339232916110525],[-75.43997955484217,45.33927550308245],[-75.43995421157139,45.33928251766417],[-75.43994827550398,45.33928416128236],[-75.43899844183831,45.33954708780581],[-75.43895071344896,45.33956029667456],[-75.43917493114725,45.339981478583105],[-75.43933636559032,45.34028473327481],[-75.43949780183003,45.34058798065957],[-75.4405013206137,45.34031019974533],[-75.44052665939293,45.34030318213383],[-75.44068116962178,45.34026038946011]]]},"properties":{"ZONE_CODE":"RG2","ZONE_MAIN":"RG","ZNAME_EN":"Rural Industrial Zone","LABEL":null}},{"type":"Feature","geometry":{"type":"Polygon","coordinates":[[[-75.74344398554761,45.37481300854332],[-75.74290699063708,45.37419274730118],[-75.74287655032535,45.374186040577285],[-75.74287437550406,45.374185702969335],[-75.74285452273627,45.37419427316276],[-75.74210785115694,45.374516571694805],[-75.74119536494923,45.37491043346628],[-75.74091423448611,45.374591208442986],[-75.74065535708922,45.37470294819686],[-75.74093537274307,45.37502265406805],[-75.74101041890022,45.37510833763777],[-75.7413913944122,45.37554330423881],[-75.74149084510069,45.37565684937139],[-75.74208396136028,45.375400603435416],[-75.7418034606162,45.37508156670277],[-75.7421350781949,45.374938094872064],[-75.74241570470313,45.37525727755126],[-75.74344398554761,45.37481300854332]]]},"properties":{"ZONE_CODE":"IG1","ZONE_MAIN":"IG","ZNAME_EN":"Transportation Zones","LABEL":null}},{"type":"Feature","geometry":{"type":"Polygon","coordinates":[[[-75.69732337842471,45.201928980429656],[-75.69799408846359,45.20246458167774],[-75.69820192628099,45.20262961655511],[-75.69825587101211,45.202672451096724],[-75.69896545564492,45.20222609465182],[-75.69893915746499,45.20220524498136],[-75.69816707793618,45.201593117658014],[-75.69732337842471,45.201928980429656]]]},"properties":{"ZONE_CODE":"RG[65r]","ZONE_MAIN":"RG","ZNAME_EN":"Rural Industrial Zone","LABEL":null}},{"type":"Feature","geometry":{"type":"Polygon","coordinates":[[[-75.61652670539013,45.41084694983975],[-75.61825045114777,45.410148891388296],[-75.61768989612229,45.40921742556413],[-75.61765402459636,45.40922813403257],[-75.61681976368358,45.40784177662603],[-75.61659030701055,45.40746045813996],[-75.61639430000542,45.407134724185575],[-75.61594079990729,45.407270116737195],[-75.61450256749302,45.4076994998024],[-75.61404885269752,45.40783495217505],[-75.61447373247071,45.4085421888324],[-75.61488842804353,45.4084183833092],[-75.61522172008193,45.40897229126467],[-75.6157010826771,45.409768914725184],[-75.6161062381416,45.41044220262449],[-75.61652670539013,45.41084694983975]]]},"properties":{"ZONE_CODE":"IH[268]","ZONE_MAIN":"IH","ZNAME_EN":"Industrial Zone","LABEL":null}},{"type":"Feature","geometry":{"type":"Polygon","coordinates":[[[-75.96582593163441,45.29910201952958],[-75.96665529403396,45.298541895388624],[-75.96648827835803,45.298406521135256],[-75.9654831695563,45.29759180569311],[-75.9653723506879,45.29750197703309],[-75.9645282918503,45.29805058889846],[-75.964639510469,45.29814074148129],[-75.96582593163441,45.29910201952958]]]},"properties":{"ZONE_CODE":"RG5[283r]","ZONE_MAIN":"RG","ZNAME_EN":"Rural Industrial Zone","LABEL":null}},{"type":"Feature","geometry":{"type":"Polygon","coordinates":[[[-75.61222765590122,45.3868344038554],[-75.61379830986985,45.38745548097278],[-75.61397998425458,45.387361193659494],[-75.6150343162423,45.38681398345389],[-75.61302153035545,45.385974162105576],[-75.61222765590122,45.3868344038554]]]},"properties":{"ZONE_CODE":"IL[1]","ZONE_MAIN":"IL","ZNAME_EN":"Industrial Zone","LABEL":null}},{"type":"Feature","geometry":{"type":"Polygon","coordinates":[[[-75.9825116834894,45.2975759627681],[-75.9836093600879,45.29687982322886],[-75.98497045955861,45.29602854920009],[-75.98259450636196,45.294036729289736],[-75.98247230404229,45.29393424044487],[-75.98213579423853,45.294149771271655],[-75.98111593689649,45.29480296501427],[-75.98101571365686,45.294695395578756],[-75.98101232700824,45.294691488991546],[-75.98071154230503,45.29434404747259],[-75.98063955221647,45.29426088120551],[-75.9793902094553,45.294504746604225],[-75.9791724497456,45.29454725029761],[-75.97916335609997,45.294549024127875],[-75.97900076732176,45.29449730687478],[-75.9790778463664,45.294380881585376],[-75.9791236263099,45.294264322718895],[-75.97912478154335,45.29413808425707],[-75.97907243491512,45.2939958271743],[-75.97883842198698,45.29366968791184],[-75.97854418779882,45.29333064815531],[-75.9755500769057,45.29092014877773],[-75.97402088827228,45.291891048862155],[-75.97413181224356,45.29198123462016],[-75.9741359930029,45.29198463329861],[-75.97481603384266,45.29253624091723],[-75.97513562926791,45.29279546697154],[-75.97595793450257,45.29346244509017],[-75.97633436094597,45.29376775365733],[-75.97663630896747,45.2940126550254],[-75.9766405005066,45.29401605105438],[-75.97615421459552,45.29433193141531],[-75.97585843800003,45.29452380312586],[-75.97578595293975,45.29457090473303],[-75.97482960828492,45.295192331880436],[-75.9748249235707,45.295195380912645],[-75.97480494503878,45.295208354937735],[-75.97467018966132,45.29529310278163],[-75.97405974669653,45.29479833487671],[-75.97359950025059,45.29442529254345],[-75.97233739871744,45.293402293557655],[-75.97226121708978,45.29345202877168],[-75.97222479848985,45.293475804364995],[-75.97220421898498,45.2934892394698],[-75.9721995342708,45.29349229554493],[-75.97134319995484,45.29405126888664],[-75.97131512311064,45.29406959757006],[-75.97124241796313,45.29411705533431],[-75.97103979486594,45.29397591230436],[-75.9710117036487,45.2939563412015],[-75.9709072322761,45.29388355585034],[-75.97047612987295,45.29416373704242],[-75.96959156510087,45.294738616368534],[-75.96917998129221,45.29501309399775],[-75.96835722510328,45.29556176343445],[-75.9682305276139,45.29548257878897],[-75.96756108779282,45.29493916305609],[-75.96615458387437,45.29585315474855],[-75.96558113443129,45.295387226952606],[-75.9654840103794,45.29530836687156],[-75.96535460896104,45.29549611578946],[-75.96508458257316,45.29573782103702],[-75.96494349047968,45.295827148854094],[-75.96478981927729,45.29589841953591],[-75.96469989432408,45.295969989024016],[-75.96464762315433,45.29610472770206],[-75.96458319598216,45.29617641572939],[-75.96429157319652,45.29639643850046],[-75.96437643344817,45.29646535839501],[-75.96541690982093,45.29731107335984],[-75.96554004279524,45.29739880694454],[-75.9653723506879,45.29750197703309],[-75.9654831695563,45.29759180569311],[-75.96648827835803,45.298406521135256],[-75.96665529403396,45.298541895388624],[-75.96582593163441,45.29910201952958],[-75.96715048943601,45.300175167568],[-75.96855559557588,45.29926029203419],[-75.96996491750937,45.29834786989543],[-75.97137787043324,45.29743828609712],[-75.97363129073018,45.29926424443381],[-75.97385514101754,45.29927406319162],[-75.97385838483402,45.29927422495247],[-75.97388777232021,45.2992758684679],[-75.97389101074681,45.29927606877332],[-75.97400379692569,45.29928373851135],[-75.97400812590705,45.29928406771986],[-75.97400896583183,45.29928413912212],[-75.97405574380362,45.2992882286376],[-75.97406304800519,45.2992889685669],[-75.97408252887044,45.29929121299799],[-75.9740846713524,45.29929146890863],[-75.97416285352821,45.29930112021405],[-75.97417231548309,45.299304130480785],[-75.97480948781917,45.29888571577589],[-75.97622994796387,45.297990811257826],[-75.97602953382398,45.29782020126217],[-75.9754942636788,45.29736456368464],[-75.9754974913256,45.29736295486831],[-75.97549619056507,45.29736184398879],[-75.97525051930117,45.297128500675136],[-75.97500481030804,45.296895117223166],[-75.97580207410584,45.29640476139131],[-75.97582211462151,45.29639283850695],[-75.97593836739907,45.29632093400768],[-75.976254810636,45.29657739585679],[-75.97636765071377,45.29666884556002],[-75.9765666562953,45.29683012830348],[-75.9767213201361,45.296955473579274],[-75.97700966496923,45.29718915630415],[-75.97716537265238,45.29737939247022],[-75.97733139479162,45.29727307655753],[-75.9779108216246,45.29690202457424],[-75.97799719463917,45.296846711398096],[-75.97807303760199,45.29690614838438],[-75.97887901865131,45.297537481477775],[-75.97926920458991,45.29784310996089],[-75.97840957345687,45.2983851866977],[-75.97899017798119,45.298854522881236],[-75.97915759879733,45.298752625340725],[-75.97962375256455,45.29845761051844],[-75.97970202636853,45.298411564232936],[-75.97978345775071,45.298368147197735],[-75.979839351826,45.298339832903466],[-75.9798880809386,45.29831873603104],[-75.97992971605538,45.29830070950027],[-75.97995562526481,45.29828949283487],[-75.98000854232326,45.298270146909545],[-75.9800767478095,45.298245211280964],[-75.98020208704617,45.298207221423525],[-75.9824602387697,45.29759002500718],[-75.9825116834894,45.2975759627681]]]},"properties":{"ZONE_CODE":"RG5","ZONE_MAIN":"RG","ZNAME_EN":"Rural Industrial Zone","LABEL":null}},{"type":"Feature","geometry":{"type":"Polygon","coordinates":[[[-75.62538683215652,45.37646684246052],[-75.62528000360462,45.376351982649226],[-75.62454987899282,45.37556694568985],[-75.62033660154556,45.37726693667537],[-75.61975854284677,45.37749868923506],[-75.61948910485538,45.377606511014534],[-75.62030154389329,45.378592965405055],[-75.62035930556605,45.378562008843055],[-75.62080363835672,45.37834216628556],[-75.62538683215652,45.37646684246052]]]},"properties":{"ZONE_CODE":"IG3[1751]","ZONE_MAIN":"IG","ZNAME_EN":"Transportation Zones","LABEL":null}},{"type":"Feature","geometry":{"type":"Polygon","coordinates":[[[-75.52330617926256,45.2527469180464],[-75.52642376898137,45.251498973357776],[-75.52653196117586,45.25145566270842],[-75.52845306141157,45.250661093467194],[-75.53040085688257,45.24985604831176],[-75.53101963082331,45.24960029163597],[-75.53157615600644,45.24936617255029],[-75.53213266052832,45.249132041115764],[-75.53235069332588,45.24904380092794],[-75.53112011008278,45.2483606071138],[-75.5309116551228,45.248454153939285],[-75.52291018032577,45.252044508269066],[-75.52330617926256,45.2527469180464]]]},"properties":{"ZONE_CODE":"RH","ZONE_MAIN":"RH","ZNAME_EN":"Rural Industrial Zone","LABEL":null}},{"type":"Feature","geometry":{"type":"Polygon","coordinates":[[[-75.62050622772573,45.409237175686606],[-75.62178579071137,45.40871998217311],[-75.6214946125918,45.40823556578961],[-75.6201459979069,45.40863769266566],[-75.62050622772573,45.409237175686606]]]},"properties":{"ZONE_CODE":"IH[263]","ZONE_MAIN":"IH","ZNAME_EN":"Industrial Zone","LABEL":null}},{"type":"Feature","geometry":{"type":"Polygon","coordinates":[[[-75.90398337242989,45.35076782948785],[-75.9039936401736,45.35077069118968],[-75.90411111286329,45.35080344197745],[-75.9061352103362,45.34952424252644],[-75.90544525479066,45.34927360175611],[-75.90388767041111,45.35025864185719],[-75.90365540290955,45.3501751390702],[-75.90398337242989,45.35076782948785]]]},"properties":{"ZONE_CODE":"IG[1525]","ZONE_MAIN":"IG","ZNAME_EN":"Transportation Zones","LABEL":null}},{"type":"Feature","geometry":{"type":"Polygon","coordinates":[[[-75.90309095817888,45.34915507366614],[-75.90352802809049,45.3499449513199],[-75.90414435771532,45.34969705737516],[-75.90399913426987,45.3494395423065],[-75.90387679450797,45.34922259668963],[-75.90373514725565,45.34897139396764],[-75.90309095817888,45.34915507366614]]]},"properties":{"ZONE_CODE":"IG[1525]","ZONE_MAIN":"IG","ZNAME_EN":"Transportation Zones","LABEL":null}},{"type":"Feature","geometry":{"type":"Polygon","coordinates":[[[-75.9649477637655,45.25180988005226],[-75.96496895142978,45.251826812115674],[-75.96496934938345,45.251827571636284],[-75.9656227470902,45.25145790207563],[-75.96695678481298,45.25062521438183],[-75.96596867752632,45.24982065252621],[-75.96544773730655,45.24939646361278],[-75.96347054716283,45.25062930044881],[-75.96367843348925,45.25079551730423],[-75.96373506777634,45.25084077630397],[-75.96374674138345,45.25085010573094],[-75.96489484221549,45.25176759034571],[-75.96491764325401,45.25178581000304],[-75.96493195611144,45.25179724772037],[-75.96493366830036,45.25179861561705],[-75.9649477637655,45.25180988005226]]]},"properties":{"ZONE_CODE":"RG1[21r]","ZONE_MAIN":"RG","ZNAME_EN":"Rural Industrial Zone","LABEL":null}},{"type":"Feature","geometry":{"type":"Polygon","coordinates":[[[-75.63889613757361,45.38028091980289],[-75.64110541286087,45.379383208256954],[-75.6410216503505,45.379280620740225],[-75.64100390592871,45.379287282690846],[-75.64098557939859,45.37929311237026],[-75.64096675250687,45.37929808580121],[-75.6409475052036,45.37930218089948],[-75.64092791833713,45.379305381259535],[-75.64090807814577,45.379307672368945],[-75.64088806547787,45.379309044763],[-75.64086797016496,45.37930949150091],[-75.64084787575037,45.379309011951754],[-75.64082786937068,45.37930760927037],[-75.64080803546751,45.379305285980706],[-75.64078845848255,45.37930205470229],[-75.64076922375567,45.379297928685745],[-75.64075041303362,45.379292925598406],[-75.64073210716477,45.37928706626265],[-75.6407143834042,45.379280376548614],[-75.64069731810876,45.37927288485034],[-75.64068098314361,45.379264622716875],[-75.64066544947573,45.37925562548312],[-75.64065078447871,45.37924593290083],[-75.64046579800552,45.37891425136774],[-75.64045641240743,45.37889883312089],[-75.64044570538756,45.37888384836033],[-75.64043371916672,45.37886935324452],[-75.64042049866069,45.37885540140808],[-75.64040609148016,45.37884204459275],[-75.6403905533207,45.37882933517111],[-75.64037394077614,45.37881731857504],[-75.64035631583027,45.378806040236306],[-75.64033774765335,45.37879554180082],[-75.6403183018224,45.378785864283486],[-75.64029805379589,45.3787770417582],[-75.64027707723568,45.37876910893002],[-75.64025545209186,45.37876209482485],[-75.64023325921276,45.378756025313784],[-75.6402105803451,45.37875092311277],[-75.64018750262545,45.37874680904483],[-75.64016411049545,45.37874369573002],[-75.64014049109169,45.37874159705038],[-75.64011673514399,45.37874051931587],[-75.64009292978896,45.37874046757448],[-75.63986928521582,45.378339577937645],[-75.63980791321393,45.378229573672655],[-75.63979207681379,45.378201187598115],[-75.6395163604969,45.37770696057334],[-75.63951049359977,45.37769644300368],[-75.63944989864059,45.3775878219124],[-75.6393116083925,45.376493666376206],[-75.63914655643377,45.3765060311565],[-75.6387241344512,45.37653767854539],[-75.63841722862763,45.37656067026476],[-75.63845360051518,45.3768485518488],[-75.63857979943955,45.377847364388145],[-75.63860523703346,45.37804868902746],[-75.6386161650389,45.37813538076532],[-75.63871432574662,45.378914116335864],[-75.63873463845182,45.3790752678406],[-75.63878060254996,45.379439894653125],[-75.63878322293563,45.37946069315387],[-75.63881952116132,45.379748641370085],[-75.63884538276005,45.379953895915335],[-75.63889613757361,45.38028091980289]]]},"properties":{"ZONE_CODE":"IL","ZONE_MAIN":"IL","ZNAME_EN":"Industrial Zone","LABEL":null}},{"type":"Feature","geometry":{"type":"Polygon","coordinates":[[[-75.64824799853326,45.414913951327996],[-75.64831950622651,45.415290641454725],[-75.64811054910827,45.41530735256146],[-75.64813034438389,45.41543010315364],[-75.6483392952139,45.41541339523615],[-75.64841603649201,45.41588937725217],[-75.64939458839899,45.41581288185432],[-75.64941794818965,45.41581105885253],[-75.64971245816058,45.41578810264533],[-75.64956070665795,45.414811305331575],[-75.64824799853326,45.414913951327996]]]},"properties":{"ZONE_CODE":"IG3[263]","ZONE_MAIN":"IG","ZNAME_EN":"Transportation Zones","LABEL":null}},{"type":"Feature","geometry":{"type":"Polygon","coordinates":[[[-76.05555912147221,45.175491287749864],[-76.0548908503593,45.17589980371238],[-76.0541145864779,45.1752506441545],[-76.05402786401869,45.175181333919234],[-76.0510831317201,45.17697718206807],[-76.050135311179,45.17755504397805],[-76.04945450138138,45.177968931379226],[-76.04864317266114,45.17847855411375],[-76.05100351223986,45.18044741827289],[-76.05200215496815,45.18128037438468],[-76.05785676223735,45.17770042340081],[-76.05805448861791,45.177579504510014],[-76.05765228501743,45.17724294204307],[-76.05719281112265,45.17685844379024],[-76.0567625854752,45.17649841470265],[-76.05618689743042,45.176016657536145],[-76.05555912147221,45.175491287749864]]]},"properties":{"ZONE_CODE":"RG1","ZONE_MAIN":"RG","ZNAME_EN":"Rural Industrial Zone","LABEL":null}},{"type":"Feature","geometry":{"type":"Polygon","coordinates":[[[-76.13722076432757,45.49102125528971],[-76.13708775347838,45.49110214380591],[-76.13650975317007,45.49145363923184],[-76.1370906038328,45.491859869124],[-76.1376712191369,45.49150678426967],[-76.1378035319951,45.49142632140462],[-76.13722076432757,45.49102125528971]]]},"properties":{"ZONE_CODE":"RG2","ZONE_MAIN":"RG","ZNAME_EN":"Rural Industrial Zone","LABEL":null}},{"type":"Feature","geometry":{"type":"Polygon","coordinates":[[[-75.74774821741738,45.36977274537613],[-75.74655838984042,45.370286106238176],[-75.74536855148368,45.370799449819145],[-75.74536855148368,45.37079945171242],[-75.74536852812747,45.370799459916455],[-75.74529411887586,45.370831561721324],[-75.74537423512447,45.370959622927465],[-75.74531993196555,45.370955430669945],[-75.7454583776222,45.37118668277809],[-75.74568699437042,45.37156854518648],[-75.74584912680447,45.37186595923675],[-75.7445017652694,45.37253837484263],[-75.74442648734689,45.37296118371272],[-75.74456962041269,45.37312529226712],[-75.74471275527513,45.37328940034537],[-75.74505314759753,45.37367965412429],[-75.74533066773152,45.373997824137575],[-75.74539354441151,45.37406990710339],[-75.74546314228645,45.374045700241666],[-75.7458678467967,45.37450733643474],[-75.74599054678302,45.37445421173146],[-75.74611324676937,45.37440108760933],[-75.74709407321065,45.37397641277558],[-75.74706592899278,45.373927897994484],[-75.74718410775832,45.373893543850066],[-75.74723401546056,45.373979579360665],[-75.74735860550226,45.37388180765175],[-75.74815966288551,45.37288455004068],[-75.7489606933193,45.37188728620347],[-75.74891522868445,45.37180735310729],[-75.74887519885708,45.371736966729856],[-75.7488351690297,45.37166658089591],[-75.74875511027328,45.37152581212056],[-75.7487477890037,45.371512928140575],[-75.74871104251869,45.371448961938576],[-75.74867429603368,45.37138499503319],[-75.74863749115818,45.371288269579],[-75.74818694651732,45.370536566854994],[-75.74774821741738,45.36977274537613]]]},"properties":{"ZONE_CODE":"IG3[266]-h S134","ZONE_MAIN":"IG","ZNAME_EN":"Transportation Zones","LABEL":null}},{"type":"Feature","geometry":{"type":"Polygon","coordinates":[[[-76.23831257511297,45.37444187805455],[-76.23673026730016,45.37324285196852],[-76.23655638220723,45.3733520354698],[-76.235355253824,45.37410621737652],[-76.23693632914824,45.375304341084004],[-76.23813773780584,45.374551446698845],[-76.23831257511297,45.37444187805455]]]},"properties":{"ZONE_CODE":"RG1[96r]","ZONE_MAIN":"RG","ZNAME_EN":"Rural Industrial Zone","LABEL":null}},{"type":"Feature","geometry":{"type":"Polygon","coordinates":[[[-75.64974453430445,45.369304929958574],[-75.6490312926301,45.36806238841004],[-75.64838149626932,45.368338166317606],[-75.64817349136528,45.36845536740317],[-75.64801699855458,45.36854354306241],[-75.64768314057757,45.36873165269548],[-75.6474832456639,45.36884428125922],[-75.6471681678662,45.3690218094924],[-75.64681163371647,45.36922269285951],[-75.64640432229528,45.36945218245977],[-75.64594469838184,45.36971114191104],[-75.64528762207402,45.36997737033274],[-75.645562073563,45.37050973948261],[-75.64577572887018,45.370715743841735],[-75.64560654825439,45.37078468883919],[-75.6457590920711,45.370931780980314],[-75.64617148077026,45.37076348325539],[-75.64671173297204,45.37054295973205],[-75.64706389861455,45.37039920691373],[-75.64732477386463,45.37029271876156],[-75.6476113202706,45.37017574930573],[-75.64814215453492,45.369959059256566],[-75.64852689219134,45.369802003432895],[-75.64894549184237,45.36963112243501],[-75.64974453430445,45.369304929958574]]]},"properties":{"ZONE_CODE":"IH","ZONE_MAIN":"IH","ZNAME_EN":"Industrial Zone","LABEL":null}},{"type":"Feature","geometry":{"type":"Polygon","coordinates":[[[-75.44788613610416,45.459251218693645],[-75.44771038700704,45.45929634404803],[-75.44718688569037,45.45943069410626],[-75.44704472550004,45.45917529810344],[-75.44686897460628,45.45922040146528],[-75.44550989275166,45.4595490685524],[-75.44625671075639,45.46080361044512],[-75.44826364501748,45.46029027284982],[-75.4482892362233,45.460283583275],[-75.44843908239922,45.46024441235518],[-75.44788613610416,45.459251218693645]]]},"properties":{"ZONE_CODE":"RH[35r]","ZONE_MAIN":"RH","ZNAME_EN":"Rural Industrial Zone","LABEL":null}},{"type":"Feature","geometry":{"type":"Polygon","coordinates":[[[-75.35038810298653,45.38058646353293],[-75.35044478578266,45.38069305849687],[-75.35044612966232,45.38069558427101],[-75.35087036624176,45.38149670011848],[-75.35105201277874,45.381839707334116],[-75.35185349865837,45.38332013323721],[-75.35181448752054,45.38333060370214],[-75.35209326170265,45.383831052437856],[-75.35316300518738,45.383535363837666],[-75.35328255118876,45.38350232346652],[-75.35305381676125,45.38307576547454],[-75.35298710696993,45.382951359639385],[-75.3525754252449,45.38218361220872],[-75.35203457656178,45.381174946141805],[-75.3515472611814,45.38026608558064],[-75.35038810298653,45.38058646353293]]]},"properties":{"ZONE_CODE":"RH[664r]","ZONE_MAIN":"RH","ZNAME_EN":"Rural Industrial Zone","LABEL":null}},{"type":"Feature","geometry":{"type":"Polygon","coordinates":[[[-75.71470577108757,45.32735788595006],[-75.71477187900764,45.32743322910867],[-75.7150576142349,45.327310246962774],[-75.7150573842662,45.327310548851244],[-75.71538521364934,45.32716924530446],[-75.7157992651301,45.32662858569743],[-75.7158566647818,45.326553742938515],[-75.71647744196564,45.32574774113049],[-75.7165936013184,45.32588051555472],[-75.71718276858401,45.32511140736944],[-75.71774369102047,45.324379150735425],[-75.71789704062597,45.32417895766865],[-75.71801285772061,45.3240277440489],[-75.71792644338355,45.323866289196175],[-75.71769974992834,45.32416064819304],[-75.71760483034215,45.32398329880326],[-75.71730814375326,45.32411165488987],[-75.71675476357194,45.32435106354468],[-75.71336025289544,45.325819519253386],[-75.71342662941179,45.32589554214516],[-75.71345723501352,45.325930534910675],[-75.71385994616213,45.326390931712346],[-75.71433215187943,45.32693076749408],[-75.71470577108757,45.32735788595006]]]},"properties":{"ZONE_CODE":"IG","ZONE_MAIN":"IG","ZNAME_EN":"Transportation Zones","LABEL":null}},{"type":"Feature","geometry":{"type":"Polygon","coordinates":[[[-75.64663085585038,45.41596107890314],[-75.64664244860911,45.41602816212568],[-75.64768390953544,45.415946660136505],[-75.64761555672548,45.4154441355052],[-75.64674911905753,45.41550775114269],[-75.64668277488055,45.41503632379258],[-75.6464875997154,45.41505158147206],[-75.64585772708931,45.415100818926675],[-75.64603394600532,45.41517888103248],[-75.64603892267199,45.41518108555883],[-75.64629163942267,45.41529342296113],[-75.64631365623197,45.41530327205281],[-75.64650525340734,45.41538916445901],[-75.64654348480752,45.41540638567808],[-75.64661869535638,45.41588389690358],[-75.6466234393594,45.4159140340848],[-75.64663085585038,45.41596107890314]]]},"properties":{"ZONE_CODE":"IG3[263]","ZONE_MAIN":"IG","ZNAME_EN":"Transportation Zones","LABEL":null}},{"type":"Feature","geometry":{"type":"Polygon","coordinates":[[[-75.62299548902241,45.44798214231108],[-75.62290507358907,45.447979892429444],[-75.62260351094481,45.448058784445664],[-75.62166239722562,45.44830498301723],[-75.62152511219234,45.448052331642295],[-75.62028431959602,45.44849613393848],[-75.6197849991302,45.447811597873674],[-75.61855319058505,45.44820308718811],[-75.6169632048715,45.44871607350662],[-75.6167898488863,45.44877200342231],[-75.61655498525359,45.44884777479486],[-75.61642754216253,45.448887661356025],[-75.61642813864388,45.44888869930997],[-75.61670920981818,45.449377970517865],[-75.61771152306274,45.451213769011126],[-75.61881324836823,45.45324117949082],[-75.62023123814589,45.455846295425495],[-75.62151232197931,45.45817037321695],[-75.62219382886961,45.45943279798017],[-75.62482331538553,45.45906616762859],[-75.62732397899813,45.45871743852869],[-75.62697611808245,45.458078187504256],[-75.62573263952345,45.45579275442272],[-75.6228330879921,45.4504593821708],[-75.62431421316457,45.45001071886309],[-75.62431651375,45.45000404823505],[-75.62388143899665,45.44933871387697],[-75.62351506739624,45.448778430935],[-75.62352162330117,45.44877764758389],[-75.62352175715016,45.448777631828655],[-75.62341165783229,45.448611365784394],[-75.62299548902241,45.44798214231108]]]},"properties":{"ZONE_CODE":"IL[249]","ZONE_MAIN":"IL","ZNAME_EN":"Industrial Zone","LABEL":null}},{"type":"Feature","geometry":{"type":"Polygon","coordinates":[[[-75.57928103915096,45.25451352272481],[-75.57804626077548,45.255071256833354],[-75.57757379634337,45.2552820173817],[-75.57482345677734,45.25650883797595],[-75.57440381058899,45.25669601466142],[-75.573460264232,45.25712556385129],[-75.57439447619487,45.257623384463066],[-75.57453608661625,45.257701297201145],[-75.574276199513,45.25785822705399],[-75.57406769155239,45.2581518785198],[-75.57400997659202,45.25813362169998],[-75.57392355866168,45.258107637717835],[-75.57338309445753,45.25794506556384],[-75.57266922126753,45.25773032545945],[-75.5725859007283,45.25770387272774],[-75.57235262711363,45.257629796413646],[-75.57153606301195,45.258001510618904],[-75.568705654808,45.25926323366669],[-75.56958288842904,45.260798311667706],[-75.56972158202069,45.26103218192171],[-75.57067926247036,45.26264505355763],[-75.57322201395066,45.26154226269944],[-75.5733253058353,45.26149746242518],[-75.57475846186989,45.260875857737894],[-75.57535652335514,45.26061644915124],[-75.577785338813,45.25956591752327],[-75.58138493307221,45.25799725118937],[-75.5804185030317,45.2563476922673],[-75.58307836068906,45.25519877424544],[-75.58186225828834,45.25340581203656],[-75.57928103915096,45.25451352272481]]]},"properties":{"ZONE_CODE":"RG3","ZONE_MAIN":"RG","ZNAME_EN":"Rural Industrial Zone","LABEL":null}},{"type":"Feature","geometry":{"type":"Polygon","coordinates":[[[-75.59467381886805,45.37580575060974],[-75.59467528402027,45.37580834601494],[-75.59565288910294,45.37754666586026],[-75.59595861633686,45.37809038989767],[-75.59654791026492,45.3791384190145],[-75.59865281119762,45.378298568193],[-75.59946382730413,45.37797494087454],[-75.59877409723572,45.37674825851866],[-75.59873727529224,45.376682768657545],[-75.59832808818872,45.375955002935974],[-75.59819332292982,45.37599267437694],[-75.59807430334118,45.37602591853978],[-75.59746981081682,45.37619475274795],[-75.59678262926886,45.37497260992665],[-75.5967811838796,45.37497003909342],[-75.59678131144034,45.37496998924173],[-75.59678115603181,45.374969958321095],[-75.59532740162774,45.37554652248041],[-75.59467381886805,45.37580575060974]]]},"properties":{"ZONE_CODE":"IH","ZONE_MAIN":"IH","ZNAME_EN":"Industrial Zone","LABEL":null}},{"type":"Feature","geometry":{"type":"Polygon","coordinates":[[[-75.9016124947146,45.33861483028119],[-75.90172590971416,45.339154113237235],[-75.9018581021981,45.33978270769827],[-75.90187709527817,45.33987299217429],[-75.90297580943081,45.339758047322746],[-75.90291446437838,45.33967625536932],[-75.90266552863673,45.339081039891504],[-75.90254390213717,45.33851347653606],[-75.9016124947146,45.33861483028119]]]},"properties":{"ZONE_CODE":"IG6[300]","ZONE_MAIN":"IG","ZNAME_EN":"Transportation Zones","LABEL":null}},{"type":"Feature","geometry":{"type":"Polygon","coordinates":[[[-75.89078457597897,45.31650819300511],[-75.8908894488985,45.316627788134674],[-75.89125940747186,45.31708826116922],[-75.89167165603385,45.31755902802054],[-75.89283730994651,45.31685997228037],[-75.89291389042619,45.31681404516903],[-75.89174144435164,45.31598222840876],[-75.8914891587923,45.31612096424298],[-75.89125262788642,45.31625103359572],[-75.89078457597897,45.31650819300511]]]},"properties":{"ZONE_CODE":"IL1[302]","ZONE_MAIN":"IL","ZNAME_EN":"Industrial Zone","LABEL":null}},{"type":"Feature","geometry":{"type":"Polygon","coordinates":[[[-75.7228712036953,45.323198118137135],[-75.72288175351001,45.322923970234],[-75.7228923033247,45.32264981847779],[-75.72152293216683,45.32262854053516],[-75.72149565033166,45.32317674502708],[-75.7228712036953,45.323198118137135]]]},"properties":{"ZONE_CODE":"IP[286]","ZONE_MAIN":"IP","ZNAME_EN":"Industrial Zone","LABEL":null}},{"type":"Feature","geometry":{"type":"Polygon","coordinates":[[[-75.90493523898304,45.270774991888516],[-75.90485447235417,45.27062090595926],[-75.90475915481433,45.27056145786477],[-75.90312579215065,45.26954272706977],[-75.90207283278868,45.27020644775121],[-75.90198830042212,45.2702599016827],[-75.90365326222424,45.27158084238957],[-75.90374658460584,45.271522182373964],[-75.90389379871797,45.27142964395666],[-75.90405471213818,45.271328494966006],[-75.90421115643986,45.271230151457694],[-75.90439015294673,45.271117635300335],[-75.90455382599151,45.271014751015635],[-75.9048586180792,45.27082315317802],[-75.90493523898304,45.270774991888516]]]},"properties":{"ZONE_CODE":"IL[308]","ZONE_MAIN":"IL","ZNAME_EN":"Industrial Zone","LABEL":null}},{"type":"Feature","geometry":{"type":"Polygon","coordinates":[[[-75.7014051092767,45.3380349522103],[-75.70167328333848,45.33792195037998],[-75.70244664925477,45.337596067616985],[-75.70333301964055,45.33722255611702],[-75.70362546348635,45.3370955576929],[-75.70362872437084,45.33709414070406],[-75.70367389615491,45.337074521972724],[-75.70375026014057,45.33704277736205],[-75.7033715609595,45.336619011752546],[-75.70305254584592,45.336262024957804],[-75.70299818249988,45.33628511766363],[-75.70294315350219,45.336308922653075],[-75.70293991866886,45.3363103289266],[-75.70139667229955,45.33697867683601],[-75.70134199005157,45.33700236092545],[-75.7011711044334,45.3370763746673],[-75.70124092149727,45.33736238034536],[-75.7014051092767,45.3380349522103]]]},"properties":{"ZONE_CODE":"IG","ZONE_MAIN":"IG","ZNAME_EN":"Transportation Zones","LABEL":null}},{"type":"Feature","geometry":{"type":"Polygon","coordinates":[[[-75.62428100424513,45.38618885831627],[-75.62564697438134,45.38563663297407],[-75.62459179348568,45.384340638283334],[-75.62339084566379,45.38286552075327],[-75.62202491954505,45.383417618585035],[-75.62322583233264,45.384892755148435],[-75.62428100424513,45.38618885831627]]]},"properties":{"ZONE_CODE":"IL[419]","ZONE_MAIN":"IL","ZNAME_EN":"Industrial Zone","LABEL":null}},{"type":"Feature","geometry":{"type":"Polygon","coordinates":[[[-75.58270160815721,45.466795675277574],[-75.58313052945086,45.46665324965758],[-75.58355944894788,45.46651082241768],[-75.58434921001646,45.46629957651239],[-75.58541098274965,45.46601555843881],[-75.58620073034349,45.46580429870714],[-75.58726248511039,45.46552026364764],[-75.58872964687008,45.46515642546905],[-75.58988084688984,45.46487092484502],[-75.59019679066348,45.46479256856143],[-75.5923341701853,45.464262446559495],[-75.59251489145751,45.46421724894519],[-75.5934746128795,45.463956347279606],[-75.59389507114489,45.46384204270568],[-75.59540928486251,45.46343037887033],[-75.59412511801104,45.46108398460477],[-75.59380999260262,45.46050816529421],[-75.59279205765527,45.45864803434205],[-75.59244679736234,45.457984844133954],[-75.59230594332243,45.458018946154354],[-75.5906669994259,45.458455752768636],[-75.58904091940425,45.4588890999168],[-75.58723545929507,45.45937021667725],[-75.58668727946093,45.45951615643741],[-75.58659615076526,45.45954041237946],[-75.58607037221934,45.45968038665408],[-75.58596102479139,45.459709494832644],[-75.5858695897702,45.459733836383435],[-75.58562849362603,45.45979802022387],[-75.58559058382272,45.45980811232514],[-75.58538287087116,45.45986340619573],[-75.58526894652682,45.45989373412603],[-75.58514167591231,45.459927613201856],[-75.58511895572215,45.459933662022046],[-75.58229301124685,45.46068588572193],[-75.58220174151568,45.460710176445055],[-75.58004812135185,45.461936606190385],[-75.58270160815721,45.466795675277574]]]},"properties":{"ZONE_CODE":"IH","ZONE_MAIN":"IH","ZNAME_EN":"Industrial Zone","LABEL":null}},{"type":"Feature","geometry":{"type":"Polygon","coordinates":[[[-75.97714854451216,45.27872910224204],[-75.97456857133807,45.27670108146935],[-75.97447325469653,45.27676162999091],[-75.96191978997942,45.284734114649964],[-75.96176640893287,45.28483150818708],[-75.9628030090752,45.28567214321161],[-75.96407859342243,45.286706537245465],[-75.96434576047277,45.28692318071098],[-75.9644669602726,45.286838539810724],[-75.96450139718903,45.28681449093169],[-75.96537959021077,45.28620124201889],[-75.96669057626505,45.285386488377775],[-75.96924604788978,45.28377947987446],[-75.97015938839533,45.28319656093528],[-75.97075666295639,45.28281606107565],[-75.9738104013231,45.280870516562246],[-75.976165156974,45.279354135266374],[-75.97705326020996,45.27878966503442],[-75.97714854451216,45.27872910224204]]]},"properties":{"ZONE_CODE":"RH1[200r]","ZONE_MAIN":"RH","ZNAME_EN":"Rural Industrial Zone","LABEL":null}},{"type":"Feature","geometry":{"type":"Polygon","coordinates":[[[-75.43808332895671,45.34010793193071],[-75.43454582714821,45.341044450900874],[-75.43446739074919,45.3410615268217],[-75.43437894082969,45.3410716262629],[-75.43430461871465,45.34107202152703],[-75.4342087316429,45.34106566446731],[-75.43411205225709,45.34104885310962],[-75.43408174399771,45.34113702412632],[-75.43403373802893,45.34127667831018],[-75.43372104615663,45.34218632893654],[-75.43490885971075,45.341857833975574],[-75.43533164910427,45.34174090170264],[-75.43575704720537,45.34162324749095],[-75.43618517438831,45.34150483597714],[-75.43634324913224,45.34146111667332],[-75.43661598843227,45.34138563053481],[-75.43704965911884,45.34126560463968],[-75.43748617476992,45.34114478228017],[-75.4379256602513,45.341023140720324],[-75.43836823683557,45.34090064396428],[-75.43848771995489,45.34086757110807],[-75.43808332895671,45.34010793193071]]]},"properties":{"ZONE_CODE":"RG2","ZONE_MAIN":"RG","ZNAME_EN":"Rural Industrial Zone","LABEL":null}},{"type":"Feature","geometry":{"type":"Polygon","coordinates":[[[-75.71260191040396,45.32839057730604],[-75.71229254678978,45.32852732305171],[-75.71208723952655,45.32857462629299],[-75.71212875876066,45.328681572523514],[-75.71214894210847,45.3287985545012],[-75.71174562459704,45.329324910414506],[-75.71171146436173,45.32936949230324],[-75.7114068115129,45.32939564827494],[-75.71095691815061,45.32943427340318],[-75.71028960913338,45.32949155487463],[-75.71004408249824,45.3295126306725],[-75.71034245522492,45.32993733866307],[-75.71053338495204,45.3302091090056],[-75.71074210132178,45.33050618851515],[-75.7111574140372,45.33109730712598],[-75.71104807020251,45.331149820180286],[-75.71054714265063,45.33139039329473],[-75.7100530135488,45.33162769917814],[-75.70994561636333,45.3316793225647],[-75.71002468158306,45.331800667176964],[-75.71014584275531,45.33179674672722],[-75.71165688811496,45.33174757373106],[-75.71177210872824,45.33174382378707],[-75.71187085244259,45.33174061000031],[-75.7122269904353,45.33127955379661],[-75.7123105912489,45.331171323533525],[-75.71261496202673,45.330777276604984],[-75.71263413566814,45.33075245253114],[-75.71271525174166,45.33064743700445],[-75.71274244194868,45.33061223559061],[-75.71288811814505,45.33042363546504],[-75.71292661993812,45.33037378869554],[-75.71299338722163,45.330287347737915],[-75.713017059626,45.33025669882137],[-75.71343780984382,45.32971196178569],[-75.7136877822413,45.32938558906451],[-75.71377479036477,45.3292719876908],[-75.71424766712359,45.32865456868091],[-75.7143085046279,45.328575132165895],[-75.71431749586557,45.328563392881975],[-75.71425044291782,45.3284882286929],[-75.71419903682568,45.3284306083258],[-75.71419870175409,45.32843023255157],[-75.71372414963726,45.32789828218315],[-75.71260191040396,45.32839057730604]]]},"properties":{"ZONE_CODE":"IG5[1]","ZONE_MAIN":"IG","ZNAME_EN":"Transportation Zones","LABEL":null}},{"type":"Feature","geometry":{"type":"Polygon","coordinates":[[[-75.58699560911421,45.315033301469676],[-75.58692231287525,45.31490550029806],[-75.58615554328807,45.31395234368704],[-75.58578710286753,45.314099857722525],[-75.58538847186695,45.31360430887777],[-75.58526409472599,45.31344968606763],[-75.583808776355,45.314031836714534],[-75.58393533550381,45.31418927916247],[-75.5850981633166,45.315635824470746],[-75.58519253762539,45.31575697667357],[-75.58699560911421,45.315033301469676]]]},"properties":{"ZONE_CODE":"RG","ZONE_MAIN":"RG","ZNAME_EN":"Rural Industrial Zone","LABEL":null}},{"type":"Feature","geometry":{"type":"Polygon","coordinates":[[[-75.44229177346773,45.34551951339371],[-75.44235549186915,45.345624185029735],[-75.44239285010688,45.345614046624846],[-75.44339104906743,45.3453431488855],[-75.4431024473161,45.344801879237814],[-75.44288650130495,45.34439686987942],[-75.44279002134512,45.34421591870629],[-75.44278808817064,45.34421645979664],[-75.4426091823936,45.34426650084216],[-75.44253700276053,45.34428668974004],[-75.44175010911437,45.34450222168698],[-75.44175695697177,45.344515073304855],[-75.44176224984541,45.3445250079728],[-75.44179206043812,45.34458095461078],[-75.44188670244488,45.34475856971444],[-75.44188684078543,45.34475882983941],[-75.44188685875174,45.344758864564795],[-75.44192580970245,45.34483196467663],[-75.44193759380236,45.34485407968324],[-75.44209214984531,45.34514413417569],[-75.44212195684474,45.34520007325679],[-75.44217645314144,45.3453031519179],[-75.44229163872043,45.34551929178535],[-75.44229200163981,45.34551919266142],[-75.44229212201405,45.34551941805792],[-75.44229177346773,45.34551951339371]]]},"properties":{"ZONE_CODE":"RH","ZONE_MAIN":"RH","ZNAME_EN":"Rural Industrial Zone","LABEL":null}},{"type":"Feature","geometry":{"type":"Polygon","coordinates":[[[-75.57726913630803,45.28952946919863],[-75.57716045273506,45.289338626532846],[-75.57632977520194,45.289693968195365],[-75.57600425179412,45.28982857895654],[-75.57609404918655,45.290027958674244],[-75.57726913630803,45.28952946919863]]]},"properties":{"ZONE_CODE":"RG3[900r]-h","ZONE_MAIN":"RG","ZNAME_EN":"Rural Industrial Zone","LABEL":null}},{"type":"Feature","geometry":{"type":"Polygon","coordinates":[[[-75.80097673075119,45.27682186301579],[-75.80328954226482,45.27955015680214],[-75.80382061458269,45.28013221184427],[-75.80410628153798,45.27960502731287],[-75.8046156559485,45.27866398062273],[-75.80464340580593,45.27861270906],[-75.80474265167854,45.2784293562074],[-75.80559820805344,45.27685060778622],[-75.80564247343739,45.276768923496434],[-75.80617794660182,45.27654809699915],[-75.80620455020897,45.27649901702289],[-75.80666211877704,45.276310326553066],[-75.80670085592871,45.276294349359866],[-75.80687190953185,45.27622379806642],[-75.80700795578838,45.276448069052236],[-75.80705304043585,45.276631015525766],[-75.80718642857744,45.27657797215883],[-75.80726871156253,45.27654382568633],[-75.80727203712568,45.27654244574312],[-75.80869257542382,45.275952892750304],[-75.80891441887482,45.275860820490486],[-75.80990007465907,45.2754517307837],[-75.80826836040396,45.27268719778299],[-75.80768676144461,45.27376031906198],[-75.80762363682959,45.27387678857418],[-75.80755413327775,45.27400502740059],[-75.80720588698482,45.274647553556626],[-75.80758317491255,45.275282075164256],[-75.80758346955999,45.275282573927164],[-75.80673580129158,45.275638503030045],[-75.80664941929386,45.27567483725602],[-75.80655042315291,45.27571328470548],[-75.80615382773476,45.275081725107086],[-75.80627156003759,45.27503934084227],[-75.80636241834036,45.275001244410866],[-75.8066676649756,45.27487324552411],[-75.80733835075998,45.2736358157717],[-75.80747097892684,45.27339110773753],[-75.80805156099328,45.27231986400159],[-75.8081803129297,45.27208229836715],[-75.80796105662672,45.27216651622788],[-75.8069763189207,45.272544757305084],[-75.80686324617926,45.27258818905155],[-75.80647133008542,45.27197078780501],[-75.8046694883902,45.27265198881202],[-75.80225341104308,45.27365446081236],[-75.80220192320424,45.27357033872003],[-75.80195185558536,45.273161762891405],[-75.80152048548423,45.2724569524008],[-75.80112549266056,45.27181155029189],[-75.79953669362149,45.27127317707963],[-75.7994236945419,45.271088541184575],[-75.79927241285817,45.270841330054],[-75.79924137516679,45.27079061723829],[-75.79922884277025,45.27077013093462],[-75.79904324903593,45.270283401874245],[-75.7990353133187,45.27028490208791],[-75.79589212251263,45.270878915303655],[-75.79661009022367,45.271718705736504],[-75.79938150067302,45.27496744087873],[-75.80097673075119,45.27682186301579]]]},"properties":{"ZONE_CODE":"RG","ZONE_MAIN":"RG","ZNAME_EN":"Rural Industrial Zone","LABEL":null}},{"type":"Feature","geometry":{"type":"Polygon","coordinates":[[[-75.92531713602399,45.1894314426019],[-75.9238304601614,45.19031197262916],[-75.92393583883242,45.19040188230678],[-75.92461638362705,45.1909826265097],[-75.92610430455464,45.190103138800666],[-75.92542374987855,45.18952240335065],[-75.92531713602399,45.1894314426019]]]},"properties":{"ZONE_CODE":"RG1","ZONE_MAIN":"RG","ZNAME_EN":"Rural Industrial Zone","LABEL":null}},{"type":"Feature","geometry":{"type":"Polygon","coordinates":[[[-75.90322009818749,45.348110456250886],[-75.90266950098692,45.34838931066676],[-75.90284808247213,45.34871569066286],[-75.90287001753475,45.348755778655644],[-75.90309095817888,45.34915507366614],[-75.90373514725565,45.34897139396764],[-75.90387679450797,45.34922259668963],[-75.90399913426987,45.3494395423065],[-75.90414435771532,45.34969705737516],[-75.90352802809049,45.3499449513199],[-75.90365540290955,45.3501751390702],[-75.90388767041111,45.35025864185719],[-75.90544525479066,45.34927360175611],[-75.9061352103362,45.34952424252644],[-75.90411111286329,45.35080344197745],[-75.90487272252749,45.3510157717722],[-75.90638360080048,45.35146864224537],[-75.90791555265172,45.351921601894716],[-75.90845981313628,45.352078291340504],[-75.90941594578871,45.350971326240455],[-75.90958856785034,45.350771540925116],[-75.9097476208596,45.350587292615],[-75.90881882034799,45.35002449548601],[-75.90814963654677,45.34926716038902],[-75.90848579331261,45.349027146814194],[-75.90843538255382,45.348960045913486],[-75.90844980051412,45.34891437778515],[-75.90839753293761,45.34879365003378],[-75.90826910259808,45.34862804976961],[-75.90822571217323,45.34853128414134],[-75.90819834589641,45.34835789185336],[-75.90800503743043,45.34813717429229],[-75.90752164229795,45.3477273483273],[-75.9073629558013,45.34749450467337],[-75.90719279063201,45.34736268815744],[-75.9070456609615,45.3472853638408],[-75.90687709569168,45.34726928353144],[-75.90670023897182,45.34732043114741],[-75.9065715283579,45.34733465718943],[-75.9064380458932,45.34729166338124],[-75.90631693592493,45.34721777915994],[-75.90624011290014,45.34704701492861],[-75.90646471417905,45.346904516869664],[-75.90670881698448,45.34680358581511],[-75.9066259411113,45.34664390495056],[-75.90608562872242,45.34659181853603],[-75.90581765678158,45.34648310866803],[-75.90548948334367,45.3465127588434],[-75.90526779530123,45.34664796768888],[-75.90502238365045,45.34669829511185],[-75.90457661445365,45.34673475995793],[-75.90433842974932,45.34704585514654],[-75.90414534406553,45.3471246476671],[-75.90393717746473,45.347181565268706],[-75.9033359494181,45.34768655629499],[-75.90317959315132,45.347749714737915],[-75.90348042995683,45.347977822327444],[-75.90335308568046,45.34804310804295],[-75.90322752366163,45.34810669981442],[-75.90322009818749,45.348110456250886]]]},"properties":{"ZONE_CODE":"IP6[1549]","ZONE_MAIN":"IP","ZNAME_EN":"Industrial Zone","LABEL":null}},{"type":"Feature","geometry":{"type":"Polygon","coordinates":[[[-76.2304134480712,45.37304373090393],[-76.23042250488588,45.37286910301426],[-76.2302589001131,45.37252014221614],[-76.23009043096302,45.37236132842013],[-76.2300258124497,45.372182451985175],[-76.2299774884773,45.37196209113034],[-76.22916689008741,45.37118388079882],[-76.22858471530797,45.37084302340169],[-76.2282495035698,45.37059650588635],[-76.22792148104887,45.369875704184196],[-76.22791378248688,45.36986557832776],[-76.22725097582585,45.36899377726104],[-76.22709382005847,45.368787064212306],[-76.22668680597965,45.368466002184114],[-76.22660080846087,45.36839816510944],[-76.22534964661125,45.36918709701023],[-76.22543663946335,45.36925343364994],[-76.22544251534364,45.36925791444534],[-76.22547010709759,45.36927892621558],[-76.22634329380826,45.36994398945419],[-76.2304134480712,45.37304373090393]]]},"properties":{"ZONE_CODE":"RG1[21r]","ZONE_MAIN":"RG","ZNAME_EN":"Rural Industrial Zone","LABEL":null}},{"type":"Feature","geometry":{"type":"Polygon","coordinates":[[[-75.91067889173821,45.34884364473439],[-75.90985624873701,45.34821904935376],[-75.90915057177567,45.347683243661464],[-75.90839676847132,45.34681260336365],[-75.9102221541118,45.346278562883285],[-75.91025915392171,45.34623018597352],[-75.91045334453331,45.3459762810192],[-75.91004154692561,45.34581962582064],[-75.90986022198551,45.345632978001525],[-75.90964894541722,45.34499603171901],[-75.90943954542954,45.34518093780399],[-75.90913492492007,45.345316984495106],[-75.90852132258041,45.34534181607463],[-75.9083468922101,45.345452891959305],[-75.90800194812415,45.3454576486515],[-75.90775607833258,45.345339312082125],[-75.9067655303233,45.345289686160505],[-75.90645936560985,45.34536522896738],[-75.90597676009651,45.34538736270658],[-75.9056398828818,45.345524641952906],[-75.90530294368335,45.34546598012256],[-75.90447092586383,45.345430276515195],[-75.90423219318718,45.345566636394096],[-75.90382630290077,45.34563550218457],[-75.90365751484879,45.34575288288693],[-75.90356602413205,45.34581649238396],[-75.90343475781116,45.345858564897114],[-75.90339773015346,45.345864683396385],[-75.90331388948968,45.34587853730256],[-75.90141423563307,45.34619242021065],[-75.90246672607446,45.34802423997446],[-75.90292136074481,45.34771894269115],[-75.90304131278471,45.347648867895785],[-75.90317959315132,45.347749714737915],[-75.9033359494181,45.34768655629499],[-75.90393717387146,45.34718156400599],[-75.90414534406553,45.3471246476671],[-75.90433842974932,45.34704585514654],[-75.90457661445365,45.34673475995793],[-75.90502238365045,45.34669829511185],[-75.90526779530123,45.34664796768888],[-75.90548948334367,45.3465127588434],[-75.90581765678158,45.34648310866803],[-75.90608562872242,45.34659181853603],[-75.9066259411113,45.34664390495056],[-75.90670881428953,45.34680358581511],[-75.90646471417905,45.346904516869664],[-75.90624011020519,45.34704701492861],[-75.90631693592493,45.34721777915994],[-75.9064380458932,45.34729166338124],[-75.9065715283579,45.34733465718943],[-75.90670023897182,45.34732043114741],[-75.90687709569168,45.34726928353144],[-75.9070456609615,45.3472853638408],[-75.90719279063201,45.34736268815744],[-75.9073629558013,45.34749450467337],[-75.90752164229795,45.3477273483273],[-75.90800503743043,45.34813717429229],[-75.90819834589641,45.34835789185336],[-75.90822571307153,45.348531281616026],[-75.90826910259808,45.34862804976961],[-75.90839753293761,45.34879365003378],[-75.90844980051412,45.34891437778515],[-75.90843538345212,45.348960045282155],[-75.90848579331261,45.349027146814194],[-75.90814963654677,45.34926716038902],[-75.90881882034799,45.35002449548601],[-75.9097476208596,45.350587292615],[-75.90958856785034,45.350771540925116],[-75.90941594578871,45.350971326240455],[-75.90845981313628,45.352078291340504],[-75.90938468801009,45.3523445497181],[-75.91049661817719,45.35270630040661],[-75.91196548763423,45.35315888022191],[-75.9127360651799,45.353443390604106],[-75.91344026620921,45.352523904902455],[-75.91316674357824,45.352471732362304],[-75.91331300996775,45.352379762873916],[-75.91337557133907,45.35234031946638],[-75.91340316488967,45.35232292246614],[-75.9134278937128,45.352307329047605],[-75.91347259837293,45.352279140812584],[-75.91532472596109,45.35111137597944],[-75.91576499297679,45.3508316732448],[-75.91591199778146,45.35073828318138],[-75.91320357719984,45.34874917939796],[-75.91264845069361,45.349094414304574],[-75.91265280662442,45.34909767950625],[-75.91264659567254,45.34910161012203],[-75.91264454931033,45.34910290496502],[-75.91257653067365,45.34914594222138],[-75.912566624951,45.349152209988624],[-75.91188520070571,45.349583366694766],[-75.91175625832645,45.34953117502966],[-75.91163057323843,45.34947517330874],[-75.91150836912213,45.34941546379441],[-75.9113898669631,45.34935215253675],[-75.9112752805604,45.34928535379263],[-75.91116481562823,45.349215188763516],[-75.91105866889764,45.34914178307004],[-75.91095703620134,45.349065267383395],[-75.91091779599309,45.349034435444764],[-75.91089059410798,45.34901306198277],[-75.91078715400133,45.34893178656562],[-75.9106768507659,45.348845100571324],[-75.91067889173821,45.34884364473439]]]},"properties":{"ZONE_CODE":"IP6[1548]","ZONE_MAIN":"IP","ZNAME_EN":"Industrial Zone","LABEL":null}},{"type":"Feature","geometry":{"type":"Polygon","coordinates":[[[-75.87641633202995,45.28422603475662],[-75.8772383884313,45.285331316922026],[-75.87789230356762,45.28492084749429],[-75.87841246404975,45.28459433623335],[-75.87747777418313,45.283758706251994],[-75.87722472146255,45.28387416798084],[-75.87700465847246,45.28397457597093],[-75.87674135507616,45.28409471188351],[-75.87641843139278,45.28422534582648],[-75.87641633202995,45.28422603475662]]]},"properties":{"ZONE_CODE":"IP4[284]","ZONE_MAIN":"IP","ZNAME_EN":"Industrial Zone","LABEL":null}},{"type":"Feature","geometry":{"type":"Polygon","coordinates":[[[-75.97114073406286,45.292432414040746],[-75.97282461438483,45.29121882651924],[-75.97289307319599,45.291169486223104],[-75.97325364706958,45.291452074708985],[-75.97338024125268,45.29137159574568],[-75.97402088827228,45.291891048862155],[-75.9755500769057,45.29092014877773],[-75.97639847280949,45.2903814696035],[-75.9777285327922,45.28952819132115],[-75.97774994144206,45.2895146920793],[-75.98032850785441,45.287888712074974],[-75.98497247088653,45.28494682615598],[-75.98316164424187,45.28350179582514],[-75.98230146244157,45.2828141067409],[-75.97485424098832,45.28761426190187],[-75.97359417683423,45.28839740190739],[-75.97327770215627,45.28859283161681],[-75.97182443014749,45.289490228487146],[-75.9711949563734,45.289885522542264],[-75.96939383153378,45.291016198868576],[-75.96940059225463,45.29102167994694],[-75.97114073406286,45.292432414040746]]]},"properties":{"ZONE_CODE":"RG5[275r]-h","ZONE_MAIN":"RG","ZNAME_EN":"Rural Industrial Zone","LABEL":null}},{"type":"Feature","geometry":{"type":"Polygon","coordinates":[[[-75.8114767114075,45.26595508750531],[-75.8111169055935,45.265344428562614],[-75.81094923055413,45.26541364794113],[-75.80892299149758,45.266250061482296],[-75.80906239745326,45.2664866734477],[-75.80941531588398,45.26708567050663],[-75.80948463528121,45.267180725350634],[-75.81120098790407,45.266462904877336],[-75.8112856478314,45.266313614204755],[-75.81137775569074,45.2661407769853],[-75.8114767114075,45.26595508750531]]]},"properties":{"ZONE_CODE":"RH[76r]","ZONE_MAIN":"RH","ZNAME_EN":"Rural Industrial Zone","LABEL":null}},{"type":"Feature","geometry":{"type":"Polygon","coordinates":[[[-75.6214946125918,45.40823556578961],[-75.62178579071137,45.40871998217311],[-75.62408029006795,45.40779249563325],[-75.62502218981302,45.40741247852171],[-75.62409977452646,45.405740393923516],[-75.62449882324366,45.405631304503466],[-75.62453610332796,45.40561987447205],[-75.62457199641344,45.40560641865499],[-75.62460627971794,45.405591020932825],[-75.62463874123905,45.40557377527716],[-75.6246691842457,45.40555478953487],[-75.62469741739679,45.40553417975159],[-75.62472326641907,45.405512072695004],[-75.62474657590408,45.40548860585451],[-75.62476719852805,45.40546392239583],[-75.62478500942518,45.40543817620687],[-75.62479989630609,45.4054115236983],[-75.62481177113581,45.40538413137228],[-75.62482055576096,45.4053561669926],[-75.62482620077422,45.40532780399959],[-75.62482866844631,45.405299215834034],[-75.62482794440417,45.405270579721105],[-75.62482403313943,45.40524207162496],[-75.62481695890658,45.40521386814094],[-75.62480676482474,45.4051861420804],[-75.6247935146743,45.40515906436303],[-75.62472183450451,45.4050290548106],[-75.62427906118918,45.40422569098505],[-75.62392696651357,45.403586834770394],[-75.62274754502084,45.40390950815914],[-75.62271908639265,45.40391728419667],[-75.62181944968675,45.404163421815745],[-75.62080724958417,45.40444032480348],[-75.62048297213964,45.40452903468832],[-75.61814914543824,45.40516743182244],[-75.6182762489661,45.405245006254766],[-75.6183045018801,45.405262246965236],[-75.61835143436213,45.40529049015891],[-75.61839847643861,45.405318641887675],[-75.61844562810957,45.40534670152091],[-75.61849289027327,45.40537467032012],[-75.61854026023485,45.40540254702413],[-75.61858773979087,45.40543033226373],[-75.61863532714474,45.40545802477764],[-75.61868302229642,45.4054856251967],[-75.61873082614427,45.4055131341518],[-75.61877873778994,45.40554054912022],[-75.61882675453852,45.405567871363495],[-75.61887487908493,45.4055951002511],[-75.61892310873421,45.405622236413876],[-75.61897144528302,45.405649279221215],[-75.61901988603641,45.40567622741188],[-75.61906843368929,45.40570308224743],[-75.61911708464847,45.405729841835864],[-75.61916583981218,45.405756508069445],[-75.61921470007881,45.40578307905619],[-75.61926366365168,45.40580955542695],[-75.61929965106027,45.405828921389535],[-75.6193356932661,45.40584823625966],[-75.61937179206579,45.40586749940668],[-75.6194079438661,45.40588671209199],[-75.61944415226026,45.4059058724236],[-75.61948041634996,45.405924981662906],[-75.61951673344026,45.40594403980997],[-75.6195531053278,45.405963044972815],[-75.61958953291088,45.40598199904353],[-75.61962601349458,45.40600090202216],[-75.61966254797719,45.40601975201669],[-75.61969913725703,45.40603855091928],[-75.61973578043578,45.40605729746859],[-75.61977247661513,45.40607599103396],[-75.61980922579508,45.4060946335075],[-75.61984602977229,45.40611322299721],[-75.61988288495343,45.40613176076454],[-75.61991979583016,45.40615024554814],[-75.61995675791083,45.40616867797877],[-75.61999377209379,45.406187058056474],[-75.62027515408519,45.40632422257942],[-75.6203284987417,45.406349728074],[-75.62038194760281,45.40637512634081],[-75.62043549887181,45.40640041485732],[-75.6204891525488,45.406425596146406],[-75.62054291043034,45.40645066894682],[-75.6205967689232,45.40647563199732],[-75.62065072892568,45.406500486559445],[-75.62070479133612,45.40652523200267],[-75.62075895345956,45.40654986769643],[-75.62081321619429,45.406574393640845],[-75.62086757864202,45.40659881046681],[-75.62092203990443,45.406623116913075],[-75.62097659998153,45.4066473123491],[-75.6210312588733,45.406671398667044],[-75.62108601478313,45.406695373975026],[-75.62114087040595,45.40671923827319],[-75.62119582125021,45.40674299156167],[-75.6212508691125,45.40676663320993],[-75.62130601309454,45.40679016447947],[-75.62136125229799,45.40681358347837],[-75.62150972045825,45.40687577656781],[-75.62153266971882,45.406885292237526],[-75.62155563604738,45.40689479087733],[-75.6215786185456,45.4069042687032],[-75.62160161631519,45.40691372760716],[-75.62162463025446,45.40692316758916],[-75.62164765946507,45.4069325880186],[-75.62167070484537,45.406941989526146],[-75.62169376639534,45.406951371481135],[-75.62171684321667,45.406960733883615],[-75.62173993620767,45.4069700773642],[-75.62176304447004,45.40697940255358],[-75.62178616800378,45.406988707559805],[-75.62180930770718,45.406997993013505],[-75.62183246447859,45.4070072589147],[-75.62185563562304,45.40701650526342],[-75.62187882203881,45.407025733951706],[-75.62190202372598,45.40703494119546],[-75.6219252415828,45.40704413014807],[-75.62194847471102,45.40705330017897],[-75.62197172311055,45.40706244939604],[-75.62224872312,45.407169523569166],[-75.62155981231513,45.40737495730543],[-75.62174409450913,45.40767985383334],[-75.62127452983877,45.407869420657775],[-75.6214946125918,45.40823556578961]]]},"properties":{"ZONE_CODE":"IL","ZONE_MAIN":"IL","ZNAME_EN":"Industrial Zone","LABEL":null}},{"type":"Feature","geometry":{"type":"Polygon","coordinates":[[[-75.61460846539028,45.444851628738746],[-75.61479179896337,45.444789937560266],[-75.61502304238549,45.444737760017325],[-75.61531985563681,45.44468134458608],[-75.61579437900755,45.44466930228673],[-75.61623437473203,45.444696725977394],[-75.61665536480005,45.4447812312224],[-75.61697324803637,45.44488636328228],[-75.61727989065356,45.445057386101276],[-75.61757228149877,45.44527122061831],[-75.617807334676,45.445400322614695],[-75.6190319935298,45.44551200178279],[-75.61911211876156,45.445239179368365],[-75.62136886552001,45.44539301615157],[-75.6220909735662,45.44544223155636],[-75.6218142457463,45.444887205931245],[-75.62159568743431,45.44422318644665],[-75.62411822592239,45.4438915472052],[-75.62367066189165,45.44305954887535],[-75.62348836766937,45.4427481731492],[-75.62345293182634,45.44268764505472],[-75.6233185474531,45.44245810108579],[-75.62308697884085,45.442062549421046],[-75.62206064554391,45.440309359644324],[-75.62098556965964,45.438472784570465],[-75.62070077856175,45.438588966619186],[-75.61871601382356,45.43939794244841],[-75.61575522054602,45.440604632657084],[-75.61293881168746,45.441752360698224],[-75.61460846539028,45.444851628738746]]]},"properties":{"ZONE_CODE":"IL[249]","ZONE_MAIN":"IL","ZNAME_EN":"Industrial Zone","LABEL":null}},{"type":"Feature","geometry":{"type":"Polygon","coordinates":[[[-75.83770870258165,45.3223962789677],[-75.83755569253928,45.32208167104491],[-75.83722357909055,45.32218265753935],[-75.8368147701778,45.32255320930302],[-75.83655032951435,45.32263414172315],[-75.83684913882226,45.32317074281913],[-75.83762599649008,45.32246831461662],[-75.83770870258165,45.3223962789677]]]},"properties":{"ZONE_CODE":"IP[1383]","ZONE_MAIN":"IP","ZNAME_EN":"Industrial Zone","LABEL":null}},{"type":"Feature","geometry":{"type":"Polygon","coordinates":[[[-75.96894898939834,45.290655549321905],[-75.96803010898245,45.28991056106811],[-75.96769677921479,45.28964030568688],[-75.96686122293136,45.288962839563744],[-75.96673147117006,45.28904445194721],[-75.96672872052864,45.289046325172315],[-75.96563349004268,45.28979293507279],[-75.96530576037253,45.29001613556619],[-75.96524592538806,45.29005716758002],[-75.96532949925222,45.29012510739375],[-75.9656220185565,45.290362902736575],[-75.96733539775578,45.29175568400946],[-75.9688179602327,45.29074490726351],[-75.96882076207807,45.290743001863845],[-75.96894898939834,45.290655549321905]]]},"properties":{"ZONE_CODE":"RH[703r]","ZONE_MAIN":"RH","ZNAME_EN":"Rural Industrial Zone","LABEL":null}},{"type":"Feature","geometry":{"type":"Polygon","coordinates":[[[-75.8049182920795,45.22521459173579],[-75.80481089579234,45.22525833048468],[-75.80425576928612,45.22548440353871],[-75.80447477495912,45.22585412949922],[-75.80453405837798,45.22597521409566],[-75.80520134493733,45.22568888994604],[-75.8049182920795,45.22521459173579]]]},"properties":{"ZONE_CODE":"RG3[79r]","ZONE_MAIN":"RG","ZNAME_EN":"Rural Industrial Zone","LABEL":null}},{"type":"Feature","geometry":{"type":"Polygon","coordinates":[[[-75.8525282295867,45.23429319990745],[-75.85084918040431,45.23289805739582],[-75.85043816972079,45.23314500735716],[-75.85211721890317,45.23454015835617],[-75.8525282295867,45.23429319990745]]]},"properties":{"ZONE_CODE":"RG[21r]","ZONE_MAIN":"RG","ZNAME_EN":"Rural Industrial Zone","LABEL":null}},{"type":"Feature","geometry":{"type":"Polygon","coordinates":[[[-75.8230017587362,45.18165422801961],[-75.82297973923195,45.18163290288554],[-75.82295782123734,45.18161152645521],[-75.82293600205739,45.18159009872863],[-75.8229142843871,45.181568620338815],[-75.8228926664298,45.181547091285836],[-75.82287114908378,45.18152551093642],[-75.82284973324741,45.18150388119001],[-75.82282842071729,45.1814822014134],[-75.82280720700186,45.18146047097334],[-75.82278609569437,45.18143869176937],[-75.82276508769313,45.181416863168224],[-75.82274418120153,45.18139498516981],[-75.82272337711787,45.181373058407324],[-75.82270267723877,45.18135108351384],[-75.8226820797676,45.181329059856125],[-75.8226615838061,45.18130698806736],[-75.82264119384577,45.18128486941381],[-75.82262090539507,45.18126270136274],[-75.82260072204727,45.181240487713126],[-75.82258064290406,45.181218225299034],[-75.82189751904625,45.181640954503315],[-75.82170743283717,45.18175858106358],[-75.82209790354173,45.18207391154202],[-75.8229991904528,45.18280174070703],[-75.82427791261534,45.18383432133702],[-75.82451193362832,45.18399656355404],[-75.82451678812411,45.18358609854342],[-75.82431684649806,45.183200742122736],[-75.82442801660773,45.1829473505054],[-75.82442249646031,45.182827596401594],[-75.82371909403328,45.182305785878945],[-75.82350287134103,45.18213390244115],[-75.8230017587362,45.18165422801961]]]},"properties":{"ZONE_CODE":"RG3[385r]","ZONE_MAIN":"RG","ZNAME_EN":"Rural Industrial Zone","LABEL":null}},{"type":"Feature","geometry":{"type":"Polygon","coordinates":[[[-75.64124075753314,45.37021912331414],[-75.64044040892064,45.37054568222656],[-75.63984965792518,45.37078671397771],[-75.63956153677253,45.37090426844297],[-75.63905761962738,45.37110986495135],[-75.63846424105972,45.37135195702776],[-75.63790154714553,45.37158152570776],[-75.6373612149937,45.37180196566696],[-75.63687546897015,45.37200012872593],[-75.63625555237235,45.37225302586544],[-75.63568712900327,45.37248491004052],[-75.63530381697322,45.37264127813138],[-75.63478582951578,45.372852580030006],[-75.63436039638037,45.37302612507887],[-75.6339854045465,45.373179090291465],[-75.63369154944736,45.37329895827233],[-75.63341588433445,45.37341140420206],[-75.63283439946116,45.37362579473333],[-75.63227689960593,45.37382661820634],[-75.63172706597334,45.374022195091385],[-75.63126645121815,45.37418395498036],[-75.63074462705613,45.3743657341836],[-75.63023718222686,45.37454095946313],[-75.62988883352598,45.374661244197476],[-75.62937212347289,45.37484948998099],[-75.62840708941428,45.375235036229085],[-75.62765640955217,45.37554505975809],[-75.62721607246787,45.37572825754916],[-75.62671545932635,45.37593757975195],[-75.62609028219426,45.37619898310933],[-75.62598745024705,45.376247878340216],[-75.62601707219356,45.37629694390406],[-75.62617311764325,45.376555406956456],[-75.62628954289733,45.37674824589839],[-75.62710881092804,45.37641642161741],[-75.6274838907968,45.37626452338129],[-75.62781089462823,45.37613210057929],[-75.62832954234737,45.375922068563995],[-75.62870631643881,45.37576945531043],[-75.62900144534899,45.37564986580051],[-75.62927637833495,45.37553845920725],[-75.6297012374469,45.37536638775015],[-75.6300299633487,45.375233290165625],[-75.63023256847956,45.37515125604432],[-75.63051560157446,45.375036657332814],[-75.63074062955312,45.37494554234117],[-75.6310682657985,45.37485006864058],[-75.63135302455704,45.37476885620384],[-75.63152260671974,45.37472049228931],[-75.63201302128786,45.37458062466577],[-75.63226448129545,45.374508906460626],[-75.63250177756596,45.37444121672454],[-75.63266802069074,45.374393788994084],[-75.63284008220364,45.37434469906146],[-75.63302103164794,45.37429307356057],[-75.63320198109226,45.374241448643616],[-75.63339152921046,45.37418736892265],[-75.63399224521737,45.374015978669114],[-75.63424713858598,45.37394325070592],[-75.63447165542324,45.37387918944045],[-75.63471357622085,45.37381025641889],[-75.634890485043,45.37375978398532],[-75.63502647201072,45.37372098716021],[-75.6356003804929,45.37355724697436],[-75.63576715092879,45.373509665788355],[-75.63599003732382,45.373446072902816],[-75.63620039850883,45.37338605422359],[-75.63641518928655,45.37332477022032],[-75.63655922156593,45.373283674801826],[-75.63711204479178,45.37312594099144],[-75.63742104458825,45.37303777500012],[-75.63833178896265,45.372777997782514],[-75.63864068814783,45.372689907607],[-75.63874793082307,45.37265005302234],[-75.63885333374863,45.37260757256673],[-75.63902664751302,45.372537717907775],[-75.63959349344046,45.37230924611165],[-75.64042979263063,45.37197215918426],[-75.64111825607448,45.371694651560034],[-75.64175466304593,45.37143812009533],[-75.64275761858592,45.37103382261528],[-75.6447973718976,45.37021153764557],[-75.64508946001055,45.370393098008805],[-75.64540178716685,45.37058723843201],[-75.64560654825439,45.37078468883919],[-75.64577572887018,45.370715743841735],[-75.645562073563,45.37050974074475],[-75.64528762207402,45.36997737033274],[-75.64594469838184,45.36971114191104],[-75.64618451442672,45.36957602603007],[-75.64640432229528,45.36945218245977],[-75.6467110493541,45.369279365459576],[-75.64693904446816,45.369150906012074],[-75.64726762394457,45.36896577341539],[-75.6474832456639,45.36884428125922],[-75.64768314057757,45.3687316533266],[-75.64801699855458,45.36854354306241],[-75.64817349136528,45.36845536803428],[-75.64838149626932,45.368338167579786],[-75.6485556140259,45.36826427044347],[-75.64903129173179,45.36806238841004],[-75.64974453430445,45.369304929958574],[-75.64980622520825,45.36927974601147],[-75.6499141721627,45.369235678336885],[-75.65008870224598,45.369164427308945],[-75.65026025621073,45.36909439358267],[-75.65042641309725,45.36902656041714],[-75.650594334275,45.36895800645265],[-75.6506904764683,45.36891875698913],[-75.650818699297,45.368866410234126],[-75.65102576366493,45.368781875912894],[-75.65124389797211,45.368692820865924],[-75.65130607486451,45.36866743721722],[-75.65038544183547,45.36705183961885],[-75.65204223795163,45.36633897528349],[-75.6530201367834,45.36591819397396],[-75.65328704781389,45.36565070247329],[-75.65456319899809,45.36512666918274],[-75.65571651724528,45.36465305231529],[-75.65686981662783,45.364179423277605],[-75.65723748809049,45.36390209895559],[-75.65747757273162,45.36381797946051],[-75.65753655341824,45.36379731469255],[-75.65771765737277,45.3637338598403],[-75.65808523451231,45.36360506590681],[-75.65845281075353,45.36347626978655],[-75.65885692866387,45.36333387242141],[-75.65873630109088,45.36315444861797],[-75.65865213074541,45.363029252282075],[-75.65759462770474,45.36147696436155],[-75.65686056398042,45.36039938984785],[-75.65617359533319,45.36067842798858],[-75.65506108036283,45.36113030149725],[-75.65466964217272,45.3612892882138],[-75.65263404895913,45.36211603339805],[-75.6492144052176,45.36350476423823],[-75.64848767444097,45.36379987151699],[-75.64846974047464,45.36380715319577],[-75.64846955811663,45.363807227672496],[-75.64846775160458,45.363803948802776],[-75.64785125579142,45.364057024599724],[-75.64685036368164,45.36446788480052],[-75.6425564031488,45.36623036582715],[-75.64212269113973,45.36640836993135],[-75.64322485661971,45.367742708196666],[-75.64365517479362,45.367566813065864],[-75.64553879821398,45.36679507503811],[-75.64721976979106,45.36610632622281],[-75.64777739900369,45.365877836651535],[-75.64829034960734,45.3667715309002],[-75.64850136296927,45.36713916103404],[-75.64851365282065,45.367154153955816],[-75.64825792042558,45.36727454906883],[-75.64808189015577,45.36735548889488],[-75.64806685415455,45.36736324345531],[-75.64676166133552,45.36796270682341],[-75.64627603029629,45.368164403035166],[-75.64569936668113,45.36839974035377],[-75.64502753823969,45.36867390919356],[-75.64428338104486,45.36897758636601],[-75.64358655608234,45.36926193643224],[-75.64285023129845,45.36956239754554],[-75.64198804356012,45.369914207665666],[-75.64124075753314,45.37021912331414]],[[-75.65229392433467,45.3639391144476],[-75.65306683570346,45.363624265820796],[-75.65321513587875,45.36367850648942],[-75.65329578482834,45.363707998702964],[-75.65331373586265,45.363714567814185],[-75.65339572689527,45.363744552944425],[-75.65472354378473,45.36423016492734],[-75.65440081773069,45.364289502840904],[-75.6534889621403,45.36454195478242],[-75.65210736670804,45.36489604679712],[-75.6509348263104,45.365173292402886],[-75.65049205569002,45.36530431890242],[-75.64997300462728,45.36542446549629],[-75.64985032979375,45.365437559139494],[-75.64964232578804,45.36550776906346],[-75.64950056894125,45.365555612592765],[-75.64943017965054,45.36557937371736],[-75.64941259962043,45.365585307054474],[-75.64923818002993,45.365279254984536],[-75.64919111729219,45.36519795243605],[-75.64920816192638,45.3651910603517],[-75.6492763180053,45.36516351598934],[-75.64931687694038,45.36514712266305],[-75.64941363088637,45.3651080176118],[-75.65037314030597,45.364720990447026],[-75.65050995911362,45.364665804685366],[-75.65059548142362,45.36463130543093],[-75.65060910347658,45.364625758257375],[-75.65226668831357,45.363950172321765],[-75.65228031485813,45.3639446585327],[-75.65229392433467,45.3639391144476]]]},"properties":{"ZONE_CODE":"IL","ZONE_MAIN":"IL","ZNAME_EN":"Industrial Zone","LABEL":null}},{"type":"Feature","geometry":{"type":"Polygon","coordinates":[[[-75.6306932389303,45.3836113174368],[-75.63208769194921,45.383057674422204],[-75.63221639896986,45.383005386181836],[-75.63188335127322,45.38259650552913],[-75.63147607488634,45.38209648311655],[-75.63090316892401,45.3823281881198],[-75.63106621045313,45.38252834910705],[-75.63091826690898,45.382588194667264],[-75.63095418874056,45.38263228411603],[-75.63085873555511,45.38267089942368],[-75.63084481346483,45.38265381144978],[-75.63077282786784,45.38268291204602],[-75.63078674546654,45.382700003796835],[-75.62984744993747,45.383079737265156],[-75.63024945231533,45.38379081957247],[-75.6306932389303,45.3836113174368]]]},"properties":{"ZONE_CODE":"IL[272] S118","ZONE_MAIN":"IL","ZNAME_EN":"Industrial Zone","LABEL":null}},{"type":"Feature","geometry":{"type":"Polygon","coordinates":[[[-75.63491111934508,45.38010795858708],[-75.6349238745238,45.38012361816828],[-75.63510484193444,45.380345809226064],[-75.63578295229463,45.381178370388426],[-75.63586767779896,45.38128239179735],[-75.6358906890433,45.381310643822744],[-75.63591007199216,45.38133444123424],[-75.63602111364277,45.38147157964874],[-75.63667508267802,45.38121302044633],[-75.63725853396348,45.38098327444242],[-75.63646994878964,45.38001510711294],[-75.63614058598229,45.379610714465386],[-75.6358567713531,45.37972550582128],[-75.63518144487196,45.379998632278],[-75.6351259173093,45.38002108562806],[-75.63491111934508,45.38010795858708]]]},"properties":{"ZONE_CODE":"IL[939] S240","ZONE_MAIN":"IL","ZNAME_EN":"Industrial Zone","LABEL":null}},{"type":"Feature","geometry":{"type":"Polygon","coordinates":[[[-75.52382129839931,45.25360566123715],[-75.52389624214851,45.25361568393843],[-75.52476364370877,45.25370171695265],[-75.5257258363961,45.253701792838974],[-75.5259935774699,45.253714061757805],[-75.52619822626804,45.253794133130484],[-75.52621817964713,45.25379854211812],[-75.52623849145402,45.25379844852517],[-75.5262584026123,45.25379835619697],[-75.52627831466887,45.253798265133554],[-75.52629826894629,45.253802673488465],[-75.52631778215088,45.253802584322194],[-75.52633773642829,45.25380699267678],[-75.52635764668824,45.25380690161337],[-75.5263772039103,45.25381131123242],[-75.5263967171149,45.25381122143377],[-75.52641627254033,45.253815632949596],[-75.52643582706743,45.25382004256796],[-75.52645538428949,45.253824454083116],[-75.5264744986421,45.25382436554927],[-75.52649405406753,45.2538287751669],[-75.52651281268727,45.25383319110809],[-75.52653197015903,45.25383760325462],[-75.52655072877879,45.253842017297934],[-75.52656988714887,45.253846429443776],[-75.52658829003576,45.25385534606249],[-75.52660704865552,45.25385976073682],[-75.5266254084233,45.253864177307946],[-75.52664337113572,45.253868593878785],[-75.52666177402264,45.25387751112641],[-75.52667973673505,45.25388192832855],[-75.52669734191798,45.25389084873601],[-75.52671490667676,45.25389526846666],[-75.52673251185969,45.25390418887201],[-75.52674967776646,45.253908611131145],[-75.52676688589403,45.25391753343159],[-75.526784092225,45.2539264550982],[-75.5268004622244,45.253930880517515],[-75.52681727150001,45.25393980407921],[-75.52683368282193,45.25394873016908],[-75.5268496970885,45.25395765815463],[-75.52686570955845,45.253966585506426],[-75.52688132497302,45.25397551475391],[-75.52689693948929,45.25398444526483],[-75.52691215605189,45.25399337577428],[-75.52692737081786,45.254002307547125],[-75.5269421903251,45.25401124121574],[-75.52695661008204,45.25402017551531],[-75.52697142779265,45.25402910918106],[-75.5270352297374,45.25403781582022],[-75.52712443693667,45.254037404139396],[-75.52711764836808,45.2539924272002],[-75.52696280935581,45.25378610690029],[-75.52668619652027,45.25350383481735],[-75.5264541922251,45.253221356436654],[-75.52644061059631,45.2532169189466],[-75.5264269858484,45.25320797946154],[-75.52641336379544,45.253199041239846],[-75.52640013789951,45.253190100487174],[-75.52638691290191,45.253181159733096],[-75.52637412807879,45.253176717813176],[-75.52636169988682,45.25316777452742],[-75.52634927079654,45.25315882934311],[-75.52633724145659,45.25314988289257],[-75.52632521121829,45.253140937073034],[-75.52631357893367,45.25313198935493],[-75.52630190532656,45.25311854089839],[-75.52629067099562,45.25310959064718],[-75.52627983551666,45.25310063976217],[-75.52626900003771,45.25309168824334],[-75.52625816366043,45.25308273609069],[-75.52624808366463,45.25306928066618],[-75.52623804499133,45.253060325980435],[-75.52622840427169,45.2530513681313],[-75.52621876445039,45.25304241154557],[-75.52620947856529,45.25302895105237],[-75.52620023669765,45.25301999256593],[-75.52619174851654,45.25300653017022],[-75.52618330345454,45.25299756662109],[-75.52617485839255,45.25298860433533],[-75.52616716522047,45.25297513687302],[-75.52615951516749,45.25296617078933],[-75.52615182558868,45.252952704586505],[-75.52613927163257,45.252930258378505],[-75.52614518793703,45.252880722891085],[-75.52615426271804,45.25287167900788],[-75.52616369592684,45.252858134365624],[-75.5261731282373,45.25284458782296],[-75.52618339957426,45.25283553887484],[-75.52619363048704,45.252821989164815],[-75.52620385870487,45.25280843945155],[-75.52621492594918,45.252799387335685],[-75.52622595187097,45.25278583382268],[-75.52623741886556,45.25277677980604],[-75.52624884184273,45.25276322502278],[-75.5262607058927,45.252754169105366],[-75.52627292657381,45.25274061052236],[-75.52628558653112,45.25273155017453],[-75.52629824738672,45.25272249109007],[-75.52631126397519,45.252708928072735],[-75.52632472073816,45.252699865190266],[-75.5263381775011,45.25269080167396],[-75.52635203221772,45.252681735626595],[-75.52636584651017,45.25266817006995],[-75.52638010007878,45.252659102754166],[-75.52639475160106,45.25265003353981],[-75.52640940312335,45.252640964323945],[-75.5264244525993,45.25263189320947],[-75.52643950207526,45.2526228227259],[-75.52645494860657,45.25261374971134],[-75.5264703969345,45.252604677327746],[-75.52648628633526,45.25260010255907],[-75.52650213171856,45.25259102827606],[-75.52651837505552,45.25258195209442],[-75.52653501993942,45.25257287401411],[-75.5265513054972,45.252568297978094],[-75.52656834563982,45.25255921799847],[-75.52658538668076,45.252550138017334],[-75.52660246994253,45.252545558817495],[-75.52661951098348,45.25253647820177],[-75.52663699040227,45.252531897103644],[-75.52665486957136,45.25252731284314],[-75.52667270651965,45.252518229062545],[-75.52669058568874,45.252513646698134],[-75.52670846485786,45.252509063700934],[-75.52672674198061,45.25250447880624],[-75.52674497688255,45.25249539249234],[-75.526763651959,45.252490806331714],[-75.52678192998009,45.25248622080308],[-75.52680060505654,45.25248163337689],[-75.52681967898495,45.25247704405315],[-75.52683839628223,45.252476958679225],[-75.52685747021066,45.252472369987466],[-75.52687654234244,45.25246778129538],[-75.52689561627089,45.25246319260289],[-75.52691512947548,45.25246310280216],[-75.52695048806339,45.25245393869646],[-75.5277785622788,45.25242310919478],[-75.5277929389166,45.25242754484964],[-75.52780727692686,45.25242747781522],[-75.52782121428851,45.25242741331044],[-75.52783519387094,45.25243184959737],[-75.5278491321309,45.252431785092554],[-75.52786311261166,45.25243622074672],[-75.52787665201961,45.25243615877155],[-75.5278902336484,45.25244059632257],[-75.52790381527718,45.252445035138116],[-75.5279169998506,45.25244947458567],[-75.52793014040658,45.25244941387528],[-75.52794292522971,45.252453855219684],[-75.52795571184946,45.25245829656374],[-75.52796814004141,45.25246724185844],[-75.52798012805889,45.25247168573104],[-75.52799171812269,45.25247613466252],[-75.52800330818646,45.25248058106403],[-75.52802011836039,45.25248950422119],[-75.52803095294102,45.25249845583494],[-75.52804656925393,45.25250738531331],[-75.52805660882555,45.25251634008624],[-75.52807102858249,45.252525275253376],[-75.52807987249646,45.2525342363475],[-75.5280887155121,45.252543196807736],[-75.52809676351873,45.25255216169343],[-75.52810481242368,45.252561125312845],[-75.52811564880096,45.25257007628294],[-75.52812250114994,45.25257904685594],[-75.52812855938822,45.25258802058951],[-75.52813461582987,45.252596993056855],[-75.528139918585,45.25261047135959],[-75.52814478026731,45.25261945014738],[-75.52814924399595,45.25262843146333],[-75.52815331066925,45.25263741341032],[-75.52815697759223,45.25264639851778],[-75.52815984770957,45.252655386785875],[-75.52816232166987,45.252664376949724],[-75.52816443810067,45.252677869781614],[-75.52816655363317,45.2526913619779],[-75.52816787415664,45.252704857965334],[-75.52816799902246,45.252718359641136],[-75.52816692912896,45.252731867637706],[-75.52816506242979,45.25274537816065],[-75.52816319662895,45.25275888931278],[-75.52816089245025,45.25276790159411],[-75.52815778877094,45.252776917668406],[-75.52815468598995,45.25278593310887],[-75.52815078730161,45.25279495297469],[-75.52814649065961,45.252803973471444],[-75.52814139721195,45.252812998393516],[-75.52813634418848,45.25282652470708],[-75.52813045483347,45.252835553419956],[-75.52812456458015,45.252844582131395],[-75.5281178793178,45.25285361400344],[-75.52810326911803,45.252867183942534],[-75.52809538729974,45.25287622276731],[-75.52808710752775,45.25288526222299],[-75.5280784289038,45.25289430420686],[-75.52806935412279,45.252903347454065],[-75.52805470349882,45.252912416628014],[-75.52804483101384,45.25292146366666],[-75.52803172998374,45.25292602512913],[-75.52800874568888,45.253196176505966],[-75.52807484013424,45.253452415311834],[-75.52815230545444,45.25356007623158],[-75.52815451531004,45.25379860662138],[-75.52805947984119,45.25385755561303],[-75.52761461524787,45.25398563287973],[-75.52750695844927,45.254058141213726],[-75.52758425578453,45.254147799630466],[-75.52760353722378,45.25416571434899],[-75.52795011175199,45.25421812098663],[-75.52818352191056,45.25430705823849],[-75.5284838601511,45.25435517721825],[-75.52881513367504,45.25447516399215],[-75.5288608866691,45.25455596595127],[-75.52881638592655,45.25461018082373],[-75.52888219830088,45.25467644808298],[-75.5311610247507,45.25370675706859],[-75.53122659008835,45.25378346542796],[-75.5322734588727,45.253344355782325],[-75.53305279768733,45.253017451608564],[-75.53382121568303,45.25269511968206],[-75.53325757763949,45.252195762130455],[-75.53409331897586,45.251723341407725],[-75.53562143142759,45.250859505354754],[-75.53235069332588,45.24904380092794],[-75.53213266052832,45.249132041115764],[-75.53157615600644,45.24936617255029],[-75.53101963082331,45.24960029163597],[-75.53040085688257,45.24985604831176],[-75.52845306141157,45.250661093467194],[-75.52653196117586,45.25145566270842],[-75.52642376898137,45.251498973357776],[-75.52330617926256,45.2527469180464],[-75.52382129839931,45.25360566123715]]]},"properties":{"ZONE_CODE":"RG","ZONE_MAIN":"RG","ZNAME_EN":"Rural Industrial Zone","LABEL":null}},{"type":"Feature","geometry":{"type":"Polygon","coordinates":[[[-75.63249774682528,45.37040939956965],[-75.6346472940276,45.369532149808094],[-75.63462578835971,45.36938044260472],[-75.634295646713,45.369384309964275],[-75.63413874516885,45.36937080891502],[-75.63395361586352,45.36931066410923],[-75.63323957109532,45.36985616749592],[-75.63105063546271,45.37074986199886],[-75.62862887447478,45.371738533677295],[-75.62772569301679,45.37163839094538],[-75.6274715425549,45.371986340534384],[-75.6272125474787,45.37227807344095],[-75.62675715732523,45.37255198683357],[-75.62645427325918,45.37268836845254],[-75.62582702461204,45.3728297704409],[-75.62435448284212,45.373308786919274],[-75.62475040542212,45.37402187010333],[-75.62498869253439,45.37445103507634],[-75.62532617790855,45.375058843833145],[-75.62583566730339,45.37597640913165],[-75.62781925974014,45.37501644974542],[-75.6315009636096,45.37254290901798],[-75.63149962511983,45.37254085428247],[-75.63182375973221,45.372407925483316],[-75.63159330143765,45.37212962927172],[-75.630757026502,45.371119761504],[-75.63249774682528,45.37040939956965]]]},"properties":{"ZONE_CODE":"IL","ZONE_MAIN":"IL","ZNAME_EN":"Industrial Zone","LABEL":null}},{"type":"Feature","geometry":{"type":"Polygon","coordinates":[[[-75.90072576500269,45.343758800349974],[-75.90072762810861,45.343761964206905],[-75.90081942964244,45.34373518790732],[-75.9010750201037,45.34366064114252],[-75.9011719204751,45.34363237472927],[-75.90150191839133,45.34353612208489],[-75.90114452006229,45.34292716516958],[-75.90077753042095,45.34230185353345],[-75.90149366646713,45.34209295996745],[-75.90175649375632,45.342540534334766],[-75.90175798316308,45.34254306875806],[-75.90184334108137,45.342489628644564],[-75.90193811154721,45.34243027986607],[-75.90202262145588,45.34237737065164],[-75.90202113204914,45.34237484000928],[-75.9018039589393,45.34200497480883],[-75.90189105240273,45.34197834479491],[-75.90192148193468,45.34196880935778],[-75.90195184948286,45.34195917415741],[-75.90198215414895,45.34194943856239],[-75.90201239233974,45.34193960383549],[-75.90204256675014,45.34192967060804],[-75.90207267378688,45.341919637617195],[-75.90210271524661,45.34190950549431],[-75.90213268933269,45.34189927550213],[-75.9021625942485,45.341888946377814],[-75.90219243089236,45.34187851938407],[-75.90222219926423,45.34186799452087],[-75.90225189846585,45.34185737241956],[-75.90228152580224,45.3418466511859],[-75.9023110821717,45.34183583397685],[-75.90234056667597,45.341824920160896],[-75.902369979315,45.3418139084752],[-75.90239931829217,45.341802800813944],[-75.90242858270919,45.34179159654567],[-75.90245777436266,45.34178029693309],[-75.90248688876103,45.34176890134473],[-75.90273220519038,45.34166474033309],[-75.90275038170184,45.34165687112302],[-75.90276852497563,45.34164896402752],[-75.90278663411345,45.34164101841521],[-75.9028047100136,45.34163303365455],[-75.90282275177778,45.34162501227121],[-75.90284075940595,45.34161695237094],[-75.90285873289815,45.34160885395376],[-75.90287667225438,45.34160071828246],[-75.9028945765763,45.341592545988355],[-75.90291244676224,45.34158433454591],[-75.9029302819139,45.341576085849255],[-75.90294808203126,45.341567800529845],[-75.90296584621599,45.341559476693355],[-75.90298357626476,45.34155111623404],[-75.90300126948259,45.34154271725765],[-75.90301892946276,45.341534282289864],[-75.90303655171368,45.34152580943631],[-75.90305413803202,45.34151729995989],[-75.90307168841771,45.341508753229185],[-75.90308920287082,45.341500169244135],[-75.90311603015846,45.341486915366566],[-75.90314277030951,45.34147357498302],[-75.90316942242569,45.34146014746205],[-75.9031959883036,45.34144663343494],[-75.90322246524828,45.34143303479596],[-75.90324885415805,45.341419350282116],[-75.90327515323631,45.34140558052478],[-75.90330136427967,45.34139172615538],[-75.90332748189823,45.341377787173734],[-75.9033535105836,45.341363763579864],[-75.90337944674248,45.341349656005136],[-75.90340529217151,45.341335463818],[-75.90343104417576,45.34132118954405],[-75.90345670365355,45.341306831288996],[-75.90348226970653,45.341292391578456],[-75.9035077405381,45.34127786725527],[-75.90353311794486,45.341263262739325],[-75.90355839923193,45.34124857487339],[-75.90358358439921,45.3412338061831],[-75.9036086734468,45.34121895666838],[-75.90374328778876,45.341136811972],[-75.90407640016409,45.340928270856274],[-75.90432324103449,45.34077370809131],[-75.9045846175445,45.34061003797078],[-75.9045915237924,45.34060571591793],[-75.90459844531168,45.34060140523028],[-75.90460538120398,45.340597105907825],[-75.90461233057103,45.34059281858199],[-75.9046192934128,45.34058854072707],[-75.90462626972929,45.340584274868775],[-75.9046332595205,45.34058002100712],[-75.90464026458311,45.340575776616376],[-75.90464728042546,45.34057154422227],[-75.9046543124375,45.34056732319339],[-75.90466135612766,45.34056311352966],[-75.90466841419084,45.340558914599775],[-75.90467548662707,45.34055472766653],[-75.9046825707414,45.340550551467075],[-75.90468967012708,45.34054638726423],[-75.90469678208919,45.340542233163795],[-75.90470390752603,45.34053809169141],[-75.90471104553929,45.34053396158425],[-75.90471819702726,45.3405298422109],[-75.90472536288827,45.34052573483421],[-75.90475976027881,45.3405062650438],[-75.90479445591005,45.34048706107403],[-75.90482944349372,45.340468124188014],[-75.90486472123324,45.34044945438602],[-75.90490028373871,45.34043105671966],[-75.90493612651856,45.3404129311892],[-75.9049722468778,45.340395081583395],[-75.9050086394266,45.340377508534026],[-75.90504529967333,45.34036021582976],[-75.9050822240248,45.34034320347087],[-75.90511940798933,45.340326475246236],[-75.90515684617712,45.340310032418806],[-75.90519453589317,45.34029387751461],[-75.9052324708493,45.340278010533844],[-75.90527064835057,45.34026243526535],[-75.90530906390536,45.34024715297214],[-75.90534771032722,45.34023216554869],[-75.90538658581946,45.340217474258196],[-75.9054256858905,45.34020308099505],[-75.90546500335387,45.34018898765379],[-75.90549351228772,45.34017901307675],[-75.90555814786904,45.34015711850463],[-75.9059822146669,45.340036640431336],[-75.905941248795,45.3399236463843],[-75.90652648143967,45.339556689950925],[-75.90643972214953,45.33914329803943],[-75.9064326604931,45.33910965081443],[-75.9063406155158,45.338671061855855],[-75.90622719422804,45.33813056255589],[-75.90618576302882,45.337933121947316],[-75.90652978993488,45.337896738571615],[-75.90602305836794,45.33750431390996],[-75.90545409151811,45.33706369311717],[-75.90536521759378,45.33699485794441],[-75.90535333288258,45.336985653814764],[-75.90411103111661,45.33602353807109],[-75.90451202558471,45.33577913392513],[-75.90464083231835,45.335662822465274],[-75.9046645334688,45.33562768100128],[-75.90482227403945,45.33539379805811],[-75.90526632745406,45.33441524356619],[-75.90484635607558,45.3343140704874],[-75.9025952327708,45.33393846983481],[-75.90094908348738,45.33366377777845],[-75.89847864638746,45.333218856268225],[-75.89549892111532,45.33268119027648],[-75.89507888505813,45.33258897960439],[-75.89451909360062,45.33244203406658],[-75.89415036392259,45.332323095618214],[-75.89369350053201,45.33209570360548],[-75.89336315586606,45.33196796744245],[-75.89327738292612,45.33221780829646],[-75.89331775950319,45.3324765030567],[-75.89344376349314,45.332796471561245],[-75.8936980433124,45.33322355399578],[-75.89400284528158,45.333669233262995],[-75.89414604392438,45.33392485107923],[-75.89521196238265,45.33566726740111],[-75.89555001639036,45.33627197875504],[-75.89623995666454,45.337382476987244],[-75.89661621242804,45.337996376517374],[-75.8967866857195,45.33827316920817],[-75.89715557080608,45.33887210729022],[-75.89716813913522,45.33889017080168],[-75.89718061134462,45.33891723290772],[-75.89726839561251,45.33906168452541],[-75.89789345776025,45.340125253757506],[-75.89802860749812,45.340038061135054],[-75.89957459822061,45.33904049041406],[-75.89964406763649,45.33901718856394],[-75.89980348087016,45.33935482608635],[-75.89978870448206,45.34018568405286],[-75.89840380414788,45.34031969568234],[-75.89811654088633,45.34050483109206],[-75.89996255274406,45.343666841327774],[-75.90010583493017,45.34357722901201],[-75.90048136126167,45.34334236615894],[-75.90072576500269,45.343758800349974]],[[-75.90266552863673,45.339081039891504],[-75.90291446437838,45.33967625536932],[-75.90297580943081,45.339758047322746],[-75.90187709527817,45.33987299217429],[-75.9018581021981,45.33978270769827],[-75.90172590971416,45.339154113237235],[-75.9016124947146,45.33861483028119],[-75.90254390213717,45.33851347653606],[-75.90266552863673,45.339081039891504]]]},"properties":{"ZONE_CODE":"IG6","ZONE_MAIN":"IG","ZNAME_EN":"Transportation Zones","LABEL":null}},{"type":"Feature","geometry":{"type":"Polygon","coordinates":[[[-75.71024003021455,45.34626812217685],[-75.70949240282776,45.34659853673915],[-75.70896165031013,45.346833096294674],[-75.708876914026,45.346773837933],[-75.7087542993796,45.34682801015431],[-75.70784662993844,45.34723593723574],[-75.7092266272678,45.347519148420936],[-75.71019149873133,45.34711837336188],[-75.71077284077249,45.34687689668204],[-75.71024003021455,45.34626812217685]]]},"properties":{"ZONE_CODE":"IG5[284]","ZONE_MAIN":"IG","ZNAME_EN":"Transportation Zones","LABEL":null}},{"type":"Feature","geometry":{"type":"Polygon","coordinates":[[[-76.01458386037918,45.31067927906855],[-76.01500171802178,45.31098178094618],[-76.0161447056432,45.310274976450444],[-76.01624117033167,45.310215322887565],[-76.0158466949376,45.309898365413474],[-76.01575023204576,45.30995801741463],[-76.01458386037918,45.31067927906855]]]},"properties":{"ZONE_CODE":"RG[276r]","ZONE_MAIN":"RG","ZNAME_EN":"Rural Industrial Zone","LABEL":null}},{"type":"Feature","geometry":{"type":"Polygon","coordinates":[[[-75.72017275620996,45.32549780920904],[-75.7205225422153,45.32595564404612],[-75.72086475452447,45.325825169389304],[-75.720514777178,45.325367076441644],[-75.72017275620996,45.32549780920904]]]},"properties":{"ZONE_CODE":"IG[1513]","ZONE_MAIN":"IG","ZNAME_EN":"Transportation Zones","LABEL":null}},{"type":"Feature","geometry":{"type":"Polygon","coordinates":[[[-76.14682787079543,45.303460056287186],[-76.14632945044153,45.3030386937751],[-76.14623468446725,45.30309968553673],[-76.14499600650512,45.30389688152563],[-76.1454944241641,45.304318250295694],[-76.14673310482118,45.30352104822733],[-76.14682787079543,45.303460056287186]]]},"properties":{"ZONE_CODE":"RG1[222r]","ZONE_MAIN":"RG","ZNAME_EN":"Rural Industrial Zone","LABEL":null}},{"type":"Feature","geometry":{"type":"Polygon","coordinates":[[[-75.94777930219257,45.27294265324321],[-75.94741602618662,45.27265687236304],[-75.94733840994944,45.27270424120559],[-75.94699577992368,45.27291332363067],[-75.94697524623291,45.27292585517491],[-75.94685855597582,45.272997068658576],[-75.94722177448959,45.273282814952964],[-75.94735904604816,45.27319906339282],[-75.94777930219257,45.27294265324321]]]},"properties":{"ZONE_CODE":"RG3[637r]","ZONE_MAIN":"RG","ZNAME_EN":"Rural Industrial Zone","LABEL":null}},{"type":"Feature","geometry":{"type":"Polygon","coordinates":[[[-75.6296293982753,45.296492719442256],[-75.63228141813181,45.29541786440007],[-75.6330484536203,45.29510696839124],[-75.63177517255343,45.29341923407081],[-75.63003945943957,45.29412859890387],[-75.62961317919286,45.29430280307077],[-75.62947417658074,45.294359609458446],[-75.62828776799174,45.29484810362247],[-75.62873049908625,45.29539083080146],[-75.6296293982753,45.296492719442256]]]},"properties":{"ZONE_CODE":"RG1[238r]","ZONE_MAIN":"RG","ZNAME_EN":"Rural Industrial Zone","LABEL":null}},{"type":"Feature","geometry":{"type":"Polygon","coordinates":[[[-75.79673929760592,45.344947645505414],[-75.7966535381407,45.34498415378089],[-75.79583662908593,45.3452061747803],[-75.79525177822526,45.34536797666539],[-75.79448713495037,45.34557951365614],[-75.79428355245248,45.34563583301797],[-75.79428189865405,45.34563629328048],[-75.7935198622901,45.345847103837],[-75.79348527266009,45.345856577379145],[-75.79348523762579,45.345856587480874],[-75.79342898691932,45.345871663699725],[-75.79337229603837,45.34588589768208],[-75.79331518923743,45.34589928122102],[-75.79325769436431,45.34591180926624],[-75.79319983657182,45.345923476136036],[-75.79314164011444,45.34593427614881],[-75.7930831337383,45.34594420488547],[-75.7930243416979,45.345953257927],[-75.7929652909427,45.345961431485684],[-75.79290600752385,45.345968720511024],[-75.79284652018741,45.345975123740665],[-75.79278685139131,45.345980636755364],[-75.79272703257654,45.345985257661354],[-75.79266708799763,45.34598898456476],[-75.79260704370571,45.34599181557168],[-75.79254692844691,45.34599374941954],[-75.79248677006895,45.34599478484572],[-75.79242659192808,45.345994922481665],[-75.79236642456696,45.3459941610646],[-75.7923062931385,45.34599250122587],[-75.79220234728034,45.3459888500856],[-75.79105554181895,45.34594860039964],[-75.79084949434392,45.34594136629988],[-75.79043354292634,45.34592676046147],[-75.79039832357729,45.34642357719562],[-75.79032604872282,45.34744314950337],[-75.79016666243858,45.34739668213515],[-75.79000353826444,45.34736134402995],[-75.78982258253193,45.34733837705921],[-75.78965031081324,45.34732794349305],[-75.7895513425201,45.347327327934025],[-75.78934053936393,45.34735410000924],[-75.78914127327099,45.34738094278207],[-75.78894177720933,45.34742650860759],[-75.7886823096193,45.34751332177984],[-75.78869629189668,45.3475383607382],[-75.78872060929143,45.34758190993797],[-75.78917505531557,45.34835274776755],[-75.78985349984906,45.34956686089885],[-75.79081854378911,45.34902221870187],[-75.79175131215932,45.348483000068306],[-75.79252316171943,45.34809523605281],[-75.79346882181228,45.34762338199811],[-75.79432579393207,45.347216111780966],[-75.79492913481623,45.34697679156634],[-75.79556702670287,45.34672376059153],[-75.79686386698637,45.34634889381045],[-75.79745703534824,45.346238476292804],[-75.79673929760592,45.344947645505414]]]},"properties":{"ZONE_CODE":"IL3[250]","ZONE_MAIN":"IL","ZNAME_EN":"Industrial Zone","LABEL":null}},{"type":"Feature","geometry":{"type":"Polygon","coordinates":[[[-75.72001983779579,45.323238907601755],[-75.72000917569167,45.32358160363218],[-75.71999851268926,45.32392429948439],[-75.71998784878852,45.324267088635104],[-75.72066024676184,45.32427749929225],[-75.72146335679552,45.32428992222346],[-75.7214515547293,45.32500899554098],[-75.72258936715637,45.32457405284445],[-75.72368289982646,45.32415601982144],[-75.72373436790235,45.3228177382281],[-75.72375905270803,45.32217591180582],[-75.72376547476402,45.32200902538635],[-75.7236536973932,45.322006886704415],[-75.72322394605625,45.32199865915771],[-75.7229175873067,45.3219927919927],[-75.72292394648058,45.32182736661856],[-75.72293449539697,45.32155321524051],[-75.72293538832236,45.32153007294524],[-75.72294504431336,45.321279066957295],[-75.72295558873816,45.32100491166281],[-75.7229603587923,45.32088099210714],[-75.72296599931397,45.32073449497697],[-75.7229661421461,45.32073076325304],[-75.72298824429535,45.320156384341985],[-75.72299542093616,45.31996986794883],[-75.72040878675423,45.320948227348936],[-75.72035906410495,45.32096700148395],[-75.72002687609603,45.32111247286955],[-75.71792710993348,45.32386542263524],[-75.71792644338355,45.323866289196175],[-75.71801285772061,45.3240277440489],[-75.71819622992126,45.32437486976086],[-75.71879504329637,45.32419369985863],[-75.71963698031327,45.323092940175464],[-75.72001983779579,45.323238907601755]],[[-75.7228923033247,45.32264981847779],[-75.72288175351001,45.322923970234],[-75.7228712036953,45.323198118137135],[-75.72149565033166,45.32317674502708],[-75.72152293216683,45.32262854053516],[-75.7228923033247,45.32264981847779]],[[-75.72073332471018,45.32270138435874],[-75.72017919713055,45.32248660190087],[-75.72011244511843,45.322460728862644],[-75.72021706471304,45.3223246784143],[-75.72031398484735,45.32219864012434],[-75.7208608181069,45.3223961355898],[-75.72073332471018,45.32270138435874]]]},"properties":{"ZONE_CODE":"IP[178]","ZONE_MAIN":"IP","ZNAME_EN":"Industrial Zone","LABEL":null}},{"type":"Feature","geometry":{"type":"Polygon","coordinates":[[[-75.59956907482115,45.38750657207608],[-75.59941903191418,45.38757781892166],[-75.59961558509498,45.38770978717309],[-75.6000407613122,45.38799524994409],[-75.60015429399107,45.38792959141368],[-75.60022128944665,45.38792505027047],[-75.60158641336984,45.38737894643638],[-75.60158897446672,45.38737786949743],[-75.60158818484759,45.38737737361336],[-75.6015724463638,45.38736748369126],[-75.60092377559208,45.38695990522126],[-75.59956907482115,45.38750657207608]]]},"properties":{"ZONE_CODE":"IL2[1385]","ZONE_MAIN":"IL","ZNAME_EN":"Industrial Zone","LABEL":null}},{"type":"Feature","geometry":{"type":"Polygon","coordinates":[[[-75.4490987907708,45.34625040131934],[-75.44683357379756,45.34200445137661],[-75.44414070934171,45.34306192671552],[-75.44392626172045,45.34314613389287],[-75.44379020198922,45.342887623622815],[-75.44300340536108,45.34319718231798],[-75.44308096320778,45.343339906906486],[-75.44309563808625,45.343366911323685],[-75.44314273675661,45.34345358424025],[-75.44314235676923,45.34345373387867],[-75.44314292360617,45.343453928976885],[-75.4431591696381,45.34348413446391],[-75.44328084015511,45.343710354991664],[-75.44279574451181,45.34390145912177],[-75.44265270217586,45.34395836986211],[-75.44288650130495,45.34439686987942],[-75.44464413690503,45.34370630908987],[-75.4449672186919,45.34423094864018],[-75.44514230932393,45.34451526145427],[-75.44473584860732,45.3450475336924],[-75.44465688130397,45.34514612613826],[-75.44464476752235,45.34516679392978],[-75.44486433374409,45.34528824349079],[-75.44634820237144,45.34665190857635],[-75.44683884421332,45.347106966221126],[-75.44699059391932,45.3470448462561],[-75.44896397430792,45.346301206399396],[-75.4490987907708,45.34625040131934]]]},"properties":{"ZONE_CODE":"RG","ZONE_MAIN":"RG","ZNAME_EN":"Rural Industrial Zone","LABEL":null}},{"type":"Feature","geometry":{"type":"Polygon","coordinates":[[[-75.63607939633839,45.374883503416726],[-75.63576715092879,45.373509665788355],[-75.63471357622085,45.37381025641889],[-75.6346428734181,45.37383033507271],[-75.63399224521737,45.374015978669114],[-75.63432805343687,45.375494010219825],[-75.6310134119723,45.37684673957882],[-75.63107764151512,45.376924920172165],[-75.63171828224651,45.3766634703204],[-75.63197366340032,45.37655924606067],[-75.63230124125519,45.37642555497179],[-75.6328623433547,45.37619655431148],[-75.63362259117291,45.375886269955146],[-75.6340269183907,45.37572124622192],[-75.63445157897496,45.37554792083792],[-75.63607939633839,45.374883503416726]]]},"properties":{"ZONE_CODE":"IG3","ZONE_MAIN":"IG","ZNAME_EN":"Transportation Zones","LABEL":null}},{"type":"Feature","geometry":{"type":"Polygon","coordinates":[[[-75.6039412139365,45.38586860422429],[-75.60451022929533,45.386879814885305],[-75.60490776255465,45.38763189466865],[-75.60538916971541,45.387438838595195],[-75.60549917560847,45.387394722612065],[-75.60642491286495,45.38702346776758],[-75.60680882586793,45.3868695015413],[-75.60715571300985,45.38673038130556],[-75.60791889113251,45.38642430296359],[-75.60851554765264,45.38618500220045],[-75.60901771577794,45.385983595491716],[-75.60910484247903,45.38594864993639],[-75.6093657294072,45.385844011247485],[-75.60939265461123,45.3858332112806],[-75.60929971042034,45.38579732430959],[-75.60630852264516,45.38524649830755],[-75.60593498787867,45.385196803280415],[-75.60577156905713,45.385158521562204],[-75.60409539897523,45.38582472802442],[-75.6039412139365,45.38586860422429]]]},"properties":{"ZONE_CODE":"IL[265]","ZONE_MAIN":"IL","ZNAME_EN":"Industrial Zone","LABEL":null}},{"type":"Feature","geometry":{"type":"Polygon","coordinates":[[[-75.81472356240748,45.329441311307946],[-75.81441497134445,45.32957851806764],[-75.81418244422977,45.3297424051154],[-75.81360275688537,45.330150968741904],[-75.81092951163532,45.331183174687986],[-75.81092917207214,45.33118320815868],[-75.81048621370387,45.331354334106045],[-75.81075747078367,45.331327539939664],[-75.81536766434766,45.33087767669907],[-75.81542157763775,45.33074586380531],[-75.81607679802622,45.32992933962127],[-75.81541561102763,45.329524953935156],[-75.81537469635971,45.32949994048157],[-75.81514297323723,45.3293582798908],[-75.81507298998501,45.32929729617594],[-75.81472356240748,45.329441311307946]]]},"properties":{"ZONE_CODE":"IP[178]","ZONE_MAIN":"IP","ZNAME_EN":"Industrial Zone","LABEL":null}},{"type":"Feature","geometry":{"type":"Polygon","coordinates":[[[-75.9174724253289,45.346047273983956],[-75.91752447820802,45.346011227916215],[-75.91759336192233,45.34596763457574],[-75.91759046575386,45.34596534337846],[-75.91765493694348,45.34593235429473],[-75.9191998874169,45.34495459687883],[-75.91925416542297,45.344920245342266],[-75.91928454914084,45.344901015720794],[-75.91928739410534,45.34489921694868],[-75.91931521672632,45.34488160299555],[-75.91931811828469,45.34487976886612],[-75.91933259283886,45.34487060895137],[-75.91947661793174,45.344774028836554],[-75.92205296550534,45.34683664952154],[-75.9230628838871,45.34619674562516],[-75.92413684765705,45.345516232201476],[-75.9241364281438,45.34551593230416],[-75.9234924375947,45.34505526289887],[-75.92272244575061,45.34445370309405],[-75.92258899382864,45.344349440950744],[-75.92244709774297,45.34423858135742],[-75.92151480188662,45.34351018857763],[-75.92167474602465,45.343406859779826],[-75.9232838002767,45.342373202794796],[-75.92431218802072,45.341708658372355],[-75.92330985501322,45.34103761585868],[-75.92266743292262,45.34060758933372],[-75.92174368004459,45.34115901681967],[-75.92103662596594,45.342021335693175],[-75.92087126498674,45.34226959221198],[-75.9203921449367,45.3424101584971],[-75.92035464027359,45.342421158070216],[-75.92038297044269,45.3424030319141],[-75.92096884538279,45.34202812263012],[-75.92103743265305,45.341503973474516],[-75.92085730157397,45.34136168245551],[-75.92093947765954,45.3409940704641],[-75.92140711634192,45.340643374909774],[-75.92181831567166,45.34058699817354],[-75.92198914918755,45.340153537707295],[-75.92176706588639,45.34000486464719],[-75.92173930614747,45.339986276777644],[-75.92161957149989,45.33990611991408],[-75.92150059143714,45.33982646492086],[-75.92149595702858,45.33982335767234],[-75.92330475617567,45.338672299476464],[-75.921939639439,45.33802098398719],[-75.92144440900263,45.33780228464537],[-75.91940404842983,45.33818880765651],[-75.91936506244481,45.33809354154708],[-75.91933529407292,45.338028985043394],[-75.91931774907711,45.33799350343511],[-75.91929807687069,45.33795563114601],[-75.9192761723508,45.33791554245076],[-75.91925201126291,45.33787355243729],[-75.91922584154209,45.33783028370945],[-75.91916603889698,45.337734101394965],[-75.91835405979648,45.33642806174519],[-75.91827671664717,45.33630166079997],[-75.91661492679636,45.33661814980697],[-75.9143035328242,45.33701381304139],[-75.91172527273737,45.338641450511204],[-75.91024912063833,45.33750330106078],[-75.91024688293493,45.33750356121904],[-75.90713182646523,45.33783306650287],[-75.90715613847009,45.33806240243283],[-75.9079947975345,45.338018176576625],[-75.9088736157837,45.33808964994803],[-75.90696751381998,45.33928103758684],[-75.9065606713194,45.339535324276014],[-75.90652648143967,45.339556689950925],[-75.905941248795,45.3399236463843],[-75.9059822146669,45.340036640431336],[-75.90601407611341,45.34003144254973],[-75.90604603367963,45.34002654648834],[-75.90607807928076,45.34002195161576],[-75.90611020752691,45.34001765919499],[-75.90614241212985,45.3400136711203],[-75.90617468949631,45.3400099861289],[-75.90620703333812,45.34000660611523],[-75.90623943557043,45.34000353171064],[-75.90627189349826,45.34000076228381],[-75.90630439993512,45.339998300360506],[-75.90633694859282,45.33999614404647],[-75.90636953587806,45.33999429523599],[-75.90640215460435,45.33999275392915],[-75.90643479938178,45.339991520757366],[-75.90646746392214,45.33999059508921],[-75.90650014283554,45.339989977556144],[-75.90653283073209,45.339989668158175],[-75.9065655213236,45.33998966689535],[-75.90659820832185,45.33998997439902],[-75.90663088633693,45.33999058940639],[-75.9067045697498,45.339993065221364],[-75.90677811302548,45.339997098128634],[-75.9068514532819,45.340002683076435],[-75.90692452314543,45.34000981690723],[-75.90699725614073,45.34001849330617],[-75.90706958669078,45.340028702169775],[-75.90714145281181,45.34004043592012],[-75.90721278713022,45.34005368571631],[-75.90728352496726,45.340068435771734],[-75.90735360523752,45.34008467598239],[-75.9074229632623,45.34010239056147],[-75.9074915361595,45.34012156372199],[-75.90755926464034,45.34014217841409],[-75.90762608582277,45.34016421569344],[-75.90769193951961,45.340187655352956],[-75.90775676734042,45.340212477185375],[-75.90782051179296,45.340238658457636],[-75.90788311269019,45.340266175805354],[-75.90794451792974,45.340295005232505],[-75.90800466912115,45.340325119586055],[-75.90853110703047,45.3406000161116],[-75.91037002040082,45.3415633844705],[-75.91045504863742,45.34160792768068],[-75.91047231425718,45.34161696184206],[-75.91048955292749,45.34162601936404],[-75.9105067691399,45.341635101509404],[-75.91052395840286,45.34164420701531],[-75.91054112161468,45.341653336513204],[-75.91055826057199,45.341662490634434],[-75.91057537347815,45.3416716674848],[-75.9105924621298,45.341680867695665],[-75.910609523832,45.34169009189846],[-75.91062656038136,45.341699339461776],[-75.9106435717779,45.34170861164833],[-75.91066055532666,45.34171790593258],[-75.9106775146209,45.34172722420868],[-75.91069444696569,45.341736566476634],[-75.91071135415766,45.34174593147361],[-75.91072823440015,45.341755320462454],[-75.91074508948984,45.34176473281168],[-75.91076191852837,45.34177416725849],[-75.91077871971912,45.34178362632856],[-75.91079549575704,45.34179310812754],[-75.9108082176981,45.341800324446695],[-75.9108209243678,45.341807554024435],[-75.91083361576615,45.34181479686069],[-75.9108462918931,45.34182205295553],[-75.91085895274873,45.34182932230895],[-75.91087159743468,45.34183660555229],[-75.91088422684923,45.34184390205415],[-75.91089684189076,45.341851211183176],[-75.91090943986431,45.34185853357075],[-75.91092202346482,45.341865869216825],[-75.91093459269227,45.3418732187528],[-75.91094714485173,45.34188058154733],[-75.91095968084153,45.34188795633754],[-75.91097220245827,45.3418953450177],[-75.91098470880367,45.3419027469563],[-75.91099719808106,45.341910161522016],[-75.9110096729854,45.34191758934622],[-75.91102213172009,45.3419250310603],[-75.91103457338676,45.3419324860329],[-75.91104700068041,45.341939953001145],[-75.91106100182243,45.34194839295975],[-75.9110749823032,45.34195684996497],[-75.91108894212272,45.34196532275398],[-75.9111028830776,45.341973812589586],[-75.91111680247293,45.341982318840365],[-75.91113070210532,45.34199084213773],[-75.91114458197478,45.3419993812189],[-75.91115844028467,45.34200793671517],[-75.91117227972994,45.34201650925806],[-75.91118609671733,45.342025097584624],[-75.91119989394176,45.34203370232637],[-75.91121367140327,45.342042324114615],[-75.91122742820355,45.34205096168661],[-75.91124116434254,45.342059615042345],[-75.91125487802368,45.34206828544457],[-75.91126857284019,45.34207697226187],[-75.91128224789375,45.34208567486286],[-75.91129589959111,45.34209439387897],[-75.91130953152556,45.34210312931016],[-75.91132314279875,45.34211188052501],[-75.91134119174943,45.34212353113011],[-75.9113592038692,45.342135210777315],[-75.91137717915804,45.34214691883509],[-75.91139511761594,45.34215865467204],[-75.9114130183446,45.34217041891954],[-75.91143088134403,45.34218221220905],[-75.91144870751253,45.34219403327765],[-75.9114664968501,45.34220588149401],[-75.9114842466618,45.34221775875224],[-75.9115019614392,45.342229663158136],[-75.91151963579242,45.34224159597452],[-75.91153727421302,45.34225355656999],[-75.91155487400607,45.34226554431302],[-75.91157243517156,45.34227756109791],[-75.9115899586078,45.342289604398964],[-75.9116074443148,45.342301676110395],[-75.91162489139427,45.34231377496944],[-75.91164229984616,45.34232590097596],[-75.91165966967047,45.342338054130046],[-75.91167700086726,45.34235023506303],[-75.91169945156284,45.342366094517665],[-75.9117218357831,45.34238200069132],[-75.911744153528,45.34239795168969],[-75.91176640659423,45.34241394877561],[-75.91178859408342,45.342429991317566],[-75.91181071599563,45.342446078684176],[-75.91183277143247,45.342462211506806],[-75.9118547594957,45.342478389154],[-75.91187668108356,45.34249461162568],[-75.9118985352978,45.34251087955327],[-75.9119203230367,45.342527191042535],[-75.91194204430026,45.34254354798759],[-75.9119636990885,45.34255994912561],[-75.91198528470647,45.342576393825205],[-75.91200680295077,45.34259288334905],[-75.91202825292312,45.3426094164344],[-75.91204963462353,45.34262599371256],[-75.91207094984858,45.342642614552084],[-75.91209219500506,45.3426592783216],[-75.91211337278789,45.342675985652406],[-75.91234399637246,45.342858481713776],[-75.91321549694534,45.34354806914777],[-75.91341807063517,45.34370834971949],[-75.91342891958887,45.34371690558891],[-75.91343983142461,45.34372542231134],[-75.9134508034475,45.343733899886715],[-75.91346183655581,45.34374233642097],[-75.91347293074958,45.343750734439645],[-75.9134840878254,45.34375909204862],[-75.91349530329173,45.34376740987926],[-75.9135065798435,45.34377568603747],[-75.91351791388743,45.34378392241737],[-75.9135293090168,45.343792117756266],[-75.9135407643333,45.3438002726855],[-75.91355227714199,45.343808385311014],[-75.91356384834117,45.34381645626417],[-75.91357547793085,45.34382448617634],[-75.913587165911,45.34383247315345],[-75.91359891317997,45.343840417826854],[-75.91361071614449,45.34384832082799],[-75.91362257570286,45.343856180894115],[-75.9136344918551,45.34386399928793],[-75.91364646639786,45.34387177348406],[-75.9136861126446,45.34389695358836],[-75.91372635267776,45.3439216626716],[-75.91376717392089,45.34394589252636],[-75.9138085637976,45.34396963620818],[-75.91385051332473,45.34399288929801],[-75.91389300902756,45.34401564169428],[-75.91393603922799,45.344037889609446],[-75.91397959045129,45.34405962736157],[-75.9140236537143,45.34408084611205],[-75.91406821554227,45.34410154144175],[-75.91411326066387,45.34412170830023],[-75.91415877829932,45.34414134037425],[-75.91420475766883,45.34416043071929],[-75.9142511826027,45.3441789768103],[-75.91429804142288,45.34419697170267],[-75.91434532334954,45.344214409714596],[-75.91439301041639,45.344231287689695],[-75.9144410936403,45.34424759805189],[-75.91448955595325,45.344263340801696],[-75.91453838567715,45.3442785071003],[-75.91487313208799,45.344363517472004],[-75.91523476956687,45.34394243129958],[-75.91698142236427,45.342853511392505],[-75.9160924495591,45.342123315191124],[-75.91683209092301,45.34165505961973],[-75.9172091273225,45.341953554044025],[-75.91773836707718,45.3423725051002],[-75.91698142236427,45.342853511392505],[-75.91806969809332,45.343665296963984],[-75.91748475740111,45.344145096442475],[-75.91631045810215,45.3451232605502],[-75.91644015596455,45.34522639933093],[-75.9174724253289,45.346047273983956]]]},"properties":{"ZONE_CODE":"IG6","ZONE_MAIN":"IG","ZNAME_EN":"Transportation Zones","LABEL":null}},{"type":"Feature","geometry":{"type":"Polygon","coordinates":[[[-75.82131885667957,45.32830955395552],[-75.8218506440564,45.329231578339055],[-75.82279682157885,45.3289533154194],[-75.82222467469293,45.32794118777477],[-75.82148364992348,45.3282416946314],[-75.82131885667957,45.32830955395552]]]},"properties":{"ZONE_CODE":"IP2[1343]","ZONE_MAIN":"IP","ZNAME_EN":"Industrial Zone","LABEL":null}},{"type":"Feature","geometry":{"type":"Polygon","coordinates":[[[-75.61208264625479,45.399499095698935],[-75.6119133883839,45.399387420719336],[-75.6108933055647,45.39871436122213],[-75.61089325975061,45.39871433094522],[-75.61086314283241,45.39869492406676],[-75.61062516294398,45.3985692488033],[-75.61036020754587,45.398474060364535],[-75.61036008717163,45.39847402630284],[-75.60992737229252,45.39835025359093],[-75.60979027590543,45.3983110415591],[-75.60905989796873,45.39810212577828],[-75.60905909487488,45.398101894283464],[-75.60889005349796,45.39804288831096],[-75.60867337356324,45.39793315766462],[-75.60852650620079,45.397843247773864],[-75.6080800857254,45.39756994764841],[-75.60799685142445,45.39763884981077],[-75.60797679114582,45.39765511260878],[-75.60795495579623,45.397672814843844],[-75.60732164801249,45.398186382881995],[-75.60725704477052,45.398146856610246],[-75.60650587352994,45.39768727170711],[-75.60652819666474,45.39766904340535],[-75.6071812943342,45.39713955781008],[-75.60726488796128,45.397070868875815],[-75.60720986884506,45.39703718418154],[-75.60653482443492,45.3966239011655],[-75.60629298628233,45.39647583630782],[-75.60627075926726,45.3964620566077],[-75.60624881342487,45.39644805423377],[-75.60622715594168,45.39643383170906],[-75.60620578951263,45.39641939155657],[-75.60618471862934,45.39640473819169],[-75.60616394688502,45.396389873506656],[-75.60614347966958,45.39637480065526],[-75.60612331967799,45.39635952279132],[-75.60610347409674,45.39634404369943],[-75.60608394472244,45.39632836527183],[-75.60606473604673,45.39631249255473],[-75.60604585076453,45.39629642744031],[-75.606027295164,45.396280173082474],[-75.60600907104185,45.39626373389655],[-75.6059911837879,45.3962471117748],[-75.60597363519882,45.39623031050182],[-75.60595642976618,45.39621333512386],[-75.60593957108325,45.39619618753318],[-75.60592306274327,45.396178870883546],[-75.60590690744121,45.39616139085201],[-75.60509293587744,45.39682277896961],[-75.60502275409755,45.396879704610456],[-75.60433961227342,45.39646173111782],[-75.60354496436972,45.395975517812346],[-75.60353431574033,45.395969002912224],[-75.60438727418746,45.39678298618113],[-75.60897133216656,45.39956907158488],[-75.6089791699674,45.3995627286657],[-75.60913062143273,45.399439556300074],[-75.60918325372525,45.39939675220654],[-75.60923339409113,45.39935597345737],[-75.61004540283602,45.399852734201325],[-75.61051347181144,45.4001390767259],[-75.61053944030967,45.40012797609805],[-75.61098989781394,45.39993542126711],[-75.61188565559445,45.399578599208276],[-75.61196647163067,45.39954640334074],[-75.61208264625479,45.399499095698935]]]},"properties":{"ZONE_CODE":"IL","ZONE_MAIN":"IL","ZNAME_EN":"Industrial Zone","LABEL":null}},{"type":"Feature","geometry":{"type":"Polygon","coordinates":[[[-75.79915911913118,45.33651240192452],[-75.79908901730134,45.336388985469114],[-75.79905843954737,45.336338714553584],[-75.79901458649015,45.336266603085924],[-75.79900659777233,45.33625346291009],[-75.79895610706347,45.33617044084821],[-75.79889852864703,45.33607078453427],[-75.79860808984094,45.33556809391053],[-75.79856885053103,45.335500182661285],[-75.79813820716696,45.334754795399675],[-75.79775182289863,45.33486854680415],[-75.79772698088776,45.334875859359556],[-75.79745397299145,45.33495623046976],[-75.7973809776881,45.334977720379634],[-75.79730798777464,45.33499921028142],[-75.79723499786117,45.335020696386096],[-75.7971620079477,45.33504218564008],[-75.79704322551432,45.33507715444209],[-75.79692443319946,45.33511212637997],[-75.79685144238768,45.3351336124418],[-75.79677844708432,45.33515510165289],[-75.79670545627256,45.33517658769847],[-75.79663247085065,45.33519807373589],[-75.79635748306745,45.33527902724199],[-75.79631495322863,45.335291546902276],[-75.79601392328536,45.33538016512861],[-75.79593586597537,45.335403145159944],[-75.79591179202407,45.33541023157809],[-75.79582814629471,45.335434850906836],[-75.79634375860655,45.33627670464531],[-75.79640322168846,45.33636811871907],[-75.79654472431201,45.336387419436974],[-75.79675962558248,45.336741146473024],[-75.7967823358912,45.33677852766695],[-75.79687490189133,45.33677113705615],[-75.79754775351385,45.33671741933497],[-75.79832588409442,45.33718393314293],[-75.7984863771031,45.33705434123774],[-75.79902119809064,45.33662249363388],[-75.79915911913118,45.33651240192452]]]},"properties":{"ZONE_CODE":"IP[1565] F(0.75)","ZONE_MAIN":"IP","ZNAME_EN":"Industrial Zone","LABEL":null}},{"type":"Feature","geometry":{"type":"Polygon","coordinates":[[[-76.25778105439323,45.43976550179197],[-76.2570702516449,45.43922477578401],[-76.25521654841171,45.44035503150207],[-76.2559272649218,45.44091436189986],[-76.25778105439323,45.43976550179197]]]},"properties":{"ZONE_CODE":"RG","ZONE_MAIN":"RG","ZNAME_EN":"Rural Industrial Zone","LABEL":null}},{"type":"Feature","geometry":{"type":"Polygon","coordinates":[[[-75.6347512767167,45.41071188370181],[-75.63267603815466,45.410210279260994],[-75.63205807988419,45.41006090421604],[-75.63118750008447,45.409850074360946],[-75.63120261783239,45.40986127208977],[-75.63123063987936,45.40988202723441],[-75.63123974969464,45.40988889053803],[-75.63127339339867,45.40991423613134],[-75.63129714934637,45.40993243904062],[-75.63131575884579,45.409946699790005],[-75.63132961356243,45.40995749704095],[-75.63135773352576,45.40997941379542],[-75.63138771300173,45.41000318147901],[-75.63139931204869,45.41001237814717],[-75.63141680224724,45.41002648184627],[-75.63144049351627,45.41004558779971],[-75.63146711329307,45.410067423797756],[-75.63148127523351,45.410079042752535],[-75.63149718799046,45.41009232218572],[-75.6315216527089,45.410112739221404],[-75.63156162324746,45.41014667594462],[-75.63158776242561,45.41016925416841],[-75.63160118505259,45.41018084913784],[-75.63162048894972,45.41019781527431],[-75.6316403354293,45.41021525690878],[-75.63165327296603,45.410226828535095],[-75.63167906898774,45.410249897365055],[-75.63171738482954,45.41028476735307],[-75.63175528115812,45.41031986498041],[-75.63178167455949,45.410344743076614],[-75.6317927552785,45.410355187724186],[-75.63181367434652,45.41037525844407],[-75.63182980180083,45.41039073180004],[-75.63184156344283,45.410402218254205],[-75.63186642072506,45.41042649531575],[-75.63187851384541,45.41043852032767],[-75.63190260845796,45.41046247700954],[-75.63191502407352,45.41047504562365],[-75.63193836140628,45.41049867183591],[-75.63197367867166,45.41053507916381],[-75.63199016185882,45.41060937574472],[-75.6320054062692,45.41067808794991],[-75.63202926552313,45.41078563202883],[-75.63205331521992,45.41089403608664],[-75.6320910004444,45.4110638975121],[-75.63214279011716,45.41129733466307],[-75.6321827543675,45.411477469676996],[-75.63259083205165,45.411485768092824],[-75.63290473036137,45.411545373624925],[-75.63313353306087,45.411601069847976],[-75.63314975393996,45.41157169594463],[-75.63316681384552,45.41154255977197],[-75.63318470648935,45.41151367142042],[-75.63320342378661,45.4114850441335],[-75.63322295765245,45.411456688001635],[-75.63324330090039,45.41142861563779],[-75.63326444544553,45.41140083965493],[-75.63328638140646,45.411373369512916],[-75.63330910069831,45.411346216563466],[-75.63333259433793,45.41131939278904],[-75.63335685244387,45.41129290891078],[-75.63338186423633,45.41126677501918],[-75.63340761983383,45.41124100246609],[-75.63343411115156,45.411215601342114],[-75.63346132381646,45.41119058173773],[-75.63348924884538,45.41116595500491],[-75.63351787456023,45.411141731234174],[-75.63354718838458,45.41111791862426],[-75.63357717953866,45.41109452789641],[-75.63360783454773,45.41107156977188],[-75.63361497166267,45.411066848866454],[-75.63366381665793,45.41103886018285],[-75.63371375310625,45.41101184455036],[-75.63376474238008,45.410985821519965],[-75.63381674225862,45.41096081190398],[-75.63386971591095,45.410936836514516],[-75.63392361842125,45.41091391174944],[-75.63397841026368,45.4108920577903],[-75.63403404742081,45.41087129040412],[-75.6340904876718,45.410851626619205],[-75.63414768430425,45.41083308094135],[-75.63420559509736,45.4108156685068],[-75.63426417423702,45.41079940255997],[-75.6343233750109,45.41078429634514],[-75.63438315340146,45.41077036058409],[-75.63444345910312,45.410757606629055],[-75.6345042489967,45.41074604520163],[-75.6345654736749,45.410735684500835],[-75.63462708552697,45.41072653272554],[-75.63468903604392,45.41071859744401],[-75.6347512767167,45.41071188370181]]]},"properties":{"ZONE_CODE":"IL[446]","ZONE_MAIN":"IL","ZNAME_EN":"Industrial Zone","LABEL":null}},{"type":"Feature","geometry":{"type":"Polygon","coordinates":[[[-75.63252516879764,45.40592877147097],[-75.63282864934502,45.4063551696147],[-75.63344273228336,45.40721185696702],[-75.63484509047676,45.40652397820687],[-75.63477315249048,45.40642368454597],[-75.6345909112688,45.40616955778566],[-75.63418041621826,45.40559794656564],[-75.63396585540927,45.405393582331754],[-75.6338510704789,45.40544613682736],[-75.63252516879764,45.40592877147097]]]},"properties":{"ZONE_CODE":"IL","ZONE_MAIN":"IL","ZNAME_EN":"Industrial Zone","LABEL":null}},{"type":"Feature","geometry":{"type":"Polygon","coordinates":[[[-75.60325031605822,45.38464074231026],[-75.60285040585666,45.38479992793624],[-75.6024030520317,45.38497833290919],[-75.60304983813793,45.386094661634026],[-75.60166266596441,45.38666173902418],[-75.60092377559208,45.38695990522126],[-75.60183202175168,45.38753058075263],[-75.60097423036834,45.38787400812399],[-75.60139570283164,45.38784543320812],[-75.60166502044878,45.387827172710736],[-75.60198897000822,45.38780520698506],[-75.6022418215062,45.38778806062843],[-75.60259113140442,45.387648205770724],[-75.60283815642946,45.38754930126739],[-75.60303047225705,45.387472301888636],[-75.60311199436909,45.38743966254413],[-75.60324046872607,45.387388222495076],[-75.60343084868424,45.38731199637597],[-75.60378654290918,45.387169578894444],[-75.60407686313768,45.387053335811686],[-75.60420996381835,45.38700004245808],[-75.60451022929533,45.386879814885305],[-75.60325031605822,45.38464074231026]]]},"properties":{"ZONE_CODE":"IL","ZONE_MAIN":"IL","ZNAME_EN":"Industrial Zone","LABEL":null}},{"type":"Feature","geometry":{"type":"Polygon","coordinates":[[[-75.60158641336984,45.38737894643638],[-75.60022128944665,45.38792505027047],[-75.60050860930205,45.387905573443284],[-75.60075016448533,45.38788919869558],[-75.60097423036834,45.38787400812399],[-75.60183202175168,45.38753058075263],[-75.60158897446672,45.38737786949743],[-75.60158641336984,45.38737894643638]]]},"properties":{"ZONE_CODE":"IL[1385]","ZONE_MAIN":"IL","ZNAME_EN":"Industrial Zone","LABEL":null}},{"type":"Feature","geometry":{"type":"Polygon","coordinates":[[[-75.61752614312746,45.380610800098715],[-75.6157281839509,45.38239065928059],[-75.61530806255378,45.38289792234858],[-75.61445010228717,45.38380473170394],[-75.61522722765294,45.38349305434143],[-75.61563489570528,45.38332955003084],[-75.61610267721981,45.38314193187344],[-75.6166299307994,45.3829304583167],[-75.61782412868023,45.382451465293556],[-75.61841749197654,45.38221346198859],[-75.61897092605678,45.38199146629529],[-75.61925120581533,45.38187903679558],[-75.61941756751774,45.38181230421141],[-75.62090526296818,45.38121552158959],[-75.62177099815358,45.380868220633424],[-75.6233639447143,45.380229158382875],[-75.6235683976797,45.38014713403301],[-75.62457579988036,45.3797429619111],[-75.62589842450745,45.37921230005016],[-75.62638597434812,45.379016678016036],[-75.62661054867758,45.37892656892548],[-75.62686211468638,45.37882563756303],[-75.62735256788204,45.378628858842355],[-75.62726813073692,45.378479482957566],[-75.62628954289733,45.37674824589839],[-75.62617311764325,45.376555406956456],[-75.62601707219356,45.37629694390406],[-75.62598745024705,45.376247878340216],[-75.62597446689625,45.376226375070196],[-75.62080363835672,45.37834216628556],[-75.62035930556605,45.378562008843055],[-75.61950595275854,45.379019342682604],[-75.61871696064787,45.37954202189412],[-75.61799285834174,45.38014876005917],[-75.6176260573466,45.3805118870684],[-75.61781096117481,45.38057879533568],[-75.61783235185834,45.38058668248003],[-75.61887856577084,45.38097242496242],[-75.61905117166279,45.38103266715469],[-75.61901929045335,45.38112765719271],[-75.61899397952193,45.38123460258345],[-75.61897204715426,45.38134157301038],[-75.61879149207034,45.38133237798467],[-75.6187706053417,45.38134558782835],[-75.61873221404139,45.38136986791168],[-75.61863503788723,45.38136854667566],[-75.61853796414097,45.38137196460091],[-75.6184414572317,45.38138010338871],[-75.61834598158836,45.3813929264412],[-75.61825199175848,45.381410370027986],[-75.61815993779805,45.381432352119674],[-75.61762935146876,45.38074609972978],[-75.61752614312746,45.380610800098715]]]},"properties":{"ZONE_CODE":"IL","ZONE_MAIN":"IL","ZNAME_EN":"Industrial Zone","LABEL":null}},{"type":"Feature","geometry":{"type":"Polygon","coordinates":[[[-75.48190517331871,45.48848185551528],[-75.48137958521565,45.48853790846635],[-75.48145937268086,45.48867274239442],[-75.48147253838967,45.48869628801204],[-75.48147256174586,45.48869633146572],[-75.4814892623253,45.488726082134214],[-75.48151133932173,45.4887654158933],[-75.4815520976828,45.48883803257305],[-75.48171934063251,45.48913598996921],[-75.48173152897428,45.48915770468452],[-75.48173158107657,45.489157700905956],[-75.48176083471378,45.4892098360889],[-75.48180315255021,45.48928523887189],[-75.48187565917004,45.48926743500004],[-75.48199652389825,45.4892377589289],[-75.48207583615469,45.489218280515416],[-75.48224344112545,45.489177118883624],[-75.48220802235043,45.489105832062954],[-75.4820948148617,45.48887798405031],[-75.48201376975507,45.48871486667374],[-75.48199890623039,45.488684923921326],[-75.48198208437837,45.48865140283175],[-75.48190517331871,45.48848185551528]]]},"properties":{"ZONE_CODE":"IL[2966]","ZONE_MAIN":"IL","ZNAME_EN":"Industrial Zone","LABEL":null}},{"type":"Feature","geometry":{"type":"Polygon","coordinates":[[[-75.90652978993488,45.337896738571615],[-75.90618576302882,45.337933121947316],[-75.90622719422804,45.33813056255589],[-75.9063406155158,45.338671061855855],[-75.9064326604931,45.33910965081443],[-75.90643972214953,45.33914329803943],[-75.90652648143967,45.339556689950925],[-75.90656066952276,45.33953532364462],[-75.90696751381998,45.33928103758684],[-75.90680003820663,45.33845653001316],[-75.90716915236361,45.33818520337128],[-75.90715613847009,45.33806240243283],[-75.90713182646523,45.3378330658714],[-75.90652978993488,45.337896738571615]]]},"properties":{"ZONE_CODE":"IG6[300]","ZONE_MAIN":"IG","ZNAME_EN":"Transportation Zones","LABEL":null}},{"type":"Feature","geometry":{"type":"Polygon","coordinates":[[[-75.91153993861616,45.280387126855715],[-75.909900312,45.281370255269465],[-75.9097704722038,45.28145124397158],[-75.91090908413146,45.28239282909515],[-75.91103809747761,45.28231590719392],[-75.91175574988002,45.28186390082286],[-75.91177980676332,45.281883893898076],[-75.91267089959256,45.281322645253745],[-75.91175923713995,45.28056865170804],[-75.91153993861616,45.280387126855715]]]},"properties":{"ZONE_CODE":"IL[2120]","ZONE_MAIN":"IL","ZNAME_EN":"Industrial Zone","LABEL":null}},{"type":"Feature","geometry":{"type":"Polygon","coordinates":[[[-75.71686629480435,45.343373028198066],[-75.71651133001141,45.34352749484167],[-75.71652444541458,45.343541439607876],[-75.71699287102116,45.344077583777825],[-75.71706243386181,45.3441564852387],[-75.71741725043273,45.34400399716096],[-75.7173478600686,45.34392314578448],[-75.7168847992009,45.34339314164819],[-75.71686629480435,45.343373028198066]]]},"properties":{"ZONE_CODE":"IG5[3073]","ZONE_MAIN":"IG","ZNAME_EN":"Transportation Zones","LABEL":null}},{"type":"Feature","geometry":{"type":"Polygon","coordinates":[[[-75.6480741924921,45.37090596857126],[-75.64663708566687,45.371492727498],[-75.64649946107039,45.37154891694636],[-75.64633291431502,45.37161691432084],[-75.64616346150973,45.37168609802669],[-75.64570062162758,45.37187506177267],[-75.64546575799486,45.37197094816546],[-75.64527970072984,45.372046907833976],[-75.64505263806706,45.372139608946604],[-75.64480017464129,45.37224267829988],[-75.64462247440336,45.37231522544151],[-75.64457499754228,45.37236360655858],[-75.64435576190056,45.37245340931427],[-75.64328222662701,45.37289314441149],[-75.64361026082605,45.373293755872574],[-75.6439476464872,45.373705781422686],[-75.64402058699332,45.37374085949305],[-75.64484307009441,45.37340584968584],[-75.64487179282732,45.373394149356216],[-75.64578680509763,45.37302143444038],[-75.64623920386123,45.37283715571294],[-75.64817656450187,45.372048215404355],[-75.64879593222902,45.37179598186532],[-75.64877229665558,45.371766835277306],[-75.64875821736013,45.37174947264781],[-75.64873287588598,45.37171822520226],[-75.6480741924921,45.37090596857126]]]},"properties":{"ZONE_CODE":"IL","ZONE_MAIN":"IL","ZNAME_EN":"Industrial Zone","LABEL":null}},{"type":"Feature","geometry":{"type":"Polygon","coordinates":[[[-75.89926550050775,45.2972485727107],[-75.89914827754971,45.297446073616904],[-75.89919951296193,45.297443254716875],[-75.89962767248423,45.2974084819524],[-75.8999249106387,45.29738411023104],[-75.8991909592038,45.29679863475469],[-75.89926550050775,45.2972485727107]]]},"properties":{"ZONE_CODE":"IG2[1542]","ZONE_MAIN":"IG","ZNAME_EN":"Transportation Zones","LABEL":null}},{"type":"Feature","geometry":{"type":"Polygon","coordinates":[[[-76.24128914999342,45.43216483975421],[-76.24249765444345,45.43141670204561],[-76.24211852317273,45.43112467357022],[-76.24180595077637,45.4308887229852],[-76.24147392266758,45.43108525166858],[-76.24114746231692,45.43085905021381],[-76.2401872701777,45.43144645143306],[-76.2411925945751,45.4322245942955],[-76.24128914999342,45.43216483975421]]]},"properties":{"ZONE_CODE":"RG1[93r]","ZONE_MAIN":"RG","ZNAME_EN":"Rural Industrial Zone","LABEL":null}},{"type":"Feature","geometry":{"type":"Polygon","coordinates":[[[-75.75286327045924,45.225005644314656],[-75.75363264156749,45.22468845744107],[-75.75357693973166,45.22457863171346],[-75.75319900142364,45.223829801624746],[-75.75228234793131,45.2242075301616],[-75.75278225589534,45.22489435321848],[-75.75286327045924,45.225005644314656]]]},"properties":{"ZONE_CODE":"RG[116r]","ZONE_MAIN":"RG","ZNAME_EN":"Rural Industrial Zone","LABEL":null}},{"type":"Feature","geometry":{"type":"Polygon","coordinates":[[[-75.60353431574033,45.395969002912224],[-75.60354496436972,45.395975517812346],[-75.60433961227342,45.39646173111782],[-75.60502275409755,45.396879704610456],[-75.60509293587744,45.39682277896961],[-75.60590690744121,45.39616139085201],[-75.60589765389545,45.39615112461896],[-75.6058885225206,45.39614080476625],[-75.60587951241831,45.39613043192462],[-75.6058706262835,45.39612000546329],[-75.60586186501455,45.39610952727453],[-75.60585322681477,45.396098999250775],[-75.60584471348083,45.39608841949955],[-75.60583632680934,45.3960777899133],[-75.60582806680031,45.396067112384344],[-75.60581993255539,45.39605638628182],[-75.60581192497297,45.396045612867354],[-75.6058040467479,45.39603479214094],[-75.60579629518533,45.39602392536408],[-75.60578867387845,45.396013013798374],[-75.6057811828273,45.396002058074615],[-75.60577382113354,45.39599105819275],[-75.6057665896955,45.39598001478354],[-75.60575948941151,45.39596893100106],[-75.60575252117985,45.395957804321924],[-75.60574568410222,45.395946637269425],[-75.60562958673322,45.39575428392348],[-75.60556396031015,45.39562457317675],[-75.60514599217474,45.39577124556164],[-75.60439103453523,45.3963850845099],[-75.60390941986364,45.39558639818781],[-75.60386779013675,45.39551735789969],[-75.60379625549403,45.395398724197655],[-75.60365061343366,45.39515719240939],[-75.60355858911764,45.39500458439585],[-75.6033405572184,45.39464300828999],[-75.6022416580128,45.395081172949325],[-75.60214580777199,45.39511938991298],[-75.6023444540274,45.395240947996335],[-75.60334202237064,45.39585134348448],[-75.60352872193107,45.395965580192275],[-75.60353431574033,45.395969002912224]]]},"properties":{"ZONE_CODE":"IL[283]","ZONE_MAIN":"IL","ZNAME_EN":"Industrial Zone","LABEL":null}},{"type":"Feature","geometry":{"type":"Polygon","coordinates":[[[-75.88478593104051,45.318412931176525],[-75.88479264504893,45.31842535539364],[-75.88598412911931,45.32032412767428],[-75.88611609971937,45.32053442799212],[-75.88720542378236,45.3200478852197],[-75.88767140327643,45.31983975028395],[-75.88821406206483,45.31811879814174],[-75.8884822244485,45.31726832372181],[-75.88851990787636,45.31714880890403],[-75.8884748780261,45.317144278501516],[-75.88834334400725,45.3171245410522],[-75.88766301750324,45.31701833986317],[-75.88761284389967,45.317170159020975],[-75.88754114127202,45.317382650328966],[-75.887470734015,45.317591305314934],[-75.88741449319001,45.31775797481821],[-75.88735802509125,45.317925323508646],[-75.88729972353099,45.318098097737405],[-75.88722255645146,45.318322599222356],[-75.88691665314776,45.3183032992965],[-75.88664708759562,45.31828091872687],[-75.88656710968755,45.318280290218745],[-75.88637814277932,45.31827880643418],[-75.88626433880924,45.318283329166],[-75.88595291805306,45.318305703418005],[-75.88538575142707,45.318356301119415],[-75.88478593104051,45.318412931176525]]]},"properties":{"ZONE_CODE":"IL1","ZONE_MAIN":"IL","ZNAME_EN":"Industrial Zone","LABEL":null}},{"type":"Feature","geometry":{"type":"Polygon","coordinates":[[[-75.8027629166076,45.159852402506566],[-75.8029189027685,45.15975781926865],[-75.80246246787432,45.159382345341214],[-75.80233229210818,45.15927526172026],[-75.80196436911726,45.159498340546065],[-75.80199583350839,45.159524225191475],[-75.80255097887927,45.15998090824032],[-75.8027629166076,45.159852402506566]]]},"properties":{"ZONE_CODE":"RG[21r]","ZONE_MAIN":"RG","ZNAME_EN":"Rural Industrial Zone","LABEL":null}},{"type":"Feature","geometry":{"type":"Polygon","coordinates":[[[-75.6398866451587,45.40374637889349],[-75.6398985172935,45.40386079389919],[-75.63989929523453,45.40386837568425],[-75.63994657626287,45.40432437583179],[-75.64000343423047,45.40432037778287],[-75.6401769968282,45.40430816919415],[-75.64038142194582,45.40429379034041],[-75.64054892810192,45.40428200810393],[-75.64065140341795,45.404274800383675],[-75.64075389041209,45.404267591401116],[-75.64083406055961,45.40426195224796],[-75.64097153693406,45.40425228161305],[-75.64108412907683,45.40424436182034],[-75.64114451472855,45.404240113374875],[-75.64119899126231,45.40423628182682],[-75.64128170004884,45.4042304635496],[-75.64137293115246,45.404224046099465],[-75.64151537161717,45.40421402478453],[-75.64162696662999,45.40420617436432],[-75.64174642908804,45.40419777081218],[-75.64184394480539,45.40419090997061],[-75.6423009869607,45.404158755835276],[-75.6426052571272,45.40413734895769],[-75.64327156901447,45.404090466473654],[-75.64362205750237,45.404065803848226],[-75.64395136371584,45.40404263094832],[-75.64377948905253,45.40358083667256],[-75.643521290782,45.403597264899695],[-75.64288169119803,45.403637958594885],[-75.64024094699495,45.403830306547974],[-75.64016659343889,45.40383348596734],[-75.64009241146105,45.40382544943418],[-75.64002901285986,45.40380627830556],[-75.63996584063415,45.40377215360486],[-75.6398866451587,45.40374637889349]]]},"properties":{"ZONE_CODE":"IP11[1490] S123","ZONE_MAIN":"IP","ZNAME_EN":"Industrial Zone","LABEL":null}},{"type":"Feature","geometry":{"type":"Polygon","coordinates":[[[-75.51958962165841,45.24602644336243],[-75.52067270422678,45.24795533083466],[-75.52149760020272,45.24942431662768],[-75.52177403337521,45.24994665567979],[-75.52207857573129,45.25052210133256],[-75.52236953196696,45.25107185498308],[-75.52889611320464,45.24813394833462],[-75.52969064792062,45.247776241596355],[-75.52989879565679,45.247682528584164],[-75.52955055295712,45.247489177888966],[-75.52865058926446,45.24698948995827],[-75.52831906421221,45.24680541323603],[-75.52798705496804,45.24663071853194],[-75.52778959808207,45.24672070743585],[-75.52778609285583,45.24672217475161],[-75.52705243067844,45.24702925970611],[-75.5268262106354,45.24689925671749],[-75.52680951005594,45.24690624858127],[-75.52643383550244,45.24669139400069],[-75.52613309391836,45.24651800182584],[-75.5255975426005,45.246743318641066],[-75.5252911398335,45.24639079064314],[-75.52646569605062,45.245793732612775],[-75.5261137127661,45.2455982813597],[-75.52528160601337,45.24601288949807],[-75.52483593652956,45.2462348929139],[-75.52439026345249,45.24645689419716],[-75.52385378058166,45.245819976483716],[-75.52193003480747,45.24662489226681],[-75.5209514020521,45.24546057215043],[-75.52180644548898,45.245102646815404],[-75.52314117581285,45.24454389770304],[-75.52359206271186,45.2443551383222],[-75.52379040892995,45.244269773607584],[-75.5233892877994,45.244010492822646],[-75.52896925762835,45.241627752409364],[-75.52762151610588,45.24074273561922],[-75.52482647816794,45.241927066600745],[-75.52328511197251,45.24258013355997],[-75.52287103623725,45.24275557063472],[-75.52203161899473,45.24311120464846],[-75.5218236437351,45.243205528609835],[-75.52032232353673,45.24238596789987],[-75.5204718499124,45.24227315358692],[-75.52116439350429,45.2417857020222],[-75.52072690767271,45.24136721223041],[-75.52256433163632,45.24057409331477],[-75.52305054658046,45.240372413881396],[-75.52232205510586,45.23997335792626],[-75.51872644667156,45.24149361870934],[-75.51840369636301,45.24131065639615],[-75.52212393885648,45.2397375153374],[-75.52008857381497,45.237314435858316],[-75.52291133286427,45.23613122454961],[-75.52329152594363,45.235971851086966],[-75.52060384297037,45.23280449254553],[-75.51320911277412,45.23592997025712],[-75.51081685695169,45.236929166224854],[-75.51066329264883,45.23699381891452],[-75.51280352611828,45.23818577067087],[-75.51348644156694,45.23856608520848],[-75.51383221928948,45.238758645221644],[-75.51398608722292,45.238694169757174],[-75.51401120771152,45.23868369594262],[-75.514071091205,45.23865872463535],[-75.51569808301666,45.23798025007291],[-75.51616451975322,45.23853846217982],[-75.51648278387522,45.238405234597806],[-75.51698371502037,45.23819554370229],[-75.51737276369182,45.23803267923544],[-75.51748504681413,45.237985674283316],[-75.51798637591295,45.237775805986864],[-75.51849015381923,45.237564913424116],[-75.51866589483153,45.23777457438612],[-75.51868796104816,45.237800900399435],[-75.51890081865136,45.23791643475221],[-75.5191978897192,45.238270240602056],[-75.51886404431858,45.23841016347608],[-75.51853019801963,45.23855008537298],[-75.5183052832287,45.23864435365152],[-75.51797143333651,45.238784273074074],[-75.51763758254602,45.23892419215209],[-75.51734051686807,45.23857038215092],[-75.51727071148228,45.23848838785507],[-75.51712290088881,45.23855119866923],[-75.51718694987024,45.23863474199854],[-75.5173983351347,45.23901805118303],[-75.51740120525203,45.23902325200437],[-75.5170673409868,45.239163169228824],[-75.51699822371052,45.23919213738235],[-75.51673404355851,45.23930411589402],[-75.51635691732751,45.239463960112005],[-75.51680499788954,45.23971279244957],[-75.51644505912486,45.240036222129675],[-75.51632966423843,45.24015021107763],[-75.51649396610388,45.24022801305717],[-75.51762200216571,45.24086751599075],[-75.51750128835447,45.24097214945206],[-75.51702324179118,45.24140167967983],[-75.51750553019924,45.242299487636124],[-75.51768553192093,45.24262677671096],[-75.51791168548864,45.24301542387156],[-75.51834269087375,45.24379071975078],[-75.51859060792587,45.24423666648968],[-75.51958962165841,45.24602644336243]]]},"properties":{"ZONE_CODE":"RH","ZONE_MAIN":"RH","ZNAME_EN":"Rural Industrial Zone","LABEL":null}},{"type":"Feature","geometry":{"type":"Polygon","coordinates":[[[-75.7146475925965,45.212120331497154],[-75.7162932460099,45.211444263303875],[-75.71544829245029,45.21069808343403],[-75.71530232340314,45.21058770287133],[-75.71519704264847,45.210802811678946],[-75.71516171729823,45.210866888438076],[-75.7151272031267,45.21093118599391],[-75.71509350462546,45.21099569801703],[-75.71506062269277,45.211060421342424],[-75.71502856002367,45.21112534964076],[-75.71499732021135,45.21119047784851],[-75.71496690505246,45.21125580090208],[-75.71493731814024,45.21132131310504],[-75.71490856037308,45.21138701002683],[-75.71488063354751,45.21145288597103],[-75.71485354215518,45.21151893587416],[-75.71482728709435,45.21158515467284],[-75.71480187016172,45.21165153603795],[-75.71477729405217,45.211718075538876],[-75.71475355966405,45.21178476811224],[-75.71473067059063,45.21185160742905],[-75.71470862683186,45.21191858969166],[-75.71468743198105,45.211985707938204],[-75.71466708693649,45.2120529571054],[-75.7146475925965,45.212120331497154]]]},"properties":{"ZONE_CODE":"RG[64r]","ZONE_MAIN":"RG","ZNAME_EN":"Rural Industrial Zone","LABEL":null}},{"type":"Feature","geometry":{"type":"Polygon","coordinates":[[[-75.70057964287054,45.334433860418535],[-75.70059014417623,45.33498812906838],[-75.70074267272157,45.33578269352909],[-75.70103969348374,45.33667957776546],[-75.70126899923979,45.33657761435231],[-75.70175349031692,45.336368404772614],[-75.70170818917546,45.33631622744491],[-75.70252222631626,45.33596470663414],[-75.7026097033603,45.33592693149737],[-75.7027074795891,45.33588312390097],[-75.70269244897777,45.3358666191621],[-75.70281633833352,45.33581324157716],[-75.70434841325398,45.33514570209741],[-75.70416961617309,45.33501697886434],[-75.70366014654117,45.334766907869536],[-75.70303075541207,45.3345082867201],[-75.7025323027188,45.33438856893595],[-75.70238572191894,45.33435801696184],[-75.7020700126056,45.33433279156846],[-75.70057510548006,45.33419442112496],[-75.70057964287054,45.334433860418535]]]},"properties":{"ZONE_CODE":"IG5[288]","ZONE_MAIN":"IG","ZNAME_EN":"Transportation Zones","LABEL":null}},{"type":"Feature","geometry":{"type":"Polygon","coordinates":[[[-75.95516430632925,45.2537098519652],[-75.95396952364517,45.254377039810215],[-75.95444946924695,45.25477052834795],[-75.95463060643917,45.25491903487962],[-75.95528581784446,45.25545619982051],[-75.95549926923407,45.255624405880276],[-75.95712207130326,45.25457503842199],[-75.95695372432407,45.25441651602114],[-75.95661425726641,45.254138219689835],[-75.95611736494679,45.25373085729062],[-75.955910956349,45.25356163886121],[-75.95588190123947,45.2535722066882],[-75.95579509074534,45.2536005768451],[-75.95554101664028,45.253673096421295],[-75.9554625074777,45.25369550565735],[-75.9553865001232,45.25371720028858],[-75.95520669962414,45.25372059999454],[-75.95516509954165,45.253710600077675],[-75.95516430632925,45.2537098519652]]]},"properties":{"ZONE_CODE":"RG1","ZONE_MAIN":"RG","ZNAME_EN":"Rural Industrial Zone","LABEL":null}},{"type":"Feature","geometry":{"type":"Polygon","coordinates":[[[-75.98007429181553,45.30273582474042],[-75.97947747090369,45.30313083692211],[-75.97908866208242,45.303388152536016],[-75.97904832143796,45.30341485692837],[-75.97894897585238,45.303480605976105],[-75.97866672968166,45.30366740220551],[-75.97860190455583,45.30371030403332],[-75.97838771834432,45.303852057188614],[-75.97810870610866,45.304036714729435],[-75.97781788372194,45.30422918226621],[-75.97757752868789,45.30439016866274],[-75.97721511686125,45.30463386350405],[-75.97693357496973,45.304823174985785],[-75.97645278135832,45.30514646380521],[-75.97577989290484,45.30559890444949],[-75.97566254957255,45.305677911329646],[-75.9762606469904,45.30617983043479],[-75.97667004429967,45.3065245300883],[-75.97678487414579,45.306621213345004],[-75.97693995390655,45.30675138663434],[-75.97720235090274,45.306971639409355],[-75.97745760719071,45.30718589753594],[-75.97767089239198,45.30736546969526],[-75.9781620058494,45.307780698914975],[-75.97871944821243,45.30741026219198],[-75.97896117138067,45.3072496255383],[-75.97930323726445,45.30702230409194],[-75.97958414584367,45.3068356218995],[-75.97986505352459,45.30664893972407],[-75.98014595851058,45.30646225630202],[-75.98042686169991,45.30627557226517],[-75.98048255994247,45.30623855633881],[-75.98070776309264,45.30608888382274],[-75.98079009548506,45.30603416465818],[-75.98098976222661,45.30590305338763],[-75.9812710139623,45.30571836970395],[-75.98154994445129,45.30553520554995],[-75.981803122936,45.30536895626579],[-75.98198379300428,45.30525031921187],[-75.98256473439682,45.304859865819324],[-75.98270336330978,45.30476669309348],[-75.98261944628919,45.304698822629376],[-75.98189140487055,45.30411000261712],[-75.98178242934513,45.304021864939244],[-75.98177147528855,45.30402862610236],[-75.98166238747372,45.30394055716702],[-75.98136311463512,45.30369894627656],[-75.98089579305801,45.303321672981866],[-75.98007429181553,45.30273582474042]]]},"properties":{"ZONE_CODE":"RG4","ZONE_MAIN":"RG","ZNAME_EN":"Rural Industrial Zone","LABEL":null}},{"type":"Feature","geometry":{"type":"Polygon","coordinates":[[[-75.59249750276857,45.37667167982866],[-75.59252929773973,45.376728281232175],[-75.59292321168675,45.377429688059706],[-75.5930664300925,45.37768469308144],[-75.5931153074271,45.377771702140834],[-75.59317220492058,45.377873019664634],[-75.59369608712291,45.37880580361453],[-75.59411345967527,45.379548909074956],[-75.59437097612451,45.38000739908657],[-75.59505682277596,45.379733894714555],[-75.59579912494974,45.379437871086395],[-75.59628728205155,45.379243179906794],[-75.5965400976169,45.379141542403396],[-75.59654791026492,45.3791384190145],[-75.59595861633686,45.37809038989767],[-75.59565288910294,45.37754666586026],[-75.59467528402027,45.37580834601494],[-75.59249750276857,45.37667167982866]]]},"properties":{"ZONE_CODE":"IH[1714]","ZONE_MAIN":"IH","ZNAME_EN":"Industrial Zone","LABEL":null}},{"type":"Feature","geometry":{"type":"Polygon","coordinates":[[[-75.62712859183057,45.37982688735907],[-75.62669761429324,45.38000874874844],[-75.62626663495926,45.38019060829093],[-75.62713481625718,45.38125819307078],[-75.62719195180418,45.38132845150066],[-75.62727409105882,45.38142945284891],[-75.62796352737813,45.381149723943686],[-75.62789668643279,45.381043816332166],[-75.62723374502447,45.379993492330456],[-75.62712859183057,45.37982688735907]]]},"properties":{"ZONE_CODE":"IL","ZONE_MAIN":"IL","ZNAME_EN":"Industrial Zone","LABEL":null}},{"type":"Feature","geometry":{"type":"Polygon","coordinates":[[[-75.95584569554025,45.27864486883581],[-75.95629956754091,45.27900454102965],[-75.95586127771718,45.27911468254242],[-75.9557310300858,45.279196498093164],[-75.9553098702362,45.279461041649725],[-75.955289557531,45.27947380246419],[-75.95518002594841,45.27954261271112],[-75.95714748374434,45.28108535433732],[-75.96392800074653,45.27677828343057],[-75.96347969380905,45.27642919546522],[-75.96180212325362,45.275122852631306],[-75.96154480623038,45.27492247103666],[-75.9612639479568,45.27470375379903],[-75.9609682836507,45.2744735052193],[-75.96075428698373,45.274306852579485],[-75.96065125561053,45.27422662238296],[-75.96054853954598,45.27414663102882],[-75.9603944632034,45.27402663651642],[-75.9601376716946,45.273826650577256],[-75.95955092898194,45.273369684869],[-75.95948030972251,45.273314692009755],[-75.95947773874417,45.273312692463826],[-75.95939416308339,45.273247701808884],[-75.95807921545871,45.27408924240812],[-75.95751265339891,45.27445181662213],[-75.95664329261302,45.27500815695696],[-75.9556139328919,45.27566686279368],[-75.95451320381807,45.27647191877918],[-75.95472233341283,45.2764596067358],[-75.95489899699493,45.276461926662066],[-75.95686678986246,45.2780087546047],[-75.95584626507214,45.27864449209933],[-75.95584569554025,45.27864486883581]]]},"properties":{"ZONE_CODE":"RG5[199r]","ZONE_MAIN":"RG","ZNAME_EN":"Rural Industrial Zone","LABEL":null}},{"type":"Feature","geometry":{"type":"Polygon","coordinates":[[[-75.97229587768669,45.24213984873988],[-75.97177405981289,45.242499780090675],[-75.9708121231454,45.24316327234458],[-75.97236161909413,45.244129535002614],[-75.97242226885055,45.24416735424955],[-75.97311055981787,45.244590376692514],[-75.97434969412414,45.243734249186105],[-75.97644939201474,45.24232955413002],[-75.97571592746672,45.241727573529026],[-75.97548323236711,45.24162263911421],[-75.97530604776215,45.241539919925806],[-75.97524701497323,45.2415091736857],[-75.97519881945993,45.241472761296],[-75.97510220026123,45.24142469844923],[-75.9749840673098,45.24137082140828],[-75.97478780069157,45.241310871454296],[-75.97470185976665,45.24127428625836],[-75.97457527007514,45.2412603707212],[-75.97449431929162,45.24126761755385],[-75.97423398931892,45.241430227962084],[-75.97414463389762,45.24148853070301],[-75.97412179962141,45.241511625339825],[-75.9740592696911,45.24156679891551],[-75.97399176578908,45.24161896480271],[-75.97391957447792,45.24166790099524],[-75.97391828270052,45.24166872074107],[-75.9736711813187,45.24182522367087],[-75.97359590878608,45.24186989904661],[-75.97351529487081,45.241911758420514],[-75.97343097809993,45.2419498036873],[-75.97334331869789,45.241983872297915],[-75.97325269395706,45.24201381625071],[-75.97322842686798,45.24202098771786],[-75.97315872568677,45.24204108844107],[-75.97311697109406,45.24205230737272],[-75.97308979076851,45.24205961039826],[-75.97304559545316,45.24206949345356],[-75.97294652026045,45.24209461696304],[-75.97282635172658,45.242115015574754],[-75.97266714330878,45.242129518508854],[-75.97249184516593,45.24213442302852],[-75.97235629927101,45.24210012617021],[-75.97235540724394,45.24210062901977],[-75.97235538927765,45.24210107114784],[-75.97235515391904,45.242100879495766],[-75.97229587768669,45.24213984873988]]]},"properties":{"ZONE_CODE":"RG[355r]","ZONE_MAIN":"RG","ZNAME_EN":"Rural Industrial Zone","LABEL":null}},{"type":"Feature","geometry":{"type":"Polygon","coordinates":[[[-75.95416297763823,45.276691679169744],[-75.95270747241769,45.27759795848834],[-75.95398562325168,45.27860324260212],[-75.95412150870978,45.27851859434518],[-75.95412437523386,45.278516808003516],[-75.95499636808351,45.27797374994806],[-75.95544115632003,45.277696739134385],[-75.9542472629681,45.27675795542413],[-75.95416297763823,45.276691679169744]]]},"properties":{"ZONE_CODE":"RG1[774r]","ZONE_MAIN":"RG","ZNAME_EN":"Rural Industrial Zone","LABEL":null}},{"type":"Feature","geometry":{"type":"Polygon","coordinates":[[[-75.63008058880486,45.41303149909525],[-75.62983395185202,45.412620757154286],[-75.62941767254935,45.41273528283065],[-75.62938263016844,45.41274492489698],[-75.62929769984822,45.41276828656374],[-75.6294266673803,45.413000757512854],[-75.62988082774018,45.41302210932162],[-75.63008058880486,45.41303149909525]]]},"properties":{"ZONE_CODE":"IL[263]","ZONE_MAIN":"IL","ZNAME_EN":"Industrial Zone","LABEL":null}},{"type":"Feature","geometry":{"type":"Polygon","coordinates":[[[-76.00512509271417,45.30214395274091],[-76.00439625718481,45.302604074000165],[-76.00481437893212,45.302943735010956],[-76.00607607083349,45.30214720422199],[-76.00617169380054,45.302086833804914],[-76.00602843137736,45.3019704563221],[-76.00593280841031,45.302030826863096],[-76.00539995203827,45.302367232257915],[-76.00512509271417,45.30214395274091]]]},"properties":{"ZONE_CODE":"RG","ZONE_MAIN":"RG","ZNAME_EN":"Rural Industrial Zone","LABEL":null}},{"type":"Feature","geometry":{"type":"Polygon","coordinates":[[[-75.38473096399638,45.432984678467065],[-75.38264402218283,45.431486848946584],[-75.38250048936672,45.4313838296193],[-75.38112010216854,45.4317539829394],[-75.38118737071196,45.43187813256444],[-75.38146523040912,45.432390943307766],[-75.38091898015621,45.43253766837671],[-75.38055480673329,45.432635488029376],[-75.38027694973107,45.43212267509527],[-75.38020948176165,45.4319981553344],[-75.37999338303692,45.43205609955244],[-75.3783407281542,45.43251445231443],[-75.3787363093744,45.43321851291647],[-75.37878368203091,45.433302826697044],[-75.37932551706419,45.43426719277054],[-75.38097011405881,45.433822832858006],[-75.38105367444822,45.43397372602911],[-75.3812681876465,45.433914853344824],[-75.3821786337802,45.43367030345043],[-75.38473096399638,45.432984678467065]]]},"properties":{"ZONE_CODE":"RG1[21r]","ZONE_MAIN":"RG","ZNAME_EN":"Rural Industrial Zone","LABEL":null}},{"type":"Feature","geometry":{"type":"Polygon","coordinates":[[[-75.88603211891841,45.316742136248045],[-75.88572685162192,45.31661245145538],[-75.88548356897836,45.31640553695384],[-75.88536512341321,45.31620241625648],[-75.8853336662086,45.31607466636173],[-75.88532469563216,45.315983870808125],[-75.8851616819508,45.316035987905735],[-75.8839240199833,45.3164400611842],[-75.88375045109734,45.31649658892819],[-75.88383603179784,45.3166549752137],[-75.88391526051093,45.31680160670158],[-75.88404449035109,45.317040774624324],[-75.88410528114301,45.31715327866495],[-75.88419398528572,45.31731744422497],[-75.88426308369738,45.31744532523325],[-75.88432088579435,45.31755229752835],[-75.88438947665784,45.317679238076956],[-75.88445792019768,45.317805901668976],[-75.88452767797274,45.31793499880358],[-75.88460326401739,45.318074882020674],[-75.88464728955114,45.31815635586063],[-75.88472535674258,45.31830082884991],[-75.88477652478119,45.31839552311863],[-75.88556856397729,45.318058785203625],[-75.88586486518892,45.31787539373029],[-75.88569816392334,45.31774996205475],[-75.88599290206635,45.316865596779216],[-75.88603211891841,45.316742136248045]]]},"properties":{"ZONE_CODE":"IL1[1438]","ZONE_MAIN":"IL","ZNAME_EN":"Industrial Zone","LABEL":null}},{"type":"Feature","geometry":{"type":"Polygon","coordinates":[[[-76.28227368349683,45.38524765793757],[-76.27962156033406,45.383254157591296],[-76.27951975695785,45.38331864295457],[-76.27647959393171,45.3852437191071],[-76.27645062595874,45.38526205930394],[-76.27635505868724,45.38532256443495],[-76.27727327704478,45.38601372528241],[-76.27839050278048,45.386854648228024],[-76.27900039238307,45.38731369159472],[-76.27909609440187,45.387253290800196],[-76.27912510818892,45.387234979008866],[-76.28227368349683,45.38524765793757]]]},"properties":{"ZONE_CODE":"RG1[89r]","ZONE_MAIN":"RG","ZNAME_EN":"Rural Industrial Zone","LABEL":null}},{"type":"Feature","geometry":{"type":"Polygon","coordinates":[[[-75.79904324903593,45.270283401874245],[-75.79922884277025,45.27077013093462],[-75.79924137516679,45.27079061723829],[-75.79927241285817,45.270841330054],[-75.7994236945419,45.271088541184575],[-75.79953669362149,45.27127317707963],[-75.80112549266056,45.27181155029189],[-75.80152048548423,45.2724569524008],[-75.80195185558536,45.273161762891405],[-75.80220192320424,45.27357033872003],[-75.80225341104308,45.27365446081236],[-75.8046694883902,45.27265198881202],[-75.80380778574212,45.27115200377618],[-75.80288269078108,45.269547125983635],[-75.80270706654976,45.269580420654954],[-75.80174887136545,45.26976227721605],[-75.80077865402765,45.26995539529462],[-75.79904324903593,45.270283401874245]]]},"properties":{"ZONE_CODE":"RG[199r]","ZONE_MAIN":"RG","ZNAME_EN":"Rural Industrial Zone","LABEL":null}},{"type":"Feature","geometry":{"type":"Polygon","coordinates":[[[-76.19611322649465,45.398289392771716],[-76.19624566242203,45.39830841060207],[-76.19626321729932,45.398310931173725],[-76.19654806049948,45.39835183557017],[-76.19683043602758,45.398172832570424],[-76.19692591885745,45.398112303979005],[-76.19662319828481,45.39787525916299],[-76.19627356499308,45.39760147475208],[-76.19610156187066,45.3974667844284],[-76.19610504553735,45.39747929979447],[-76.1961303986896,45.397515362275506],[-76.19613015704279,45.39756035471573],[-76.19614278645737,45.39758738498184],[-76.19614254660719,45.39763237736477],[-76.19612948600128,45.3976863349979],[-76.19612924615109,45.39773132793279],[-76.19612900630092,45.397776320831845],[-76.19611594389836,45.39783027769673],[-76.19611565733578,45.39788426857214],[-76.19611541748561,45.39792926198021],[-76.19612799839116,45.39796528948129],[-76.19615330303441,45.39801035094874],[-76.19615306408254,45.39805534299489],[-76.1961657393112,45.39807337436984],[-76.19617822499532,45.39812739970566],[-76.19620348202785,45.39818145842085],[-76.19619046993098,45.398226416899654],[-76.19617764827692,45.398235382098605],[-76.1961263661523,45.39827124035705],[-76.19612631764328,45.39828023897991],[-76.19611322649465,45.398289392771716]]]},"properties":{"ZONE_CODE":"RG2","ZONE_MAIN":"RG","ZNAME_EN":"Rural Industrial Zone","LABEL":null}},{"type":"Feature","geometry":{"type":"Polygon","coordinates":[[[-75.71069110665803,45.33676558083676],[-75.71149186759726,45.33767843593211],[-75.71198777715996,45.337461870208564],[-75.7133091046198,45.33688483957673],[-75.71495243588816,45.33616713701278],[-75.71525420963651,45.336695843575086],[-75.71530218416427,45.336779892883875],[-75.71687971832965,45.336097193787126],[-75.71680919878321,45.33602033021035],[-75.71639133215746,45.33554210939293],[-75.71672226971148,45.335398114825466],[-75.71714023335531,45.33587644673476],[-75.71721394012437,45.335952549586146],[-75.72072628191836,45.334432380214466],[-75.72182723107944,45.33395461076494],[-75.72147255554403,45.33333198746864],[-75.72109066554707,45.333498257028374],[-75.72097760448372,45.33329260593657],[-75.72109290504706,45.33324334646074],[-75.72102099401025,45.33316184253359],[-75.7215440003552,45.33293839951955],[-75.72170263025795,45.33287062594208],[-75.72125285726993,45.33208020944591],[-75.72096873631523,45.33182913779293],[-75.72153059928779,45.33158856843665],[-75.72103052603374,45.33101930380809],[-75.72050837488497,45.331247012114375],[-75.71988400893157,45.330534690726815],[-75.72054541871232,45.330246262738655],[-75.71991552452667,45.32952587851133],[-75.7197156987833,45.32961523076788],[-75.71870563936605,45.32781822883636],[-75.71662751541533,45.32873036040991],[-75.71642515911779,45.32837370345065],[-75.71850418407874,45.32746541046431],[-75.7180650363639,45.32666189360491],[-75.71791365586547,45.326395880741956],[-75.71776303983336,45.32613119041923],[-75.71707516298937,45.32643095025061],[-75.7165936013184,45.32588051555472],[-75.71647744196564,45.32574774113049],[-75.7158566647818,45.326553742938515],[-75.7157992651301,45.32662858569743],[-75.71538521364934,45.32716924530446],[-75.71517409787948,45.32744491115443],[-75.71431749586557,45.328563392881975],[-75.7143085046279,45.328575132165895],[-75.71424766712359,45.32865456868091],[-75.71377479036477,45.3292719876908],[-75.7136877822413,45.32938558906451],[-75.71343780984382,45.32971196178569],[-75.713017059626,45.33025669882137],[-75.71299338722163,45.330287347737915],[-75.71292661993812,45.33037378869554],[-75.71288811814505,45.33042363546504],[-75.71274244194868,45.33061223559061],[-75.71271525174166,45.33064743700445],[-75.71263413566814,45.33075245253114],[-75.71261496202673,45.330777276604984],[-75.7123105912489,45.331171323533525],[-75.7122269904353,45.33127955379661],[-75.71187085244259,45.33174061000031],[-75.71132572777871,45.332446310642474],[-75.71120635515219,45.33260084309231],[-75.71075728734165,45.333182173058326],[-75.71018570100448,45.33392793970669],[-75.7101028125549,45.33403608513406],[-75.70996755681583,45.33421255306651],[-75.70990420492703,45.334295207315414],[-75.70865921450343,45.33591948204879],[-75.70835076627252,45.33633214668454],[-75.70825977412076,45.33645388230714],[-75.70780803831384,45.337058232907935],[-75.70778628381261,45.3370873367578],[-75.70777234106107,45.337105990619115],[-75.70770464761452,45.33719655215201],[-75.70753143715638,45.33742827565786],[-75.70822461495885,45.337378338441006],[-75.70834138157274,45.33751169874199],[-75.70842325223111,45.33760520850228],[-75.70975867425777,45.33703858006546],[-75.71061269990342,45.33667619565856],[-75.71069110665803,45.33676558083676]]]},"properties":{"ZONE_CODE":"IH1","ZONE_MAIN":"IH","ZNAME_EN":"Industrial Zone","LABEL":null}},{"type":"Feature","geometry":{"type":"Polygon","coordinates":[[[-75.37932551706419,45.43426719277054],[-75.37878368203091,45.433302826697044],[-75.3787363093744,45.43321851291647],[-75.3783407281542,45.43251445231443],[-75.37556262705263,45.43324401256889],[-75.37630695492737,45.434550997581866],[-75.37656081523339,45.435015718188595],[-75.37668079871432,45.434983229228884],[-75.37911074065954,45.43432522417168],[-75.37921812796357,45.43429620879376],[-75.37932551706419,45.43426719277054]]]},"properties":{"ZONE_CODE":"RG1","ZONE_MAIN":"RG","ZNAME_EN":"Rural Industrial Zone","LABEL":null}},{"type":"Feature","geometry":{"type":"Polygon","coordinates":[[[-75.8999249106387,45.29738411023104],[-75.89962767248423,45.2974084819524],[-75.89919951296193,45.297443254716875],[-75.89967203308959,45.29847181913675],[-75.89978833707112,45.298500137788345],[-75.8999601928698,45.29854199396293],[-75.90013180702168,45.298583795132544],[-75.90032848866156,45.2986316933345],[-75.90052543710107,45.29867965594822],[-75.90106582764341,45.2983043630832],[-75.89992644855447,45.2973839844831],[-75.8999249106387,45.29738411023104]]]},"properties":{"ZONE_CODE":"IG2[1540]","ZONE_MAIN":"IG","ZNAME_EN":"Transportation Zones","LABEL":null}},{"type":"Feature","geometry":{"type":"Polygon","coordinates":[[[-76.06666917678406,45.30637670002185],[-76.06688790757259,45.30647190259597],[-76.06995146991525,45.30802720955873],[-76.07013463191012,45.30789854663154],[-76.07031336071907,45.307788545665446],[-76.07097870512077,45.307379048084],[-76.0688679777151,45.30586530937882],[-76.0683248841421,45.3054769887873],[-76.06817196033802,45.30535087448179],[-76.06666917678406,45.30637670002185]]]},"properties":{"ZONE_CODE":"RG1[222r]","ZONE_MAIN":"RG","ZNAME_EN":"Rural Industrial Zone","LABEL":null}},{"type":"Feature","geometry":{"type":"Polygon","coordinates":[[[-75.69853423017257,45.20312094340725],[-75.69869513730457,45.20302012404297],[-75.69880693354001,45.2031108833156],[-75.69885236044561,45.203092808186106],[-75.69914140326975,45.20331525840577],[-75.69942211152467,45.20353129982699],[-75.6997070876755,45.20331005811467],[-75.6997226159535,45.20329769286358],[-75.69973830053837,45.20328542571658],[-75.69975413514189,45.203273256673775],[-75.69977012335731,45.20326118763404],[-75.69978626248971,45.20324921986337],[-75.69980254984412,45.20323735272888],[-75.69981898542056,45.203225588762386],[-75.69983556832071,45.20321392669807],[-75.69985229764625,45.20320236970072],[-75.6998691689056,45.20319091903638],[-75.69988618389539,45.20317957343909],[-75.69990334081899,45.203168334807835],[-75.69992063698147,45.20315720440861],[-75.69993807238284,45.20314618224137],[-75.69995564612474,45.20313527020512],[-75.69997335551224,45.20312446829986],[-75.69999119874873,45.20311377779163],[-75.7000091749359,45.20310319931335],[-75.7000272840737,45.20309273476398],[-75.70004552346722,45.20308238287769],[-75.69993728006875,45.202996559306605],[-75.69991618043936,45.20297983169247],[-75.69896545564492,45.20222609465182],[-75.69825587101211,45.202672451096724],[-75.69820192628099,45.20262961655511],[-75.69799408846359,45.20246458167774],[-75.69760551679755,45.20270697492645],[-75.69786724993874,45.20291690434903],[-75.69812898397822,45.20312683362993],[-75.69822241325936,45.20306840418875],[-75.69822570378824,45.20307104675302],[-75.69822653293325,45.20307053343099],[-75.69822671529124,45.20307067774347],[-75.69824312391822,45.2030605264982],[-75.69824735947479,45.20305790482077],[-75.69836320621383,45.20298622575835],[-75.69848227970138,45.20308002197645],[-75.69848823822666,45.20308471529614],[-75.69853168255044,45.20311893632605],[-75.69853423017257,45.20312094340725]]]},"properties":{"ZONE_CODE":"RG[708r]","ZONE_MAIN":"RG","ZNAME_EN":"Rural Industrial Zone","LABEL":null}},{"type":"Feature","geometry":{"type":"Polygon","coordinates":[[[-75.68444211486715,45.35422733890446],[-75.68496434506768,45.35483578540386],[-75.68496894803519,45.354840045769464],[-75.68486637570112,45.35488244677378],[-75.6838074892549,45.3553351019806],[-75.68243247038885,45.35599674935869],[-75.69083961269008,45.35253934990945],[-75.69203407916717,45.35131785248633],[-75.69213949646577,45.35121016429875],[-75.69231470118383,45.351018786236416],[-75.69244089112506,45.35088094772252],[-75.690200482925,45.34851548007684],[-75.6880796548623,45.349387809478074],[-75.68442202404582,45.35089209211203],[-75.68714683259316,45.35192808083718],[-75.68683270341641,45.35205734767368],[-75.68514725014435,45.35141647504541],[-75.6841078733095,45.35102128240209],[-75.67873888180819,45.353248720411045],[-75.67912336524137,45.35410589968503],[-75.68084668340094,45.35349298412642],[-75.68173439137819,45.35341601159776],[-75.68285212645866,45.353799115106156],[-75.68337942764897,45.3541364100714],[-75.6835638805229,45.35363753364657],[-75.68409647099358,45.35359958218152],[-75.68444211486715,45.35422733890446]]]},"properties":{"ZONE_CODE":"IL","ZONE_MAIN":"IL","ZNAME_EN":"Industrial Zone","LABEL":null}},{"type":"Feature","geometry":{"type":"Polygon","coordinates":[[[-75.565564749316,45.34568080108674],[-75.56551757788212,45.34559852649002],[-75.5654898298213,45.345550138265956],[-75.56529890278912,45.34521713592827],[-75.56560371463978,45.345095329492025],[-75.56563753351527,45.34508181633268],[-75.5659760600368,45.34494653871535],[-75.56583010715936,45.344691999157035],[-75.56568447318382,45.344438023534636],[-75.5655386766132,45.34418376580977],[-75.56502841646382,45.34329385919968],[-75.56525344713742,45.34320380684713],[-75.56576077159247,45.34300076833949],[-75.56499450506185,45.34166315487328],[-75.56267979900126,45.342580650062445],[-75.56436716029496,45.34552688707851],[-75.56439647501765,45.345577695964735],[-75.56458773083321,45.34591061284212],[-75.56461551931821,45.34595898686824],[-75.56466275183753,45.34604121800878],[-75.565564749316,45.34568080108674]]]},"properties":{"ZONE_CODE":"RG[255r]","ZONE_MAIN":"RG","ZNAME_EN":"Rural Industrial Zone","LABEL":null}},{"type":"Feature","geometry":{"type":"Polygon","coordinates":[[[-76.12685500724606,45.267912026590956],[-76.12515977401553,45.266634908453355],[-76.12254376941537,45.26842668796188],[-76.1241201950597,45.26966931234988],[-76.12416160200442,45.26970195198227],[-76.12429164032832,45.26980445995493],[-76.12587890773979,45.26862099410018],[-76.12654936086054,45.268121083046665],[-76.12685500724606,45.267912026590956]]]},"properties":{"ZONE_CODE":"RG1[201r]","ZONE_MAIN":"RG","ZNAME_EN":"Rural Industrial Zone","LABEL":null}},{"type":"Feature","geometry":{"type":"Polygon","coordinates":[[[-76.2861857540327,45.410442587313796],[-76.28703971050807,45.40989034354272],[-76.28740445705617,45.40965445934187],[-76.28733341918182,45.40960306789185],[-76.28641205312749,45.408936483313],[-76.28636109978626,45.40896834525837],[-76.28516894916596,45.40971430077642],[-76.2861857540327,45.410442587313796]]]},"properties":{"ZONE_CODE":"RG1[21r]","ZONE_MAIN":"RG","ZNAME_EN":"Rural Industrial Zone","LABEL":null}},{"type":"Feature","geometry":{"type":"Polygon","coordinates":[[[-75.61626806335182,45.402181363385615],[-75.61698134545034,45.403370936274925],[-75.61763127925336,45.40319332982029],[-75.61942549065854,45.40270299967225],[-75.62033458392943,45.40245442171324],[-75.62053686836175,45.40251720113195],[-75.62070972488365,45.402469933190496],[-75.62067878241369,45.40241384700379],[-75.62039994085792,45.402376279577844],[-75.62022201783782,45.402305328907836],[-75.61994037892825,45.40215530096597],[-75.61975132937502,45.40200598661487],[-75.61962353144945,45.4018875841385],[-75.61939066746656,45.40177706938621],[-75.6191321691587,45.401727239408594],[-75.61886190022568,45.40172977811905],[-75.61886011527322,45.40172988534411],[-75.61885833032076,45.40172999383062],[-75.61885654716491,45.40173010420933],[-75.61885476221245,45.401730217110966],[-75.6188529781583,45.401730331904844],[-75.61885119410412,45.40173044859091],[-75.61884941184663,45.401730568430665],[-75.61884762779246,45.40173068953187],[-75.61884584553493,45.4017308125253],[-75.61884406327742,45.40173093804167],[-75.61884228191822,45.401731065450235],[-75.61884049876237,45.40173119538174],[-75.61883871740316,45.40173132720544],[-75.61883693694227,45.40173146092137],[-75.61883515558306,45.401731596529494],[-75.61883337602049,45.4017317346606],[-75.61883159555958,45.401731875314596],[-75.61882981509869,45.40173201786084],[-75.61882803553611,45.40173216166851],[-75.61882625687186,45.40173230799913],[-75.61882622273586,45.40173231115281],[-75.61881280549879,45.40173348558227],[-75.61879941071957,45.401734779220696],[-75.61878604109322,45.401736192698834],[-75.61877269661966,45.40173772475518],[-75.61875938179053,45.40173937602048],[-75.6187460975041,45.401741146494714],[-75.61873284645534,45.40174303554717],[-75.61871962954258,45.40174504191631],[-75.61870645035906,45.4017471662329],[-75.61869330980308,45.401749408496876],[-75.61868021146792,45.40175176744685],[-75.61866715715018,45.401754243082685],[-75.61865414595162,45.40175683477369],[-75.61864118505872,45.40175954315063],[-75.61862827267481,45.40176236632121],[-75.6186154123932,45.40176530491615],[-75.6186026051122,45.40176835767399],[-75.61858985532336,45.40177152459476],[-75.6185771621284,45.40177480504761],[-75.61856453001887,45.401778199032556],[-75.6185581304208,45.401779963829],[-75.61823196741248,45.4018699488202],[-75.61707350271703,45.4021877690839],[-75.61684921225522,45.402230777311715],[-75.61661262295884,45.40223950850526],[-75.61637885347413,45.402212406669236],[-75.61626806335182,45.402181363385615]]]},"properties":{"ZONE_CODE":"IL","ZONE_MAIN":"IL","ZNAME_EN":"Industrial Zone","LABEL":null}},{"type":"Feature","geometry":{"type":"Polygon","coordinates":[[[-75.62772474080258,45.421208296293045],[-75.62805674645348,45.42112216053061],[-75.6283312284852,45.42106266725055],[-75.62862983657045,45.420997944372125],[-75.6294888218148,45.420853543043876],[-75.6304436294522,45.42068814301528],[-75.63071404121735,45.42064886641147],[-75.63086461143537,45.42062817701501],[-75.63131296867851,45.420577664414104],[-75.63106902846816,45.42013432411088],[-75.63036877194126,45.41886162844882],[-75.62928199280547,45.41883135475148],[-75.62858640751804,45.418929479380175],[-75.62688772565512,45.41939171250812],[-75.6268438438518,45.41931280247595],[-75.6262305846686,45.419479130901316],[-75.62691161096022,45.42071857650052],[-75.62750342376435,45.420831474139796],[-75.62772474080258,45.421208296293045]]]},"properties":{"ZONE_CODE":"IL2 F(0.7) H(14)","ZONE_MAIN":"IL","ZNAME_EN":"Industrial Zone","LABEL":null}},{"type":"Feature","geometry":{"type":"Polygon","coordinates":[[[-75.70577185939868,45.336842437087334],[-75.70637262032135,45.33785788810459],[-75.70612016228547,45.33795368502605],[-75.70497920934815,45.33844935873159],[-75.7050777401618,45.33862336860862],[-75.70512661390313,45.33884037063308],[-75.70509131550236,45.33901825442666],[-75.70504632517797,45.339139879456525],[-75.70408122374575,45.340479412065505],[-75.70507622560221,45.340332898688054],[-75.70513480923347,45.3402564626504],[-75.70533792191247,45.339991456983505],[-75.70603165487378,45.339086304792374],[-75.70635093229544,45.3386697168905],[-75.70649312841837,45.33848417640951],[-75.70673427127494,45.33816953281033],[-75.7070116126442,45.33780763806801],[-75.70706820740538,45.33773379135325],[-75.70710336926226,45.33768790831541],[-75.70715877375572,45.33761560471044],[-75.70728896119995,45.337445742275655],[-75.70753143715638,45.33742827565786],[-75.70770464761452,45.33719655215201],[-75.70777234106107,45.337105990619115],[-75.70778628381261,45.3370873367578],[-75.70780803831384,45.337058232907935],[-75.70825977412076,45.33645388230714],[-75.70835076627252,45.33633214668454],[-75.70865921450343,45.33591948204879],[-75.70990420492703,45.334295207315414],[-75.70996755681583,45.33421255306651],[-75.7101028125549,45.33403608513406],[-75.71018570100448,45.33392793970669],[-75.71075728734165,45.333182173058326],[-75.71120635515219,45.33260084309231],[-75.71132572777871,45.332446310642474],[-75.71187085244259,45.33174061000031],[-75.71177210872824,45.33174382378707],[-75.71165688811496,45.33174757373106],[-75.71014584275531,45.33179674672722],[-75.71002468158306,45.331800667176964],[-75.70994561636333,45.3316793225647],[-75.7100530135488,45.33162769917814],[-75.71054714265063,45.33139039329473],[-75.71104807020251,45.331149820180286],[-75.7111574140372,45.33109730712598],[-75.71074210132178,45.33050618851515],[-75.71053338495204,45.3302091090056],[-75.71034245522492,45.32993733866307],[-75.71004408249824,45.3295126306725],[-75.71028960913338,45.32949155487463],[-75.71095691815061,45.32943427340318],[-75.7114068115129,45.32939564827494],[-75.71171146436173,45.32936949230324],[-75.71174562459704,45.329324910414506],[-75.71214894210847,45.3287985545012],[-75.71212875876066,45.328681572523514],[-75.71208723952655,45.32857462629299],[-75.71177500669336,45.32866106418053],[-75.71144700752859,45.32870502640944],[-75.7106659960509,45.328757403372464],[-75.71011985898572,45.32879215059204],[-75.70973644364942,45.32889735712845],[-75.70793574461126,45.32968223207911],[-75.70717420411735,45.32990228521908],[-75.70607887840995,45.33018742277381],[-75.70563970284734,45.3303769684572],[-75.70530909048344,45.330605782627195],[-75.70501069619718,45.33087334316742],[-75.7047895345675,45.33107980886843],[-75.70457597627838,45.331521300985024],[-75.70456650893361,45.33151914624272],[-75.70429719131647,45.33203051822353],[-75.70413516488362,45.332100590879925],[-75.70413055832283,45.33210258266995],[-75.702732883047,45.33270702517695],[-75.70273216349648,45.33270698097157],[-75.70273203144411,45.332707384503664],[-75.70223814578574,45.33292100855485],[-75.70223830299092,45.332921522598504],[-75.70223724477553,45.33292198043833],[-75.70235268637437,45.33329972419377],[-75.70235357211324,45.333299479172155],[-75.7039563192937,45.332876754686005],[-75.70400568261688,45.33307780806283],[-75.70413228129155,45.333255236334544],[-75.70437983811924,45.33344961533578],[-75.70422306233924,45.33348427695074],[-75.70254194523505,45.33391714182399],[-75.70253877328379,45.33405411293033],[-75.7025323027188,45.33438856893595],[-75.70303075541207,45.3345082867201],[-75.70366014654117,45.334766907869536],[-75.70416961617309,45.33501697886434],[-75.70434841325398,45.33514570209741],[-75.70510863232609,45.3358740269406],[-75.70577185939868,45.336842437087334]],[[-75.70910960643069,45.33316095401235],[-75.70841152472508,45.33407277536871],[-75.70748998709256,45.33372117369329],[-75.70743837528622,45.33370147864554],[-75.70813639680469,45.332791355110636],[-75.70910960643069,45.33316095401235]],[[-75.70651599772889,45.33535971351803],[-75.70731599510012,45.33627249276825],[-75.70726607032988,45.33629424613126],[-75.70723378487857,45.336308329075564],[-75.70687075321437,45.33646652547455],[-75.70690148368193,45.33650178955333],[-75.70683082669326,45.3365325866414],[-75.7067646253484,45.33656143565053],[-75.70660921141436,45.336383101482085],[-75.70642687407293,45.336173873502666],[-75.70636023614684,45.33620275616229],[-75.70604453222337,45.3358437618241],[-75.70605562372221,45.33583896264709],[-75.70605650766444,45.33583874478973],[-75.70605737813194,45.33583852377496],[-75.70605824770115,45.33583828760492],[-75.70605911906696,45.33583803312226],[-75.7060599787547,45.335837778008056],[-75.70606083844243,45.33583751468479],[-75.70606168196048,45.335837231785916],[-75.70606252817348,45.33583694004645],[-75.70606336450498,45.335836639466386],[-75.70606418287022,45.335836332571596],[-75.70606500572701,45.33583601304742],[-75.70606581421077,45.3358356859456],[-75.7060666092198,45.33583534116258],[-75.70606740333051,45.33583499385368],[-75.70606818845808,45.33583463265242],[-75.70606895921257,45.33583426766232],[-75.70606972996711,45.33583388625402],[-75.70607048634857,45.33583349663657],[-75.70607123374688,45.335833105124706],[-75.70607196677217,45.33583269593164],[-75.70607269979743,45.33583227916095],[-75.70607342114461,45.335831860495844],[-75.70607411644063,45.335831424149546],[-75.70607481173667,45.33583098022556],[-75.70607550523607,45.33583053377573],[-75.70607617627758,45.33583006964471],[-75.70607683384436,45.33582960803956],[-75.70607747524149,45.33582913506792],[-75.70607812292681,45.33582865325568],[-75.70607874096771,45.335828161971406],[-75.70607935900864,45.33582766374092],[-75.70607995459167,45.33582715540692],[-75.70608054837808,45.33582664644143],[-75.70608112868975,45.33582612737242],[-75.70608168474689,45.33582560135725],[-75.70608224170239,45.335825065238474],[-75.70608277350503,45.335824519647694],[-75.70608329183295,45.33582397342538],[-75.70608381016086,45.33582341962543],[-75.7060842997427,45.335822865825506],[-75.706084782138,45.33582230255346],[-75.70608524836364,45.33582172791498],[-75.70608570470779,45.335821146961756],[-75.70608614667891,45.33582056600854],[-75.70608656259891,45.3358199749518],[-75.70608697672225,45.33581938326356],[-75.70608736928602,45.335818792206766],[-75.7060877492734,45.3358181834688],[-75.70608811309108,45.33581758167703],[-75.70608846792562,45.33581696283554],[-75.70608880569216,45.33581635346608],[-75.70608912189914,45.335815727678366],[-75.70608942373308,45.33581510820536],[-75.70608971209228,45.33581447926028],[-75.7060899896717,45.335813852209625],[-75.70609024030168,45.33581321568688],[-75.70609049362659,45.335812578532654],[-75.70609072000204,45.33581193948402],[-75.7060909176314,45.33581129475213],[-75.70609111885402,45.33581064812584],[-75.70609129582213,45.33581000086803],[-75.70609145482393,45.335809352978806],[-75.70609160753754,45.33580869877481],[-75.7060917288101,45.33580805088553],[-75.7060918527776,45.33580739605008],[-75.70609193991419,45.33580673868871],[-75.70609202525414,45.335806083221755],[-75.70609208723788,45.33580541765129],[-75.70609214473008,45.33580476028988],[-75.70609216808627,45.335804104191446],[-75.70609219054415,45.33580344683007],[-75.70609218605257,45.335802780628036],[-75.70609217078122,45.335802124529565],[-75.70609214203513,45.33580146653669],[-75.70609208454295,45.3358008104382],[-75.70609201986426,45.33580015118235],[-75.70609193901586,45.33579949571533],[-75.70609184738771,45.33579883645945],[-75.70609172611515,45.33579817909802],[-75.70609159585943,45.33579753057714],[-75.70609145123068,45.33579687384717],[-75.70609129492381,45.33579622343188],[-75.7060911125658,45.33579558438301],[-75.70609091942802,45.3357949339677],[-75.70609071101889,45.33579429491887],[-75.70609047476196,45.33579365397563],[-75.70609024299661,45.33579301176942],[-75.70608998248518,45.33579238092968],[-75.70608971209228,45.33579174819555],[-75.7060894129533,45.33579112745932],[-75.70608911830588,45.33579049409369],[-75.70608879401406,45.33578988030366],[-75.70608845714582,45.33578926651362],[-75.70608810949781,45.33578865082913],[-75.70608774657845,45.33578804587969],[-75.70608736120118,45.33578743966728],[-75.70608684736483,45.3357866717982],[-75.70607795673847,45.33577747568135],[-75.70595244772024,45.33566246568325],[-75.70594904490193,45.33565938220217],[-75.70594556662516,45.33565633282045],[-75.70594201199158,45.335653339008225],[-75.70593838908604,45.33565038055825],[-75.70593469431527,45.33564747515185],[-75.70593091689952,45.33564460637074],[-75.70592707839829,45.335641789370285],[-75.70592316084534,45.33563901720422],[-75.70591919208843,45.3356362999762],[-75.7059151469747,45.33563362442528],[-75.70591103808059,45.3356310044438],[-75.70590686540609,45.33562843876891],[-75.7059036629121,45.3356265254056],[-75.70583335536807,45.33555076626934],[-75.70613815464229,45.335417953891046],[-75.7064450164484,45.33528424513565],[-75.70651599772889,45.33535971351803]]]},"properties":{"ZONE_CODE":"IG5","ZONE_MAIN":"IG","ZNAME_EN":"Transportation Zones","LABEL":null}},{"type":"Feature","geometry":{"type":"Polygon","coordinates":[[[-75.59982827740815,45.27975869947884],[-75.59975368130696,45.27979084912367],[-75.59971484623891,45.279807586375036],[-75.5980670350722,45.28051761004992],[-75.59649752825221,45.28122810079536],[-75.59782365091903,45.28277546310693],[-75.60074633227234,45.28145238170997],[-75.60086424513653,45.28139900026407],[-75.6008100416906,45.28130780468484],[-75.60049654223285,45.2807567205842],[-75.59982827740815,45.27975869947884]]]},"properties":{"ZONE_CODE":"RG[723r]","ZONE_MAIN":"RG","ZNAME_EN":"Rural Industrial Zone","LABEL":null}},{"type":"Feature","geometry":{"type":"Polygon","coordinates":[[[-75.82089822503934,45.179233116079295],[-75.82078415157467,45.179305579853775],[-75.8199942710302,45.179790222587144],[-75.82091445669822,45.180808104978404],[-75.82112346052885,45.18103929238893],[-75.8213324652578,45.18127047886076],[-75.82152373364978,45.1814819873953],[-75.82162824903982,45.18163935507067],[-75.82170743283717,45.18175858106358],[-75.82189751904625,45.181640954503315],[-75.82258064290406,45.181218225299034],[-75.82210187589192,45.180672445492135],[-75.82158721489597,45.18009430621508],[-75.8213101780556,45.179759275780896],[-75.82089822503934,45.179233116079295]]]},"properties":{"ZONE_CODE":"RG3[151r]","ZONE_MAIN":"RG","ZNAME_EN":"Rural Industrial Zone","LABEL":null}},{"type":"Feature","geometry":{"type":"Polygon","coordinates":[[[-75.66038987764509,45.399623768510466],[-75.66056541833306,45.39977810178579],[-75.66112959177252,45.40047481496944],[-75.66119673724675,45.400635188483676],[-75.66150048639041,45.401360705184416],[-75.66185160459729,45.4021993265865],[-75.66201492370584,45.402275091116756],[-75.66209834126312,45.40214017730183],[-75.66216495852797,45.40203427621848],[-75.6622964745805,45.40177057849215],[-75.66235760673221,45.401508472779234],[-75.66234095645844,45.401225757648945],[-75.66232795603963,45.40110908429474],[-75.66186802220743,45.399453610916645],[-75.66167587795805,45.39947573106696],[-75.66162335346338,45.39948177753844],[-75.6614668022622,45.39949979899681],[-75.6614618004427,45.39950037488108],[-75.66038999352776,45.39962375463377],[-75.66038987764509,45.399623768510466]]]},"properties":{"ZONE_CODE":"IP12  F(1.5)","ZONE_MAIN":"IP","ZNAME_EN":"Industrial Zone","LABEL":null}},{"type":"Feature","geometry":{"type":"Polygon","coordinates":[[[-75.88787071338682,45.21971994320017],[-75.88776930077776,45.21978182497986],[-75.88773997078376,45.219799748637875],[-75.88714576846095,45.22016288088466],[-75.88772998690767,45.220613172153385],[-75.88781682345294,45.2205583775014],[-75.88839756721612,45.221020165233746],[-75.88886166294304,45.221389191938016],[-75.88937018754729,45.2210822569365],[-75.8895153966197,45.22099461099509],[-75.8884420877216,45.220163817368416],[-75.88787071338682,45.21971994320017]]]},"properties":{"ZONE_CODE":"RG[21r]","ZONE_MAIN":"RG","ZNAME_EN":"Rural Industrial Zone","LABEL":null}},{"type":"Feature","geometry":{"type":"Polygon","coordinates":[[[-75.90818990891927,45.30120202443933],[-75.90805852042749,45.30153912094432],[-75.9078660455981,45.30165510693257],[-75.90736520158951,45.301994470341704],[-75.90741321115158,45.30203595936074],[-75.90800405108025,45.30254654356685],[-75.90944799677973,45.30165867184012],[-75.90884495593286,45.301170240768805],[-75.90881231025713,45.301145981871265],[-75.90877676122639,45.301123840950346],[-75.90873859989479,45.301103981027914],[-75.90869811731653,45.301086574603524],[-75.90865563239348,45.30107173225475],[-75.90861146133265,45.30105958920127],[-75.90857490618879,45.30105202080078],[-75.90853769437646,45.301046284789166],[-75.9085233437898,45.30104438352672],[-75.90828079327319,45.301021744661405],[-75.90818990891927,45.30120202443933]]]},"properties":{"ZONE_CODE":"IL5[302] H(22)","ZONE_MAIN":"IL","ZNAME_EN":"Industrial Zone","LABEL":null}},{"type":"Feature","geometry":{"type":"Polygon","coordinates":[[[-75.8979672687339,45.295822448025454],[-75.8970589866417,45.29641177243539],[-75.89705107787393,45.296416903545975],[-75.89745464781195,45.29673985989373],[-75.89837163637587,45.29614503366617],[-75.8979672687339,45.295822448025454]]]},"properties":{"ZONE_CODE":"IG2[2523]","ZONE_MAIN":"IG","ZNAME_EN":"Transportation Zones","LABEL":null}},{"type":"Feature","geometry":{"type":"Polygon","coordinates":[[[-75.89887217675387,45.298277009860854],[-75.8989146023881,45.298287338724265],[-75.89903210202726,45.298315960774715],[-75.89914961334453,45.29834457459617],[-75.89930072524669,45.298381382098675],[-75.89945089661272,45.29841795135559],[-75.89961973766533,45.29845908092039],[-75.89967203308959,45.29847181913675],[-75.89919951296193,45.297443254716875],[-75.89914827754971,45.297446073616904],[-75.899133630519,45.29744663474296],[-75.89911897630178,45.29744709476516],[-75.89910431579632,45.29744745431551],[-75.89908965079933,45.29744771149824],[-75.89907498310735,45.29744786947294],[-75.89906031361876,45.29744792508002],[-75.8990456450285,45.297447880847116],[-75.89903097733654,45.29744773487851],[-75.89901631233953,45.297447487806146],[-75.89900165003745,45.29744713962997],[-75.89898699492191,45.29744669098191],[-75.89897234699289,45.297446141230076],[-75.89895770625039,45.29744549100635],[-75.89894307538935,45.297444740310716],[-75.89892845620643,45.29744388851127],[-75.89891384959991,45.297442936239904],[-75.89889925646811,45.29744188286476],[-75.89888467860767,45.297440729017694],[-75.89887011691692,45.2974394753306],[-75.89885557319246,45.29743812117158],[-75.89887217675387,45.298277009860854]]]},"properties":{"ZONE_CODE":"IG2[1538]","ZONE_MAIN":"IG","ZNAME_EN":"Transportation Zones","LABEL":null}},{"type":"Feature","geometry":{"type":"Polygon","coordinates":[[[-75.89777257147246,45.296994273112105],[-75.89778220500556,45.297001981704945],[-75.89806199518227,45.297180795614295],[-75.89808456625211,45.29719463678594],[-75.89810752269919,45.2972081594759],[-75.89813085464206,45.29722135673349],[-75.8981545548942,45.29723422350382],[-75.89817861177751,45.297246755995644],[-75.89820301810548,45.29725894789023],[-75.89822776309828,45.2972707953963],[-75.89825283597617,45.297282292827035],[-75.8982782286543,45.29729343639122],[-75.89830393035292,45.29730422103391],[-75.89832993119049,45.297314642963805],[-75.89835621948897,45.29732469775793],[-75.89838278626517,45.297334382888806],[-75.89840962163767,45.29734369203764],[-75.89843671123337,45.29735262267701],[-75.89846404966241,45.2973611716476],[-75.89849162345006,45.29736933579012],[-75.89851942091822,45.29737711068136],[-75.89854743128708,45.29738449505776],[-75.89857564557353,45.29739148323233],[-75.89858930535574,45.297394708446205],[-75.89860300646045,45.29739784013878],[-75.8986167506843,45.29740088020581],[-75.89863053623066,45.2974038261197],[-75.89864436040456,45.29740667977612],[-75.89865822230772,45.29740943991139],[-75.89867212104178,45.29741210526167],[-75.89868605570847,45.29741467645883],[-75.89870002361282,45.29741715413484],[-75.89871402655147,45.29741953639403],[-75.89872805913453,45.29742182513205],[-75.89874212315861,45.29742401845322],[-75.89875621682711,45.297426116357606],[-75.89877033744506,45.29742811821326],[-75.89878448411415,45.29743002591592],[-75.89879865773271,45.29743183693802],[-75.89881285380913,45.29743355254331],[-75.89882707324178,45.29743517146805],[-75.89884131333567,45.29743669434415],[-75.89885557319246,45.29743812117158],[-75.89887011691692,45.2974394753306],[-75.89888467860767,45.297440729017694],[-75.89889925646811,45.29744188286476],[-75.89891384959991,45.297442936239904],[-75.89892845620643,45.29744388851127],[-75.89894307538935,45.297444740310716],[-75.89895770625039,45.29744549100635],[-75.89897234699289,45.297446141230076],[-75.89898699492191,45.29744669098191],[-75.89900165003745,45.29744713962997],[-75.89901631233953,45.297447487806146],[-75.89903097733654,45.29744773487851],[-75.8990456450285,45.297447880847116],[-75.89906031361876,45.29744792508002],[-75.89907498310735,45.29744786947294],[-75.89908965079933,45.29744771149824],[-75.89910431579632,45.29744745431551],[-75.89911897630178,45.29744709476516],[-75.899133630519,45.29744663474296],[-75.89914827754971,45.297446073616904],[-75.89926550050775,45.2972485727107],[-75.8991909592038,45.29679863475469],[-75.8999249106387,45.29738411023104],[-75.89992644855447,45.2973839844831],[-75.90000102668935,45.29737786896067],[-75.90102703120291,45.29690186217471],[-75.90062471351638,45.29652887728074],[-75.90059027570165,45.2965077620411],[-75.90055562229125,45.29648681930487],[-75.9005207595734,45.29646605349557],[-75.90048568664976,45.29644546271768],[-75.90045040711361,45.29642504949907],[-75.90041492006661,45.29640481447178],[-75.90037923000038,45.29638475953179],[-75.90034333960982,45.29636488594305],[-75.90030724620003,45.29634519244199],[-75.90027095516088,45.29632568218833],[-75.90023446828897,45.296306354550325],[-75.90019778558435,45.29628721268774],[-75.90016091153856,45.29626825533695],[-75.90012384615164,45.296249485657704],[-75.90008659032185,45.29623090175439],[-75.90004914943913,45.29621250805068],[-75.9000115208085,45.29619430201904],[-75.89997371071819,45.296176286819204],[-75.89993571826987,45.29615846308328],[-75.89989754705682,45.29614083081151],[-75.89868250915973,45.29558387177181],[-75.89849238072985,45.295496714850024],[-75.89839797318336,45.29555527741057],[-75.8979672687339,45.295822448025454],[-75.89837163637587,45.29614503366617],[-75.89745464781195,45.29673985989373],[-75.89777257147246,45.296994273112105]]]},"properties":{"ZONE_CODE":"IG2","ZONE_MAIN":"IG","ZNAME_EN":"Transportation Zones","LABEL":null}},{"type":"Feature","geometry":{"type":"Polygon","coordinates":[[[-75.74451165033076,45.37695940246353],[-75.74363020900095,45.3773357903935],[-75.74401094196783,45.377992376681824],[-75.74490135297576,45.37759740813908],[-75.74469553457112,45.37723591628649],[-75.74467384924016,45.377242061681784],[-75.74451165033076,45.37695940246353]]]},"properties":{"ZONE_CODE":"IL[1799]  H(11)","ZONE_MAIN":"IL","ZNAME_EN":"Industrial Zone","LABEL":null}},{"type":"Feature","geometry":{"type":"Polygon","coordinates":[[[-75.90000102668935,45.29737786896067],[-75.89992644855447,45.2973839844831],[-75.90106582764341,45.2983043630832],[-75.90115261837457,45.29825004270993],[-75.90117171655751,45.298238084827744],[-75.90141047169203,45.298088661006766],[-75.90171569766602,45.29789761460505],[-75.90202607368151,45.29770336574362],[-75.90102703120291,45.29690186217471],[-75.90000102668935,45.29737786896067]]]},"properties":{"ZONE_CODE":"IG2[1543] H(7.5)","ZONE_MAIN":"IG","ZNAME_EN":"Transportation Zones","LABEL":null}},{"type":"Feature","geometry":{"type":"Polygon","coordinates":[[[-75.63854252564347,45.380658693319056],[-75.63851613673368,45.3804408818136],[-75.63849454842078,45.380269321851756],[-75.63844833009941,45.37990201494088],[-75.63838563937068,45.37940378908881],[-75.63836233527557,45.37921858530976],[-75.63834735227495,45.37909950283679],[-75.63833955399998,45.37903753598538],[-75.63830153909377,45.37873667657382],[-75.63757584497297,45.37903020263318],[-75.63707203293072,45.379233979491936],[-75.63635439759632,45.37952423447597],[-75.63614057699913,45.379610713834396],[-75.63646994878964,45.38001510711294],[-75.63725853396348,45.38098327444242],[-75.63790734307574,45.380727788354434],[-75.63854252564347,45.380658693319056]]]},"properties":{"ZONE_CODE":"IL[276]","ZONE_MAIN":"IL","ZNAME_EN":"Industrial Zone","LABEL":null}},{"type":"Feature","geometry":{"type":"Polygon","coordinates":[[[-75.7538125336947,45.36904923206697],[-75.75362231273834,45.36870353196581],[-75.75330862732935,45.368174300103206],[-75.75322311040924,45.36801793607112],[-75.75282457373176,45.367714435507665],[-75.75242241235209,45.36782813078595],[-75.75126293525531,45.368336474316536],[-75.75190378080259,45.36906309228895],[-75.7518987906612,45.36906673941627],[-75.75189385980859,45.369070426933725],[-75.75188899183809,45.36907415484137],[-75.75188418405467,45.369077922508076],[-75.75187943825503,45.36908172930269],[-75.75187475623578,45.36908557396306],[-75.75187013709858,45.36908945648914],[-75.75186558264008,45.369093376880976],[-75.75186109286028,45.3690973351385],[-75.75185666955583,45.36910132873732],[-75.75185231003177,45.36910535830852],[-75.75184801967796,45.36910942385217],[-75.75184379400287,45.36911352347485],[-75.75183963659974,45.36911765717664],[-75.7518355492652,45.369121825588564],[-75.75183152840597,45.36912602618627],[-75.75182757851368,45.36913026023194],[-75.75182369779165,45.36913452520111],[-75.75181988803652,45.36913882235606],[-75.75181614924831,45.36914315043453],[-75.75181433465144,45.369145292385184],[-75.75181253802087,45.36914744190893],[-75.7518107593566,45.36914959774359],[-75.75180899865866,45.36915176115136],[-75.75180725413038,45.36915393213226],[-75.7518055275684,45.36915610942403],[-75.75180381987104,45.36915829365778],[-75.75180212924167,45.369160484833614],[-75.7518004556803,45.369162682951384],[-75.75179880008523,45.369164887380116],[-75.75179716245647,45.369167099381876],[-75.75179554369232,45.3691693170635],[-75.75179394199617,45.3691715416871],[-75.75179235826633,45.36917377199051],[-75.7517907934011,45.369176009867],[-75.75178924560386,45.369178252792224],[-75.75178771756957,45.36918050202832],[-75.75178620660327,45.369182758206435],[-75.75178471360326,45.36918501943324],[-75.75178324036621,45.36918728760202],[-75.75236903176298,45.369395803492715],[-75.7525074881994,45.36955222430091],[-75.75274776508002,45.369823637888395],[-75.75404076955726,45.36946400856184],[-75.7538125336947,45.36904923206697]]]},"properties":{"ZONE_CODE":"IL H(14)","ZONE_MAIN":"IL","ZNAME_EN":"Industrial Zone","LABEL":null}},{"type":"Feature","geometry":{"type":"Polygon","coordinates":[[[-75.58824098491509,45.26980681998225],[-75.58724958799787,45.27023902701554],[-75.58826321282848,45.27139867239991],[-75.58864697940606,45.271837687944775],[-75.58963973996589,45.271406946487296],[-75.58923028696108,45.27093855841364],[-75.58824098491509,45.26980681998225]]]},"properties":{"ZONE_CODE":"RG[294r]","ZONE_MAIN":"RG","ZNAME_EN":"Rural Industrial Zone","LABEL":null}},{"type":"Feature","geometry":{"type":"Polygon","coordinates":[[[-75.85618097446634,45.35521216843365],[-75.85247588206015,45.34906681286253],[-75.84808298916677,45.350739393646],[-75.84855420134737,45.35152194762358],[-75.84745404180542,45.351976597442835],[-75.84735566999362,45.352016446392255],[-75.84715602930319,45.35205527956826],[-75.8471397679999,45.35227893753805],[-75.84709901143546,45.35243788473432],[-75.84692023950741,45.352796970186894],[-75.84669975700407,45.35317973383973],[-75.8465185919641,45.35350339635544],[-75.84983576488116,45.3545387805079],[-75.85013455352781,45.35461911486939],[-75.851123944507,45.354934896738754],[-75.8523037756315,45.35522189859149],[-75.85282304139157,45.35531732462387],[-75.85367471794278,45.35539901886067],[-75.8546877849196,45.355400263059394],[-75.85567983491207,45.355321208726174],[-75.85618097446634,45.35521216843365]]]},"properties":{"ZONE_CODE":"IP7 H(30)","ZONE_MAIN":"IP","ZNAME_EN":"Industrial Zone","LABEL":null}},{"type":"Feature","geometry":{"type":"Polygon","coordinates":[[[-75.70126722416879,45.34674108418226],[-75.70194326031903,45.34791909043566],[-75.70199976345206,45.348017546562595],[-75.70248110234085,45.347869843052216],[-75.70591760296868,45.34681518431551],[-75.70579573572061,45.34678860138999],[-75.70421514728325,45.346443818357834],[-75.70254933926816,45.34695538323463],[-75.70243030979806,45.346935489496154],[-75.70212545303166,45.34688453725005],[-75.70126722416879,45.34674108418226]]]},"properties":{"ZONE_CODE":"IL[292] F(0.4) H(12)-h","ZONE_MAIN":"IL","ZNAME_EN":"Industrial Zone","LABEL":null}},{"type":"Feature","geometry":{"type":"Polygon","coordinates":[[[-75.48679405482653,45.48970528417475],[-75.48664959405075,45.48912349114128],[-75.48533001561078,45.489285561307646],[-75.48534853078708,45.48937461773754],[-75.48547093163444,45.489867666282926],[-75.48606681919671,45.48979447911613],[-75.4866680175989,45.48972063313318],[-75.48679405482653,45.48970528417475]]]},"properties":{"ZONE_CODE":"IL4[2396] H(21)","ZONE_MAIN":"IL","ZNAME_EN":"Industrial Zone","LABEL":null}},{"type":"Feature","geometry":{"type":"Polygon","coordinates":[[[-75.75012575883545,45.372361438856196],[-75.75010773324097,45.37237440405004],[-75.74978713978744,45.37260502371315],[-75.7494903445024,45.3728185186745],[-75.74948765404812,45.37282045349885],[-75.75000229707777,45.37372370697755],[-75.75012575883545,45.372361438856196]]]},"properties":{"ZONE_CODE":"IL[260] H(22)","ZONE_MAIN":"IL","ZNAME_EN":"Industrial Zone","LABEL":null}},{"type":"Feature","geometry":{"type":"Polygon","coordinates":[[[-75.6248287439048,45.422077786552705],[-75.62523001954557,45.421937386049514],[-75.62576835743747,45.42175420245759],[-75.62663235078952,45.42149615982058],[-75.62671168909709,45.421473036946566],[-75.62698722395432,45.42139595642787],[-75.6270053780079,45.42139123575498],[-75.62700586489477,45.42139111343487],[-75.62770500032421,45.421213417990685],[-75.62772474080258,45.421208296293045],[-75.62750342376435,45.420831474139796],[-75.62691161096022,45.42071857650052],[-75.6262305846686,45.419479130901316],[-75.62612562012092,45.41928719122959],[-75.62602205335179,45.419097806490484],[-75.62591708521087,45.418905863000326],[-75.62580652056569,45.41870368257504],[-75.62576033278704,45.41861922844358],[-75.62573840580926,45.41857912816681],[-75.62460485588822,45.418889999148426],[-75.62450706887964,45.41871184688387],[-75.624403993489,45.418755033586265],[-75.62328514270094,45.419223797386195],[-75.623282983151,45.419224402704764],[-75.62360182129648,45.419832946355584],[-75.62398547648296,45.42051803878041],[-75.62428423009533,45.421057843775074],[-75.62410116242357,45.42110935847182],[-75.62426889226016,45.421414354879424],[-75.62391332469767,45.421512565813366],[-75.62411909369494,45.42188201464523],[-75.6248287439048,45.422077786552705]]]},"properties":{"ZONE_CODE":"IL2 F(1.1) H(14)","ZONE_MAIN":"IL","ZNAME_EN":"Industrial Zone","LABEL":null}},{"type":"Feature","geometry":{"type":"Polygon","coordinates":[[[-75.47952135357511,45.49611952428443],[-75.47929737572701,45.496225851470804],[-75.47907718697276,45.4963360232733],[-75.47886091936475,45.49644997166421],[-75.4786487049553,45.49656762987499],[-75.47844067130515,45.49668892484019],[-75.47840820619078,45.496708478749646],[-75.47838004041338,45.49672544217305],[-75.47842253791283,45.49679062222245],[-75.47833752135435,45.49684364888299],[-75.47824086712134,45.496905310187884],[-75.47814527110376,45.49696778244208],[-75.4780507467763,45.49703105619775],[-75.47795730851203,45.49709512326651],[-75.47786497068397,45.497159973570945],[-75.47777374407194,45.49722559766337],[-75.47768364394723,45.49729198735532],[-75.47759468108971,45.49735913131008],[-75.47750686987237,45.49742702133937],[-75.47742022287164,45.49749564736578],[-75.47733475266395,45.49756499805264],[-75.47725047182566,45.49763506584136],[-75.4771673902383,45.497705838765626],[-75.47708552227488,45.49777730800752],[-75.47700487961352,45.497849462230484],[-75.47692547303396,45.497922290727615],[-75.47684731241772,45.497995784681095],[-75.47677041213782,45.49806993275445],[-75.47669478117744,45.49814472361129],[-75.47662043211292,45.49822014717441],[-75.47640950678591,45.498432123460546],[-75.4764004014622,45.49844127423646],[-75.47643762585093,45.49846912827495],[-75.47660627915565,45.4985359049972],[-75.47679328055003,45.498606238550664],[-75.47766725418488,45.49876657444475],[-75.47773767940821,45.498596859867085],[-75.47808732527635,45.498015727896124],[-75.47872720333808,45.4972673685988],[-75.47884694157892,45.497127329617875],[-75.47953199501796,45.49655335700985],[-75.47993003133384,45.49629683710868],[-75.47978225038477,45.49606794206103],[-75.47974898397317,45.496017106593314],[-75.47952135357511,45.49611952428443]]]},"properties":{"ZONE_CODE":"IG[1574] H(21)-h","ZONE_MAIN":"IG","ZNAME_EN":"Transportation Zones","LABEL":null}},{"type":"Feature","geometry":{"type":"Polygon","coordinates":[[[-75.7324933228082,45.40166679472829],[-75.73238923501624,45.40149367314136],[-75.73228514183438,45.40132055165465],[-75.73225487759244,45.401270079811155],[-75.73212698175051,45.40130812228932],[-75.73177399055623,45.40141311583883],[-75.73179913350273,45.40145491426907],[-75.73180106757553,45.401458129143506],[-75.73201214022626,45.40180902619573],[-75.73201826314325,45.401808085139656],[-75.7324933228082,45.40166679472829]]]},"properties":{"ZONE_CODE":"IL8[104] F(1.0) H(13.5)","ZONE_MAIN":"IL","ZNAME_EN":"Industrial Zone","LABEL":null}},{"type":"Feature","geometry":{"type":"Polygon","coordinates":[[[-75.59435251754206,45.27054086210805],[-75.59380567170612,45.2695992560584],[-75.59366132232144,45.26966189654794],[-75.59233349375388,45.2702380976789],[-75.59241541741284,45.27037554071327],[-75.59245540951098,45.27044261901907],[-75.59337037686552,45.27197809583429],[-75.5946519161448,45.2714189473257],[-75.59483367497117,45.27133962656038],[-75.59435251754206,45.27054086210805]]]},"properties":{"ZONE_CODE":"RH1","ZONE_MAIN":"RH","ZNAME_EN":"Rural Industrial Zone","LABEL":null}},{"type":"Feature","geometry":{"type":"Polygon","coordinates":[[[-75.91232480745967,45.30127437073493],[-75.91226775455766,45.30131034607731],[-75.91180928677599,45.30159936557412],[-75.91173321653942,45.3016473218864],[-75.91128251110013,45.30193144789308],[-75.91122300310244,45.3019689651602],[-75.9111659484038,45.30200492868856],[-75.90991290009208,45.30279480442046],[-75.91002793205917,45.302888423937475],[-75.9100780454756,45.30292921349001],[-75.91274302891999,45.30509805238808],[-75.91568324628594,45.303796256071074],[-75.9124588199304,45.301197373972954],[-75.91232480745967,45.30127437073493]]]},"properties":{"ZONE_CODE":"IL6[305] H(30)","ZONE_MAIN":"IL","ZNAME_EN":"Industrial Zone","LABEL":null}},{"type":"Feature","geometry":{"type":"Polygon","coordinates":[[[-75.95675793201632,45.29926850455789],[-75.95666176826346,45.29932842997464],[-75.95926902596769,45.301468568819644],[-75.95927164365843,45.301470746187945],[-75.95963103984067,45.30176964448225],[-75.96063191039089,45.30259994807706],[-75.960726251462,45.30253849011029],[-75.96256856675234,45.30133150818139],[-75.96309177072665,45.30098871233608],[-75.96239318326953,45.300422522600655],[-75.96183096007256,45.299966977967706],[-75.96171910993823,45.29987634932981],[-75.96312148609793,45.298964932950206],[-75.9632333793514,45.299055621809835],[-75.96574850584008,45.30109400209508],[-75.96574976258316,45.30109409813747],[-75.96715049033433,45.300175167568],[-75.96582593163441,45.29910201952958],[-75.964639510469,45.29814074148129],[-75.9645282918503,45.29805058889846],[-75.9653723506879,45.29750197703309],[-75.96554004279524,45.29739880694454],[-75.96541690982093,45.29731107335984],[-75.96437643344817,45.29646535839501],[-75.96429157319652,45.29639643850046],[-75.96421594493107,45.296335016147296],[-75.96290312272035,45.295268780704966],[-75.96149792495233,45.29618393928295],[-75.96094691542504,45.296538936637525],[-75.96065991447155,45.29672383790108],[-75.96008589549656,45.297093645570286],[-75.95855682005086,45.29810061765671],[-75.95675793201632,45.29926850455789]]]},"properties":{"ZONE_CODE":"RG[777r]","ZONE_MAIN":"RG","ZNAME_EN":"Rural Industrial Zone","LABEL":null}},{"type":"Feature","geometry":{"type":"Polygon","coordinates":[[[-75.70235268637437,45.33329972419377],[-75.7025414188223,45.333917274437326],[-75.70422306233924,45.33348427695074],[-75.70437983811924,45.33344961533578],[-75.70413228129155,45.333255236334544],[-75.70400568261688,45.33307780806283],[-75.7039563192937,45.332876754686005],[-75.70235357211324,45.333299479172155],[-75.70235268637437,45.33329972419377]]]},"properties":{"ZONE_CODE":"IG5[1566]","ZONE_MAIN":"IG","ZNAME_EN":"Transportation Zones","LABEL":null}},{"type":"Feature","geometry":{"type":"Polygon","coordinates":[[[-75.965029196046,45.19792639165892],[-75.96505181562485,45.197912857340015],[-75.96538658179863,45.197707298739154],[-75.96538745585941,45.19770801467254],[-75.96539672467651,45.19771561078219],[-75.96539683786423,45.19771553988515],[-75.9654505373553,45.19768202394276],[-75.9660386410156,45.197314693693166],[-75.96631196062731,45.19714399563516],[-75.96689829819978,45.197629342338466],[-75.96787424050086,45.19702441445936],[-75.96714666351122,45.19642213758197],[-75.96342291399489,45.19333940316976],[-75.96323757807704,45.19345960488796],[-75.96195457454385,45.194291690086985],[-75.96384757188419,45.1958137854693],[-75.96304830304668,45.19633213676403],[-75.965029196046,45.19792639165892]]]},"properties":{"ZONE_CODE":"RG[972r]","ZONE_MAIN":"RG","ZNAME_EN":"Rural Industrial Zone","LABEL":null}},{"type":"Feature","geometry":{"type":"Polygon","coordinates":[[[-75.74351091273122,45.37901338551519],[-75.74313423655617,45.37838125209152],[-75.74274161708146,45.37772209393163],[-75.74112238312058,45.37842609191976],[-75.74112183963985,45.3784263171852],[-75.74178056435622,45.37953060488363],[-75.74244663369836,45.379333090363325],[-75.74286851399683,45.379203751439775],[-75.74351091273122,45.37901338551519]]]},"properties":{"ZONE_CODE":"IL[261] H(11)","ZONE_MAIN":"IL","ZNAME_EN":"Industrial Zone","LABEL":null}},{"type":"Feature","geometry":{"type":"Polygon","coordinates":[[[-75.78849448806305,45.272220140266235],[-75.78705233180762,45.272358737283504],[-75.7869967710073,45.27322685732041],[-75.78693585714619,45.273681696316615],[-75.7872391104198,45.27368095668539],[-75.7873398672587,45.27368169758091],[-75.78846987063102,45.27369000420799],[-75.78847480597518,45.273690040241306],[-75.78848760067977,45.27282189884177],[-75.78849270490721,45.272475137603976],[-75.78849448806305,45.272220140266235]]]},"properties":{"ZONE_CODE":"IP[1219] H(11)","ZONE_MAIN":"IP","ZNAME_EN":"Industrial Zone","LABEL":null}},{"type":"Feature","geometry":{"type":"Polygon","coordinates":[[[-75.58147125578114,45.45435707942542],[-75.58139864765168,45.45442461987772],[-75.58129582378932,45.454520266023245],[-75.58121244755452,45.45459782306634],[-75.58113844434143,45.454666660067176],[-75.58107033766983,45.454725903678664],[-75.58098889550786,45.45479674689787],[-75.58089158730135,45.454881392657086],[-75.58080594641375,45.45495588797851],[-75.580724160197,45.45501856050993],[-75.58065231833048,45.455073612692644],[-75.58055846234959,45.455145533642764],[-75.58046520015512,45.455216999541406],[-75.58116179694557,45.455592055236465],[-75.58123286895588,45.45563909912478],[-75.58233460234621,45.45636835093529],[-75.58280513629876,45.45593991077128],[-75.58291610159255,45.455853350372585],[-75.58296272864737,45.45580727139435],[-75.5835382729617,45.45523847653451],[-75.58238603808275,45.45466050418756],[-75.58230658479079,45.454620650695475],[-75.58155068751351,45.45427046177418],[-75.58147125578114,45.45435707942542]]]},"properties":{"ZONE_CODE":"IL2[293] H(14)","ZONE_MAIN":"IL","ZNAME_EN":"Industrial Zone","LABEL":null}},{"type":"Feature","geometry":{"type":"Polygon","coordinates":[[[-75.79300302647285,45.27144096329117],[-75.79327686620913,45.271764316623994],[-75.7936789063162,45.272245527333965],[-75.79399616702004,45.27262525855381],[-75.79410252215979,45.27275538851131],[-75.79413480491615,45.27274204205722],[-75.79661009022367,45.271718705736504],[-75.79589212251263,45.270878915303655],[-75.79300302647285,45.27144096329117]]]},"properties":{"ZONE_CODE":"IP[3034] H(48)","ZONE_MAIN":"IP","ZNAME_EN":"Industrial Zone","LABEL":null}},{"type":"Feature","geometry":{"type":"Polygon","coordinates":[[[-75.79168141065381,45.27169804402021],[-75.79189113672993,45.27194775359868],[-75.7922505868111,45.27237801681823],[-75.79227969671787,45.27241286182489],[-75.79252651602869,45.272722165873795],[-75.79264696843019,45.27267536157817],[-75.7936789063162,45.272245527333965],[-75.79327686620913,45.271764316623994],[-75.79300302647285,45.27144096329117],[-75.79168141065381,45.27169804402021]]]},"properties":{"ZONE_CODE":"IP[3034] H(36)","ZONE_MAIN":"IP","ZNAME_EN":"Industrial Zone","LABEL":null}},{"type":"Feature","geometry":{"type":"Polygon","coordinates":[[[-75.73089326248873,45.40373483053737],[-75.73116364910106,45.4036541843462],[-75.73138292426866,45.40358878620187],[-75.73133930118014,45.403516262157844],[-75.7313231359966,45.40348939556057],[-75.73180361250272,45.403346082858725],[-75.73136424739558,45.402615371137415],[-75.73089617213196,45.40275498523492],[-75.73039102339655,45.40290565302893],[-75.7304522633461,45.403006760259046],[-75.73077110777979,45.40353316091744],[-75.73079971822328,45.40358039454144],[-75.73089326248873,45.40373483053737]]]},"properties":{"ZONE_CODE":"IL8[104] F(1.0) H(13.5)","ZONE_MAIN":"IL","ZNAME_EN":"Industrial Zone","LABEL":null}},{"type":"Feature","geometry":{"type":"Polygon","coordinates":[[[-75.5755967840661,45.341668682198836],[-75.57551875819713,45.34153336801227],[-75.57468058781622,45.34008004638627],[-75.57457812687323,45.33990211099448],[-75.57389470297814,45.340175792191566],[-75.5737515151151,45.340233131623904],[-75.57388984129581,45.34047401848467],[-75.57442832381646,45.341411743072506],[-75.5746888496219,45.341865415869115],[-75.57469522316885,45.34187651089003],[-75.57476774955161,45.34200282867362],[-75.5755967840661,45.341668682198836]]]},"properties":{"ZONE_CODE":"RH","ZONE_MAIN":"RH","ZNAME_EN":"Rural Industrial Zone","LABEL":null}},{"type":"Feature","geometry":{"type":"Polygon","coordinates":[[[-75.57988330475173,45.456436595978374],[-75.58017746797297,45.45697881044648],[-75.58046328315028,45.45750560715045],[-75.58079221296967,45.458110888743086],[-75.58101129499947,45.458517009353535],[-75.5811204582728,45.45871935718013],[-75.58115549167059,45.45878429514277],[-75.58120890819231,45.45888262881946],[-75.58125543733075,45.45896754946851],[-75.5818461631734,45.46006760604787],[-75.58220174151568,45.460710176445055],[-75.58229301124685,45.46068588572193],[-75.58511895572215,45.459933662022046],[-75.58514167591231,45.459927613201856],[-75.58526894652682,45.45989373412603],[-75.58522243086311,45.45978883607623],[-75.58510331425643,45.459548286611074],[-75.58501710293861,45.45905610248861],[-75.58480888872711,45.45852791955534],[-75.58444739228374,45.45777941873733],[-75.58458683686698,45.457747981936706],[-75.58549580796699,45.45750588187952],[-75.58555047763856,45.45749131745654],[-75.58553683582265,45.45746609151927],[-75.58552091947244,45.45743665767421],[-75.58610552688968,45.45728091109305],[-75.58614194638793,45.457271163842584],[-75.58789862618053,45.45680093718714],[-75.5893651043223,45.456408367654795],[-75.59028994595843,45.45616077721598],[-75.5900262580832,45.45567300848285],[-75.58979336355758,45.45524216788202],[-75.59067470966599,45.45500140115608],[-75.59083333777211,45.45496369290468],[-75.58969153502855,45.45285388990224],[-75.58902249226283,45.45303067408752],[-75.58836809562948,45.45320358034057],[-75.58771369450457,45.45337648291271],[-75.58731921551724,45.4526516817202],[-75.58929944016997,45.45212846064324],[-75.58873106530991,45.45107685469085],[-75.58762553833418,45.45136890909991],[-75.58674607419627,45.45160123812025],[-75.58663564789165,45.451398201170505],[-75.58654352476096,45.45122908056148],[-75.58522024077044,45.45164755874249],[-75.58520262660434,45.451916530672236],[-75.58535686733862,45.452201118869354],[-75.58574485420141,45.45204961023902],[-75.58594650172819,45.45241942823615],[-75.58646610076325,45.45228184949176],[-75.58675939082204,45.45280537099474],[-75.5861649145131,45.452976110807505],[-75.58592725172997,45.45308240473678],[-75.58525534423678,45.45360211959715],[-75.58426927792247,45.4531079218793],[-75.58294772229056,45.45244488959357],[-75.58245279189151,45.453193330777346],[-75.58197180693894,45.45381124850199],[-75.58155068751351,45.45427046177418],[-75.58230658479079,45.454620650695475],[-75.58238603808275,45.45466050418756],[-75.5835382729617,45.45523847653451],[-75.58296272864737,45.45580727139435],[-75.58291610159255,45.455853350372585],[-75.58280513629876,45.45593991077128],[-75.58233460234621,45.45636835093529],[-75.58123286895588,45.45563909912478],[-75.58116179694557,45.455592055236465],[-75.58046520015512,45.455216999541406],[-75.58037639270611,45.455285051265456],[-75.57974283698736,45.45570761222666],[-75.57955307596845,45.455827889293694],[-75.57988330475173,45.456436595978374]]]},"properties":{"ZONE_CODE":"IL2 H(14)","ZONE_MAIN":"IL","ZNAME_EN":"Industrial Zone","LABEL":null}},{"type":"Feature","geometry":{"type":"Polygon","coordinates":[[[-75.82072385485617,45.18680963145872],[-75.82212733235042,45.187955647373066],[-75.82234294688324,45.18813667061917],[-75.82271424933626,45.187900718691424],[-75.82299082534088,45.187443685237525],[-75.82327565865958,45.18697711826399],[-75.82223303172002,45.18613739178252],[-75.821747623463,45.18629402291505],[-75.82147283959736,45.1864579378274],[-75.82072385485617,45.18680963145872]]]},"properties":{"ZONE_CODE":"RG3[385r]","ZONE_MAIN":"RG","ZNAME_EN":"Rural Industrial Zone","LABEL":null}},{"type":"Feature","geometry":{"type":"Polygon","coordinates":[[[-75.47662972608286,45.493041653139],[-75.4772183058503,45.49366696641964],[-75.47774956591604,45.49448535648558],[-75.47826539831513,45.49378278603332],[-75.47748693895116,45.49258787089926],[-75.47743365987166,45.49250607960733],[-75.47662972608286,45.493041653139]]]},"properties":{"ZONE_CODE":"IL4 H(21)","ZONE_MAIN":"IL","ZNAME_EN":"Industrial Zone","LABEL":null}},{"type":"Feature","geometry":{"type":"Polygon","coordinates":[[[-75.63804776772095,45.35495098497045],[-75.6381121050616,45.35503117608281],[-75.63856141092569,45.355579241803134],[-75.63874898364858,45.35580803998633],[-75.63851611517413,45.355903004851314],[-75.6387028937863,45.356130675585504],[-75.63871815885794,45.356149281510284],[-75.63880186477442,45.35611515517801],[-75.63895095906044,45.35605436945193],[-75.63889446131729,45.3559855245436],[-75.63906412163341,45.35591648765248],[-75.63924670421491,45.35584219364744],[-75.63941401902984,45.355774110397746],[-75.63950427007148,45.35573738625059],[-75.63959301014684,45.35570127628509],[-75.63964909286832,45.35576964179049],[-75.6397920247115,45.35571134155206],[-75.63988429247097,45.35567370647125],[-75.63998974210891,45.35563069437859],[-75.64011474717228,45.355579705772264],[-75.64001847382495,45.35546228358543],[-75.63919201028884,45.3544541433434],[-75.63919217018896,45.354454449506],[-75.63850966527039,45.354774984415855],[-75.63804776772095,45.35495098497045]]]},"properties":{"ZONE_CODE":"IL2 H(14)","ZONE_MAIN":"IL","ZNAME_EN":"Industrial Zone","LABEL":null}},{"type":"Feature","geometry":{"type":"Polygon","coordinates":[[[-75.91942330112299,45.36336962217102],[-75.91946374776867,45.36340130594447],[-75.92236361281206,45.365664639264544],[-75.92442410373206,45.36431047984984],[-75.92674429849903,45.362858223958646],[-75.92688091159249,45.36276104589071],[-75.92614431282246,45.362195519431],[-75.92518379279817,45.36145805027675],[-75.92514992092207,45.36143204355768],[-75.92396334434811,45.36052098661541],[-75.92389207021684,45.36056599082921],[-75.91942330112299,45.36336962217102]]]},"properties":{"ZONE_CODE":"IP8[1709] H(15)-h","ZONE_MAIN":"IP","ZNAME_EN":"Industrial Zone","LABEL":null}},{"type":"Feature","geometry":{"type":"Polygon","coordinates":[[[-75.77912247160337,45.26271162126025],[-75.777529640027,45.26338892158885],[-75.77752837879234,45.263390979021715],[-75.77734367528845,45.2634678481755],[-75.77730122539971,45.263485897790126],[-75.77705034750042,45.26359256787949],[-75.77734995990217,45.26411387563541],[-75.77755603253004,45.26449577365912],[-75.77760481015164,45.26458616862301],[-75.7797068158142,45.26369190780808],[-75.77985902635594,45.263627150194935],[-75.77921917075211,45.262671989583026],[-75.77912247160337,45.26271162126025]]]},"properties":{"ZONE_CODE":"IP[2046] H(18)","ZONE_MAIN":"IP","ZNAME_EN":"Industrial Zone","LABEL":null}},{"type":"Feature","geometry":{"type":"Polygon","coordinates":[[[-75.74913322824435,45.37541495493474],[-75.74835064291828,45.37613335504944],[-75.74856332355337,45.37649630529],[-75.7495914777354,45.3761975027353],[-75.74913322824435,45.37541495493474]]]},"properties":{"ZONE_CODE":"IG3[282] H(10.7)","ZONE_MAIN":"IG","ZNAME_EN":"Transportation Zones","LABEL":null}},{"type":"Feature","geometry":{"type":"Polygon","coordinates":[[[-75.61129562145457,45.29893499248951],[-75.611171473384,45.29898588172193],[-75.60896913398905,45.299888574148135],[-75.60913674075645,45.300186844492266],[-75.6091541231572,45.300217776956245],[-75.60900626854625,45.300278380626885],[-75.60921890696054,45.30067419723147],[-75.60946432489953,45.30113102580368],[-75.60986444800182,45.300967030083726],[-75.61082359629866,45.300573899049155],[-75.61183169110039,45.30016069146435],[-75.61196825298988,45.300104711685755],[-75.61129562145457,45.29893499248951]]]},"properties":{"ZONE_CODE":"RG","ZONE_MAIN":"RG","ZNAME_EN":"Rural Industrial Zone","LABEL":null}},{"type":"Feature","geometry":{"type":"Polygon","coordinates":[[[-75.91398202488573,45.29302864611428],[-75.91591615159133,45.29456089305383],[-75.91799664260283,45.29326826824418],[-75.91779818409532,45.29311346293809],[-75.91672478446738,45.29227613968251],[-75.9166230116339,45.29219674506315],[-75.9160457003334,45.29174638405466],[-75.91590895339095,45.2916396979939],[-75.91413638689257,45.29274010808097],[-75.91384564176096,45.292920596823585],[-75.9139820419537,45.293028492550974],[-75.91398202488573,45.29302864611428]]]},"properties":{"ZONE_CODE":"IL[1280]","ZONE_MAIN":"IL","ZNAME_EN":"Industrial Zone","LABEL":null}},{"type":"Feature","geometry":{"type":"Polygon","coordinates":[[[-75.70300582356968,45.29158563034154],[-75.70235216445319,45.291857611186316],[-75.70265703828757,45.292247017233606],[-75.70276926571434,45.292492927447604],[-75.70282342693945,45.29275477376859],[-75.70278529255731,45.292999642858085],[-75.70260264529712,45.29365203843571],[-75.70203095295872,45.29564992058354],[-75.70209211924643,45.29576798056551],[-75.70386204739283,45.29532233804429],[-75.70448867620243,45.29320149308038],[-75.70457249440832,45.29299779630536],[-75.70471357841697,45.29283536072846],[-75.70449796837573,45.29227737073336],[-75.70462054708952,45.29223271163006],[-75.70448024281856,45.29169533539019],[-75.70435263892907,45.29115428611191],[-75.70372986389205,45.291378039906306],[-75.70361691871138,45.291330278401794],[-75.70300582356968,45.29158563034154]]]},"properties":{"ZONE_CODE":"IL9 H(11)","ZONE_MAIN":"IL","ZNAME_EN":"Industrial Zone","LABEL":null}},{"type":"Feature","geometry":{"type":"Polygon","coordinates":[[[-75.71872818168977,45.32538183474371],[-75.71879358802562,45.32536332481207],[-75.71886677467013,45.32534261126483],[-75.71900208700306,45.325304316825],[-75.71922209429762,45.32524205230444],[-75.71952878811877,45.32515525298288],[-75.71966879864063,45.32540149163144],[-75.71969388499326,45.32544560733937],[-75.71974116691992,45.3255287562827],[-75.71977905157038,45.325595379055734],[-75.71980202508549,45.32563577836986],[-75.72017019960467,45.32549447317172],[-75.72017275620996,45.32549780920904],[-75.720514777178,45.325367076441644],[-75.7214515547293,45.32500899554098],[-75.72146335679552,45.32428992222346],[-75.72066024676184,45.32427749929225],[-75.71998784878852,45.324267088635104],[-75.71999851268926,45.32392429948439],[-75.72000917569167,45.32358160363218],[-75.72001983779579,45.323238907601755],[-75.71963698031327,45.323092940175464],[-75.71879504329637,45.32419369985863],[-75.71819622992126,45.32437486976086],[-75.71872818168977,45.32538183474371]]]},"properties":{"ZONE_CODE":"IP[2596]","ZONE_MAIN":"IP","ZNAME_EN":"Industrial Zone","LABEL":null}},{"type":"Feature","geometry":{"type":"Polygon","coordinates":[[[-75.97116878485592,45.25662972193527],[-75.97161616113877,45.258600594047],[-75.97208469094993,45.26066450587688],[-75.9765919411756,45.25959749560851],[-75.97370032625976,45.257334562648815],[-75.97206786909791,45.25604449422027],[-75.97116878485592,45.25662972193527]]]},"properties":{"ZONE_CODE":"RG","ZONE_MAIN":"RG","ZNAME_EN":"Rural Industrial Zone","LABEL":null}},{"type":"Feature","geometry":{"type":"Polygon","coordinates":[[[-75.62475040542212,45.37402187010333],[-75.62435448284212,45.373308786919274],[-75.62322867460217,45.37367056449982],[-75.62317754339453,45.37368718821282],[-75.62333238510173,45.37395636067757],[-75.62339094807174,45.37405806303305],[-75.62347076338473,45.37419668059117],[-75.62355057959604,45.374335298440535],[-75.62475040542212,45.37402187010333]]]},"properties":{"ZONE_CODE":"IG3","ZONE_MAIN":"IG","ZNAME_EN":"Transportation Zones","LABEL":null}},{"type":"Feature","geometry":{"type":"Polygon","coordinates":[[[-75.71686629480435,45.343373028198066],[-75.7168847992009,45.34339314164819],[-75.7173478600686,45.34392314578448],[-75.71741725043273,45.34400399716096],[-75.71773701923284,45.34386656964076],[-75.72070210915238,45.34256183636744],[-75.7234391581438,45.34136631889236],[-75.7234447312918,45.3413638835476],[-75.72386162324551,45.34119949216764],[-75.72421288787778,45.341060976861456],[-75.72474274836836,45.3409098411434],[-75.72464045541031,45.34074719115318],[-75.72275131723244,45.34107451181721],[-75.72204153676687,45.341197482386676],[-75.72174863118703,45.34124822696627],[-75.72059425562276,45.34175064554178],[-75.72037587427886,45.34184568955807],[-75.71947975088403,45.34223569175949],[-75.71805772317917,45.342854551927296],[-75.71766057619543,45.34302737893079],[-75.71726343639823,45.3432002041439],[-75.71686629480435,45.343373028198066]]]},"properties":{"ZONE_CODE":"IG5","ZONE_MAIN":"IG","ZNAME_EN":"Transportation Zones","LABEL":null}},{"type":"Feature","geometry":{"type":"Polygon","coordinates":[[[-75.63345087820636,45.41903848195428],[-75.63288606875965,45.418039343612804],[-75.63287644061646,45.41801907446994],[-75.63236365799776,45.4181568376593],[-75.63284615481496,45.41901701892266],[-75.63313107706688,45.41902713282321],[-75.63325018109714,45.41903135871808],[-75.63330319966522,45.419033240886904],[-75.63345087820636,45.41903848195428]]]},"properties":{"ZONE_CODE":"IL2 H(14)","ZONE_MAIN":"IL","ZNAME_EN":"Industrial Zone","LABEL":null}},{"type":"Feature","geometry":{"type":"Polygon","coordinates":[[[-75.4947883790339,45.45576693729189],[-75.49498812033562,45.455825108524294],[-75.49599612440751,45.455540030726056],[-75.49604381057605,45.45552654332561],[-75.49654181321338,45.45538569923354],[-75.49841084889184,45.45485707358705],[-75.49739375297096,45.45307556432828],[-75.4937954091666,45.45408604215828],[-75.4947883790339,45.45576693729189]]]},"properties":{"ZONE_CODE":"IG[1608] H(21)","ZONE_MAIN":"IG","ZNAME_EN":"Transportation Zones","LABEL":null}},{"type":"Feature","geometry":{"type":"Polygon","coordinates":[[[-75.70434841325398,45.33514570209741],[-75.70281633833352,45.33581324157716],[-75.70269244897777,45.3358666191621],[-75.70305254584592,45.336262024957804],[-75.7033715609595,45.336619011752546],[-75.70510863232609,45.3358740269406],[-75.70434841325398,45.33514570209741]]]},"properties":{"ZONE_CODE":"IG5[1330]","ZONE_MAIN":"IG","ZNAME_EN":"Transportation Zones","LABEL":null}},{"type":"Feature","geometry":{"type":"Polygon","coordinates":[[[-75.3525754252449,45.38218361220872],[-75.35305381676125,45.38307576547454],[-75.35317349481497,45.383042941248604],[-75.35435703328662,45.38271830633111],[-75.35421090613598,45.38234704285732],[-75.35411483041803,45.382102942829945],[-75.35371309034824,45.38219735690209],[-75.35371212286269,45.38219619153087],[-75.35364591163636,45.38214769389701],[-75.35358892700631,45.382100580535955],[-75.35350227192073,45.38193898778187],[-75.35269566923724,45.382151876491484],[-75.3525754252449,45.38218361220872]]]},"properties":{"ZONE_CODE":"RH[28r]","ZONE_MAIN":"RH","ZNAME_EN":"Rural Industrial Zone","LABEL":null}},{"type":"Feature","geometry":{"type":"Polygon","coordinates":[[[-75.91531847997493,45.30662914681208],[-75.91530391558922,45.30663817202193],[-75.91521756503253,45.306691705986644],[-75.91527599145863,45.306786078485466],[-75.91544075685478,45.30705220932417],[-75.91595404881822,45.30781392439926],[-75.91610426599836,45.30774106206814],[-75.91613654426314,45.30772627642671],[-75.91633540072431,45.30761355781754],[-75.9165342571855,45.30750083835247],[-75.91672388166052,45.307368024646415],[-75.9167254905432,45.3073665121457],[-75.91672742641263,45.30736504323831],[-75.91672901373573,45.30736344986863],[-75.91673042588737,45.3073619790658],[-75.91673166735909,45.30736013740327],[-75.9167327381509,45.30735780231411],[-75.91673380804441,45.30735571362224],[-75.9167345240017,45.307353868800554],[-75.91673471534286,45.307352267849105],[-75.9167352651118,45.30734980703374],[-75.91673476475019,45.307347463730906],[-75.91673443596679,45.307345491287705],[-75.91673393650349,45.307343147352896],[-75.91673308579892,45.307340925984946],[-75.9167315451882,45.307337961001906],[-75.91673016537592,45.30733635310031],[-75.9167286175787,45.307334127309595],[-75.916725367474,45.3073311560083],[-75.9167542375306,45.30731345708233],[-75.91677588782727,45.30730018193653],[-75.91679753992055,45.30728690805118],[-75.91645410680093,45.30700794914529],[-75.9181237937414,45.30599910211017],[-75.91824615326625,45.30592516843359],[-75.91747055144322,45.30529375309048],[-75.91531847997493,45.30662914681208]]]},"properties":{"ZONE_CODE":"IL7[1412] H(24)-h","ZONE_MAIN":"IL","ZNAME_EN":"Industrial Zone","LABEL":null}},{"type":"Feature","geometry":{"type":"Polygon","coordinates":[[[-75.61474504883935,45.388001219413795],[-75.61415790907132,45.38823649500554],[-75.61540093847269,45.38977360544503],[-75.61658656732402,45.3892970040077],[-75.61718664373045,45.38905577545914],[-75.61686928421192,45.38866360834786],[-75.61599456228043,45.38839085307292],[-75.61474504883935,45.388001219413795]]]},"properties":{"ZONE_CODE":"IL H(11)","ZONE_MAIN":"IL","ZNAME_EN":"Industrial Zone","LABEL":null}},{"type":"Feature","geometry":{"type":"Polygon","coordinates":[[[-75.80768572209382,45.277704383977685],[-75.80500610958507,45.27871055178844],[-75.80497836062592,45.27876182010221],[-75.80436132582356,45.27990192144899],[-75.80407686710234,45.28043302280109],[-75.80457711283292,45.281132108083156],[-75.80500822152428,45.28191243447325],[-75.80537097740567,45.28287898720614],[-75.8055578692056,45.28381335147493],[-75.8056135225324,45.284669159197264],[-75.80551685212973,45.2853921242162],[-75.80708999173675,45.284745973621206],[-75.8072173351148,45.28329352604962],[-75.80807844128152,45.28293398596617],[-75.80890341810586,45.28400905611752],[-75.81074641431917,45.28326038669252],[-75.81088432907148,45.28320433587341],[-75.81044546971583,45.28244244755015],[-75.8104566824872,45.2825648204232],[-75.81033091834743,45.282687234116324],[-75.81016928986824,45.28275364052529],[-75.81000766318569,45.282820048120634],[-75.80981036530154,45.28284395205488],[-75.80917103611046,45.282717961224634],[-75.80851136995967,45.28250659777315],[-75.80829959662302,45.28240907952004],[-75.80781750135276,45.282131193453566],[-75.80733541147237,45.281853306658135],[-75.80688598613236,45.281541387545914],[-75.80643656618224,45.281229466718884],[-75.80629017313026,45.281214780985074],[-75.80614226731537,45.28132425705347],[-75.80599553739518,45.281337161562696],[-75.80574175075101,45.28131492441652],[-75.80524453683451,45.28122222182475],[-75.80889671936879,45.27974601205155],[-75.8085643696631,45.279166684993974],[-75.80823890374747,45.27863042579469],[-75.80768572209382,45.277704383977685]]]},"properties":{"ZONE_CODE":"RG","ZONE_MAIN":"RG","ZNAME_EN":"Rural Industrial Zone","LABEL":null}},{"type":"Feature","geometry":{"type":"Polygon","coordinates":[[[-75.66425348496968,45.4183716392351],[-75.66429266319417,45.41843304717531],[-75.6656360074633,45.41787358790428],[-75.66559854322438,45.41782688580991],[-75.6655850505288,45.41781074294916],[-75.66481844623165,45.418130008922496],[-75.66478397158599,45.41808897066621],[-75.66440196031647,45.41824510227227],[-75.66443714822447,45.418292959819944],[-75.66427918487163,45.4183607723406],[-75.66425348496968,45.4183716392351]]]},"properties":{"ZONE_CODE":"IG1 F(1.5)","ZONE_MAIN":"IG","ZNAME_EN":"Transportation Zones","LABEL":null}},{"type":"Feature","geometry":{"type":"Polygon","coordinates":[[[-75.913293687206,45.35856736905581],[-75.91337554079637,45.35849454169454],[-75.91342379200522,45.358451611279506],[-75.91432548136156,45.35764933826509],[-75.91459179321573,45.357754663513646],[-75.91439041428524,45.35759156388257],[-75.91444834124802,45.35754002282431],[-75.91448512995385,45.35750728855956],[-75.91454893639015,45.35745051579346],[-75.91448945444363,45.357300991810476],[-75.91428621240722,45.35714343814831],[-75.91424019351184,45.35679267788534],[-75.91416189814831,45.35666304627803],[-75.91392004741932,45.35644952442539],[-75.91383969401546,45.356078630725634],[-75.91381565869172,45.35605442626403],[-75.91364464012287,45.355882205261764],[-75.91361406057229,45.355867225765046],[-75.91331377982395,45.35572012916943],[-75.91312110107698,45.35556022411545],[-75.91262973429467,45.35524083811734],[-75.9124548125459,45.35487850393433],[-75.91201965694417,45.354658812349385],[-75.91183454291021,45.354570074688034],[-75.91173753653764,45.35452357340116],[-75.91179392378801,45.354432705014126],[-75.91185732418582,45.35434416521519],[-75.91199205890203,45.354168234106425],[-75.91209113499302,45.35403886351328],[-75.91212228407551,45.3539981890266],[-75.91214965843716,45.35396244471835],[-75.91236762206442,45.353677831523214],[-75.91244219840267,45.35358044893688],[-75.91250888663444,45.353493365415794],[-75.91250813564285,45.35349308702404],[-75.9125082856615,45.35349289069791],[-75.91258804438064,45.3533887392636],[-75.91196548763423,45.35315888022191],[-75.91055467180242,45.35272418779538],[-75.91046836166993,45.35282738911187],[-75.91046817661697,45.352827608797746],[-75.91039803615959,45.35291147570778],[-75.9103437356956,45.35297641105408],[-75.91023371273455,45.35310798281758],[-75.90944315126708,45.35405335236779],[-75.90939378884222,45.354112379639986],[-75.90915713486716,45.354261869122396],[-75.9085120654414,45.3546693398846],[-75.90851203579699,45.35466935882241],[-75.90850502803946,45.35466384349765],[-75.90841822922346,45.354718670990884],[-75.91004353669396,45.355992059201704],[-75.91122066927934,45.35694300235539],[-75.913293687206,45.35856736905581]]]},"properties":{"ZONE_CODE":"IP8[172] H(15)","ZONE_MAIN":"IP","ZNAME_EN":"Industrial Zone","LABEL":null}},{"type":"Feature","geometry":{"type":"Polygon","coordinates":[[[-75.60210173552585,45.383161813514455],[-75.60149618748102,45.38333115135884],[-75.60150014276321,45.38333815290926],[-75.60167156018404,45.383641654808486],[-75.60164531051312,45.38364219236714],[-75.60090597637304,45.38365735063628],[-75.60075910541737,45.38366036083775],[-75.60075765194323,45.38375203656977],[-75.60066905829328,45.383938570650464],[-75.60082570651251,45.383977942817204],[-75.6020328796593,45.3842813699866],[-75.6024547734325,45.38441172066127],[-75.6026083161758,45.384459159548136],[-75.60280414711112,45.38440440945768],[-75.60301977691529,45.384344196095306],[-75.60296620408668,45.38427530169893],[-75.60292696926832,45.38422484365348],[-75.60291378918647,45.38420046447817],[-75.60290221439405,45.38417905067005],[-75.60289111391207,45.38415851700348],[-75.60287711905825,45.38413263050321],[-75.60286191597041,45.384104506074465],[-75.60284718898963,45.38407726304448],[-75.60282788329586,45.38404154972722],[-75.60280832068392,45.384005360032646],[-75.60279359280484,45.383978117585876],[-75.60277670447749,45.38394687626635],[-75.60276102528253,45.38391787222271],[-75.60274366084808,45.38388575071602],[-75.60272508817958,45.383851393157215],[-75.60270530637871,45.38381479891134],[-75.60269057849962,45.38378755574175],[-75.60266859762295,45.38374689380874],[-75.60264833971497,45.383709418707646],[-75.60263192749473,45.383679059289584],[-75.60261192560661,45.3836420586084],[-75.60259478125943,45.38361034263797],[-75.60258005517697,45.38358309936991],[-75.60256727035384,45.383559448651596],[-75.60255305631111,45.38353315681442],[-75.60253664498917,45.38350279667071],[-75.60251854752946,45.3834693190396],[-75.60249924183569,45.38343360533824],[-75.60247825180075,45.383394774139056],[-75.60246425694693,45.38336888728907],[-75.60244736951792,45.383337646263826],[-75.60242806382415,45.383301932479284],[-75.60240538765143,45.383259984337926],[-75.60238897543118,45.383229624678464],[-75.60236798539626,45.38319079333918],[-75.60234146353582,45.38314173060261],[-75.60231757823072,45.383097545647765],[-75.60210173552585,45.383161813514455]]]},"properties":{"ZONE_CODE":"IL[1634] H(14)","ZONE_MAIN":"IL","ZNAME_EN":"Industrial Zone","LABEL":null}},{"type":"Feature","geometry":{"type":"Polygon","coordinates":[[[-75.90067088063377,45.34377851904921],[-75.90069465364947,45.343771584578654],[-75.90072762810861,45.34376196546969],[-75.90072576410437,45.34375880161271],[-75.90048136126167,45.34334236615894],[-75.90010583493017,45.34357722901201],[-75.89996255274406,45.343666841327774],[-75.90011922431948,45.34393942466643],[-75.90028910202793,45.34388987265196],[-75.90029264139014,45.34388884476384],[-75.90047762427008,45.34383489134471],[-75.9005861407564,45.34380323954902],[-75.90067088063377,45.34377851904921]]]},"properties":{"ZONE_CODE":"IP6[1549]","ZONE_MAIN":"IP","ZNAME_EN":"Industrial Zone","LABEL":null}},{"type":"Feature","geometry":{"type":"Polygon","coordinates":[[[-75.79135659601674,45.27278417327197],[-75.79087925552928,45.27300749062989],[-75.7909200228735,45.27305978441938],[-75.79116804592682,45.273377935278845],[-75.79136907810762,45.273665031221405],[-75.79139872520693,45.273707384272406],[-75.79150058787195,45.27383098404646],[-75.79201979344492,45.27361636092261],[-75.79191776279495,45.27349115434846],[-75.79135659601674,45.27278417327197]]]},"properties":{"ZONE_CODE":"IP[3034] H(12)","ZONE_MAIN":"IP","ZNAME_EN":"Industrial Zone","LABEL":null}},{"type":"Feature","geometry":{"type":"Polygon","coordinates":[[[-75.96998113749015,45.27293235642996],[-75.96870826515672,45.273741160739895],[-75.96392800074653,45.27677828343057],[-75.95714748374434,45.28108535433732],[-75.95941170268931,45.28292182133093],[-75.95953596215098,45.282842926219224],[-75.9595850505897,45.282811758631595],[-75.97213564159621,45.27484128779533],[-75.97223095823774,45.274780741649735],[-75.96998113749015,45.27293235642996]]]},"properties":{"ZONE_CODE":"RH1[270r]","ZONE_MAIN":"RH","ZNAME_EN":"Rural Industrial Zone","LABEL":null}},{"type":"Feature","geometry":{"type":"Polygon","coordinates":[[[-75.53305279768733,45.253017451608564],[-75.53386234684496,45.254291611741344],[-75.5349738027016,45.253900582387594],[-75.5359046657451,45.253577006508415],[-75.53624770091105,45.25345338223419],[-75.53743354445974,45.25302600726076],[-75.5376263867001,45.252956510335345],[-75.53679046300573,45.25150842599668],[-75.53562143142759,45.250859505354754],[-75.53409331897586,45.251723341407725],[-75.53325757763949,45.252195762130455],[-75.53382121568303,45.25269511968206],[-75.53305279768733,45.253017451608564]]]},"properties":{"ZONE_CODE":"RH","ZONE_MAIN":"RH","ZNAME_EN":"Rural Industrial Zone","LABEL":null}},{"type":"Feature","geometry":{"type":"Polygon","coordinates":[[[-75.61976363719273,45.41044001052595],[-75.6200535468911,45.41092235277112],[-75.62094828418546,45.410560877264494],[-75.62056974131126,45.41009631162779],[-75.62054949328476,45.41010454339849],[-75.62046856765407,45.41013745659522],[-75.62040423211005,45.41016362569463],[-75.62001081493136,45.41032363494384],[-75.61976363719273,45.41044001052595]]]},"properties":{"ZONE_CODE":"IL[464]","ZONE_MAIN":"IL","ZNAME_EN":"Industrial Zone","LABEL":null}},{"type":"Feature","geometry":{"type":"Polygon","coordinates":[[[-75.73032999544942,45.4018425673916],[-75.7302812825065,45.401857055355435],[-75.72984191560272,45.40198772943112],[-75.73000980893269,45.40227035875374],[-75.73030030073939,45.40218344668833],[-75.73050087837264,45.40212377766465],[-75.73036190989652,45.40189258522617],[-75.73032999544942,45.4018425673916]]]},"properties":{"ZONE_CODE":"IL8[104] F(2.0) H(13.5)","ZONE_MAIN":"IL","ZNAME_EN":"Industrial Zone","LABEL":null}},{"type":"Feature","geometry":{"type":"Polygon","coordinates":[[[-76.33040612698733,45.42579735218381],[-76.33031769952574,45.42573151880575],[-76.32691563311936,45.42319854051203],[-76.32681924299106,45.42325845586463],[-76.32605225870654,45.4237352002151],[-76.32493763089863,45.42442800967658],[-76.32392507236827,45.42505735272922],[-76.32376780161653,45.425151987582396],[-76.32317321211985,45.42552532214161],[-76.32313627429369,45.425679563846515],[-76.32308721909266,45.42588440759813],[-76.32498561979942,45.42647800126129],[-76.32555652341699,45.425647516514395],[-76.32611821660797,45.42589995425197],[-76.32551961074365,45.42664496110146],[-76.32793553897046,45.42740029558952],[-76.32812276045208,45.42727880481069],[-76.32910775417797,45.42663960284463],[-76.32901940217481,45.426573871952606],[-76.32900215811465,45.426561043389874],[-76.3288038864567,45.426413522904866],[-76.32909022625014,45.426227699591976],[-76.32940524655565,45.426023262474594],[-76.32962080269796,45.42618358930377],[-76.32970918793879,45.426249327585346],[-76.33040612698733,45.42579735218381]]]},"properties":{"ZONE_CODE":"RG","ZONE_MAIN":"RG","ZNAME_EN":"Rural Industrial Zone","LABEL":null}},{"type":"Feature","geometry":{"type":"Polygon","coordinates":[[[-75.65229392433467,45.3639391144476],[-75.65228031485813,45.3639446585327],[-75.65226668831357,45.363950172321765],[-75.65060910347658,45.364625758257375],[-75.65059548142362,45.36463130543093],[-75.65050995911362,45.364665804685366],[-75.65037314030597,45.364720990447026],[-75.64941363088637,45.3651080176118],[-75.64931687694038,45.36514712266305],[-75.6492763180053,45.36516351598934],[-75.64920816192638,45.3651910603517],[-75.64919111729219,45.36519795243605],[-75.64923818002993,45.365279254984536],[-75.64941259962043,45.365585307054474],[-75.64943017965054,45.36557937371736],[-75.64950056894125,45.365555612592765],[-75.64964232578804,45.36550776906346],[-75.64985032979375,45.365437559139494],[-75.64997300462728,45.36542446549629],[-75.65049205569002,45.36530431890242],[-75.6509348263104,45.365173292402886],[-75.65210736670804,45.36489604679712],[-75.6534889621403,45.36454195478242],[-75.65440081773069,45.364289502840904],[-75.65472354378473,45.36423016492734],[-75.65339572689527,45.363744552944425],[-75.65331373586265,45.363714567814185],[-75.65329578482834,45.363707998702964],[-75.65321513587875,45.36367850648942],[-75.65306683570346,45.363624265820796],[-75.65229392433467,45.3639391144476]]]},"properties":{"ZONE_CODE":"IL[2230]","ZONE_MAIN":"IL","ZNAME_EN":"Industrial Zone","LABEL":null}},{"type":"Feature","geometry":{"type":"Polygon","coordinates":[[[-75.91459051131982,45.296282827853084],[-75.9145853253457,45.296275970347565],[-75.91449662749116,45.29615869815495],[-75.9142756500161,45.296019779490386],[-75.91395123063776,45.29592328731765],[-75.91383397623868,45.29574444922145],[-75.9137595580039,45.29554951556607],[-75.91382078268211,45.2954364213972],[-75.91347372396197,45.29542921496887],[-75.91329660673067,45.2951307287565],[-75.91320644013065,45.295299091512426],[-75.91277786199343,45.29609935327649],[-75.91415395614288,45.296557840185585],[-75.91459051131982,45.296282827853084]]]},"properties":{"ZONE_CODE":"IL[1932]-h","ZONE_MAIN":"IL","ZNAME_EN":"Industrial Zone","LABEL":null}},{"type":"Feature","geometry":{"type":"Polygon","coordinates":[[[-75.62373591551389,45.45212013543212],[-75.6255452168192,45.455448041726406],[-75.6255620377729,45.45547897759152],[-75.62558259931143,45.45547258865052],[-75.62677343300153,45.45510255059123],[-75.62691481974241,45.45506111450026],[-75.62690638905347,45.45504531626184],[-75.62682819789451,45.45489839829289],[-75.62582250339122,45.45301081073061],[-75.62577138475999,45.453010426961505],[-75.62526914117619,45.45209832515034],[-75.6250869215141,45.451756713657645],[-75.62493753527558,45.4517968086406],[-75.6237952312721,45.452104106986894],[-75.62373608080391,45.45212001885017],[-75.62373591551389,45.45212013543212]]]},"properties":{"ZONE_CODE":"IP14 H(50)","ZONE_MAIN":"IP","ZNAME_EN":"Industrial Zone","LABEL":null}},{"type":"Feature","geometry":{"type":"Polygon","coordinates":[[[-75.68666048110508,45.31576082306176],[-75.68724624645071,45.316977059525726],[-75.68865764708576,45.31967331493004],[-75.68956401576642,45.321384537573806],[-75.69007979606322,45.320700507098465],[-75.69053208972392,45.320006080927186],[-75.69097839252001,45.31919499145476],[-75.6907636125221,45.31926499219014],[-75.6901754576578,45.31951539692436],[-75.68980998437267,45.31882565830813],[-75.6896445533249,45.318513438460705],[-75.68950373162433,45.31825343428118],[-75.69019158870537,45.317959706582286],[-75.69045055683209,45.31784907262641],[-75.6907400613903,45.31772539062587],[-75.6907736628735,45.31771103649488],[-75.69159783301069,45.31735889613051],[-75.69182351316627,45.31727860932955],[-75.69187433984504,45.31715377895473],[-75.69309547460796,45.3141545432006],[-75.69288146985616,45.31423907510737],[-75.69281407824353,45.31426774027326],[-75.69234978219231,45.31446523432483],[-75.69213920002171,45.314554804903025],[-75.69154885506477,45.31480590385028],[-75.69154799358041,45.3148044035504],[-75.69108686768384,45.31500073087141],[-75.69062450929867,45.31419687676292],[-75.69056338792673,45.3141008015018],[-75.68899403651528,45.31479464749436],[-75.68666048110508,45.31576082306176]]]},"properties":{"ZONE_CODE":"IL2 F(0.6) H(14)","ZONE_MAIN":"IL","ZNAME_EN":"Industrial Zone","LABEL":null}},{"type":"Feature","geometry":{"type":"Polygon","coordinates":[[[-75.74384088010476,45.37956648952293],[-75.74351091273122,45.37901338551519],[-75.74286851399683,45.379203751439775],[-75.74244663369836,45.379333090363325],[-75.74178056435622,45.37953060488363],[-75.74252064858958,45.38077122367671],[-75.74283179535959,45.38048762491484],[-75.74333374249932,45.38002951296713],[-75.74384088010476,45.37956648952293]]]},"properties":{"ZONE_CODE":"IL[278] H(30)","ZONE_MAIN":"IL","ZNAME_EN":"Industrial Zone","LABEL":null}},{"type":"Feature","geometry":{"type":"Polygon","coordinates":[[[-75.9446959149299,45.13092224223797],[-75.94290309501508,45.129430065082914],[-75.94282779553303,45.12936738853305],[-75.94266966419526,45.12923576406838],[-75.94254414529557,45.12913125395742],[-75.94095712132751,45.130076718023304],[-75.94105625131743,45.13015767967993],[-75.94108134575488,45.13017857601773],[-75.94109890961532,45.13019320446365],[-75.94312514687525,45.131879706290086],[-75.9446959149299,45.13092224223797]]]},"properties":{"ZONE_CODE":"RG1[85r]","ZONE_MAIN":"RG","ZNAME_EN":"Rural Industrial Zone","LABEL":null}},{"type":"Feature","geometry":{"type":"Polygon","coordinates":[[[-75.92295548221004,45.3097485376711],[-75.92257712708373,45.30944340991392],[-75.92235170025307,45.309261611672945],[-75.92191496002319,45.3089093910053],[-75.92194821565501,45.30977237213458],[-75.92209220571358,45.30976896567756],[-75.92237338288909,45.30976231259853],[-75.92295548221004,45.3097485376711]]]},"properties":{"ZONE_CODE":"IL7[307]","ZONE_MAIN":"IL","ZNAME_EN":"Industrial Zone","LABEL":null}},{"type":"Feature","geometry":{"type":"Polygon","coordinates":[[[-75.70120304044006,45.34662906253702],[-75.70126722416879,45.34674108418226],[-75.70212545303166,45.34688453725005],[-75.70243030979806,45.346935489496154],[-75.70254933926816,45.34695538323463],[-75.70421514728325,45.346443818357834],[-75.70579573572061,45.34678860138999],[-75.7060015927528,45.34671648681576],[-75.70648514239552,45.346547050697936],[-75.70679971534001,45.34643682107853],[-75.7071894772738,45.34630024547859],[-75.70721210314088,45.34629231440881],[-75.70730379957182,45.34626018478902],[-75.70733813677525,45.34624815243427],[-75.70780422316882,45.346084824551106],[-75.70786695701669,45.34606284197882],[-75.70797516987244,45.34602492331593],[-75.70800446662881,45.34604525490471],[-75.70806313110843,45.34608595404771],[-75.70813420581372,45.34606105965894],[-75.7081506611531,45.34605529916022],[-75.70818636738902,45.34604279008745],[-75.70889276929077,45.34579536961935],[-75.70908277914305,45.34571129896826],[-75.71019214821325,45.34522106744484],[-75.71129591988097,45.344733292130826],[-75.71225231394314,45.34431718774129],[-75.71234333124774,45.34427758465914],[-75.71339052073063,45.343821955598706],[-75.71392616637162,45.343588895100204],[-75.71457163285272,45.34330803384842],[-75.71569688952705,45.342818401540946],[-75.71692141183694,45.34228555081884],[-75.7174668006055,45.342048217616025],[-75.71804660832416,45.341795898303026],[-75.7181128375168,45.34176707721696],[-75.71966849950165,45.34109006539432],[-75.71989488842796,45.340991539128524],[-75.72090008885786,45.34055406278325],[-75.72080882721153,45.34043263084836],[-75.72189356986654,45.340089135093876],[-75.72186743697661,45.33994887307577],[-75.72169898669117,45.33996448252751],[-75.72148472232622,45.339984337041734],[-75.71857617147235,45.34025381004891],[-75.71744479996586,45.3403586082337],[-75.71404704187961,45.340673273133504],[-75.71100358113806,45.34099395807253],[-75.70923810504219,45.341261295896494],[-75.70798319811614,45.34153205657949],[-75.70746471299202,45.341643920988425],[-75.70618863457138,45.34200778959854],[-75.704804092665,45.34247738270773],[-75.70405078523068,45.342765416290604],[-75.70347714085315,45.34298474995211],[-75.70342501071892,45.34300468106828],[-75.70302936122674,45.34319353731132],[-75.70190895455663,45.34372832604048],[-75.70136815707748,45.34398265905088],[-75.70041795330592,45.34442270827425],[-75.7003664358227,45.34444656603491],[-75.700306132816,45.34447449236222],[-75.70025323821544,45.34449898778889],[-75.70029487153559,45.344612789701166],[-75.7003028243208,45.34463452596985],[-75.70051513215505,45.3452148396497],[-75.70085314394194,45.3460183673035],[-75.70090767976453,45.346113551892465],[-75.70120304044006,45.34662906253702]]]},"properties":{"ZONE_CODE":"IG5","ZONE_MAIN":"IG","ZNAME_EN":"Transportation Zones","LABEL":null}},{"type":"Feature","geometry":{"type":"Polygon","coordinates":[[[-75.4798302419805,45.48929568276621],[-75.4798301422675,45.48929552910544],[-75.47970777914938,45.48910625966955],[-75.47953274241627,45.488835497779654],[-75.47950743777304,45.48879634796025],[-75.47945260281146,45.4887115062546],[-75.47891760305917,45.488792901268475],[-75.47843632705244,45.488891169372984],[-75.47804523830699,45.48897237205021],[-75.47851441131189,45.4896645397954],[-75.47870104619362,45.48995629986011],[-75.47887800082987,45.48989980875472],[-75.47892484258205,45.48988474512208],[-75.47911606336332,45.4898232493116],[-75.4788903859027,45.48946982988458],[-75.47926479023839,45.48940074884003],[-75.47979518163328,45.48930267873848],[-75.47982983055209,45.48929627221893],[-75.4798302419805,45.48929568276621]]]},"properties":{"ZONE_CODE":"IL[2369] H(21)","ZONE_MAIN":"IL","ZNAME_EN":"Industrial Zone","LABEL":null}},{"type":"Feature","geometry":{"type":"Polygon","coordinates":[[[-75.38287761110615,45.18964719106855],[-75.38144131456131,45.18798694996779],[-75.37977140483862,45.18867262391641],[-75.380999700971,45.1904245038903],[-75.38287761110615,45.18964719106855]]]},"properties":{"ZONE_CODE":"RG1[110r]","ZONE_MAIN":"RG","ZNAME_EN":"Rural Industrial Zone","LABEL":null}},{"type":"Feature","geometry":{"type":"Polygon","coordinates":[[[-75.88576642420682,45.31479365066339],[-75.88534231698478,45.314633753185646],[-75.88396263137084,45.31545782364632],[-75.88355071698214,45.31570385808248],[-75.88335779748667,45.31581908674648],[-75.88350540146762,45.31607377125551],[-75.88375045109734,45.31649658892819],[-75.8839240199833,45.3164400611842],[-75.8851616819508,45.316035987905735],[-75.88532469563216,45.315983870808125],[-75.88527143362066,45.315712946912],[-75.88530098639687,45.31553749396399],[-75.88545248277795,45.31516757350008],[-75.88576642420682,45.31479365066339]]]},"properties":{"ZONE_CODE":"IL1","ZONE_MAIN":"IL","ZNAME_EN":"Industrial Zone","LABEL":null}},{"type":"Feature","geometry":{"type":"Polygon","coordinates":[[[-75.90653283073209,45.339989668158175],[-75.90650014283554,45.339989977556144],[-75.90646746392214,45.33999059508921],[-75.90643479938178,45.339991520757366],[-75.90640215460435,45.33999275392915],[-75.90636953587806,45.33999429523599],[-75.90633694859282,45.33999614404647],[-75.90630439993512,45.339998300360506],[-75.90627189349826,45.34000076228381],[-75.90623943557043,45.34000353171064],[-75.90620703333812,45.34000660611523],[-75.90617468949631,45.3400099861289],[-75.90614241212985,45.3400136711203],[-75.90611020752691,45.34001765919499],[-75.90607807928076,45.34002195161576],[-75.90604603367963,45.34002654648834],[-75.90601407611341,45.34003144254973],[-75.9059822146669,45.340036640431336],[-75.90555814786904,45.34015711850463],[-75.90549351228772,45.34017901307675],[-75.90575616620207,45.34082747437186],[-75.90592101963311,45.34102172130417],[-75.90620939321236,45.341227058929825],[-75.90566388586619,45.341746903205646],[-75.90569157553651,45.341763857684896],[-75.9057193451569,45.34178074649303],[-75.90574719562564,45.34179756773585],[-75.90577512694277,45.34181432267626],[-75.90580313820995,45.34183101194572],[-75.9058312294272,45.34184763238723],[-75.90585940239116,45.34186418652651],[-75.9058876526102,45.34188067310081],[-75.90591598277932,45.34189709211016],[-75.90594439200018,45.341913442923214],[-75.90597287847616,45.34192972554007],[-75.90600144310557,45.3419459405922],[-75.90603008678671,45.341962087448145],[-75.90605880682466,45.341978165476704],[-75.90608760501605,45.34199417404643],[-75.90611647956422,45.34201011442029],[-75.90614542957087,45.34202598596679],[-75.90617445773097,45.34204178805473],[-75.90620356045123,45.342057520684115],[-75.90623273862997,45.34207318322359],[-75.90623760390555,45.34207578333355],[-75.90624247097776,45.342078382180574],[-75.9062473398466,45.34208097850183],[-75.90625221141039,45.342083572928836],[-75.90625708477081,45.342086165461474],[-75.90626195992786,45.34208875609981],[-75.90626683688153,45.34209134547521],[-75.90627171742845,45.34209393232489],[-75.9062765979754,45.34209651728026],[-75.90628148121729,45.34209910097269],[-75.90628636715412,45.34210168213941],[-75.90629125488758,45.34210426141181],[-75.90629614441767,45.34210683878992],[-75.90630103574439,45.34210941427367],[-75.90630592886774,45.34211198786311],[-75.90631082468605,45.34211456018962],[-75.90631572230097,45.34211712935905],[-75.90632062261085,45.34211969789695],[-75.90632552381905,45.34212226390909],[-75.90633042682386,45.342124828026975],[-75.90843399106343,45.34322338052034],[-75.9085811081575,45.3432779292895],[-75.90874470754044,45.343298635014946],[-75.90885319348402,45.3432934740533],[-75.90901084152819,45.34325505726441],[-75.90914481177806,45.34318499020225],[-75.90917640911987,45.34316044369589],[-75.91079549575704,45.34179310812754],[-75.91077871971912,45.34178362632856],[-75.91076191852837,45.34177416725849],[-75.91074508948984,45.34176473281168],[-75.91072823529846,45.341755320462454],[-75.91071135415766,45.34174593147361],[-75.91069444696569,45.341736566476634],[-75.9106775146209,45.34172722420868],[-75.91066055532666,45.34171790593258],[-75.9106435717779,45.341708610385545],[-75.91062656038136,45.341699339461776],[-75.910609523832,45.34169009189846],[-75.9105924621298,45.341680867695665],[-75.91057537347815,45.3416716674848],[-75.91055826057199,45.341662490634434],[-75.91054112161468,45.341653336513204],[-75.91052395840286,45.34164420701531],[-75.91050676824159,45.341635101509404],[-75.91048955292749,45.34162601936404],[-75.91047231425718,45.34161696184206],[-75.91045504863742,45.34160792768068],[-75.90853110703047,45.3406000161116],[-75.90800466912115,45.340325119586055],[-75.90794451792974,45.340295005232505],[-75.90788311269019,45.340266175805354],[-75.90782051179296,45.340238658457636],[-75.90775676734042,45.340212477185375],[-75.90769193951961,45.340187655352956],[-75.90762608582277,45.34016421569344],[-75.90755926464034,45.34014217841409],[-75.9074915361595,45.34012156372199],[-75.9074229632623,45.34010239056147],[-75.90735360523752,45.34008467598239],[-75.90728352496726,45.340068435771734],[-75.90721278713022,45.34005368571631],[-75.90714145281181,45.34004043592012],[-75.90706958669078,45.340028702169775],[-75.90699725614073,45.34001849330617],[-75.90692452314543,45.34000981690723],[-75.9068514532819,45.340002683076435],[-75.90677811302548,45.339997098128634],[-75.9067045697498,45.339993065221364],[-75.90663088633693,45.33999058940639],[-75.90659820832185,45.33998997439902],[-75.9065655213236,45.33998966689535],[-75.90653283073209,45.339989668158175]]]},"properties":{"ZONE_CODE":"IP6","ZONE_MAIN":"IP","ZNAME_EN":"Industrial Zone","LABEL":null}},{"type":"Feature","geometry":{"type":"Polygon","coordinates":[[[-75.9127360651799,45.353443390604106],[-75.91339151374042,45.35368538847661],[-75.91473290597045,45.35425594659179],[-75.91554974405831,45.35466063669302],[-75.91567046325946,45.35457080442664],[-75.9181182511361,45.353015399497316],[-75.91824384998588,45.352935582402736],[-75.91828051741913,45.352913378386496],[-75.91796244823155,45.35290540657881],[-75.91780065985223,45.35290458212668],[-75.91693458240871,45.35290016442657],[-75.9163293631473,45.352889010331936],[-75.91603251306503,45.35287943885572],[-75.91585060242336,45.352797925947165],[-75.91579466612725,45.35268483237622],[-75.9157049612613,45.35252321617095],[-75.91519002987243,45.352617271818374],[-75.9147897315987,45.35267162467573],[-75.9145268863432,45.35268639416982],[-75.9141731764967,45.3526523478161],[-75.9138653211539,45.352602427183434],[-75.91344026620921,45.352523904902455],[-75.9127360651799,45.353443390604106]]]},"properties":{"ZONE_CODE":"IG[1525]","ZONE_MAIN":"IG","ZNAME_EN":"Transportation Zones","LABEL":null}},{"type":"Feature","geometry":{"type":"Polygon","coordinates":[[[-75.92543507314272,45.346518083662936],[-75.92558214801596,45.346653281131445],[-75.92559839943777,45.34670502719203],[-75.92567039850948,45.34693436317318],[-75.92572965138562,45.34698150456758],[-75.9265734802545,45.34765276767655],[-75.926573438932,45.347652794824114],[-75.92678525808273,45.34782388615457],[-75.92709871442135,45.34762379236863],[-75.92767964772906,45.34725294815474],[-75.9280033619299,45.34704629771989],[-75.92869546175402,45.34660447459216],[-75.92887106532407,45.34649237060085],[-75.92924250432101,45.34625867900859],[-75.92926193757556,45.34624645219631],[-75.92926311616523,45.34624571035463],[-75.92979457026709,45.34591134016699],[-75.93004825899489,45.34575172560378],[-75.93026199964203,45.34561724510299],[-75.93026246496933,45.34561695341392],[-75.93068734204759,45.34534962668692],[-75.93074088163851,45.34531594084874],[-75.93101594398189,45.34514287270458],[-75.93105865887364,45.3451159966707],[-75.93110174297298,45.34508829542675],[-75.93109770324915,45.345084408096646],[-75.93084012481616,45.3449748436173],[-75.93056605870444,45.344715351706824],[-75.9303241819243,45.34447809940396],[-75.9301697696118,45.3442090966745],[-75.9301019144685,45.3439667741625],[-75.93013791355519,45.343675405411446],[-75.9301962528447,45.34345478703012],[-75.92976495101553,45.3437323100652],[-75.9264333089342,45.34587592600283],[-75.92615723239288,45.345668435881585],[-75.9257730427088,45.345379687211434],[-75.92511824991841,45.344887545448174],[-75.9241364281438,45.34551593230416],[-75.92413684765705,45.345516232201476],[-75.9243539462067,45.345671527656634],[-75.92543507314272,45.346518083662936]]]},"properties":{"ZONE_CODE":"IG6 S183","ZONE_MAIN":"IG","ZNAME_EN":"Transportation Zones","LABEL":null}},{"type":"Feature","geometry":{"type":"Polygon","coordinates":[[[-75.97456857133807,45.27670108146935],[-75.97223095823774,45.274780741649735],[-75.97213564159621,45.27484128779533],[-75.9595850505897,45.282811758631595],[-75.95953596215098,45.282842926219224],[-75.95941170268931,45.28292182133093],[-75.96100578651719,45.284214655399666],[-75.96176640893287,45.28483150818708],[-75.96191978997942,45.284734114649964],[-75.97447325469653,45.27676162999091],[-75.97456857133807,45.27670108146935]]]},"properties":{"ZONE_CODE":"RH1[269r]-h","ZONE_MAIN":"RH","ZNAME_EN":"Rural Industrial Zone","LABEL":null}},{"type":"Feature","geometry":{"type":"Polygon","coordinates":[[[-75.6894039539491,45.322917051526275],[-75.6894464244991,45.323278059901966],[-75.68956961676221,45.32322462560797],[-75.69013387823657,45.32299924728597],[-75.69035699370201,45.32290767773075],[-75.6903385324246,45.322872158857294],[-75.69031607184755,45.322828944355834],[-75.69020623932934,45.32287574706354],[-75.69008151813361,45.32263574161135],[-75.68940335297617,45.32291194871032],[-75.6894039539491,45.322917051526275]]]},"properties":{"ZONE_CODE":"IL","ZONE_MAIN":"IL","ZNAME_EN":"Industrial Zone","LABEL":null}},{"type":"Feature","geometry":{"type":"Polygon","coordinates":[[[-75.91268083495959,45.3472661640645],[-75.91317080665827,45.346732376614725],[-75.9133381618974,45.34681644385528],[-75.91348442738858,45.3468899182246],[-75.91382619143842,45.34706159585552],[-75.91393675249033,45.347117132137804],[-75.9145886122813,45.34744457191524],[-75.91483518455543,45.34719744736095],[-75.91509163739939,45.34739896317299],[-75.91511267145177,45.347415490435345],[-75.91521713204457,45.347349388301716],[-75.91471539061904,45.34695513511536],[-75.91644015596455,45.34522639933093],[-75.91631045810215,45.3451232605502],[-75.91626934400823,45.345090565193],[-75.91609208843636,45.34495467895684],[-75.9156356831866,45.34466438672905],[-75.91487313208799,45.344363517472004],[-75.91453838657546,45.3442785071003],[-75.91448955595325,45.344263340801696],[-75.9144410936403,45.34424759931462],[-75.91439301041639,45.344231287689695],[-75.91434532334954,45.344214409714596],[-75.9142980432195,45.344196971071334],[-75.91425118350104,45.3441789768103],[-75.91420475766883,45.34416043071929],[-75.91415877829932,45.34414134037425],[-75.91411326066387,45.34412170830023],[-75.91406821374564,45.34410154144175],[-75.9140236537143,45.34408084611205],[-75.91397959224793,45.34405962736157],[-75.91393603922799,45.344037889609446],[-75.91389300902756,45.34401564169428],[-75.91385051332473,45.34399288866661],[-75.9138085637976,45.34396963620818],[-75.91376717392089,45.34394589252636],[-75.91372635267776,45.3439216626716],[-75.9136861126446,45.34389695358836],[-75.91364646639786,45.34387177348406],[-75.91363449275343,45.34386399928793],[-75.91362257570286,45.343856180894115],[-75.91361071614449,45.34384832082799],[-75.91359891228166,45.343840417826854],[-75.913587165911,45.34383247315345],[-75.91357547793085,45.34382448554495],[-75.91356384834117,45.34381645626417],[-75.91355227714199,45.343808384679626],[-75.9135407643333,45.3438002726855],[-75.9135293090168,45.343792117756266],[-75.91351791388743,45.34378392241737],[-75.91350657804686,45.34377568603747],[-75.91349530329173,45.34376740987926],[-75.91348408692708,45.34375909204862],[-75.91347293254621,45.343750734439645],[-75.91346183655581,45.34374233642097],[-75.9134508034475,45.343733899886715],[-75.91343983142461,45.34372542231134],[-75.91342891958887,45.34371690558891],[-75.91341807063517,45.34370834971949],[-75.91321549694534,45.34354806914777],[-75.9117165824353,45.34432450286474],[-75.91105274630496,45.34519252842911],[-75.911015732122,45.34524092706069],[-75.91045334453331,45.3459762810192],[-75.91025915392171,45.34623018597352],[-75.9102221541118,45.346278562883285],[-75.91091678898167,45.34650173733654],[-75.91123024082869,45.34660244416847],[-75.91126562726436,45.34661392338485],[-75.91130085739317,45.34662564314342],[-75.91133592492693,45.34663760028723],[-75.91137082896729,45.34664979544751],[-75.91140556502269,45.346662226098736],[-75.91144012860157,45.34667489160935],[-75.9114745197039,45.346687791347875],[-75.91150873204151,45.346700922788735],[-75.91154276471605,45.34671428593178],[-75.91157661323594,45.34672787888284],[-75.91161027490627,45.34674170101034],[-75.91164374613376,45.346755751051425],[-75.91167702512176,45.34677002584919],[-75.91171010648043,45.34678452666613],[-75.91174299110803,45.34679925160808],[-75.91177567181806,45.34681419751814],[-75.9118081468139,45.346829365658735],[-75.91184041519722,45.34684475224168],[-75.91187247067982,45.34686035726677],[-75.91190431236338,45.34687617820846],[-75.91268083495959,45.3472661640645]]]},"properties":{"ZONE_CODE":"IP6","ZONE_MAIN":"IP","ZNAME_EN":"Industrial Zone","LABEL":null}},{"type":"Feature","geometry":{"type":"Polygon","coordinates":[[[-75.89112839178094,45.22023335947321],[-75.89041069625941,45.21969182947727],[-75.88988109268703,45.21929221256877],[-75.88856713770075,45.22008489830601],[-75.8884420877216,45.220163817368416],[-75.8895153966197,45.22099461099509],[-75.88967651036423,45.22112582612432],[-75.88976309897447,45.221072565117765],[-75.88977394792815,45.2210658915115],[-75.89112839178094,45.22023335947321]]]},"properties":{"ZONE_CODE":"RG3[641r]","ZONE_MAIN":"RG","ZNAME_EN":"Rural Industrial Zone","LABEL":null}},{"type":"Feature","geometry":{"type":"Polygon","coordinates":[[[-75.95255488458352,45.26845094884294],[-75.95210474777778,45.268734947814096],[-75.9512327055208,45.26928512132496],[-75.95131653360815,45.26935098075094],[-75.95169823316228,45.26965085755911],[-75.95120559616214,45.26996134497512],[-75.95071181291172,45.270273784195055],[-75.95039967979153,45.27047007986319],[-75.9497726844693,45.27086437608892],[-75.94945971501758,45.27106161926783],[-75.94914675904057,45.271258846588694],[-75.94883379048717,45.27145608081048],[-75.94852082462869,45.27165331055371],[-75.94789428205736,45.27204814918953],[-75.94770298851257,45.27216869724999],[-75.94792613991062,45.27234557280351],[-75.94763226325192,45.27252491266135],[-75.94741602618662,45.27265687236304],[-75.94777930219257,45.27294265324321],[-75.94814252609625,45.27322840739758],[-75.94840039738001,45.27343126231882],[-75.9489179814939,45.27383840056798],[-75.94917745088057,45.27404249929511],[-75.94943606866435,45.27424592088001],[-75.95054880372193,45.27354692523176],[-75.95134040813348,45.27304963998051],[-75.95280282768678,45.27213091182093],[-75.95314815625167,45.27191520249904],[-75.95343449424847,45.27173633801427],[-75.95372082416046,45.271557476126745],[-75.954007158564,45.27137861051458],[-75.95430094718779,45.271195081929214],[-75.9544067013546,45.2711290172841],[-75.95449338608458,45.271075449744295],[-75.9549380512519,45.27080066535505],[-75.95523052204715,45.270619928581894],[-75.95552299733399,45.27043918743999],[-75.95567086721628,45.27034780544833],[-75.9558106756172,45.2702614031614],[-75.95609833683243,45.2700836290734],[-75.95620581756124,45.27001720404249],[-75.95632088276597,45.26994608860479],[-75.95634735252415,45.26992973282544],[-75.95690898462966,45.26957899628778],[-75.95715738138215,45.26942387155026],[-75.95719499024982,45.269399886729104],[-75.95802290726007,45.268871931705526],[-75.95873587584656,45.26841097787575],[-75.95892939002675,45.268349983578425],[-75.95912193941632,45.26824515587806],[-75.95922785617822,45.268174689411595],[-75.95950609496442,45.2679895762213],[-75.95952075097829,45.26797982601801],[-75.95972704369339,45.26779183807905],[-75.9599303620866,45.26764165566286],[-75.96002030320946,45.26758552492709],[-75.9604903475802,45.26729217830699],[-75.95996654532792,45.26687763636179],[-75.959442775415,45.26646311035659],[-75.95900384778739,45.26611572607171],[-75.9589190189768,45.26604858195651],[-75.95865653664066,45.26584083737527],[-75.95856763127532,45.26577047730353],[-75.9578712410974,45.26521928656563],[-75.95778486808283,45.26515092176358],[-75.95255488458352,45.26845094884294]]]},"properties":{"ZONE_CODE":"RG5","ZONE_MAIN":"RG","ZNAME_EN":"Rural Industrial Zone","LABEL":null}},{"type":"Feature","geometry":{"type":"Polygon","coordinates":[[[-75.91181196645049,45.295654293460714],[-75.91222165301728,45.295222734989586],[-75.91190637399697,45.29525032349683],[-75.91110408592178,45.29504181628127],[-75.9109597670798,45.29489919115629],[-75.91078725551095,45.29507337336638],[-75.91181196645049,45.295654293460714]]]},"properties":{"ZONE_CODE":"IL[1932]-h","ZONE_MAIN":"IL","ZNAME_EN":"Industrial Zone","LABEL":null}},{"type":"Feature","geometry":{"type":"Polygon","coordinates":[[[-75.63119166467413,45.4161758087488],[-75.63185532293805,45.416208705796],[-75.63153218455729,45.41563281742065],[-75.63146996993567,45.41552194238151],[-75.6311493171933,45.41492781796314],[-75.63093293460093,45.41454716971027],[-75.63026265395675,45.41450282832699],[-75.63119166467413,45.4161758087488]]]},"properties":{"ZONE_CODE":"IL[263]","ZONE_MAIN":"IL","ZNAME_EN":"Industrial Zone","LABEL":null}},{"type":"Feature","geometry":{"type":"Polygon","coordinates":[[[-75.75017749910089,45.37822240869209],[-75.75021453574173,45.3782859280589],[-75.75021466240419,45.37828577220258],[-75.75060907042463,45.3781711407214],[-75.75072890927679,45.37813485956022],[-75.7506873855511,45.37806986979472],[-75.75080937407172,45.37803875835132],[-75.75159938756688,45.37780914457959],[-75.75171719981978,45.37777311180131],[-75.75164386585155,45.377647886612614],[-75.75213562699427,45.37750496017199],[-75.75184757680852,45.37700031726569],[-75.75186160310336,45.37699417184412],[-75.75181974789935,45.37691785598829],[-75.75170204524092,45.37671199600603],[-75.75155660170822,45.37645762644952],[-75.75141098839391,45.37620295916915],[-75.75126537507963,45.375948292003926],[-75.75119265825403,45.375821110383704],[-75.75114899923288,45.37574475697628],[-75.75111919762335,45.375692639291096],[-75.75110549921357,45.37566868868967],[-75.75107970678512,45.37567619664112],[-75.75092515613208,45.375409368432784],[-75.75080769781542,45.375206173484514],[-75.75074929833879,45.37510524683982],[-75.7506754550258,45.37497764431688],[-75.75030488919133,45.374337292530896],[-75.74991758594648,45.3746975029769],[-75.74913322824435,45.37541495493474],[-75.7495914777354,45.3761975027353],[-75.74856332355337,45.37649630529],[-75.74877972860364,45.37686560434747],[-75.7489689811761,45.37718856283497],[-75.74905350455953,45.377332800047554],[-75.74920204727995,45.37758628162927],[-75.7492742080484,45.377709420225464],[-75.74951396300786,45.378118546975216],[-75.74963271579684,45.378084086213704],[-75.74999288902178,45.377979413407],[-75.75002886205733,45.37796895709508],[-75.75017301201605,45.378214754687185],[-75.75017749910089,45.37822240869209]]]},"properties":{"ZONE_CODE":"IG3 H(10.7)","ZONE_MAIN":"IG","ZNAME_EN":"Transportation Zones","LABEL":null}},{"type":"Feature","geometry":{"type":"Polygon","coordinates":[[[-75.61304428557992,45.39072067693728],[-75.6148851168534,45.389980949615406],[-75.61515362508845,45.38987301769023],[-75.61540093847269,45.38977360418332],[-75.61415790907132,45.38823649500554],[-75.61474504704272,45.38800121878289],[-75.6149601666038,45.387914886638065],[-75.61379830986985,45.38745548097278],[-75.61222765590122,45.3868344038554],[-75.61302153035545,45.385974162105576],[-75.61277529135629,45.38587141746327],[-75.61304734524177,45.385584190021056],[-75.61295352070192,45.385622074605244],[-75.61280649523599,45.38568144307364],[-75.61259268901185,45.38576777610596],[-75.61265081989221,45.385706340221894],[-75.61219476229044,45.385885774506875],[-75.61190306045306,45.38600054176595],[-75.61160470659104,45.38611792517493],[-75.61126900886428,45.386249997779956],[-75.61115728808736,45.38629620548495],[-75.61104556820872,45.386342413152185],[-75.61099040805702,45.38636506713494],[-75.61072002773291,45.386476118016944],[-75.61035411876486,45.386626306199226],[-75.61006844911464,45.38674355897368],[-75.60980500558114,45.386851688037865],[-75.60956264371075,45.38695116220313],[-75.60929097610084,45.38706266491939],[-75.60902249391694,45.38717285830235],[-75.60876413664458,45.38727898534065],[-75.60824230439772,45.38749333843622],[-75.6080594136941,45.38756846277061],[-75.60777844133446,45.387683876432405],[-75.60752440585695,45.38778822276748],[-75.60746210499707,45.38781381296775],[-75.60729144934758,45.3878839112062],[-75.6069976077232,45.3880046066554],[-75.60669673588342,45.38812818941835],[-75.60641699152077,45.38824309218139],[-75.6062156197768,45.388325805067986],[-75.6059313577866,45.388442560966006],[-75.60580636529966,45.38850119338598],[-75.60563493889569,45.38858160695992],[-75.60543968827204,45.3886731945893],[-75.60539745397895,45.388590520064014],[-75.60527413146012,45.38861718933997],[-75.60501109306684,45.388674071514224],[-75.60472906967833,45.388735058140355],[-75.60450992566476,45.38878244797583],[-75.60435109094612,45.38885593851239],[-75.60420821030692,45.388922047675756],[-75.6039918968848,45.389022132672196],[-75.60370812537478,45.38915342945405],[-75.60314028052076,45.38941615710954],[-75.60303172361024,45.3894663834072],[-75.60295111418654,45.38946071186406],[-75.60288604202398,45.38945613362237],[-75.60279222467067,45.389443287794776],[-75.60269429033838,45.38942987859481],[-75.60258310765228,45.389407329934365],[-75.60247280172193,45.38938495917125],[-75.60239094094503,45.389362895634676],[-75.60230456164224,45.38933961387214],[-75.60223894779558,45.38932192921457],[-75.60212668443621,45.38929167185792],[-75.60206060526224,45.389273860379575],[-75.60199296301965,45.389300861803825],[-75.60219963302718,45.38943737083981],[-75.60232640777166,45.38952110777629],[-75.60257464821727,45.38968507174762],[-75.60270921584682,45.389773953684724],[-75.60292745346028,45.38991810012057],[-75.60538303781529,45.38878204231996],[-75.60582443401329,45.38951950410015],[-75.60616814471234,45.3908089894741],[-75.60503915104641,45.39128216651382],[-75.6051018202156,45.39132264764991],[-75.60526800584819,45.39142999200849],[-75.6058303413346,45.391194272341075],[-75.60618091695905,45.39105076632319],[-75.60636082345934,45.39160984845698],[-75.60658955519193,45.39197746474829],[-75.6074367051324,45.392979034867615],[-75.60755931079564,45.392925026688765],[-75.6081648911798,45.39268160254256],[-75.6080524562422,45.392524272328],[-75.60801966414108,45.39251499774298],[-75.60798923101588,45.39250234375467],[-75.60796185575592,45.39248660054651],[-75.60793816448694,45.39246812769412],[-75.60791869979136,45.39244734911872],[-75.60790390453863,45.39242473857814],[-75.60699774965701,45.390709623035285],[-75.60749954857474,45.39050340383942],[-75.60814215841322,45.39019410896325],[-75.6084445043884,45.390021543346805],[-75.60873554237077,45.38983987314477],[-75.60901611947168,45.38964993354167],[-75.60928032297987,45.38944867040002],[-75.60975412949503,45.389011330789],[-75.61042916941359,45.38829874387465],[-75.61077590923179,45.38793258246098],[-75.61146703348552,45.38878684962562],[-75.61160540098874,45.38895787588396],[-75.61218635765266,45.389675937380744],[-75.61225417327009,45.38975975660768],[-75.61304428557992,45.39072067693728]]]},"properties":{"ZONE_CODE":"IL","ZONE_MAIN":"IL","ZNAME_EN":"Industrial Zone","LABEL":null}},{"type":"Feature","geometry":{"type":"Polygon","coordinates":[[[-75.71740787022455,45.40652968020241],[-75.71765287134524,45.406456075790224],[-75.71779996238816,45.406560495943346],[-75.71812626373703,45.407101022786705],[-75.71817371814022,45.40718091544651],[-75.71848192831759,45.407088295752835],[-75.71874316109714,45.40700979171186],[-75.71868002929561,45.40695924674694],[-75.71822179148266,45.40662723715111],[-75.71902149510478,45.40638868225351],[-75.7189451715433,45.40626217394026],[-75.71890304774298,45.406192350140294],[-75.71834375215553,45.405265267999305],[-75.71810671459981,45.40487234615492],[-75.71810666788741,45.40487236003033],[-75.71765651581033,45.40412522610581],[-75.71724374263222,45.403440115185745],[-75.71695112720822,45.40295442550817],[-75.7163649567224,45.40312956281487],[-75.71570537770818,45.403326629005925],[-75.71650613146086,45.40466228909592],[-75.71639656125072,45.40469439816482],[-75.71596309807498,45.404823693903225],[-75.71576883110659,45.40468506502977],[-75.71559748465266,45.404562793754316],[-75.7155745704264,45.404546442123134],[-75.71538039418785,45.40440787816269],[-75.71518614428743,45.404269255837306],[-75.71510177451594,45.40420882712156],[-75.7147543735377,45.40395999025894],[-75.71469978201957,45.40392088366471],[-75.71461101768972,45.40385730227902],[-75.71456149087317,45.40382182788513],[-75.71454317871608,45.403808709701565],[-75.71450869868053,45.4037840103718],[-75.7144731083273,45.40376214230115],[-75.71442812069787,45.403734498782235],[-75.71440048762142,45.40371751998232],[-75.71570537770818,45.403326629005925],[-75.71562923560639,45.403200361077154],[-75.7153986281915,45.40281794029147],[-75.71489775813178,45.401987316931994],[-75.71472917759061,45.40203311440995],[-75.714279035395,45.402152490429664],[-75.71384189361818,45.402264575594884],[-75.71379947966204,45.40227527276681],[-75.71345220534623,45.40236285767822],[-75.71308949168568,45.402450256389194],[-75.71294776178834,45.40248389559783],[-75.71260777101288,45.402091501252315],[-75.71254205385995,45.40201252037166],[-75.71205536011374,45.40215772675645],[-75.71233332940535,45.40262493230627],[-75.71252603420348,45.4029488228058],[-75.71259599409949,45.40306431795903],[-75.71268575645763,45.403212501156915],[-75.71272266374108,45.40327342794444],[-75.71278240530073,45.403372052013616],[-75.71288104301388,45.403414611531055],[-75.7129611772288,45.40344918551779],[-75.71297383449115,45.40345466139653],[-75.71301506356943,45.40347563333876],[-75.71305629354602,45.403496605273155],[-75.71321855264253,45.40358587293033],[-75.71360731205645,45.403836839463075],[-75.7136168126389,45.40385474411211],[-75.7137349087594,45.40392498328641],[-75.71384868667836,45.40400050394047],[-75.71384616241241,45.40400147018843],[-75.71420104635698,45.40424484431151],[-75.71442215408774,45.40439977674856],[-75.71451703863964,45.404469682863706],[-75.71480786641625,45.404677480200796],[-75.71531075409209,45.405037316962606],[-75.71607192717502,45.40557709272011],[-75.71642317204439,45.405826150769464],[-75.71659873698688,45.405950632396035],[-75.71679415829043,45.406089290959564],[-75.71707384066929,45.406300922577],[-75.71717439538725,45.40636916953347],[-75.71727734321712,45.406436619854944],[-75.71740787022455,45.40652968020241]]]},"properties":{"ZONE_CODE":"IG1 H(11)","ZONE_MAIN":"IG","ZNAME_EN":"Transportation Zones","LABEL":null}},{"type":"Feature","geometry":{"type":"Polygon","coordinates":[[[-75.50436701968705,45.42644527663845],[-75.5050147229732,45.42640627828989],[-75.50502080905926,45.4264170364577],[-75.50511553820259,45.42658450841009],[-75.50564957136764,45.42750386878595],[-75.50570788370769,45.427617429956115],[-75.50575050427634,45.42761641619821],[-75.50609163231896,45.42762666788697],[-75.50603076337362,45.42751507499279],[-75.50549385380303,45.42654821293286],[-75.5059893258862,45.426499916648055],[-75.50613536140867,45.42675603054594],[-75.50699399181849,45.426634585664736],[-75.5076888306059,45.42783167542333],[-75.5077094424501,45.427968455136664],[-75.50824399394307,45.42815516542286],[-75.50899354911446,45.42846754337934],[-75.50898014355548,45.42833535383682],[-75.50875302429883,45.42778452071082],[-75.50900892917043,45.42773065487052],[-75.50780618471799,45.42562647273489],[-75.50585443126987,45.422178999438316],[-75.50577221655675,45.422033772011694],[-75.50565877999762,45.422022589937086],[-75.50430170947094,45.42188881217841],[-75.50418807618077,45.421877616203865],[-75.50418788933118,45.42187759791903],[-75.50151399190425,45.42161418513243],[-75.50133236962178,45.42159629115694],[-75.49989860632604,45.42145489954741],[-75.49845283794485,45.42131230897128],[-75.49788841207881,45.421256639980214],[-75.49639587650559,45.42110943350359],[-75.49561926587447,45.421032829161625],[-75.49518108474687,45.42098800610925],[-75.49369143815564,45.420835612887544],[-75.49213273088195,45.42067613216567],[-75.49087950829707,45.4205612133824],[-75.49040525711585,45.42051772099546],[-75.49005955485183,45.420486016891886],[-75.48976639684537,45.4204591306228],[-75.48984483504103,45.42060084377158],[-75.49142513691581,45.423375234789056],[-75.49180710057462,45.4232591311249],[-75.49215751180738,45.4231526504878],[-75.49287172276391,45.42294921166239],[-75.49383558272443,45.42463924535989],[-75.49495828548842,45.426575223654744],[-75.495051642006,45.42670711911326],[-75.49676397287136,45.42696250137519],[-75.49953783931468,45.42743107598598],[-75.50113877189827,45.42755432916733],[-75.50257425546778,45.4276761144018],[-75.5031940795391,45.42771793942038],[-75.50362878957644,45.427699884094125],[-75.50420840415731,45.427675808635584],[-75.50415407854051,45.42757314927226],[-75.5039040163115,45.42702958602775],[-75.50365396396397,45.426486018179446],[-75.50406021806805,45.426462152146165],[-75.50471549505038,45.427541944031844],[-75.50478814450234,45.42764444836217],[-75.50507704988424,45.42763244529689],[-75.50501575603577,45.42752484251631],[-75.50500727953275,45.42751086108102],[-75.50500685642625,45.42751016380592],[-75.50436108272133,45.426445076152305],[-75.50436596326826,45.42644478298864],[-75.50436701968705,45.42644527663845]],[[-75.4980260393702,45.42640110221333],[-75.49673402753136,45.42616593067816],[-75.49379615746322,45.42108171209313],[-75.49836291658491,45.421534061313636],[-75.49852665161343,45.421519534891026],[-75.49864257830252,45.4215617566509],[-75.50186870067733,45.42188118993749],[-75.50444573276718,45.42213583363956],[-75.50679245029292,45.42628501864237],[-75.50634661372247,45.42640344058954],[-75.50621851396295,45.42618694966853],[-75.50534651572339,45.4262728633468],[-75.50525107780928,45.426108237011704],[-75.50358788119671,45.426200416974574],[-75.50148283473692,45.426243577143715],[-75.49912624472621,45.42635180463129],[-75.4980260393702,45.42640110221333]]]},"properties":{"ZONE_CODE":"IH[1483] H(11)","ZONE_MAIN":"IH","ZNAME_EN":"Industrial Zone","LABEL":null}},{"type":"Feature","geometry":{"type":"Polygon","coordinates":[[[-75.35203457656178,45.381174946141805],[-75.35215411268169,45.38114190880791],[-75.3522729678786,45.38110905948251],[-75.35324168323324,45.38084137166124],[-75.35351246420595,45.381346360127104],[-75.35354856749721,45.38141369078252],[-75.35385020559995,45.38143059804512],[-75.3546713097871,45.38147661409135],[-75.35474010007661,45.381480468635466],[-75.3550283182473,45.381407179882416],[-75.3554486381721,45.38130027772365],[-75.35529001455755,45.38099053119433],[-75.35613064093245,45.38077674465909],[-75.35613425036327,45.38077582722963],[-75.3562242247238,45.380752949536685],[-75.35582820512575,45.38000530928753],[-75.35574992593189,45.38002532012001],[-75.35508194497483,45.38019607506605],[-75.3549815860896,45.3800015619091],[-75.35476105148398,45.379527868309054],[-75.35475257228602,45.37950966002043],[-75.35469912072996,45.37939486822633],[-75.3515472611814,45.38026608558064],[-75.35203457656178,45.381174946141805]]]},"properties":{"ZONE_CODE":"RH[29r]","ZONE_MAIN":"RH","ZNAME_EN":"Rural Industrial Zone","LABEL":null}},{"type":"Feature","geometry":{"type":"Polygon","coordinates":[[[-75.50534843721977,45.44728087694344],[-75.50534838871076,45.447280591450706],[-75.5053486330525,45.447280518344385],[-75.50546662676507,45.44706515431488],[-75.5079694786737,45.44588232839521],[-75.50618028795266,45.444474854752585],[-75.50435695586091,45.44563091909657],[-75.50459834934743,45.44603133136895],[-75.50511522648718,45.4468886696975],[-75.50534843721977,45.44728087694344]]]},"properties":{"ZONE_CODE":"IH[1624] H(21)-h","ZONE_MAIN":"IH","ZNAME_EN":"Industrial Zone","LABEL":null}},{"type":"Feature","geometry":{"type":"Polygon","coordinates":[[[-75.80708999173675,45.284745973621206],[-75.8071305488752,45.284729314303526],[-75.80729137605715,45.28466386458925],[-75.80890341810586,45.28400905611752],[-75.80807844128152,45.28293398596617],[-75.8072173351148,45.28329352604962],[-75.80708999173675,45.284745973621206]]]},"properties":{"ZONE_CODE":"RG[23r]","ZONE_MAIN":"RG","ZNAME_EN":"Rural Industrial Zone","LABEL":null}},{"type":"Feature","geometry":{"type":"Polygon","coordinates":[[[-76.31772582284707,45.41637821514214],[-76.31785983082621,45.41647768714977],[-76.31838872742445,45.41614185168654],[-76.31919508666452,45.416738080148804],[-76.31866451201331,45.4170749808724],[-76.31888428305095,45.417238106958],[-76.31941530506316,45.41690091462501],[-76.32047668074101,45.41622694829446],[-76.31998787954717,45.41586554205149],[-76.31931580766229,45.415368601774254],[-76.31772582284707,45.41637821514214]]]},"properties":{"ZONE_CODE":"RG[21r]","ZONE_MAIN":"RG","ZNAME_EN":"Rural Industrial Zone","LABEL":null}},{"type":"Feature","geometry":{"type":"Polygon","coordinates":[[[-76.01746709131845,45.41999800524976],[-76.01689355923034,45.419531321082246],[-76.01626943851703,45.41991065449636],[-76.0167003531723,45.420459771237596],[-76.01450491014378,45.42179464726071],[-76.01501149348869,45.42222992737149],[-76.01742587391824,45.42076456875641],[-76.01798906819407,45.42042273032298],[-76.01795334578847,45.42039366366105],[-76.01766032342763,45.42015523689588],[-76.01746709131845,45.41999800524976]]]},"properties":{"ZONE_CODE":"RG[69r]","ZONE_MAIN":"RG","ZNAME_EN":"Rural Industrial Zone","LABEL":null}},{"type":"Feature","geometry":{"type":"Polygon","coordinates":[[[-75.73177399055623,45.40141311583883],[-75.73129305680764,45.401556162226946],[-75.73081237009573,45.40169913382608],[-75.73116685159505,45.402287073082306],[-75.73212736173787,45.40200057619187],[-75.73180106757553,45.401458129143506],[-75.73179913350273,45.40145491426907],[-75.73177399055623,45.40141311583883]]]},"properties":{"ZONE_CODE":"IL8[16] F(1.0) H(11)","ZONE_MAIN":"IL","ZNAME_EN":"Industrial Zone","LABEL":null}},{"type":"Feature","geometry":{"type":"Polygon","coordinates":[[[-75.60301977691529,45.384344196095306],[-75.60306588384555,45.38440349208704],[-75.60414514228577,45.3839768778012],[-75.60425180015778,45.38416834881043],[-75.60568944507385,45.38359895105557],[-75.60620280980085,45.3833956195989],[-75.60598955693892,45.38301270766149],[-75.6065401891738,45.38279460931065],[-75.60667089314931,45.382742978905206],[-75.60682953562848,45.382680315063524],[-75.60717794182155,45.38254268554742],[-75.60742074117148,45.382446775436826],[-75.60966920276807,45.38155187829251],[-75.60971952100039,45.38153185411912],[-75.61049598879937,45.38122279724066],[-75.6112724476152,45.38091373488696],[-75.61136294659187,45.38087770661098],[-75.61161940213077,45.38077409711152],[-75.61195769149708,45.38042871791226],[-75.61265302525622,45.37971879596769],[-75.61293866885534,45.379427155078616],[-75.61361188070231,45.37873979935385],[-75.61302873035245,45.377711652716194],[-75.61299633440836,45.377654525408495],[-75.61289474033961,45.377478457287204],[-75.61279314716919,45.37730238861768],[-75.61273063969678,45.37719407911911],[-75.61271689726956,45.377170266713726],[-75.61197769428352,45.37726176745307],[-75.61097952496735,45.37741994468386],[-75.61007816439442,45.37752818560123],[-75.60895730766833,45.37766277705015],[-75.60678657370002,45.37792340008693],[-75.60461380145433,45.3781814789992],[-75.60346109406154,45.378319339349716],[-75.60230838217716,45.378457188006145],[-75.59989710991849,45.37874550415329],[-75.60036592629223,45.379664209758616],[-75.60056588857952,45.38001785817643],[-75.60109478338116,45.380893957827055],[-75.60133606817152,45.381321527309815],[-75.6018456887204,45.38222457433792],[-75.60231757823072,45.383097545647765],[-75.60234146353582,45.38314173060261],[-75.60236798539626,45.38319079333918],[-75.60238897543118,45.383229624678464],[-75.60240538765143,45.383259984337926],[-75.60242806292584,45.383301932479284],[-75.60244736951792,45.383337646263826],[-75.60246425694693,45.38336888728907],[-75.60247825000414,45.383394774139056],[-75.60249924183569,45.38343360533824],[-75.60251854752946,45.3834693190396],[-75.60253664498917,45.38350279667071],[-75.60255305631111,45.38353315681442],[-75.60256727035384,45.383559448651596],[-75.60258005517697,45.38358309936991],[-75.60259478125943,45.38361034263797],[-75.60261192560661,45.3836420586084],[-75.60263192749473,45.383679059289584],[-75.60264833881665,45.383709418707646],[-75.60266859762295,45.38374689380874],[-75.60269057849962,45.38378755574175],[-75.60270530637871,45.38381479891134],[-75.60272508817958,45.383851393157215],[-75.60274366084808,45.38388575071602],[-75.60276102528253,45.38391787222271],[-75.60277670447749,45.38394687626635],[-75.60279359280484,45.383978117585876],[-75.6028083188873,45.384005360032646],[-75.60282788329586,45.38404154972722],[-75.60284718898963,45.38407726304448],[-75.60286191597041,45.384104506074465],[-75.60287711905825,45.38413263050321],[-75.60289111391207,45.38415851700348],[-75.60290221439405,45.38417905067005],[-75.60291378918647,45.38420046447817],[-75.60292696926832,45.38422484491536],[-75.60296620408668,45.38427530169893],[-75.60301977691529,45.384344196095306]]]},"properties":{"ZONE_CODE":"IH","ZONE_MAIN":"IH","ZNAME_EN":"Industrial Zone","LABEL":null}},{"type":"Feature","geometry":{"type":"Polygon","coordinates":[[[-75.63125063188599,45.31274302163788],[-75.63086605143477,45.31206826811555],[-75.63036352757662,45.31115331095844],[-75.63030860907175,45.31102825671874],[-75.62908491860182,45.3115143506976],[-75.62861687298259,45.31170079447675],[-75.62794127071867,45.311974346626876],[-75.62728778587534,45.31223894642114],[-75.62726566665809,45.31224790251056],[-75.62661500791465,45.31251245491126],[-75.62659291295192,45.31252143938534],[-75.62608735278813,45.31272631432009],[-75.62606523267256,45.31273527664978],[-75.62560413552205,45.312922132088346],[-75.62558201989809,45.31293109501877],[-75.62490824301081,45.31320413206184],[-75.62423468980403,45.3134770660826],[-75.62355947291735,45.313750663986816],[-75.62288535826353,45.314023816475355],[-75.62221101633594,45.314297052928225],[-75.62140224511934,45.314625378012174],[-75.62077971801735,45.31487808812461],[-75.6205890874292,45.314955480702785],[-75.62125863414983,45.316110054946485],[-75.62158517714549,45.31668736735791],[-75.62176711383829,45.31661357206465],[-75.6221632780651,45.31645310741377],[-75.6223822594836,45.31636440651168],[-75.6226012409021,45.3162757023123],[-75.62303999066327,45.31609798144175],[-75.623478348759,45.31592041793701],[-75.62391670326144,45.31574285324418],[-75.62435504967905,45.31556528609988],[-75.62479342484276,45.31538770323845],[-75.62479490526636,45.315390266671734],[-75.62501741077571,45.31530012698922],[-75.62501593035212,45.31529756734208],[-75.62545429563437,45.31511998490506],[-75.62589131793524,45.31494000143755],[-75.62632833215129,45.314760015503296],[-75.62676546225002,45.314581321471344],[-75.6272025842639,45.31440262940282],[-75.62764040965864,45.31422344782595],[-75.62807822696857,45.314044260628854],[-75.62807970739215,45.31404682728148],[-75.62818896409026,45.31400200718017],[-75.62829822078838,45.31395718704347],[-75.62829675024625,45.31395462038678],[-75.6283001386915,45.3139532312462],[-75.63110349772393,45.31280375342604],[-75.63125063188599,45.31274302163788]]]},"properties":{"ZONE_CODE":"IL2 H(14)","ZONE_MAIN":"IL","ZNAME_EN":"Industrial Zone","LABEL":null}},{"type":"Feature","geometry":{"type":"Polygon","coordinates":[[[-75.49673402753136,45.42616593067816],[-75.4980260393702,45.42640110221333],[-75.49912624472621,45.42635180463129],[-75.50148283473692,45.426243577143715],[-75.50358788119671,45.426200416974574],[-75.50525107780928,45.426108237011704],[-75.50534651572339,45.4262728633468],[-75.50621851396295,45.42618694966853],[-75.50634661372247,45.42640344058954],[-75.50679245029292,45.42628501864237],[-75.50444573276718,45.42213583363956],[-75.50186870067733,45.42188118993749],[-75.49864257830252,45.4215617566509],[-75.49852665161343,45.421519534891026],[-75.49836291658491,45.421534061313636],[-75.49379615746322,45.42108171209313],[-75.49673402753136,45.42616593067816]]]},"properties":{"ZONE_CODE":"IH[2] H(11)","ZONE_MAIN":"IH","ZNAME_EN":"Industrial Zone","LABEL":null}},{"type":"Feature","geometry":{"type":"Polygon","coordinates":[[[-75.48407462539109,45.492603002448426],[-75.48382157536547,45.49264208916884],[-75.4835759939331,45.492654783058754],[-75.48330808217938,45.49264024786815],[-75.48302998892024,45.49259462276085],[-75.48276055631877,45.492501635663956],[-75.48260656082455,45.492432584786236],[-75.48256013050079,45.49252114568751],[-75.48209937291345,45.49339996756921],[-75.48217240684438,45.4933906377657],[-75.4829594810519,45.49346637562509],[-75.4838202431639,45.49354918502229],[-75.48408413675334,45.493523241608926],[-75.48450444949161,45.493481907434024],[-75.4850998214209,45.493205777491234],[-75.48450022201989,45.49256624629704],[-75.48442971864314,45.492491046898415],[-75.48424045259593,45.49255726207208],[-75.48407462539109,45.492603002448426]]]},"properties":{"ZONE_CODE":"IL4[295] H(21)","ZONE_MAIN":"IL","ZNAME_EN":"Industrial Zone","LABEL":null}},{"type":"Feature","geometry":{"type":"Polygon","coordinates":[[[-75.62109505632647,45.420430104333306],[-75.62079518970147,45.42096488681021],[-75.62132921208675,45.42110771786103],[-75.62139974151467,45.42098212713599],[-75.62138541338587,45.42095617238246],[-75.62138225490932,45.42095044788355],[-75.6213743371584,45.42093610731445],[-75.62129858133217,45.42079885406307],[-75.62129790939235,45.420797635262936],[-75.62116357801972,45.420554253644355],[-75.62109505632647,45.420430104333306]]]},"properties":{"ZONE_CODE":"IL2[1355] F(0.7) H(14)","ZONE_MAIN":"IL","ZNAME_EN":"Industrial Zone","LABEL":null}},{"type":"Feature","geometry":{"type":"Polygon","coordinates":[[[-75.92013781211683,45.34805312227126],[-75.92003425882245,45.34794273711933],[-75.91979941764762,45.347769933960464],[-75.91914540010333,45.348185851980844],[-75.91871292687104,45.3484608763781],[-75.91826357519288,45.34874663262599],[-75.91842927393861,45.34887620092636],[-75.91846260682553,45.348902257609105],[-75.91861395498462,45.34902059430609],[-75.91867561354908,45.34905408096684],[-75.9191771133278,45.34932645591365],[-75.91938337909345,45.3494384760087],[-75.91982598711876,45.34967885842198],[-75.92014128141045,45.349564671489404],[-75.92061427405196,45.349486083755885],[-75.92090787492783,45.34947857422198],[-75.92094754812405,45.349343795122174],[-75.9209404047209,45.349205809219086],[-75.92093689679973,45.34913677163315],[-75.92089611867571,45.34901832217213],[-75.92088732057582,45.34899254143137],[-75.92051234850486,45.34848274501108],[-75.92040900900953,45.348342201380085],[-75.92030646182826,45.348232895739095],[-75.92013781211683,45.34805312227126]]]},"properties":{"ZONE_CODE":"IP6[1551]","ZONE_MAIN":"IP","ZNAME_EN":"Industrial Zone","LABEL":null}},{"type":"Feature","geometry":{"type":"Polygon","coordinates":[[[-75.58270895008803,45.306518407338444],[-75.5820346943987,45.30679188973172],[-75.58165330386504,45.30694657935378],[-75.58140918488995,45.30704559257018],[-75.57987336399479,45.3076684946868],[-75.58062149353982,45.308957737253984],[-75.5806482238094,45.30900379961344],[-75.58217913451324,45.30838592342408],[-75.58244834792579,45.30827726466845],[-75.58277525114589,45.30814532021479],[-75.58432040014696,45.3075216475044],[-75.58409938404435,45.307106735441536],[-75.58395422078601,45.30684041405703],[-75.58525879915737,45.306313810700104],[-75.58547267634845,45.30624247413471],[-75.5853118267086,45.30596683211291],[-75.58510414250311,45.306047328271355],[-75.58380757261251,45.306570700566986],[-75.58380540138447,45.30656208790986],[-75.58359203263987,45.30616021236804],[-75.58270895008803,45.306518407338444]]]},"properties":{"ZONE_CODE":"RG3","ZONE_MAIN":"RG","ZNAME_EN":"Rural Industrial Zone","LABEL":null}},{"type":"Feature","geometry":{"type":"Polygon","coordinates":[[[-75.43050012143406,45.3395066510566],[-75.4309592934949,45.339385115846376],[-75.43142275051966,45.339262441902434],[-75.43188619047642,45.33913976579843],[-75.43196141270337,45.339119854790404],[-75.43259435487278,45.338952313606725],[-75.43283463804161,45.33888870650006],[-75.43345061732349,45.338725648477386],[-75.43389256239215,45.33860865606316],[-75.43433449937595,45.3384916615129],[-75.43477644085134,45.33837466924666],[-75.43495405035942,45.338327646342236],[-75.4367456755149,45.33785331641962],[-75.43686617822205,45.337821412489035],[-75.43698596497194,45.33778969860662],[-75.43662228472408,45.33710644968804],[-75.43661134414226,45.337085895141996],[-75.43660910104899,45.33708168458801],[-75.4365609297902,45.33699501391444],[-75.43864748892143,45.336445308922066],[-75.43823675222409,45.33567472256618],[-75.43808519026598,45.3357168449249],[-75.43805986226653,45.33572388394343],[-75.43805393158904,45.33572553461114],[-75.43559202489105,45.33640993619624],[-75.4339362294981,45.33685892259803],[-75.42975065789085,45.33800657185372],[-75.43004589909043,45.33859752251547],[-75.43015615022357,45.338818185082104],[-75.43046213707058,45.339430626859134],[-75.43050012143406,45.3395066510566]]]},"properties":{"ZONE_CODE":"RG2","ZONE_MAIN":"RG","ZNAME_EN":"Rural Industrial Zone","LABEL":null}},{"type":"Feature","geometry":{"type":"Polygon","coordinates":[[[-75.70660921141436,45.336383101482085],[-75.7067646253484,45.33656143565053],[-75.70683082669326,45.3365325866414],[-75.70690148368193,45.33650178955333],[-75.70687075321437,45.33646652547455],[-75.70723378487857,45.336308329075564],[-75.70726607032988,45.33629424613126],[-75.70731599510012,45.33627249276825],[-75.70651599772889,45.33535971351803],[-75.7064450164484,45.33528424513565],[-75.70613815464229,45.335417953891046],[-75.70583335536807,45.33555076626934],[-75.7059036629121,45.3356265254056],[-75.70590686540609,45.33562843876891],[-75.70591103808059,45.3356310044438],[-75.7059151469747,45.33563362442528],[-75.70591919208843,45.3356362999762],[-75.70592316084534,45.33563901720422],[-75.70592707839829,45.335641789370285],[-75.70593091689952,45.33564460637074],[-75.70593469431527,45.33564747515185],[-75.70593838908604,45.33565038055825],[-75.70594201199158,45.335653339008225],[-75.70594556662516,45.33565633282045],[-75.70594904490193,45.33565938220217],[-75.70595244772024,45.33566246568325],[-75.70607795673847,45.33577747568135],[-75.70608684736483,45.3357866717982],[-75.70608736120118,45.33578743966728],[-75.70608774657845,45.33578804587969],[-75.70608810949781,45.33578865082913],[-75.70608845714582,45.33578926651362],[-75.70608879401406,45.33578988030366],[-75.70608911830588,45.33579049409369],[-75.7060894129533,45.33579112745932],[-75.70608971209228,45.33579174819555],[-75.70608998248518,45.33579238092968],[-75.70609024299661,45.33579301176942],[-75.70609047476196,45.33579365397563],[-75.70609071101889,45.33579429491887],[-75.70609091942802,45.3357949339677],[-75.7060911125658,45.33579558438301],[-75.70609129492381,45.33579622343188],[-75.70609145123068,45.33579687384717],[-75.70609159585943,45.33579753057714],[-75.70609172611515,45.33579817909802],[-75.70609184738771,45.33579883645945],[-75.70609193901586,45.33579949571533],[-75.70609201986426,45.33580015118235],[-75.70609208454295,45.3358008104382],[-75.70609214203513,45.33580146653669],[-75.70609217078122,45.335802124529565],[-75.70609218605257,45.335802780628036],[-75.70609219054415,45.33580344683007],[-75.70609216808627,45.335804104191446],[-75.70609214473008,45.33580476028988],[-75.70609208723788,45.33580541765129],[-75.70609202525414,45.335806083221755],[-75.70609193991419,45.33580673868871],[-75.7060918527776,45.33580739605008],[-75.7060917288101,45.33580805088553],[-75.70609160753754,45.33580869877481],[-75.70609145482393,45.335809352978806],[-75.70609129582213,45.33581000086803],[-75.70609111885402,45.33581064812584],[-75.7060909176314,45.33581129475213],[-75.70609072000204,45.33581193948402],[-75.70609049362659,45.335812578532654],[-75.70609024030168,45.33581321568688],[-75.7060899896717,45.335813852209625],[-75.70608971209228,45.33581447926028],[-75.70608942373308,45.33581510820536],[-75.70608912189914,45.335815727678366],[-75.70608880569216,45.33581635346608],[-75.70608846792562,45.33581696283554],[-75.70608811309108,45.33581758167703],[-75.7060877492734,45.3358181834688],[-75.70608736928602,45.335818792206766],[-75.70608697672225,45.33581938326356],[-75.70608656259891,45.3358199749518],[-75.70608614667891,45.33582056600854],[-75.70608570470779,45.335821146961756],[-75.70608524836364,45.33582172791498],[-75.706084782138,45.33582230255346],[-75.7060842997427,45.335822865825506],[-75.70608381016086,45.33582341962543],[-75.70608329183295,45.33582397342538],[-75.70608277350503,45.335824519647694],[-75.70608224170239,45.335825065238474],[-75.70608168474689,45.33582560135725],[-75.70608112868975,45.33582612737242],[-75.70608054837808,45.33582664644143],[-75.70607995459167,45.33582715540692],[-75.70607935900864,45.33582766374092],[-75.70607874096771,45.335828161971406],[-75.70607812292681,45.33582865325568],[-75.70607747524149,45.33582913506792],[-75.70607683384436,45.33582960803956],[-75.70607617627758,45.33583006964471],[-75.70607550523607,45.33583053377573],[-75.70607481173667,45.33583098022556],[-75.70607411644063,45.335831424149546],[-75.70607342114461,45.335831860495844],[-75.70607269979743,45.33583227916095],[-75.70607196677217,45.33583269593164],[-75.70607123374688,45.335833105124706],[-75.70607048634857,45.33583349663657],[-75.70606972996711,45.33583388625402],[-75.70606895921257,45.33583426766232],[-75.70606818845808,45.33583463265242],[-75.70606740333051,45.33583499385368],[-75.7060666092198,45.33583534116258],[-75.70606581421077,45.3358356859456],[-75.70606500572701,45.33583601304742],[-75.70606418287022,45.335836332571596],[-75.70606336450498,45.335836639466386],[-75.70606252817348,45.33583694004645],[-75.70606168196048,45.335837231785916],[-75.70606083844243,45.33583751468479],[-75.7060599787547,45.335837778008056],[-75.70605911906696,45.33583803312226],[-75.70605824770115,45.33583828760492],[-75.70605737813194,45.33583852377496],[-75.70605650766444,45.33583874478973],[-75.70605562372221,45.33583896264709],[-75.70604453222337,45.3358437618241],[-75.70636023614684,45.33620275616229],[-75.70642687407293,45.336173873502666],[-75.70660921141436,45.336383101482085]]]},"properties":{"ZONE_CODE":"IG5[1702]","ZONE_MAIN":"IG","ZNAME_EN":"Transportation Zones","LABEL":null}},{"type":"Feature","geometry":{"type":"Polygon","coordinates":[[[-75.51791820276603,45.44969366055054],[-75.51791845878589,45.44969408341465],[-75.51758167409766,45.44983099604999],[-75.51793535250313,45.450417125309606],[-75.51827393561855,45.4502817410553],[-75.51861295082362,45.4501461812819],[-75.5182566951516,45.44955794622481],[-75.5179184075819,45.44969375192952],[-75.51791820276603,45.44969366055054]]]},"properties":{"ZONE_CODE":"IL2 H(14)","ZONE_MAIN":"IL","ZNAME_EN":"Industrial Zone","LABEL":null}},{"type":"Feature","geometry":{"type":"Polygon","coordinates":[[[-75.52798705496804,45.24663071853194],[-75.52831906421221,45.24680541323603],[-75.52849996065592,45.246731424532214],[-75.53050181584238,45.245907429823845],[-75.53023715688833,45.24570676483843],[-75.52798705496804,45.24663071853194]]]},"properties":{"ZONE_CODE":"RH3[21r]","ZONE_MAIN":"RH","ZNAME_EN":"Rural Industrial Zone","LABEL":null}},{"type":"Feature","geometry":{"type":"Polygon","coordinates":[[[-75.5861979689223,45.4505946727306],[-75.58654352476096,45.45122908056148],[-75.58663564789165,45.451398201170505],[-75.58674607419627,45.45160123812025],[-75.58762553833418,45.45136890909991],[-75.58873106530991,45.45107685469085],[-75.58840576827755,45.45047497247044],[-75.58826615121778,45.450216639533814],[-75.58815193761592,45.45000530988814],[-75.5867637018371,45.45043555022253],[-75.58669467079909,45.45045694270031],[-75.5861979689223,45.4505946727306]]]},"properties":{"ZONE_CODE":"IL2[1529] H(48)","ZONE_MAIN":"IL","ZNAME_EN":"Industrial Zone","LABEL":null}},{"type":"Feature","geometry":{"type":"Polygon","coordinates":[[[-75.93659930854429,45.24626438430829],[-75.93673520029058,45.246351700351205],[-75.93689513724208,45.24643780698327],[-75.93692150010074,45.246452000170095],[-75.93695400024939,45.2464662003105],[-75.9370243006069,45.246482099884446],[-75.93703683120678,45.24648064078453],[-75.93710499986211,45.24647270016868],[-75.93713839922438,45.24645180031059],[-75.93716580053551,45.246379099482546],[-75.93724720047666,45.24623699966845],[-75.93729670034375,45.24618700043534],[-75.93744530055636,45.24608799987593],[-75.93762349935929,45.24598489946138],[-75.93772342345991,45.24594217913131],[-75.93781530045221,45.245902900053785],[-75.9378368636123,45.245900336008965],[-75.93790949958955,45.24589170022422],[-75.93804210080695,45.24590450020995],[-75.9385314005658,45.24609770007894],[-75.93872729977306,45.246163700248935],[-75.93888079939724,45.24620690045667],[-75.93895590035162,45.24619300004207],[-75.9390109994179,45.246125400388635],[-75.9390176002386,45.246040300177285],[-75.93902763082706,45.24599263775444],[-75.93905033035597,45.24588477211534],[-75.93907319966647,45.24577609986681],[-75.93906599966947,45.24569639983734],[-75.93893729983535,45.24553520004624],[-75.93886612631539,45.24535562628861],[-75.93886559720768,45.24535543780991],[-75.93886575890443,45.24535477813442],[-75.93891370109284,45.24521936107639],[-75.9388902963864,45.24510916517158],[-75.93888814222638,45.245108746468745],[-75.93886570051393,45.24504149971521],[-75.93877629927854,45.24499009974507],[-75.93867110027058,45.24495850025468],[-75.93856795121808,45.244904882720896],[-75.93847980043756,45.244829600007805],[-75.93842429982436,45.24473779983125],[-75.93838659932851,45.24463629968794],[-75.93836227923883,45.24451659825215],[-75.93835719926591,45.244491599781455],[-75.93834464620811,45.24446790802156],[-75.93838447750781,45.24432355618836],[-75.9384696234237,45.24417433063731],[-75.93853416647855,45.24400727216371],[-75.93848975017765,45.24380060123993],[-75.93845538063488,45.24364785699443],[-75.93830772724657,45.24341052936699],[-75.93825376005755,45.243380020062034],[-75.93814293759591,45.2433173663864],[-75.93801228482435,45.24324192723893],[-75.93787327233076,45.243166555669134],[-75.9377025403245,45.24305093711612],[-75.93748130233801,45.2428907260156],[-75.93732120818133,45.242865034867236],[-75.93712677322799,45.24285762884663],[-75.93691484897435,45.24282786244052],[-75.93670914735071,45.242789043572586],[-75.93661768268511,45.24274873891705],[-75.93656876672294,45.24272718304296],[-75.93639321525517,45.242584598446456],[-75.93624329182414,45.242450804133966],[-75.93607368540694,45.24233067304478],[-75.93599196297058,45.242227825774144],[-75.93585298461296,45.2421299473539],[-75.93565117718607,45.2420370846159],[-75.93548297573398,45.242002456260366],[-75.93555682982675,45.24184432381991],[-75.93562719037136,45.24174023023865],[-75.93584382179708,45.241571925498675],[-75.93595277127137,45.24149001902712],[-75.93601221369204,45.24145636125989],[-75.93601833301575,45.24145289630258],[-75.93500446025011,45.24061766021384],[-75.93288140706045,45.238875420589885],[-75.93024141474729,45.236704507582665],[-75.92787354279491,45.23818874685958],[-75.92850754767132,45.238688485635095],[-75.9278870301006,45.2390826281203],[-75.93188454658966,45.24233856743369],[-75.93482394559041,45.24478147105991],[-75.93483079973602,45.2447258996101],[-75.93506293698185,45.24493098722358],[-75.93510007064076,45.24496379413986],[-75.93510527997108,45.2449683948229],[-75.93515326617694,45.24501079015666],[-75.93526388831427,45.24510852130529],[-75.93530253024453,45.245142659492096],[-75.93538215152144,45.245213002117914],[-75.93541468670439,45.24524174455387],[-75.93614360038718,45.24588569995325],[-75.93614362284505,45.24588571133776],[-75.93619810027715,45.24599990042773],[-75.93642587620228,45.24615210138225],[-75.93645405455611,45.24614443078517],[-75.93659930854429,45.24626438430829]]]},"properties":{"ZONE_CODE":"RG1[89r]","ZONE_MAIN":"RG","ZNAME_EN":"Rural Industrial Zone","LABEL":null}},{"type":"Feature","geometry":{"type":"Polygon","coordinates":[[[-76.19222347280537,45.38953414474034],[-76.19222420223738,45.38953368420404],[-76.1930247880051,45.38902810771139],[-76.19351898987047,45.38871600869851],[-76.19039259576356,45.387805037275385],[-76.18934103418019,45.38755029177063],[-76.18892376403575,45.387803896624554],[-76.18972330775775,45.38822955715033],[-76.19011451328421,45.3883399766389],[-76.1907176385727,45.38879450156848],[-76.19186856101302,45.38975826901823],[-76.19193941922433,45.38971352271394],[-76.19222347280537,45.38953414474034]]]},"properties":{"ZONE_CODE":"RG","ZONE_MAIN":"RG","ZNAME_EN":"Rural Industrial Zone","LABEL":null}},{"type":"Feature","geometry":{"type":"Polygon","coordinates":[[[-75.62899779459568,45.412227682153606],[-75.6282169672726,45.41239967357398],[-75.62790034796589,45.41246816288564],[-75.6275029566404,45.41257033828832],[-75.62697083419195,45.41271229951798],[-75.62731308512868,45.413333502769134],[-75.62816444457458,45.41310585986734],[-75.62809358366835,45.41297824789625],[-75.62867668820411,45.41285208162866],[-75.62927264673327,45.41272312777084],[-75.62899779459568,45.412227682153606]]]},"properties":{"ZONE_CODE":"IL[279]","ZONE_MAIN":"IL","ZNAME_EN":"Industrial Zone","LABEL":null}},{"type":"Feature","geometry":{"type":"Polygon","coordinates":[[[-75.61814914543824,45.40516743182244],[-75.62048297213964,45.40452903468832],[-75.62080724958417,45.40444032480348],[-75.62181944968675,45.404163421815745],[-75.62271908639265,45.40391728419667],[-75.62274754502084,45.40390950815914],[-75.62392696651357,45.403586834770394],[-75.62395237805633,45.40357988177029],[-75.62299610706334,45.40184469485819],[-75.62224715825477,45.40204951028909],[-75.62134034400974,45.40229748957553],[-75.62070972488365,45.402469933190496],[-75.62053686836175,45.40251720113195],[-75.62033458392943,45.40245442171324],[-75.61942549065854,45.40270299967225],[-75.61763127925336,45.40319332982029],[-75.61575774211703,45.40370529486474],[-75.61635072003607,45.404067564158225],[-75.61653595713923,45.40418100785363],[-75.61730789473424,45.404653769562266],[-75.61741121805989,45.40471704731457],[-75.61814914543824,45.40516743182244]]]},"properties":{"ZONE_CODE":"IL[273]","ZONE_MAIN":"IL","ZNAME_EN":"Industrial Zone","LABEL":null}},{"type":"Feature","geometry":{"type":"Polygon","coordinates":[[[-75.69761585640647,45.328639638818075],[-75.69761416308216,45.32863849192154],[-75.69745616469504,45.32863428642343],[-75.69737780016125,45.328587281955876],[-75.69730865413888,45.32850937054553],[-75.69724907337766,45.32837578631549],[-75.6971590280502,45.32822340162625],[-75.69703855858072,45.328049124220406],[-75.69686145931571,45.327843482393796],[-75.69673780981012,45.327738859988536],[-75.69661416120282,45.327634242442585],[-75.6964947292875,45.32754204186884],[-75.69637529737214,45.327449841145054],[-75.69626429614576,45.327382475306365],[-75.69615329581767,45.32731511001914],[-75.69598774619229,45.32722413290232],[-75.69582220016015,45.32713315563939],[-75.69554348077524,45.32697324750914],[-75.695229293208,45.32683786599457],[-75.6949502261751,45.32670272920665],[-75.69463617245682,45.32655805532715],[-75.69427356928902,45.326431619089135],[-75.69389775370003,45.326308185085914],[-75.6936143496009,45.32616991882613],[-75.69343094056937,45.32610049125372],[-75.69319841075975,45.3260895573523],[-75.69295240352594,45.32610020767463],[-75.69277206942759,45.32612370873469],[-75.69260450757596,45.326175171032716],[-75.69245028929956,45.32621434277728],[-75.69229660102918,45.32621635245846],[-75.6921873407378,45.32618151334306],[-75.69206982582728,45.32610945209979],[-75.69196131293423,45.32602197200071],[-75.69187062441303,45.32591603127887],[-75.69187659731135,45.32580458232747],[-75.69181725550199,45.32565550906485],[-75.69170022837666,45.325549385129456],[-75.69149066220065,45.32546738128244],[-75.69142605087386,45.32538021219596],[-75.6913805736626,45.32533652781153],[-75.69133509734966,45.32529284907776],[-75.6911818097279,45.32526698742657],[-75.69103708035583,45.325256671689566],[-75.6909362031427,45.32524976337213],[-75.69086267873162,45.32517182084443],[-75.69079819945716,45.325075354920386],[-75.6906329336994,45.32496579151175],[-75.69051577631838,45.324868954491755],[-75.69039862073396,45.32477211856938],[-75.6902162357818,45.324631462392055],[-75.69012096495436,45.32453942746189],[-75.69002569322859,45.324447391750596],[-75.68993683098236,45.32436778827786],[-75.68976996802003,45.32421640336687],[-75.68952904704736,45.323994683444035],[-75.68953551851065,45.324047326877405],[-75.68954343895652,45.324099871100415],[-75.68955280389336,45.32415229716529],[-75.68956361062624,45.32420458549278],[-75.68957585556187,45.32425671587205],[-75.68958953331037,45.32430866746077],[-75.6896046402785,45.32436042320622],[-75.68962116838142,45.32441196100307],[-75.68963911312754,45.324463263167125],[-75.68965846733033,45.32451430948796],[-75.68967922290497,45.32456508101842],[-75.68970137266494,45.32461555881128],[-75.68972490852536,45.32466572391949],[-75.68974982150314,45.324715556764474],[-75.68977610261511,45.3247650377677],[-75.68980374108146,45.324814149877],[-75.6898327261224,45.32486287477716],[-75.68986304695818,45.32491119288985],[-75.68989469460564,45.32495908589992],[-75.68992765379343,45.325006537387026],[-75.68996604150047,45.32505855207879],[-75.69000595095359,45.32510999450196],[-75.69004736059324,45.32516084318404],[-75.69009025604637,45.32521107475783],[-75.69013461934667,45.3252606690142],[-75.6901804298329,45.325309604480765],[-75.69022766684381,45.32535785842204],[-75.69027631241308,45.32540541252385],[-75.69032634408282,45.32545224468234],[-75.69037774119181,45.325498335951735],[-75.69043048218045,45.32554366549159],[-75.69048454189594,45.32558821435609],[-75.690539899677,45.32563196359965],[-75.69059653126914,45.32567489364487],[-75.6906544106212,45.32571698680942],[-75.69071351527533,45.3257582247792],[-75.69077381828204,45.32579858987171],[-75.69083529448851,45.32583806503619],[-75.69089791694529,45.32587663259014],[-75.69096165960121,45.3259142767459],[-75.69100419123664,45.32593524776919],[-75.69178638399893,45.32638251469788],[-75.69180520370415,45.32639334938535],[-75.69182392279804,45.32640426870193],[-75.69184254217893,45.32641527264757],[-75.6918610600502,45.326426362485314],[-75.69187947641184,45.32643753505732],[-75.6918977894672,45.32644879162665],[-75.69191600011466,45.32646013093011],[-75.6919341056592,45.32647155296762],[-75.69195210699918,45.32648305837073],[-75.69197000233797,45.326494643981505],[-75.69198779167553,45.32650631169466],[-75.69200547411359,45.326518060246904],[-75.6920230487538,45.326529888375134],[-75.69204051469787,45.326541796710885],[-75.69205787104747,45.32655378462241],[-75.69207511780262,45.32656585021506],[-75.69209225406497,45.32657799475186],[-75.69210927803792,45.32659021696963],[-75.69212619061977,45.32660251623678],[-75.69214299091223,45.326614891921636],[-75.6921897976301,45.32665025181833],[-75.69223568267648,45.32668620726609],[-75.69228063167839,45.32672274689541],[-75.69232462756771,45.32675985870538],[-75.69236765686983,45.326797530694925],[-75.69240970610998,45.32683574959996],[-75.69245076001677,45.326874503419575],[-75.69249080421719,45.32691377888965],[-75.69252982703313,45.326953562746155],[-75.69256781409156,45.32699384172506],[-75.69260475371435,45.3270346038255],[-75.69264063332511,45.32707583325724],[-75.69267544214405,45.327117518019485],[-75.69270916579814,45.32715964358513],[-75.69274179530422,45.327202195427134],[-75.69277331988246,45.32724516091328],[-75.69280372875313,45.3272885242534],[-75.69283301023815,45.32733227155217],[-75.69286115625263,45.327376388282765],[-75.69288815781344,45.32742085991821],[-75.69388451343104,45.32910459041369],[-75.69408482695962,45.329717489646384],[-75.69433875194434,45.32963552530492],[-75.69567565708952,45.329203964686535],[-75.69674567456042,45.32888656586519],[-75.69717797801111,45.32877209637318],[-75.69736702307277,45.328722039107134],[-75.69745949115655,45.328691464498064],[-75.69758456269524,45.32865009919575],[-75.69761585640647,45.328639638818075]]]},"properties":{"ZONE_CODE":"IL[1508]","ZONE_MAIN":"IL","ZNAME_EN":"Industrial Zone","LABEL":null}},{"type":"Feature","geometry":{"type":"Polygon","coordinates":[[[-75.96304676063933,45.25089353320684],[-75.96290833744057,45.250979839121726],[-75.96290810567523,45.25097998394506],[-75.96290742295561,45.25098040956125],[-75.96311164595231,45.25112916758641],[-75.96311377585785,45.25113071700217],[-75.96311576921946,45.25113217029091],[-75.9631182279084,45.25113396192142],[-75.96337248796472,45.25131916359114],[-75.96337606146292,45.25132176660093],[-75.96378973115968,45.25162307998762],[-75.96380028007606,45.251630765022654],[-75.96413514865779,45.25187467644004],[-75.96414665877154,45.25188305961754],[-75.96439826161124,45.25206631926098],[-75.96440546609982,45.25207156821542],[-75.96446084184721,45.252111901038695],[-75.96446645272447,45.25210842092117],[-75.96493197048447,45.25181967603639],[-75.9649477637655,45.25180988005226],[-75.96493366830036,45.25179861561705],[-75.96491764325401,45.25178581000304],[-75.96489484221549,45.25176759034571],[-75.96374674138345,45.25085010573094],[-75.96373506777634,45.25084077630397],[-75.96367843348925,45.25079551730423],[-75.96347054716283,45.25062930044881],[-75.96304676063933,45.25089353320684]]]},"properties":{"ZONE_CODE":"RG1[816r]","ZONE_MAIN":"RG","ZNAME_EN":"Rural Industrial Zone","LABEL":null}},{"type":"Feature","geometry":{"type":"Polygon","coordinates":[[[-75.78259722069934,45.355389524821774],[-75.78258997668489,45.355393421544164],[-75.78181060463261,45.35467553760153],[-75.78127620046332,45.354183251928816],[-75.78122741565521,45.35420956246229],[-75.77994124915391,45.35491263164365],[-75.77916239632785,45.35533815850874],[-75.77911151485183,45.35536595699957],[-75.7790829780702,45.35538154831287],[-75.7796139524717,45.3558706591191],[-75.77950763326457,45.355931951933506],[-75.78101817646596,45.35731545521182],[-75.78174458923901,45.35692444466546],[-75.78236246576277,45.35659115196231],[-75.7830169082102,45.35623811958795],[-75.7833254157299,45.356071699655644],[-75.7833418728659,45.356062821193596],[-75.78333241630091,45.35605410180395],[-75.78279718208833,45.355560874934966],[-75.78274638146068,45.35551406009911],[-75.78269179353582,45.35546375566467],[-75.78260932459949,45.35539902580443],[-75.78259722069934,45.355389524821774]]]},"properties":{"ZONE_CODE":"IL[253] H(11)","ZONE_MAIN":"IL","ZNAME_EN":"Industrial Zone","LABEL":null}},{"type":"Feature","geometry":{"type":"Polygon","coordinates":[[[-75.5499967037954,45.46307699548975],[-75.54803936462284,45.463587030220744],[-75.54837077738566,45.46297677015326],[-75.5496519627287,45.462640422513445],[-75.54976768011034,45.46260759789052],[-75.54908862562077,45.4613183956779],[-75.54882131304336,45.461378653013334],[-75.54844784475219,45.462066478410684],[-75.54835282724964,45.46224146765848],[-75.5481130785784,45.46268301170555],[-75.54800672254035,45.4628788815033],[-75.54793360865938,45.46301353490022],[-75.54792635206852,45.46302645850454],[-75.54791866518462,45.46303925861593],[-75.54791055249929,45.46305192767393],[-75.54790201850409,45.46306445874801],[-75.5478930667923,45.46307684427771],[-75.54788370365208,45.46308907922269],[-75.54787393447336,45.46310115539241],[-75.54786376464604,45.46311306648649],[-75.54785319776335,45.4631248062045],[-75.54784224191013,45.46313636698599],[-75.5478309024763,45.46314774379069],[-75.54781918575006,45.463158929688106],[-75.54780709801959,45.46316991774787],[-75.54779464736976,45.46318070292967],[-75.5477818373938,45.463191278933124],[-75.54776867887153,45.46320164008794],[-75.54775517719281,45.46321178009371],[-75.54774134044249,45.46322169391021],[-75.54772717490877,45.46323137586711],[-75.54771268957481,45.46324082092411],[-75.54771004493462,45.46324249748298],[-75.54770739041294,45.463244167111284],[-75.54770472600983,45.46324582791885],[-75.5477020508269,45.46324748053575],[-75.54769936755915,45.46324912559203],[-75.54769667171497,45.4632507637177],[-75.5476939686843,45.46325239239263],[-75.5476912539755,45.4632540135069],[-75.54768853028357,45.463255627060555],[-75.54768579760847,45.463257231793534],[-75.5476830541536,45.46325882896584],[-75.54768030171556,45.463260416687376],[-75.54767753939606,45.463261996848296],[-75.54767476719509,45.4632635694486],[-75.54767198690928,45.46326513385824],[-75.5476691958437,45.46326668881709],[-75.54766639579496,45.463268235585325],[-75.54766358676305,45.463269775422916],[-75.5476607678497,45.46327130580982],[-75.5476579408515,45.46327282737595],[-75.54763558447902,45.46328440198815],[-75.54761269720223,45.46329544987798],[-75.54758930237728,45.4633059597049],[-75.54756542785196,45.463315918868275],[-75.54754109788082,45.46332531854768],[-75.54751634031159,45.46333414551247],[-75.54749118119543,45.4633423934624],[-75.5474656483801,45.463350050426826],[-75.54743977061172,45.46335711073556],[-75.54741357394138,45.463363564308054],[-75.54738708891186,45.46336940547417],[-75.54736034426924,45.46337462730352],[-75.54733336965789,45.46337922412586],[-75.54730619292557,45.46338319153106],[-75.54727884551339,45.46338652384874],[-75.54725135526907,45.46338921918895],[-75.54722375453197,45.46339127251141],[-75.54719607204818,45.46339268381613],[-75.54716833836041,45.46339344995294],[-75.54714058311306,45.46339357092194],[-75.54652442776137,45.463389045296054],[-75.54651620188832,45.46338891739655],[-75.54650798050685,45.46338874161347],[-75.54649976002368,45.46338851794688],[-75.54649154223546,45.46338824639671],[-75.54648332893882,45.46338792633291],[-75.54647511923544,45.4633875583856],[-75.54646691402364,45.463387142554716],[-75.54645871510003,45.46338667884025],[-75.54645051976969,45.46338616724226],[-75.5464423325242,45.46338560713064],[-75.5464341515669,45.46338499976549],[-75.54642597779613,45.46338434514683],[-75.54641781211019,45.46338364264459],[-75.54640965630574,45.46338289162874],[-75.54640150858611,45.46338209335937],[-75.54639337074795,45.46338124720642],[-75.54638524279126,45.46338035443],[-75.54637712561434,45.463379412509866],[-75.54636902011556,45.463378424596364],[-75.54636092629484,45.46337738942927],[-75.5463108892352,45.46336988935029],[-75.54626147021648,45.46336058040504],[-75.54621279859604,45.46334948842466],[-75.5461650064263,45.463336643650344],[-75.54611822036968,45.46332207821333],[-75.54607256619033,45.463305832435275],[-75.54602816426245,45.463287949788096],[-75.54598513496035,45.463268477523776],[-75.54594359057339,45.46324746730475],[-75.54590364428934,45.46322497583354],[-75.54586540121106,45.4632010623331],[-75.54582896554315,45.46317579106653],[-75.54579443160867,45.46314923070746],[-75.54576189283246,45.46312144929941],[-75.54573143545275,45.463092524336716],[-75.54570314301287,45.46306253016363],[-75.54567708737805,45.46303154868506],[-75.54565334131183,45.46299966117586],[-75.54563196589964,45.46296695269156],[-75.545613019532,45.46293351269807],[-75.54558967501272,45.46288900644589],[-75.54522405799712,45.4629839476983],[-75.5452478777252,45.46302935925853],[-75.54526502656397,45.46306024875097],[-75.54528366211453,45.463090708532306],[-75.54530376281734,45.4631207052106],[-75.54532530351953,45.463150200353574],[-75.54534826355989,45.46317916245954],[-75.54537261239567,45.4632075562466],[-75.54539832397572,45.463235348953106],[-75.54542536596072,45.463262509077516],[-75.54545370870625,45.46328900448827],[-75.54548331897465,45.46331480431407],[-75.54551416262991,45.46333987894354],[-75.54554620373946,45.46336419813543],[-75.54557940457407,45.46338773479869],[-75.54561372650613,45.46341046121231],[-75.54564912911148,45.463432350915255],[-75.54568557196592,45.46345337807668],[-75.54572301374697,45.46347351812568],[-75.54576140864053,45.46349274901166],[-75.54580071352746,45.46351104679385],[-75.54584088259371,45.46352839131162],[-75.54584522415148,45.46353018694052],[-75.5458495746924,45.46353197185855],[-75.54585393331814,45.46353374480571],[-75.5458583027237,45.463535507041996],[-75.54586268111238,45.46353725856752],[-75.54586706758592,45.463538998752114],[-75.54587146394093,45.46354072759589],[-75.54587586838076,45.4635424438387],[-75.54588028270206,45.463544150000736],[-75.54588470510821,45.46354584545192],[-75.54588913739582,45.463547528302186],[-75.54589357686996,45.463549200441626],[-75.54589802532725,45.46355086124026],[-75.54590248276767,45.46355251069798],[-75.54590694829295,45.463554148184784],[-75.54591142190309,45.46355577433077],[-75.54591590539466,45.46355738976592],[-75.54592039607276,45.463558992600134],[-75.54592489573403,45.46356058409349],[-75.5459294025818,45.46356216424604],[-75.54594181370577,45.463566440360296],[-75.54595428501686,45.46357063015808],[-75.54596681561675,45.46357473111925],[-75.54597940370883,45.46357874324383],[-75.54599204839477,45.46358266716188],[-75.54600474787794,45.46358650224337],[-75.54601750126002,45.46359024785826],[-75.54603030674441,45.46359390274651],[-75.54604316343274,45.463597468168246],[-75.54605607042676,45.463600943493326],[-75.54606902592977,45.463604326831764],[-75.54608202904352,45.46360761881356],[-75.54609507886966,45.4636108200688],[-75.54610817271323,45.46361392870734],[-75.54612130967594,45.463616944729175],[-75.54613448975779,45.46361986939449],[-75.54614771026382,45.46362270018304],[-75.54616097119407,45.46362543835493],[-75.54617426895521,45.46362808328023],[-75.5461876044456,45.463630634328794],[-75.54484629306396,45.46401925300289],[-75.54502643043124,45.464357418260825],[-75.54493622250872,45.46474174266945],[-75.54373788698771,45.46456261367069],[-75.54325211670962,45.464772756599906],[-75.54314366759695,45.46481966997274],[-75.54303269152336,45.46486767766915],[-75.54259358602934,45.46505763147314],[-75.54326274018617,45.46557217247616],[-75.54330045954663,45.46554899709784],[-75.54333962968629,45.46552704647451],[-75.54338016975673,45.465506364079154],[-75.54342199890962,45.46548699275484],[-75.54346503000838,45.46546897408443],[-75.54350917411973,45.4654523420905],[-75.54355434320887,45.465437132055605],[-75.54360044385092,45.46542337485209],[-75.54364738082451,45.46541109883211],[-75.54369505890823,45.465400330457626],[-75.54374338018567,45.46539108926032],[-75.5437922467405,45.465383395401645],[-75.54384155796139,45.46537726400289],[-75.5438912114404,45.4653727089251],[-75.54394110656624,45.46536973898897],[-75.54399114272755,45.465368359234986],[-75.5440412157198,45.46536857407338],[-75.54409122493168,45.4653703816141],[-75.54414106526026,45.465373778076845],[-75.5441906369926,45.46537875905117],[-75.5447373462846,45.46544219807753],[-75.54589372778692,45.46557636716505],[-75.54606901694663,45.46559274837359],[-75.54612809105804,45.46559826862747],[-75.54617616260383,45.465600227996184],[-75.54622427996371,45.46560152584165],[-75.54627242247642,45.46560216405395],[-75.5463205757689,45.46560213948309],[-75.5463687173833,45.46560145401913],[-75.5464168311499,45.46560010829198],[-75.54646489820414,45.4655981016716],[-75.54651290147798,45.465595434788],[-75.54656082031018,45.4655921095311],[-75.54660863853105,45.465588126530854],[-75.54665633727602,45.46558348830713],[-75.54670389857873,45.46557819548986],[-75.54675130267627,45.46557225059894],[-75.54679853429728,45.46556565552418],[-75.54684557367882,45.465558412785505],[-75.54689240195627,45.465550526162765],[-75.54693900385826,45.465541997545785],[-75.54698536052018,45.46553283071439],[-75.54703145397573,45.46552302881833],[-75.54707726536027,45.46551259563755],[-75.5471523097208,45.46549398223333],[-75.54826162758705,45.4652046697686],[-75.54928900652298,45.46715962446694],[-75.54970339577031,45.46699929561634],[-75.54870014648121,45.46509029905274],[-75.54983205158696,45.46479507545513],[-75.55185419073257,45.466167110188664],[-75.55298006634612,45.465731786532295],[-75.5529448577769,45.4656674450113],[-75.55294344832022,45.46566486003373],[-75.5519794069,45.46390265331703],[-75.55169917295555,45.46339038477551],[-75.55169910378528,45.463390258766125],[-75.5516987175097,45.463390647504994],[-75.55164661432491,45.46340289309266],[-75.55047318279851,45.46367867643003],[-75.55047313967938,45.463678594524396],[-75.55033174305703,45.46371246250532],[-75.5499967037954,45.46307699548975]]]},"properties":{"ZONE_CODE":"IL2 H(14)","ZONE_MAIN":"IL","ZNAME_EN":"Industrial Zone","LABEL":null}},{"type":"Feature","geometry":{"type":"Polygon","coordinates":[[[-75.75036104826964,45.36965733427697],[-75.74997452116916,45.36964109750202],[-75.74983663875622,45.369635307217514],[-75.74934830648294,45.370026758143936],[-75.74918913040449,45.37015435290505],[-75.74905207174663,45.37057625506089],[-75.74889823884749,45.3710498071903],[-75.74876786724863,45.371451120840895],[-75.7487477890037,45.371512928140575],[-75.74875511027328,45.37152581212056],[-75.7488351690297,45.37166658089591],[-75.74887519885708,45.371736966729856],[-75.74891522868445,45.37180735310729],[-75.7489606933193,45.37188728620347],[-75.74899593692285,45.37194925268666],[-75.74910784814263,45.372146014894845],[-75.74903437673218,45.372166779476615],[-75.74912653040558,45.372328795836],[-75.74919999552785,45.37230803825539],[-75.7494903445024,45.3728185186745],[-75.74978713978744,45.37260502371315],[-75.75010773324097,45.37237440405004],[-75.75012575883545,45.372361438856196],[-75.7501293808427,45.372358833195804],[-75.75030642980204,45.37031665649375],[-75.75032189968954,45.37013598193281],[-75.75036104826964,45.36965733427697]]]},"properties":{"ZONE_CODE":"IL[260] H(11)","ZONE_MAIN":"IL","ZNAME_EN":"Industrial Zone","LABEL":null}},{"type":"Feature","geometry":{"type":"Polygon","coordinates":[[[-75.48053082100259,45.49038580585654],[-75.48050242795142,45.49039492519327],[-75.4804031928586,45.490426815466364],[-75.48026844556598,45.49047010849831],[-75.48014534133776,45.49050966082004],[-75.48029474554255,45.49078849990096],[-75.4803955113646,45.49097655647551],[-75.4806761064318,45.49150021238122],[-75.48102330349249,45.49148857744141],[-75.48129555231239,45.491504592800624],[-75.48141197127826,45.49153120088165],[-75.48190707954375,45.490776762796195],[-75.48064518911467,45.49034905455555],[-75.4805544368131,45.490378220577405],[-75.48053082100259,45.49038580585654]]]},"properties":{"ZONE_CODE":"IL[1567] H(21)","ZONE_MAIN":"IL","ZNAME_EN":"Industrial Zone","LABEL":null}},{"type":"Feature","geometry":{"type":"Polygon","coordinates":[[[-75.48765460583442,45.48783724067904],[-75.48733013794705,45.48790677833706],[-75.4863726470419,45.48800810552872],[-75.48635046673922,45.488010452057615],[-75.48664959405075,45.48912349114128],[-75.48680278555277,45.48974044262269],[-75.4879773821941,45.48959624114389],[-75.4880298734511,45.4893384054783],[-75.48806101355042,45.489172413327715],[-75.48798969360507,45.48918118964255],[-75.48768777792293,45.4879657949381],[-75.48765460583442,45.48783724067904]]]},"properties":{"ZONE_CODE":"IL[1965] H(21)","ZONE_MAIN":"IL","ZNAME_EN":"Industrial Zone","LABEL":null}},{"type":"Feature","geometry":{"type":"Polygon","coordinates":[[[-75.62067878241369,45.40241384700379],[-75.62058559118613,45.402244928997085],[-75.62034904411055,45.401816195125015],[-75.62011250152659,45.401387461783884],[-75.62032202548176,45.4013301023201],[-75.61989336469954,45.400553135713615],[-75.61976343776675,45.400588692265046],[-75.61963351173226,45.40062424879404],[-75.61908818854072,45.400773484799856],[-75.6189440017511,45.40081294552887],[-75.61879981406315,45.40085240559956],[-75.61870908871103,45.40087723299074],[-75.61861836335892,45.40090206037102],[-75.61843691804457,45.40095171825254],[-75.61841425804153,45.40095791405242],[-75.61886190022568,45.40172977811905],[-75.6191321691587,45.401727239408594],[-75.61939066746656,45.40177706938621],[-75.61962353144945,45.4018875841385],[-75.61975132937502,45.40200598661487],[-75.61994037892825,45.40215530096597],[-75.62022201783782,45.402305328907836],[-75.62039994085792,45.402376279577844],[-75.62067878241369,45.40241384700379]]]},"properties":{"ZONE_CODE":"IL[256] H(8)","ZONE_MAIN":"IL","ZNAME_EN":"Industrial Zone","LABEL":null}},{"type":"Feature","geometry":{"type":"Polygon","coordinates":[[[-75.91398254231531,45.30242553245817],[-75.91568324628594,45.303796256071074],[-75.91887084530809,45.30261887298263],[-75.91691205535635,45.300860661502874],[-75.91398254231531,45.30242553245817]]]},"properties":{"ZONE_CODE":"IL6 H(30)","ZONE_MAIN":"IL","ZNAME_EN":"Industrial Zone","LABEL":null}},{"type":"Feature","geometry":{"type":"Polygon","coordinates":[[[-75.6588405676476,45.39860397020159],[-75.65871899864021,45.39861229763187],[-75.65864422197764,45.39861741885578],[-75.65866419422136,45.398853467099364],[-75.65861955513824,45.39897207714863],[-75.65868581936518,45.39898445404351],[-75.65890072422891,45.399024595987434],[-75.6590946848718,45.3991001011153],[-75.65952788214621,45.399180000675045],[-75.65959688803139,45.399192728859816],[-75.65966589391658,45.39920545641099],[-75.65997998446578,45.39926338887233],[-75.66016075065376,45.399422320120316],[-75.6618066897314,45.399232846686786],[-75.66163170150732,45.39860296853819],[-75.66015637496001,45.39851383871596],[-75.6588405676476,45.39860397020159]]]},"properties":{"ZONE_CODE":"IP12[372] F(0.7) H(10.7)","ZONE_MAIN":"IP","ZNAME_EN":"Industrial Zone","LABEL":null}},{"type":"Feature","geometry":{"type":"Polygon","coordinates":[[[-75.60180460337257,45.38223615611412],[-75.60100282374383,45.38245761516961],[-75.60149618748102,45.38333115135884],[-75.60210173552585,45.383161813514455],[-75.60231757823072,45.383097545647765],[-75.6018456887204,45.38222457307599],[-75.60180460337257,45.38223615611412]]]},"properties":{"ZONE_CODE":"IL H(14)","ZONE_MAIN":"IL","ZNAME_EN":"Industrial Zone","LABEL":null}},{"type":"Feature","geometry":{"type":"Polygon","coordinates":[[[-75.719307480962,45.40746268125705],[-75.71934623877495,45.4074940199461],[-75.71943558521308,45.40757029263328],[-75.71948255003444,45.4076048552473],[-75.71949858226733,45.40761882206158],[-75.71951499718254,45.407632792656386],[-75.71953128723189,45.40764658161492],[-75.71954757548461,45.407660460755814],[-75.71956425001292,45.40767416267528],[-75.71958079698045,45.407687864591416],[-75.71959747240707,45.40770147631858],[-75.7196142771911,45.407714999118205],[-75.71963108197512,45.40772852128387],[-75.719648142779,45.407741955783415],[-75.71966507512379,45.40775547983467],[-75.71968226708168,45.407768735218085],[-75.71969958570206,45.407781992490385],[-75.71971690522072,45.40779524849822],[-75.71973422743436,45.407808414948164],[-75.7197518038712,45.4078214931016],[-75.71976938120636,45.407834570621326],[-75.71978708789892,45.40784755984459],[-75.71980479548981,45.40786045887949],[-75.71982263064147,45.407873359803475],[-75.7198405951505,45.40788616990849],[-75.71985855876126,45.40789898064126],[-75.7198767810868,45.407911613523154],[-75.71989500251401,45.40792433595682],[-75.71991322663618,45.407936788462536],[-75.71993157831912,45.40794933178139],[-75.71995005846114,45.407961786173615],[-75.7199686688589,45.40797415226984],[-75.71998727745999,45.40798651710201],[-75.72000588965437,45.40799870282248],[-75.72002462761287,45.4080109787255],[-75.72004362338787,45.40802307677821],[-75.72006249250042,45.408035173567065],[-75.72008149007205,45.40804718142951],[-75.72010074276521,45.408059191812065],[-75.72011987149087,45.40807093037558],[-75.72013912687899,45.40808276038302],[-75.7201585107262,45.408094500833656],[-75.7201780248291,45.408106152358144],[-75.72019740957462,45.408117802618925],[-75.72021705213663,45.40812936521502],[-75.72023669739357,45.408140837623776],[-75.72025646841466,45.408152311291495],[-75.72027636969148,45.40816360584844],[-75.72029614250918,45.408174988696004],[-75.72031617404171,45.40818610414002],[-75.7203362046759,45.408197309136],[-75.72035636556583,45.40820833502143],[-75.72037652645577,45.40821936090472],[-75.72040899157012,45.40823534442694],[-75.72062186354637,45.408007706202746],[-75.71969602388195,45.40734865131937],[-75.719307480962,45.40746268125705]]]},"properties":{"ZONE_CODE":"IG3[1352] H(11)","ZONE_MAIN":"IG","ZNAME_EN":"Transportation Zones","LABEL":null}},{"type":"Feature","geometry":{"type":"Polygon","coordinates":[[[-75.59946382730413,45.37797494087454],[-75.59865281119762,45.378298568193],[-75.59654790936662,45.37913842153849],[-75.59654009582025,45.379141541772405],[-75.59660985449365,45.37922874356487],[-75.59666722270433,45.3793004589391],[-75.59677926687478,45.379440514279715],[-75.59678118028631,45.37944290507915],[-75.5976728399525,45.380557469753775],[-75.59774553521855,45.38064790687389],[-75.59704582486734,45.38092482730072],[-75.59757583896982,45.38158977882908],[-75.59789737116283,45.38199315788779],[-75.59831705148716,45.382519667236686],[-75.59991232648109,45.38188657673221],[-75.6005399919465,45.381637474360744],[-75.60100282374383,45.38245761516961],[-75.60180460337257,45.38223615611412],[-75.6018456887204,45.38222457307599],[-75.60133606996816,45.381321527309815],[-75.60109478338116,45.380893957827055],[-75.60056588857952,45.38001785817643],[-75.60036592629223,45.379664209758616],[-75.5998971108168,45.37874550478429],[-75.59975262129493,45.37848854278334],[-75.59955678946129,45.37814026848226],[-75.59946382730413,45.37797494087454]]]},"properties":{"ZONE_CODE":"IH H(16)","ZONE_MAIN":"IH","ZNAME_EN":"Industrial Zone","LABEL":null}},{"type":"Feature","geometry":{"type":"Polygon","coordinates":[[[-75.47200165784137,45.49264130894599],[-75.4720815396297,45.492652436093614],[-75.47215549792703,45.49266890703877],[-75.47221485141449,45.49268249827268],[-75.47228864621844,45.49270790051498],[-75.47235462567943,45.49273323284709],[-75.47240886415966,45.4927594908539],[-75.47248482749671,45.492800030854866],[-75.4725417779908,45.492838338477874],[-75.4725928544012,45.49287728082972],[-75.47264572205229,45.49292517331757],[-75.47268913134178,45.49297598638784],[-75.47270453385563,45.49299545216696],[-75.47270786211378,45.493000464075],[-75.47273168184184,45.49303383522286],[-75.4727549365296,45.49307149596953],[-75.47277401045804,45.493111414847434],[-75.47278723455732,45.49314570279335],[-75.4727965653582,45.493169838472085],[-75.47280301077035,45.49319154344594],[-75.4728093376049,45.49321977413098],[-75.4728138157066,45.49324214847056],[-75.4728167792487,45.493267257644014],[-75.47281955234799,45.49330284459171],[-75.47281966284076,45.493323632653414],[-75.4728197230279,45.49333377038857],[-75.47281747544305,45.493363299467866],[-75.47281538236844,45.49338441180862],[-75.47281128155919,45.493408425850845],[-75.4728073981422,45.49342720320635],[-75.47280330362115,45.493444173915314],[-75.47279808440933,45.49346250920209],[-75.47279429711209,45.49347433012837],[-75.47278890452544,45.493490516204126],[-75.47277901946406,45.4935152090285],[-75.47276988719088,45.493535527248284],[-75.47276022580999,45.493556399605154],[-75.47274964365596,45.49357417189522],[-75.47273502806628,45.49359877904249],[-75.47271546006444,45.4936271222412],[-75.47269440624913,45.49365648177512],[-75.4726714884296,45.493681014580865],[-75.47265250163775,45.493704207987214],[-75.47262765333868,45.493727349118245],[-75.47259982532782,45.493753212464796],[-75.47257400056003,45.49377634475977],[-75.47252785859546,45.49380862794439],[-75.47216642503416,45.494092089719],[-75.47210741380484,45.49415187815195],[-75.47206521634267,45.49423030003706],[-75.47206488127107,45.49430570302559],[-75.4720992490172,45.49438440617251],[-75.47214513406361,45.494423428056876],[-75.47217115376581,45.49444341913488],[-75.47218983423214,45.49445715854966],[-75.47221081258897,45.494472208365316],[-75.47222625462872,45.49448274071513],[-75.47225256628339,45.49449998502508],[-75.47228517602652,45.494520207805095],[-75.4723135466198,45.494536518890264],[-75.47236674035936,45.49456509334602],[-75.47239440308022,45.49457863500589],[-75.47242715924874,45.494594155803206],[-75.47247224569286,45.49461328728319],[-75.4725122566556,45.49462945225159],[-75.47257131729228,45.494650480367966],[-75.47282690865185,45.494697409800885],[-75.4732301336368,45.49474875462481],[-75.47358709807958,45.49478811251428],[-75.47382003392771,45.49482453158792],[-75.47377107215145,45.49473680991586],[-75.47352911003135,45.49430099600906],[-75.47233116258253,45.492143217281125],[-75.47225708211431,45.49216620477094],[-75.47148554786288,45.49253140069523],[-75.47149307574495,45.49254330116177],[-75.47150036826842,45.49255194282082],[-75.4715090585705,45.49256091130357],[-75.47151676252237,45.492567139240855],[-75.47152592354163,45.49257377649581],[-75.47153661798508,45.49258074372349],[-75.47154453124443,45.49258485264935],[-75.4715542159815,45.492589492429225],[-75.47157010628057,45.49259547729132],[-75.4715812813227,45.49259891052629],[-75.47160140987327,45.49260357486413],[-75.4716115797006,45.492605084933174],[-75.47162242775596,45.49260625558297],[-75.47163584858633,45.49260706351399],[-75.47164818155684,45.492607174344734],[-75.47165820136553,45.49260692182694],[-75.4716809619799,45.49260446276959],[-75.47170376930663,45.49259951505774],[-75.4717167616406,45.49259548736687],[-75.47200165784137,45.49264130894599]]]},"properties":{"ZONE_CODE":"IL4[1575] H(21)","ZONE_MAIN":"IL","ZNAME_EN":"Industrial Zone","LABEL":null}},{"type":"Feature","geometry":{"type":"Polygon","coordinates":[[[-75.59083333777211,45.45496369290468],[-75.59067470966599,45.45500140115608],[-75.58979336355758,45.45524216788202],[-75.5900262580832,45.45567300848285],[-75.59028994595843,45.45616077721598],[-75.59117351270223,45.455924228092854],[-75.59132367957669,45.45588727661535],[-75.59083333777211,45.45496369290468]]]},"properties":{"ZONE_CODE":"IL2[294] H(14)","ZONE_MAIN":"IL","ZNAME_EN":"Industrial Zone","LABEL":null}},{"type":"Feature","geometry":{"type":"Polygon","coordinates":[[[-75.61069294532373,45.321751850517494],[-75.61067016314982,45.32171334142325],[-75.6106934780247,45.32164923554747],[-75.61105277090067,45.320661371334516],[-75.61107496916966,45.32059121125596],[-75.6110902935301,45.320520142790045],[-75.61109867211674,45.32044850007212],[-75.6111000627088,45.32037661976588],[-75.61109446261132,45.3203048416947],[-75.61235327990379,45.320138069144825],[-75.61306271990786,45.319824232559036],[-75.61337790999497,45.31952101989636],[-75.61366998373488,45.3190369666291],[-75.61380006877117,45.31862690223126],[-75.61388339290366,45.3185477832777],[-75.61433376866124,45.31837389174064],[-75.61468312257692,45.3184447216027],[-75.61508309566054,45.31853277368814],[-75.61505608511658,45.31864273232534],[-75.61503554962917,45.31875338557639],[-75.61502152153771,45.318864542676074],[-75.61501402689329,45.31897601412368],[-75.61501307827236,45.31908760978849],[-75.61501867747151,45.31919913638299],[-75.61503081371102,45.31931040567443],[-75.61504946632957,45.3194212243782],[-75.61507460568279,45.319531403632936],[-75.6151746456661,45.31991711397808],[-75.61570104404954,45.32195717274889],[-75.61572566417654,45.322067186639636],[-75.6157430465773,45.32217788625939],[-75.61575315352255,45.322289032850996],[-75.6157559598595,45.3224003920807],[-75.61575146468981,45.3225117239319],[-75.61573967340338,45.322622788389886],[-75.61572061474631,45.32273335049475],[-75.61569432644785,45.32284317149883],[-75.61566086689847,45.322952017708985],[-75.61562030526844,45.323059656065645],[-75.6155727313893,45.32316585540573],[-75.61551824497406,45.323270388357386],[-75.6154569619054,45.323373031971606],[-75.61538901603222,45.32347356709054],[-75.61531455108508,45.32357177645244],[-75.61523372606571,45.323667451007616],[-75.6152198372131,45.323682284913616],[-75.61518567518115,45.323718773425675],[-75.61514671524728,45.32376038612881],[-75.61505370278444,45.32385038350579],[-75.61495488989983,45.32393724925021],[-75.61485048679918,45.32402079768542],[-75.61474071716304,45.32410085071447],[-75.61462581635,45.324177235925106],[-75.61461688440113,45.32418264558499],[-75.61450602960014,45.32424978974787],[-75.61438161293327,45.324318358087254],[-75.61450772561938,45.32448103947676],[-75.61736927122772,45.32332359143887],[-75.61835671735432,45.32290536159896],[-75.61762534228764,45.3217348742557],[-75.61739379882823,45.32166797913197],[-75.61675571021055,45.32054655992588],[-75.61660366046723,45.32027933085555],[-75.61616610366876,45.31951030833009],[-75.61731629937204,45.319051031756565],[-75.6175441076365,45.318958169130816],[-75.61758551817448,45.318941290570784],[-75.61862871015435,45.31851604217906],[-75.6191335669373,45.31831023435929],[-75.62103736202735,45.317534115404506],[-75.62169204342663,45.317267206283894],[-75.62187172444976,45.31719396004276],[-75.62158517714549,45.31668736735791],[-75.62125863414983,45.316110054946485],[-75.6205890874292,45.314955480702785],[-75.62021042597738,45.314302489431654],[-75.61995267866112,45.313815226054295],[-75.6198055822283,45.3138751196704],[-75.61981739237933,45.31391119124941],[-75.61988747624285,45.31412523678902],[-75.61794163191267,45.31489329766906],[-75.61649185075709,45.31549099409453],[-75.61549683901916,45.31597636630596],[-75.614956092744,45.31634910008212],[-75.61449657932333,45.31678059123787],[-75.61437051694288,45.316953571095034],[-75.6141267042933,45.316748712705646],[-75.61218269701786,45.317541617805304],[-75.61014521464723,45.32149989806623],[-75.61038293312592,45.32186043480443],[-75.61039230884255,45.32187465524273],[-75.61041452148457,45.32186580994611],[-75.61069294532373,45.321751850517494]]]},"properties":{"ZONE_CODE":"IL2[1528] H(14)-h","ZONE_MAIN":"IL","ZNAME_EN":"Industrial Zone","LABEL":null}},{"type":"Feature","geometry":{"type":"Polygon","coordinates":[[[-75.63723329310062,45.35754178079611],[-75.63681527196462,45.35703180131289],[-75.63682141374622,45.357028097229815],[-75.6368273893395,45.35702425932476],[-75.63683319245624,45.35702029264765],[-75.63683881680822,45.35701620035457],[-75.63684425700559,45.357011986232905],[-75.63684950855674,45.35700765407013],[-75.63685456517346,45.35700320828473],[-75.63685942326254,45.356998653926624],[-75.63686407743401,45.35699399415195],[-75.63686852319636,45.35698923527305],[-75.63687275605797,45.35698438107726],[-75.63687677152728,45.35697943535201],[-75.63688056780768,45.356974403778366],[-75.63688413861094,45.356969291406195],[-75.6368874812421,45.356964103285385],[-75.63689059210795,45.35695884446575],[-75.6368934703101,45.35695351936589],[-75.63689611135703,45.3569481324045],[-75.63689851165549,45.35694269115638],[-75.63690067300207,45.35693719499024],[-75.63690154885946,45.35693474264077],[-75.63690237800448,45.35693228208508],[-75.63690315684381,45.35692981332329],[-75.63690388897078,45.356927336986516],[-75.63690457079207,45.35692485433732],[-75.63690520500266,45.356922364744406],[-75.6369057889076,45.3569198701015],[-75.63690632520182,45.35691736851487],[-75.63690681208871,45.356914862509505],[-75.63690725046656,45.35691235271659],[-75.63690763764046,45.35690983850493],[-75.63690797630531,45.35690732050579],[-75.63690826466451,45.356904799350296],[-75.63690850451471,45.35690227566975],[-75.63690869495754,45.3568997500954],[-75.63690883509472,45.356897222627246],[-75.63690892672288,45.35689469452774],[-75.63690896714708,45.35689216516562],[-75.63690895816393,45.35688963643467],[-75.63690889977343,45.35688710770357],[-75.63690889797681,45.35688705215481],[-75.63658279066405,45.35702008560272],[-75.63707577171893,45.35760602594716],[-75.63707864093793,45.357604856281824],[-75.63723329310062,45.35754178079611]]]},"properties":{"ZONE_CODE":"IL F(1.0)","ZONE_MAIN":"IL","ZNAME_EN":"Industrial Zone","LABEL":null}},{"type":"Feature","geometry":{"type":"Polygon","coordinates":[[[-75.95286318279575,45.2730599272899],[-75.95162623498888,45.27354840323334],[-75.95198165163441,45.27391136336011],[-75.95402344591842,45.27350391903415],[-75.9541467944884,45.27347945043392],[-75.95417504470745,45.27337845239135],[-75.95421735086576,45.273234180359964],[-75.95423832023944,45.27318130513568],[-75.95411993306477,45.273170677741284],[-75.95286318279575,45.2730599272899]]]},"properties":{"ZONE_CODE":"RG4[399r]","ZONE_MAIN":"RG","ZNAME_EN":"Rural Industrial Zone","LABEL":null}},{"type":"Feature","geometry":{"type":"Polygon","coordinates":[[[-75.60590690744121,45.39616139085201],[-75.60592306274327,45.396178870883546],[-75.60593957108325,45.39619618753318],[-75.60595642976618,45.39621333512386],[-75.60597363519882,45.39623031050182],[-75.6059911837879,45.3962471117748],[-75.60600907104185,45.39626373389655],[-75.606027295164,45.396280173082474],[-75.60604585076453,45.39629642744031],[-75.60606473604673,45.39631249255473],[-75.60608394472244,45.39632836527183],[-75.60610347409674,45.39634404369943],[-75.60612331967799,45.39635952279132],[-75.60614347966958,45.39637480065526],[-75.60616394688502,45.396389873506656],[-75.60618471862934,45.39640473819169],[-75.60620578951263,45.39641939155657],[-75.60622715594168,45.39643383170906],[-75.60624881342487,45.39644805423377],[-75.60627075926726,45.3964620566077],[-75.60629298628233,45.39647583630782],[-75.60653482443492,45.3966239011655],[-75.60720986884506,45.39703718418154],[-75.60729801333737,45.397091148690905],[-75.60852650620079,45.397843247773864],[-75.60867337356324,45.39793315766462],[-75.60889005349796,45.39804288831096],[-75.60905909487488,45.398101894283464],[-75.60905989796873,45.39810212577828],[-75.60979027590543,45.3983110415591],[-75.60992737229252,45.39835025359093],[-75.61036008717163,45.39847402630284],[-75.61036020754587,45.398474060364535],[-75.61062516294398,45.3985692488033],[-75.61086314283241,45.39869492406676],[-75.61089325975061,45.39871433094522],[-75.6108933055647,45.39871436122213],[-75.6119133883839,45.399387420719336],[-75.61234064599766,45.399669321277734],[-75.61238303030939,45.3996972588268],[-75.61304896041266,45.39919763872529],[-75.61263765328509,45.39894599937169],[-75.6124172147992,45.398811135637835],[-75.61204982450924,45.398586358458424],[-75.61168243781255,45.398361579754045],[-75.61124157611214,45.398091848543885],[-75.61109462161313,45.39800193512101],[-75.6109476778939,45.39791202912438],[-75.61074614624981,45.397788723850574],[-75.61065717171418,45.39773428376845],[-75.61035197448629,45.39754756182346],[-75.61009694816701,45.39739153321626],[-75.60993758883224,45.397294034751106],[-75.60963668465308,45.3971099392104],[-75.60829095535688,45.39628612464565],[-75.60820281086458,45.39623216062911],[-75.6060157095918,45.39489369535621],[-75.60544813513067,45.39380260367992],[-75.60466680834432,45.394114168056596],[-75.60528958517796,45.39516265647564],[-75.60556396031015,45.39562457317675],[-75.60562958673322,45.39575428392348],[-75.60574568410222,45.395946637269425],[-75.60575252117985,45.395957804321924],[-75.60575948941151,45.39596893100106],[-75.6057665896955,45.39598001478354],[-75.60577382113354,45.39599105819275],[-75.6057811828273,45.396002058074615],[-75.60578867387845,45.396013013798374],[-75.60579629518533,45.39602392536408],[-75.6058040467479,45.39603479214094],[-75.60581192497297,45.396045612867354],[-75.60581993255539,45.39605638628182],[-75.60582806680031,45.396067112384344],[-75.60583632680934,45.3960777899133],[-75.60584471348083,45.39608841949955],[-75.60585322681477,45.396098999250775],[-75.60586186501455,45.39610952727453],[-75.6058706262835,45.39612000546329],[-75.60587951241831,45.39613043192462],[-75.6058885225206,45.39614080476625],[-75.60589765389545,45.39615112461896],[-75.60590690744121,45.39616139085201]]]},"properties":{"ZONE_CODE":"IL[255] H(9.50) S108","ZONE_MAIN":"IL","ZNAME_EN":"Industrial Zone","LABEL":null}},{"type":"Feature","geometry":{"type":"Polygon","coordinates":[[[-75.66622873205743,45.41718538372342],[-75.66675332123391,45.41729715593863],[-75.6669295257769,45.4173348534263],[-75.66754617430367,45.417078018299925],[-75.66734966154706,45.4170490571121],[-75.66693253872636,45.416987582088],[-75.66663019634443,45.41694302318409],[-75.66654833826249,45.41692885500278],[-75.66636060923273,45.416905069425],[-75.66618713736483,45.41688579743087],[-75.6660182118706,45.41686926650267],[-75.66586302790529,45.41685670498661],[-75.6657233991674,45.416847217480594],[-75.66557019868223,45.416838719332304],[-75.66548629872963,45.41683564090504],[-75.66542883260259,45.416833547423046],[-75.66526995206985,45.416829047697675],[-75.66510553162676,45.41682766612555],[-75.66493608421136,45.41683010768066],[-75.66474769941145,45.41683349949996],[-75.66460476756828,45.41683919414907],[-75.6644815133214,45.416844861052724],[-75.66429416787228,45.416855755983846],[-75.66428806561655,45.4168562957489],[-75.6637679734064,45.41689739165198],[-75.66372087563435,45.41690147267602],[-75.66384415503406,45.41714585750219],[-75.66385655358161,45.41717876659557],[-75.66550038970317,45.41703254010416],[-75.66622873205743,45.41718538372342]]]},"properties":{"ZONE_CODE":"IG1 F(1.5)","ZONE_MAIN":"IG","ZNAME_EN":"Transportation Zones","LABEL":null}},{"type":"Feature","geometry":{"type":"Polygon","coordinates":[[[-75.90701742331886,45.27664201396485],[-75.90538751557578,45.277619090249935],[-75.90525433045345,45.277696794128744],[-75.90635056705253,45.27860786015539],[-75.90647468907197,45.27852285097081],[-75.90810702945284,45.27754434585267],[-75.90807485539263,45.27751769375327],[-75.90792602790624,45.27739445283666],[-75.90777719502995,45.277271203434786],[-75.90762836934022,45.27714795502943],[-75.90747954365047,45.27702471267765],[-75.90733071257083,45.27690146373691],[-75.90726546254186,45.27684742754943],[-75.90718188867771,45.276778213896385],[-75.90703306478459,45.27665496442027],[-75.90701742331886,45.27664201396485]]]},"properties":{"ZONE_CODE":"IL[1832]","ZONE_MAIN":"IL","ZNAME_EN":"Industrial Zone","LABEL":null}},{"type":"Feature","geometry":{"type":"Polygon","coordinates":[[[-75.91942330112299,45.36336962217102],[-75.92389207021684,45.36056599082921],[-75.92248410563775,45.35948487430581],[-75.9220485907099,45.35975972891905],[-75.92207879566301,45.35978292502598],[-75.92168926459627,45.36003501141371],[-75.92161031975078,45.36003635902744],[-75.92161031436088,45.36003633251698],[-75.9216102685468,45.36003636092102],[-75.92115813298958,45.36004774651996],[-75.92049619140617,45.36073944165758],[-75.92036643964485,45.3608213231048],[-75.91966447721721,45.36126849944073],[-75.9196606450042,45.36126809421861],[-75.91966186491636,45.361270215638314],[-75.91944408364708,45.36140889483455],[-75.91932470563067,45.36123252176709],[-75.91923974656436,45.36110698538566],[-75.91910329696427,45.3610442994607],[-75.91879058353241,45.3610810971687],[-75.91861058809893,45.3610595856073],[-75.91861003653335,45.36106071922343],[-75.91860849592264,45.36105933565631],[-75.91857061576374,45.36105480813464],[-75.91851238337377,45.361003651469794],[-75.91848981949045,45.36095277122018],[-75.91846557575757,45.36089302710683],[-75.91852694416619,45.36085709148427],[-75.9186536964528,45.360873125012205],[-75.91876190481695,45.36085291488898],[-75.91893602796344,45.36069899732314],[-75.91909039536017,45.36049139995473],[-75.91912827012918,45.36039385046489],[-75.91915034083739,45.360302492226715],[-75.91913714997575,45.36019455603199],[-75.91903118200989,45.359988759523745],[-75.9190162358402,45.35995785968531],[-75.9189776145712,45.35986468351055],[-75.91690223856693,45.36117444365461],[-75.91674664496982,45.36127273281216],[-75.91942330112299,45.36336962217102]]]},"properties":{"ZONE_CODE":"IP8[1707] H(15)-h","ZONE_MAIN":"IP","ZNAME_EN":"Industrial Zone","LABEL":null}},{"type":"Feature","geometry":{"type":"Polygon","coordinates":[[[-75.54980563842268,45.4626796604446],[-75.54976768011034,45.46260759789052],[-75.5496519627287,45.462640422513445],[-75.54837077738566,45.46297677015326],[-75.54803936462284,45.463587030220744],[-75.5499967037954,45.46307699548975],[-75.54980563842268,45.4626796604446]]]},"properties":{"ZONE_CODE":"IL2[284] H(14)","ZONE_MAIN":"IL","ZNAME_EN":"Industrial Zone","LABEL":null}},{"type":"Feature","geometry":{"type":"Polygon","coordinates":[[[-75.9066591482341,45.29872903962938],[-75.9072024654876,45.298388525594916],[-75.90628825002295,45.29764825302842],[-75.90574632156486,45.29798994619684],[-75.9066591482341,45.29872903962938]]]},"properties":{"ZONE_CODE":"IL5[304] H(30)","ZONE_MAIN":"IL","ZNAME_EN":"Industrial Zone","LABEL":null}},{"type":"Feature","geometry":{"type":"Polygon","coordinates":[[[-75.72182723107944,45.33395461076494],[-75.72322217008691,45.333330444085966],[-75.72269689369926,45.332353204738915],[-75.7228730245804,45.332285599074424],[-75.72569805546905,45.33120112003141],[-75.72575067159185,45.33129343274357],[-75.72579358860456,45.3313687334076],[-75.72615651247094,45.33200545030329],[-75.7263300301529,45.3323109838887],[-75.72635154031236,45.332333461220664],[-75.72650443267541,45.33249319760456],[-75.72661063599988,45.33260416166043],[-75.7266237792508,45.33261788240613],[-75.7271455665819,45.33316299944259],[-75.7273166363547,45.33334165823805],[-75.72810468253938,45.33309768141085],[-75.72869138123458,45.33295964580358],[-75.7293575601712,45.33282543614448],[-75.72990940243676,45.33272840984749],[-75.72979113114476,45.33253968794116],[-75.72978953753346,45.332537136019376],[-75.7297581027867,45.332486635604596],[-75.728902752126,45.33111230770312],[-75.72561509784917,45.32583204289958],[-75.72551195598321,45.32566630725948],[-75.72521503223908,45.32518918639861],[-75.72499719078269,45.32483913003061],[-75.72472295129612,45.324943680737306],[-75.72412418193845,45.32517195410985],[-75.7237642395805,45.32530917247449],[-75.72340429003604,45.325446392401496],[-75.72330415483133,45.325484568007106],[-75.72326658279455,45.32543655101874],[-75.7228962945395,45.32496312556217],[-75.72267329855,45.32467801855168],[-75.72266496937068,45.32466770018105],[-75.72258936715637,45.32457405284445],[-75.7214515547293,45.32500899554098],[-75.720514777178,45.325367076441644],[-75.72086475452447,45.325825169389304],[-75.7205225422153,45.32595564404612],[-75.72013962544398,45.3261012782015],[-75.72047624214724,45.32657262384672],[-75.72045989101244,45.32657891558669],[-75.72079183737455,45.327007846141306],[-75.71988406732206,45.32735730364686],[-75.71960992665016,45.32690591773475],[-75.71902135945918,45.32593679198497],[-75.71819622992126,45.32437486976086],[-75.71801285772061,45.3240277440489],[-75.71789704062597,45.32417895766865],[-75.71774369102047,45.324379150735425],[-75.71718276858401,45.32511140736944],[-75.7165936013184,45.32588051555472],[-75.71707516298937,45.32643095025061],[-75.71776303983336,45.32613119041923],[-75.71791365586547,45.326395880741956],[-75.7180650363639,45.32666189360491],[-75.71850418407874,45.32746541046431],[-75.71642515911779,45.32837370345065],[-75.71662751541533,45.32873036040991],[-75.71870563936605,45.32781822820479],[-75.7197156987833,45.32961523076788],[-75.71991552452667,45.32952587977439],[-75.72054541871232,45.330246262738655],[-75.71988400893157,45.330534690726815],[-75.72050837488497,45.331247012114375],[-75.72103052603374,45.33101930380809],[-75.72153059928779,45.33158856843665],[-75.72096873631523,45.33182913779293],[-75.72125285726993,45.33208020944591],[-75.72170263025795,45.33287062594208],[-75.7215440003552,45.33293839951955],[-75.72102099401025,45.33316184253359],[-75.72109290504706,45.33324334646074],[-75.72097760448372,45.33329260593657],[-75.72109066554707,45.333498257028374],[-75.72147255554403,45.33333198746864],[-75.72182723107944,45.33395461076494]],[[-75.72265663390317,45.33190503578901],[-75.7224874595756,45.33196942497642],[-75.72227614437975,45.33157040407911],[-75.72300240354087,45.33129408699968],[-75.72352982151217,45.33109341757221],[-75.72387201854997,45.33096322125321],[-75.72472750934787,45.33063771525268],[-75.72526119666153,45.330434649365856],[-75.72541282509498,45.33070069315279],[-75.72548545568232,45.3308281214629],[-75.72265663390317,45.33190503578901]],[[-75.72704188482842,45.32936860940638],[-75.72503984548732,45.33004169555199],[-75.72484301921867,45.32969224702907],[-75.72481930818675,45.32965013787233],[-75.72485559114108,45.329636241471114],[-75.72487602332222,45.32962841479719],[-75.72587048708782,45.32924752356893],[-75.72663642573336,45.328954153482904],[-75.72663985819607,45.32895283733796],[-75.72674935294773,45.328910898149466],[-75.72704188482842,45.32936860940638]],[[-75.72187094759276,45.32767563627549],[-75.72190167267041,45.32773001055503],[-75.72061475068595,45.32822318752889],[-75.72039381633003,45.3282854051954],[-75.72012554794516,45.327777299304685],[-75.72032675709407,45.32771649514574],[-75.72097846686638,45.32746640770394],[-75.7213541297418,45.327322243553645],[-75.7215294135116,45.32725497671913],[-75.72171354029709,45.327577380976784],[-75.72180130929361,45.327552372347206],[-75.72187094759276,45.32767563627549]]]},"properties":{"ZONE_CODE":"IG","ZONE_MAIN":"IG","ZNAME_EN":"Transportation Zones","LABEL":null}},{"type":"Feature","geometry":{"type":"Polygon","coordinates":[[[-75.50223087085718,45.45171401223309],[-75.50193734633808,45.451240255589646],[-75.50193731310043,45.45124020202417],[-75.50181744909544,45.45104673565103],[-75.50169805131607,45.45108083178425],[-75.50084957546223,45.45132312579373],[-75.50100486363213,45.45157463953935],[-75.50116015359868,45.451826156574626],[-75.50126095804828,45.45198941792463],[-75.50138715427771,45.4519530442596],[-75.50223087085718,45.45171401223309]]]},"properties":{"ZONE_CODE":"IG7 H(21)","ZONE_MAIN":"IG","ZNAME_EN":"Transportation Zones","LABEL":null}},{"type":"Feature","geometry":{"type":"Polygon","coordinates":[[[-75.35305381676125,45.38307576547454],[-75.35328255118876,45.38350232346652],[-75.35340211605478,45.3834692773976],[-75.35701825728154,45.382469644872934],[-75.35702182718647,45.38246866563778],[-75.35711895213669,45.38244201869895],[-75.35675897474445,45.381762462937836],[-75.35664969379182,45.38179029071948],[-75.35533276897519,45.38212519911754],[-75.35443211986795,45.382303300840874],[-75.35421090613598,45.38234704285732],[-75.35435703328662,45.38271830633111],[-75.35317349481497,45.383042941248604],[-75.35305381676125,45.38307576547454]]]},"properties":{"ZONE_CODE":"RH[27r]","ZONE_MAIN":"RH","ZNAME_EN":"Rural Industrial Zone","LABEL":null}},{"type":"Feature","geometry":{"type":"Polygon","coordinates":[[[-75.88766301750324,45.31701833986317],[-75.88647644003098,45.31683310114098],[-75.88603211891841,45.316742136248045],[-75.88599290206635,45.316865596779216],[-75.88569816392334,45.31774996205475],[-75.88586486518892,45.31787539373029],[-75.88556856397729,45.318058785203625],[-75.88477652478119,45.31839552311863],[-75.88478593104051,45.318412931176525],[-75.88538575142707,45.318356301119415],[-75.88595291805306,45.318305703418005],[-75.88626433880924,45.318283329166],[-75.88637814277932,45.31827880643418],[-75.88656710968755,45.318280290218745],[-75.88664708759562,45.31828091872687],[-75.88691665314776,45.3183032992965],[-75.88722255645146,45.318322599222356],[-75.88729972353099,45.318098097737405],[-75.88735802509125,45.317925323508646],[-75.88741449319001,45.31775797481821],[-75.887470734015,45.317591305314934],[-75.88754114127202,45.317382650328966],[-75.88761284389967,45.317170159020975],[-75.88766301750324,45.31701833986317]]]},"properties":{"ZONE_CODE":"IL1[2043]","ZONE_MAIN":"IL","ZNAME_EN":"Industrial Zone","LABEL":null}},{"type":"Feature","geometry":{"type":"Polygon","coordinates":[[[-75.58419018934653,45.453068243735395],[-75.58426927792247,45.4531079218793],[-75.58525534423678,45.45360211959715],[-75.58592725172997,45.45308240473678],[-75.5861649145131,45.452976110807505],[-75.58675939082204,45.45280537099474],[-75.58646610076325,45.45228184949176],[-75.58594650172819,45.45241942823615],[-75.58574485420141,45.45204961023902],[-75.58540259787479,45.45218326168799],[-75.58535544800047,45.45224993888834],[-75.58530926201847,45.45231755307347],[-75.5852390820352,45.452404817757454],[-75.58516536987625,45.45248175699364],[-75.58510634337556,45.452535492711114],[-75.58503599450903,45.45259260607487],[-75.58495366031998,45.4526518789624],[-75.58485772653584,45.452712219289005],[-75.58480757449185,45.45274058557854],[-75.58474592131726,45.45277316829081],[-75.58467435882679,45.45281060010411],[-75.58457339717202,45.45286341231737],[-75.58448191364178,45.452911269502884],[-75.58437326600144,45.45296810206345],[-75.5843154351584,45.452998354301926],[-75.58423260779425,45.453041683025965],[-75.58419018934653,45.453068243735395]]]},"properties":{"ZONE_CODE":"IL2[1332] H(14)","ZONE_MAIN":"IL","ZNAME_EN":"Industrial Zone","LABEL":null}},{"type":"Feature","geometry":{"type":"Polygon","coordinates":[[[-75.52045528767351,45.446431535972366],[-75.51908332128279,45.446977145260355],[-75.51953938157949,45.44773464533416],[-75.52025120032242,45.44891564892328],[-75.52044209950682,45.44923240091811],[-75.52044595238108,45.449238779852536],[-75.52047944786308,45.44929433868984],[-75.5205410498337,45.449380780594545],[-75.5214268515859,45.449020944064095],[-75.52190659057517,45.448829092237816],[-75.52182026606964,45.44868930340813],[-75.52181369758827,45.448678433526965],[-75.52180157392519,45.448658381464455],[-75.52176964959664,45.44860557665743],[-75.52115497466855,45.4475888950308],[-75.52090634525241,45.44717764696246],[-75.52090484506587,45.44717515567137],[-75.52047072881494,45.44645707881246],[-75.52045528767351,45.446431535972366]]]},"properties":{"ZONE_CODE":"IL2[2987] H(14)","ZONE_MAIN":"IL","ZNAME_EN":"Industrial Zone","LABEL":null}},{"type":"Feature","geometry":{"type":"Polygon","coordinates":[[[-75.75457639902855,45.37043740017622],[-75.75404076955726,45.36946400856184],[-75.75274776508002,45.369823637888395],[-75.7525074881994,45.36955222430091],[-75.75236903176298,45.369395803492715],[-75.75178324036621,45.36918728760202],[-75.75177861134755,45.36919464242591],[-75.75177417367003,45.369202055940974],[-75.75176993272358,45.3692095262539],[-75.75176588760985,45.36921704957815],[-75.75176203832886,45.369224624651444],[-75.75175838847385,45.36923224768714],[-75.75175493894317,45.36923991742312],[-75.7517516906351,45.36924763133492],[-75.75174864265134,45.36925538500485],[-75.75174580038178,45.36926317717067],[-75.75174316023316,45.3692710046769],[-75.75174072579874,45.36927886563021],[-75.75173849707852,45.36928675687511],[-75.75173647586914,45.3692946752561],[-75.75173466037396,45.36930261887987],[-75.7517330532879,45.36931058522204],[-75.75173165550932,45.36931857049605],[-75.75173046613989,45.36932657217741],[-75.7517294851796,45.36933458900398],[-75.7517287162217,45.369342615926946],[-75.75172296880052,45.369409811937345],[-75.75170869367234,45.369576590228434],[-75.7516499222932,45.37022188810705],[-75.75155963172568,45.371284280552096],[-75.75154676246093,45.371468408464274],[-75.75154526047776,45.37148120031771],[-75.75154295450243,45.3714939322163],[-75.75153984543323,45.371506579548296],[-75.75153594404995,45.37151911707079],[-75.75153125304753,45.37153151954099],[-75.75152578590071,45.371543763609296],[-75.75151955069433,45.37155582403291],[-75.75151256180142,45.37156767620015],[-75.75150483090007,45.371579297392536],[-75.75149637505832,45.37159066615379],[-75.75148721044579,45.37160175787221],[-75.7514773550288,45.37161255109165],[-75.75146682767198,45.37162302561787],[-75.75145565083322,45.37163315873247],[-75.75144384517375,45.371642932134684],[-75.75143143584643,45.37165232563031],[-75.75141844441077,45.37166132091849],[-75.75140489871461,45.37166990032951],[-75.75139082570738,45.37167804682454],[-75.75137625323684,45.37168574399598],[-75.75083216792375,45.37195996821839],[-75.75074673095372,45.372003030373435],[-75.75074285202832,45.37200498478878],[-75.75055299309302,45.37410883620832],[-75.75082035867104,45.373863308525685],[-75.75142486287349,45.37331063716582],[-75.75158841644232,45.3731613097065],[-75.75208926673909,45.37270401557423],[-75.75226524670325,45.372543337508596],[-75.7524866886073,45.37234114890566],[-75.75275365533334,45.372097390000086],[-75.75375930941244,45.3711760623924],[-75.75457639902855,45.37043740017622]]]},"properties":{"ZONE_CODE":"IL[260] H(22)","ZONE_MAIN":"IL","ZNAME_EN":"Industrial Zone","LABEL":null}},{"type":"Feature","geometry":{"type":"Polygon","coordinates":[[[-75.62098556965964,45.438472784570465],[-75.61868294324468,45.43452195269269],[-75.61807860792551,45.433484940250885],[-75.6179470586353,45.433501231812535],[-75.61740581469347,45.43257375575597],[-75.61706999659248,45.43199828582668],[-75.61538313206712,45.432671473222875],[-75.61318016205485,45.43355056538607],[-75.60985096698434,45.43487894294578],[-75.60979472076946,45.43490138394708],[-75.61011417246428,45.43570123781139],[-75.61043848314647,45.43651322523707],[-75.61032590627504,45.43653551430521],[-75.6104509697289,45.43684863696124],[-75.61089196707493,45.437952737423025],[-75.61151655042062,45.439112017671526],[-75.61293881168746,45.441752360698224],[-75.61575522054602,45.440604632657084],[-75.61871601382356,45.43939794244841],[-75.62070077856175,45.438588966619186],[-75.62098556965964,45.438472784570465]]]},"properties":{"ZONE_CODE":"IL[249] H(32)","ZONE_MAIN":"IL","ZNAME_EN":"Industrial Zone","LABEL":null}},{"type":"Feature","geometry":{"type":"Polygon","coordinates":[[[-75.92510575704776,45.34489554174586],[-75.92511824991841,45.344887545448174],[-75.9257730427088,45.345379687211434],[-75.92615723239288,45.345668435881585],[-75.9264333089342,45.34587592600283],[-75.92976495101553,45.34373231069658],[-75.9301962528447,45.34345478703012],[-75.93021024051198,45.34342155971355],[-75.93022891379181,45.34337720103238],[-75.93024139318771,45.34334755489717],[-75.93025297247173,45.34332004914928],[-75.93026385286646,45.34329420141174],[-75.93027496951808,45.343267796146954],[-75.93028533248321,45.343238059665914],[-75.93029363740801,45.34321423296539],[-75.93030222530214,45.34318959492034],[-75.93031064431297,45.34316544113989],[-75.93032041798325,45.343137399885414],[-75.93033152026186,45.34310554818059],[-75.93034093101278,45.34307854616432],[-75.93035197939246,45.3430282893959],[-75.93035879041894,45.342997307054944],[-75.93036349220115,45.34297591047744],[-75.9303708494033,45.3429424473708],[-75.9303756086777,45.34292079127057],[-75.9303787069671,45.342906701131355],[-75.9303832677138,45.34288595043377],[-75.93038586384498,45.34286165193496],[-75.9303887636067,45.342834520998245],[-75.93039222391718,45.342802135595896],[-75.93039479220057,45.342778100352106],[-75.9303998829533,45.34273046423286],[-75.93040005632815,45.34270794304168],[-75.9304003060598,45.34267551400077],[-75.93040051446894,45.34264848904913],[-75.93040068155558,45.34262686440627],[-75.93040090343948,45.342598040586225],[-75.93040108400083,45.34257453247109],[-75.93039863699,45.342551046445045],[-75.93039639659168,45.34252955435807],[-75.9303932237421,45.34249910716837],[-75.93039020630107,45.34247016205508],[-75.93038818419335,45.34245076364977],[-75.93036506694783,45.34229671394847],[-75.9303138845362,45.34209825363271],[-75.93021712699694,45.34189956531616],[-75.93010882700462,45.341695706355345],[-75.93010522206538,45.34169791185426],[-75.93010531010027,45.341689087332426],[-75.92982733901201,45.341330273632536],[-75.92973597405941,45.34126056346065],[-75.92961000510375,45.341345528482805],[-75.92961664545034,45.341351613373696],[-75.92954548720174,45.341397530695836],[-75.92932438396254,45.34154020552024],[-75.9286927218924,45.34194776660839],[-75.92860395396929,45.34200504110602],[-75.92856401397344,45.34197434296748],[-75.92854694508473,45.34198538745488],[-75.92848395970859,45.34202614066024],[-75.9283240290453,45.34212961530602],[-75.92819023666182,45.342216177727735],[-75.92763540749795,45.34257513797944],[-75.92737958257639,45.34274064608896],[-75.92687183770981,45.34306913529627],[-75.9263358605905,45.343415881657805],[-75.92682842842035,45.343794515745024],[-75.92584425844957,45.34442354168919],[-75.92574971795244,45.34448396802818],[-75.92535462451742,45.34473648434502],[-75.92519142578314,45.3448407830263],[-75.9251079228859,45.34489133745496],[-75.92510575704776,45.34489554174586]]]},"properties":{"ZONE_CODE":"IG6 H(44) S183","ZONE_MAIN":"IG","ZNAME_EN":"Transportation Zones","LABEL":null}},{"type":"Feature","geometry":{"type":"Polygon","coordinates":[[[-75.86731163353755,45.28150518033129],[-75.8674141627525,45.28129852513974],[-75.86798731754817,45.28049920366499],[-75.86741894268812,45.280309922219395],[-75.8673068643817,45.280277913824776],[-75.86670009642474,45.28010109649526],[-75.86631992670155,45.2800417392391],[-75.86586245784648,45.28001955784143],[-75.86564137167527,45.28137652990541],[-75.8664764114274,45.28199726159964],[-75.86676783568537,45.2818818333431],[-75.86677209010655,45.28188014823884],[-75.86731163353755,45.28150518033129]]]},"properties":{"ZONE_CODE":"IP5 H(21.5)","ZONE_MAIN":"IP","ZNAME_EN":"Industrial Zone","LABEL":null}},{"type":"Feature","geometry":{"type":"Polygon","coordinates":[[[-75.91057720963458,45.34373292882023],[-75.9098050546473,45.34478361304818],[-75.90964894541722,45.34499603171901],[-75.90986022198551,45.345632978001525],[-75.91004154692561,45.34581962582064],[-75.91045334453331,45.3459762810192],[-75.911015732122,45.34524092706069],[-75.91105274630496,45.34519252842911],[-75.9117165824353,45.34432450286474],[-75.91321549694534,45.34354806914777],[-75.91234399637246,45.342858481713776],[-75.91057720963458,45.34373292882023]]]},"properties":{"ZONE_CODE":"IP6[1549] H(34)","ZONE_MAIN":"IP","ZNAME_EN":"Industrial Zone","LABEL":null}},{"type":"Feature","geometry":{"type":"Polygon","coordinates":[[[-75.36917727535064,45.38174389382955],[-75.37502167506327,45.38012977713127],[-75.37445642184882,45.37913067805731],[-75.3822068624397,45.37698871422457],[-75.38229580283937,45.37696496798894],[-75.38241548179138,45.3769320108577],[-75.3820183599605,45.37621570010111],[-75.38162241492259,45.37550149295333],[-75.38099932188197,45.374377522026855],[-75.37952945439663,45.37172591921288],[-75.37499576765046,45.37295050118561],[-75.37439235130782,45.373126007883265],[-75.3735862112567,45.373359773431844],[-75.3730921836645,45.37356987049609],[-75.37267898378664,45.37378744595388],[-75.37226605250504,45.374019588245446],[-75.37180569107474,45.37437142995869],[-75.3712478947755,45.374785897971016],[-75.37076520122724,45.37511086997168],[-75.37036619023928,45.37531362038603],[-75.36958882053176,45.375642361631684],[-75.36621444020246,45.376539277541646],[-75.36627828167309,45.37665746431657],[-75.36658332978062,45.37722217669709],[-75.36732041094598,45.378431251570674],[-75.36766034333094,45.37919033981082],[-75.36913969522905,45.38168063640979],[-75.36917727535064,45.38174389382955]]]},"properties":{"ZONE_CODE":"RH","ZONE_MAIN":"RH","ZNAME_EN":"Rural Industrial Zone","LABEL":null}},{"type":"Feature","geometry":{"type":"Polygon","coordinates":[[[-75.92324128301432,45.349769781159324],[-75.92281951500526,45.349740222336784],[-75.92279146600885,45.34973756134126],[-75.9223095198589,45.34969265078838],[-75.92131606400305,45.34949864067923],[-75.9209501083226,45.34948067777543],[-75.92090787492783,45.34947857422198],[-75.92061427405196,45.349486083755885],[-75.92014128141045,45.349564671489404],[-75.91982598711876,45.34967885842198],[-75.91972656966796,45.349714862381305],[-75.92130406251086,45.350997958968364],[-75.92144593344368,45.35090870736817],[-75.92157046150162,45.35083036518394],[-75.92162854387294,45.35079382785113],[-75.92168662714258,45.3507572904947],[-75.92174470951392,45.35072074427645],[-75.92180356353808,45.350683724555736],[-75.92181499460006,45.35067652957069],[-75.92182642656036,45.35066934342302],[-75.92188499671688,45.3506325111665],[-75.92194307908821,45.35059596486764],[-75.92200116145953,45.350559426752206],[-75.92205924383086,45.35052288040619],[-75.92211732620218,45.35048634287484],[-75.92218807302238,45.35044183316526],[-75.92225862760311,45.35039744841968],[-75.92231670907613,45.35036091080741],[-75.92237480402386,45.35032436433316],[-75.92243287292045,45.35028782604239],[-75.92249095529178,45.35025127952101],[-75.92254970421305,45.35021432199294],[-75.92256112269864,45.350207135786576],[-75.92257255465893,45.350199949579306],[-75.92263149671798,45.3501628670182],[-75.92268957819101,45.35012632862316],[-75.922747659664,45.35008979083583],[-75.92280574113701,45.350053243555244],[-75.92286382261003,45.35001670572073],[-75.92302324213193,45.349916410897855],[-75.92313877535892,45.349843726443595],[-75.92314243689204,45.349841415201176],[-75.9231419122759,45.34984143477193],[-75.92324128301432,45.349769781159324]]]},"properties":{"ZONE_CODE":"IP6[1552] H(44)","ZONE_MAIN":"IP","ZNAME_EN":"Industrial Zone","LABEL":null}},{"type":"Feature","geometry":{"type":"Polygon","coordinates":[[[-75.52425727146793,45.44788299933023],[-75.52416571337756,45.44775112121802],[-75.52412887526438,45.447690581475264],[-75.52387753203779,45.44727753169958],[-75.52344549179347,45.44745110220101],[-75.52353754844881,45.44760216123059],[-75.523716232342,45.44753109217682],[-75.5238778805841,45.447796854485105],[-75.52391254477428,45.44785384156164],[-75.52394625495364,45.4479092618543],[-75.52399336979366,45.447989006025246],[-75.52425727146793,45.44788299933023]]]},"properties":{"ZONE_CODE":"IL2 H(14)","ZONE_MAIN":"IL","ZNAME_EN":"Industrial Zone","LABEL":null}},{"type":"Feature","geometry":{"type":"Polygon","coordinates":[[[-75.74496209076706,45.37676473493169],[-75.7445399041431,45.376947336882104],[-75.74451165033076,45.37695940246353],[-75.74467384924016,45.377242061681784],[-75.74469553457112,45.37723591628649],[-75.74490135297576,45.37759740813908],[-75.74493030477905,45.37764825511912],[-75.7449519775336,45.37764211670903],[-75.74503651888331,45.37761815115819],[-75.74538781854989,45.377518574122526],[-75.74527893195766,45.377327887020485],[-75.74555121132029,45.37725203477544],[-75.74572575218336,45.377203413008836],[-75.74574748243008,45.37719735468859],[-75.7461726460709,45.377078900862564],[-75.74597063562474,45.37672535016949],[-75.74578882828935,45.376407150068545],[-75.7454171242894,45.3765679231672],[-75.74546069707226,45.37664479668195],[-75.74546370732676,45.376650059350915],[-75.74561031597439,45.376906345689065],[-75.74551674296283,45.37693246266253],[-75.74542336758063,45.376958523463806],[-75.74532977031453,45.37698464609228],[-75.74523629611765,45.37701073463401],[-75.74511897524323,45.37704241455301],[-75.74496209076706,45.37676473493169]]]},"properties":{"ZONE_CODE":"IL[277]  H(11)-h","ZONE_MAIN":"IL","ZNAME_EN":"Industrial Zone","LABEL":null}},{"type":"Feature","geometry":{"type":"Polygon","coordinates":[[[-75.41025162870437,45.42594436864602],[-75.41192492507568,45.42893578208511],[-75.41212198400798,45.428882959448046],[-75.41384757400692,45.42842038541545],[-75.41380089484981,45.42833605299302],[-75.41351819233496,45.427825352069206],[-75.41218727356284,45.425420916245606],[-75.41044845676964,45.42589114286381],[-75.41025162870437,45.42594436864602]]]},"properties":{"ZONE_CODE":"RH[35r]","ZONE_MAIN":"RH","ZNAME_EN":"Rural Industrial Zone","LABEL":null}},{"type":"Feature","geometry":{"type":"Polygon","coordinates":[[[-75.63228909423592,45.415314910739745],[-75.63512853500004,45.41593779170405],[-75.63419962219902,45.41432489049618],[-75.63361347057784,45.41307986744037],[-75.63326726166395,45.41246628112861],[-75.63324581528487,45.41242624648075],[-75.63322633801288,45.41238571487868],[-75.6332088541025,45.412344735509436],[-75.63319338421499,45.41230335629899],[-75.63317994541835,45.41226162580407],[-75.63316855478054,45.41221959510396],[-75.63315922577631,45.41217731275562],[-75.63315196918543,45.412134829208064],[-75.63314679399109,45.412092195541035],[-75.63314370468483,45.41204945968135],[-75.63314270755487,45.41200667586214],[-75.63314380080456,45.411963893271775],[-75.63314698712888,45.411921162359974],[-75.63315225934129,45.411878533576626],[-75.63315961115357,45.41183605863306],[-75.63316903627752,45.4117937867182],[-75.63318052034012,45.411751768282365],[-75.63319405345987,45.41171005377611],[-75.63320961767047,45.411668691127524],[-75.63322719410735,45.41162773141804],[-75.63313353306087,45.411601069847976],[-75.63290473036137,45.411545373624925],[-75.63259083205165,45.411485768092824],[-75.6321827543675,45.411477469676996],[-75.6317447250552,45.41149437677569],[-75.63117686492981,45.41162278920967],[-75.63032469250858,45.41185520685666],[-75.63032477156032,45.411855348746705],[-75.63173959028504,45.41436236232349],[-75.63225249956619,45.41525007281214],[-75.63228909423592,45.415314910739745]]]},"properties":{"ZONE_CODE":"IL","ZONE_MAIN":"IL","ZNAME_EN":"Industrial Zone","LABEL":null}},{"type":"Feature","geometry":{"type":"Polygon","coordinates":[[[-75.75126293525531,45.368336474316536],[-75.75101911631754,45.3684433675358],[-75.75090445804962,45.37016076412684],[-75.75088898995874,45.370341437977515],[-75.75074673095372,45.372003030373435],[-75.75083216792375,45.37195996821839],[-75.75137625323684,45.37168574399598],[-75.75139082570738,45.37167804682454],[-75.75140489871461,45.37166990032951],[-75.75141844441077,45.37166132091849],[-75.75143143584643,45.37165232563031],[-75.75144384517375,45.371642932134684],[-75.75145565083322,45.37163315873247],[-75.75146682767198,45.37162302561787],[-75.7514773550288,45.37161255109165],[-75.75148721044579,45.37160175787221],[-75.75149637505832,45.37159066615379],[-75.75150483090007,45.371579297392536],[-75.75151256180142,45.37156767620015],[-75.75151955069433,45.37155582403291],[-75.75152578590071,45.371543763609296],[-75.75153125304753,45.37153151954099],[-75.75153594404995,45.37151911707079],[-75.75153984543323,45.371506579548296],[-75.75154295450243,45.3714939322163],[-75.75154526047776,45.37148120031771],[-75.75154676246093,45.371468408464274],[-75.75155963172568,45.371284280552096],[-75.7516499222932,45.37022188810705],[-75.75170869367234,45.369576590228434],[-75.75172296880052,45.369409811937345],[-75.7517287162217,45.369342615926946],[-75.7517294851796,45.36933458900398],[-75.75173046613989,45.36932657217741],[-75.75173165550932,45.36931857049605],[-75.7517330532879,45.36931058522204],[-75.75173466037396,45.36930261887987],[-75.75173647586914,45.3692946752561],[-75.75173849707852,45.36928675687511],[-75.75174072579874,45.36927886563021],[-75.75174316023316,45.3692710046769],[-75.75174580038178,45.36926317717067],[-75.75174864265134,45.36925538500485],[-75.7517516906351,45.36924763133492],[-75.75175493894317,45.36923991742312],[-75.75175838847385,45.36923224768714],[-75.75176203832886,45.369224624651444],[-75.75176588760985,45.36921704957815],[-75.75176993272358,45.3692095262539],[-75.75177417367003,45.369202055940974],[-75.75177861134755,45.36919464242591],[-75.75178324036621,45.36918728760202],[-75.75178471360326,45.36918501943324],[-75.75178620660327,45.369182758206435],[-75.75178771756957,45.36918050202832],[-75.75178924560386,45.369178252792224],[-75.7517907934011,45.369176009867],[-75.75179235826633,45.36917377199051],[-75.75179394199617,45.3691715416871],[-75.75179554369232,45.3691693170635],[-75.75179716245647,45.369167099381876],[-75.75179880008523,45.369164887380116],[-75.7518004556803,45.369162682951384],[-75.75180212924167,45.369160484833614],[-75.75180381987104,45.36915829365778],[-75.7518055275684,45.36915610942403],[-75.75180725413038,45.36915393213226],[-75.75180899865866,45.36915176115136],[-75.7518107593566,45.36914959774359],[-75.75181253802087,45.36914744190893],[-75.75181433465144,45.369145292385184],[-75.75181614924831,45.36914315043453],[-75.75181988803652,45.36913882235606],[-75.75182369779165,45.36913452520111],[-75.75182757851368,45.36913026023194],[-75.75183152840597,45.36912602618627],[-75.7518355492652,45.369121825588564],[-75.75183963659974,45.36911765717664],[-75.75184379400287,45.36911352347485],[-75.75184801967796,45.36910942385217],[-75.75185231003177,45.36910535830852],[-75.75185666955583,45.36910132873732],[-75.75186109286028,45.3690973351385],[-75.75186558264008,45.369093376880976],[-75.75187013709858,45.36908945648914],[-75.75187475623578,45.36908557396306],[-75.75187943825503,45.36908172930269],[-75.75188418405467,45.369077922508076],[-75.75188899183809,45.36907415484137],[-75.75189385980859,45.369070426933725],[-75.7518987906612,45.36906673941627],[-75.75190378080259,45.36906309228895],[-75.75126293525531,45.368336474316536]]]},"properties":{"ZONE_CODE":"IL[260] H(11)","ZONE_MAIN":"IL","ZNAME_EN":"Industrial Zone","LABEL":null}},{"type":"Feature","geometry":{"type":"Polygon","coordinates":[[[-75.51610678682653,45.45058773119001],[-75.51576981798368,45.4507252075652],[-75.51605101671875,45.45119757520033],[-75.51638857844969,45.45105758175898],[-75.51628771201634,45.45088938146121],[-75.51610678682653,45.45058773119001]]]},"properties":{"ZONE_CODE":"IL2 H(14)-h","ZONE_MAIN":"IL","ZNAME_EN":"Industrial Zone","LABEL":null}},{"type":"Feature","geometry":{"type":"Polygon","coordinates":[[[-75.80425576928612,45.22548440353871],[-75.80393507971282,45.22561447704051],[-75.80370767030034,45.225706714939115],[-75.80354235603356,45.22623739139411],[-75.80348951173865,45.22640627617726],[-75.80453405837798,45.22597521409566],[-75.80447477495912,45.22585412949922],[-75.80425576928612,45.22548440353871]]]},"properties":{"ZONE_CODE":"RG3[80r]","ZONE_MAIN":"RG","ZNAME_EN":"Rural Industrial Zone","LABEL":null}},{"type":"Feature","geometry":{"type":"Polygon","coordinates":[[[-75.52212393885648,45.2397375153374],[-75.51840369636301,45.24131065639615],[-75.51872644667156,45.24149361870934],[-75.52232205510586,45.23997335792626],[-75.52212393885648,45.2397375153374]]]},"properties":{"ZONE_CODE":"RH3","ZONE_MAIN":"RH","ZNAME_EN":"Rural Industrial Zone","LABEL":null}},{"type":"Feature","geometry":{"type":"Polygon","coordinates":[[[-75.62583566730339,45.37597640913165],[-75.6259248349768,45.37613699162453],[-75.62603454622246,45.376102162400834],[-75.6262582024737,45.37600413438028],[-75.62647287377546,45.37591004125371],[-75.62743329408674,45.375486069989726],[-75.62840798593295,45.37501773137474],[-75.6307094598094,45.373911809479225],[-75.64827154966507,45.36673877610009],[-75.64777739720707,45.365877836651535],[-75.64365517479362,45.367566813065864],[-75.64156893097106,45.3684195463968],[-75.64006699991829,45.36903335800023],[-75.63741185122964,45.370118231945504],[-75.63552789363601,45.370887701340195],[-75.63182375973221,45.372407925483316],[-75.6314993592185,45.372540447247914],[-75.6315009636096,45.37254290901798],[-75.62781925974014,45.37501644974542],[-75.62583566730339,45.37597640913165]]]},"properties":{"ZONE_CODE":"IH[1828]","ZONE_MAIN":"IH","ZNAME_EN":"Industrial Zone","LABEL":null}},{"type":"Feature","geometry":{"type":"Polygon","coordinates":[[[-75.92176872058313,45.30155477826098],[-75.92031535604791,45.299991423771445],[-75.91838367545479,45.29961684476066],[-75.9181891803143,45.299492184634495],[-75.9171237164036,45.300045429069044],[-75.91755442983623,45.30056044982623],[-75.91691205535635,45.300860661502874],[-75.91887084530809,45.30261887298263],[-75.9211726695275,45.30177365673271],[-75.92176872058313,45.30155477826098]]]},"properties":{"ZONE_CODE":"IL6[1414] H(30)-h","ZONE_MAIN":"IL","ZNAME_EN":"Industrial Zone","LABEL":null}},{"type":"Feature","geometry":{"type":"Polygon","coordinates":[[[-75.49453323773027,45.45240533323612],[-75.49373925008831,45.45263138467493],[-75.49304353274853,45.45283133757008],[-75.49314643027274,45.45300649600603],[-75.49326658712852,45.45320680424212],[-75.49333991211357,45.45332903131434],[-75.4937954091666,45.45408604215828],[-75.49739375297096,45.45307556432828],[-75.50126095804828,45.45198941792463],[-75.50116015359868,45.451826156574626],[-75.50100486363213,45.45157463953935],[-75.50084957546223,45.45132312579373],[-75.50169805131607,45.45108083178425],[-75.50181744909544,45.45104673565103],[-75.50171479501465,45.45088104724457],[-75.50159569098439,45.450915033825595],[-75.50075426690553,45.451155131727695],[-75.50074711272259,45.45115717478253],[-75.50061346766283,45.450940731551746],[-75.50048259660066,45.45072338064931],[-75.49720713066563,45.451661374132954],[-75.49719797773119,45.45164661221513],[-75.49453323773027,45.45240533323612]]]},"properties":{"ZONE_CODE":"IG7[296] H(21)-h","ZONE_MAIN":"IG","ZNAME_EN":"Transportation Zones","LABEL":null}},{"type":"Feature","geometry":{"type":"Polygon","coordinates":[[[-75.71721394012437,45.335952549586146],[-75.71714023335531,45.33587644673476],[-75.71672226971148,45.335398114825466],[-75.71639133215746,45.33554210939293],[-75.71680919878321,45.33602033021035],[-75.71687971832965,45.336097193787126],[-75.71721394012437,45.335952549586146]]]},"properties":{"ZONE_CODE":"IH1[1534] H(22)","ZONE_MAIN":"IH","ZNAME_EN":"Industrial Zone","LABEL":null}},{"type":"Feature","geometry":{"type":"Polygon","coordinates":[[[-75.51655215447641,45.26569402855419],[-75.51728387000456,45.26704881740489],[-75.5192427875171,45.266213535973996],[-75.5208470654268,45.265529430882985],[-75.52245130470895,45.26484530300569],[-75.5228690347908,45.26466715662218],[-75.52250188524933,45.26456429289056],[-75.52094736232827,45.26413041328748],[-75.51939286366172,45.26369651266462],[-75.51663657096029,45.26292501283391],[-75.51654656156545,45.26295143404815],[-75.51671813619146,45.26324287085302],[-75.51687690712973,45.26351256280213],[-75.5170356798646,45.26378225473464],[-75.5168108261591,45.26400463823989],[-75.51687239309541,45.264101225175516],[-75.51711398960119,45.26448025406163],[-75.51678038405075,45.2646206656098],[-75.51694759555942,45.26492365537136],[-75.51721605798039,45.2654016685942],[-75.51655215447641,45.26569402855419]]]},"properties":{"ZONE_CODE":"RG1[45r]","ZONE_MAIN":"RG","ZNAME_EN":"Rural Industrial Zone","LABEL":null}},{"type":"Feature","geometry":{"type":"Polygon","coordinates":[[[-75.90841822922346,45.354718670990884],[-75.90850502803946,45.35466384349765],[-75.90851203579699,45.35466935882241],[-75.9085120654414,45.3546693398846],[-75.90915713486716,45.354261869122396],[-75.90939378884222,45.354112379639986],[-75.90944315126708,45.35405335236779],[-75.91023371273455,45.35310798281758],[-75.9103437356956,45.35297641105408],[-75.91039803615959,45.35291147570778],[-75.91046817661697,45.352827608797746],[-75.91046836166993,45.35282738911187],[-75.91055467180242,45.35272418779538],[-75.91049661817719,45.35270630040661],[-75.90938468801009,45.3523445497181],[-75.90845981313628,45.352078291340504],[-75.90791555265172,45.351921601894716],[-75.90638360080048,45.35146864224537],[-75.90487272252749,45.3510157717722],[-75.90411111286329,45.35080344197745],[-75.9039936401736,45.35077069118968],[-75.9043958572488,45.35148576110658],[-75.9049667923074,45.352042266789454],[-75.90603032484026,45.35285769249613],[-75.90605566002621,45.35287582161755],[-75.90608090178739,45.35290294837309],[-75.90708639596637,45.35367780753491],[-75.90772682020378,45.3541713184733],[-75.90775215718637,45.354189447173916],[-75.90777739984584,45.35421657393108],[-75.90841822922346,45.354718670990884]]]},"properties":{"ZONE_CODE":"IP8 H(15)","ZONE_MAIN":"IP","ZNAME_EN":"Industrial Zone","LABEL":null}},{"type":"Feature","geometry":{"type":"Polygon","coordinates":[[[-75.59763497237002,45.374631451641115],[-75.59738971433116,45.37472872290389],[-75.5967811838796,45.37497003909342],[-75.59678262926886,45.37497260992665],[-75.59746981081682,45.37619475274795],[-75.59807430334118,45.37602591853978],[-75.59819332292982,45.37599267437694],[-75.59832808908705,45.375955002935974],[-75.59837216941804,45.37594268346889],[-75.5978140623017,45.374949999968386],[-75.59763497237002,45.374631451641115]]]},"properties":{"ZONE_CODE":"IL[2727]","ZONE_MAIN":"IL","ZNAME_EN":"Industrial Zone","LABEL":null}},{"type":"Feature","geometry":{"type":"Polygon","coordinates":[[[-75.61548516541205,45.38566404686143],[-75.61483360206512,45.38486288533174],[-75.61459857224406,45.38495779511645],[-75.61435875260594,45.3850546378858],[-75.61410120381733,45.385158638913424],[-75.61394046736523,45.38522354545147],[-75.61384852659253,45.385260672543275],[-75.61362156094778,45.385352321705284],[-75.61342865672367,45.385430216719975],[-75.61321454776729,45.38551667316469],[-75.61304734524177,45.385584190021056],[-75.61277529135629,45.38587141746327],[-75.61302153035545,45.385974162105576],[-75.6150343162423,45.38681398345389],[-75.61557552065827,45.38653308183985],[-75.61505301018337,45.38631521978058],[-75.6150906927129,45.38627034267627],[-75.6145143866272,45.386030050731456],[-75.61486907384074,45.38578235715016],[-75.61490619222829,45.3857581635043],[-75.61491245797738,45.385754032280616],[-75.61491907496776,45.38575018181337],[-75.61492601804659,45.38574662787539],[-75.61493326026442,45.385743383085],[-75.61494077287513,45.38574046132239],[-75.61494852713268,45.38573787205135],[-75.61495649518925,45.3857356266283],[-75.6149646456038,45.38573373262437],[-75.61497294513872,45.385732197610395],[-75.61498136504787,45.3857310285266],[-75.6149898711953,45.385730228527514],[-75.61499843124164,45.38572980076775],[-75.61500701194923,45.38572974777101],[-75.61501558097873,45.38573006890627],[-75.61502410599078,45.3857307635427],[-75.6150325528494,45.38573182915658],[-75.61504089101187,45.3857332607006],[-75.61504908634221,45.385735052496536],[-75.615057109196,45.38573719949701],[-75.61506492723393,45.385739692869166],[-75.61536697676506,45.38584411913357],[-75.61542391198775,45.38586304336072],[-75.61562817361202,45.38590457379948],[-75.61583243523626,45.38594610357686],[-75.61606963718366,45.386018477934314],[-75.6162111038746,45.38578025431535],[-75.61548516541205,45.38566404686143]]]},"properties":{"ZONE_CODE":"IL[414]","ZONE_MAIN":"IL","ZNAME_EN":"Industrial Zone","LABEL":null}},{"type":"Feature","geometry":{"type":"Polygon","coordinates":[[[-75.64683105080134,45.421557818459874],[-75.6468139217255,45.42144002884301],[-75.64665254477458,45.42033200185878],[-75.64661343572038,45.42006346447337],[-75.64657072442189,45.41977019690022],[-75.64656955122213,45.419762138043616],[-75.64656754618241,45.41974837158951],[-75.64652742293025,45.419472869034756],[-75.64652738879425,45.419472871556906],[-75.6458778215039,45.41951997709457],[-75.64544814832036,45.419551137587575],[-75.64475307058105,45.41960002558514],[-75.64420145558927,45.419638792815284],[-75.64449875303254,45.42172470521073],[-75.64394695298782,45.42176429379998],[-75.64408704435805,45.42274664597809],[-75.64409057024554,45.42277133953792],[-75.64409746391702,45.422819608118225],[-75.64410665547902,45.422883968262745],[-75.64411358238817,45.42293247003127],[-75.64412690350552,45.42302574404947],[-75.64413569621551,45.423087304552254],[-75.64414701858136,45.42316658886782],[-75.64415204645199,45.423211531245755],[-75.6441530328022,45.423231942277575],[-75.64415279295201,45.423267324408286],[-75.6441504896716,45.423298900220644],[-75.64414489945561,45.4233379341321],[-75.64413799410602,45.423369516840374],[-75.64412851777809,45.42340353827989],[-75.64411905402658,45.423430558072404],[-75.64411301644954,45.42344588662096],[-75.64410001153917,45.42347544664831],[-75.64408088550846,45.42351214950776],[-75.64407075700363,45.42352930772226],[-75.64405230740434,45.423558084635154],[-75.64403212136158,45.42358576510872],[-75.64400637474722,45.423617850179774],[-75.64396451505161,45.423662839485274],[-75.64392518950342,45.423699284352416],[-75.64388982283069,45.42372853341558],[-75.64378741937986,45.423797893563666],[-75.64369199673713,45.423847798014506],[-75.64357684888736,45.42389397119331],[-75.64348694818868,45.42392099642545],[-75.64341998956405,45.42393850443627],[-75.6443277811761,45.423801833489875],[-75.644402424888,45.423790593760415],[-75.64539960515903,45.423640454542436],[-75.64526658263175,45.42278401890277],[-75.64526272346929,45.42275695529633],[-75.64512598281506,45.421798230457284],[-75.64511016617786,45.421681356846435],[-75.64683105080134,45.421557818459874]]]},"properties":{"ZONE_CODE":"IL H(11)","ZONE_MAIN":"IL","ZNAME_EN":"Industrial Zone","LABEL":null}},{"type":"Feature","geometry":{"type":"Polygon","coordinates":[[[-75.6259248349768,45.37613699162453],[-75.62597446689625,45.376226375070196],[-75.62598745024705,45.376247878340216],[-75.62704060095018,45.3758016274932],[-75.62774611082486,45.37550801462994],[-75.62809958441443,45.375362034275696],[-75.62840708941428,45.375235036229085],[-75.62864043758913,45.37514181138523],[-75.62914253564583,45.37494121470675],[-75.62937212347289,45.37484948998099],[-75.62963600807916,45.37475335289878],[-75.62980882687184,45.37469039244902],[-75.6301259950492,45.374579352492084],[-75.63045472993417,45.37446583801008],[-75.63085031025605,45.37432891924398],[-75.6313493378711,45.374154846854545],[-75.63172706597334,45.374022195091385],[-75.6321305433849,45.37387867703084],[-75.6325165979715,45.37374027388061],[-75.63297320893548,45.37357461662151],[-75.63318507120535,45.373496503967026],[-75.63341588433445,45.37341140420206],[-75.63369154944736,45.37329895827233],[-75.63436039638037,45.37302612444781],[-75.63478582951578,45.372852580030006],[-75.63519108199833,45.372687265991345],[-75.63548865791935,45.37256587333275],[-75.63582585403596,45.3724283182731],[-75.63625555237235,45.37225302586544],[-75.63678769368539,45.3720359367366],[-75.63720285997545,45.37186656758709],[-75.63753667573164,45.37173038403562],[-75.63790154714553,45.37158152507672],[-75.63856480206589,45.37131092959399],[-75.63927723345984,45.371020263900576],[-75.63984965792518,45.37078671397771],[-75.64012845905675,45.37067296027599],[-75.64044040892064,45.37054568222656],[-75.64082766814805,45.3703876731997],[-75.6411697546931,45.370248095257644],[-75.6415763214109,45.37008220373295],[-75.6419880426618,45.369914207665666],[-75.64227706123143,45.369796277536246],[-75.64319273286516,45.369422639597744],[-75.64358655608234,45.36926193643224],[-75.64397296909675,45.36910425577748],[-75.6444786972455,45.36889788203424],[-75.64484562849634,45.36874814406629],[-75.64515299605395,45.36862271082311],[-75.64560744028147,45.368437255264126],[-75.64600077571347,45.36827673610721],[-75.64627603029629,45.36816440366625],[-75.64676166133552,45.36796270682341],[-75.64722083878627,45.36775181328951],[-75.64762190871285,45.36756760637968],[-75.64792982424278,45.367426181137276],[-75.64808189015577,45.36735548889488],[-75.64825792042558,45.36727454906883],[-75.64851365282065,45.367154153955816],[-75.64850136296927,45.36713916103404],[-75.64827154966507,45.36673877610009],[-75.6307094598094,45.373911809479225],[-75.62840798593295,45.37501773137474],[-75.62743329408674,45.375486069989726],[-75.62647287377546,45.37591004125371],[-75.6262582024737,45.37600413438028],[-75.62603454622246,45.376102162400834],[-75.6259248349768,45.37613699162453]]]},"properties":{"ZONE_CODE":"IH","ZONE_MAIN":"IH","ZNAME_EN":"Industrial Zone","LABEL":null}},{"type":"Feature","geometry":{"type":"Polygon","coordinates":[[[-75.58540259787479,45.45218326168799],[-75.58535686733862,45.452201118869354],[-75.58520262660434,45.451916530672236],[-75.58522024077044,45.45164755874249],[-75.58654352476096,45.45122908056148],[-75.5861979689223,45.4505946727306],[-75.58513423067525,45.450924287478685],[-75.58364890677713,45.451384514902664],[-75.58361367934327,45.45143778785284],[-75.58294772229056,45.45244488959357],[-75.58419018934653,45.453068243735395],[-75.58423260779425,45.453041683025965],[-75.5843154351584,45.452998354301926],[-75.58437326600144,45.45296810206345],[-75.58448191364178,45.452911269502884],[-75.58457339717202,45.45286341231737],[-75.58467435882679,45.45281060010411],[-75.58474592131726,45.45277316829081],[-75.58480757449185,45.45274058557854],[-75.58485772653584,45.452712219289005],[-75.58495366031998,45.4526518789624],[-75.58503599450903,45.45259260607487],[-75.58510634337556,45.452535492711114],[-75.58516536987625,45.45248175699364],[-75.5852390820352,45.452404817757454],[-75.58530926201847,45.45231755307347],[-75.58535544800047,45.45224993888834],[-75.58540259787479,45.45218326168799]]]},"properties":{"ZONE_CODE":"IL2[1] H(14)","ZONE_MAIN":"IL","ZNAME_EN":"Industrial Zone","LABEL":null}},{"type":"Feature","geometry":{"type":"Polygon","coordinates":[[[-75.93026073301746,45.34389254970695],[-75.93025986614322,45.34389310911036],[-75.93011456993422,45.344011968328225],[-75.9301697696118,45.3442090966745],[-75.9303241819243,45.34447809940396],[-75.93056605870444,45.344715351706824],[-75.93084012481616,45.3449748436173],[-75.93109770324915,45.345084408096646],[-75.93110174297298,45.34508829542675],[-75.93199480221438,45.34451407825953],[-75.93194081616075,45.34447173641297],[-75.9317605000287,45.344351343917346],[-75.93171879843659,45.34431860012971],[-75.93114197671792,45.34386566929121],[-75.93107799331351,45.34386718018633],[-75.9310140000276,45.34386595341271],[-75.9304821785148,45.34384437090605],[-75.93034875623721,45.34383578980063],[-75.93026073301746,45.34389254970695]]]},"properties":{"ZONE_CODE":"IG6[2418] H(44) S183","ZONE_MAIN":"IG","ZNAME_EN":"Transportation Zones","LABEL":null}},{"type":"Feature","geometry":{"type":"Polygon","coordinates":[[[-75.66918727685183,45.341470671769656],[-75.66954771687642,45.34207958310543],[-75.66994345889506,45.34191849351519],[-75.66947855917594,45.34135141826828],[-75.66918727685183,45.341470671769656]]]},"properties":{"ZONE_CODE":"IL2 H(14)","ZONE_MAIN":"IL","ZNAME_EN":"Industrial Zone","LABEL":null}},{"type":"Feature","geometry":{"type":"Polygon","coordinates":[[[-75.74363020900095,45.3773357903935],[-75.74362374113092,45.37733855294554],[-75.74314074215548,45.377548558876505],[-75.74274161708146,45.37772209393163],[-75.74313423655617,45.37838125209152],[-75.74401094196783,45.377992376681824],[-75.74363020900095,45.3773357903935]]]},"properties":{"ZONE_CODE":"IL[277]  H(11)-h","ZONE_MAIN":"IL","ZNAME_EN":"Industrial Zone","LABEL":null}},{"type":"Feature","geometry":{"type":"Polygon","coordinates":[[[-75.78965264912794,45.345899340568735],[-75.78962174798049,45.34633485629548],[-75.78960659609658,45.34654846113668],[-75.7895513425201,45.347327327934025],[-75.78965031081324,45.34732794349305],[-75.78982258253193,45.34733837705921],[-75.79000353826444,45.34736134402995],[-75.79016666243858,45.34739668213515],[-75.79032604872282,45.34744314950337],[-75.79039832357729,45.34642357719562],[-75.79043354292634,45.34592676046147],[-75.78965264912794,45.345899340568735]]]},"properties":{"ZONE_CODE":"IL3[251]","ZONE_MAIN":"IL","ZNAME_EN":"Industrial Zone","LABEL":null}},{"type":"Feature","geometry":{"type":"Polygon","coordinates":[[[-75.90800405108025,45.30254654356685],[-75.90816138471406,45.30268250439297],[-75.90894472193001,45.30332095016469],[-75.90900292287894,45.30336838502246],[-75.90926144544132,45.30357908503153],[-75.9098304751732,45.30404097196762],[-75.91019726898179,45.30433082671295],[-75.91127215801649,45.30519414164689],[-75.91155047765108,45.30541766503404],[-75.91174781146785,45.3055833670296],[-75.91272441852223,45.305106291234154],[-75.91274302891999,45.30509805238808],[-75.9100780454756,45.30292921349001],[-75.91002793205917,45.302888423937475],[-75.90991290009208,45.30279480442046],[-75.9111659484038,45.30200492868856],[-75.91122300310244,45.3019689651602],[-75.91128251110013,45.30193144789308],[-75.91173321653942,45.3016473218864],[-75.91180928677599,45.30159936557412],[-75.91226775455766,45.30131034607731],[-75.91232480745967,45.30127437073493],[-75.9124588199304,45.301197373972954],[-75.91149338971476,45.30040091026884],[-75.91138630873627,45.30046676075102],[-75.91041405940932,45.301064635854104],[-75.91037465301275,45.301088861929834],[-75.90961208035458,45.30155778019393],[-75.90954411651514,45.30159957029427],[-75.90952009286949,45.301614348055985],[-75.90944799677973,45.30165867184012],[-75.90800405108025,45.30254654356685]]]},"properties":{"ZONE_CODE":"IL6[1612] H(30)-h","ZONE_MAIN":"IL","ZNAME_EN":"Industrial Zone","LABEL":null}},{"type":"Feature","geometry":{"type":"Polygon","coordinates":[[[-75.60278971747269,45.41144168160168],[-75.60290565763654,45.411721130686985],[-75.60404585778564,45.41208990197676],[-75.60545446735512,45.41234288969347],[-75.60857935319065,45.41264559387775],[-75.60869503463967,45.41283131370198],[-75.61043473357846,45.41331100968092],[-75.6127442878009,45.412379099710805],[-75.6120855271519,45.41128542650027],[-75.61147890202707,45.4112540936986],[-75.61127817078189,45.41124488651194],[-75.61049770188663,45.41121514287438],[-75.61037549507537,45.41121140450196],[-75.61032518492787,45.41120986450431],[-75.60968400700395,45.41119436047186],[-75.60957362561508,45.411192398582415],[-75.6087924497457,45.411183994177634],[-75.60801118494311,45.411185189221364],[-75.60723006926085,45.41119598182116],[-75.60644933805753,45.41121636944896],[-75.60566923208164,45.41124634641869],[-75.60488998579348,45.41128590199442],[-75.6041118372466,45.41133502606597],[-75.60333502269792,45.411393701581396],[-75.60278971747269,45.41144168160168]]]},"properties":{"ZONE_CODE":"IL2 H(14)","ZONE_MAIN":"IL","ZNAME_EN":"Industrial Zone","LABEL":null}},{"type":"Feature","geometry":{"type":"Polygon","coordinates":[[[-75.62818896409026,45.31400200718017],[-75.62807970739215,45.31404682728148],[-75.62807822696857,45.314044260628854],[-75.62764040965864,45.31422344782595],[-75.6272025842639,45.31440262940282],[-75.62676546225002,45.314581321471344],[-75.62632833215129,45.314760015503296],[-75.62589131793524,45.31494000143755],[-75.62545429563437,45.31511998490506],[-75.62501593035212,45.31529756734208],[-75.62501741077571,45.31530012698922],[-75.62479490526636,45.315390266671734],[-75.62479342484276,45.31538770323845],[-75.62435504967905,45.31556528609988],[-75.62391670326144,45.31574285324418],[-75.623478348759,45.31592041793701],[-75.62303999066327,45.31609798144175],[-75.6226012409021,45.3162757023123],[-75.6223822594836,45.31636440651168],[-75.6221632780651,45.31645310741377],[-75.62259978383472,45.31720842800685],[-75.62269870811042,45.317377071993846],[-75.6231316502633,45.3181261684465],[-75.62356998230787,45.317948961242344],[-75.62400662192644,45.31777243379487],[-75.62422737931425,45.31768319614081],[-75.62444504020928,45.31759521221932],[-75.62488436399393,45.317416308567765],[-75.62490931380262,45.3174062478618],[-75.62532290804091,45.317239498995875],[-75.62576147993565,45.31706267308026],[-75.62576006329245,45.3170602366903],[-75.62598267390469,45.31697025379437],[-75.62598419475248,45.31697287906077],[-75.62620277282741,45.31688292255679],[-75.62642121256177,45.316793011391105],[-75.62651389174964,45.3167548855168],[-75.62678849325728,45.316641870283966],[-75.62685822677781,45.31661316778621],[-75.62708600899117,45.31651941111946],[-75.62729837701254,45.316432000857844],[-75.62753413087572,45.316337263511365],[-75.62764211825433,45.31629385388724],[-75.62773425665638,45.316256913989065],[-75.62817339538807,45.316080738807436],[-75.62874865673308,45.31584994877504],[-75.62904640333402,45.315730524456534],[-75.62904525977865,45.315728550409986],[-75.62915462247796,45.31568433680297],[-75.62902490485263,45.31547243165889],[-75.62843820885237,45.314431535167174],[-75.62818896409026,45.31400200718017]]]},"properties":{"ZONE_CODE":"IL2[1857] H(14)","ZONE_MAIN":"IL","ZNAME_EN":"Industrial Zone","LABEL":null}},{"type":"Feature","geometry":{"type":"Polygon","coordinates":[[[-75.93171879843659,45.34431860012971],[-75.9317605000287,45.344351343917346],[-75.93194081616075,45.34447173641297],[-75.93199480221438,45.34451407825953],[-75.93350995826474,45.3435398232628],[-75.93437247209154,45.34298519760834],[-75.93433337202048,45.34296643771604],[-75.93433322918835,45.34296652800494],[-75.9323780423792,45.34203955983875],[-75.93237012911986,45.34204461357648],[-75.93215269460029,45.342183211715145],[-75.93193696957469,45.34232072035232],[-75.93170168553043,45.34247069937372],[-75.93166348197803,45.34249504855204],[-75.93163625763503,45.342512401218315],[-75.93161179740817,45.342527992284204],[-75.93160198780525,45.34253424436796],[-75.93157256977632,45.3425568420271],[-75.93153485041586,45.34258581677164],[-75.93153487107712,45.34228994282873],[-75.93147192702348,45.34235574211681],[-75.93144550487602,45.34238397886034],[-75.93140421022073,45.342415115597916],[-75.93132734767006,45.342465359651285],[-75.93127940548166,45.34249243015085],[-75.93120056753571,45.342531065288895],[-75.9311132512901,45.342566482176906],[-75.9310218809476,45.342596398326954],[-75.9309271598891,45.34262058265714],[-75.93084946370185,45.3426356805738],[-75.93077045417768,45.34264691371922],[-75.93071057427746,45.34265277874493],[-75.93062512742596,45.34265957128868],[-75.93056694713826,45.34270460801807],[-75.93040005632815,45.34270794304168],[-75.9303998829533,45.34273046423286],[-75.93039479220057,45.342778100352106],[-75.93039222391718,45.342802135595896],[-75.9303887636067,45.342834520998245],[-75.93038586384498,45.34286165193496],[-75.9303832677138,45.34288595043377],[-75.9303787069671,45.342906701131355],[-75.9303756086777,45.34292079127057],[-75.9303708494033,45.3429424473708],[-75.93036349220115,45.34297591047744],[-75.93035879041894,45.342997307054944],[-75.93035197939246,45.3430282893959],[-75.93034093101278,45.34307854616432],[-75.93033152026186,45.34310554818059],[-75.93032041798325,45.343137399885414],[-75.93031064431297,45.34316544113989],[-75.93030222530214,45.34318959492034],[-75.93029363740801,45.34321423296539],[-75.93028533248321,45.343238059665914],[-75.93027496951808,45.343267796146954],[-75.93026385286646,45.34329420141174],[-75.93025297247173,45.34332004914928],[-75.93024139318771,45.34334755489717],[-75.93022891379181,45.34337720103238],[-75.93021024051198,45.34342155971355],[-75.9301962528447,45.34345478703012],[-75.93013791355519,45.343675405411446],[-75.9301019144685,45.3439667741625],[-75.93011456993422,45.344011968328225],[-75.93025986614322,45.34389310911036],[-75.93026073301746,45.34389254970695],[-75.93034875623721,45.34383578980063],[-75.9304821785148,45.34384437090605],[-75.9310140000276,45.34386595341271],[-75.93107799331351,45.34386718018633],[-75.93114197671792,45.34386566929121],[-75.93171879843659,45.34431860012971]]]},"properties":{"ZONE_CODE":"IG6[218] H(44) S183","ZONE_MAIN":"IG","ZNAME_EN":"Transportation Zones","LABEL":null}},{"type":"Feature","geometry":{"type":"Polygon","coordinates":[[[-75.87641633202995,45.28422603475662],[-75.87588156404298,45.28440158525548],[-75.87614542888635,45.28520631000607],[-75.87666106814764,45.28560082807678],[-75.87673021237336,45.285653729018485],[-75.8770227110164,45.285466695211156],[-75.8772383884313,45.285331316922026],[-75.87641633202995,45.28422603475662]]]},"properties":{"ZONE_CODE":"IP4[2067]","ZONE_MAIN":"IP","ZNAME_EN":"Industrial Zone","LABEL":null}},{"type":"Feature","geometry":{"type":"Polygon","coordinates":[[[-75.78049068842608,45.26335955479317],[-75.78189788045403,45.262769308442834],[-75.78302259903752,45.26439684168472],[-75.7830242249882,45.26439617148184],[-75.78502995011691,45.26357299135213],[-75.78453381058549,45.26269542020317],[-75.78434753592816,45.26236592878743],[-75.7839730741003,45.261704920030866],[-75.78364200898548,45.26112540879644],[-75.78305316691001,45.2601009860134],[-75.78133067340386,45.26080797015542],[-75.78133045601156,45.260808125070575],[-75.78133063657293,45.26080805045838],[-75.78116054416714,45.26118053613263],[-75.78098991277218,45.26139441021556],[-75.77984345945039,45.26190989575466],[-75.77967869944413,45.26201025725237],[-75.77966667908731,45.26213427009449],[-75.77976680530888,45.26228159332147],[-75.78022167533783,45.2629508656258],[-75.78049068842608,45.26335955479317]]]},"properties":{"ZONE_CODE":"IP[2044] H(33)","ZONE_MAIN":"IP","ZNAME_EN":"Industrial Zone","LABEL":null}},{"type":"Feature","geometry":{"type":"Polygon","coordinates":[[[-75.80520134493733,45.22568888994604],[-75.80453405837798,45.22597521409566],[-75.80348951173865,45.22640627617726],[-75.80343676895338,45.22657559068649],[-75.8032084136149,45.22730367763118],[-75.80343654886613,45.22721002575132],[-75.80560918546621,45.226318094962096],[-75.80520134493733,45.22568888994604]]]},"properties":{"ZONE_CODE":"RG1[78r]","ZONE_MAIN":"RG","ZNAME_EN":"Rural Industrial Zone","LABEL":null}},{"type":"Feature","geometry":{"type":"Polygon","coordinates":[[[-75.9435968567225,45.29850698807412],[-75.94344053818496,45.2986032319424],[-75.94298419671557,45.29888419546623],[-75.94306992384145,45.298953155305114],[-75.94316388492524,45.29902873843751],[-75.94368754075211,45.29944996962367],[-75.94418676869148,45.2991399342257],[-75.94421719732509,45.29912103659347],[-75.94423166469275,45.29911205252284],[-75.94425040893947,45.29910041202628],[-75.9444481281335,45.29897762302992],[-75.94374465833283,45.29841598744818],[-75.9435968567225,45.29850698807412]]]},"properties":{"ZONE_CODE":"IP13[2629]","ZONE_MAIN":"IP","ZNAME_EN":"Industrial Zone","LABEL":null}},{"type":"Feature","geometry":{"type":"Polygon","coordinates":[[[-75.78847480597518,45.273690040241306],[-75.78846987063102,45.27369000420799],[-75.7873398672587,45.27368169758091],[-75.7872391104198,45.27368095668539],[-75.78693585714619,45.273681696316615],[-75.78693236359804,45.27370778316732],[-75.78682989636684,45.274119711194835],[-75.78668902436064,45.27449013973368],[-75.78648958399451,45.27487396175023],[-75.78615555803252,45.275358502782275],[-75.78662952983767,45.27517168157124],[-75.78775357378639,45.274703457951894],[-75.78802196434214,45.27459025836899],[-75.78805791581811,45.27452990792338],[-75.78828042132749,45.27422251715279],[-75.7884365682868,45.27404051115366],[-75.78850660633626,45.27398585715011],[-75.78838955315977,45.27391442049005],[-75.7884699406996,45.27383201636665],[-75.78847137530911,45.27373594602886],[-75.78847480597518,45.273690040241306]]]},"properties":{"ZONE_CODE":"IP[2265] H(16)","ZONE_MAIN":"IP","ZNAME_EN":"Industrial Zone","LABEL":null}},{"type":"Feature","geometry":{"type":"Polygon","coordinates":[[[-75.59445630170346,45.37515353974968],[-75.59334247968438,45.37561658292391],[-75.59267357885246,45.37598473737194],[-75.59212559664768,45.3764265298945],[-75.59212426175115,45.37642813015595],[-75.59229924278873,45.37654154983264],[-75.59234171693198,45.376569080451155],[-75.59249605019274,45.37666908446309],[-75.59249750276857,45.37667167982866],[-75.59467528402027,45.37580834601494],[-75.59467381886805,45.37580575060974],[-75.59532740162774,45.37554652248041],[-75.59678114794697,45.37496995958313],[-75.59678131144034,45.37496998924173],[-75.59738971433116,45.37472872290389],[-75.59763497237002,45.374631451641115],[-75.59730602907592,45.37404634643126],[-75.59644561910352,45.374373224007826],[-75.59594375820205,45.37455728570101],[-75.59445630170346,45.37515353974968]]]},"properties":{"ZONE_CODE":"IL[1713]","ZONE_MAIN":"IL","ZNAME_EN":"Industrial Zone","LABEL":null}},{"type":"Feature","geometry":{"type":"Polygon","coordinates":[[[-75.4806761064318,45.49150021238122],[-75.4806641282958,45.49150205182995],[-75.48065217980422,45.491503980700635],[-75.48064026095703,45.4915059989933],[-75.48062837265255,45.491508106707855],[-75.48061651668743,45.49151030258492],[-75.4806046948583,45.49151258725416],[-75.48059290806346,45.49151496008584],[-75.48058115899785,45.49151742045019],[-75.48056944676318,45.49151996897701],[-75.48055777405438,45.49152260566617],[-75.48054614176978,45.491525327998836],[-75.48053455170597,45.49152813849388],[-75.48052300476131,45.49153103526209],[-75.4805115018341,45.49153401830348],[-75.48050004472096,45.491537086988274],[-75.48048863521853,45.491540241946154],[-75.48047727332683,45.491543481288026],[-75.48046596084244,45.49154680564347],[-75.48045469956205,45.491550214382826],[-75.48044349218056,45.49155370750608],[-75.4800783692384,45.491669163703065],[-75.47984416137581,45.491743222498876],[-75.4805061002643,45.4927779107458],[-75.48074547074478,45.492673168350365],[-75.48212236529315,45.492070669094616],[-75.4821376734839,45.492063973845596],[-75.48183682589863,45.49180504493171],[-75.481635287068,45.49166083992259],[-75.4812032423321,45.49150657330933],[-75.48104474897326,45.4914898394257],[-75.48102330349249,45.49148857744141],[-75.4806761064318,45.49150021238122]]]},"properties":{"ZONE_CODE":"IL[1273] H(21)","ZONE_MAIN":"IL","ZNAME_EN":"Industrial Zone","LABEL":null}},{"type":"Feature","geometry":{"type":"Polygon","coordinates":[[[-75.69314289667183,45.33322845127692],[-75.69309435171385,45.3339122616527],[-75.69313454054307,45.33457244245585],[-75.69313770890106,45.33462449635637],[-75.69319005912256,45.33460786558525],[-75.69381838125645,45.33447016455752],[-75.69438032328077,45.33434700698139],[-75.69466186786721,45.33428530116382],[-75.69548843291297,45.33417191611457],[-75.69559942785114,45.334156690274554],[-75.69560957342397,45.33413378741064],[-75.69564543596674,45.33400133734258],[-75.69571655738442,45.33392135135028],[-75.69572351932786,45.333913520848085],[-75.69577010146693,45.33383954149334],[-75.69580262407347,45.33375341083679],[-75.69581525797963,45.333665133598075],[-75.69584473709399,45.33359304145963],[-75.69590927296233,45.333456929968925],[-75.69591006797134,45.33340070142588],[-75.69595081645093,45.33333672244529],[-75.69597989761164,45.33329274360334],[-75.69595201031197,45.333252380693715],[-75.69596976641186,45.333204305877],[-75.69605012430729,45.333156671806925],[-75.6960901334734,45.333144903160544],[-75.69612473478153,45.33311301425924],[-75.69612564387658,45.333048753303885],[-75.69616052905234,45.33299678320774],[-75.69633792116812,45.33292974855884],[-75.69640723787039,45.33285793587206],[-75.69644337170438,45.33271760731552],[-75.69651433591689,45.33259435688566],[-75.6965313823477,45.33257698223453],[-75.69659357900305,45.33250996477091],[-75.69661045205902,45.33249227055084],[-75.6966287417582,45.33247309038639],[-75.69665207100613,45.33244862448961],[-75.6967209753817,45.332406260989536],[-75.69676062881496,45.33237126464633],[-75.69684126159486,45.332263021944755],[-75.69684178800763,45.33226231591595],[-75.69678855833547,45.33230624503726],[-75.69665484141046,45.33244572018197],[-75.6965367300186,45.33248972557348],[-75.69625522316139,45.33252490876971],[-75.6959481628276,45.33250416563438],[-75.69582163152656,45.33244752945387],[-75.69580887365291,45.332263173507314],[-75.69581542865953,45.33195507003356],[-75.69586665958019,45.331747934326906],[-75.69594897131135,45.33151624251895],[-75.69603141689149,45.33143010959207],[-75.69611386336994,45.33134397653421],[-75.6961920060199,45.331251618434884],[-75.69627014956814,45.33115925892193],[-75.69638867957494,45.33100524480947],[-75.69650721137836,45.33085123217276],[-75.69655870281045,45.330780363509525],[-75.6966101987341,45.330709492863015],[-75.69663521501815,45.33049288343636],[-75.69665384158556,45.33026229230831],[-75.6966724690513,45.33003170213601],[-75.69668952087201,45.329912586847826],[-75.69670657089611,45.32979347572988],[-75.69690148644816,45.32967096920542],[-75.69708261914877,45.32959171789403],[-75.69714104557484,45.3294961266031],[-75.69718178237635,45.32940969504223],[-75.69722251827955,45.32932326713875],[-75.6973037717953,45.32916589074012],[-75.69733594316057,45.32906392200855],[-75.69740636119737,45.329052029360206],[-75.69742630289838,45.3290446737392],[-75.69752994063438,45.32900644432514],[-75.69768025123929,45.32893317220938],[-75.6977259422496,45.32880651833595],[-75.69768809443005,45.32868856315553],[-75.69766428638007,45.32867243840795],[-75.69761585640647,45.328639638818075],[-75.69758456269524,45.32865009919575],[-75.69745949115655,45.328691464498064],[-75.69736702307277,45.328722039107134],[-75.69717797801111,45.32877209637318],[-75.69674567456042,45.32888656586519],[-75.69567565708952,45.329203964686535],[-75.69433875194434,45.32963552530492],[-75.69408482695962,45.329717489646384],[-75.69409496624424,45.33009328754436],[-75.69360572397757,45.33206714597474],[-75.69353148989742,45.332253411616215],[-75.69314289667183,45.33322845127692]]]},"properties":{"ZONE_CODE":"IL","ZONE_MAIN":"IL","ZNAME_EN":"Industrial Zone","LABEL":null}},{"type":"Feature","geometry":{"type":"Polygon","coordinates":[[[-75.77870546107205,45.261890375553634],[-75.77646486153084,45.262804767606234],[-75.77694531827403,45.26340982153721],[-75.77705034750042,45.26359256787949],[-75.77730122539971,45.263485897790126],[-75.77734367528845,45.2634678481755],[-75.77752837879234,45.263390979021715],[-75.777529640027,45.26338892158885],[-75.77912247160337,45.26271162126025],[-75.77921917075211,45.262671989583026],[-75.77896021071021,45.262267765760534],[-75.77870546107205,45.261890375553634]]]},"properties":{"ZONE_CODE":"IP[2358] H(18)","ZONE_MAIN":"IP","ZNAME_EN":"Industrial Zone","LABEL":null}},{"type":"Feature","geometry":{"type":"Polygon","coordinates":[[[-75.61951646125074,45.41055638397633],[-75.61864439563755,45.41091105561265],[-75.61852981192979,45.41095765117404],[-75.61903939385111,45.41133205769862],[-75.6200535468911,45.41092235277112],[-75.61976363719273,45.41044001052595],[-75.61951646125074,45.41055638397633]]]},"properties":{"ZONE_CODE":"IL[263]","ZONE_MAIN":"IL","ZNAME_EN":"Industrial Zone","LABEL":null}},{"type":"Feature","geometry":{"type":"Polygon","coordinates":[[[-76.17455274968238,45.43398443925873],[-76.17400665483801,45.433537640699996],[-76.17393307652803,45.43358750565182],[-76.17278151808048,45.43430074494933],[-76.17264674473672,45.43438421871981],[-76.17315698602148,45.434787285230925],[-76.1732118533224,45.43482594306471],[-76.17455274968238,45.43398443925873]]]},"properties":{"ZONE_CODE":"RG","ZONE_MAIN":"RG","ZNAME_EN":"Rural Industrial Zone","LABEL":null}},{"type":"Feature","geometry":{"type":"Polygon","coordinates":[[[-75.5028360730506,45.48880064294227],[-75.50289239741892,45.488858190001565],[-75.5029648294786,45.48896497739823],[-75.50328045435029,45.48962290113654],[-75.503217824707,45.48963956567223],[-75.50355336882181,45.49029082826393],[-75.50367463419865,45.490247133315826],[-75.5038001144708,45.490198102486886],[-75.50391146065027,45.49014742860357],[-75.50396222983686,45.490123311781474],[-75.50479404643377,45.48972922610467],[-75.50503272161822,45.489616147659156],[-75.50420525825719,45.48837710513021],[-75.50393864097582,45.48845846032226],[-75.50305044970494,45.488732518317484],[-75.50302542892935,45.488740239217414],[-75.50292877379802,45.488770062285425],[-75.50292058206095,45.48877258952462],[-75.50287873494176,45.488785501554844],[-75.5028360730506,45.48880064294227]]]},"properties":{"ZONE_CODE":"IP10[297] F(0.5) H(14)","ZONE_MAIN":"IP","ZNAME_EN":"Industrial Zone","LABEL":null}},{"type":"Feature","geometry":{"type":"Polygon","coordinates":[[[-75.6157558305021,45.401921327753136],[-75.61475267643442,45.40273221293803],[-75.6161627026471,45.403594637973065],[-75.61698134545034,45.403370936274925],[-75.61626806335182,45.402181363385615],[-75.61615871412724,45.40215072501417],[-75.61596238283032,45.402057315596274],[-75.61595925938808,45.40205525941041],[-75.6157558305021,45.401921327753136]]]},"properties":{"ZONE_CODE":"IL[2049] S311","ZONE_MAIN":"IL","ZNAME_EN":"Industrial Zone","LABEL":null}},{"type":"Feature","geometry":{"type":"Polygon","coordinates":[[[-75.8753304485145,45.280726630819515],[-75.87515852624048,45.28086190948247],[-75.87508269315914,45.28092158065783],[-75.87496342383888,45.28101542844085],[-75.87492867071546,45.28104129638048],[-75.87489738958065,45.28106331493383],[-75.87487823749879,45.281076246049835],[-75.87485724926049,45.281089963471544],[-75.87483427664374,45.28110445898138],[-75.87481072910519,45.2811187794012],[-75.87478893238314,45.28113157334309],[-75.87475971557683,45.281148057366856],[-75.87473157046067,45.28116325004619],[-75.874701509238,45.281178767610534],[-75.8746740261802,45.281192342789495],[-75.87463967909531,45.281208523397396],[-75.8746122661061,45.28122083820286],[-75.87458469052181,45.281232709917994],[-75.87455475236835,45.28124503293524],[-75.8747391082242,45.282180851325705],[-75.87489884305478,45.28252272617693],[-75.87490098014683,45.28252729853461],[-75.87693480008606,45.28205362395776],[-75.87542246025411,45.28080273379826],[-75.8753304485145,45.280726630819515]]]},"properties":{"ZONE_CODE":"IP4 F(4.0) H(20)","ZONE_MAIN":"IP","ZNAME_EN":"Industrial Zone","LABEL":null}},{"type":"Feature","geometry":{"type":"Polygon","coordinates":[[[-75.48066330723564,45.49302363761071],[-75.4805061002643,45.4927779107458],[-75.47984416137581,45.491743222498876],[-75.47743365987166,45.49250607960733],[-75.47748693895116,45.49258787089926],[-75.47826539831513,45.49378278603332],[-75.4804320162028,45.49309683254607],[-75.48066330723564,45.49302363761071]]]},"properties":{"ZONE_CODE":"IL[295] H(21)","ZONE_MAIN":"IL","ZNAME_EN":"Industrial Zone","LABEL":null}},{"type":"Feature","geometry":{"type":"Polygon","coordinates":[[[-75.71477187900764,45.32743322910867],[-75.71372336450969,45.32789740178959],[-75.71372414963726,45.32789828218315],[-75.71419870175409,45.32843023255157],[-75.71419903682568,45.3284306083258],[-75.71425044291782,45.3284882286929],[-75.71431749586557,45.328563392881975],[-75.71517409787948,45.32744491115443],[-75.71538521364934,45.32716924530446],[-75.7150573842662,45.327310548851244],[-75.7150576142349,45.327310246962774],[-75.71477187900764,45.32743322910867]]]},"properties":{"ZONE_CODE":"IG5","ZONE_MAIN":"IG","ZNAME_EN":"Transportation Zones","LABEL":null}},{"type":"Feature","geometry":{"type":"Polygon","coordinates":[[[-75.64357139880855,45.403021791605916],[-75.64355292764968,45.40302521768275],[-75.64351595838248,45.40303207488156],[-75.64285011272084,45.40315567902694],[-75.64271605892762,45.403176664955936],[-75.64284014591277,45.403510099435735],[-75.64288169119803,45.403637958594885],[-75.643521290782,45.403597264899695],[-75.64377948905253,45.40358083667256],[-75.64374605824925,45.403491015869584],[-75.64357139880855,45.403021791605916]]]},"properties":{"ZONE_CODE":"IP11[1507] H(37) S123","ZONE_MAIN":"IP","ZNAME_EN":"Industrial Zone","LABEL":null}},{"type":"Feature","geometry":{"type":"Polygon","coordinates":[[[-75.48570637468052,45.49081608945553],[-75.48557057366408,45.49091825085574],[-75.48628925373914,45.49163030238092],[-75.48654006785804,45.49151397455462],[-75.48657171820045,45.491498769663906],[-75.48660263551758,45.49148283616831],[-75.48663278477514,45.49146619169971],[-75.48666213543042,45.49144885389002],[-75.48669065244911,45.49143084163063],[-75.48671830618683,45.491412175072306],[-75.4867450652025,45.49139287562541],[-75.48677090164838,45.49137296281104],[-75.48679578588009,45.4913524592989],[-75.48681969184643,45.49133138712915],[-75.48684259169966,45.491309770860695],[-75.48686446208356,45.491287632533776],[-75.48688527784532,45.49126499607758],[-75.48690501742537,45.491241888570144],[-75.48692365746753,45.49121833268147],[-75.48694117910712,45.49119435737878],[-75.48695756168297,45.49116998596179],[-75.48697278722872,45.49114524676809],[-75.48698684137133,45.491120165616486],[-75.4869997052462,45.49109477210413],[-75.48570637468052,45.49081608945553]]]},"properties":{"ZONE_CODE":"IL4","ZONE_MAIN":"IL","ZNAME_EN":"Industrial Zone","LABEL":null}},{"type":"Feature","geometry":{"type":"Polygon","coordinates":[[[-75.87045230367094,45.235113285375334],[-75.8685381824467,45.236257696446785],[-75.86751180603062,45.23687126048945],[-75.86748312641687,45.2368884051225],[-75.87025186707318,45.23918007027205],[-75.87320714828815,45.237398728700825],[-75.87045230367094,45.235113285375334]]]},"properties":{"ZONE_CODE":"RG1[21r]","ZONE_MAIN":"RG","ZNAME_EN":"Rural Industrial Zone","LABEL":null}},{"type":"Feature","geometry":{"type":"Polygon","coordinates":[[[-75.62626663495926,45.38019060829093],[-75.6253198331077,45.38059011559589],[-75.62495828096877,45.38074267104021],[-75.62595341038599,45.38196527909854],[-75.62621906557172,45.38185749970244],[-75.62727409105882,45.38142945284891],[-75.62719195180418,45.38132845150066],[-75.62713481625718,45.38125819307078],[-75.62626663495926,45.38019060829093]]]},"properties":{"ZONE_CODE":"IL[284] H(11)","ZONE_MAIN":"IL","ZNAME_EN":"Industrial Zone","LABEL":null}},{"type":"Feature","geometry":{"type":"Polygon","coordinates":[[[-75.62716000501774,45.38502492209959],[-75.62738126636043,45.38493546486418],[-75.62760029179637,45.3848480598828],[-75.62791048725052,45.384724270576164],[-75.62685350702932,45.38342622523572],[-75.62594905804846,45.38231531164847],[-75.6259802475551,45.38230270585279],[-75.6260062016803,45.3822916332689],[-75.62603139133917,45.382279713944385],[-75.62605575814126,45.38226697500974],[-75.62607924818764,45.38225344359537],[-75.62610181207094,45.38223914935556],[-75.62612339948552,45.382224124468266],[-75.62614396012575,45.38220840111158],[-75.6261634517708,45.38219201588019],[-75.62618182950486,45.382175003476014],[-75.62619905380213,45.3821574017557],[-75.62621508693333,45.382139249837856],[-75.6262298911692,45.38212058747209],[-75.62624343686538,45.382101455039034],[-75.62625569258078,45.38208189670498],[-75.62626663316263,45.3820619528506],[-75.62627622986481,45.382041669535276],[-75.62628446741596,45.38202109155646],[-75.62629132335822,45.382000263711696],[-75.62629678511514,45.38197923142948],[-75.62630083831371,45.38195804140042],[-75.62621906557172,45.38185749970244],[-75.62595341038599,45.38196527909854],[-75.62495828096877,45.38074267104021],[-75.62376283981958,45.38124706791225],[-75.6232955011745,45.38144425017014],[-75.62322582065453,45.38147364794092],[-75.62284116564314,45.381629256109036],[-75.62247141817387,45.38177857382689],[-75.6222413353751,45.38187148676265],[-75.62192853480664,45.38199780109139],[-75.62148055036435,45.382178704019786],[-75.62048966818178,45.382578826964235],[-75.62138319724205,45.383676984137765],[-75.62129011021905,45.383714608792324],[-75.62029154474585,45.38401740959652],[-75.61966189220702,45.38291308460297],[-75.61838414202163,45.38342901146584],[-75.61822894458156,45.38349167510857],[-75.61753152044275,45.383773269460995],[-75.6173858101104,45.38383208338614],[-75.6173810310731,45.383834012786195],[-75.61621798586799,45.3843035181585],[-75.61483360206512,45.38486288533174],[-75.61548516541205,45.38566404686143],[-75.6162111038746,45.38578025431535],[-75.61606963718366,45.386018477934314],[-75.61583243523626,45.38594610357686],[-75.61562817361202,45.38590457379948],[-75.61542391198775,45.38586304336072],[-75.61536697676506,45.38584411913357],[-75.61506492723393,45.385739692869166],[-75.615057109196,45.38573719949701],[-75.61504908634221,45.385735052496536],[-75.61504089101187,45.3857332607006],[-75.6150325528494,45.38573182915658],[-75.61502410599078,45.3857307635427],[-75.61501558097873,45.38573006890627],[-75.61500701194923,45.38572974777101],[-75.61499843124164,45.38572980076775],[-75.6149898711953,45.385730228527514],[-75.61498136504787,45.3857310285266],[-75.61497294513872,45.385732197610395],[-75.6149646456038,45.38573373262437],[-75.61495649518925,45.3857356266283],[-75.61494852713268,45.38573787205135],[-75.61494077287513,45.38574046132239],[-75.61493326026442,45.385743383085],[-75.61492601804659,45.38574662787539],[-75.61491907496776,45.38575018181337],[-75.61491245797738,45.385754032280616],[-75.61490619222829,45.3857581635043],[-75.61486907384074,45.38578235715016],[-75.6145143866272,45.386030050731456],[-75.6150906927129,45.38627034267627],[-75.61505301018337,45.38631521978058],[-75.61557552065827,45.38653308183985],[-75.6150343162423,45.38681398345389],[-75.61397998425458,45.387361193659494],[-75.61379830986985,45.38745548097278],[-75.6149601666038,45.387914886638065],[-75.61474504704272,45.38800121878289],[-75.61599456228043,45.38839085307292],[-75.61686928421192,45.38866360834786],[-75.61718664373045,45.38905577545914],[-75.61750666675378,45.38892712561641],[-75.61751344454261,45.38892440148334],[-75.61904836622418,45.388304022492825],[-75.61935315292197,45.38818083126414],[-75.62081194148489,45.38759118629113],[-75.62344060963558,45.386528594211406],[-75.62428100424513,45.38618885894718],[-75.62322583233264,45.384892755148435],[-75.62202491954505,45.383417618585035],[-75.62339084566379,45.38286552075327],[-75.62407519841692,45.38259881417171],[-75.62440424052569,45.38249644511965],[-75.62455489159211,45.382448430420595],[-75.62463495663675,45.38254677914877],[-75.6257230437196,45.38388328439227],[-75.62580460445918,45.38385118242491],[-75.62588602506158,45.383818264008866],[-75.6260099925708,45.383768143737186],[-75.62610566314856,45.3837294654544],[-75.62702716934005,45.384861166064404],[-75.62707411439848,45.384918816066346],[-75.62716000501774,45.38502492209959]]]},"properties":{"ZONE_CODE":"IL","ZONE_MAIN":"IL","ZNAME_EN":"Industrial Zone","LABEL":null}},{"type":"Feature","geometry":{"type":"Polygon","coordinates":[[[-75.7041804381773,45.33753359749434],[-75.70577185939868,45.336842437087334],[-75.70510863232609,45.3358740269406],[-75.7033715609595,45.336619011752546],[-75.70375026014057,45.33704277736205],[-75.7041804381773,45.33753359749434]]]},"properties":{"ZONE_CODE":"IG5[1662]","ZONE_MAIN":"IG","ZNAME_EN":"Transportation Zones","LABEL":null}},{"type":"Feature","geometry":{"type":"Polygon","coordinates":[[[-75.61296746614839,45.140470650779775],[-75.61221377064186,45.13953472192558],[-75.61176581943722,45.13972351561835],[-75.6115404887263,45.13992069443348],[-75.61078873268248,45.140240686385546],[-75.61060820634466,45.14032890788352],[-75.61082975065665,45.14131815625022],[-75.61100074407268,45.14129715754316],[-75.61296746614839,45.140470650779775]]]},"properties":{"ZONE_CODE":"RG[729r]","ZONE_MAIN":"RG","ZNAME_EN":"Rural Industrial Zone","LABEL":null}},{"type":"Feature","geometry":{"type":"Polygon","coordinates":[[[-75.51702324179118,45.24140167967983],[-75.51750128835447,45.24097214945206],[-75.51762200216571,45.24086751599075],[-75.51649396610388,45.24022801305717],[-75.51632966423843,45.24015021107763],[-75.51503925499402,45.23943081097566],[-75.51308990633592,45.24024697711539],[-75.51345203609155,45.240834017252126],[-75.51378351622803,45.240688100159545],[-75.51411097460698,45.24054395504826],[-75.51411300749446,45.2405430796233],[-75.51479429699246,45.24024970777229],[-75.51495711843432,45.24034044558493],[-75.51526190064057,45.24051030178083],[-75.51560936270425,45.24070393936272],[-75.51604146223738,45.24094474328519],[-75.51635594984194,45.24108369560273],[-75.51676663533532,45.24092397485683],[-75.51702324179118,45.24140167967983]]]},"properties":{"ZONE_CODE":"RH3[21r]","ZONE_MAIN":"RH","ZNAME_EN":"Rural Industrial Zone","LABEL":null}},{"type":"Feature","geometry":{"type":"Polygon","coordinates":[[[-75.61752614312746,45.380610800098715],[-75.61762935146876,45.38074609972978],[-75.61815993779805,45.381432352119674],[-75.61825199175848,45.381410370027986],[-75.61834598158836,45.3813929264412],[-75.6184414572317,45.38138010338871],[-75.61853796414097,45.38137196460091],[-75.61863503788723,45.38136854667566],[-75.61873221404139,45.38136986791168],[-75.6187706053417,45.38134558782835],[-75.61879149207034,45.38133237798467],[-75.61897204715426,45.38134157301038],[-75.61899397952193,45.38123460258345],[-75.61901929045335,45.38112765719271],[-75.61905117166279,45.38103266715469],[-75.61887856577084,45.38097242496242],[-75.61783235185834,45.38058668248003],[-75.61781096117481,45.38057879533568],[-75.6176260573466,45.3805118870684],[-75.61752614312746,45.380610800098715]]]},"properties":{"ZONE_CODE":"IL[2543]","ZONE_MAIN":"IL","ZNAME_EN":"Industrial Zone","LABEL":null}},{"type":"Feature","geometry":{"type":"Polygon","coordinates":[[[-76.21201224999346,45.466018327995364],[-76.21084490545142,45.46674744934989],[-76.21124247284672,45.46707392297964],[-76.21132991485646,45.46701930587731],[-76.21176712041368,45.4667462183118],[-76.21229129187353,45.46641880343478],[-76.21241800553257,45.4663396523352],[-76.212070521011,45.46606447360112],[-76.21201224999346,45.466018327995364]]]},"properties":{"ZONE_CODE":"RG","ZONE_MAIN":"RG","ZNAME_EN":"Rural Industrial Zone","LABEL":null}},{"type":"Feature","geometry":{"type":"Polygon","coordinates":[[[-75.67051347228217,45.18029137386303],[-75.67029448277886,45.17974218293945],[-75.66915129573144,45.18032289279519],[-75.66851754507827,45.18074387975467],[-75.66837756150585,45.18083689834536],[-75.66881169123153,45.18116718172156],[-75.6688562755174,45.18114965809806],[-75.66894124895676,45.18110565114275],[-75.6690814175821,45.18103259002386],[-75.67051347228217,45.18029137386303]]]},"properties":{"ZONE_CODE":"RG[716r]","ZONE_MAIN":"RG","ZNAME_EN":"Rural Industrial Zone","LABEL":null}},{"type":"Feature","geometry":{"type":"Polygon","coordinates":[[[-75.56264983300002,45.301664652316376],[-75.56251838971102,45.30143593039984],[-75.56238694193043,45.30120720376938],[-75.56116119431852,45.30169890498458],[-75.5610155738177,45.30175633391824],[-75.56127859693963,45.30221402255884],[-75.56142408359145,45.302156356514644],[-75.56264983300002,45.301664652316376]]]},"properties":{"ZONE_CODE":"RH2[655r]","ZONE_MAIN":"RH","ZNAME_EN":"Rural Industrial Zone","LABEL":null}},{"type":"Feature","geometry":{"type":"Polygon","coordinates":[[[-75.78502995011691,45.26357299135213],[-75.7830242249882,45.26439617148184],[-75.7813094821463,45.265103519429935],[-75.78194579838791,45.26625929543764],[-75.78280186949746,45.26789062441443],[-75.78549620000388,45.26679762074034],[-75.79010156691982,45.26492912569322],[-75.79066001809092,45.264694046797445],[-75.79031980004169,45.264253589433125],[-75.7889724034723,45.26195852297933],[-75.78842295072542,45.262181521892884],[-75.7875637867163,45.26253139996829],[-75.78695871028702,45.26278090138691],[-75.78662329732624,45.26291920404738],[-75.78517665398596,45.26351360795555],[-75.78517331045646,45.26351498252508],[-75.78517187674527,45.2635124477278],[-75.78508863525778,45.26354664882943],[-75.78502995011691,45.26357299135213]]]},"properties":{"ZONE_CODE":"IP[1219]-h","ZONE_MAIN":"IP","ZNAME_EN":"Industrial Zone","LABEL":null}},{"type":"Feature","geometry":{"type":"Polygon","coordinates":[[[-75.61462811963038,45.41360887132172],[-75.61503768492462,45.414410353694834],[-75.61523379164272,45.41476591359282],[-75.61670684096079,45.41743651872869],[-75.62252720624797,45.41585171285073],[-75.62133150009579,45.41567345262974],[-75.62102684634863,45.415118926837636],[-75.62100297361994,45.415075470616166],[-75.62092983638279,45.414942347342844],[-75.62089373668476,45.41487663940567],[-75.62042016103666,45.41401459281958],[-75.62032732105037,45.41384581355016],[-75.61990523324107,45.41307845046244],[-75.61791707017616,45.41362249864827],[-75.61780651720909,45.41365275243656],[-75.61718585680626,45.412527561800474],[-75.61541313579761,45.413012609189714],[-75.61540187811048,45.41301601321991],[-75.61539296772118,45.41301885096261],[-75.61538413189204,45.41302179780055],[-75.61537535804665,45.41302485310316],[-75.61536667313449,45.413028015609235],[-75.61535806098587,45.41303128657989],[-75.61534953777046,45.41303465970909],[-75.6153410891152,45.41303813941103],[-75.61533273029148,45.413041718749064],[-75.61532446758748,45.41304540718221],[-75.6153162983083,45.41304918516162],[-75.61530822514884,45.41305307475856],[-75.6153002418209,45.41305705327115],[-75.61529235820598,45.41306113898698],[-75.61528457879562,45.41306531677142],[-75.61527690897972,45.41306958662442],[-75.61526933977514,45.41307395548271],[-75.61526188735154,45.41307841388712],[-75.6152545328443,45.41308296499064],[-75.61524730589787,45.41308759870358],[-75.61524019213911,45.41309232889924],[-75.61523319336474,45.41309714359603],[-75.61522631855787,45.41310204027154],[-75.61521955873536,45.41310702712363],[-75.61521293905002,45.41311208712587],[-75.6152064316541,45.41311723793524],[-75.61520005271727,45.41312246000291],[-75.61519380942605,45.41312775711244],[-75.61518769728886,45.413133135569936],[-75.61518172079727,45.41313858906935],[-75.6151758736631,45.41314412328602],[-75.61517017564924,45.41314971047322],[-75.61516460878943,45.413155380900115],[-75.61515919104995,45.41316111817088],[-75.61515391344766,45.413166915348796],[-75.6151487741859,45.41317278063177],[-75.61514377416304,45.41317869825456],[-75.61513894212513,45.413184690288425],[-75.61513424842778,45.41319072646419],[-75.6151297065457,45.413196830114316],[-75.6151253048008,45.41320298610419],[-75.61512106744759,45.41320919821745],[-75.61511698280802,45.41321545573378],[-75.61511306525504,45.41322177126521],[-75.61510928694095,45.41322812021818],[-75.61510567212027,45.41323452718622],[-75.61510222528453,45.41324096946756],[-75.61509892846743,45.41324745967431],[-75.61509579873699,45.413253985824895],[-75.61509283699148,45.413260550441684],[-75.61509002436634,45.413267151002344],[-75.61508737882782,45.41327378120078],[-75.61508490935911,45.413280448604134],[-75.61508259529893,45.413287143753436],[-75.61508044652876,45.41329386727925],[-75.615078461252,45.41330060972244],[-75.61507665743491,45.41330738054207],[-75.61507501890782,45.41331416901788],[-75.61507353399266,45.413320979564126],[-75.61507223592707,45.413327808397064],[-75.61507109686329,45.41333464794952],[-75.61507013297098,45.41334150641931],[-75.61506933526701,45.41334837434737],[-75.61506870285307,45.41335524542759],[-75.61506825279712,45.41336212470485],[-75.61506796623452,45.41336901596283],[-75.61506784496196,45.41337590848111],[-75.61505725112983,45.413491466186414],[-75.61462811963038,45.41360887132172]]]},"properties":{"ZONE_CODE":"IL","ZONE_MAIN":"IL","ZNAME_EN":"Industrial Zone","LABEL":null}},{"type":"Feature","geometry":{"type":"Polygon","coordinates":[[[-75.91309821829175,45.335746961081924],[-75.91058204436744,45.33527651080638],[-75.91034091498562,45.33591819069302],[-75.90928881261644,45.33613186009626],[-75.90925719371506,45.33613828338251],[-75.90924586236606,45.33614554967682],[-75.90922162671802,45.336161129235165],[-75.90914648533945,45.336212605777945],[-75.90906863374367,45.33625935764551],[-75.909009855178,45.336297109827704],[-75.9089764585107,45.33631855060594],[-75.90883248911335,45.33641098190112],[-75.91024688293493,45.33750356121904],[-75.91024912063833,45.33750330106078],[-75.91382273741615,45.33708795116523],[-75.9143035328242,45.33701381304139],[-75.91661492679636,45.33661815043839],[-75.91882149725627,45.336197901446575],[-75.91798398174721,45.33613087437562],[-75.91671805967916,45.33590462608854],[-75.91558590484175,45.33569472824353],[-75.91464050436201,45.33551944515514],[-75.914306512536,45.3357120760478],[-75.91431034654565,45.335712793400106],[-75.91527667597487,45.335893368241024],[-75.9156747931391,45.335967761050995],[-75.91582160211107,45.33599519017424],[-75.9158656213566,45.33600341505669],[-75.91589673360815,45.336009228358634],[-75.91591245861721,45.33601216658285],[-75.9170188039582,45.33621887687159],[-75.91756823963709,45.33632152985933],[-75.91703658970249,45.33642217460489],[-75.9169975058011,45.33642957347027],[-75.91650095124804,45.336523573138486],[-75.91618998683602,45.33658157362177],[-75.91608790408377,45.33660005715483],[-75.9158784340275,45.33663798276196],[-75.91545910224951,45.33628345627733],[-75.91454683612902,45.33686010974154],[-75.91421899416946,45.33691013076801],[-75.91400285322389,45.33694211035554],[-75.91397652539953,45.336945952779715],[-75.91391463776466,45.33695493527394],[-75.91382110068571,45.33690455119826],[-75.91330296500624,45.336490086011395],[-75.91334158986852,45.33646711210432],[-75.91329861716027,45.336432740262666],[-75.91329575063621,45.33642265388623],[-75.91313749622923,45.33586535432691],[-75.91313238571357,45.33584736688984],[-75.91309821829175,45.335746961081924]]]},"properties":{"ZONE_CODE":"IP6 H(14)","ZONE_MAIN":"IP","ZNAME_EN":"Industrial Zone","LABEL":null}},{"type":"Feature","geometry":{"type":"Polygon","coordinates":[[[-75.48765460583442,45.48783724067904],[-75.48768777792293,45.4879657949381],[-75.48798969360507,45.48918118964255],[-75.48806101355042,45.489172413327715],[-75.4880298734511,45.4893384054783],[-75.4879773821941,45.48959624114389],[-75.48813116478759,45.48957736112068],[-75.48819328867938,45.48956972283332],[-75.48826827015782,45.4891468583487],[-75.48876310713209,45.48908594677915],[-75.48940032348563,45.48805630822585],[-75.4892183158259,45.48750192244693],[-75.48892051083449,45.487565928562084],[-75.48765579071228,45.48783698625056],[-75.48765460583442,45.48783724067904]]]},"properties":{"ZONE_CODE":"IL H(21)","ZONE_MAIN":"IL","ZNAME_EN":"Industrial Zone","LABEL":null}},{"type":"Feature","geometry":{"type":"Polygon","coordinates":[[[-75.90780750867923,45.30009680384413],[-75.90784497471479,45.30012704509278],[-75.90826673913058,45.30046858304969],[-75.90852285151301,45.30054158931553],[-75.90864517959683,45.30037177619563],[-75.90844702831315,45.30025098854922],[-75.90829272020521,45.300164299432886],[-75.90824315026953,45.30013954661555],[-75.90818994305525,45.30011889461656],[-75.9081337749938,45.300102605666176],[-75.90807536473739,45.30009088891681],[-75.90801545609108,45.30008389222875],[-75.90796304568248,45.300081716702785],[-75.90791058676483,45.30008315736477],[-75.90785857520818,45.300088200313326],[-75.90783536633451,45.3000921077925],[-75.90780750867923,45.30009680384413]]]},"properties":{"ZONE_CODE":"IL5[2547] H(30)","ZONE_MAIN":"IL","ZNAME_EN":"Industrial Zone","LABEL":null}},{"type":"Feature","geometry":{"type":"Polygon","coordinates":[[[-75.69583618962406,45.2001105502867],[-75.69560402363214,45.199895122530535],[-75.69513955061281,45.19946412088263],[-75.69356850138546,45.200086665954885],[-75.69341462896044,45.20014763608339],[-75.69418712620586,45.200764714899314],[-75.69433663192028,45.20070547535504],[-75.69501253511983,45.20043764239485],[-75.69583618962406,45.2001105502867]]]},"properties":{"ZONE_CODE":"RG1[66r]","ZONE_MAIN":"RG","ZNAME_EN":"Rural Industrial Zone","LABEL":null}},{"type":"Feature","geometry":{"type":"Polygon","coordinates":[[[-75.43372105424147,45.342186305574764],[-75.43403373802893,45.34127667831018],[-75.43408174399771,45.34113702412632],[-75.43411205225709,45.34104885310962],[-75.4342087316429,45.34106566446731],[-75.43430461871465,45.34107202152703],[-75.43437894082969,45.3410716262629],[-75.43446739074919,45.3410615268217],[-75.43454582714821,45.341044450900874],[-75.43808332895671,45.34010793193071],[-75.43734573754827,45.33872232837364],[-75.43722523933268,45.33875423242806],[-75.4367456755149,45.33785331641962],[-75.43495405035942,45.338327646342236],[-75.43477644085134,45.33837466924666],[-75.43433449937595,45.3384916615129],[-75.43389256239215,45.33860865606316],[-75.43345061732349,45.338725648477386],[-75.43283463804161,45.33888870650006],[-75.43259435487278,45.338952313606725],[-75.43196141270337,45.339119854790404],[-75.43188619047642,45.33913976579843],[-75.43142275051966,45.339262441902434],[-75.4309592934949,45.339385115846376],[-75.43050012143406,45.3395066510566],[-75.4310603144385,45.34062782878696],[-75.43107366789519,45.34065456109421],[-75.43216710534386,45.34261602082766],[-75.4321671834973,45.34261595326838],[-75.43242628816796,45.342544311976646],[-75.43372105424147,45.342186305574764]]]},"properties":{"ZONE_CODE":"RH","ZONE_MAIN":"RH","ZNAME_EN":"Rural Industrial Zone","LABEL":null}},{"type":"Feature","geometry":{"type":"Polygon","coordinates":[[[-75.95451320381807,45.27647191877918],[-75.9544977186592,45.27648324469359],[-75.95416297763823,45.276691679169744],[-75.9542472629681,45.27675795542413],[-75.95544115632003,45.277696739134385],[-75.95499636808351,45.27797374994806],[-75.95562557326133,45.27847043073658],[-75.95584569554025,45.27864486883581],[-75.95584626507214,45.27864449209933],[-75.95686678986246,45.2780087546047],[-75.95489899699493,45.276461926662066],[-75.95472233341283,45.2764596067358],[-75.95451320381807,45.27647191877918]]]},"properties":{"ZONE_CODE":"RG5","ZONE_MAIN":"RG","ZNAME_EN":"Rural Industrial Zone","LABEL":null}},{"type":"Feature","geometry":{"type":"Polygon","coordinates":[[[-75.8794195015344,45.28396219729424],[-75.87951062484018,45.28390499620625],[-75.88103465983882,45.282948916494334],[-75.88226137224135,45.282177653689715],[-75.88175180918464,45.2817274078069],[-75.87782480775044,45.28264056192413],[-75.87768411720391,45.28267330470752],[-75.87815603905358,45.28306358663738],[-75.87833106321028,45.28320832731549],[-75.87843279112799,45.28314270961515],[-75.8794195015344,45.28396219729424]]]},"properties":{"ZONE_CODE":"IP[2409]-h","ZONE_MAIN":"IP","ZNAME_EN":"Industrial Zone","LABEL":null}},{"type":"Feature","geometry":{"type":"Polygon","coordinates":[[[-75.70273216349648,45.33270698097157],[-75.702732883047,45.33270702517695],[-75.70413055832283,45.33210258266995],[-75.70413516488362,45.332100590879925],[-75.70429719131647,45.33203051822353],[-75.7045791105004,45.33149521735664],[-75.70322384019754,45.33120385641793],[-75.70273216349648,45.33270698097157]]]},"properties":{"ZONE_CODE":"IG5[1566]","ZONE_MAIN":"IG","ZNAME_EN":"Transportation Zones","LABEL":null}},{"type":"Feature","geometry":{"type":"Polygon","coordinates":[[[-75.87693480008606,45.28205362395776],[-75.87768411720391,45.28267330470752],[-75.87782480775044,45.28264056192413],[-75.87794726968323,45.2826120767048],[-75.87719813312677,45.28199250463453],[-75.87693480008606,45.28205362395776]]]},"properties":{"ZONE_CODE":"IP4","ZONE_MAIN":"IP","ZNAME_EN":"Industrial Zone","LABEL":null}},{"type":"Feature","geometry":{"type":"Polygon","coordinates":[[[-75.87533513322872,45.28073050613231],[-75.87542246025411,45.28080273379826],[-75.87693480008606,45.28205362395776],[-75.87719813312677,45.28199250463453],[-75.87719798041317,45.28199237758825],[-75.88101626413842,45.281104584133374],[-75.88003937052146,45.28027737085949],[-75.88001349275308,45.280256514415015],[-75.87836238656593,45.27892569736005],[-75.8783522059588,45.27891749137195],[-75.87712456379994,45.27792793545271],[-75.87703050120653,45.278078346025424],[-75.87699614783345,45.278140138341634],[-75.87685345494215,45.2783039301635],[-75.87678179992518,45.278419701982024],[-75.87667059837449,45.27860837974861],[-75.87652810490917,45.27872987973388],[-75.87634080796906,45.27883719247342],[-75.87626946107426,45.27887385524249],[-75.87616747354342,45.27895042403913],[-75.87616575147301,45.27895171669337],[-75.87609407130324,45.27897862222516],[-75.8760864931155,45.278983229002115],[-75.87605698615337,45.27900535201923],[-75.87600197063041,45.27908020763856],[-75.87591168185952,45.27930665946056],[-75.8758571559184,45.279508980022506],[-75.87584907826736,45.27960044650242],[-75.87581370620475,45.27976442120925],[-75.87575536242367,45.280058846190514],[-75.87570019508544,45.28023380340949],[-75.87570942168173,45.28027506562729],[-75.87567938381525,45.28039865678535],[-75.8755925355919,45.28053867561928],[-75.87554038299976,45.280579191753176],[-75.87551407942993,45.28059962584534],[-75.87551173752199,45.280597687868486],[-75.87535735305727,45.28070492564976],[-75.87533513322872,45.28073050613231]]]},"properties":{"ZONE_CODE":"IP[2409]-h","ZONE_MAIN":"IP","ZNAME_EN":"Industrial Zone","LABEL":null}},{"type":"Feature","geometry":{"type":"Polygon","coordinates":[[[-75.83943040916361,45.32295823216251],[-75.83957620303926,45.32303002834701],[-75.84022747892531,45.32236657447599],[-75.840130293788,45.32225094351905],[-75.83931933158041,45.321286037658936],[-75.83915272284129,45.321087798047344],[-75.83900863576467,45.32121808465049],[-75.83770777731691,45.32239437589486],[-75.83770870258165,45.3223962789677],[-75.83768494304068,45.32241697338037],[-75.83843793157308,45.32279162027407],[-75.83893688103473,45.3227151902452],[-75.83943040916361,45.32295823216251]]]},"properties":{"ZONE_CODE":"IP[1530] H(45.5)","ZONE_MAIN":"IP","ZNAME_EN":"Industrial Zone","LABEL":null}},{"type":"Feature","geometry":{"type":"Polygon","coordinates":[[[-75.68570289767345,45.4307703753802],[-75.68522080419982,45.430973240086],[-75.68535506460556,45.43112971178489],[-75.68558862298619,45.431031475344085],[-75.68572127091596,45.43097648038792],[-75.68594458401077,45.43088181999639],[-75.68600612759089,45.43085595048666],[-75.6860772220591,45.43082604948939],[-75.68615148937691,45.43079481011388],[-75.68609050634551,45.43071415149695],[-75.68606729657353,45.43068345232275],[-75.68604408680153,45.430652753131845],[-75.68602920171728,45.43063306975782],[-75.68599637009025,45.43064688588204],[-75.68570289767345,45.4307703753802]]]},"properties":{"ZONE_CODE":"IG1 H(11)","ZONE_MAIN":"IG","ZNAME_EN":"Transportation Zones","LABEL":null}},{"type":"Feature","geometry":{"type":"Polygon","coordinates":[[[-75.68554881863592,45.42998985154526],[-75.68545091304975,45.42985875304486],[-75.6854291756165,45.429829648372376],[-75.68455423359777,45.430196376109336],[-75.68468736392286,45.43035153554477],[-75.68468749687352,45.43035169062708],[-75.68478974671243,45.430309474810684],[-75.68553574096204,45.4299953563719],[-75.68554881863592,45.42998985154526]]]},"properties":{"ZONE_CODE":"IG1 H(11)","ZONE_MAIN":"IG","ZNAME_EN":"Transportation Zones","LABEL":null}},{"type":"Feature","geometry":{"type":"Polygon","coordinates":[[[-75.44010337502769,45.345695067947894],[-75.44014189209211,45.345764023866636],[-75.44024505641598,45.3459492929993],[-75.44050390686341,45.34641415046846],[-75.44053076649041,45.34646238390407],[-75.44056511267698,45.34652406382491],[-75.44070325560136,45.346772145287],[-75.44071818290645,45.346798949823544],[-75.44074062551718,45.34683925509482],[-75.44077507590833,45.3469011189585],[-75.44081420113223,45.34697137966406],[-75.44111982146661,45.34752020717882],[-75.44159905919595,45.34838078707007],[-75.44215191476114,45.349373530921255],[-75.44215566253253,45.34938025952671],[-75.44573784654322,45.34978709182285],[-75.44344138346943,45.3454375472994],[-75.44339104906743,45.3453431488855],[-75.44239285010688,45.345614046624846],[-75.44235549186915,45.345624185029735],[-75.44229177346773,45.34551951339371],[-75.44229212201405,45.34551941805792],[-75.44229200163981,45.34551919266142],[-75.44229163872043,45.34551929178535],[-75.44217645314144,45.3453031519179],[-75.44212195684474,45.34520007325679],[-75.44209214984531,45.34514413417569],[-75.44193759380236,45.34485407968324],[-75.44192580970245,45.34483196467663],[-75.44188685875174,45.344758864564795],[-75.44188684078543,45.34475882983941],[-75.44188670244488,45.34475856971444],[-75.44179206043812,45.34458095461078],[-75.44176224984541,45.3445250079728],[-75.44175695697177,45.344515073304855],[-75.44175010911437,45.34450222168698],[-75.44253700276053,45.34428668974004],[-75.4426091823936,45.34426650084216],[-75.44278808817064,45.34421645979664],[-75.44279002134512,45.34421591870629],[-75.44247854040181,45.34363171556464],[-75.44227477195267,45.343685171647444],[-75.44226529831968,45.34368765677162],[-75.4420019536009,45.34375674141205],[-75.44196529964233,45.34376635736499],[-75.44194075587215,45.34377279493839],[-75.44127063512808,45.34394858788875],[-75.44123278371528,45.343958517605024],[-75.44084307298544,45.344060747427925],[-75.4408427998976,45.344060818773784],[-75.44064329664941,45.343686332129714],[-75.43957827650644,45.34398206176552],[-75.43950400559537,45.34400268515406],[-75.43920706478328,45.34408513569927],[-75.43975786949467,45.345074357355216],[-75.43999217976518,45.3454951579398],[-75.44010337502769,45.345695067947894]]]},"properties":{"ZONE_CODE":"RH[818r]","ZONE_MAIN":"RH","ZNAME_EN":"Rural Industrial Zone","LABEL":null}},{"type":"Feature","geometry":{"type":"Polygon","coordinates":[[[-75.64428751149853,45.41146003536917],[-75.64408746656623,45.41224671105761],[-75.64410744330152,45.412249564604394],[-75.64412742273176,45.41225240490806],[-75.64414740755187,45.4122552325992],[-75.64416739596527,45.41225804704724],[-75.64418738707359,45.41226084888279],[-75.64420738177519,45.412263636844564],[-75.64422738186668,45.41226641282449],[-75.6442473846531,45.4122691749307],[-75.6442673910328,45.412271923163175],[-75.64428740100576,45.41227465941376],[-75.64430741457197,45.41227738305189],[-75.64432743173144,45.41228009218566],[-75.64434745158589,45.41228278996818],[-75.64436747593187,45.412285472615736],[-75.64438750476944,45.412288143281444],[-75.64440753540366,45.412290801334656],[-75.6444275696311,45.4122934455142],[-75.64444760835015,45.41229607708125],[-75.64446765066246,45.41229869540518],[-75.64446775127378,45.41229832712457],[-75.64464856058089,45.4116106673336],[-75.64467726085591,45.41150151105268],[-75.6446407667975,45.41149762765511],[-75.64428751149853,45.41146003536917]]]},"properties":{"ZONE_CODE":"IG3","ZONE_MAIN":"IG","ZNAME_EN":"Transportation Zones","LABEL":null}},{"type":"Feature","geometry":{"type":"Polygon","coordinates":[[[-75.63491111934508,45.38010795858708],[-75.63444381124272,45.3802969535042],[-75.634388451665,45.3803193366976],[-75.63452920778856,45.38049214394046],[-75.63458219042401,45.380557182661576],[-75.63478499408257,45.380806144669876],[-75.63536000839088,45.38151202301278],[-75.63538753636445,45.381545815390496],[-75.63549617502164,45.38167912021459],[-75.63602111364277,45.38147157964874],[-75.63591007199216,45.38133444123424],[-75.6358906890433,45.381310643822744],[-75.63586767779896,45.38128239179735],[-75.63578295229463,45.381178370388426],[-75.63510484193444,45.380345809226064],[-75.6349238745238,45.38012361816828],[-75.63491111934508,45.38010795858708]]]},"properties":{"ZONE_CODE":"IL[2563]","ZONE_MAIN":"IL","ZNAME_EN":"Industrial Zone","LABEL":null}},{"type":"Feature","geometry":{"type":"Polygon","coordinates":[[[-75.91411764354415,45.300164851054],[-75.91361444415293,45.30047808313902],[-75.9124588199304,45.301197373972954],[-75.91398254231531,45.30242553245817],[-75.91574219193825,45.301485592223365],[-75.91564247175519,45.30140442045349],[-75.9156418905452,45.30140394782627],[-75.91492070147554,45.30081754079028],[-75.91493378992922,45.30080952247232],[-75.91466844825557,45.30059354305992],[-75.91459774545281,45.3005359935261],[-75.91458454740464,45.30054420396944],[-75.91416777762184,45.30020558506602],[-75.91411764354415,45.300164851054]]]},"properties":{"ZONE_CODE":"IL6[2440] H(30)-h","ZONE_MAIN":"IL","ZNAME_EN":"Industrial Zone","LABEL":null}},{"type":"Feature","geometry":{"type":"Polygon","coordinates":[[[-75.6307777748901,45.40745077480851],[-75.63117098994788,45.40814811170108],[-75.6312079556218,45.40813150631943],[-75.63246993857733,45.407507772990265],[-75.63263811128336,45.40742412009614],[-75.63224269535318,45.40704040348244],[-75.63223831426953,45.40703641760861],[-75.63204883711823,45.407094712877544],[-75.6316833287988,45.40719710423178],[-75.63081412072651,45.40744059324469],[-75.6307777748901,45.40745077480851]]]},"properties":{"ZONE_CODE":"IL[2460]","ZONE_MAIN":"IL","ZNAME_EN":"Industrial Zone","LABEL":null}},{"type":"Feature","geometry":{"type":"Polygon","coordinates":[[[-75.97185251777148,45.2990091071541],[-75.97057475051808,45.29801973613435],[-75.97052992548372,45.297985026912656],[-75.97052933439225,45.2979845334045],[-75.96996491750937,45.29834786989543],[-75.96855559557588,45.29926029203419],[-75.96715048943601,45.300175167568],[-75.96737169059158,45.30035558588905],[-75.96739768603926,45.30033297075957],[-75.9674009199743,45.3003302322501],[-75.96740297711628,45.30032856475431],[-75.96743455469516,45.300303376020544],[-75.96743595606699,45.300302270885425],[-75.96744874897496,45.30029228991589],[-75.96745373821807,45.300288542312835],[-75.96745534440578,45.30028739673796],[-75.9675031877795,45.3002536265956],[-75.9675085659931,45.300249975665736],[-75.96757571056902,45.30020614426914],[-75.96757775872786,45.30020482682453],[-75.96757785215264,45.30020476679705],[-75.9675974030865,45.30019238787112],[-75.96760620298302,45.300187143365875],[-75.9676681031943,45.30015245948196],[-75.9676742871967,45.300149166815],[-75.96773959022629,45.30011584458537],[-75.96774100597118,45.300115130573495],[-75.96775386355783,45.300108694356204],[-75.96775635009456,45.30010746916222],[-75.96776199690443,45.30010483995517],[-75.96782366445206,45.3000772076833],[-75.96782857015182,45.30007508207474],[-75.96783055722521,45.30007426127641],[-75.96789374112905,45.30004851891182],[-75.9678957425755,45.30004771390988],[-75.96791394962969,45.300040500485125],[-75.96792092953943,45.30003786748377],[-75.96792276030598,45.30003721918536],[-75.96798499379223,45.30001548917889],[-75.96799192519298,45.30001318980373],[-75.9680821043694,45.29998481377578],[-75.96808457743137,45.29998404984445],[-75.96810708831408,45.299977232594436],[-75.9681071952136,45.29997720289649],[-75.96811647660711,45.29997459643076],[-75.96817942964391,45.299958253098055],[-75.96818180928109,45.29995764776596],[-75.96818642123176,45.29995654515158],[-75.96828021702552,45.299935062807556],[-75.96828304043048,45.299934433464124],[-75.9683087097897,45.299928861625865],[-75.96831320855264,45.299927928352396],[-75.96831684762786,45.29992723392612],[-75.96836506290411,45.29991839594543],[-75.9683703988969,45.299917475941086],[-75.96847215376408,45.29990101000888],[-75.96847533559682,45.29990051462176],[-75.9684769103435,45.29990028462056],[-75.9685201552413,45.299894099231885],[-75.96852761574972,45.299893140682954],[-75.96855194212762,45.29989036423997],[-75.96855463078526,45.29989007168348],[-75.96869207841362,45.299875797705894],[-75.96869268118317,45.29987573641435],[-75.9686980782614,45.29987524355449],[-75.9687525503036,45.299870823612494],[-75.96875856721938,45.299870402785956],[-75.9689136092509,45.299861315207075],[-75.96891463872021,45.29986125707483],[-75.9689151911841,45.299861226744994],[-75.96892961812758,45.29986046597141],[-75.9689328062485,45.29986031748153],[-75.96894719546273,45.29985972920893],[-75.96894878278583,45.29985966918109],[-75.96913797786614,45.29985304526888],[-75.96913877287517,45.2998530180984],[-75.96914594951599,45.29985278809706],[-75.9691467382368,45.299852764085905],[-75.96966504818943,45.299837652868554],[-75.9696659339283,45.299837628225546],[-75.96967405919006,45.299837417812135],[-75.9696749673868,45.29983739632849],[-75.97018927803978,45.299825807794385],[-75.97021551603261,45.299824096052674],[-75.97024789760366,45.29982040275971],[-75.97025188253025,45.29981951687488],[-75.97025511197369,45.29981860192389],[-75.97026223471558,45.29981611487471],[-75.97032557941785,45.29978887359123],[-75.97040156161951,45.29974994833222],[-75.97078786324283,45.29954173758245],[-75.97083047213339,45.29951709823088],[-75.97088249716477,45.29948343125739],[-75.9711069421368,45.299314838915656],[-75.97110946999602,45.29931297613974],[-75.97111225207846,45.29931100531265],[-75.97116133692388,45.29927695213913],[-75.97116685527469,45.29927327271184],[-75.97121669380664,45.29924133820486],[-75.97121742683193,45.29924087061469],[-75.97121818141675,45.29924039481004],[-75.97123177023205,45.299231869502265],[-75.97124059617973,45.299226657765914],[-75.97124065097697,45.29922662743573],[-75.9713088322087,45.29918880378818],[-75.97131650112628,45.29918476481584],[-75.9713740894242,45.29915598397031],[-75.97137645199341,45.2991548213118],[-75.97137978923467,45.29915324224454],[-75.97143208645558,45.299129055782096],[-75.97143929992731,45.29912587995354],[-75.97144477246403,45.29912367153306],[-75.9715075889569,45.29909929802142],[-75.97151308395149,45.29909724630618],[-75.97151459401948,45.29909671047172],[-75.9715666927127,45.29907843080421],[-75.97157275095098,45.29907639804467],[-75.97162813657982,45.299058645990975],[-75.97163190770738,45.29905747195661],[-75.9716389091767,45.299055469526586],[-75.97168094224718,45.29904412473867],[-75.97177975423347,45.29902130119722],[-75.97185251777148,45.2990091071541]]]},"properties":{"ZONE_CODE":"RG5[878r]","ZONE_MAIN":"RG","ZNAME_EN":"Rural Industrial Zone","LABEL":null}},{"type":"Feature","geometry":{"type":"Polygon","coordinates":[[[-75.52202126860604,45.447298778532335],[-75.5220021003545,45.44730451422416],[-75.52141882963042,45.44747905833953],[-75.52143476574355,45.44750516538622],[-75.52203136926309,45.44850098531953],[-75.52212451287994,45.44852292870694],[-75.5222350766268,45.44869772617817],[-75.5227456664579,45.44849353052765],[-75.52266079991804,45.448353224720464],[-75.52264167388734,45.448321605574584],[-75.52246306096109,45.448026296063524],[-75.5221288939636,45.44747379092234],[-75.52208773585222,45.447406871110836],[-75.52202126860604,45.447298778532335]]]},"properties":{"ZONE_CODE":"IL2[2548] H(14)","ZONE_MAIN":"IL","ZNAME_EN":"Industrial Zone","LABEL":null}},{"type":"Feature","geometry":{"type":"Polygon","coordinates":[[[-75.61304428557992,45.39072067693728],[-75.61225417327009,45.38975975660768],[-75.61218635765266,45.389675937380744],[-75.61160540098874,45.38895787588396],[-75.61146703348552,45.38878684962562],[-75.61077590923179,45.38793258246098],[-75.61042916941359,45.38829874387465],[-75.60975412949503,45.389011330789],[-75.60928032297987,45.38944867040002],[-75.60901611947168,45.38964993354167],[-75.60873554237077,45.38983987314477],[-75.6084445043884,45.390021543346805],[-75.60814215841322,45.39019410896325],[-75.60749954857474,45.39050340383942],[-75.60699774965701,45.390709623035285],[-75.60790390453863,45.39242473857814],[-75.60791869979136,45.39244734911872],[-75.60793816448694,45.39246812769412],[-75.60796185575592,45.39248660054651],[-75.60798923101588,45.39250234375467],[-75.60801966414108,45.39251499774298],[-75.6080524562422,45.392524272328],[-75.6081648911798,45.39268160254256],[-75.61007753108215,45.39191274512532],[-75.61046578654121,45.39175674701145],[-75.61122925661635,45.39144998681105],[-75.61304428557992,45.39072067693728]]]},"properties":{"ZONE_CODE":"IL[2561] H(22)","ZONE_MAIN":"IL","ZNAME_EN":"Industrial Zone","LABEL":null}},{"type":"Feature","geometry":{"type":"Polygon","coordinates":[[[-75.62862575911738,45.38088110500589],[-75.62911931689068,45.38175414627479],[-75.62923156767363,45.38171067321909],[-75.63064609714083,45.3811386208476],[-75.6301585904193,45.3802764190586],[-75.63015697884167,45.38027701469899],[-75.63007552051002,45.38030711598243],[-75.6300696428331,45.38030928905897],[-75.62992076324446,45.38036430496954],[-75.62953512278119,45.380518205625066],[-75.6295069417324,45.38052945270463],[-75.62922196558155,45.38064317900936],[-75.62882890952562,45.38080003436521],[-75.62873740443584,45.38083655106047],[-75.62862575911738,45.38088110500589]]]},"properties":{"ZONE_CODE":"IP[2103]","ZONE_MAIN":"IP","ZNAME_EN":"Industrial Zone","LABEL":null}},{"type":"Feature","geometry":{"type":"Polygon","coordinates":[[[-75.49082841841191,45.455525363083424],[-75.48990841420357,45.45578536864887],[-75.48971124927007,45.45584086873637],[-75.49008606323754,45.45648965873598],[-75.49014299756193,45.45659246524495],[-75.49122230720612,45.456157602003096],[-75.491211545389,45.45612296072771],[-75.49117573764347,45.456007708941115],[-75.49113090093101,45.45593044495716],[-75.49099965437306,45.455704280085264],[-75.49088632920503,45.45550899659344],[-75.49082841841191,45.455525363083424]]]},"properties":{"ZONE_CODE":"IG7[2434] H(21)","ZONE_MAIN":"IG","ZNAME_EN":"Transportation Zones","LABEL":null}},{"type":"Feature","geometry":{"type":"Polygon","coordinates":[[[-75.94404512772738,45.292648389781924],[-75.94414813394775,45.29258256118561],[-75.94422008630707,45.29253657711643],[-75.9446625613817,45.29225379875956],[-75.94470669291668,45.292225595164474],[-75.94496376919143,45.29206130004936],[-75.94496402251634,45.29206131774422],[-75.94496387070106,45.29206119640813],[-75.94624826752126,45.29126099014894],[-75.94636278385536,45.29118964222649],[-75.94645788669786,45.29113062203588],[-75.94484529038861,45.28984925871866],[-75.94475963063637,45.29005757331181],[-75.94449123738568,45.29070478262961],[-75.94451133719016,45.290729791722995],[-75.9442408239154,45.290929567678596],[-75.94390830352981,45.291175131598436],[-75.94383639967954,45.29135846537902],[-75.94359477263104,45.2919745326885],[-75.9433956781163,45.29231432752397],[-75.94391648269048,45.29273060227153],[-75.94395912931027,45.29270334810472],[-75.94404184618165,45.292650486599065],[-75.94404512772738,45.292648389781924]]]},"properties":{"ZONE_CODE":"IP13[2166]-h","ZONE_MAIN":"IP","ZNAME_EN":"Industrial Zone","LABEL":null}},{"type":"Feature","geometry":{"type":"Polygon","coordinates":[[[-75.91621207820548,45.30802628715884],[-75.91609176594118,45.30802414794913],[-75.91612343963978,45.30811977294413],[-75.91611334796589,45.308193787153215],[-75.9160962108052,45.30827270323142],[-75.91605830100188,45.308330116660976],[-75.91600871220159,45.308389116423704],[-75.91591455348843,45.30847257659336],[-75.915619520698,45.308727838706496],[-75.91564917139058,45.30874345297255],[-75.91629095208407,45.30908139985264],[-75.91670122345411,45.309250774340995],[-75.9168032199681,45.30908981501508],[-75.91713252438495,45.30857013911671],[-75.91638107197168,45.308029296330524],[-75.91621207820548,45.30802628715884]]]},"properties":{"ZONE_CODE":"IL7[1431]","ZONE_MAIN":"IL","ZNAME_EN":"Industrial Zone","LABEL":null}},{"type":"Feature","geometry":{"type":"Polygon","coordinates":[[[-75.7425926665259,45.37692036173867],[-75.74314074215548,45.377548558876505],[-75.74362374113092,45.377338553576514],[-75.7445399041431,45.376947336882104],[-75.74496209076706,45.37676473493169],[-75.74511897524323,45.37704241455301],[-75.74523629611765,45.37701073463401],[-75.74532977031453,45.37698464609228],[-75.74542336758063,45.376958523463806],[-75.74551674296283,45.37693246266253],[-75.74561031597439,45.376906345689065],[-75.74546370732676,45.376650059350915],[-75.74546069707226,45.37664479668195],[-75.7454171242894,45.3765679231672],[-75.74578882828935,45.376407150068545],[-75.74795954518967,45.375468208727376],[-75.74760163032933,45.37485128780119],[-75.74712903025161,45.37505577322552],[-75.74706758099461,45.37498583009061],[-75.74662984722802,45.3751752264269],[-75.74513616899776,45.37582148773646],[-75.743773479509,45.37641103966423],[-75.74351111575048,45.37611265439519],[-75.74317948829031,45.37625612766307],[-75.74344047852475,45.37655295293328],[-75.7425926665259,45.37692036173867]]]},"properties":{"ZONE_CODE":"IL H(11)","ZONE_MAIN":"IL","ZNAME_EN":"Industrial Zone","LABEL":null}},{"type":"Feature","geometry":{"type":"Polygon","coordinates":[[[-75.78502995011691,45.26357299135213],[-75.78508863525778,45.26354664882943],[-75.78517187674527,45.2635124477278],[-75.78517331045646,45.26351498252508],[-75.78517665398596,45.26351360795555],[-75.78662329732624,45.26291920404738],[-75.78695871028702,45.26278090138691],[-75.7875637867163,45.26253139996829],[-75.78842295072542,45.262181521892884],[-75.7889724034723,45.26195852297933],[-75.78795738265974,45.26022947095165],[-75.78742823183825,45.260450491832955],[-75.78597565332889,45.26104595224386],[-75.78574926170762,45.26113875482054],[-75.78419563710182,45.26177850921898],[-75.78408901606076,45.26182241204414],[-75.78405025016298,45.2618411558099],[-75.78434753592816,45.26236592878743],[-75.78453381058549,45.26269542020317],[-75.78502995011691,45.26357299135213]]]},"properties":{"ZONE_CODE":"IP[2926] H(33)","ZONE_MAIN":"IP","ZNAME_EN":"Industrial Zone","LABEL":null}},{"type":"Feature","geometry":{"type":"Polygon","coordinates":[[[-75.80092651133353,45.26630549048154],[-75.80094988459891,45.26634448484808],[-75.8011040426882,45.266280130472396],[-75.80127282714692,45.26621016989286],[-75.80208466790684,45.265873653710266],[-75.80300707780351,45.26549354285601],[-75.80298372609771,45.26545409710706],[-75.8020547665843,45.26583691868478],[-75.80110224426099,45.26623175605446],[-75.8010804870648,45.2662407737845],[-75.80092651133353,45.26630549048154]]]},"properties":{"ZONE_CODE":"RH1[121r]","ZONE_MAIN":"RH","ZNAME_EN":"Rural Industrial Zone","LABEL":null}},{"type":"Feature","geometry":{"type":"Polygon","coordinates":[[[-75.75855759402724,45.246492209225764],[-75.75855777548692,45.24649247865642],[-75.75867229002439,45.24663624311083],[-75.76010818142905,45.24687485760432],[-75.76067164250449,45.24758219994781],[-75.7607091471676,45.24763142572705],[-75.7607334672573,45.247662247710494],[-75.76077579587347,45.24765045245676],[-75.76195526228196,45.24731583305372],[-75.76186830176918,45.24716564959843],[-75.7615255073517,45.24656819619942],[-75.76122118867617,45.2461233714238],[-75.76114790950518,45.24605623149401],[-75.76061677161029,45.2456737521643],[-75.75855759402724,45.246492209225764]]]},"properties":{"ZONE_CODE":"IL[304]","ZONE_MAIN":"IL","ZNAME_EN":"Industrial Zone","LABEL":null}},{"type":"Feature","geometry":{"type":"Polygon","coordinates":[[[-75.48295028499834,45.4892631583166],[-75.4837976155002,45.48900397847698],[-75.48367806770217,45.48881058500564],[-75.48346045082461,45.48845853589426],[-75.48337846697852,45.488325952874185],[-75.48221353890459,45.48844896847988],[-75.48192232125915,45.48848002730367],[-75.48191060363459,45.48848127676002],[-75.48190517331871,45.48848185551528],[-75.48198208437837,45.48865140283175],[-75.48199890623039,45.488684923921326],[-75.48201376975507,45.48871486667374],[-75.4820948148617,45.48887798405031],[-75.48220802235043,45.489105832062954],[-75.48224344112545,45.489177118883624],[-75.48261714657185,45.48908534032071],[-75.48273819096313,45.48905560747527],[-75.48281100031524,45.48903772670012],[-75.48295028499834,45.4892631583166]]]},"properties":{"ZONE_CODE":"IL H(21)","ZONE_MAIN":"IL","ZNAME_EN":"Industrial Zone","LABEL":null}},{"type":"Feature","geometry":{"type":"Polygon","coordinates":[[[-75.8704944481325,45.284346610671825],[-75.87050338636959,45.28436575087624],[-75.87077816933689,45.284954203302426],[-75.87082716165585,45.28506414744667],[-75.87155752881279,45.28489674091873],[-75.8715044976683,45.28478518664484],[-75.87148956407502,45.28475320668863],[-75.87122077915885,45.284177602316724],[-75.8704944481325,45.284346610671825]]]},"properties":{"ZONE_CODE":"IP4[2341]","ZONE_MAIN":"IP","ZNAME_EN":"Industrial Zone","LABEL":null}},{"type":"Feature","geometry":{"type":"Polygon","coordinates":[[[-75.62373575651208,45.32036248674997],[-75.62369285117748,45.320288595811554],[-75.62358580792822,45.32010424387327],[-75.63276448897247,45.31644077688556],[-75.6333344017483,45.31619659586798],[-75.63225192913598,45.31443074868901],[-75.63100632067145,45.31496825437828],[-75.6298702842137,45.315398743435615],[-75.62926942357801,45.315641067546785],[-75.62926544493962,45.31564266447396],[-75.62926398427898,45.31564012252974],[-75.62915462247796,45.31568433680297],[-75.62904525977865,45.315728550409986],[-75.62904640333402,45.315730524456534],[-75.62874865673308,45.31584994877504],[-75.62817339538807,45.316080738807436],[-75.62773425665638,45.316256913989065],[-75.62764211825433,45.31629385388724],[-75.62753413087572,45.316337263511365],[-75.62729837701254,45.316432000857844],[-75.62708600899117,45.31651941111946],[-75.62685822677781,45.31661316778621],[-75.62678849325728,45.316641870283966],[-75.62651389174964,45.3167548855168],[-75.62642121256177,45.316793011391105],[-75.62620277282741,45.31688292255679],[-75.62598419475248,45.31697287906077],[-75.62598267390469,45.31697025379437],[-75.62576006329245,45.3170602366903],[-75.62576147993565,45.31706267308026],[-75.62532290804091,45.317239498995875],[-75.62490931380262,45.3174062478618],[-75.62488436399393,45.317416308567765],[-75.62444504020928,45.31759521221932],[-75.62422737931425,45.31768319614081],[-75.62400662192644,45.31777243379487],[-75.62356998230787,45.317948961242344],[-75.6231316502633,45.3181261684465],[-75.62253627294413,45.31836686825243],[-75.62243192104746,45.31818431284067],[-75.62187172444976,45.31719396004276],[-75.62169204342663,45.317267206283894],[-75.62103736202735,45.317534115404506],[-75.6191335669373,45.31831023435929],[-75.61862871015435,45.31851604217906],[-75.61758551817448,45.318941290570784],[-75.6175441076365,45.318958169130816],[-75.61731629937204,45.319051031756565],[-75.61616610366876,45.31951030833009],[-75.61660366046723,45.32027933085555],[-75.61675571021055,45.32054655992588],[-75.61739379882823,45.32166797913197],[-75.61762534228764,45.3217348742557],[-75.61835671735432,45.32290536159896],[-75.61948193719773,45.322428760046336],[-75.62096729163855,45.321823166931054],[-75.62158754959617,45.32157027240532],[-75.62193859953108,45.3213562000353],[-75.62233836151061,45.32113901416121],[-75.6227840004517,45.32089689989449],[-75.62300975606577,45.32077013899177],[-75.6231546902537,45.32068875733966],[-75.62373575651208,45.32036248674997]]]},"properties":{"ZONE_CODE":"IL2 H(14)","ZONE_MAIN":"IL","ZNAME_EN":"Industrial Zone","LABEL":null}},{"type":"Feature","geometry":{"type":"Polygon","coordinates":[[[-75.52387753203779,45.44727753169958],[-75.52412887526438,45.447690581475264],[-75.52416571337756,45.44775112121802],[-75.52425727146793,45.44788299933023],[-75.52458409204303,45.44775638797908],[-75.52449973125469,45.44761765778654],[-75.52449498725169,45.44761955916938],[-75.52445681514031,45.44755677884018],[-75.52420684364117,45.44714570385046],[-75.52390207670629,45.44726770583236],[-75.52387753203779,45.44727753169958]]]},"properties":{"ZONE_CODE":"IL2 H(14)-h","ZONE_MAIN":"IL","ZNAME_EN":"Industrial Zone","LABEL":null}},{"type":"Feature","geometry":{"type":"Polygon","coordinates":[[[-75.52344549179347,45.44745110220101],[-75.52294156836011,45.44765220029967],[-75.52320340480755,45.448082397452154],[-75.52322969939424,45.448125598867705],[-75.52326367727152,45.44818142727375],[-75.5232637814761,45.448181385679455],[-75.52331396406281,45.44826383561243],[-75.52399336979366,45.447989006025246],[-75.52394625495364,45.4479092618543],[-75.52391254477428,45.44785384156164],[-75.5238778805841,45.447796854485105],[-75.523716232342,45.44753109217682],[-75.52353754844881,45.44760216123059],[-75.52344549179347,45.44745110220101]]]},"properties":{"ZONE_CODE":"IL2 H(14)-h","ZONE_MAIN":"IL","ZNAME_EN":"Industrial Zone","LABEL":null}},{"type":"Feature","geometry":{"type":"Polygon","coordinates":[[[-75.52246306096109,45.448026296063524],[-75.52264167388734,45.448321605574584],[-75.52266079991804,45.448353224720464],[-75.5227456664579,45.44849353052765],[-75.52278601428887,45.44847739391551],[-75.52308632019003,45.448355918888694],[-75.52303590314304,45.44827227735246],[-75.52300275081747,45.44821728029163],[-75.52297891851298,45.44817774113604],[-75.52280798438578,45.44789416556809],[-75.52246306096109,45.448026296063524]]]},"properties":{"ZONE_CODE":"IL2 H(14)-h","ZONE_MAIN":"IL","ZNAME_EN":"Industrial Zone","LABEL":null}},{"type":"Feature","geometry":{"type":"Polygon","coordinates":[[[-75.97052933439225,45.2979845334045],[-75.97052992548372,45.297985026912656],[-75.97057475051808,45.29801973613435],[-75.97185251777148,45.2990091071541],[-75.97186365867763,45.299007239944935],[-75.97186827601818,45.2990065088583],[-75.97187296702062,45.29900585233364],[-75.97195295930172,45.29899538016407],[-75.97210813877547,45.29898332765678],[-75.97214004783268,45.298982521375926],[-75.97214182020873,45.2989825327498],[-75.97214458522318,45.29898244491828],[-75.97214749756132,45.29898243607194],[-75.97221503200608,45.29898258582785],[-75.97231316486602,45.29898701784485],[-75.97232151021501,45.2989874475243],[-75.97232890604475,45.29898793091363],[-75.97239582873678,45.29899322481654],[-75.97239720315918,45.29899333602767],[-75.97240813475787,45.29899448352432],[-75.97245286277418,45.29900011801064],[-75.97245430546853,45.29900030378374],[-75.97245778464362,45.29900078527734],[-75.97254077280618,45.29901283019831],[-75.97254599920451,45.299013642797554],[-75.97259321555417,45.29902147370076],[-75.97259673425513,45.29902208220231],[-75.97260175044768,45.29902303634274],[-75.97263198953677,45.29902910113724],[-75.97263531509996,45.299029791151334],[-75.97271129819995,45.299046086728694],[-75.97271497859765,45.2990469043825],[-75.97271763581428,45.299047531840195],[-75.97277474980173,45.2990613302201],[-75.97278101375419,45.29906292951006],[-75.97290788282177,45.299097107292525],[-75.97291073048123,45.29909789335161],[-75.97291361227666,45.29909872680165],[-75.97296328192535,45.299113419279465],[-75.9729687266143,45.2991151007124],[-75.97322916707978,45.299198946713034],[-75.97330660275559,45.29922168614308],[-75.97336997620393,45.29923757979046],[-75.97342440692363,45.299248546044396],[-75.97344928486712,45.299252359431534],[-75.9735171804346,45.29925923995659],[-75.97363129073018,45.29926424443381],[-75.97137787043324,45.29743828609712],[-75.97052933439225,45.2979845334045]]]},"properties":{"ZONE_CODE":"RG5[275r]-h","ZONE_MAIN":"RG","ZNAME_EN":"Rural Industrial Zone","LABEL":null}},{"type":"Feature","geometry":{"type":"Polygon","coordinates":[[[-75.66186802220743,45.399453610916645],[-75.6618066897314,45.399232846686786],[-75.66016075065376,45.399422320120316],[-75.66038987764509,45.399623768510466],[-75.66038999352776,45.39962375463377],[-75.6614618004427,45.39950037488108],[-75.6614668022622,45.39949979899681],[-75.66162335346338,45.39948177753844],[-75.66167587795805,45.39947573106696],[-75.66186802220743,45.399453610916645]]]},"properties":{"ZONE_CODE":"IP12[2424]  F(1.2)","ZONE_MAIN":"IP","ZNAME_EN":"Industrial Zone","LABEL":null}},{"type":"Feature","geometry":{"type":"Polygon","coordinates":[[[-75.92021508879083,45.351686699168766],[-75.9202130361404,45.35168739232949],[-75.92010161989235,45.35172502753618],[-75.92007164041637,45.35173515348327],[-75.91997109647819,45.35176911579552],[-75.91958608842889,45.35190433544312],[-75.91895466620895,45.35137322866216],[-75.91892710050612,45.351350042365084],[-75.91876990790783,45.35121782006435],[-75.91822417508452,45.35111702611741],[-75.91812157939422,45.351098077004494],[-75.91794364469602,45.35106521275311],[-75.91763315459447,45.35146864792704],[-75.91745227521875,45.351683693578195],[-75.91731060281361,45.35180895226515],[-75.91704057373079,45.35200555221506],[-75.91696957089071,45.35204224911332],[-75.91700924498524,45.352073352130624],[-75.91701304216396,45.35207632866117],[-75.91708693668092,45.352134260183945],[-75.91714410456729,45.35217907726263],[-75.9173095086656,45.352308748180846],[-75.91744940240649,45.35232719122765],[-75.91749996408225,45.35233385572196],[-75.91796177898665,45.35239473571834],[-75.91880981017444,45.35250652626589],[-75.91886279101327,45.35251351080045],[-75.9188715864182,45.35251466920795],[-75.91890449799527,45.35251901055268],[-75.91891548169625,45.35251203233166],[-75.91899176124028,45.3524635932018],[-75.91906804078431,45.35241514582376],[-75.91914433380309,45.35236670661098],[-75.91915034532897,45.35236287722784],[-75.91925981941937,45.35229336118928],[-75.91932050331177,45.3522548223567],[-75.91938120067888,45.35221628349784],[-75.91944188457127,45.35217774461272],[-75.91950256846367,45.352139205701356],[-75.91956325325438,45.352100666763754],[-75.91963958310406,45.3520521919296],[-75.91971667113184,45.35200323474806],[-75.91977735502424,45.35196469634912],[-75.91983803891662,45.351926157292745],[-75.9198987219107,45.35188761821007],[-75.91995940580308,45.35184907910114],[-75.92002008879716,45.35181053996599],[-75.92021508879083,45.351686699168766]]]},"properties":{"ZONE_CODE":"IP6[2587]","ZONE_MAIN":"IP","ZNAME_EN":"Industrial Zone","LABEL":null}},{"type":"Feature","geometry":{"type":"Polygon","coordinates":[[[-75.90730097563998,45.29700969472],[-75.9088459629443,45.29824416423964],[-75.90897161030308,45.29816527843279],[-75.90905539077976,45.298112482048],[-75.91122280277814,45.296746589697996],[-75.91166345966266,45.29646887560373],[-75.90993385060115,45.295569046308216],[-75.9097304765124,45.29546773434129],[-75.90730241294443,45.29700878857033],[-75.90730097563998,45.29700969472]]]},"properties":{"ZONE_CODE":"IL5[2877] H(30)","ZONE_MAIN":"IL","ZNAME_EN":"Industrial Zone","LABEL":null}},{"type":"Feature","geometry":{"type":"Polygon","coordinates":[[[-75.94470669291668,45.292225595164474],[-75.9446625613817,45.29225379875956],[-75.94422008630707,45.29253657711643],[-75.94414813394775,45.29258256118561],[-75.94404512772738,45.292648389781924],[-75.94483889168883,45.29328247563506],[-75.94488434195064,45.29331878149965],[-75.94516875575611,45.29354597589488],[-75.94653131948074,45.29463638472378],[-75.9478997671705,45.29575288974472],[-75.94792684149485,45.29580713225669],[-75.94788664008925,45.29584156982359],[-75.94784355239663,45.29586919720854],[-75.94897137915102,45.29677049155512],[-75.94897501283634,45.29677390953566],[-75.95008008436626,45.296083075177705],[-75.95142817712998,45.29524028223721],[-75.95152378841894,45.29517996639441],[-75.94964914545648,45.293666149043474],[-75.94896782451744,45.29312485125296],[-75.94645788669786,45.29113062203588],[-75.94636278385536,45.29118964222649],[-75.94624826752126,45.29126099014894],[-75.94496387070106,45.29206119640813],[-75.94496402251634,45.29206131774422],[-75.94496376919143,45.29206130004936],[-75.94470669291668,45.292225595164474]]]},"properties":{"ZONE_CODE":"IP13[2166]","ZONE_MAIN":"IP","ZNAME_EN":"Industrial Zone","LABEL":null}},{"type":"Feature","geometry":{"type":"Polygon","coordinates":[[[-75.60726488796128,45.397070868875815],[-75.6071812943342,45.39713955781008],[-75.60652819666474,45.39766904340535],[-75.60650587352994,45.39768727170711],[-75.60725704477052,45.398146856610246],[-75.60732164801249,45.398186382881995],[-75.60795495579623,45.397672814843844],[-75.60797679114582,45.39765511260878],[-75.60799685142445,45.39763884981077],[-75.6080800857254,45.39756994764841],[-75.60729801333737,45.397091148690905],[-75.60726488796128,45.397070868875815]]]},"properties":{"ZONE_CODE":"IL[304]","ZONE_MAIN":"IL","ZNAME_EN":"Industrial Zone","LABEL":null}},{"type":"Feature","geometry":{"type":"Polygon","coordinates":[[[-75.61174128015861,45.40103635649112],[-75.6116909736044,45.40107710438258],[-75.6116027015513,45.40114860092541],[-75.61158740144539,45.401160993742806],[-75.61155006027566,45.40119123780678],[-75.61147767852164,45.40124986393927],[-75.61142737466236,45.40129060789229],[-75.61133820788726,45.40136283014621],[-75.61187455690911,45.40169163500704],[-75.61169890752497,45.40183360591867],[-75.61190790237245,45.40218155323551],[-75.61194274083581,45.40223955644074],[-75.61204726251405,45.402413568852836],[-75.612063292052,45.402440254312175],[-75.61208210457067,45.402471575604245],[-75.61221060138554,45.402678142177855],[-75.6122913141155,45.40270376852559],[-75.61230640850722,45.40271102879641],[-75.61240339242192,45.402625749726546],[-75.6124393016771,45.40259683726197],[-75.61283347254229,45.40227946585585],[-75.61292426436975,45.40220592780908],[-75.61297454397452,45.40216520217657],[-75.61308478163292,45.40207591272187],[-75.61310564410708,45.40205901541861],[-75.61318771149651,45.401992541920905],[-75.6132380108642,45.40195179847403],[-75.61334075208156,45.40186857886604],[-75.6132386163287,45.401806105894345],[-75.61270561442959,45.401480071271614],[-75.61266576246865,45.401455693861934],[-75.61184410312266,45.40095307435252],[-75.61174128015861,45.40103635649112]]]},"properties":{"ZONE_CODE":"IH[2890]","ZONE_MAIN":"IH","ZNAME_EN":"Industrial Zone","LABEL":null}},{"type":"Feature","geometry":{"type":"Polygon","coordinates":[[[-75.63587953286577,45.408610428035765],[-75.63597052411923,45.408436730491175],[-75.63590809390192,45.40842185257433],[-75.63579594103533,45.40794762393768],[-75.63578508130185,45.40790170322903],[-75.63559285350914,45.40760111537456],[-75.63552165214142,45.40748977679039],[-75.63512631795791,45.40691605291553],[-75.63484509047676,45.40652397820687],[-75.63344273228336,45.40721185696702],[-75.63282864934502,45.4063551696147],[-75.63252516879764,45.40592877147097],[-75.63251331462915,45.405933086642435],[-75.63154867942255,45.40628419619154],[-75.63154300925646,45.406286259161035],[-75.6315366680489,45.406288568097445],[-75.63144260815042,45.406322798494436],[-75.63121229538294,45.4064066283495],[-75.63155195468008,45.40655000896912],[-75.63211134638728,45.40692087822971],[-75.63224269535318,45.40704040348244],[-75.63263847420274,45.40742447264175],[-75.63286435019103,45.40765127694881],[-75.63315636104886,45.407938265482784],[-75.63336542147337,45.40814372858714],[-75.63348787711794,45.408229551157454],[-75.63384271075687,45.40847823362123],[-75.63430639954696,45.40870776318339],[-75.63487108233119,45.40891513500491],[-75.63558582688701,45.40917108713458],[-75.63587953286577,45.408610428035765]]]},"properties":{"ZONE_CODE":"IL[264] S102","ZONE_MAIN":"IL","ZNAME_EN":"Industrial Zone","LABEL":null}},{"type":"Feature","geometry":{"type":"Polygon","coordinates":[[[-75.77996448677368,45.2635822820155],[-75.77933247615721,45.26385116999788],[-75.77760481015164,45.26458616862301],[-75.77804745949949,45.26540647500162],[-75.77810962920533,45.26552168513568],[-75.77853853432931,45.26623869811978],[-75.77858698137092,45.26621899984912],[-75.77863872163634,45.26619747058491],[-75.77879185295124,45.266134454510556],[-75.7788177756354,45.266123787229546],[-75.77882111646994,45.26612241209093],[-75.77899616937272,45.266050375013144],[-75.7796684002594,45.26577373908927],[-75.77982806502136,45.26570803294349],[-75.78004170236224,45.26562050956346],[-75.7802678999474,45.26552819861946],[-75.78032585565627,45.265504372112574],[-75.78057490099239,45.26540273710627],[-75.78070910660088,45.265347967933316],[-75.7807094605371,45.26534778521127],[-75.78063694583243,45.26521804354699],[-75.78062553183842,45.26498290262157],[-75.78061991916454,45.26486726777875],[-75.78061510239799,45.264768040552816],[-75.78060273349483,45.26451320269442],[-75.78006611677503,45.263682153705226],[-75.77999481299936,45.26357049702309],[-75.77996448677368,45.2635822820155]]]},"properties":{"ZONE_CODE":"IP[2635] H(18)","ZONE_MAIN":"IP","ZNAME_EN":"Industrial Zone","LABEL":null}},{"type":"Feature","geometry":{"type":"Polygon","coordinates":[[[-75.63319953587806,45.381027964561],[-75.6332218787758,45.3810565473398],[-75.63415937497935,45.38220762062221],[-75.63549617502164,45.38167912021459],[-75.63538753636445,45.381545815390496],[-75.63536000839088,45.38151202301278],[-75.63478499408257,45.380806144669876],[-75.63458219042401,45.380557182661576],[-75.6345292041953,45.38049214394046],[-75.6334090113242,45.380945242257965],[-75.63332188013155,45.38098048493687],[-75.63319953587806,45.381027964561]]]},"properties":{"ZONE_CODE":"IL","ZONE_MAIN":"IL","ZNAME_EN":"Industrial Zone","LABEL":null}},{"type":"Feature","geometry":{"type":"Polygon","coordinates":[[[-75.63285595633302,45.38050497792087],[-75.63296271212138,45.38072500703889],[-75.63319953587806,45.381027964561],[-75.63332188013155,45.38098048493687],[-75.6334090113242,45.380945242257965],[-75.6345292041953,45.38049214394046],[-75.63438844897006,45.38031933732859],[-75.63444381124272,45.3802969535042],[-75.63417866450345,45.37983395812032],[-75.63374265101062,45.37907258235403],[-75.6336783442127,45.37898181775461],[-75.63356401382987,45.37904321930116],[-75.63339824950711,45.37915462025153],[-75.63327341422533,45.37923851439244],[-75.63313072762223,45.3793794488486],[-75.63302854785192,45.37948971588968],[-75.63294945658106,45.37959998650168],[-75.63287056383786,45.37974223691402],[-75.63282378945934,45.37988181035406],[-75.63278830600561,45.38001112122551],[-75.63278559668672,45.38019157557699],[-75.63281389990638,45.38038127942918],[-75.63285595633302,45.38050497792087]]]},"properties":{"ZONE_CODE":"IL[2886]","ZONE_MAIN":"IL","ZNAME_EN":"Industrial Zone","LABEL":null}},{"type":"Feature","geometry":{"type":"Polygon","coordinates":[[[-75.50048260378719,45.45072337749836],[-75.50061346766283,45.450940731551746],[-75.50074711272259,45.45115717478253],[-75.50075426690553,45.451155131727695],[-75.50159569098439,45.450915033825595],[-75.50171479501465,45.45088104724457],[-75.50132924887448,45.45025874529878],[-75.50131846639613,45.4502618307261],[-75.50121322606566,45.45029194829451],[-75.50120926629188,45.45029308201194],[-75.50094680551531,45.45036819152986],[-75.50076350697655,45.45042064682094],[-75.50076171573586,45.45042115916677],[-75.50087909949235,45.450610351219424],[-75.50087943546225,45.45061089003148],[-75.500597914232,45.450690692141514],[-75.50048260378719,45.45072337749836]]]},"properties":{"ZONE_CODE":"IG7 H(21)","ZONE_MAIN":"IG","ZNAME_EN":"Transportation Zones","LABEL":null}},{"type":"Feature","geometry":{"type":"Polygon","coordinates":[[[-75.500828385103,45.44945028945714],[-75.50081667376664,45.449453840018165],[-75.50071374210644,45.44948503503352],[-75.5007091032063,45.44948644101451],[-75.50054900006647,45.44953496277721],[-75.50035849883574,45.44959269677646],[-75.50012412658148,45.44921488562845],[-75.49994167245907,45.449270158376365],[-75.4998160493548,45.44906013097313],[-75.49673499771185,45.451011224731644],[-75.4965418203999,45.45113354793886],[-75.49453333115505,45.45240530613885],[-75.49719797773119,45.45164661221513],[-75.49719822746285,45.451647017419596],[-75.49720713066563,45.451661374132954],[-75.49978688465079,45.450922621266685],[-75.50048260378719,45.45072337749836],[-75.500597914232,45.450690692141514],[-75.50087943546225,45.45061089003148],[-75.50087909949235,45.450610351219424],[-75.50076171573586,45.45042115916677],[-75.50076350697655,45.45042064682094],[-75.50094680551531,45.45036819152986],[-75.50120926629188,45.45029308201194],[-75.50121322606566,45.45029194829451],[-75.50131846639613,45.4502618307261],[-75.50132924887448,45.45025874529878],[-75.500828385103,45.44945028945714]]]},"properties":{"ZONE_CODE":"IG7[2599] H(21)-h","ZONE_MAIN":"IG","ZNAME_EN":"Transportation Zones","LABEL":null}},{"type":"Feature","geometry":{"type":"Polygon","coordinates":[[[-75.56717672399107,45.29566763452546],[-75.56717504953139,45.29566828413769],[-75.56678395270107,45.29581989634547],[-75.56512761921728,45.29650277185448],[-75.56344923748316,45.29718135800675],[-75.56376867839819,45.29773722397464],[-75.56394831720048,45.29804981230326],[-75.56447366545336,45.298963939000245],[-75.56482419885702,45.299573866537685],[-75.56491184029277,45.29972634281582],[-75.5652621266597,45.300335752235846],[-75.56561290260848,45.30094595251272],[-75.56578876489336,45.30125090865268],[-75.56600706628717,45.3016312538915],[-75.56631402151807,45.302166047770534],[-75.56637978358675,45.30228943706471],[-75.56826994584405,45.3015520543431],[-75.56817136292815,45.301420875839426],[-75.56755249735926,45.30034420913605],[-75.56682691013796,45.29908195480156],[-75.56696498928197,45.29902657803621],[-75.56709714403668,45.29897357140492],[-75.56870122970692,45.29833017448362],[-75.56841233061323,45.29782270040486],[-75.56835339484238,45.29772016026791],[-75.56724640540934,45.295788903345866],[-75.56717672399107,45.29566763452546]]]},"properties":{"ZONE_CODE":"RH","ZONE_MAIN":"RH","ZNAME_EN":"Rural Industrial Zone","LABEL":null}},{"type":"Feature","geometry":{"type":"Polygon","coordinates":[[[-75.61308478163292,45.40207591272187],[-75.61479488467636,45.40312074850383],[-75.61575774211703,45.40370529486474],[-75.6161627026471,45.403594637973065],[-75.61475267643442,45.40273221293803],[-75.6157558305021,45.401921327753136],[-75.61491182107184,45.4013656470292],[-75.61334526521755,45.40033211780262],[-75.61322871240269,45.400379205876504],[-75.6125384190906,45.400654198586295],[-75.61184773051977,45.40092838386623],[-75.61182105414912,45.40093897406463],[-75.61184410312266,45.40095307435252],[-75.61266576246865,45.401455693861934],[-75.61270561442959,45.401480071271614],[-75.6132386163287,45.401806105894345],[-75.61334075208156,45.40186857886604],[-75.6132380108642,45.40195179847403],[-75.61318771149651,45.401992541920905],[-75.61310564410708,45.40205901541861],[-75.61308478163292,45.40207591272187]]]},"properties":{"ZONE_CODE":"IL","ZONE_MAIN":"IL","ZNAME_EN":"Industrial Zone","LABEL":null}},{"type":"Feature","geometry":{"type":"Polygon","coordinates":[[[-75.61051347181144,45.4001390767259],[-75.61057130534941,45.40017445755783],[-75.61061425919304,45.400200734085594],[-75.61182105414912,45.40093897406463],[-75.61184773051977,45.40092838386623],[-75.6125384190906,45.400654198586295],[-75.61322871240269,45.400379205876504],[-75.61334526521755,45.40033211780262],[-75.61238303030939,45.3996972588268],[-75.61234064599766,45.399669321277734],[-75.61208264625479,45.399499095698935],[-75.61196647163067,45.39954640334074],[-75.61188565559445,45.399578599208276],[-75.61098989781394,45.39993542126711],[-75.61053944030967,45.40012797609805],[-75.61051347181144,45.4001390767259]]]},"properties":{"ZONE_CODE":"IL[2805]","ZONE_MAIN":"IL","ZNAME_EN":"Industrial Zone","LABEL":null}},{"type":"Feature","geometry":{"type":"Polygon","coordinates":[[[-75.50279226580744,45.4487347762679],[-75.50209964675709,45.44761433903204],[-75.50036980233698,45.44871005940517],[-75.50076962809688,45.44935544704556],[-75.50109583422433,45.449256670106635],[-75.50279226580744,45.4487347762679]]]},"properties":{"ZONE_CODE":"IL2 H(21)","ZONE_MAIN":"IL","ZNAME_EN":"Industrial Zone","LABEL":null}},{"type":"Feature","geometry":{"type":"Polygon","coordinates":[[[-75.55127867336768,45.46262231220522],[-75.55127865450307,45.46262227881228],[-75.55113844186026,45.462366254606906],[-75.54980563842268,45.4626796604446],[-75.54993051412862,45.462939350128416],[-75.55006681550668,45.46290724015869],[-75.55122800838565,45.462634329879776],[-75.55127821792185,45.462622528944266],[-75.55127867336768,45.46262231220522]]]},"properties":{"ZONE_CODE":"IL2 H(14)","ZONE_MAIN":"IL","ZNAME_EN":"Industrial Zone","LABEL":null}},{"type":"Feature","geometry":{"type":"Polygon","coordinates":[[[-75.5499967037954,45.46307699548975],[-75.55033174305703,45.46371246250532],[-75.55047313967938,45.463678594524396],[-75.55047318279851,45.46367867643003],[-75.55164661432491,45.46340289309266],[-75.5516987175097,45.463390647504994],[-75.55169910378528,45.463390258766125],[-75.55158235603601,45.46317682371709],[-75.55145391761161,45.462942310111735],[-75.55127867336768,45.46262231220522],[-75.55127821792185,45.462622528944266],[-75.55122800838565,45.462634329879776],[-75.55006681550668,45.46290724015869],[-75.54993051412862,45.462939350128416],[-75.5499967037954,45.46307699548975]]]},"properties":{"ZONE_CODE":"IL2[2889] H(14)","ZONE_MAIN":"IL","ZNAME_EN":"Industrial Zone","LABEL":null}},{"type":"Feature","geometry":{"type":"Polygon","coordinates":[[[-75.8019805055547,45.26802369306845],[-75.80213066703928,45.268259834853026],[-75.80288269078108,45.269547125983635],[-75.80449319491402,45.269241783779385],[-75.80580347219755,45.268684683888615],[-75.80578846673903,45.2686665113797],[-75.80574070690865,45.26860867087018],[-75.8056932147762,45.26852355376979],[-75.80567699030387,45.268494474129795],[-75.80539098288708,45.26798186178881],[-75.80571830472208,45.26785142563578],[-75.80639309221405,45.26758251613802],[-75.80673048506172,45.26744805743411],[-75.8070401711711,45.26732463659065],[-75.80635769769354,45.26620041179699],[-75.80476720892345,45.266862947545825],[-75.80465957637938,45.26690778088819],[-75.80339920230651,45.26743277826007],[-75.80320586239948,45.26751330951985],[-75.80218158714285,45.26793994070203],[-75.8021202582601,45.26796548457994],[-75.80208629565415,45.26797963002769],[-75.80203690627982,45.26800020205695],[-75.8019805055547,45.26802369306845]]]},"properties":{"ZONE_CODE":"RG[886r]","ZONE_MAIN":"RG","ZNAME_EN":"Rural Industrial Zone","LABEL":null}},{"type":"Feature","geometry":{"type":"Polygon","coordinates":[[[-75.93455034390769,45.29109383004991],[-75.9347418081324,45.290973418885386],[-75.93474216835683,45.290973461859416],[-75.93474198420219,45.29097330765852],[-75.93474285646633,45.29097275531606],[-75.93474305679065,45.29097262765796],[-75.9347618746992,45.29096070110358],[-75.93502016280127,45.2907970216576],[-75.93503137108107,45.29078991828324],[-75.93503990777123,45.29078450859544],[-75.9351085076179,45.29074103642665],[-75.93533604998105,45.290596839507195],[-75.93536518773561,45.29057837382676],[-75.9354468365101,45.29052663272952],[-75.9354878787388,45.29050062312841],[-75.935523967657,45.29047775254188],[-75.93555514818053,45.29045799316676],[-75.93561863751155,45.29041775836591],[-75.93574462084027,45.29033791939248],[-75.93585083045294,45.290270611180354],[-75.93594500713237,45.290210928983015],[-75.93597822323832,45.29018987901276],[-75.93600132700912,45.290175237941064],[-75.93607487836964,45.29012862562769],[-75.93620468313155,45.290046363863645],[-75.93624145656602,45.290023060186705],[-75.93638085264023,45.28993471986345],[-75.93640142136529,45.289921683961516],[-75.93646218790269,45.2898831740937],[-75.93652869826802,45.289841023343364],[-75.93663623020078,45.28977287589856],[-75.9366636494782,45.28975549949097],[-75.9367672575698,45.28968983817285],[-75.93678358804335,45.28967948941589],[-75.93691673633477,45.28959510542296],[-75.93692222324452,45.28959162823501],[-75.93695665477105,45.289569807011446],[-75.93704133266468,45.289516142489546],[-75.93705116652208,45.289509909833065],[-75.93709567894274,45.28948170044955],[-75.93743145841614,45.289268895982],[-75.93748977434946,45.28923193847094],[-75.93774655328185,45.289069198864],[-75.93784805841737,45.289004868360124],[-75.9379091258904,45.28896616511191],[-75.93796861502344,45.288928462283124],[-75.9380088029543,45.2889029923039],[-75.93825911850823,45.28874434771707],[-75.93832832471772,45.28870048530697],[-75.93833276598848,45.28869767039616],[-75.93839603433393,45.28865757212183],[-75.93840102986523,45.28865440645075],[-75.93841147098378,45.288647788813556],[-75.93841056278703,45.28864707149729],[-75.93840319211013,45.28864125270319],[-75.93840127151205,45.28863973717483],[-75.93836117341272,45.28860808107823],[-75.93835710224785,45.288604867372584],[-75.93830425346135,45.288563144798694],[-75.93829958222189,45.288559446348316],[-75.93826959466108,45.28853561813414],[-75.9382664757104,45.288533138806066],[-75.93819519888419,45.28847649785393],[-75.9381693741164,45.288455976854976],[-75.93760062915045,45.288004016877046],[-75.93755537651803,45.28796805584453],[-75.93716421950059,45.28765721190078],[-75.93709491896801,45.28760213998277],[-75.93705682231511,45.28757186487805],[-75.93705677111116,45.28757186298204],[-75.93662656881989,45.287841766079474],[-75.93613523437692,45.288150017802735],[-75.93607337548816,45.28818882588811],[-75.93596824654877,45.288254779664356],[-75.93588376179294,45.288307781147154],[-75.93583405980489,45.28833895772328],[-75.93579830236501,45.288361387404315],[-75.93575614712367,45.28838783090608],[-75.9357147536537,45.28841379597208],[-75.93575607795339,45.28845311326815],[-75.935761820883,45.28845767313991],[-75.93576163044017,45.28845783998759],[-75.93585805021287,45.28853992709609],[-75.93573851229633,45.28861448763302],[-75.93494348260865,45.289110519751006],[-75.93450392975359,45.28938475792025],[-75.93360588935396,45.28994504392653],[-75.93354821481775,45.289981026456964],[-75.93354832980211,45.28998112315023],[-75.93354803874796,45.28998113642183],[-75.9333559474992,45.29009843086905],[-75.93455034390769,45.29109383004991]]]},"properties":{"ZONE_CODE":"IP","ZONE_MAIN":"IP","ZNAME_EN":"Industrial Zone","LABEL":null}},{"type":"Feature","geometry":{"type":"Polygon","coordinates":[[[-75.44687508584514,45.34714057838888],[-75.44794573213674,45.34813353907373],[-75.44808568516643,45.348055955700275],[-75.44962105151406,45.34722923741721],[-75.44957520419692,45.34714331084847],[-75.44911458584846,45.346280006790444],[-75.44899566417621,45.34632569030268],[-75.44713478969209,45.347040516487],[-75.44705895032256,45.34706964740446],[-75.44702977843201,45.3470808531536],[-75.44687508584514,45.34714057838888]]]},"properties":{"ZONE_CODE":"RG[909r]-h","ZONE_MAIN":"RG","ZNAME_EN":"Rural Industrial Zone","LABEL":null}},{"type":"Feature","geometry":{"type":"Polygon","coordinates":[[[-75.48137958521565,45.48853790846635],[-75.48134134573061,45.4885419868287],[-75.48025889827115,45.48863250611795],[-75.48064188690769,45.489228074511935],[-75.4808880872793,45.48921398052718],[-75.4809494422132,45.489210467736314],[-75.48111404860755,45.489201037736976],[-75.48114780729593,45.48919910689815],[-75.48122152753972,45.48919488373901],[-75.48128246835027,45.489190438904544],[-75.48138966521144,45.4891826267514],[-75.48173152897428,45.48915770468452],[-75.48171934063251,45.48913598996921],[-75.4815520976828,45.48883803257305],[-75.48151133932173,45.4887654158933],[-75.4814892623253,45.488726082134214],[-75.48147256174586,45.48869633146572],[-75.48147253838967,45.48869628801204],[-75.48145937268086,45.48867274239442],[-75.48137958521565,45.48853790846635]]]},"properties":{"ZONE_CODE":"IL H(21)","ZONE_MAIN":"IL","ZNAME_EN":"Industrial Zone","LABEL":null}},{"type":"Feature","geometry":{"type":"Polygon","coordinates":[[[-75.71651133001141,45.34352749484167],[-75.71589829900027,45.34379425687841],[-75.7146737290797,45.3443271104478],[-75.71457444996945,45.34437030917917],[-75.71301592685042,45.3450484447564],[-75.71292490325763,45.34508804919338],[-75.71288353853375,45.34510604947915],[-75.7122698670238,45.34537305662328],[-75.71197378140785,45.34550217553914],[-75.71187420046364,45.345545866467866],[-75.71147983286741,45.345720170215245],[-75.71024003021455,45.34626812217685],[-75.71077284077249,45.34687689668204],[-75.71112199526219,45.34672336789224],[-75.71253203315294,45.346103330236204],[-75.71706243386181,45.3441564852387],[-75.71699287102116,45.344077583777825],[-75.71652444541458,45.343541439607876],[-75.71651133001141,45.34352749484167]]]},"properties":{"ZONE_CODE":"IG5","ZONE_MAIN":"IG","ZNAME_EN":"Transportation Zones","LABEL":null}},{"type":"Feature","geometry":{"type":"Polygon","coordinates":[[[-75.80140363532702,45.26710149286552],[-75.80156043715819,45.26736308527154],[-75.8019805055547,45.26802369306845],[-75.80203690627982,45.26800020205695],[-75.80208629565415,45.26797963002769],[-75.8021202582601,45.26796548457994],[-75.80218158714285,45.26793994070203],[-75.80320586239948,45.26751330951985],[-75.80339920230651,45.26743277826007],[-75.80465957637938,45.26690778088819],[-75.80476720892345,45.266862947545825],[-75.80374365860726,45.26519000038128],[-75.80350076673083,45.26529009622293],[-75.80315626910759,45.26543206174844],[-75.80300707780351,45.26549354285601],[-75.80289515400733,45.26553966518162],[-75.80208466970348,45.265873653710266],[-75.80209235568906,45.26588640303843],[-75.80210000125042,45.26589907017127],[-75.80241175258664,45.26641578688472],[-75.80245820446997,45.26649277712698],[-75.80254134444783,45.26663057886042],[-75.80172878862895,45.26696691479361],[-75.80168718764814,45.26698413316722],[-75.80155994038984,45.267036799836546],[-75.80149572522006,45.26706337782866],[-75.80145534594803,45.26708009038338],[-75.80140363532702,45.26710149286552]]]},"properties":{"ZONE_CODE":"RG[887r]","ZONE_MAIN":"RG","ZNAME_EN":"Rural Industrial Zone","LABEL":null}},{"type":"Feature","geometry":{"type":"Polygon","coordinates":[[[-75.48020403097021,45.489878176822835],[-75.48020343718382,45.4898772554976],[-75.48018319724214,45.48984555131968],[-75.47998925097231,45.48954163642172],[-75.47984645118149,45.48932075528392],[-75.4798302419805,45.48929568276621],[-75.47982983055209,45.48929627221893],[-75.47979518163328,45.48930267873848],[-75.47926479023839,45.48940074884003],[-75.4788903859027,45.48946982988458],[-75.47911606336332,45.4898232493116],[-75.47892484258205,45.48988474512208],[-75.47887800082987,45.48989980875472],[-75.47870104619362,45.48995629986011],[-75.47891830733835,45.49029593361509],[-75.47915053261909,45.49021794959321],[-75.48017551125658,45.4898875166545],[-75.48020388813809,45.48987836700757],[-75.48020403097021,45.489878176822835]]]},"properties":{"ZONE_CODE":"IL H(21)","ZONE_MAIN":"IL","ZNAME_EN":"Industrial Zone","LABEL":null}},{"type":"Feature","geometry":{"type":"Polygon","coordinates":[[[-75.4792415454321,45.49080122821464],[-75.47952898117018,45.491250546172296],[-75.4803955113646,45.49097655647551],[-75.48029474554255,45.49078849990096],[-75.48014596566688,45.49051082521595],[-75.48014579229203,45.49051077420674],[-75.48011344485697,45.490521167494336],[-75.47947537600223,45.49072617255933],[-75.4792415454321,45.49080122821464]]]},"properties":{"ZONE_CODE":"IL H(21)","ZONE_MAIN":"IL","ZNAME_EN":"Industrial Zone","LABEL":null}},{"type":"Feature","geometry":{"type":"Polygon","coordinates":[[[-75.98327012299895,45.38375130405286],[-75.9781188418,45.387124580074094],[-75.97682728450869,45.38793451361374],[-75.97845001650927,45.38904699491263],[-75.97847851286672,45.38906764793188],[-75.98487347205067,45.384916521398765],[-75.98471753619543,45.38480293933875],[-75.98432150941086,45.38451446480192],[-75.9834337951454,45.3838677987285],[-75.98327012299895,45.38375130405286]]]},"properties":{"ZONE_CODE":"RH[70r]","ZONE_MAIN":"RH","ZNAME_EN":"Rural Industrial Zone","LABEL":null}},{"type":"Feature","geometry":{"type":"Polygon","coordinates":[[[-75.67754094603744,45.29206935373015],[-75.67736773108774,45.2921431259999],[-75.67469648818246,45.29328067585546],[-75.67442100003765,45.29339798117343],[-75.6762347812413,45.29650459996773],[-75.6765337540426,45.296380120044695],[-75.67673186041051,45.296297637332245],[-75.67707327142243,45.29615548487714],[-75.68005961817656,45.294911993996976],[-75.68000117647911,45.29476760293719],[-75.68086565132818,45.29440682052638],[-75.68121481480101,45.29426109543119],[-75.68560045649342,45.29243058769206],[-75.68540528132826,45.29228446949766],[-75.68381434699377,45.29184096217274],[-75.683008438708,45.29176029922837],[-75.6828678972818,45.29174623111981],[-75.68273497177256,45.29175818721121],[-75.68259861290232,45.29165996695161],[-75.68135205671517,45.2910567694529],[-75.67958777627693,45.29026615762677],[-75.67928306234268,45.290166724542004],[-75.67842843572409,45.28998770144898],[-75.67790851060059,45.28995154575965],[-75.67744934033635,45.28994823986072],[-75.6773144906358,45.29016797080613],[-75.67649279176395,45.291209645286465],[-75.6763970403378,45.29133102728249],[-75.67754094603744,45.29206935373015]]]},"properties":{"ZONE_CODE":"IL","ZONE_MAIN":"IL","ZNAME_EN":"Industrial Zone","LABEL":null}},{"type":"Feature","geometry":{"type":"Polygon","coordinates":[[[-75.9444481281335,45.29897762302992],[-75.94487468775628,45.29932883437639],[-75.9470646528582,45.29796755381394],[-75.94722296565566,45.29786914273419],[-75.94751957229448,45.29768373400133],[-75.94751904049184,45.29768261870485],[-75.94749567261634,45.29766386529115],[-75.94651691499517,45.296878357841194],[-75.94647486755167,45.296844538275536],[-75.9463823006532,45.296769822366464],[-75.94374465833283,45.29841598744818],[-75.94378023610966,45.29844439206437],[-75.9444481281335,45.29897762302992]]]},"properties":{"ZONE_CODE":"IP13[2914]","ZONE_MAIN":"IP","ZNAME_EN":"Industrial Zone","LABEL":null}},{"type":"Feature","geometry":{"type":"Polygon","coordinates":[[[-75.64112158163765,45.40987148285755],[-75.6379588964916,45.4091090693713],[-75.63792122564014,45.409186942995746],[-75.6375505214651,45.40995322443005],[-75.63996399998614,45.41053519393979],[-75.6402340326622,45.41028040332413],[-75.64024183632709,45.410273273307354],[-75.64024974509486,45.41026620130858],[-75.64025776255878,45.41025918985038],[-75.64026588332894,45.410252237040865],[-75.64027410830367,45.41024534666388],[-75.64028243478803,45.41023851745818],[-75.64029086637528,45.41023175131575],[-75.64029939767556,45.41022504760591],[-75.6403080286888,45.41021840758999],[-75.64031675941504,45.410211833159956],[-75.64032558895599,45.41020532368515],[-75.64033451551497,45.41019888042687],[-75.64034353909197,45.410192504015825],[-75.64035265699212,45.41018619571331],[-75.64036187011368,45.41017995614997],[-75.6403711757617,45.410173784695175],[-75.64038057393621,45.41016768324095],[-75.64039006373885,45.41016165304847],[-75.64039964337306,45.41015569285656],[-75.64040931104213,45.41014980518785],[-75.64045527244532,45.4101234664394],[-75.64047546387796,45.410112699490995],[-75.6404959715176,45.410102234618066],[-75.64051678817769,45.41009207434334],[-75.64053790218011,45.41008222497342],[-75.64055930364344,45.41007268966174],[-75.64058098538113,45.41006347219223],[-75.64060293751174,45.41005457761017],[-75.64062515015378,45.41004600906899],[-75.64064761252745,45.41003777161398],[-75.6406703147513,45.410029867137126],[-75.64069324963883,45.41002230005317],[-75.64071640191865,45.41001507477676],[-75.64073976709918,45.41000819193854],[-75.6407633308074,45.41000165721452],[-75.64078708406015,45.40999547123549],[-75.64081101607765,45.40998963841598],[-75.6408351178767,45.40998416064812],[-75.64085937688095,45.40997903982389],[-75.64088378410722,45.409974279096595],[-75.64090832608079,45.40996987972765],[-75.64093795611213,45.40996509188191],[-75.6409438975694,45.40996418312451],[-75.64094901886483,45.4099634288748],[-75.64095414555017,45.40996268849924],[-75.64095927582876,45.40996196578166],[-75.64096441059891,45.409961257568895],[-75.64096955075897,45.40996056575283],[-75.6409746945123,45.40995988907225],[-75.64097984096054,45.409959228788374],[-75.6409849927987,45.40995858427057],[-75.64099014823013,45.40995795425758],[-75.64099530815312,45.40995734190262],[-75.64100047077106,45.40995674342176],[-75.64100563788057,45.409956161337675],[-75.64101080768502,45.40995559565031],[-75.64101598108275,45.40995504509837],[-75.64102115897204,45.4099545109432],[-75.64102633955629,45.40995399192345],[-75.64103152193717,45.40995348930042],[-75.64103670880961,45.40995300244347],[-75.6410418974787,45.40995253135264],[-75.64104708974104,45.409952076658534],[-75.64107763335902,45.40994973066388],[-75.64108374908947,45.409949312547056],[-75.64112158163765,45.40987148285755]]]},"properties":{"ZONE_CODE":"IG3[1350]","ZONE_MAIN":"IG","ZNAME_EN":"Transportation Zones","LABEL":null}},{"type":"Feature","geometry":{"type":"Polygon","coordinates":[[[-75.59027861460945,45.388677992441025],[-75.59047324539553,45.38893622098985],[-75.59101008849078,45.38872580564525],[-75.59162081801817,45.38848642503985],[-75.59212126586968,45.38873114983516],[-75.59251683271684,45.388924581914566],[-75.59304110568632,45.38871536646191],[-75.59364709390563,45.388473537353526],[-75.59428394015326,45.38821938726381],[-75.59496127077581,45.387949075803284],[-75.59604611224553,45.38751611876744],[-75.59687540996637,45.38718513683788],[-75.59810390911801,45.38669481035582],[-75.59847906534358,45.386946703629334],[-75.59877090013161,45.38714265089803],[-75.59906273671628,45.38733859685663],[-75.59941903191418,45.38757781892166],[-75.59956907482115,45.38750657207608],[-75.60092377559208,45.38695990522126],[-75.60166266596441,45.38666173902418],[-75.60070011844253,45.38565791815434],[-75.60240305293001,45.38497833290919],[-75.60325017681936,45.384640496879975],[-75.60306588384555,45.38440349208704],[-75.60301977691529,45.384344196095306],[-75.60280414711112,45.38440440945768],[-75.6026083161758,45.384459159548136],[-75.6024547734325,45.38441172066127],[-75.6020328796593,45.3842813699866],[-75.60082570830915,45.38397794092442],[-75.60066905829328,45.383938570650464],[-75.60075765194323,45.38375203656977],[-75.60075958332108,45.38363022789989],[-75.60066816806282,45.38344268014367],[-75.60023349844967,45.38267352101357],[-75.60100282374383,45.38245761516961],[-75.6005399919465,45.381637474360744],[-75.59991232648109,45.38188657673221],[-75.59831705148716,45.382519667236686],[-75.59789737116283,45.38199315788779],[-75.59757583896982,45.38158977882908],[-75.59704582486734,45.38092482730072],[-75.59774553521855,45.380647908135856],[-75.5976728399525,45.380557469753775],[-75.59678118028631,45.37944290507915],[-75.59677926687478,45.379440514279715],[-75.59666722270433,45.3793004589391],[-75.59660985449365,45.37922874356487],[-75.5965400976169,45.379141542403396],[-75.59628728205155,45.379243179906794],[-75.59579912494974,45.379437871086395],[-75.59505682277596,45.379733894714555],[-75.59437097612451,45.38000739908657],[-75.59411345967527,45.379548909074956],[-75.59369608712291,45.37880580361453],[-75.59317220492058,45.377873019664634],[-75.5931153074271,45.377771702140834],[-75.5930664300925,45.37768469308144],[-75.59292321168675,45.377429688059706],[-75.59252929773973,45.376728281232175],[-75.59249750276857,45.37667167982866],[-75.59249605019274,45.37666908446309],[-75.59234171693198,45.376569080451155],[-75.59229924278873,45.37654154983264],[-75.59212426175115,45.37642813015595],[-75.59206723310366,45.376391165114605],[-75.59194755954152,45.37631359397884],[-75.59185595114546,45.37635858752222],[-75.59160277086411,45.37648293466601],[-75.59085985424267,45.37688653756985],[-75.59027656285733,45.37723664636377],[-75.58986480836876,45.37750676547983],[-75.58956299509455,45.37770475837059],[-75.58914976287734,45.37799580112119],[-75.58910171109447,45.3780296441875],[-75.58819194947698,45.378722367563014],[-75.58813476631927,45.378769980329665],[-75.5879538249598,45.37892063572594],[-75.58773310889448,45.37910440876909],[-75.58734258518935,45.37943937598399],[-75.5869684889758,45.37980304325146],[-75.58644886838117,45.380391730878195],[-75.58615871164608,45.38078701936362],[-75.58595552171195,45.381173573793035],[-75.58595307829438,45.381178221480724],[-75.58589928627687,45.38129838546399],[-75.58610699204192,45.381377493727136],[-75.5865297985034,45.381533415747484],[-75.5864889781586,45.38163930288213],[-75.58647225242632,45.38168425559216],[-75.58645552759236,45.381729209528395],[-75.58641917007786,45.38197023147291],[-75.5864186948691,45.38197338057454],[-75.58267129989783,45.383361695198374],[-75.58443883044076,45.3843245577781],[-75.58791029978764,45.386336054237475],[-75.59027861460945,45.388677992441025]]]},"properties":{"ZONE_CODE":"IH","ZONE_MAIN":"IH","ZNAME_EN":"Industrial Zone","LABEL":null}},{"type":"Feature","geometry":{"type":"Polygon","coordinates":[[[-75.44314235676923,45.34345373387867],[-75.44298876282195,45.34351425911752],[-75.44265866339607,45.34364433566227],[-75.4425114474873,45.34369343708412],[-75.44265270217586,45.34395836986211],[-75.44279574451181,45.34390145912177],[-75.44328084015511,45.343710354991664],[-75.4431591696381,45.34348413446391],[-75.44314292360617,45.343453928976885],[-75.44314235676923,45.34345373387867]]]},"properties":{"ZONE_CODE":"RG[908r]-h","ZONE_MAIN":"RG","ZNAME_EN":"Rural Industrial Zone","LABEL":null}},{"type":"Feature","geometry":{"type":"Polygon","coordinates":[[[-76.05404666036769,45.174221913915865],[-76.05384165493838,45.17433555100921],[-76.05274359026768,45.175032684869244],[-76.052873094094,45.17513473611618],[-76.0510970484205,45.176248203189346],[-76.05097714039805,45.176143185899626],[-76.04955154548318,45.1770422252528],[-76.04887956792143,45.17746598660566],[-76.04813220643597,45.17793933172774],[-76.04728360661461,45.17847755995355],[-76.0468633450803,45.17874515876257],[-76.04675617696522,45.1796302682026],[-76.04720984145506,45.17935338494769],[-76.04864317266114,45.17847855411375],[-76.04945450138138,45.177968931379226],[-76.050135311179,45.17755504397805],[-76.0510831317201,45.17697718206807],[-76.05402786401869,45.175181333919234],[-76.0541145864779,45.1752506441545],[-76.0548908503593,45.17589980371238],[-76.05555912147221,45.175491287749864],[-76.05531571036957,45.17528757960456],[-76.05462260263569,45.17470751688598],[-76.05404666036769,45.174221913915865]]]},"properties":{"ZONE_CODE":"RG","ZONE_MAIN":"RG","ZNAME_EN":"Rural Industrial Zone","LABEL":null}},{"type":"Feature","geometry":{"type":"Polygon","coordinates":[[[-75.43652303525823,45.33245278802495],[-75.43710795439087,45.333556859268604],[-75.43760309769065,45.33448587466286],[-75.43957516653893,45.333694461477926],[-75.43830880788964,45.331381637896726],[-75.43658756843162,45.33207474812467],[-75.43637795554324,45.332178400729155],[-75.43652303525823,45.33245278802495]]]},"properties":{"ZONE_CODE":"RG[784r]","ZONE_MAIN":"RG","ZNAME_EN":"Rural Industrial Zone","LABEL":null}},{"type":"Feature","geometry":{"type":"Polygon","coordinates":[[[-75.66367815445439,45.359386852830646],[-75.66469342320198,45.36115819118975],[-75.66490692040567,45.36153066427053],[-75.66565996822688,45.362844407029336],[-75.66849259167631,45.36169487731408],[-75.66882678741987,45.36155925816686],[-75.67404781651244,45.3594402997156],[-75.67416045177433,45.35939756190535],[-75.67534551648367,45.35891041751541],[-75.67488288680728,45.35895270753245],[-75.67464188408792,45.359035496092204],[-75.67445389005516,45.359137451250895],[-75.67406420537648,45.3592790146202],[-75.67259287184062,45.35667621327898],[-75.66367815445439,45.359386852830646]]]},"properties":{"ZONE_CODE":"IL","ZONE_MAIN":"IL","ZNAME_EN":"Industrial Zone","LABEL":null}},{"type":"Feature","geometry":{"type":"Polygon","coordinates":[[[-75.98211344684923,45.30137905906943],[-75.98200296484906,45.30145256206387],[-75.98198738087551,45.301462930155616],[-75.98163333326248,45.301698509445664],[-75.98007429181553,45.30273582474042],[-75.98089579305801,45.303321672981866],[-75.98280890457589,45.30213844240887],[-75.98282923794234,45.30212581369386],[-75.98294693521086,45.302052714059],[-75.98211344684923,45.30137905906943]]]},"properties":{"ZONE_CODE":"RG5[282r]","ZONE_MAIN":"RG","ZNAME_EN":"Rural Industrial Zone","LABEL":null}},{"type":"Feature","geometry":{"type":"Polygon","coordinates":[[[-75.76563846094804,45.08781235387907],[-75.76522563027775,45.087475528257535],[-75.76462329011683,45.086984071303974],[-75.76453184701079,45.086909460558836],[-75.76394874606831,45.08727040256379],[-75.7640402295985,45.087344984296855],[-75.7648733451593,45.08802417254],[-75.76505563129676,45.08817277962637],[-75.76563846094804,45.08781235387907]]]},"properties":{"ZONE_CODE":"RG[21r]","ZONE_MAIN":"RG","ZNAME_EN":"Rural Industrial Zone","LABEL":null}},{"type":"Feature","geometry":{"type":"Polygon","coordinates":[[[-75.62777151338447,45.41003551391286],[-75.62803177418691,45.41050000121997],[-75.62865368145135,45.410532192737264],[-75.62961453295398,45.41058192098366],[-75.62929861253654,45.41001546955924],[-75.62888922690537,45.40928966921709],[-75.62873119528061,45.409251541930345],[-75.62780676327623,45.40902847752071],[-75.62719311512248,45.40888040228496],[-75.62711364206761,45.40886122215066],[-75.62777151338447,45.41003551391286]]]},"properties":{"ZONE_CODE":"IG3[263]","ZONE_MAIN":"IG","ZNAME_EN":"Transportation Zones","LABEL":null}},{"type":"Feature","geometry":{"type":"Polygon","coordinates":[[[-75.71056031734257,45.10881457788829],[-75.70905777902867,45.10716798004331],[-75.70598830666974,45.1083961958171],[-75.70287408293832,45.10965051308403],[-75.69971950418936,45.11089413870742],[-75.69891610849143,45.10934302996058],[-75.69757735191845,45.109878498530186],[-75.69720477745099,45.110029630964235],[-75.69568203063646,45.110639271625644],[-75.69477710824344,45.11099574376353],[-75.6935306760238,45.11149805491793],[-75.6932258902243,45.111620700873324],[-75.69373528529604,45.112174410563206],[-75.69276151512132,45.11261382683455],[-75.69254747713182,45.11269590050713],[-75.69454593309328,45.11426971006578],[-75.69476014894919,45.11418810523463],[-75.69753105993523,45.11316255038955],[-75.69741903283278,45.113033146666254],[-75.69768978955099,45.11291855937141],[-75.70030760605304,45.11181060701976],[-75.69987173000247,45.11099991974411],[-75.70395365309393,45.10937014640251],[-75.70484882607118,45.11107673059881],[-75.70493810872897,45.11104095363483],[-75.70674994238507,45.11032161653951],[-75.70884643508673,45.1095013754457],[-75.71056031734257,45.10881457788829]]]},"properties":{"ZONE_CODE":"RH1","ZONE_MAIN":"RH","ZNAME_EN":"Rural Industrial Zone","LABEL":null}},{"type":"Feature","geometry":{"type":"Polygon","coordinates":[[[-75.66503846071272,45.399956976702846],[-75.6654485173854,45.39918003915164],[-75.66554764647701,45.3989865866638],[-75.66462981888661,45.39898345680219],[-75.66455374236182,45.398983722985506],[-75.6643137188061,45.3989825245298],[-75.66424006054606,45.39898171462599],[-75.6639008162706,45.3989625538383],[-75.66354343590787,45.39891425414202],[-75.66349252478744,45.398904929513606],[-75.66310847074898,45.39881360194103],[-75.6630768868819,45.39880435551121],[-75.66289617998272,45.39875060205324],[-75.66256529812424,45.398671806994734],[-75.6623016291136,45.39863480666591],[-75.66204124075041,45.39862770608693],[-75.66163170150732,45.39860296853819],[-75.6618066897314,45.399232846686786],[-75.66232795603963,45.40110908429474],[-75.66234095645844,45.401225757648945],[-75.66235760673221,45.401508472779234],[-75.6622964745805,45.40177057849215],[-75.66216495852797,45.40203427621848],[-75.66209834126312,45.40214017730183],[-75.66201492370584,45.402275091116756],[-75.66369115487318,45.402156361855106],[-75.66378799505743,45.402149501396345],[-75.66388484332654,45.402142639044584],[-75.66389041377961,45.40213209763811],[-75.66392593406425,45.402064787245315],[-75.66503846071272,45.399956976702846]]]},"properties":{"ZONE_CODE":"IP12","ZONE_MAIN":"IP","ZNAME_EN":"Industrial Zone","LABEL":null}},{"type":"Feature","geometry":{"type":"Polygon","coordinates":[[[-76.22851410054012,45.367939547519164],[-76.22912366135931,45.368416277892116],[-76.2297420148885,45.36818445466233],[-76.22997993728475,45.3680952554126],[-76.22917811004531,45.36748225723771],[-76.22866987200364,45.367093698805384],[-76.22800625506224,45.36751219429937],[-76.22808904110386,45.36758185383917],[-76.22829932952536,45.36775879972907],[-76.22851410054012,45.367939547519164]]]},"properties":{"ZONE_CODE":"RG2[21r]","ZONE_MAIN":"RG","ZNAME_EN":"Rural Industrial Zone","LABEL":null}},{"type":"Feature","geometry":{"type":"Polygon","coordinates":[[[-75.83639213439618,45.32495496286718],[-75.83537295887542,45.325236277055716],[-75.83518155124459,45.32529073452017],[-75.83564772297812,45.32623588905683],[-75.83584136202414,45.32658555974411],[-75.83592707118369,45.32674033112968],[-75.83596485342623,45.326705051498934],[-75.83597477352191,45.32669578696068],[-75.8360235619233,45.32664714700466],[-75.83609852902872,45.32657240469055],[-75.8369090807062,45.32574682091375],[-75.83691759493847,45.325738148643936],[-75.83683213191729,45.32558389999888],[-75.83646269167185,45.32491710143768],[-75.83639213439618,45.32495496286718]]]},"properties":{"ZONE_CODE":"IP","ZONE_MAIN":"IP","ZNAME_EN":"Industrial Zone","LABEL":null}},{"type":"Feature","geometry":{"type":"Polygon","coordinates":[[[-75.64702152418428,45.41796412989146],[-75.64768802561608,45.41791736796928],[-75.64756730012672,45.41702153233602],[-75.64806357350713,45.41700841658727],[-75.64829319457185,45.417001383265735],[-75.64817886239236,45.41697393098139],[-75.64809561102341,45.41695536776642],[-75.64798265057138,45.41691343766672],[-75.64788838406041,45.41686943612507],[-75.64774874005118,45.416770173525336],[-75.64764250887895,45.41665408339271],[-75.646615229656,45.41670934831347],[-75.64672803829276,45.416871276748566],[-75.64675172327352,45.41703136536219],[-75.64689109599155,45.417973376968696],[-75.64702152418428,45.41796412989146]]]},"properties":{"ZONE_CODE":"IG3[263]","ZONE_MAIN":"IG","ZNAME_EN":"Transportation Zones","LABEL":null}},{"type":"Feature","geometry":{"type":"Polygon","coordinates":[[[-75.89078457597897,45.31650819300511],[-75.88989757497586,45.316995520399566],[-75.88951851916363,45.3171178730447],[-75.88913239540673,45.317176605303096],[-75.88872745194465,45.31716969094694],[-75.88851990787636,45.31714880890403],[-75.8884822244485,45.31726832372181],[-75.88821406206483,45.31811879814174],[-75.88767140327643,45.31983975028395],[-75.88794783824554,45.3197162753884],[-75.88877288424015,45.31929732599332],[-75.88938782327294,45.318928582220124],[-75.89167165603385,45.31755902802054],[-75.89125940747186,45.31708826116922],[-75.8908894488985,45.316627788134674],[-75.89078457597897,45.31650819300511]]]},"properties":{"ZONE_CODE":"IL1[1665]","ZONE_MAIN":"IL","ZNAME_EN":"Industrial Zone","LABEL":null}},{"type":"Feature","geometry":{"type":"Polygon","coordinates":[[[-75.70678071776841,45.30241263085079],[-75.70663829886327,45.30215831839698],[-75.70623685254256,45.302309851331394],[-75.70577268495042,45.302485027412686],[-75.70577110930542,45.30248565672784],[-75.70591084045122,45.30274299991186],[-75.70678071776841,45.30241263085079]]]},"properties":{"ZONE_CODE":"IL[1873]","ZONE_MAIN":"IL","ZNAME_EN":"Industrial Zone","LABEL":null}},{"type":"Feature","geometry":{"type":"Polygon","coordinates":[[[-75.78847480597518,45.273690040241306],[-75.78847137530911,45.27373594602886],[-75.7884699406996,45.27383201636665],[-75.78838955315977,45.27391442049005],[-75.78850660633626,45.27398585715011],[-75.78856742048436,45.273938400874805],[-75.79005616247211,45.2733213234468],[-75.79012942098184,45.27329095664257],[-75.79012994829291,45.27329017528317],[-75.79012698205584,45.27328644043568],[-75.79012452785848,45.27328334913482],[-75.79011298720202,45.27326882128285],[-75.7900741126081,45.273219875018754],[-75.7900715667826,45.273216669291735],[-75.79003727090168,45.273173489629556],[-75.79002211722114,45.273154409498375],[-75.79001728338662,45.27314832423619],[-75.78995937349181,45.2730754104045],[-75.78992394483534,45.273022418712856],[-75.78982837936044,45.2728794758671],[-75.78976134707395,45.27277921197458],[-75.78975699293976,45.27277270121935],[-75.7896325106959,45.2725865017748],[-75.78961398024822,45.27255878592344],[-75.78958913823736,45.27252162660869],[-75.78956781492745,45.27248973203768],[-75.78956450822888,45.27248478715112],[-75.78954950456702,45.27246234423892],[-75.78953435178481,45.27243967752706],[-75.78952980451284,45.27243287846002],[-75.78950674475949,45.272398384324305],[-75.78950661450378,45.27239818898138],[-75.78949892761989,45.27238669156361],[-75.7894981353058,45.272386642885934],[-75.78934886225505,45.27213802322139],[-75.78849448806305,45.272220140266235],[-75.78849270490721,45.272475137603976],[-75.78848760067977,45.27282189884177],[-75.78847480597518,45.273690040241306]]]},"properties":{"ZONE_CODE":"IP[2265] H(24)","ZONE_MAIN":"IP","ZNAME_EN":"Industrial Zone","LABEL":null}},{"type":"Feature","geometry":{"type":"Polygon","coordinates":[[[-75.7662983777288,45.09954960932582],[-75.76619831438931,45.0996032053538],[-75.76618295948616,45.09961160907554],[-75.76614610789825,45.09963177850994],[-75.76347476887325,45.10109377657263],[-75.7634594490044,45.10110216232065],[-75.76347546327095,45.10111608107446],[-75.7641580831739,45.101709275791876],[-75.7641702975668,45.10171989022707],[-75.76421623202056,45.10169475544419],[-75.76693606929112,45.100206345685656],[-75.76703506722868,45.100133430025004],[-75.7662983777288,45.09954960932582]]]},"properties":{"ZONE_CODE":"RG1[199r]","ZONE_MAIN":"RG","ZNAME_EN":"Rural Industrial Zone","LABEL":null}},{"type":"Feature","geometry":{"type":"Polygon","coordinates":[[[-75.95807921545871,45.27408924240812],[-75.95939416308339,45.273247701808884],[-75.95949725913529,45.27318172110286],[-75.95941125083672,45.27311463465525],[-75.95824696326162,45.27220648075726],[-75.95814253051655,45.27227274581335],[-75.95753320954755,45.27265935048842],[-75.95727575957365,45.27282269727629],[-75.95699139697213,45.273003117903244],[-75.95682228013675,45.27311041428978],[-75.95799312990503,45.27402220570957],[-75.95807921545871,45.27408924240812]]]},"properties":{"ZONE_CODE":"RG5[284r]","ZONE_MAIN":"RG","ZNAME_EN":"Rural Industrial Zone","LABEL":null}},{"type":"Feature","geometry":{"type":"Polygon","coordinates":[[[-75.48525943857216,45.489294228656846],[-75.48492320455121,45.489333187313854],[-75.48439690947401,45.48942374248722],[-75.48420155644244,45.48946367024812],[-75.48387821773738,45.48956198000574],[-75.48318891077548,45.489776073992296],[-75.48287424350785,45.489862554595426],[-75.48266967825303,45.489944063190215],[-75.48254993552062,45.490014421959216],[-75.48244722394767,45.49007897939801],[-75.4823700020709,45.4901378129855],[-75.48224051261764,45.49027951109615],[-75.4821448662944,45.490421509238516],[-75.48329141304097,45.490849909012994],[-75.48303352828246,45.49118119463602],[-75.48421159601405,45.49114170072168],[-75.48465946996356,45.49085772219439],[-75.48558523596616,45.49032809284562],[-75.48534853078708,45.48937461773754],[-75.48533001561078,45.489285561307646],[-75.48525943857216,45.489294228656846]]]},"properties":{"ZONE_CODE":"IL4 [1937] H(21)","ZONE_MAIN":"IL","ZNAME_EN":"Industrial Zone","LABEL":null}},{"type":"Feature","geometry":{"type":"Polygon","coordinates":[[[-75.52705243067844,45.24702925970611],[-75.52778609285583,45.24672217475161],[-75.52778959808207,45.24672070743585],[-75.52798705496804,45.24663071853194],[-75.53023715688833,45.24570676483843],[-75.53084505762087,45.24545556292656],[-75.53109215451114,45.24535346004837],[-75.53096537527507,45.24513228300341],[-75.5308308471714,45.24489758575346],[-75.53058377812891,45.244999655929426],[-75.5303311952272,45.24486574966247],[-75.52999330740784,45.24468529463266],[-75.5294313285526,45.244385158821416],[-75.52901488395993,45.24392620789131],[-75.52900767947136,45.243918268183364],[-75.5290063885923,45.24391684633482],[-75.52899948863259,45.24391977099122],[-75.52899604988168,45.24392122825944],[-75.52898761110791,45.24392480565026],[-75.52898543089671,45.243922350305276],[-75.52862122154119,45.243514714130335],[-75.52778501397917,45.242578774928894],[-75.52934548195078,45.241918478283274],[-75.52914796667433,45.2417451012684],[-75.52896925762835,45.241627752409364],[-75.5233892877994,45.244010492822646],[-75.52379040892995,45.244269773607584],[-75.52359206271186,45.2443551383222],[-75.52314117581285,45.24454389770304],[-75.52359898512944,45.24479815348953],[-75.52421128311529,45.244541818082666],[-75.52502888566944,45.24499586925444],[-75.52536730798643,45.24518380617867],[-75.52565257069986,45.245342213307055],[-75.5261137127661,45.2455982813597],[-75.52646569605062,45.245793732612775],[-75.5270644052212,45.24612618148952],[-75.52638317860524,45.246412787221644],[-75.52613309391836,45.24651800182584],[-75.52643383550244,45.24669139400069],[-75.52680951005594,45.24690624858127],[-75.5268262106354,45.24689925671749],[-75.52705243067844,45.24702925970611]]]},"properties":{"ZONE_CODE":"RH3","ZONE_MAIN":"RH","ZNAME_EN":"Rural Industrial Zone","LABEL":null}},{"type":"Feature","geometry":{"type":"Polygon","coordinates":[[[-75.77853853432931,45.26623869811978],[-75.77853865290693,45.2662388972774],[-75.77937330368857,45.267634154244845],[-75.77976465653872,45.268331437950806],[-75.78006812989958,45.26887212832504],[-75.78013317331603,45.26896813545574],[-75.78225868070305,45.268116663158864],[-75.78224458972952,45.26809986176553],[-75.78216639407897,45.26800663053798],[-75.78140481226256,45.266591910295254],[-75.78070955486021,45.265347954655944],[-75.7807094605371,45.26534778521127],[-75.78070910660088,45.265347967933316],[-75.78057490099239,45.26540273710627],[-75.78032585565627,45.265504372112574],[-75.7802678999474,45.26552819861946],[-75.78004170236224,45.26562050956346],[-75.77982806502136,45.26570803294349],[-75.7796684002594,45.26577373908927],[-75.77899616937272,45.266050375013144],[-75.77882111646994,45.26612241209093],[-75.7788177756354,45.266123787229546],[-75.77879185295124,45.266134454510556],[-75.77863872163634,45.26619747058491],[-75.77858698137092,45.26621899984912],[-75.77853853432931,45.26623869811978]]]},"properties":{"ZONE_CODE":"IP[3033] H(18)","ZONE_MAIN":"IP","ZNAME_EN":"Industrial Zone","LABEL":null}},{"type":"Feature","geometry":{"type":"Polygon","coordinates":[[[-75.7494903445024,45.3728185186745],[-75.74919999552785,45.37230803825539],[-75.74912653040558,45.372328795836],[-75.74903437673218,45.372166779476615],[-75.74910784814263,45.372146014894845],[-75.74899593692285,45.37194925268666],[-75.7489606933193,45.37188728620347],[-75.74815966288551,45.37288455004068],[-75.74735860550226,45.37388180765175],[-75.74723401546056,45.373979579360665],[-75.74718410775832,45.373893543850066],[-75.74706592899278,45.373927897994484],[-75.74709407321065,45.37397641277558],[-75.74715933851098,45.37408891225914],[-75.74744317380141,45.374578159829255],[-75.74756250151219,45.374783841423906],[-75.74796005004285,45.37455330258404],[-75.74824183627612,45.37432937170067],[-75.74880660350199,45.3736275540984],[-75.74925522215489,45.373070056647485],[-75.7494126689764,45.372874392538996],[-75.74948765404812,45.37282045349885],[-75.7494903445024,45.3728185186745]]]},"properties":{"ZONE_CODE":"IL F(0.5) H(11)","ZONE_MAIN":"IL","ZNAME_EN":"Industrial Zone","LABEL":null}},{"type":"Feature","geometry":{"type":"Polygon","coordinates":[[[-75.77870546107205,45.261890375553634],[-75.77896021071021,45.262267765760534],[-75.7790834829234,45.26221697826199],[-75.77905772103767,45.26201783908255],[-75.77909489961233,45.26188864180132],[-75.77917059884471,45.26176812881421],[-75.77930194601396,45.26165280230732],[-75.7792772153942,45.261657030480045],[-75.77870546107205,45.261890375553634]]]},"properties":{"ZONE_CODE":"IP[2046] H(18)-h","ZONE_MAIN":"IP","ZNAME_EN":"Industrial Zone","LABEL":null}},{"type":"Feature","geometry":{"type":"Polygon","coordinates":[[[-75.93153490161983,45.341851870999996],[-75.93153485041586,45.34258581677164],[-75.93157256977632,45.3425568420271],[-75.93160198780525,45.34253424436796],[-75.93161179740817,45.342527992284204],[-75.93163625763503,45.342512401218315],[-75.93166348197803,45.34249504855204],[-75.93170168553043,45.34247069937372],[-75.93193696957469,45.34232072035232],[-75.93215269460029,45.342183211715145],[-75.93237012911986,45.34204461357648],[-75.9323780423792,45.34203955983875],[-75.9315390608196,45.34164207791441],[-75.93153490161983,45.341851870999996]]]},"properties":{"ZONE_CODE":"IG6 H(44)","ZONE_MAIN":"IG","ZNAME_EN":"Transportation Zones","LABEL":null}},{"type":"Feature","geometry":{"type":"Polygon","coordinates":[[[-75.61431275167683,45.316117150095444],[-75.61361061946765,45.31640985895859],[-75.61218782549983,45.316988942075525],[-75.61190783859207,45.31710289402868],[-75.61191175255178,45.31710914133942],[-75.61198191007715,45.31722115443032],[-75.6124787637692,45.31702194107375],[-75.61322439779438,45.31670872333388],[-75.61380501130186,45.31642323051397],[-75.61420764160208,45.31618051430964],[-75.61431275167683,45.316117150095444]]]},"properties":{"ZONE_CODE":"IL2 H(14)","ZONE_MAIN":"IL","ZNAME_EN":"Industrial Zone","LABEL":null}},{"type":"Feature","geometry":{"type":"Polygon","coordinates":[[[-75.91090908413146,45.28239282909515],[-75.9097704722038,45.28145124397158],[-75.909900312,45.281370255269465],[-75.91153993861616,45.280387126855715],[-75.91146580604565,45.28032576364692],[-75.9108853120141,45.27984469730436],[-75.91088528686127,45.279844676445265],[-75.91057422902448,45.279586886744994],[-75.91022362914549,45.27929669818341],[-75.90951806806684,45.27871270221786],[-75.90925275154599,45.27849309187909],[-75.9090514381925,45.2783264004748],[-75.90881245219094,45.27812849354037],[-75.90867017791456,45.27801067939557],[-75.90852134773323,45.27788743133217],[-75.90837251755191,45.27776419058646],[-75.90822368377731,45.27764094957309],[-75.90810702945284,45.27754434585267],[-75.90647468907197,45.27852285097081],[-75.90635056705253,45.27860786015539],[-75.90525433045345,45.277696794128744],[-75.90538751557578,45.277619090249935],[-75.90701742331886,45.27664201396485],[-75.90697231801013,45.27660465883464],[-75.90686637879034,45.27651692848201],[-75.90670135108613,45.27638026140887],[-75.9063202021993,45.27606461167897],[-75.9062643844808,45.27601838412074],[-75.9058561495915,45.275680267981166],[-75.90519885409476,45.27513342023822],[-75.90491791946437,45.27489968709532],[-75.90433572671863,45.274415305241796],[-75.90392564668974,45.27407415403738],[-75.90371668507993,45.27390030812943],[-75.90348546770895,45.27370795132274],[-75.90331955875743,45.273569921491344],[-75.90315364441604,45.273431884370375],[-75.90313989300567,45.27342043773534],[-75.90298671497837,45.27328726162167],[-75.90282508021097,45.2731467191581],[-75.90266345712168,45.27300618393252],[-75.90246419372369,45.27283293342084],[-75.90244827108528,45.27281999220794],[-75.9023623211772,45.27275014589404],[-75.90177878006021,45.27307968071401],[-75.9019450052187,45.27282752707795],[-75.90095831008367,45.272574492965],[-75.90067578543523,45.27252175746921],[-75.90023014379919,45.272149776090494],[-75.9002119645928,45.27203604733511],[-75.90030366371867,45.27195475502228],[-75.90016854542186,45.271801961952114],[-75.90034658432464,45.27172659414427],[-75.90019972594536,45.27155924814716],[-75.90017382661742,45.27152973448534],[-75.90055719164805,45.27129463614222],[-75.90046695767438,45.27122187608013],[-75.89851115372265,45.27245849048762],[-75.8975480734998,45.27306029837388],[-75.89763019478814,45.27312951656169],[-75.89763435937779,45.27313292648436],[-75.89848722979,45.27383371561744],[-75.89928321977673,45.2744877476612],[-75.89938256895559,45.2745720093639],[-75.89978952733885,45.27491714327934],[-75.9000529915336,45.27514057867353],[-75.90036567981262,45.275407087511816],[-75.90079284849317,45.27577115653537],[-75.90094153853731,45.27589789101577],[-75.90120748567549,45.276120187863775],[-75.90153948413989,45.27639769058788],[-75.90180798878167,45.276622116390584],[-75.90221256483281,45.276960919097284],[-75.90233395777042,45.27706257070345],[-75.90273806310435,45.27740164259282],[-75.90282169895225,45.277471816941805],[-75.90322220114358,45.277807856014604],[-75.90330606067198,45.27787821823203],[-75.9036108015557,45.278133913916896],[-75.90387449661745,45.27835274814876],[-75.904015252741,45.27846962858884],[-75.90444454773383,45.27882636639267],[-75.90467913378711,45.279021203292594],[-75.90472948166385,45.27906302201124],[-75.90501441828881,45.27929967790695],[-75.90572095314126,45.27987943343085],[-75.90598171250866,45.28009339508661],[-75.90629866239541,45.28035346685577],[-75.90656050333443,45.280568314805805],[-75.90664365858365,45.28063652956458],[-75.90675379473242,45.28072687733263],[-75.90678289385943,45.28075074548789],[-75.90681196154539,45.28077463133143],[-75.9071836457824,45.281080036639906],[-75.90726631504305,45.281148554181925],[-75.90755592021256,45.281388557711125],[-75.90834166850675,45.28203972915728],[-75.90917644415418,45.28273151075285],[-75.90990437328342,45.28333472599692],[-75.9099543007486,45.28337609404106],[-75.91005558579687,45.28346002146159],[-75.91051944975845,45.283844320048566],[-75.91060865965268,45.28391833371441],[-75.91182568552152,45.28315117603208],[-75.91171929894072,45.28306275990428],[-75.9109384563463,45.28241379789419],[-75.91090908413146,45.28239282909515]]]},"properties":{"ZONE_CODE":"IL[1559]","ZONE_MAIN":"IL","ZNAME_EN":"Industrial Zone","LABEL":null}},{"type":"Feature","geometry":{"type":"Polygon","coordinates":[[[-75.70707042983742,45.32855680579613],[-75.7046434747905,45.32963392245671],[-75.70390744375572,45.32997740458722],[-75.70364173916268,45.33024712414972],[-75.7034401329584,45.330615520172664],[-75.70322418604894,45.33120393093757],[-75.7045791105004,45.33149521735664],[-75.70456650893361,45.33151914624272],[-75.70457597627838,45.331521300985024],[-75.7047895345675,45.33107980886843],[-75.70501069619718,45.33087334316742],[-75.70530909048344,45.330605782627195],[-75.70563970284734,45.3303769684572],[-75.70607887840995,45.33018742277381],[-75.70717420411735,45.32990228521908],[-75.70793574461126,45.32968223207911],[-75.70973644364942,45.32889735712845],[-75.71011985898572,45.32879215059204],[-75.7106659960509,45.328757403372464],[-75.71144700752859,45.32870502640944],[-75.71177500669336,45.32866106418053],[-75.71208723952655,45.32857462629299],[-75.71229254678978,45.32852732305171],[-75.71260191040396,45.32839057730604],[-75.71372414963726,45.32789828218315],[-75.71372336450969,45.32789740178959],[-75.71477187900764,45.32743322910867],[-75.71470577108757,45.32735788595006],[-75.71433215187943,45.32693076749408],[-75.71385994616213,45.326390931712346],[-75.71345723501352,45.325930534910675],[-75.71342662941179,45.32589554214516],[-75.71336025289544,45.325819519253386],[-75.7095628756618,45.32747238798359],[-75.70707042983742,45.32855680579613]],[[-75.71336429800917,45.327433009324245],[-75.71220804227102,45.32794022148989],[-75.71190521569714,45.327593932340896],[-75.71294425656211,45.32729411045463],[-75.71315993936689,45.327199501162276],[-75.71336429800917,45.327433009324245]]]},"properties":{"ZONE_CODE":"IG5[288]","ZONE_MAIN":"IG","ZNAME_EN":"Transportation Zones","LABEL":null}},{"type":"Feature","geometry":{"type":"Polygon","coordinates":[[[-75.9046645334688,45.33562768100128],[-75.9055443982553,45.33630911840738],[-75.9059472791855,45.336621129676026],[-75.90595237802307,45.336617853651255],[-75.90619171077432,45.33646417642957],[-75.90624359207524,45.33643086291995],[-75.90660394945483,45.33619947127278],[-75.90650801567068,45.336122502379766],[-75.90655774101492,45.33609032910016],[-75.90671119572335,45.335991060998666],[-75.90681093477102,45.3360665739048],[-75.90766488046663,45.335518244722586],[-75.90713413603383,45.3351538582721],[-75.90649970176273,45.334817611482706],[-75.90596612673849,45.33459886882606],[-75.90526632745406,45.33441524356619],[-75.90482227403945,45.33539379805811],[-75.9046645334688,45.33562768100128]]]},"properties":{"ZONE_CODE":"IG6[1546]","ZONE_MAIN":"IG","ZNAME_EN":"Transportation Zones","LABEL":null}},{"type":"Feature","geometry":{"type":"Polygon","coordinates":[[[-75.74538781854989,45.377518574122526],[-75.74563203813629,45.37795002391538],[-75.74572528955099,45.37786704218442],[-75.74622254209504,45.37740829882034],[-75.74632276892791,45.377341637942344],[-75.7461726460709,45.377078900862564],[-75.74574748243008,45.37719735468859],[-75.74572575218336,45.377203413008836],[-75.74555121132029,45.37725203477544],[-75.74527893195766,45.377327887020485],[-75.74538781854989,45.377518574122526]]]},"properties":{"ZONE_CODE":"IL[277] H(22)-h","ZONE_MAIN":"IL","ZNAME_EN":"Industrial Zone","LABEL":null}},{"type":"Feature","geometry":{"type":"Polygon","coordinates":[[[-75.50076962809688,45.44935544704556],[-75.50193731310043,45.45124020202417],[-75.50193734633808,45.451240255589646],[-75.5024245108015,45.45202654525401],[-75.50288254829015,45.452765803547095],[-75.50792595260326,45.450810523652976],[-75.50950102268982,45.450199806419825],[-75.50951232798766,45.450195423419245],[-75.50980467751036,45.45008206522967],[-75.5098770421964,45.45005400513851],[-75.50992224811642,45.45003648191143],[-75.50993374565374,45.45003202768597],[-75.50937016420406,45.44909998650405],[-75.50985481787625,45.44878812356472],[-75.5098108094105,45.44830928108566],[-75.51037762569352,45.448095638327175],[-75.51133961895486,45.447954349018445],[-75.51134153326474,45.447954689336875],[-75.5113437700698,45.447953739596436],[-75.51178996955963,45.44788821061966],[-75.51329376731154,45.447467906514724],[-75.51386366032443,45.447569418605326],[-75.51351583803631,45.44700881242713],[-75.51580003102163,45.44617185660264],[-75.51576903465275,45.4461205147753],[-75.5153668032045,45.44544917625123],[-75.51420718776717,45.44351365564283],[-75.51262583935508,45.44094318604619],[-75.5123838422007,45.44054307739175],[-75.51238367062248,45.440542794386126],[-75.51238335172054,45.44054299671309],[-75.5103787414011,45.441812541877205],[-75.50837504376999,45.44308317153785],[-75.50634635949923,45.4443695549071],[-75.50618028795266,45.444474854752585],[-75.5079694786737,45.44588232839521],[-75.50546662676507,45.44706515431488],[-75.5053486330525,45.447280518344385],[-75.50534838871076,45.447280591450706],[-75.50534843721977,45.4472808763132],[-75.50555940476762,45.44763566955759],[-75.50584260494915,45.44810217305391],[-75.50514735293669,45.44831118874736],[-75.50495563179382,45.44849115840498],[-75.50493629106573,45.448541645396894],[-75.50491510519807,45.44859176366952],[-75.50489208676724,45.448641480452814],[-75.50486725104459,45.44869076171651],[-75.50484061689473,45.44873957532095],[-75.50481219958903,45.44878788849642],[-75.50478201889042,45.44883566847339],[-75.50475009546018,45.44888288437293],[-75.50471645085783,45.44892950342562],[-75.50468110574467,45.44897549664336],[-75.50464408527348,45.44902083062677],[-75.50460541369881,45.44906547701806],[-75.5045651170718,45.4491094061992],[-75.50452322054528,45.44915258729173],[-75.50447975556025,45.44919499319859],[-75.50443474726957,45.44923659430187],[-75.5043882289109,45.449277363504585],[-75.50434022923032,45.44931727244932],[-75.50429078146551,45.449356296560026],[-75.50423991885413,45.449394409369894],[-75.50467826706837,45.450104053376066],[-75.50471481233076,45.4501632160741],[-75.50451075282746,45.45024235081218],[-75.50446068612341,45.45024878571963],[-75.50440859102343,45.45025572856234],[-75.50435655970388,45.45026290898711],[-75.50430459665627,45.450270328884486],[-75.50425270367724,45.45027798573357],[-75.50420088256345,45.450285881424804],[-75.5041491351115,45.450294013437414],[-75.50409746311804,45.45030238240135],[-75.50404587197298,45.45031098894681],[-75.50399435987964,45.450319830552914],[-75.50394293132962,45.45032890911007],[-75.50389158632292,45.45033822272761],[-75.50384033114774,45.450347771405404],[-75.50378916310918,45.450357554513175],[-75.50373808759704,45.450367571420614],[-75.50368710550973,45.450377823387946],[-75.50363621954214,45.45038830852448],[-75.50358543149093,45.45039902493948],[-75.50353474315271,45.45040997578383],[-75.50348415812076,45.45042115790642],[-75.50341755433064,45.45031333074369],[-75.50306077044925,45.44973571313897],[-75.50305418759484,45.44972247453958],[-75.5030480134739,45.449709138886334],[-75.50304224988304,45.44969571185096],[-75.50303690311047,45.449682200995795],[-75.50303197046124,45.44966861136236],[-75.50302745822357,45.44965494988282],[-75.50302336729578,45.44964122222895],[-75.50301969947445,45.44962743596311],[-75.50301645565797,45.449613597387206],[-75.50301363943956,45.44959971217305],[-75.50301124992089,45.4495857872528],[-75.50300929069526,45.44957182955866],[-75.50300775996601,45.44955784476241],[-75.50300666042811,45.44954384105662],[-75.50300599118322,45.44952982222253],[-75.50300575402798,45.449515797082974],[-75.50300594716578,45.44950177193989],[-75.5030065723932,45.44948775309535],[-75.50300762881199,45.449473746851396],[-75.5030091164221,45.44945976014019],[-75.50304885250038,45.44923202657637],[-75.50304989185115,45.449226132899064],[-75.50305070931806,45.44922022220561],[-75.5030513049011,45.449214298277234],[-75.50305167949857,45.44920836615553],[-75.50305182951722,45.449202428361396],[-75.503051757652,45.44919648993642],[-75.50305146210627,45.44919055529203],[-75.50305094557498,45.4491846282095],[-75.5030502062615,45.449178711839835],[-75.50304924506416,45.44917281248512],[-75.50304806377956,45.44916693266617],[-75.50304666240771,45.4491610767944],[-75.50304504005031,45.44915524865108],[-75.50304320119892,45.44914945264763],[-75.50304114675187,45.449143692565386],[-75.5030388740142,45.44913797344593],[-75.50303639107075,45.44913229844032],[-75.50303369342996,45.44912667195998],[-75.5030307864817,45.449121095895634],[-75.50302767202261,45.449115577179455],[-75.50279226580744,45.4487347762679],[-75.50109583422433,45.449256670106635],[-75.50076962809688,45.44935544704556]]]},"properties":{"ZONE_CODE":"IL2[1624] H(21)-h","ZONE_MAIN":"IL","ZNAME_EN":"Industrial Zone","LABEL":null}},{"type":"Feature","geometry":{"type":"Polygon","coordinates":[[[-75.78410690511132,45.271874448799466],[-75.78495861310354,45.27211207725763],[-75.78606487490121,45.27229437518632],[-75.78705233180762,45.272358737283504],[-75.78948818736235,45.27212463110513],[-75.78949929323423,45.27212247157556],[-75.7894149324459,45.2719360108027],[-75.78841372412913,45.27029676597591],[-75.7870965998865,45.269953560635805],[-75.78543335656154,45.27042583917684],[-75.7852064322393,45.270506588724174],[-75.78503721209765,45.27060928427073],[-75.78489600771476,45.27074124463326],[-75.784405742267,45.271411564626156],[-75.78419336436416,45.27170739720454],[-75.78410690511132,45.271874448799466]]]},"properties":{"ZONE_CODE":"IP[2045] H(45)","ZONE_MAIN":"IP","ZNAME_EN":"Industrial Zone","LABEL":null}},{"type":"Feature","geometry":{"type":"Polygon","coordinates":[[[-75.48547093163444,45.489867666282926],[-75.48558523596616,45.49032809284562],[-75.48465946996356,45.49085772219439],[-75.48421159601405,45.49114170072168],[-75.48303352828246,45.49118119463602],[-75.48329141304097,45.490849909012994],[-75.4821448662944,45.490421509238516],[-75.48224051261764,45.49027951109615],[-75.4823700020709,45.4901378129855],[-75.48244722394767,45.49007897939801],[-75.48254993552062,45.490014421959216],[-75.48266967825303,45.489944063190215],[-75.48287424350785,45.489862554595426],[-75.48318891077548,45.489776073992296],[-75.48387821773738,45.48956198000574],[-75.48420155644244,45.48946367024812],[-75.48439690947401,45.48942374248722],[-75.48492320455121,45.489333187313854],[-75.48525943857216,45.489294228656846],[-75.48497748165897,45.48815635356671],[-75.48337846697852,45.488325952874185],[-75.48346045082461,45.48845853589426],[-75.48367806770217,45.48881058500564],[-75.4837976155002,45.48900397847698],[-75.48295028499834,45.4892631583166],[-75.48281100031524,45.48903772670012],[-75.48273819096313,45.48905560747527],[-75.48261714657185,45.48908534032071],[-75.48207583615469,45.489218280515416],[-75.48199652389825,45.4892377589289],[-75.48187565917004,45.48926743500004],[-75.48180315255021,45.48928523887189],[-75.48176083471378,45.4892098360889],[-75.48173158107657,45.489157700905956],[-75.48138966521144,45.4891826267514],[-75.48128246835027,45.489190438904544],[-75.48122152753972,45.48919488373901],[-75.48114780729593,45.48919910689815],[-75.48111404860755,45.489201037736976],[-75.4809494422132,45.489210467736314],[-75.4808880872793,45.48921398052718],[-75.48064188690769,45.489228074511935],[-75.48065724270916,45.489251960596306],[-75.48067546144144,45.48928029905529],[-75.48073112734464,45.489366864177285],[-75.48099505596838,45.48977729634058],[-75.48115130533563,45.49002026729062],[-75.48123987203614,45.49015798506282],[-75.48064518911467,45.49034905455555],[-75.48190707954375,45.490776762796195],[-75.48141197127826,45.49153120088165],[-75.48129555231239,45.491504592800624],[-75.48104474897326,45.4914898394257],[-75.4812032423321,45.49150657330933],[-75.481635287068,45.49166083992259],[-75.48183682589863,45.49180504493171],[-75.4821376734839,45.492063973845596],[-75.48212236529315,45.49207066846493],[-75.48074546894814,45.492673168350365],[-75.4805061002643,45.4927779107458],[-75.48066330723564,45.49302363761071],[-75.48158256224903,45.494385663054324],[-75.48181195514167,45.49473076923839],[-75.48212086600493,45.49519549965577],[-75.48305536183544,45.49478401634304],[-75.48388048867842,45.494400120970994],[-75.48390118316763,45.49439049222558],[-75.48474187511954,45.493985400831455],[-75.48550045476624,45.49363308369379],[-75.48605942246866,45.49337346868147],[-75.48640798407025,45.49321123080967],[-75.48785111409944,45.492539505833854],[-75.48864935795925,45.49217109647532],[-75.4894323008148,45.49180905693595],[-75.48915283582821,45.491337162423356],[-75.48912933051048,45.49130302136405],[-75.48910805301468,45.49126735191683],[-75.489088989866,45.49123016352486],[-75.48908519448393,45.491197735912145],[-75.48907939226552,45.49115449129943],[-75.4890800264761,45.491119016346836],[-75.48908151678118,45.49103573044329],[-75.48906952606875,45.490970844747906],[-75.48904207445199,45.49091197676519],[-75.48896999183697,45.49078409990389],[-75.48893581273704,45.4907344316146],[-75.48884717776458,45.490665771529166],[-75.48880645174286,45.49061450673843],[-75.48877667528613,45.49056333888146],[-75.48877394350936,45.49047076532136],[-75.48874683055746,45.49039731381565],[-75.4886866003143,45.490333539515525],[-75.48864151476847,45.49028068809181],[-75.48863102154765,45.49025437351157],[-75.48863585089062,45.490229733415724],[-75.48865803837982,45.490214506766876],[-75.48871531675898,45.490198042660886],[-75.48881418803408,45.49018504216011],[-75.48886512520563,45.49015617642784],[-75.48889646113768,45.4901194337935],[-75.4889036431684,45.49008556404729],[-75.48887847596738,45.49002209104398],[-75.4888385207002,45.4899391763304],[-75.48882683361833,45.489857313178774],[-75.48879680293841,45.48969816104244],[-75.48879158013332,45.48962252769265],[-75.48880180835116,45.489539985205546],[-75.48886011889458,45.489466453136814],[-75.48898189541279,45.48939811645981],[-75.48906411102423,45.48933560306083],[-75.48911328839614,45.48928204726171],[-75.48914265791605,45.48923294191095],[-75.48912635618858,45.48915943274245],[-75.48911645495753,45.48910072030631],[-75.48910237476375,45.48902964246935],[-75.48911632470181,45.48898503464941],[-75.48913660057607,45.488954358369064],[-75.48921834726693,45.48891806208131],[-75.48929746548727,45.48890641653196],[-75.48934548223583,45.48891763951142],[-75.48940601521126,45.48896445406693],[-75.48948674141596,45.48898522609666],[-75.48958017608696,45.48897996066747],[-75.48965329805279,45.488935876139756],[-75.48968702709674,45.48888834741064],[-75.48967916234643,45.48883737384163],[-75.48967133712199,45.48878486108596],[-75.48968297210156,45.48874734168865],[-75.48972795344278,45.488682959687274],[-75.48980792506264,45.48862350300233],[-75.48986770435152,45.488590098382794],[-75.4898704711626,45.48855772844805],[-75.48986253544537,45.4885113789515],[-75.48987223545382,45.488459012627544],[-75.4898949736103,45.48841294392589],[-75.48991538692681,45.48837455646124],[-75.48992524683536,45.488310376819136],[-75.48992610113321,45.488262566685336],[-75.4898923640044,45.48818822873324],[-75.48984516112948,45.48813073389014],[-75.4897719762816,45.4880560380541],[-75.48973327236757,45.48801405057224],[-75.4897120784151,45.48797375714579],[-75.48973030433388,45.48793535111841],[-75.48977508265584,45.48787367558355],[-75.48976065571237,45.48782264378688],[-75.4897658982804,45.48777486283852],[-75.48983018890864,45.48773378643106],[-75.48990336387504,45.48768661565945],[-75.48997651189201,45.487640983390435],[-75.49004300249439,45.48759991759153],[-75.49011151520448,45.487568129001254],[-75.49019782623529,45.48752107396993],[-75.49021555538573,45.4875104326263],[-75.4902721582318,45.48747009097645],[-75.49023637833402,45.48735411290202],[-75.48964653104375,45.487464084787085],[-75.48923130815986,45.48754149763554],[-75.48940032348563,45.48805630822585],[-75.48876310713209,45.48908594677915],[-75.48826827015782,45.4891468583487],[-75.48819328867938,45.48956972283332],[-75.48813116478759,45.48957736112068],[-75.48680278555277,45.48974044262269],[-75.48679405482653,45.48970528417475],[-75.4866680175989,45.48972063313318],[-75.48606681919671,45.48979447911613],[-75.48547093163444,45.489867666282926]],[[-75.48256013050079,45.49252114568751],[-75.48260656082455,45.492432584786236],[-75.48276055631877,45.49250163692337],[-75.48302998892024,45.49259462276085],[-75.48330808217938,45.49264024786815],[-75.4835759939331,45.492654783058754],[-75.48382157536547,45.49264208916884],[-75.48407462539109,45.492603002448426],[-75.48424045259593,45.49255726207208],[-75.48442971864314,45.492491046898415],[-75.48450022201989,45.49256624629704],[-75.4850998214209,45.493205778750635],[-75.48450444949161,45.493481907434024],[-75.48408413675334,45.493523241608926],[-75.4838202431639,45.49354918502229],[-75.4829594810519,45.49346637562509],[-75.48217240684438,45.4933906377657],[-75.48209937291345,45.49339996756921],[-75.48256013050079,45.49252114568751]],[[-75.48557057366408,45.49091825085574],[-75.48570637468052,45.49081608945553],[-75.4869997052462,45.49109477210413],[-75.48698684137133,45.491120165616486],[-75.48697278722872,45.49114524676809],[-75.48695756168297,45.49116998596179],[-75.48694117910712,45.49119435737878],[-75.48692365746753,45.49121833268147],[-75.48690501742537,45.491241888570144],[-75.48688527784532,45.49126499607758],[-75.48686446208356,45.491287632533776],[-75.48684259169966,45.491309770860695],[-75.48681969184643,45.49133138712915],[-75.48679578588009,45.4913524592989],[-75.48677090164838,45.49137296281104],[-75.4867450652025,45.49139287562541],[-75.48671830618683,45.491412175072306],[-75.48669065244911,45.49143084163063],[-75.48666213543042,45.49144885389002],[-75.48663278477514,45.49146619169971],[-75.48660263551758,45.49148283616831],[-75.48657171820045,45.491498769663906],[-75.48654006785804,45.49151397455462],[-75.48628925373914,45.49163030238092],[-75.48557057366408,45.49091825085574]]]},"properties":{"ZONE_CODE":"IL4 H(21)","ZONE_MAIN":"IL","ZNAME_EN":"Industrial Zone","LABEL":null}},{"type":"Feature","geometry":{"type":"Polygon","coordinates":[[[-75.59432929070208,45.27366708701749],[-75.59564717581773,45.27308617246893],[-75.59583252071873,45.273004473277865],[-75.59533469954111,45.2721713441888],[-75.59514953160823,45.272252552111524],[-75.59382976721697,45.27283134729901],[-75.5942788287393,45.27358266340138],[-75.59432929070208,45.27366708701749]]]},"properties":{"ZONE_CODE":"RG1[245r]","ZONE_MAIN":"RG","ZNAME_EN":"Rural Industrial Zone","LABEL":null}},{"type":"Feature","geometry":{"type":"Polygon","coordinates":[[[-75.91411764354415,45.300164851054],[-75.91416777762184,45.30020558506602],[-75.91458454740464,45.30054420396944],[-75.91459774545281,45.3005359935261],[-75.91466844825557,45.30059354305992],[-75.91493378992922,45.30080952247232],[-75.91492070147554,45.30081754079028],[-75.9156418905452,45.30140394782627],[-75.91564247175519,45.30140442045349],[-75.91574219193825,45.301485592223365],[-75.91691205535635,45.300860661502874],[-75.91755442983623,45.30056044982623],[-75.9171237164036,45.300045429069044],[-75.91695476934979,45.300033194174645],[-75.91682682859208,45.30002392780261],[-75.91654357630827,45.299845328217465],[-75.9164375733081,45.29976051451153],[-75.91617864919881,45.29955334386714],[-75.91570728160968,45.29917619274063],[-75.91502472548713,45.299600706684096],[-75.91412158086004,45.300162400668384],[-75.91411764354415,45.300164851054]]]},"properties":{"ZONE_CODE":"IL6[1535] H(30)-h","ZONE_MAIN":"IL","ZNAME_EN":"Industrial Zone","LABEL":null}},{"type":"Feature","geometry":{"type":"Polygon","coordinates":[[[-75.9145480048372,45.30788851582493],[-75.91455429933241,45.30789497263961],[-75.91465445160512,45.30799770981258],[-75.91475843070094,45.308104372047914],[-75.91479371652528,45.3081405686015],[-75.9148522624273,45.308184649102586],[-75.91495007099545,45.308258291741325],[-75.91507748803535,45.30835422780748],[-75.91519019336585,45.30843908551737],[-75.91527719430279,45.30850459055864],[-75.91536083913384,45.30856756716186],[-75.91541169725365,45.308605859015024],[-75.91546711881509,45.308647586428556],[-75.915619520698,45.308727838706496],[-75.91591455348843,45.30847257659336],[-75.91600871220159,45.308389116423704],[-75.91605830100188,45.308330116660976],[-75.9160962108052,45.30827270323142],[-75.91611334796589,45.308193787153215],[-75.91612343963978,45.30811977294413],[-75.91609176594118,45.30802414794913],[-75.91621207820548,45.30802628715884],[-75.91638107197168,45.308029296330524],[-75.91713252438495,45.30857013911671],[-75.9168032199681,45.30908981501508],[-75.91670122345411,45.309250774340995],[-75.91684230297116,45.30930901565746],[-75.91781363781315,45.3095531303242],[-75.91822475898945,45.30968091450491],[-75.91864742261883,45.30974448302524],[-75.9210526456224,45.308209126110825],[-75.91993941918633,45.30730358411938],[-75.91921574896986,45.307692676874616],[-75.91874589324534,45.30800226053148],[-75.9186288885779,45.30809822798814],[-75.91856133706517,45.30816348134344],[-75.91845549127018,45.308283079552524],[-75.91844248635982,45.30827814536696],[-75.91841317253547,45.30826702354679],[-75.91837178715032,45.308251321964114],[-75.9183566110119,45.308245563936865],[-75.91834306262079,45.30824042442003],[-75.91832968580789,45.30823534808056],[-75.91831433809128,45.30822952497853],[-75.91829770129222,45.30822321351099],[-75.9182806270136,45.30821673525324],[-75.91826237863692,45.30820981222254],[-75.9182473893481,45.30820412558206],[-75.91823287616636,45.30819861899796],[-75.91821751048342,45.30819278894256],[-75.91819812483959,45.30818543440384],[-75.91818588439554,45.30818079082811],[-75.91817462850503,45.30817652000168],[-75.91815996260969,45.308170955291224],[-75.91814726582147,45.30816613860679],[-75.91813388900857,45.3081610635243],[-75.91811920424863,45.30815549186273],[-75.91810778396642,45.30815115848825],[-75.9181054142107,45.30815017796663],[-75.91809372263728,45.30814534295886],[-75.91808110220585,45.30814012319694],[-75.918069232766,45.30813521363834],[-75.91805893268294,45.308130954180456],[-75.91804548400484,45.308125174660475],[-75.9180311181468,45.30811900154112],[-75.9180173595499,45.308113089346136],[-75.91801057098131,45.30811017241877],[-75.9180032461185,45.30810690358989],[-75.91799508851739,45.30810326453774],[-75.91797884697706,45.308096018653615],[-75.91796498148065,45.308089832263704],[-75.91796271143791,45.308088819520265],[-75.91795036948423,45.30808310633286],[-75.91793596499865,45.308076437893284],[-75.91792186683858,45.30806991097166],[-75.9179153675275,45.30806690180213],[-75.91790814058105,45.30806343206459],[-75.91789210385659,45.30805573318876],[-75.91787938461049,45.308049626398784],[-75.91786855272478,45.308044425581514],[-75.91786206958338,45.3080411997099],[-75.9178528959877,45.30803663383138],[-75.91784416975302,45.30803229097108],[-75.91783292015074,45.308026692130284],[-75.9178222805045,45.30802139717554],[-75.91781112073372,45.308015642283834],[-75.91779974267234,45.30800977556631],[-75.91779033910795,45.308004926647335],[-75.91778113137629,45.30800017754939],[-75.91777656254474,45.30799782226959],[-75.91777129751885,45.30799501021194],[-75.9177621248215,45.3079901101175],[-75.9177556551548,45.30798665490619],[-75.91774951786479,45.30798337722524],[-75.91774086888525,45.30797875764063],[-75.91773499659824,45.30797562147824],[-75.91773141411687,45.307973708444365],[-75.91772755136115,45.30797157175979],[-75.91772018248088,45.30796749676985],[-75.91771086874802,45.30796234585573],[-75.91770218832743,45.30795754621169],[-75.91769204275461,45.3079519347279],[-75.91768684689902,45.30794906201695],[-75.91768311260238,45.30794692469972],[-75.91767182077925,45.30794046030958],[-75.91765500701207,45.307930835746106],[-75.9176428725692,45.307923890568084],[-75.9176415493508,45.3079231052632],[-75.91763367651566,45.30791844208074],[-75.91762531589531,45.30791348954174],[-75.91761378781526,45.307906660609525],[-75.91759950550058,45.30789820041488],[-75.91759198390669,45.307893589668296],[-75.91758357926889,45.30788843937925],[-75.9175715490306,45.30788106521583],[-75.91756097675803,45.30787458565539],[-75.9175567564728,45.307871999137966],[-75.91754550148063,45.307864863786214],[-75.91753767984946,45.30785990429294],[-75.91752824574233,45.30785392194304],[-75.9175197863073,45.30784855810784],[-75.9175146380624,45.30784529431813],[-75.91751275609188,45.30784405981457],[-75.91750396697515,45.307838296059906],[-75.91749623966707,45.30783322852938],[-75.91748769309547,45.307827622719344],[-75.91747719089147,45.307820735652754],[-75.91747316194744,45.30781809353597],[-75.91746720072719,45.30781404949232],[-75.91746065739868,45.307809611215696],[-75.91745221143837,45.307803882205576],[-75.91744330823559,45.307797843621096],[-75.91743550007914,45.30779254738142],[-75.91743234070428,45.30779040374043],[-75.91742942746782,45.30778836118467],[-75.91742133634206,45.30778268461043],[-75.91741366113628,45.30777729991965],[-75.91740599311699,45.307771922177956],[-75.91739768459895,45.30776609271042],[-75.91739218421446,45.30776223377572],[-75.91738411374993,45.30775637966762],[-75.91737758838772,45.3077516450799],[-75.91736983592682,45.30774602030827],[-75.91736371570478,45.307741579499194],[-75.9173565758949,45.30773640013425],[-75.91735270505434,45.30773359185436],[-75.91735049160549,45.30773193089412],[-75.91734283795927,45.30772618797695],[-75.91733544572278,45.3077206421758],[-75.91732824123423,45.30771523536664],[-75.91732221982687,45.30771071747747],[-75.91731559205671,45.30770574407146],[-75.91731391400374,45.30770448492523],[-75.91730847380639,45.30770026271033],[-75.91730038537558,45.30769398530023],[-75.91729428132321,45.30768924691656],[-75.91728838029012,45.30768466774223],[-75.91728208579491,45.307679782783765],[-75.91727582363907,45.307674921832685],[-75.91727058017275,45.30767071288299],[-75.9172653402997,45.307666505828365],[-75.91725735517514,45.30766009573975],[-75.91725211530209,45.30765588868434],[-75.9172457390602,45.30765076996296],[-75.91723844204515,45.307644910157286],[-75.91723414540316,45.30764142270397],[-75.91722796768894,45.307636406330474],[-75.9172230107852,45.30763238185919],[-75.91721818593382,45.307628463527564],[-75.917212619074,45.307623943104346],[-75.91720802059805,45.3076202098852],[-75.91720452435499,45.30761737127386],[-75.91719760373401,45.307611752174985],[-75.91718971293257,45.3076053452391],[-75.91718276895543,45.30759970655363],[-75.91717398163532,45.307592570535846],[-75.91716728828813,45.3075871359159],[-75.9171597810673,45.30758104107938],[-75.91715166299207,45.30757444902675],[-75.9171449220342,45.30756897586618],[-75.91713912700227,45.30756426969313],[-75.91713200246376,45.30755848569285],[-75.91712592086931,45.307553547021676],[-75.91712132329168,45.3075498144297],[-75.91711706078566,45.30754635287372],[-75.91711248746253,45.30754263923488],[-75.91710531531332,45.30753681542984],[-75.9170985267447,45.307531303726634],[-75.91709027661715,45.30752460489636],[-75.91708241007018,45.3075182169042],[-75.91707456867609,45.3075118503921],[-75.91706836670737,45.30750681315815],[-75.91706090709724,45.30750075685197],[-75.91705437005693,45.30749544921238],[-75.91704806029036,45.30749032542223],[-75.9170426488391,45.307485930713526],[-75.91703708108095,45.307481410278946],[-75.91703225533125,45.30747749320042],[-75.9170266157079,45.30747291337718],[-75.9170214557849,45.30746872336614],[-75.91701665428971,45.30746482524039],[-75.9170063092909,45.30745642563135],[-75.91699895837694,45.30745045650644],[-75.91699221741905,45.30744498207031],[-75.91698491411579,45.30743905274675],[-75.91697689216029,45.30743253901925],[-75.91696843811513,45.30742567528082],[-75.91696156690155,45.307420095333725],[-75.91695385666146,45.30741383431913],[-75.9169458939948,45.3074073686046],[-75.91693912878237,45.30740187521068],[-75.9169337406873,45.30739750071235],[-75.91692569447731,45.30739096802645],[-75.91691665562891,45.307383627914874],[-75.91690362915898,45.30737305052046],[-75.91689627734668,45.30736708075498],[-75.91688639857351,45.307359060204384],[-75.91687893986172,45.307353003882426],[-75.91687064302175,45.30734626649199],[-75.91686397392908,45.30734085206567],[-75.91685590436289,45.307334299156054],[-75.9168472724513,45.307327288830734],[-75.91683777725876,45.30731957974631],[-75.91682965828522,45.30731298829513],[-75.91682235498197,45.30730705769418],[-75.91681489716846,45.30730100136665],[-75.9168037850084,45.307291979421294],[-75.91679753992055,45.30728690805118],[-75.91677588782727,45.30730018193653],[-75.91675423573398,45.30731345645054],[-75.916725367474,45.3073311560083],[-75.9167286175787,45.307334127309595],[-75.91673016537592,45.30733635310031],[-75.9167315451882,45.307337961001906],[-75.91673308579892,45.307340925984946],[-75.91673393650349,45.307343147352896],[-75.91673443596679,45.307345491287705],[-75.91673476475019,45.307347463730906],[-75.9167352651118,45.30734980703374],[-75.91673471534286,45.307352267849105],[-75.9167345240017,45.307353868800554],[-75.91673380804441,45.30735571362224],[-75.9167327381509,45.30735780231411],[-75.91673166735909,45.30736013740327],[-75.91673042588737,45.3073619790658],[-75.91672901373573,45.30736344986863],[-75.91672742641263,45.30736504323831],[-75.9167254905432,45.3073665121457],[-75.91672388166052,45.307368024646415],[-75.9165342571855,45.30750083835247],[-75.91633540072431,45.30761355781754],[-75.91613654426314,45.30772627642671],[-75.91610426599836,45.30774106206814],[-75.91595404881822,45.30781392439926],[-75.91561783186525,45.307314986642766],[-75.91517740225449,45.307545269992346],[-75.91477633861612,45.30775496699909],[-75.9145480048372,45.30788851582493]]]},"properties":{"ZONE_CODE":"IL7[307]-h","ZONE_MAIN":"IL","ZNAME_EN":"Industrial Zone","LABEL":null}},{"type":"Feature","geometry":{"type":"Polygon","coordinates":[[[-75.94905455685813,45.2747246148132],[-75.94934104936516,45.27494998154944],[-75.94947736152301,45.274865521912794],[-75.94989484905973,45.2746068315303],[-75.94960731899853,45.27438062645719],[-75.94918981978371,45.27463932798527],[-75.94905455685813,45.2747246148132]]]},"properties":{"ZONE_CODE":"RG3[774r]","ZONE_MAIN":"RG","ZNAME_EN":"Rural Industrial Zone","LABEL":null}},{"type":"Feature","geometry":{"type":"Polygon","coordinates":[[[-75.75043229545145,45.36848750524935],[-75.75028605331644,45.36855160985732],[-75.7500867405111,45.368638977552315],[-75.75038993539422,45.369182994868474],[-75.75043229545145,45.36848750524935]]]},"properties":{"ZONE_CODE":"IL[260] H(11)","ZONE_MAIN":"IL","ZNAME_EN":"Industrial Zone","LABEL":null}},{"type":"Feature","geometry":{"type":"Polygon","coordinates":[[[-75.75359100824733,45.396309290634214],[-75.75356690734657,45.39626753444549],[-75.75344335485902,45.396319708860325],[-75.75383274129703,45.39701100269314],[-75.75374292683661,45.397047181537985],[-75.75417337436792,45.39779408926082],[-75.75434799697769,45.39770333137988],[-75.75434387640549,45.39769607677337],[-75.75446293641829,45.397662454268286],[-75.75425084148476,45.39728779376372],[-75.75448931364997,45.39722049336936],[-75.7547277858152,45.39715318532538],[-75.75483617024916,45.397122593428634],[-75.75502042729036,45.39707058817536],[-75.75520466097535,45.397018588551376],[-75.75544294629098,45.39695133136081],[-75.75556054743977,45.39691814050324],[-75.7557410926422,45.396867182803675],[-75.75589826996914,45.3968227997857],[-75.75603918239956,45.396783008258794],[-75.75615841488892,45.39674933474716],[-75.75598626893438,45.39644526170659],[-75.75622042289802,45.39637907618556],[-75.75604793738033,45.39607618516163],[-75.75597862247469,45.39609577902503],[-75.75557254084713,45.39621056466297],[-75.75551563706546,45.39622665061811],[-75.75514750836034,45.39633071309376],[-75.75454738613985,45.39650034139406],[-75.75442811232799,45.39653405290165],[-75.75437817498135,45.39654816564311],[-75.75437597500722,45.396548785082175],[-75.75412805076859,45.396618863656286],[-75.75389942324058,45.396683484532744],[-75.75381995288063,45.39670595144133],[-75.75359100824733,45.396309290634214]]]},"properties":{"ZONE_CODE":"IG1","ZONE_MAIN":"IG","ZNAME_EN":"Transportation Zones","LABEL":null}},{"type":"Feature","geometry":{"type":"Polygon","coordinates":[[[-75.90730097563998,45.29700969472],[-75.90628825002295,45.29764825302842],[-75.9072024654876,45.298388525594916],[-75.9066591482341,45.29872903962938],[-75.90684173081559,45.29887687005023],[-75.90746358418113,45.299380357028085],[-75.90742033748673,45.299406976109196],[-75.90715631094662,45.29956949080344],[-75.90755002277271,45.2998882809598],[-75.90777109367257,45.300067287965476],[-75.90780750867923,45.30009680384413],[-75.90783536633451,45.3000921077925],[-75.90785857520818,45.300088200313326],[-75.90791058676483,45.30008315736477],[-75.90796304568248,45.300081716702785],[-75.90801545609108,45.30008389222875],[-75.90807536473739,45.30009088891681],[-75.9081337749938,45.300102605666176],[-75.90818994305525,45.30011889461656],[-75.90824315026953,45.30013954661555],[-75.90829272020521,45.300164299432886],[-75.90844702831315,45.30025098854922],[-75.90864517959683,45.30037177619563],[-75.90884170852311,45.300098957885936],[-75.90906689999518,45.29997344263522],[-75.90921772174148,45.300095609611425],[-75.91041405940932,45.301064635854104],[-75.91138630873627,45.30046676075102],[-75.91149338971476,45.30040091026884],[-75.9124588199304,45.301197373972954],[-75.91361443786471,45.30047807808411],[-75.91412158086004,45.300162400668384],[-75.91502472548713,45.299600706684096],[-75.91570728160968,45.29917619274063],[-75.91592785304623,45.29903900587153],[-75.91744931616822,45.29810918989452],[-75.91758151853362,45.29802839432172],[-75.91601464737066,45.29766064325207],[-75.91562134427804,45.29756597310393],[-75.9152617190254,45.29747940752595],[-75.91340109876451,45.29703826749502],[-75.91281405781118,45.29689887705667],[-75.9128136293148,45.29689790897855],[-75.91181216857143,45.2963765516457],[-75.91008177528066,45.295475687062996],[-75.9100246954292,45.295445968459866],[-75.90987436775629,45.29537640403003],[-75.90987413688926,45.29537655063591],[-75.9097304765124,45.29546773434129],[-75.90993385060115,45.295569046308216],[-75.91166345966266,45.29646887560373],[-75.91122280277814,45.296746589697996],[-75.90905539077976,45.298112482048],[-75.90897161030308,45.29816527843279],[-75.9088459629443,45.29824416423964],[-75.90730097563998,45.29700969472]]]},"properties":{"ZONE_CODE":"IL5[306] H(30)","ZONE_MAIN":"IL","ZNAME_EN":"Industrial Zone","LABEL":null}},{"type":"Feature","geometry":{"type":"Polygon","coordinates":[[[-75.61238303030939,45.3996972588268],[-75.61491182107184,45.4013656470292],[-75.61595925938808,45.40205525941041],[-75.61671767015153,45.401464216400825],[-75.61669714185066,45.401427073461434],[-75.61632188231881,45.40119774832039],[-75.61578037157734,45.400866836419524],[-75.61470522921775,45.400209797999416],[-75.61304896041266,45.39919763872529],[-75.61238303030939,45.3996972588268]]]},"properties":{"ZONE_CODE":"IL[254] H(8) S103","ZONE_MAIN":"IL","ZNAME_EN":"Industrial Zone","LABEL":null}},{"type":"Feature","geometry":{"type":"Polygon","coordinates":[[[-75.74558766046293,45.37787162325766],[-75.74538781854989,45.377518574122526],[-75.74503651888331,45.37761815115819],[-75.7449519775336,45.37764211670903],[-75.74493030477905,45.37764825511912],[-75.74490135297576,45.37759740813908],[-75.74401094196783,45.377992376681824],[-75.74451158475378,45.378854757166444],[-75.7445125216966,45.37885390091191],[-75.74522233539982,45.378205339565625],[-75.7452388661977,45.37819023977958],[-75.74525548862368,45.37817504218473],[-75.745294626424,45.3781392992681],[-75.74541696349098,45.378027587758304],[-75.74558766046293,45.37787162325766]]]},"properties":{"ZONE_CODE":"IL[1800] H(22)","ZONE_MAIN":"IL","ZNAME_EN":"Industrial Zone","LABEL":null}},{"type":"Feature","geometry":{"type":"Polygon","coordinates":[[[-75.4338501897585,45.345572387472146],[-75.43384644827535,45.34557342606285],[-75.43376049118076,45.3455972871267],[-75.43372943282812,45.34560590395272],[-75.43158227065285,45.34620192210599],[-75.43154718155955,45.34621166075783],[-75.42777286497758,45.34725922118239],[-75.42652131775068,45.34758713932469],[-75.43555844766236,45.34863069819076],[-75.44215566253253,45.34938025952671],[-75.44215191476114,45.349373530921255],[-75.44159905919595,45.34838078707007],[-75.44111982146661,45.34752020717882],[-75.44081420113223,45.34697137966406],[-75.44077507590833,45.3469011189585],[-75.44074062551718,45.34683925509482],[-75.44071818290645,45.346798949823544],[-75.44070325560136,45.346772145287],[-75.44056511267698,45.34652406382491],[-75.44053076649041,45.34646238390407],[-75.44050390686341,45.34641415046846],[-75.44024505641598,45.3459492929993],[-75.44014189209211,45.345764023866636],[-75.44010337502769,45.345695067947894],[-75.43999217976518,45.3454951579398],[-75.43975786949467,45.345074357355216],[-75.43920706478328,45.34408513569927],[-75.43950400559537,45.34400268515406],[-75.43957827650644,45.34398206176552],[-75.44064329664941,45.343686332129714],[-75.4408427998976,45.344060818773784],[-75.44084307298544,45.344060747427925],[-75.44123278371528,45.343958517605024],[-75.44127063512808,45.34394858788875],[-75.44194075587215,45.34377279493839],[-75.44196529964233,45.34376635736499],[-75.4420019536009,45.34375674141205],[-75.44226529831968,45.34368765677162],[-75.44227477195267,45.343685171647444],[-75.44247854040181,45.34363171556464],[-75.44081485510574,45.34051115790661],[-75.44063756360127,45.34056246001206],[-75.43850287902531,45.34115337768451],[-75.43648299465109,45.34171246511435],[-75.43541655966153,45.3420073735047],[-75.43692456332563,45.34471887728631],[-75.43442740044769,45.345412144377484],[-75.43411814822461,45.34549799591643],[-75.4338501897585,45.345572387472146]]]},"properties":{"ZONE_CODE":"RH","ZONE_MAIN":"RH","ZNAME_EN":"Rural Industrial Zone","LABEL":null}},{"type":"Feature","geometry":{"type":"Polygon","coordinates":[[[-75.74401094196783,45.377992376681824],[-75.74313423655617,45.37838125209152],[-75.74351091273122,45.37901338551519],[-75.74384119810837,45.37956696906995],[-75.7445409740366,45.378926827631396],[-75.74454910828149,45.37891939456841],[-75.74401094196783,45.377992376681824]]]},"properties":{"ZONE_CODE":"IL[277] H(22)-h","ZONE_MAIN":"IL","ZNAME_EN":"Industrial Zone","LABEL":null}},{"type":"Feature","geometry":{"type":"Polygon","coordinates":[[[-75.70618817104068,45.29915178892136],[-75.70777337412365,45.298546174523615],[-75.70787558892826,45.29850436258419],[-75.7079742041835,45.29845844840109],[-75.70806889110604,45.29840858361757],[-75.70815933348884,45.298354937569265],[-75.70824522590473,45.298297689070054],[-75.70832628179113,45.29823702893977],[-75.70840223165347,45.29817316126819],[-75.70847281857354,45.298106299623704],[-75.70853780539613,45.29803666894928],[-75.7085969765256,45.29796450050751],[-75.70865013612915,45.29789003756787],[-75.7086971000522,45.297813529087705],[-75.70873891573038,45.2977326989713],[-75.70877382156736,45.297650252348696],[-75.7088016891041,45.29756648178129],[-75.70892657648817,45.297133978003224],[-75.70989658811175,45.29727349171619],[-75.71005086657527,45.297295680269386],[-75.7112896208942,45.29718183130109],[-75.71145508248469,45.29715286934682],[-75.7114731026893,45.297069660438204],[-75.71147623780963,45.29684349499974],[-75.71197386944274,45.295013614704565],[-75.71380855893463,45.295288160514254],[-75.71415993585633,45.29549295745122],[-75.71439292739998,45.29572074914561],[-75.71490327109268,45.29662901137145],[-75.71609509023463,45.29622169352886],[-75.71415093024558,45.29278258213138],[-75.71365884570936,45.293850188862514],[-75.71346923560739,45.29396239705879],[-75.71329410994109,45.294066034081155],[-75.71319997997404,45.29415786383586],[-75.71310069277895,45.2942320770069],[-75.71302346820723,45.29427454046089],[-75.71290878837975,45.29432507936127],[-75.71283376288385,45.29434952506968],[-75.71278550898003,45.294360762104375],[-75.71261491441601,45.294392092072705],[-75.71250805262645,45.294398203493586],[-75.71235599030672,45.29439715511732],[-75.71210775255605,45.29438198620396],[-75.7119758295667,45.29437633988395],[-75.71182222663626,45.2949070106211],[-75.7118026280917,45.29497472092334],[-75.70950275770804,45.294650220829055],[-75.70868836303777,45.29453659594037],[-75.70856125501832,45.294508718925194],[-75.7084342718647,45.29447184381988],[-75.7083200376016,45.294435057161095],[-75.7081931802121,45.29438918391829],[-75.70800383421484,45.29425288913356],[-75.70792859671654,45.294162379645485],[-75.70911925433684,45.29367283181698],[-75.70913393909679,45.29366679425503],[-75.70926204604282,45.293622687930586],[-75.70926270450792,45.293622278432665],[-75.70910791490299,45.293568505259465],[-75.70835916641875,45.293285802825714],[-75.70830539506247,45.29326086879704],[-75.7082536053897,45.293228906258086],[-75.70820796019349,45.293183281026444],[-75.70817142391425,45.293127190088164],[-75.70812760768796,45.29305734412501],[-75.7079137709211,45.29267756700452],[-75.707783227744,45.29248485297246],[-75.70766450819269,45.29240465669458],[-75.70662517357863,45.29188487334308],[-75.70611549913082,45.29162996512511],[-75.70634455695188,45.29133559829824],[-75.70596684681594,45.29115450919689],[-75.70448024281856,45.29169533539019],[-75.70462054708952,45.29223271163006],[-75.70449796837573,45.29227737073336],[-75.70471357841697,45.29283536072846],[-75.70457249440832,45.29299779630536],[-75.70448867620243,45.29320149308038],[-75.70386204739283,45.29532233804429],[-75.70209211924643,45.29576798056551],[-75.7035094811017,45.29859062455595],[-75.70427866805531,45.29990078190333],[-75.70456741533373,45.30039259175571],[-75.70523654254109,45.3015542651964],[-75.70550823260888,45.301456846034014],[-75.70605063897068,45.301270144249884],[-75.70637410164323,45.30105810938886],[-75.70654625837756,45.300809308271376],[-75.70661688033192,45.300583610795194],[-75.70662003521522,45.30035744420762],[-75.70596098261375,45.299233828958286],[-75.70595224470098,45.299223260153354],[-75.70618817104068,45.29915178892136]]]},"properties":{"ZONE_CODE":"IL9","ZONE_MAIN":"IL","ZNAME_EN":"Industrial Zone","LABEL":null}},{"type":"Feature","geometry":{"type":"Polygon","coordinates":[[[-75.74208396136028,45.375400603435416],[-75.7424157029065,45.37525727755126],[-75.74213507909322,45.374938094872064],[-75.7418034606162,45.37508156670277],[-75.74208396136028,45.375400603435416]]]},"properties":{"ZONE_CODE":"IG1[269]","ZONE_MAIN":"IG","ZNAME_EN":"Transportation Zones","LABEL":null}},{"type":"Feature","geometry":{"type":"Polygon","coordinates":[[[-75.53981950309202,45.18631725014282],[-75.53977838720147,45.18624247041444],[-75.53791346670533,45.18285036535911],[-75.53694463187477,45.1810615960306],[-75.5360560058193,45.179438730010105],[-75.53061013829262,45.181781800644096],[-75.52610787192013,45.18371854474082],[-75.52599783368773,45.18376566357843],[-75.52734703407418,45.18621554880182],[-75.52788035846848,45.187183901469744],[-75.52881431620814,45.188879593427494],[-75.52974586466618,45.19057080704882],[-75.52979442399719,45.1906617014018],[-75.53000528015393,45.19057058800019],[-75.53000973669606,45.19054042448706],[-75.53044635745002,45.19026384816217],[-75.53251376000783,45.189448581283166],[-75.53313451563209,45.189126127441234],[-75.53326783729835,45.18908949916038],[-75.5336225739192,45.18890780911729],[-75.5340411654854,45.18874832415809],[-75.53428812403511,45.18861214418222],[-75.53475750005927,45.18843891732725],[-75.53570172644093,45.18799791365925],[-75.53626664638038,45.18783323267551],[-75.5369632710186,45.18746089162832],[-75.53718526358995,45.187378833109065],[-75.53725476534515,45.18732449584245],[-75.5378066067124,45.187123863342585],[-75.53823217549342,45.187031842070276],[-75.53837176740035,45.186986175800186],[-75.53857445158297,45.18688170317982],[-75.53868820434907,45.18679565067136],[-75.53905597821966,45.18664988800092],[-75.5395690698588,45.186390918620894],[-75.53981950309202,45.18631725014282]]]},"properties":{"ZONE_CODE":"RH1[113r]","ZONE_MAIN":"RH","ZNAME_EN":"Rural Industrial Zone","LABEL":null}},{"type":"Feature","geometry":{"type":"Polygon","coordinates":[[[-75.75370866868494,45.211708258084705],[-75.75036156210598,45.21306506759197],[-75.750353099976,45.213068496942654],[-75.7504451000375,45.213162080357144],[-75.75044884331729,45.213165965344835],[-75.75045066420238,45.213168327725974],[-75.75045123912415,45.213169544039026],[-75.75045130110792,45.21317002372955],[-75.75045120139491,45.21317050088878],[-75.75045054382812,45.21317169188829],[-75.75045008299239,45.2131722297998],[-75.75054825088662,45.2132911688812],[-75.75076639866855,45.213555474669654],[-75.75078447995858,45.213577380807614],[-75.75095969994801,45.213789672971345],[-75.75101532003714,45.2138570611264],[-75.75118977286532,45.214068421990184],[-75.75145848591625,45.214393980883884],[-75.75150192305351,45.2144466058312],[-75.75151505282969,45.21446251373209],[-75.75157256746576,45.21453219380397],[-75.75161881992311,45.21458823079628],[-75.75165183031486,45.214628225092504],[-75.75166366202548,45.21464255911737],[-75.75166907257842,45.21464911324163],[-75.75167986493825,45.21466218858114],[-75.75168624028181,45.21466991278817],[-75.75168832167833,45.21467087657371],[-75.75202942726307,45.2145314553007],[-75.75284598507656,45.21419597132325],[-75.75503370349195,45.213298979340095],[-75.75572733763858,45.21301456643916],[-75.75583983006834,45.21295995051938],[-75.75560715562996,45.21263675151519],[-75.7555087514788,45.21267744331072],[-75.7547651952569,45.212984906539],[-75.75474005949692,45.2129544334245],[-75.75463168404609,45.212823162100385],[-75.75461141625667,45.21279860849687],[-75.75444982820167,45.21260284946839],[-75.75402242326422,45.21208505396118],[-75.75398135588269,45.21203529933375],[-75.75375598654419,45.21176226197216],[-75.75370866868494,45.211708258084705]]]},"properties":{"ZONE_CODE":"RG[961r]","ZONE_MAIN":"RG","ZNAME_EN":"Rural Industrial Zone","LABEL":null}},{"type":"Feature","geometry":{"type":"Polygon","coordinates":[[[-75.91993941918633,45.30730358411938],[-75.91824615326625,45.30592516843359],[-75.91645410680093,45.30700794914529],[-75.91679753992055,45.30728690805118],[-75.91723844204515,45.307644910157286],[-75.91727582363907,45.307674921832685],[-75.91731391400374,45.30770448492523],[-75.91735270505434,45.30773359185436],[-75.91739218421446,45.30776223377572],[-75.91743234070428,45.30779040374043],[-75.91747316194744,45.30781809353597],[-75.9175146380624,45.30784529431813],[-75.9175567564728,45.307871999137966],[-75.91759950550058,45.30789820041488],[-75.9176428725692,45.307923890568084],[-75.91768684689902,45.30794906201695],[-75.91773141411687,45.307973708444365],[-75.91777656254474,45.30799782226959],[-75.9178222805045,45.30802139717554],[-75.91786855272478,45.308044425581514],[-75.9179153675275,45.30806690180213],[-75.91796271143791,45.308088819520265],[-75.91801057098131,45.30811017241877],[-75.91805893268294,45.308130954180456],[-75.91810778396642,45.30815115848825],[-75.91845549127018,45.308283079552524],[-75.91856133706517,45.30816348134344],[-75.9186288885779,45.30809822798814],[-75.91874589324534,45.30800226053148],[-75.91921574896986,45.307692676874616],[-75.91993941918633,45.30730358411938]]]},"properties":{"ZONE_CODE":"IL7[410]","ZONE_MAIN":"IL","ZNAME_EN":"Industrial Zone","LABEL":null}},{"type":"Feature","geometry":{"type":"Polygon","coordinates":[[[-75.68908314489987,45.04797344486029],[-75.68891787465053,45.048270573753875],[-75.68889431633222,45.04842374657932],[-75.68901279782997,45.04851457063653],[-75.68900623743346,45.04853509067815],[-75.68922563656855,45.0487094828096],[-75.689280992553,45.04876553255038],[-75.68928827160174,45.04877290226787],[-75.68936312641775,45.048872394630166],[-75.68938591308324,45.04907047698297],[-75.6893351421,45.04907011522642],[-75.68898400682511,45.0487437458017],[-75.68892902633648,45.04870401707794],[-75.68892113553501,45.04869831588513],[-75.68888317722269,45.04868904914494],[-75.68877024461844,45.0485892848267],[-75.68868210551601,45.048534677510254],[-75.68858068482213,45.04852495886092],[-75.68849172106627,45.04853331995854],[-75.68848608234123,45.04853447505161],[-75.68852334625585,45.04856653395297],[-75.68858866096353,45.048622706324274],[-75.68972581672212,45.049600680129004],[-75.68983906912663,45.04969508557198],[-75.69029567559902,45.049404285895726],[-75.69022643525355,45.049290300772505],[-75.68994989158828,45.0489652089089],[-75.68990469644802,45.04899267769747],[-75.6892429767485,45.04817173024738],[-75.68916393219001,45.04807373322212],[-75.68908314489987,45.04797344486029]]]},"properties":{"ZONE_CODE":"RG[21r]","ZONE_MAIN":"RG","ZNAME_EN":"Rural Industrial Zone","LABEL":null}},{"type":"Feature","geometry":{"type":"Polygon","coordinates":[[[-75.48635046673922,45.488010452057615],[-75.48531323597958,45.48812020790963],[-75.48497748165897,45.48815635356671],[-75.48525943857216,45.489294228656846],[-75.48664959405075,45.48912349114128],[-75.48635046673922,45.488010452057615]]]},"properties":{"ZONE_CODE":"IL H(21)","ZONE_MAIN":"IL","ZNAME_EN":"Industrial Zone","LABEL":null}},{"type":"Feature","geometry":{"type":"Polygon","coordinates":[[[-75.57642475587356,45.34133495300777],[-75.57635408091858,45.34121297342035],[-75.57573059711082,45.34013686499183],[-75.57540358429624,45.3395724074851],[-75.57474728323452,45.33983455159593],[-75.57457812687323,45.33990211099448],[-75.57468058781622,45.34008004638627],[-75.57551875819713,45.34153336801227],[-75.5755967840661,45.341668682198836],[-75.57642475587356,45.34133495300777]]]},"properties":{"ZONE_CODE":"RG1[252r]","ZONE_MAIN":"RG","ZNAME_EN":"Rural Industrial Zone","LABEL":null}},{"type":"Feature","geometry":{"type":"Polygon","coordinates":[[[-75.51128813111603,45.451133510758005],[-75.51071257332698,45.4513035397456],[-75.5110083157865,45.45183959696669],[-75.51159053009182,45.451639242282894],[-75.51128812213288,45.45113362482127],[-75.51128813111603,45.451133510758005]]]},"properties":{"ZONE_CODE":"IL2 H(14)-h","ZONE_MAIN":"IL","ZNAME_EN":"Industrial Zone","LABEL":null}},{"type":"Feature","geometry":{"type":"Polygon","coordinates":[[[-75.94216817878959,45.29062990632523],[-75.94052678069569,45.29165980011334],[-75.94094239075348,45.29199448112311],[-75.94089163683823,45.29203305844097],[-75.94081612445545,45.29209088961084],[-75.94070387726575,45.292185139168595],[-75.94059783743468,45.29228290287827],[-75.94049822145618,45.29238397849609],[-75.94055106215784,45.29236824154847],[-75.94055118073545,45.292368599867096],[-75.94073505868758,45.2923134465775],[-75.94133190654887,45.292100371513094],[-75.94166811990857,45.2920077206715],[-75.94176514334917,45.29195351813054],[-75.94236638217555,45.29155233657349],[-75.94246844157162,45.29120097847436],[-75.94257747279259,45.29095710645278],[-75.94257808544361,45.29095573760361],[-75.94216817878959,45.29062990632523]]]},"properties":{"ZONE_CODE":"IP13[2166]-h","ZONE_MAIN":"IP","ZNAME_EN":"Industrial Zone","LABEL":null}},{"type":"Feature","geometry":{"type":"Polygon","coordinates":[[[-75.9144225973286,45.2743456246197],[-75.91437175268351,45.274372935018796],[-75.91430064474058,45.274349275320766],[-75.91420827547148,45.27438186674657],[-75.91408602823603,45.27441701142881],[-75.91403439756509,45.27445599769425],[-75.91403523569325,45.27455635091888],[-75.91406211148991,45.27462769131577],[-75.9141038175736,45.274672662655775],[-75.91413080116811,45.27470307107483],[-75.91413036368859,45.27470495678441],[-75.91412827420721,45.27471174988987],[-75.91412604189375,45.274716226157835],[-75.91412305769038,45.27472021882923],[-75.91411919673129,45.274723552798086],[-75.91411507615906,45.27472509335214],[-75.91410824357303,45.27472666108861],[-75.91410094386302,45.274727772411495],[-75.91409389029141,45.27472874845384],[-75.91408775210307,45.274729904027296],[-75.9140832578317,45.274731559632755],[-75.91408312577937,45.27473171767068],[-75.91408186544301,45.27473466412991],[-75.91408238017767,45.274738144757144],[-75.91408436814939,45.27474207737261],[-75.91408755088045,45.2747463734749],[-75.91409162923185,45.27475094582715],[-75.91409630316627,45.27475571414596],[-75.9141013013925,45.27476058866582],[-75.9141063328564,45.274765481517676],[-75.91410856876315,45.274768877434724],[-75.91411134455738,45.274773120434325],[-75.91411410508024,45.274777362169324],[-75.91411683595871,45.274781614018416],[-75.91411955785401,45.27478586460286],[-75.91412226447797,45.27479012466927],[-75.91412495942383,45.274794382206764],[-75.91412762742023,45.27479865238694],[-75.91413029631494,45.274802922566785],[-75.91413295981975,45.274807200964325],[-75.914135601765,45.274811476832895],[-75.91413825449003,45.27481575712618],[-75.91414088475719,45.27482003615491],[-75.91414352580412,45.27482432403334],[-75.91414614798643,45.27482860306142],[-75.91414877376202,45.27483288904277],[-75.91415140402917,45.27483716870233],[-75.9141540450761,45.274841455947346],[-75.91415667264829,45.274845731813336],[-75.91415931369524,45.27485000894332],[-75.91416196642027,45.274854289233744],[-75.91416461824699,45.27485856889169],[-75.91416727456529,45.27486284602065],[-75.91416995513809,45.27486711366707],[-75.9141726357109,45.27487137688815],[-75.91417533065675,45.27487563441955],[-75.91417601786793,45.274876643331154],[-75.91417892751114,45.274880851554464],[-75.91418186410381,45.27488504713443],[-75.91418480878131,45.27488923323187],[-75.91418777950997,45.274893423121874],[-75.91419076640828,45.274897602265014],[-75.91419375240828,45.27490178203997],[-75.91419675457797,45.27490595170028],[-75.91419976752744,45.27491012452099],[-75.91420277868025,45.27491429481281],[-75.91420579612131,45.2749184644722],[-75.91420882074885,45.2749226347634],[-75.91421183459664,45.2749268025257],[-75.91421483227474,45.27493097534488],[-75.91421783534273,45.27493514437089],[-75.91422082224106,45.27493932477525],[-75.91422379746126,45.274943495697066],[-75.91422675291855,45.27494768431878],[-75.91422970298595,45.274951862193625],[-75.91423261981568,45.27495606092909],[-75.91423551598416,45.27496025713566],[-75.91423839688126,45.27496445397407],[-75.9142412373542,45.274968669776605],[-75.91424404908103,45.2749728849467],[-75.91424683745169,45.274977109598744],[-75.91424958270319,45.27498135068634],[-75.91425229022546,45.27498559114146],[-75.91425496001848,45.27498985056072],[-75.91425757411595,45.27499411061183],[-75.91426016126398,45.27499839025922],[-75.91426268283499,45.27500268381352],[-75.91426516128686,45.27500698811406],[-75.91426759302632,45.27501130189651],[-75.91426782209672,45.27501172353964],[-75.91427015681815,45.275016083468564],[-75.91427243943728,45.275020451615084],[-75.91427466546256,45.27502482545061],[-75.91427685555523,45.27502922204316],[-75.91427899983381,45.27503361610676],[-75.91428110997641,45.27503803798456],[-75.9142831662201,45.275042457965526],[-75.91428519281936,45.27504688806056],[-75.91428717180794,45.27505133648753],[-75.91428912205042,45.27505579439638],[-75.91429102917377,45.27506025862633],[-75.91429288688977,45.27506473423466],[-75.91429472484285,45.275069216796226],[-75.91429651338858,45.27507371136823],[-75.91429827947643,45.27507821415782],[-75.91430000334347,45.27508271315418],[-75.91430169666778,45.275087233011064],[-75.91430336753419,45.27509176171762],[-75.91430499617981,45.27509629105597],[-75.91430659787595,45.275100828611876],[-75.91430817621591,45.27510537438535],[-75.91430971323337,45.27510992142277],[-75.91431123408114,45.27511448426349],[-75.9143127189963,45.27511904015025],[-75.91431419043674,45.27512361373674],[-75.91431563582603,45.275128184162114],[-75.91431705067262,45.27513276912658],[-75.9143184439596,45.275137347769125],[-75.91431980490727,45.27514192957205],[-75.91432115597344,45.27514651959252],[-75.91432249356491,45.27515111277341],[-75.91432380690186,45.27515571101104],[-75.91432510406912,45.275160309880455],[-75.91432637428694,45.27516491064596],[-75.91432763372497,45.27516951773254],[-75.91432887789162,45.27517412481876],[-75.91433010678693,45.275178731272426],[-75.91433131322438,45.27518334215078],[-75.91433252056011,45.27518794733943],[-75.91433370992955,45.27519256264205],[-75.91433488762088,45.27519717225497],[-75.91433499901198,45.27519750792482],[-75.91433655040247,45.2752020707585],[-75.91433808472497,45.275206639281144],[-75.91433960916602,45.27521121033199],[-75.91434111833568,45.275215785807475],[-75.91434262750538,45.275220360650486],[-75.91434411421716,45.27522494055029],[-75.9143455964374,45.27522952234613],[-75.91434705170815,45.27523410667025],[-75.91434849530081,45.275238687201046],[-75.91434992452042,45.27524327721374],[-75.9143513276889,45.27524786975458],[-75.91435271917928,45.27525246419153],[-75.91435408461851,45.275257059892375],[-75.91435542220997,45.275261663178625],[-75.91435673015702,45.27526625951087],[-75.9143580156462,45.27527087038207],[-75.914359285864,45.27527547113863],[-75.91436051925089,45.2752800750555],[-75.91436171131528,45.2752846846613],[-75.91436288720998,45.27528929995609],[-75.9143640289687,45.27529391588262],[-75.91436512581166,45.2752985299123],[-75.91436619750179,45.275303146470236],[-75.91436723056438,45.27530776049921],[-75.91436823757581,45.275312386538545],[-75.91436918799339,45.27531700878466],[-75.91437010517329,45.27532163166251],[-75.9143709765391,45.275326263390056],[-75.91437181466726,45.27533088563499],[-75.91437260698135,45.2753355173618],[-75.91437334809146,45.2753401465596],[-75.9143740496757,45.27534478460706],[-75.91437470005596,45.27534941506842],[-75.91437529384237,45.27535405121865],[-75.91437583462817,45.27535869116144],[-75.9143763421763,45.27536332667881],[-75.91437677875753,45.27536796219581],[-75.91437717311794,45.27537260909097],[-75.91437750729122,45.27537725345724],[-75.91437778576898,45.27538188834094],[-75.91437799687304,45.27538654092432],[-75.91437815587486,45.27539118149656],[-75.91437783158304,45.27539440796152],[-75.91437727642419,45.27539908330104],[-75.91437662784057,45.27540375231876],[-75.91437589930686,45.275408430818274],[-75.9143751069928,45.275413109317356],[-75.91437426347474,45.27541778655179],[-75.91437336156618,45.27542247390013],[-75.91437242372503,45.27542714923738],[-75.91437145534117,45.275431834688526],[-75.91437047527918,45.2754365214036],[-75.91436948443743,45.275441205589665],[-75.91436849449397,45.27544588408609],[-75.91436750275392,45.275450567639226],[-75.9143665496414,45.275455242974154],[-75.91436562347833,45.275459921469384],[-75.9143647224681,45.27546458795353],[-75.91436388972984,45.27546926771229],[-75.91436310999218,45.27547392850637],[-75.91436240930625,45.27547858993222],[-75.91436177689228,45.27548324882907],[-75.91436123430985,45.27548790013984],[-75.91436079683032,45.27549254576097],[-75.91436048331828,45.2754971932781],[-75.91436027131589,45.2755018218306],[-75.91436019226413,45.275506452279146],[-75.91436025784114,45.275511075141566],[-75.91436047164018,45.275515680935776],[-75.91436084354271,45.275520286729574],[-75.9143613726504,45.27552488873017],[-75.91436210567569,45.27552947303041],[-75.91436300399097,45.27553404784808],[-75.914363317503,45.27553606817648],[-75.91436414844463,45.27554077384721],[-75.91436514018471,45.27554544538184],[-75.91436635560528,45.2755500802518],[-75.91436782794405,45.27555465380355],[-75.91436959043864,45.275559144544275],[-75.91437168620817,45.275563549945424],[-75.9143741556769,45.275567825124845],[-75.91437574928823,45.27556985935917],[-75.91437930931168,45.27557384248839],[-75.91438316308427,45.27557772068168],[-75.91438712375636,45.27558156663546],[-75.9143909478845,45.27558540942823],[-75.91439445850064,45.27558931417072],[-75.91439742383939,45.27559333649135],[-75.91439930940318,45.27559694286221],[-75.91440118957708,45.275601520203054],[-75.91440257927081,45.27560623155764],[-75.91440347399283,45.27561103330811],[-75.91440390877743,45.275615884997386],[-75.91440383960715,45.2756207385827],[-75.9144032898382,45.27562557004259],[-75.91440225947056,45.27563032817366],[-75.91440073592786,45.27563497820811],[-75.91439874346453,45.27563948727457],[-75.91439627579246,45.27564379974464],[-75.91439432016008,45.2756467000102],[-75.9143911940229,45.2756504460809],[-75.91438754596454,45.275654027162474],[-75.91438734923348,45.27565419088711],[-75.91438894643805,45.27569349490171],[-75.91439152729787,45.27574748540966],[-75.91444875357473,45.275818560706924],[-75.91444937251394,45.2758191119327],[-75.91445332150795,45.275822780238855],[-75.91445717707715,45.275826502276644],[-75.91446091406873,45.27583027804607],[-75.91446454685573,45.27583411070783],[-75.91446747536355,45.27583734599753],[-75.91447066168787,45.27584138031124],[-75.91447375638403,45.275845466460076],[-75.91447674687562,45.27584959875481],[-75.91447966370534,45.275853767713336],[-75.91448250417827,45.27585798344984],[-75.91448529524385,45.2758622168859],[-75.91448805217345,45.27586647623936],[-75.91449078395024,45.275870746971016],[-75.91449350854049,45.27587501643809],[-75.91449622504591,45.27587929538689],[-75.91449897209405,45.275883566117585],[-75.91450175776976,45.27588781725164],[-75.91450460093762,45.27589206269612],[-75.91450749171622,45.27589626768344],[-75.91450862269515,45.2758978568803],[-75.91451184764702,45.275901911418124],[-75.91451514176916,45.275905942566546],[-75.9145185059599,45.27590994906128],[-75.9145219321344,45.275913927109535],[-75.91452539783478,45.27591787987191],[-75.91452893629867,45.27592182251983],[-75.9145325062036,45.275925729135565],[-75.91453613719398,45.27592962816535],[-75.91453981849003,45.27593350443792],[-75.91454352493888,45.27593735605685],[-75.91454727181193,45.27594120072196],[-75.91455106270243,45.275945034640465],[-75.91455489222048,45.27594884833027],[-75.91455873251833,45.27595265506634],[-75.91456260156225,45.27595644410226],[-75.9145665065388,45.27596022934514],[-75.91457041421029,45.27596401016276],[-75.91457435062786,45.275967780233806],[-75.91457828974038,45.27597154082249],[-75.91458224951414,45.275975302043136],[-75.91458621018624,45.275979063263485],[-75.91459017265497,45.275982813737244],[-75.91459413242873,45.27598657432494],[-75.91459809399913,45.27599032479821],[-75.91460205736617,45.2759940885461],[-75.91460600456352,45.27599784850096],[-75.91460993738784,45.27600161667334],[-75.91461253172238,45.27600411235254],[-75.91461643759723,45.27600789190294],[-75.9146203560485,45.27601166955675],[-75.91462427719472,45.27601545037095],[-75.91462822708702,45.27601921854212],[-75.91463216350459,45.27602298987378],[-75.91463610890531,45.27602675045882],[-75.9146400578993,45.27603051862929],[-75.91464399611351,45.27603428996015],[-75.91464792893782,45.2760380676122],[-75.91465185008406,45.27604184842464],[-75.91465575685721,45.276045629236826],[-75.91465965105398,45.276049415737994],[-75.91466352369117,45.27605321361739],[-75.91466738015868,45.27605701023223],[-75.91467120518517,45.27606082644311],[-75.91467500685545,45.27606465213576],[-75.91467878067796,45.27606848541378],[-75.91468252934763,45.27607232564507],[-75.91468623579651,45.276076188000886],[-75.91468990451611,45.27608006615984],[-75.91469353281155,45.276083962018326],[-75.91469711080133,45.27608786925505],[-75.91470064567196,45.27609179355922],[-75.9147041383218,45.276095743780665],[-75.91470756539461,45.2760997066446],[-75.91471095473817,45.27610369352942],[-75.91471427311483,45.27610770822797],[-75.91471643356309,45.27611036572942],[-75.91471950580136,45.276114472719364],[-75.91472250258114,45.276118604994515],[-75.9147254499536,45.27612276381906],[-75.91472833624061,45.27612694223957],[-75.9147311452725,45.27613113835956],[-75.91473392286336,45.276135359764645],[-75.91473664206372,45.27613960329422],[-75.91473932353483,45.27614385504124],[-75.91474196458176,45.27614813144124],[-75.9147445643062,45.27615242048362],[-75.91474712899635,45.27615672596124],[-75.91474966314377,45.2761610402884],[-75.91475215507037,45.27616536156875],[-75.91475463442055,45.27616969549147],[-75.91475710299095,45.27617403636737],[-75.91475954371357,45.27617838988568],[-75.91476196826652,45.27618274782853],[-75.91476439731106,45.276187109563935],[-75.91476681108423,45.276191469402555],[-75.9147692248574,45.27619583556216],[-75.91477163863055,45.27620019476802],[-75.91477405240373,45.27620455586988],[-75.91477648144826,45.276208916339314],[-75.91477892217087,45.27621327491197],[-75.9147813745716,45.27621762716297],[-75.9147838422437,45.27622196803521],[-75.91478633776354,45.276226301953606],[-75.91478885484298,45.27623063271103],[-75.91479141863479,45.27623494829686],[-75.91479400578282,45.27623925440032],[-75.91479661718536,45.276243540907274],[-75.91479840213782,45.276246400685515],[-75.91480130998438,45.27625057909693],[-75.9148042600518,45.2762547473938],[-75.9148072343737,45.27625891000119],[-75.91481023384843,45.276263061229855],[-75.9148132656625,45.276267202976214],[-75.9148163145446,45.276271337136635],[-75.91481939666433,45.276275462446854],[-75.9148224931571,45.27627956752851],[-75.91482562109093,45.276283672609814],[-75.91482877148262,45.27628776884098],[-75.91483195690863,45.27629185875049],[-75.91483515760599,45.27629593854558],[-75.91483837447302,45.27630000885835],[-75.91484161289962,45.276304079170814],[-75.91484488456388,45.27630812988683],[-75.91484816161804,45.2763121812347],[-75.91485147101154,45.27631622246811],[-75.91485479028653,45.27632025737992],[-75.91485812393454,45.27632428407371],[-75.91486148543032,45.276328306974385],[-75.91486485590929,45.27633232418557],[-75.91486826142251,45.2763363306502],[-75.91487165885091,45.276340335218165],[-75.91487508502541,45.27634433472874],[-75.91487851658981,45.27634833360694],[-75.91488196791713,45.27635232047429],[-75.91488543451581,45.2763563022843],[-75.91488891818248,45.27636027966908],[-75.91489239735758,45.27636424883588],[-75.91489590258381,45.27636822179519],[-75.91489941140331,45.27637219222568],[-75.91490292920597,45.27637615254173],[-75.91490646587324,45.27638010590405],[-75.91490999804894,45.2763840662196],[-75.9149135463943,45.276388017052845],[-75.91491710641778,45.27639196030024],[-75.91492067093282,45.27639590670798],[-75.91492424173609,45.27639984742629],[-75.91492781792923,45.2764037919371],[-75.91493139322407,45.276407725069284],[-75.9149349757054,45.276411658201134],[-75.91493856716991,45.27641559322916],[-75.91494215414285,45.27641952952114],[-75.91494575638713,45.2764234607558],[-75.91494934425837,45.276427387565235],[-75.91495294290941,45.27643132132792],[-75.91495654245875,45.276435244976135],[-75.91496014470304,45.276439171784794],[-75.91496374694732,45.27644310365023],[-75.91496404339138,45.276443427302176],[-75.9149675234648,45.27644738634902],[-75.91497102958934,45.27645134855621],[-75.91497453751052,45.27645530001692],[-75.91497804633002,45.276459260327215],[-75.91498156952258,45.276463213051606],[-75.91498508732522,45.27646715692591],[-75.91498862039924,45.27647110775338],[-75.91499215886314,45.276475049730706],[-75.91499569193715,45.27647899423629],[-75.91499923848589,45.27648292673111],[-75.91500279850936,45.276486870604],[-75.91500634865136,45.27649080499466],[-75.91500990867483,45.2764947387529],[-75.91501347139325,45.2764986605004],[-75.9150170430948,45.27650259615448],[-75.91502062018628,45.27650651853353],[-75.91502419278616,45.276510444072976],[-75.91502777975909,45.27651437087643],[-75.91503135325729,45.276518295783184],[-75.91503494562012,45.27652221942543],[-75.91503854157621,45.27652613548184],[-75.91504212944744,45.27653005027369],[-75.91504572181027,45.27653397391508],[-75.91504932046129,45.2765378924992],[-75.91505292180727,45.27654180539386],[-75.91505652405155,45.27654572144887],[-75.91506012000765,45.276549637503656],[-75.91506374021823,45.27655354344404],[-75.91506733707263,45.2765574588661],[-75.91507095458827,45.276561376184354],[-75.915074552341,45.27656528085965],[-75.91507816985664,45.27656919754518],[-75.91508177120262,45.276573105380635],[-75.91508538602332,45.27657701953711],[-75.91508899725076,45.276580925475606],[-75.91509261656304,45.27658484152797],[-75.9150962170107,45.27658875441934],[-75.9150998318314,45.27659266288555],[-75.91510344216053,45.276596580201385],[-75.91510704709977,45.27660048487425],[-75.9151106583272,45.27660440155735],[-75.9151106583272,45.27660440282163],[-75.91511426236814,45.27660831824023],[-75.91511786191748,45.27661222101591],[-75.9151213249229,45.2766159853547],[-75.91513458764975,45.27663425013788],[-75.91521259375575,45.27676745442849],[-75.91529036360485,45.27691993197323],[-75.9153756721158,45.27705688346749],[-75.91548678293667,45.27723740884031],[-75.91548899009733,45.277242293261004],[-75.91549095471285,45.277246541764775],[-75.91549297771888,45.27725077509725],[-75.91549507438674,45.277254993890594],[-75.91549722046194,45.27725918613441],[-75.91549832538976,45.27726130121992],[-75.91550064124657,45.27726547892442],[-75.91550302268037,45.27726964588251],[-75.91550544094513,45.2772737983015],[-75.91550792568519,45.27727794060619],[-75.91551044635787,45.27728206141838],[-75.91551302272612,45.27728617843753],[-75.91551565029832,45.27729027712482],[-75.91551832727787,45.27729436190509],[-75.91552104647823,45.277298425825],[-75.91552382766237,45.2773024859519],[-75.91552663579594,45.27730652901118],[-75.9155295086082,45.27731055373858],[-75.91553242184467,45.277314563294766],[-75.91553537370869,45.27731856463307],[-75.91553837767502,45.277322548903776],[-75.9155414220655,45.277326517371094],[-75.91554450238863,45.277330470035125],[-75.91554763750896,45.27733441321698],[-75.91555080856192,45.277338330481555],[-75.91555402363231,45.27734224079253],[-75.9155572728387,45.27734614478201],[-75.91556056516421,45.27735001842933],[-75.91556389252402,45.27735388891573],[-75.9155672647996,45.277357734117],[-75.91557066941452,45.27736156920407],[-75.91557410457217,45.277365394809024],[-75.91557759362874,45.277369198289435],[-75.91558110963476,45.27737299039139],[-75.9155846606751,45.27737675784033],[-75.91558824046149,45.277380520232],[-75.91559185977378,45.277384260499204],[-75.91559551501867,45.27738799760554],[-75.91559919631469,45.27739170500185],[-75.91560291084838,45.27739540860522],[-75.9156066613147,45.27739908881981],[-75.91561043693386,45.27740275892024],[-75.91561424129907,45.27740640879251],[-75.91561806812217,45.27741003843667],[-75.91562193896274,45.27741365290966],[-75.91562583405782,45.27741726106118],[-75.91562974352594,45.277420843295474],[-75.91563369072328,45.27742441604774],[-75.91563766576841,45.27742797299675],[-75.91564165159335,45.2774315128782],[-75.91564566706265,45.27743503126736],[-75.91564972295616,45.27743854396714],[-75.91565123212584,45.27743985372311],[-75.91565537066435,45.277443251376475],[-75.91565956220347,45.277446633226646],[-75.91566380674318,45.27744999168811],[-75.91566807194417,45.277453322968114],[-75.91567238206088,45.277456637812826],[-75.9156767317035,45.277459933693656],[-75.9156811047023,45.27746321566767],[-75.91568550554888,45.27746647614935],[-75.9156899324466,45.27746973094174],[-75.91569437461567,45.27747297625215],[-75.91569882936116,45.27747621524111],[-75.91570329758139,45.277479454229926],[-75.91570777388647,45.277482683104644],[-75.9157122439033,45.277485912611255],[-75.91571672020837,45.27748914274982],[-75.91572119022523,45.277492371623936],[-75.91572564047914,45.27749560681914],[-75.91573009522465,45.277498845174726],[-75.91573452212235,45.27750209996525],[-75.91573893644366,45.27750536107682],[-75.91574332561214,45.27750863419847],[-75.91574767166148,45.27751192312297],[-75.91575200962598,45.277515230378775],[-75.91575629369157,45.277518561022866],[-75.91576054541781,45.27752190999829],[-75.91576474863503,45.27752527351225],[-75.91576890244491,45.277528673056885],[-75.9157730104407,45.27753209725402],[-75.91577705645274,45.277535546735756],[-75.91578104766755,45.277539032248164],[-75.91578498678005,45.277542544309426],[-75.91578819376564,45.27754549884027],[-75.91579192177407,45.27754912721127],[-75.9157955967819,45.27755279098078],[-75.91579922956889,45.27755647055309],[-75.91580281294857,45.27756018552382],[-75.9158063469209,45.27756391566526],[-75.91580983418083,45.27756767361971],[-75.91581328640648,45.277571446112674],[-75.9158166964113,45.27757524515446],[-75.91582006509361,45.277579072009225],[-75.9158234023349,45.27758290581708],[-75.91582670364356,45.27758676427733],[-75.91582996093477,45.277590630322806],[-75.91583319576812,45.27759452354911],[-75.91583639466884,45.27759842499275],[-75.91583957200999,45.277602342871226],[-75.91584270713032,45.27760626833487],[-75.91584582787763,45.27761020580853],[-75.91584892257379,45.27761415402793],[-75.91585199481204,45.277618116785774],[-75.91585504728738,45.277622085232466],[-75.9158580808981,45.277626061264314],[-75.91586109654251,45.27763003792799],[-75.91586410050883,45.27763402217683],[-75.9158646511761,45.2776347680777],[-75.91586781144927,45.27763868721792],[-75.9158709348915,45.277642603829364],[-75.91587405384217,45.27764652865809],[-75.91587715123326,45.27765046170413],[-75.91588024053954,45.277654405495866],[-75.91588329031994,45.27765835624068],[-75.91588634998178,45.27766230824946],[-75.91588936562619,45.27766627479667],[-75.91589238216892,45.27767024197574],[-75.91589537625377,45.27767421737207],[-75.91589834159252,45.277678200985726],[-75.91590130693127,45.27768219344872],[-75.91590424621887,45.27768618338291],[-75.91590716035365,45.277690182798665],[-75.91591006370865,45.27769419422437],[-75.91591294819904,45.27769821197099],[-75.915915820113,45.27770223603852],[-75.91591866687412,45.277706261369985],[-75.91592150105886,45.27771030503263],[-75.91592431098907,45.27771433794892],[-75.91592710654622,45.2777183891964],[-75.91592989222193,45.277722446764734],[-75.91593264825322,45.277726507493426],[-75.91593538901316,45.27773057264663],[-75.9159381073152,45.27773463716742],[-75.91594081393916,45.277738722547845],[-75.91594350169846,45.27774280476733],[-75.91594618316961,45.27774688698657],[-75.91594883230138,45.27775098753692],[-75.91595146077188,45.27775508745489],[-75.91595407397105,45.27775919622218],[-75.9159566745938,45.277763301196444],[-75.91595926443676,45.2777674188128],[-75.91596182553364,45.27777154464639],[-75.91596437225746,45.277775678065126],[-75.91596689203183,45.27777980895504],[-75.91596940372138,45.27778393921253],[-75.9159718848682,45.27778808906542],[-75.91597437050658,45.27779223575736],[-75.91597681392415,45.27779638750598],[-75.91597753077974,45.27779759548272],[-75.91597970290613,45.27780184394493],[-75.91598183370996,45.277806107577646],[-75.91598392678458,45.277810379427535],[-75.9159859911131,45.27781465886253],[-75.91598800962754,45.277818955996466],[-75.91599000837905,45.277823260715515],[-75.91599198467267,45.27782757365176],[-75.91599393132189,45.27783189543734],[-75.91599585461492,45.27783622544004],[-75.91599776802649,45.27784055291401],[-75.91599966167509,45.27784489176572],[-75.91600155981529,45.27784922808866],[-75.91600344627739,45.27785356630762],[-75.91600531926474,45.27785790326199],[-75.91600720123527,45.277862239583904],[-75.91600908769738,45.277866577801866],[-75.91601096787126,45.27787091538737],[-75.91601287050304,45.277875244755016],[-75.91601478121964,45.27787956400845],[-75.91601671619075,45.27788388705427],[-75.91601865295851,45.277888195561104],[-75.91602063104878,45.277892492689475],[-75.91602261722386,45.277896786656974],[-75.91602464921304,45.27790106671759],[-75.91602670276177,45.27790533919245],[-75.91602879403976,45.277909592703494],[-75.91603091586046,45.27791383736466],[-75.91603308978345,45.27791805737291],[-75.91603531221546,45.277922270427545],[-75.91603757507166,45.277926465150564],[-75.91603988014867,45.277930634588586],[-75.9160422615825,45.27793479075187],[-75.91604467535566,45.277938927951375],[-75.91604716189237,45.277943031648434],[-75.91604971670105,45.27794711954232],[-75.91605234517156,45.277951184679715],[-75.91605502574437,45.27795522895698],[-75.91605778536892,45.27795923720342],[-75.91606063302837,45.27796322332546],[-75.91606355434968,45.27796717720935],[-75.91606655741766,45.27797110011929],[-75.91606903137797,45.2779742322523],[-75.91607209912466,45.27797819245659],[-75.91607523155005,45.27798212737593],[-75.91607843314571,45.27798603637829],[-75.91608168235211,45.27798993084172],[-75.91608501689845,45.27799378864223],[-75.91608841253021,45.27799761483668],[-75.91609188631543,45.27800141764259],[-75.9160954283726,45.27800517556806],[-75.91609903510846,45.27800889999117],[-75.91610271909944,45.278012582062345],[-75.91610648393879,45.27801622178156],[-75.91611033052483,45.27801981662037],[-75.91611425616263,45.278023365946645],[-75.91611824378417,45.278026866599866],[-75.91612232932209,45.278030310994616],[-75.91612649391173,45.278033697866675],[-75.91612682179682,45.27803395956227],[-75.91613092080947,45.27803740458872],[-75.91613510516206,45.27804081295229],[-75.91613936497313,45.27804416252897],[-75.91614370922585,45.278047471018],[-75.91614813522526,45.27805073083398],[-75.91615263219155,45.27805394387328],[-75.9161572010231,45.27805710381482],[-75.91616184351648,45.27806022140443],[-75.91616656506163,45.27806328652836],[-75.91617133870903,45.278066301715135],[-75.91617619140821,45.278069260643484],[-75.91618110159955,45.27807217026676],[-75.91618606119825,45.278075027424386],[-75.91619109176384,45.278077834012755],[-75.91619617533001,45.27808058876752],[-75.91620132537155,45.27808328663193],[-75.91620652032883,45.27808593329488],[-75.91621175391367,45.2780885243317],[-75.91621705666881,45.27809105468543],[-75.9162223872717,45.278093535734094],[-75.91622556012128,45.27809497000139],[-75.9162316264444,45.278096933980436],[-75.91623784188783,45.27809877659349],[-75.91624418399374,45.278100514275536],[-75.91625063838906,45.27810216598995],[-75.91625716285297,45.278103748803886],[-75.91626373852085,45.27810526714213],[-75.91627035730787,45.27810674565717],[-75.91627698058645,45.2781082039445],[-75.91628358589874,45.278109653382195],[-75.91629014000705,45.278111109140966],[-75.91629664470803,45.27811258070261],[-75.91630305688253,45.27811410789022],[-75.91630936305582,45.278115669844034],[-75.91631552100709,45.27811731397266],[-75.91632153971949,45.278119042804526],[-75.91632735631097,45.27812088162416],[-75.91633297527306,45.27812283359213],[-75.91633836965634,45.278124910086504],[-75.91634351161304,45.27812714966618],[-75.91634837688862,45.27812955485963],[-75.91635293494035,45.278132137676934],[-75.9163571624121,45.278134918345785],[-75.91636105660885,45.27813791140473],[-75.91636456453001,45.27814113834559],[-75.91636614825987,45.278142799540554],[-75.91636853149032,45.27814667755827],[-75.91637061198851,45.27815073130333],[-75.91637242928034,45.278154950029766],[-75.91637405612931,45.27815928759322],[-75.91637555451922,45.27816371997338],[-75.9163770106883,45.27816820608281],[-75.91637845967085,45.27817272000492],[-75.91638000207817,45.27817721685955],[-75.91638167384292,45.27818168210823],[-75.91638355850839,45.27818607403137],[-75.91638390795305,45.27818679780106],[-75.91638671788324,45.27819077505753],[-75.9163897955114,45.278194663817935],[-75.91639307526052,45.27819848810248],[-75.91639655084234,45.278202252968164],[-75.91640017464618,45.2782059571507],[-75.91640392331588,45.27820963352008],[-75.91640776271541,45.2782132662734],[-75.91641167308185,45.27821688132734],[-75.91641560410953,45.27822049195624],[-75.91641953693383,45.27822409183899],[-75.91642344730028,45.27822770120324],[-75.91642729029304,45.278231332059065],[-75.91643105243746,45.27823499135975],[-75.91643467354638,45.27823868795481],[-75.91643815182314,45.278242427533314],[-75.91644144864024,45.27824623158707],[-75.91644169927021,45.278246525519414],[-75.91644439421607,45.278250547651695],[-75.91644693285505,45.27825461529581],[-75.91644932776362,45.278258736037074],[-75.91645159331476,45.278262895336894],[-75.91645372861018,45.27826709635583],[-75.91645573454821,45.27827133972599],[-75.91645762550189,45.27827561343721],[-75.91645939608131,45.27827992697115],[-75.91646104898145,45.27828427716732],[-75.91646260935508,45.278288649487045],[-75.91646407181236,45.27829305720473],[-75.91646543725159,45.27829748451755],[-75.91646671735087,45.27830193901083],[-75.91646791839841,45.2783064080423],[-75.91646905386892,45.27831089224417],[-75.9164700986096,45.278315391616296],[-75.91647109214631,45.27831990868726],[-75.91647203358073,45.27832443397527],[-75.91647291033644,45.27832896368773],[-75.91647374846461,45.27833350224938],[-75.9164745353888,45.278338048396016],[-75.91647528638036,45.278342586324825],[-75.91647602030396,45.27834713120649],[-75.91647629968001,45.278348984557304],[-75.91647716745257,45.27835342514009],[-75.91647797773295,45.27835787204366],[-75.91647871794476,45.27836232842851],[-75.91647939617279,45.27836678797359],[-75.91648002229854,45.278371260160554],[-75.91648059722033,45.27837573361138],[-75.91648113351457,45.27838022160035],[-75.91648163207954,45.278384703267946],[-75.91648209111865,45.278389185567264],[-75.91648252230999,45.278393674187306],[-75.91648292745018,45.278398174185035],[-75.91648332270891,45.27840267038972],[-75.91648369191647,45.278407167858255],[-75.9164840629207,45.27841166532648],[-75.91648443212826,45.27841616216217],[-75.91648480043754,45.27842066974344],[-75.91648516964511,45.27842516784266],[-75.91648554963248,45.278429673526894],[-75.9164859439929,45.27843417036121],[-75.91648636620108,45.278438660241925],[-75.91648681086714,45.278443160236044],[-75.91648728158437,45.278447652644545],[-75.9164877900308,45.27845214315632],[-75.91648833800313,45.278456629242946],[-75.91648893897606,45.27846110711182],[-75.91648953905067,45.278465250594024],[-75.91649017326125,45.27846973541541],[-75.91649076255608,45.278473712019974],[-75.91651699156574,45.27852360254903],[-75.91654571879023,45.278564274988604],[-75.91656413066029,45.27859007957066],[-75.91657178250988,45.278615839893405],[-75.91657075214225,45.278620455549344],[-75.91656986370843,45.27862506678011],[-75.91656914415788,45.27862966220786],[-75.91656858810072,45.278634238671955],[-75.91656821260493,45.278638793644014],[-75.9165680580947,45.278643311321304],[-75.91656812007845,45.27864780750657],[-75.91656841652251,45.27865226007599],[-75.91656897168136,45.27865666144434],[-75.91656978106342,45.27866101919692],[-75.91657089407606,45.27866532321997],[-75.91657231161757,45.278669564664035],[-75.9165740282981,45.278673745425394],[-75.9165745987283,45.278674959072426],[-75.91657714724874,45.27867891290667],[-75.91658005150205,45.27868281427576],[-75.9165832333348,45.278686650537466],[-75.91658662627164,45.27869045898617],[-75.91659018360016,45.27869424594297],[-75.91659380920063,45.27869802531425],[-75.91659747702195,45.27870180594945],[-75.91660110531738,45.27870560238709],[-75.91660463120488,45.27870942158039],[-75.91660798371751,45.27871330082357],[-75.91661110715975,45.27871722873877],[-75.91661282294194,45.2787195978771],[-75.916614960034,45.278723743868895],[-75.9166168402079,45.27872795370322],[-75.91661848951475,45.27873222169109],[-75.91661994119227,45.27873653645455],[-75.91662102545881,45.278740306973454],[-75.91685752582197,45.27859126730302],[-75.91686882932319,45.27860505043273],[-75.91688033494535,45.27861874948865],[-75.91689204268843,45.27863236320667],[-75.91690395075585,45.27864588969047],[-75.9169160564526,45.27865932830806],[-75.91692835977877,45.27867267653102],[-75.91694086073424,45.27868593435947],[-75.91695355482751,45.27869909989711],[-75.91696644385522,45.27871217061557],[-75.91697952332576,45.27872514651494],[-75.91699279503575,45.27873802443472],[-75.917006255392,45.27875080627134],[-75.91701990259777,45.27876348633585],[-75.91703373665317,45.27877606652468],[-75.91704775576149,45.278788544309464],[-75.9170619572278,45.27880091842609],[-75.91707634195045,45.278813186978226],[-75.91709090543785,45.278825349333864],[-75.91710564768997,45.27883740359682],[-75.91712056780852,45.27884935039919],[-75.91714569638195,45.27886926299505],[-75.91727718728167,45.27896668303525],[-75.91779784363382,45.27937915758156],[-75.91811950877751,45.279176191812425],[-75.91748747121157,45.2786539768815],[-75.91792209231572,45.27837998013391],[-75.91760791462994,45.27812039426427],[-75.9180743711294,45.27782632648438],[-75.91816943534437,45.2777663928854],[-75.9183867440998,45.2776293900055],[-75.9181906203137,45.27746744203067],[-75.91793820360033,45.27725901103618],[-75.91768579317518,45.277050572322665],[-75.91764444372265,45.27701642487038],[-75.91743334502077,45.276842103765624],[-75.9171820206588,45.276633032022296],[-75.916991339765,45.27647440369145],[-75.91693066305913,45.27642393106269],[-75.91667930186622,45.276214807839914],[-75.91660573882761,45.27615346666856],[-75.91642830179606,45.276005506215874],[-75.91634600443794,45.27593639267803],[-75.916262553643,45.275867420023054],[-75.9156731815615,45.27538004121467],[-75.91557349820935,45.2752975949692],[-75.91547135796493,45.275213113724796],[-75.91539387288176,45.27514902732014],[-75.91537517355083,45.27513355804635],[-75.9152690609562,45.27504578749049],[-75.91518281011251,45.274974446354875],[-75.9150866310883,45.27489489034184],[-75.91498797091728,45.274813284152145],[-75.91489178201161,45.274733724752465],[-75.91479787392842,45.274656048423786],[-75.91470397662505,45.2745783681959],[-75.9144225973286,45.2743456246197]]]},"properties":{"ZONE_CODE":"IG[1560]","ZONE_MAIN":"IG","ZNAME_EN":"Transportation Zones","LABEL":null}},{"type":"Feature","geometry":{"type":"Polygon","coordinates":[[[-75.63444381124272,45.3802969535042],[-75.6351259173093,45.38002108562806],[-75.63518144487196,45.379998632278],[-75.6358567713531,45.37972550582128],[-75.63614058598229,45.379610714465386],[-75.63635439759632,45.37952423447597],[-75.63707203293072,45.379233979491936],[-75.63757584497297,45.37903020263318],[-75.63830153909377,45.37873667657382],[-75.63826278577243,45.378430001568454],[-75.63823569976998,45.378215641870355],[-75.63820973306838,45.378010153854866],[-75.6381922267001,45.377871616947644],[-75.63810177713079,45.37715581469829],[-75.63803267602418,45.37660893038094],[-75.63797646394528,45.37616405422254],[-75.63787188297822,45.37533635703595],[-75.63647376842621,45.37590991504896],[-75.63594924842003,45.37612508488499],[-75.63543640561421,45.37633545942054],[-75.63489659448526,45.376556893631296],[-75.63345517395003,45.37714815297691],[-75.63329829396545,45.37721250143449],[-75.6325149226135,45.37753382048127],[-75.63201169986606,45.377740225813476],[-75.63112161404827,45.378116872303714],[-75.62995763998516,45.378617170320275],[-75.62984668996275,45.37866485763268],[-75.62954465390635,45.37879467418749],[-75.62925136564418,45.37892072911246],[-75.62880810634027,45.37911124110719],[-75.6278564553828,45.37952024603001],[-75.62862575911738,45.38088110500589],[-75.62873740443584,45.38083655106047],[-75.62882890952562,45.38080003436521],[-75.62922196558155,45.38064317900936],[-75.6295069417324,45.38052945270463],[-75.62953512278119,45.380518205625066],[-75.62992076324446,45.38036430496954],[-75.6300696428331,45.38030928905897],[-75.63007552051002,45.38030711598243],[-75.63015697884167,45.38027701469899],[-75.6301585904193,45.3802764190586],[-75.63024750925938,45.3802435597657],[-75.63053770282538,45.380161072931166],[-75.63085768632284,45.380084892592734],[-75.63143690923826,45.37998236881599],[-75.6318794831276,45.3808999097486],[-75.63285595633302,45.38050497792087],[-75.63281389990638,45.38038127942918],[-75.63278559668672,45.38019157557699],[-75.63278830600561,45.38001112122551],[-75.63282378945934,45.37988181035406],[-75.63287056383786,45.37974223691402],[-75.63294945658106,45.37959998650168],[-75.63302854785192,45.37948971588968],[-75.63313072762223,45.3793794488486],[-75.63327341422533,45.37923851439244],[-75.63339824950711,45.37915462025153],[-75.63356401382987,45.37904321930116],[-75.6336783442127,45.37898181775461],[-75.63374265101062,45.37907258235403],[-75.63417866450345,45.37983395812032],[-75.63444381124272,45.3802969535042]]]},"properties":{"ZONE_CODE":"IL","ZONE_MAIN":"IL","ZNAME_EN":"Industrial Zone","LABEL":null}},{"type":"Feature","geometry":{"type":"Polygon","coordinates":[[[-76.31818933826231,45.42494934783991],[-76.3179466754563,45.42509785064778],[-76.31765520628258,45.42527621918979],[-76.31824574797056,45.4257064854576],[-76.3187562937842,45.425233123219726],[-76.31892969199023,45.42507235109771],[-76.31818933826231,45.42494934783991]]]},"properties":{"ZONE_CODE":"RG2","ZONE_MAIN":"RG","ZNAME_EN":"Rural Industrial Zone","LABEL":null}},{"type":"Feature","geometry":{"type":"Polygon","coordinates":[[[-75.54546929357811,45.307413284032144],[-75.54548873222255,45.30744740244713],[-75.54562084745137,45.30772218688804],[-75.54761462139355,45.30788579410675],[-75.54761254718358,45.30788666280742],[-75.54749824914009,45.308596320485854],[-75.546397864121,45.308505291197584],[-75.54754740135917,45.31089354529175],[-75.54760699739174,45.311017354022816],[-75.55313764701663,45.308793749011826],[-75.55396439711534,45.30844852614771],[-75.55860991962281,45.306580315252624],[-75.55729454978994,45.30430540156031],[-75.55458451583405,45.29963175889208],[-75.55446955393558,45.2996772588796],[-75.55443537483565,45.299690898506014],[-75.54969880987076,45.30158151637318],[-75.54698598754425,45.30265796876444],[-75.54351426487246,45.30399595819687],[-75.54449390374093,45.30570123321419],[-75.54450372412362,45.30571847205665],[-75.54458511597994,45.30585291083922],[-75.54473698516188,45.306103764029785],[-75.54484355499896,45.30627978890004],[-75.54488584678424,45.30634964448061],[-75.5449289497482,45.30642822258687],[-75.54506414350351,45.30667468920047],[-75.54508612258356,45.306714756413854],[-75.54508639207815,45.30671524921426],[-75.5452592270405,45.307030331639915],[-75.54537924196245,45.30724912137033],[-75.54546929357811,45.307413284032144]]]},"properties":{"ZONE_CODE":"RH","ZONE_MAIN":"RH","ZNAME_EN":"Rural Industrial Zone","LABEL":null}},{"type":"Feature","geometry":{"type":"Polygon","coordinates":[[[-75.60520449585594,45.38886464716841],[-75.60462058283642,45.38913479716231],[-75.6048052980184,45.38909513775313],[-75.6050590271704,45.389040290581455],[-75.60518038148044,45.388984136177825],[-75.60519977071753,45.388888790276184],[-75.60520449585594,45.38886464716841]]]},"properties":{"ZONE_CODE":"IL","ZONE_MAIN":"IL","ZNAME_EN":"Industrial Zone","LABEL":null}},{"type":"Feature","geometry":{"type":"Polygon","coordinates":[[[-75.89957459822061,45.33904049041406],[-75.89802860749812,45.340038061135054],[-75.89789345776025,45.340125253757506],[-75.89811654088633,45.34050483109206],[-75.89840380414788,45.34031969568234],[-75.89978870448206,45.34018568405286],[-75.89980348087016,45.33935482608635],[-75.89964406763649,45.33901718856394],[-75.89957459822061,45.33904049041406]]]},"properties":{"ZONE_CODE":"IG6[1547]","ZONE_MAIN":"IG","ZNAME_EN":"Transportation Zones","LABEL":null}},{"type":"Feature","geometry":{"type":"Polygon","coordinates":[[[-75.70507622560221,45.340332898688054],[-75.70408122374575,45.340479412065505],[-75.70504632517797,45.339139879456525],[-75.70509131550236,45.33901825442666],[-75.70512661390313,45.33884037063308],[-75.70378631312617,45.33939962297502],[-75.70354978581355,45.33949831365708],[-75.70269647343022,45.33985434806449],[-75.70269496336225,45.33986120156091],[-75.70268862305295,45.339889981943124],[-75.7026822890319,45.33991875852211],[-75.70264262481884,45.34009886595741],[-75.7026033199319,45.34027735259298],[-75.70258876452934,45.34034345603905],[-75.70201683773067,45.340552277132836],[-75.70154630287979,45.340724073747566],[-75.70143275223461,45.34122107063136],[-75.70127471701659,45.341600062882584],[-75.70332756237522,45.34129459835592],[-75.70334303944924,45.341292301918244],[-75.70446935344067,45.341124687605024],[-75.70507622560221,45.340332898688054]]]},"properties":{"ZONE_CODE":"IG5[289]","ZONE_MAIN":"IG","ZNAME_EN":"Transportation Zones","LABEL":null}},{"type":"Feature","geometry":{"type":"Polygon","coordinates":[[[-75.7434411342949,45.12468764788339],[-75.74326594754314,45.124798021363304],[-75.74258563631048,45.125226633394206],[-75.74327979417494,45.125778809080835],[-75.74413529305765,45.125239813575604],[-75.74351717937864,45.12474813909252],[-75.7434411342949,45.12468764788339]]]},"properties":{"ZONE_CODE":"RG[21r]","ZONE_MAIN":"RG","ZNAME_EN":"Rural Industrial Zone","LABEL":null}},{"type":"Feature","geometry":{"type":"Polygon","coordinates":[[[-75.59970023873407,45.39753613961828],[-75.60091561978761,45.39724729166893],[-75.60105950204836,45.39721309488168],[-75.60085571383628,45.39698297361315],[-75.60081395475197,45.39693580512184],[-75.60031516698709,45.39637257016306],[-75.59983534894607,45.396058309587445],[-75.5991263491165,45.39634118934912],[-75.59970023873407,45.39753613961828]]]},"properties":{"ZONE_CODE":"IH[274]","ZONE_MAIN":"IH","ZNAME_EN":"Industrial Zone","LABEL":null}},{"type":"Feature","geometry":{"type":"Polygon","coordinates":[[[-75.9260914532562,45.336157390949836],[-75.92622386313244,45.33605128163855],[-75.92500783978348,45.335027958403465],[-75.92377567550548,45.335261012465224],[-75.92309613502735,45.335389535597265],[-75.92241095043427,45.33551912120882],[-75.92247169361546,45.3356207739487],[-75.92353841696422,45.337406246154],[-75.92284536492589,45.33753732811141],[-75.92144440900263,45.33780228464537],[-75.921939639439,45.33802098398719],[-75.92330475617567,45.338672299476464],[-75.92331753381225,45.3386641671718],[-75.92417056502292,45.338121301780795],[-75.92383841743818,45.33796274818563],[-75.92457004672806,45.33737651606613],[-75.92451876909503,45.3371732324938],[-75.92435412137817,45.33700859909585],[-75.92455865519196,45.3367484398428],[-75.92459198718056,45.336753106336054],[-75.9245738636697,45.33671439147994],[-75.924733811401,45.33643928980757],[-75.9248420916304,45.33645944866052],[-75.92502129564812,45.33630522605423],[-75.92523721201485,45.33635012575852],[-75.92539954477323,45.336327996695154],[-75.92550286989552,45.33631078168732],[-75.92560196934272,45.33628368486793],[-75.9260914532562,45.336157390949836]]]},"properties":{"ZONE_CODE":"IG6[1670]-h","ZONE_MAIN":"IG","ZNAME_EN":"Transportation Zones","LABEL":null}},{"type":"Feature","geometry":{"type":"Polygon","coordinates":[[[-75.57012447462898,45.3008033795175],[-75.57007640577812,45.30071967363539],[-75.5700469230705,45.30066834239139],[-75.5694273631039,45.299591874339356],[-75.56870122970692,45.29833017448362],[-75.56709714403668,45.29897357140492],[-75.56696498928197,45.29902657803621],[-75.56682691013796,45.29908195480156],[-75.56755249735926,45.30034420913605],[-75.56817136292815,45.301420875839426],[-75.56826994584405,45.3015520543431],[-75.57012447462898,45.3008033795175]]]},"properties":{"ZONE_CODE":"RH2","ZONE_MAIN":"RH","ZNAME_EN":"Rural Industrial Zone","LABEL":null}},{"type":"Feature","geometry":{"type":"Polygon","coordinates":[[[-75.89791698014595,45.29804435465229],[-75.89801339273214,45.298067836386274],[-75.89824550123188,45.298124374871925],[-75.89840144517196,45.298162352778974],[-75.89856004632861,45.29820098277131],[-75.89867960580472,45.298230102162734],[-75.89879710364725,45.29825872487393],[-75.89887217675387,45.298277009860854],[-75.89885557319246,45.29743812117158],[-75.89884131333567,45.29743669434415],[-75.89882707324178,45.29743517146805],[-75.89881285380913,45.29743355254331],[-75.89879865773271,45.29743183693802],[-75.89878448411415,45.29743002591592],[-75.89877033744506,45.29742811821326],[-75.89875621682711,45.297426116357606],[-75.89874212315861,45.29742401845322],[-75.89872805913453,45.29742182513205],[-75.89871402655147,45.29741953639403],[-75.89870002361282,45.29741715413484],[-75.89868605570847,45.29741467645883],[-75.89867212104178,45.29741210526167],[-75.89865822230772,45.29740943991139],[-75.89864436040456,45.29740667977612],[-75.89863053623066,45.2974038261197],[-75.8986167506843,45.29740088020581],[-75.89860300646045,45.29739784013878],[-75.89858930535574,45.297394708446205],[-75.89857564557353,45.29739148323233],[-75.89791698014595,45.29804435465229]]]},"properties":{"ZONE_CODE":"IG2[1539]","ZONE_MAIN":"IG","ZNAME_EN":"Transportation Zones","LABEL":null}},{"type":"Feature","geometry":{"type":"Polygon","coordinates":[[[-75.81572309446791,45.19237226752374],[-75.81574896325316,45.19241964888534],[-75.81576981674417,45.19245784313152],[-75.81579441082002,45.19250288777135],[-75.81666221572381,45.194092234295525],[-75.81773950865022,45.1960651175477],[-75.8190362375426,45.193940432644915],[-75.8191935586,45.19368264985892],[-75.8193525496255,45.19342212793444],[-75.81941267925735,45.19332351911486],[-75.82181381043479,45.18938546233919],[-75.82208547984135,45.18893971327293],[-75.82246064505007,45.188319785096986],[-75.82186669156063,45.18856244309806],[-75.82075179246152,45.189274558630885],[-75.82007899204295,45.18970428009521],[-75.81975881271275,45.18990980936036],[-75.81956089678768,45.190036696836465],[-75.8190869591185,45.19033939118025],[-75.81572309446791,45.19237226752374]]]},"properties":{"ZONE_CODE":"RG3[385r]","ZONE_MAIN":"RG","ZNAME_EN":"Rural Industrial Zone","LABEL":null}},{"type":"Feature","geometry":{"type":"Polygon","coordinates":[[[-75.60240305293001,45.38497833290919],[-75.60070011844253,45.38565791815434],[-75.60166266596441,45.38666173902418],[-75.60304983813793,45.386094661634026],[-75.60240305293001,45.38497833290919]]]},"properties":{"ZONE_CODE":"IL2","ZONE_MAIN":"IL","ZNAME_EN":"Industrial Zone","LABEL":null}},{"type":"Feature","geometry":{"type":"Polygon","coordinates":[[[-75.70059595717441,45.343290243243054],[-75.70017999138379,45.344150089379916],[-75.70025235337486,45.34449656899464],[-75.70025323821544,45.34449898778889],[-75.700306132816,45.34447449236222],[-75.7003664358227,45.34444656603491],[-75.70041795330592,45.34442270827425],[-75.70122770009291,45.34404770629322],[-75.70136815707748,45.34398265905088],[-75.70190895455663,45.34372832604048],[-75.70193308869504,45.34371508404943],[-75.70193764944175,45.34371258061636],[-75.70196433120232,45.3436979401082],[-75.70199277545746,45.343682333579935],[-75.70231351264145,45.34350634344202],[-75.70296329822244,45.343057099737706],[-75.70341734719123,45.34267309702274],[-75.70348513496089,45.34259811887921],[-75.70353885331656,45.34253870328647],[-75.70357960269448,45.34249363106697],[-75.70319174968066,45.3426502613742],[-75.70320603469031,45.342627240717654],[-75.70321179019633,45.34262201024134],[-75.7032175358209,45.34261677345062],[-75.70322327156399,45.34261153223964],[-75.7032289974256,45.342606285345596],[-75.70323471430407,45.34260103403128],[-75.70324042130108,45.34259577640256],[-75.7032461184166,45.3425905143536],[-75.70325180565067,45.34258524725295],[-75.70325748390158,45.342579973837886],[-75.70326315406766,45.342574696002536],[-75.70326881165731,45.34256941374694],[-75.70327446116214,45.342564125808245],[-75.7032801016838,45.34255883281795],[-75.7032857314257,45.342553534775945],[-75.70331737997147,45.34252347401354],[-75.70334871590352,45.3424932503349],[-75.70337973562859,45.34246286563393],[-75.70341043914668,45.34243232117315],[-75.70344082286455,45.34240161821513],[-75.70347088678214,45.34237075928517],[-75.70350062910289,45.34233974564585],[-75.7035300471318,45.342308578559695],[-75.70355913997061,45.34227725992062],[-75.70358790672095,45.34224579225402],[-75.70361634468792,45.34221417555964],[-75.70364445297314,45.34218241299424],[-75.70367222978004,45.342150506451716],[-75.7036996742103,45.342118456563234],[-75.70372678356894,45.34208626459143],[-75.70375355785598,45.34205393432442],[-75.70377999527479,45.342021465761924],[-75.70380609313042,45.341988860797954],[-75.70383185142289,45.341956122589345],[-75.70385726745721,45.34192325176717],[-75.70393308167394,45.34182434053206],[-75.70399829397365,45.341739256892936],[-75.70446935344067,45.341124687605024],[-75.70334303944924,45.341292301918244],[-75.70332756237522,45.34129459835592],[-75.70127471701659,45.341600062882584],[-75.70113911093455,45.34192287671389],[-75.70059595717441,45.343290243243054]]]},"properties":{"ZONE_CODE":"IP[178]","ZONE_MAIN":"IP","ZNAME_EN":"Industrial Zone","LABEL":null}},{"type":"Feature","geometry":{"type":"Polygon","coordinates":[[[-75.79938150067302,45.27496744087873],[-75.79661009022367,45.271718705736504],[-75.79413480491615,45.27274204205722],[-75.79426934020637,45.27290124471889],[-75.79689114343165,45.276003114207256],[-75.7988301964983,45.275197684925836],[-75.79912761162089,45.27507410709284],[-75.79913228465699,45.27507214553776],[-75.79938150067302,45.27496744087873]]]},"properties":{"ZONE_CODE":"RG[401r]","ZONE_MAIN":"RG","ZNAME_EN":"Rural Industrial Zone","LABEL":null}},{"type":"Feature","geometry":{"type":"Polygon","coordinates":[[[-75.70460832012017,45.33802178592405],[-75.7041804381773,45.33753359749434],[-75.70375026014057,45.33704277736205],[-75.70367389615491,45.337074521972724],[-75.70362872437084,45.33709414070406],[-75.70362546348635,45.3370955576929],[-75.70333301964055,45.33722255611702],[-75.70244664925477,45.337596067616985],[-75.70276053139483,45.338221152128064],[-75.70294164073925,45.33814207001086],[-75.70332257582706,45.33857247518237],[-75.70441621809162,45.338097393996236],[-75.70442621634074,45.33809305091386],[-75.70447707805378,45.33807095536684],[-75.70460832012017,45.33802178592405]]]},"properties":{"ZONE_CODE":"IP[178]","ZONE_MAIN":"IP","ZNAME_EN":"Industrial Zone","LABEL":null}},{"type":"Feature","geometry":{"type":"Polygon","coordinates":[[[-75.7026097033603,45.33592693149737],[-75.70252222631626,45.33596470663414],[-75.70170818917546,45.33631622744491],[-75.70175349031692,45.336368404772614],[-75.70126899923979,45.33657761435231],[-75.70103969348374,45.33667957776546],[-75.7011711044334,45.3370763746673],[-75.70134199005157,45.33700236092545],[-75.70139667229955,45.33697867683601],[-75.70293991866886,45.3363103289266],[-75.70294315350219,45.336308922653075],[-75.70299818249988,45.33628511766363],[-75.70305254584592,45.336262024957804],[-75.7027074795891,45.33588312390097],[-75.7026097033603,45.33592693149737]]]},"properties":{"ZONE_CODE":"IG5[2978]","ZONE_MAIN":"IG","ZNAME_EN":"Transportation Zones","LABEL":null}},{"type":"Feature","geometry":{"type":"Polygon","coordinates":[[[-75.5777383901613,45.29288710667098],[-75.57796190178377,45.29279743360146],[-75.58362918336677,45.29030468366602],[-75.58202479226934,45.28750145400905],[-75.58166489662379,45.28765620827247],[-75.58037286771695,45.288200467992574],[-75.57846728767441,45.28901691161235],[-75.57726913630803,45.28952946919863],[-75.57609404918655,45.290027958674244],[-75.57657939815478,45.29087261945332],[-75.57682028948304,45.29129183711084],[-75.57706118530291,45.291711054829605],[-75.5777383901613,45.29288710667098]]]},"properties":{"ZONE_CODE":"RG1[290r]","ZONE_MAIN":"RG","ZNAME_EN":"Rural Industrial Zone","LABEL":null}},{"type":"Feature","geometry":{"type":"Polygon","coordinates":[[[-75.59682943958002,45.27467278908623],[-75.59667790367304,45.27441920437535],[-75.59649192905303,45.27450118220634],[-75.59527999573356,45.27503538865081],[-75.59482179025996,45.27523735526921],[-75.59451075577935,45.27471633552008],[-75.59425378101423,45.27428585423377],[-75.5952649282913,45.27384015671316],[-75.59592388207807,45.27354968968898],[-75.59610943898149,45.273467896972434],[-75.59588296920678,45.27308889965059],[-75.59583252071873,45.273004473277865],[-75.59564717761437,45.27308617246893],[-75.59432929070208,45.27366708701749],[-75.5893440217609,45.275864316220016],[-75.58941117711659,45.27594138909915],[-75.59064661485547,45.27735918357385],[-75.59542726464292,45.275282073899994],[-75.59664279122353,45.274753895446146],[-75.59668296567968,45.27473643541897],[-75.59671966635061,45.274720488125915],[-75.59682943958002,45.27467278908623]]]},"properties":{"ZONE_CODE":"RG1[243r]","ZONE_MAIN":"RG","ZNAME_EN":"Rural Industrial Zone","LABEL":null}},{"type":"Feature","geometry":{"type":"Polygon","coordinates":[[[-75.6033405572184,45.39464300828999],[-75.60355858911764,45.39500458439585],[-75.60365061343366,45.39515719240939],[-75.60379625549403,45.395398724197655],[-75.60386779013675,45.39551735789969],[-75.60390941986364,45.39558639818781],[-75.60439103453523,45.3963850845099],[-75.60514599217474,45.39577124556164],[-75.60556396031015,45.39562457317675],[-75.60528958517796,45.39516265647564],[-75.60466680834432,45.394114168056596],[-75.6033405572184,45.39464300828999]]]},"properties":{"ZONE_CODE":"IL","ZONE_MAIN":"IL","ZNAME_EN":"Industrial Zone","LABEL":null}},{"type":"Feature","geometry":{"type":"Polygon","coordinates":[[[-76.27951975695785,45.38331864295457],[-76.27910371660707,45.38297748643961],[-76.27701904124297,45.381441060026525],[-76.27686217652975,45.38132391929162],[-76.27609542670551,45.38183440792164],[-76.2781771861382,45.38340200534383],[-76.27650532886797,45.38446064159865],[-76.27589736076176,45.38484559170827],[-76.2758017961852,45.384906100439615],[-76.27635505868724,45.38532256443495],[-76.27645062595874,45.38526205930394],[-76.27647959393171,45.3852437191071],[-76.27951975695785,45.38331864295457]]]},"properties":{"ZONE_CODE":"RG1[98r]","ZONE_MAIN":"RG","ZNAME_EN":"Rural Industrial Zone","LABEL":null}},{"type":"Feature","geometry":{"type":"Polygon","coordinates":[[[-75.61886190022568,45.40172977811905],[-75.61841425804153,45.40095791405242],[-75.61825546644201,45.4010013716752],[-75.61807261436591,45.40105140665381],[-75.6179451308507,45.40108629430438],[-75.61781764733546,45.40112118193339],[-75.617752438629,45.40113902436884],[-75.61768723082083,45.4011568674294],[-75.6174332169029,45.40122637892895],[-75.61707174740897,45.4013252910354],[-75.61684812349709,45.40138605208147],[-75.61669714185066,45.401427073461434],[-75.61671767015153,45.401464216400825],[-75.61595925938808,45.40205525941041],[-75.61596238283032,45.402057315596274],[-75.61615871412724,45.40215072501417],[-75.61637885347413,45.402212406669236],[-75.61661262295884,45.40223950850526],[-75.61684921225522,45.402230777311715],[-75.61707350271703,45.4021877690839],[-75.61823196741248,45.4018699488202],[-75.6185581304208,45.401779963829],[-75.61856453001887,45.401778199032556],[-75.6185771621284,45.40177480504761],[-75.61858985532336,45.40177152459476],[-75.6186026051122,45.40176835767399],[-75.6186154123932,45.40176530491615],[-75.61862827267481,45.40176236632121],[-75.61864118505872,45.40175954315063],[-75.61865414595162,45.40175683477369],[-75.61866715715018,45.401754243082685],[-75.61868021146792,45.40175176744685],[-75.61869330980308,45.401749408496876],[-75.61870645035906,45.4017471662329],[-75.61871962954258,45.40174504191631],[-75.61873284645534,45.40174303554717],[-75.6187460975041,45.401741146494714],[-75.61875938179053,45.40173937602048],[-75.61877269661966,45.40173772475518],[-75.61878604109322,45.401736192698834],[-75.61879941071957,45.401734779220696],[-75.61881280549879,45.40173348558227],[-75.61882622273586,45.40173231115281],[-75.61882625687186,45.40173230799913],[-75.61882803553611,45.40173216166851],[-75.61882981509869,45.40173201786084],[-75.61883159555958,45.401731875314596],[-75.61883337602049,45.4017317346606],[-75.61883515558306,45.401731596529494],[-75.61883693694227,45.40173146092137],[-75.61883871740316,45.40173132720544],[-75.61884049876237,45.40173119538174],[-75.61884228191822,45.401731065450235],[-75.61884406327742,45.40173093804167],[-75.61884584553493,45.4017308125253],[-75.61884762779246,45.40173068953187],[-75.61884941184663,45.401730568430665],[-75.61885119410412,45.40173044859091],[-75.6188529781583,45.401730331904844],[-75.61885476221245,45.401730217110966],[-75.61885654716491,45.40173010420933],[-75.61885833032076,45.40172999383062],[-75.61886011527322,45.40172988534411],[-75.61886190022568,45.40172977811905]]]},"properties":{"ZONE_CODE":"IL[255]","ZONE_MAIN":"IL","ZNAME_EN":"Industrial Zone","LABEL":null}},{"type":"Feature","geometry":{"type":"Polygon","coordinates":[[[-75.79837905717272,45.344715270259904],[-75.79832284599213,45.34472947675269],[-75.79826552359555,45.34474126698365],[-75.79820729479881,45.34475059738954],[-75.79814837429933,45.344757433246244],[-75.79808897769276,45.3447617511939],[-75.79802931787978,45.34476353418612],[-75.79796961494769,45.34476277654069],[-75.79791008718708,45.34475948078309],[-75.79785094749866,45.3447536589089],[-75.79779241507138,45.34474533175261],[-75.79773470011101,45.3447345302503],[-75.79767801551826,45.34472129291419],[-75.79762256610904,45.34470566835828],[-75.79756855400426,45.34468771403539],[-75.79751617683331,45.34466749497466],[-75.79746562414068,45.34464508504421],[-75.79741707828443,45.34462056568855],[-75.79737072162251,45.34459402466583],[-75.79732671854663,45.344565561098804],[-75.79728522895692,45.34453527726704],[-75.79726738302547,45.34456103730844],[-75.79724840431845,45.34458639073375],[-75.79722831349714,45.344611315445576],[-75.79720712762948,45.34463578429543],[-75.79718487097,45.34465977644857],[-75.79716156238332,45.34468326538807],[-75.79713722342902,45.344706230910575],[-75.79711188195485,45.3447286490246],[-75.7970855595204,45.34475049889564],[-75.79705828307512,45.3447717577949],[-75.79703007867013,45.344792406150546],[-75.79700097415325,45.344812423759464],[-75.79697099737221,45.34483179041842],[-75.79694017707313,45.34485048908107],[-75.79690854559534,45.34486849891289],[-75.79687613078664,45.34488580413032],[-75.79684296678298,45.34490238705558],[-75.79680908412709,45.34491823190519],[-75.79677451695497,45.34493332352678],[-75.79673929760592,45.344947645505414],[-75.79745703534824,45.346238476292804],[-75.79770789078967,45.34619177875374],[-75.79806480852005,45.346140332118],[-75.79842172625041,45.34608888354139],[-75.79910200873698,45.346012314482024],[-75.79891998221264,45.34568577494793],[-75.79870652183986,45.3453028052984],[-75.79861183581568,45.34513292614907],[-75.79851936683359,45.3449670159063],[-75.79842689874981,45.34480110959688],[-75.79837905717272,45.344715270259904]]]},"properties":{"ZONE_CODE":"IL[258] F(0.6) S97","ZONE_MAIN":"IL","ZNAME_EN":"Industrial Zone","LABEL":null}},{"type":"Feature","geometry":{"type":"Polygon","coordinates":[[[-75.80208466970348,45.265873653710266],[-75.80127282714692,45.26621016989286],[-75.8011040426882,45.266280130472396],[-75.80094988459891,45.26634448484808],[-75.80140363532702,45.26710149286552],[-75.80145534594803,45.26708009038338],[-75.80149572522006,45.26706337782866],[-75.80155994038984,45.267036799836546],[-75.80168718764814,45.26698413316722],[-75.80172878862895,45.26696691479361],[-75.80254134444783,45.26663057886042],[-75.80245820446997,45.26649277712698],[-75.80241175258664,45.26641578688472],[-75.80210000125042,45.26589907017127],[-75.80209235568906,45.26588640303843],[-75.80208466970348,45.265873653710266]]]},"properties":{"ZONE_CODE":"RG[888r]","ZONE_MAIN":"RG","ZNAME_EN":"Rural Industrial Zone","LABEL":null}},{"type":"Feature","geometry":{"type":"Polygon","coordinates":[[[-75.63238324845747,45.37447503225936],[-75.63075762477999,45.37493866154108],[-75.62943324035325,45.37547489573728],[-75.62857103734355,45.37582427181731],[-75.62722782872001,45.376368215604515],[-75.62689763766598,45.37650195352426],[-75.62656744661193,45.376635691127674],[-75.62644983198842,45.37668333089199],[-75.62628954289733,45.37674824589839],[-75.62726813073692,45.378479482957566],[-75.62758755458395,45.378349145738],[-75.62760094666821,45.37834368067728],[-75.62819978339955,45.37809932295496],[-75.62885644558402,45.37783136343528],[-75.63107764151512,45.376924920172165],[-75.6310134119723,45.37684673957882],[-75.63432805343687,45.375494010219825],[-75.63399224521737,45.374015978669114],[-75.63238324845747,45.37447503225936]]]},"properties":{"ZONE_CODE":"IG3[1]","ZONE_MAIN":"IG","ZNAME_EN":"Transportation Zones","LABEL":null}},{"type":"Feature","geometry":{"type":"Polygon","coordinates":[[[-75.63223831426953,45.40703641760861],[-75.63211134638728,45.40692087822971],[-75.63155195468008,45.40655000896912],[-75.63121229538294,45.4064066283495],[-75.63036386534318,45.40671543464315],[-75.63073757078958,45.407379476073594],[-75.6307777748901,45.40745077480851],[-75.63081412072651,45.40744059324469],[-75.6316833287988,45.40719710423178],[-75.63204883711823,45.407094712877544],[-75.63223831426953,45.40703641760861]]]},"properties":{"ZONE_CODE":"IL","ZONE_MAIN":"IL","ZNAME_EN":"Industrial Zone","LABEL":null}},{"type":"Feature","geometry":{"type":"Polygon","coordinates":[[[-75.62138319724205,45.383676984137765],[-75.62048966818178,45.382578826964235],[-75.6202744794504,45.382665720600265],[-75.61980729351892,45.38285437319695],[-75.61966189220702,45.38291308460297],[-75.62029154474585,45.38401740959652],[-75.62129011021905,45.383714608792324],[-75.62138319724205,45.383676984137765]]]},"properties":{"ZONE_CODE":"IL[257]","ZONE_MAIN":"IL","ZNAME_EN":"Industrial Zone","LABEL":null}},{"type":"Feature","geometry":{"type":"Polygon","coordinates":[[[-75.83646269167185,45.32491710143768],[-75.83683213191729,45.32558389999888],[-75.83691759493847,45.325738148643936],[-75.83694187999386,45.325713414572746],[-75.83746552863424,45.3251800371933],[-75.83752757886417,45.32511683399307],[-75.83737078691448,45.32503950076791],[-75.83724284346182,45.324976404781474],[-75.8371018897089,45.32490688669178],[-75.83707031302835,45.3248913160377],[-75.83667653023535,45.32469710661663],[-75.83646269167185,45.32491710143768]]]},"properties":{"ZONE_CODE":"IP[1383]","ZONE_MAIN":"IP","ZNAME_EN":"Industrial Zone","LABEL":null}},{"type":"Feature","geometry":{"type":"Polygon","coordinates":[[[-75.50500685642625,45.42751016380592],[-75.50500727953275,45.42751086108102],[-75.50501575603577,45.42752484251631],[-75.50507704988424,45.42763244529689],[-75.50507795179279,45.427632408100585],[-75.50570788370769,45.427617429956115],[-75.50564957136764,45.42750386878595],[-75.50511553820259,45.42658450841009],[-75.50502080905926,45.4264170364577],[-75.5050147229732,45.42640627828989],[-75.50436701968705,45.42644527663845],[-75.50436596326826,45.42644478298864],[-75.50436108272133,45.426445076152305],[-75.50500685642625,45.42751016380592]]]},"properties":{"ZONE_CODE":"IL[2899]","ZONE_MAIN":"IL","ZNAME_EN":"Industrial Zone","LABEL":null}},{"type":"Feature","geometry":{"type":"Polygon","coordinates":[[[-75.98610597499352,45.304605765261684],[-75.98515650963712,45.303838466582185],[-75.98467870561895,45.30345232456277],[-75.9846649721749,45.3034412245417],[-75.98428203294569,45.30313174297394],[-75.98389802022973,45.30282138904291],[-75.98382396671096,45.3027615393476],[-75.98294693521086,45.302052714059],[-75.98282923794234,45.30212581369386],[-75.98280890457589,45.30213844240887],[-75.98089579305801,45.303321672981866],[-75.98136311463512,45.30369894627656],[-75.98166238747372,45.30394055716702],[-75.98177147528855,45.30402862610236],[-75.98178242934513,45.304021864939244],[-75.98189140487055,45.30411000261712],[-75.98261944628919,45.304698822629376],[-75.98270336330978,45.30476669309348],[-75.98256473439682,45.304859865819324],[-75.98198379300428,45.30525031921187],[-75.981803122936,45.30536895626579],[-75.98154994445129,45.30553520554995],[-75.9812710139623,45.30571836970395],[-75.98098976222661,45.30590305338763],[-75.98079009548506,45.30603416465818],[-75.98070776309264,45.30608888382274],[-75.98048255994247,45.30623855633881],[-75.98042686169991,45.30627557226517],[-75.98014595851058,45.30646225630202],[-75.97986505352459,45.30664893972407],[-75.97958414584367,45.3068356218995],[-75.97930323726445,45.30702230409194],[-75.97896117138067,45.3072496255383],[-75.97871944821243,45.30741026219198],[-75.9781620058494,45.307780698914975],[-75.97711165519502,45.30850189224576],[-75.97593763617041,45.30928300329918],[-75.9755704192553,45.309527316451906],[-75.97811341867062,45.31160985861806],[-75.97920626053624,45.310870500354355],[-75.97940918906063,45.31073634259765],[-75.98079980717158,45.30981697320106],[-75.98096316041612,45.30970707072227],[-75.9825593319287,45.308633125123634],[-75.98403782863063,45.30764580918736],[-75.98486900922033,45.30708313867425],[-75.98586595952263,45.30640822742217],[-75.98648686247063,45.306001180111366],[-75.98709763511711,45.30560076449166],[-75.98711841494628,45.305588421493255],[-75.98723575288868,45.305518743776496],[-75.98720909807757,45.30549720478175],[-75.98685370748319,45.30521001592935],[-75.9865981224118,45.305003476162],[-75.98610597499352,45.304605765261684]]]},"properties":{"ZONE_CODE":"RG5","ZONE_MAIN":"RG","ZNAME_EN":"Rural Industrial Zone","LABEL":null}},{"type":"Feature","geometry":{"type":"Polygon","coordinates":[[[-75.62621906557172,45.38185749970244],[-75.62630083741539,45.38195804140042],[-75.62629678331852,45.38197923142948],[-75.62629132335822,45.382000263711696],[-75.62628446651765,45.38202109155646],[-75.62627623076312,45.382041669535276],[-75.62626663136601,45.3820619528506],[-75.62625569258078,45.38208189544305],[-75.62624343686538,45.382101455039034],[-75.6262298911692,45.382120586841175],[-75.62621508693333,45.382139249837856],[-75.62619905380213,45.3821574017557],[-75.62618182950486,45.382175003476014],[-75.6261634517708,45.38219201588019],[-75.62614396012575,45.3822084017425],[-75.62612339948552,45.382224124468266],[-75.62610181207094,45.38223914935556],[-75.62607924818764,45.38225344359537],[-75.62605575814126,45.38226697500974],[-75.62603139133917,45.382279713944385],[-75.6260062016803,45.3822916332689],[-75.6259802475551,45.38230270585279],[-75.62594905804846,45.38231531164847],[-75.62685350702932,45.38342622523572],[-75.62791048725052,45.384724270576164],[-75.62975513456729,45.38398810147912],[-75.62856909608422,45.38210917476802],[-75.62826319727209,45.381624519493116],[-75.6280322808367,45.38125865935318],[-75.62796352737813,45.38114972331271],[-75.62727409105882,45.38142945221794],[-75.62621906557172,45.38185749970244]]]},"properties":{"ZONE_CODE":"IL[2756] S117-h","ZONE_MAIN":"IL","ZNAME_EN":"Industrial Zone","LABEL":null}},{"type":"Feature","geometry":{"type":"Polygon","coordinates":[[[-75.96799338675193,45.30086265186378],[-75.96799455276518,45.300863601550276],[-75.96968186105828,45.302239734875315],[-75.97070672830468,45.301575938378285],[-75.97075970465193,45.301547063968584],[-75.9713859031685,45.302071294158715],[-75.97201210707496,45.30259552076534],[-75.97263832355785,45.30311974378831],[-75.97322294624642,45.303625096160765],[-75.9742121827154,45.302973800354096],[-75.97553253460484,45.30210446928251],[-75.97576960090663,45.30194837827617],[-75.97873816550971,45.29999971770051],[-75.97775280437284,45.29920203091502],[-75.97745120399937,45.298957868511835],[-75.97705033170215,45.298631632041605],[-75.9766494629982,45.298305398117556],[-75.97624859968413,45.297979166107844],[-75.97622994796387,45.297990811257826],[-75.97480948781917,45.29888571577589],[-75.97390066853444,45.299482511245934],[-75.97383392370882,45.29952634383383],[-75.97352637738646,45.29972829719978],[-75.97317648448163,45.2999595876089],[-75.97299325780806,45.30008070444815],[-75.97283500519772,45.30002126826198],[-75.97255583665519,45.299875997377306],[-75.97225217464813,45.299622627675596],[-75.97220142612278,45.29959539704106],[-75.97206142458407,45.29956775251526],[-75.97187008881843,45.29957586768568],[-75.97175500205412,45.2996113303918],[-75.97169091354681,45.29964702939662],[-75.97161349224405,45.29974565917818],[-75.97156173491064,45.2998264087048],[-75.97152180749123,45.30000620068855],[-75.97146980042615,45.300113947082956],[-75.97140554662882,45.30016764201652],[-75.9713161256305,45.300185225646096],[-75.97120086998292,45.30023868482558],[-75.97091700414977,45.30059732476341],[-75.97087841791506,45.30063314067404],[-75.97073749021328,45.30070447797951],[-75.97057165133036,45.30071270924987],[-75.97021564718663,45.30060307156218],[-75.96990972052673,45.300592654027845],[-75.9696415428717,45.3006364036153],[-75.96958508195947,45.300638630300874],[-75.9692333600847,45.30065250474901],[-75.96913144082582,45.300643033754625],[-75.9688514377484,45.30058773812874],[-75.96849459457819,45.30056808084683],[-75.96831575168322,45.30060324406091],[-75.96816181907107,45.300701513913104],[-75.96807189052461,45.3007730868169],[-75.9680484274277,45.300802432989315],[-75.96799338675193,45.30086265186378]]]},"properties":{"ZONE_CODE":"RG5[275r]-h","ZONE_MAIN":"RG","ZNAME_EN":"Rural Industrial Zone","LABEL":null}},{"type":"Feature","geometry":{"type":"Polygon","coordinates":[[[-75.9143035328242,45.33701381304139],[-75.91382273741615,45.33708795116523],[-75.91024912063833,45.33750330106078],[-75.91172527273737,45.338641450511204],[-75.9143035328242,45.33701381304139]]]},"properties":{"ZONE_CODE":"IG[2174]","ZONE_MAIN":"IG","ZNAME_EN":"Transportation Zones","LABEL":null}},{"type":"Feature","geometry":{"type":"Polygon","coordinates":[[[-75.96430520692759,45.294351217386726],[-75.96373533188103,45.2947241660498],[-75.96290312272035,45.295268780704966],[-75.96421594493107,45.296335016147296],[-75.96429157319652,45.29639643850046],[-75.96458319598216,45.29617641572939],[-75.96464762315433,45.29610472770206],[-75.96469989432408,45.295969989024016],[-75.96478981927729,45.29589841953591],[-75.96494349047968,45.295827148854094],[-75.96508458257316,45.29573782103702],[-75.96535460896104,45.29549611578946],[-75.9654840103794,45.29530836687156],[-75.96541862650145,45.29525527840595],[-75.96430520692759,45.294351217386726]]]},"properties":{"ZONE_CODE":"RH","ZONE_MAIN":"RH","ZNAME_EN":"Rural Industrial Zone","LABEL":null}},{"type":"Feature","geometry":{"type":"Polygon","coordinates":[[[-75.75025234403542,45.23875800571123],[-75.75026870415337,45.238785724148485],[-75.75056400823503,45.23928602570034],[-75.75064242666777,45.239418882443445],[-75.7507587019032,45.23961628041679],[-75.75126535980827,45.24047420881278],[-75.75126600030707,45.24047529740249],[-75.75126606229082,45.240475404933115],[-75.75183724528445,45.240248410441474],[-75.75263787237469,45.239930223822604],[-75.7531540128959,45.239725093487124],[-75.75329345388589,45.23966967522674],[-75.75337509727048,45.23963722643506],[-75.75363240171731,45.23953496381939],[-75.75369511670056,45.23951003779682],[-75.75439974981951,45.23922998268776],[-75.7545923054973,45.239153451395495],[-75.754704535619,45.239108844729195],[-75.75503423619291,45.23897780204685],[-75.75514448103783,45.238933984033004],[-75.75525776218842,45.23888895907826],[-75.75525915547543,45.23888840496367],[-75.75540445437936,45.238830653669744],[-75.75597997354086,45.238601901064804],[-75.75600488023045,45.238592001592465],[-75.7556111657094,45.23794583431563],[-75.75496539649606,45.23688596339004],[-75.75421719778075,45.23718317206613],[-75.75385254465745,45.237328021528704],[-75.75243893686175,45.23788952240745],[-75.75207703437988,45.238033270046884],[-75.75161069825462,45.23821849545434],[-75.75119177880333,45.238384883993554],[-75.75079897068244,45.23854090004597],[-75.75025234403542,45.23875800571123]]]},"properties":{"ZONE_CODE":"RG[895r]","ZONE_MAIN":"RG","ZNAME_EN":"Rural Industrial Zone","LABEL":null}},{"type":"Feature","geometry":{"type":"Polygon","coordinates":[[[-75.45287011775955,45.24861152802344],[-75.4525832838927,45.24806039395626],[-75.4525041387229,45.24809630565175],[-75.4473646443188,45.25020123828015],[-75.44966807652256,45.252757464523526],[-75.45386016810217,45.25097694075789],[-75.45394812394825,45.25093958011972],[-75.454045139304,45.25089597749942],[-75.45287011775955,45.24861152802344]]]},"properties":{"ZONE_CODE":"RG[933r]","ZONE_MAIN":"RG","ZNAME_EN":"Rural Industrial Zone","LABEL":null}},{"type":"Feature","geometry":{"type":"Polygon","coordinates":[[[-75.91821808899847,45.35055261558577],[-75.91780150965852,45.35023361041523],[-75.91745819781141,45.349970708899534],[-75.91735650852127,45.34989288625098],[-75.91730462722033,45.349853193635035],[-75.91670164925554,45.35023660913837],[-75.9165619109232,45.3503253958923],[-75.91637220200658,45.35044591772676],[-75.91630233194208,45.3504903112726],[-75.91627730847154,45.35050620127477],[-75.9160877001662,45.350626660224975],[-75.91591199778146,45.35073828318138],[-75.91576499297679,45.3508316732448],[-75.91532472596109,45.35111137597944],[-75.91347259837293,45.352279140812584],[-75.9134278937128,45.352307329047605],[-75.91340316488967,45.35232292246614],[-75.91337557133907,45.35234031946638],[-75.91331300996775,45.352379762873916],[-75.91316674357824,45.352471732362304],[-75.91344026620921,45.352523904902455],[-75.9138653211539,45.352602427183434],[-75.9141731764967,45.3526523478161],[-75.9145268863432,45.35268639416982],[-75.9147897315987,45.35267162467573],[-75.91519002987243,45.352617271818374],[-75.9157049612613,45.35252321617095],[-75.91579466612725,45.35268483237622],[-75.91585060242336,45.352797925947165],[-75.91603251306503,45.35287943885572],[-75.9163293631473,45.352889010331936],[-75.91693458240871,45.35290016442657],[-75.91780065985223,45.35290458212668],[-75.91796244823155,45.35290540657881],[-75.91828051741913,45.352913378386496],[-75.91841596270274,45.35283136302702],[-75.91845948158667,45.352801610106155],[-75.91890449799527,45.35251901055268],[-75.9188715864182,45.35251466920795],[-75.91886279101327,45.35251351080045],[-75.91880981017444,45.35250652626589],[-75.91796177898665,45.35239473571834],[-75.91749996408225,45.35233385572196],[-75.91744940240649,45.35232719122765],[-75.9173095086656,45.352308748180846],[-75.91714410456729,45.35217907726263],[-75.91708693668092,45.352134260183945],[-75.91701304216396,45.35207632866117],[-75.91700924498524,45.352073352130624],[-75.91696957089071,45.35204224911332],[-75.91704057373079,45.35200555221506],[-75.91731060281361,45.35180895226515],[-75.91745227521875,45.351683693578195],[-75.91763315459447,45.35146864792704],[-75.91794364469602,45.35106521275311],[-75.91812157939422,45.351098077004494],[-75.91822417508452,45.35111702611741],[-75.91876990790783,45.35121782006435],[-75.91892710050612,45.351350042365084],[-75.91895466620895,45.35137322866216],[-75.91958608842889,45.35190433544312],[-75.91997109647819,45.35176911579552],[-75.92007164041637,45.35173515348327],[-75.92010161989235,45.35172502753618],[-75.9202130361404,45.35168739232949],[-75.92021508879083,45.351686699168766],[-75.92062036732453,45.3514293067859],[-75.9207487590365,45.351347782319266],[-75.9208301095703,45.35129611057704],[-75.92112939139206,45.3511078457477],[-75.92119998549865,45.351063435009834],[-75.9212705409777,45.35101905138303],[-75.92130406251086,45.350997958968364],[-75.91972656966796,45.349714862381305],[-75.91982598711876,45.34967885842198],[-75.91938337909345,45.3494384760087],[-75.9191771133278,45.34932645591365],[-75.91867561354908,45.34905408096684],[-75.91861395498462,45.34902059430609],[-75.91846260682553,45.348902257609105],[-75.91834720295594,45.3489447703873],[-75.91734257834614,45.349579222727165],[-75.91734262505854,45.349579618563226],[-75.9173721212409,45.34960283462618],[-75.9175659597129,45.34975540673887],[-75.91752467134582,45.34978148700684],[-75.91752792414546,45.3497841303235],[-75.91807698343028,45.35023041346056],[-75.91822327137933,45.350319808174945],[-75.91835705028808,45.35042854729044],[-75.91846182169799,45.35051198846679],[-75.9183441621587,45.350625672862726],[-75.91832882162859,45.35063987976616],[-75.91821808899847,45.35055261558577]]]},"properties":{"ZONE_CODE":"IP6","ZONE_MAIN":"IP","ZNAME_EN":"Industrial Zone","LABEL":null}},{"type":"Feature","geometry":{"type":"Polygon","coordinates":[[[-75.44683884421332,45.347106966221126],[-75.44687508584514,45.34714057838888],[-75.44702977843201,45.3470808531536],[-75.44705895032256,45.34706964740446],[-75.44713478969209,45.347040516487],[-75.44899566417621,45.34632569030268],[-75.44911458584846,45.346280006790444],[-75.4490987907708,45.34625040131934],[-75.44896397430792,45.346301206399396],[-75.44699059391932,45.3470448462561],[-75.44683884421332,45.347106966221126]]]},"properties":{"ZONE_CODE":"RG[908r]-h","ZONE_MAIN":"RG","ZNAME_EN":"Rural Industrial Zone","LABEL":null}},{"type":"Feature","geometry":{"type":"Polygon","coordinates":[[[-75.91054008585715,45.198463801722966],[-75.91042760241055,45.19836199675094],[-75.90964780276018,45.19884140948369],[-75.91065170512445,45.199670382715624],[-75.91137894524587,45.19922270508385],[-75.91058914554976,45.19850818898567],[-75.91054008585715,45.198463801722966]]]},"properties":{"ZONE_CODE":"RG1","ZONE_MAIN":"RG","ZNAME_EN":"Rural Industrial Zone","LABEL":null}},{"type":"Feature","geometry":{"type":"Polygon","coordinates":[[[-75.98367025328774,45.29323623745929],[-75.9842413617212,45.2928728075484],[-75.98416752110316,45.29281035003574],[-75.98407767520172,45.29273435479776],[-75.98407358607054,45.292730898656636],[-75.98271990578573,45.291585773165366],[-75.98177679062009,45.290787918089144],[-75.98046619443464,45.29164871800643],[-75.97999789549051,45.291280398502415],[-75.97976223684876,45.29109504469518],[-75.9795721982504,45.290945573613165],[-75.97911064475574,45.29058253601531],[-75.97897186312916,45.290473377369636],[-75.97879477464396,45.29033407886277],[-75.97774994144206,45.2895146920793],[-75.9777285327922,45.28952819132115],[-75.97639847280949,45.2903814696035],[-75.9755500769057,45.29092014877773],[-75.97854418779882,45.29333064815531],[-75.97883842198698,45.29366968791184],[-75.97907243491512,45.2939958271743],[-75.97912478154335,45.29413808425707],[-75.9791236263099,45.294264322718895],[-75.9790778463664,45.294380881585376],[-75.97900076732176,45.29449730687478],[-75.97916335609997,45.294549024127875],[-75.9791724497456,45.29454725029761],[-75.9793902094553,45.294504746604225],[-75.98063955221647,45.29426088120551],[-75.98071154230503,45.29434404747259],[-75.98101232700824,45.294691488991546],[-75.98101571365686,45.294695395578756],[-75.98111593689649,45.29480296501427],[-75.98213579423853,45.294149771271655],[-75.98247230404229,45.29393424044487],[-75.98362338548444,45.29319696329144],[-75.98367025328774,45.29323623745929]]]},"properties":{"ZONE_CODE":"RG4","ZONE_MAIN":"RG","ZNAME_EN":"Rural Industrial Zone","LABEL":null}},{"type":"Feature","geometry":{"type":"Polygon","coordinates":[[[-75.63793223090069,45.41155958351695],[-75.63779134272478,45.41128785315994],[-75.63771285242684,45.41113646925366],[-75.6381504604293,45.41124186895077],[-75.63816323087939,45.41122291853687],[-75.63831840047166,45.410992660094806],[-75.6383735264874,45.41100595444832],[-75.63848495710847,45.411032818101425],[-75.63877295339532,45.41110226258455],[-75.63877760756681,45.411091796633684],[-75.6390488385955,45.410481711465565],[-75.63906632160753,45.41044238550957],[-75.63906981246075,45.41043453721617],[-75.63911596879835,45.41033071261118],[-75.6375505214651,45.40995322443005],[-75.63792122564014,45.409186942995746],[-75.6379588964916,45.4091090693713],[-75.63587953286577,45.408610428035765],[-75.63558582688701,45.40917108713458],[-75.63487108233119,45.40891513500491],[-75.63430639954696,45.40870776318339],[-75.63384271075687,45.40847823362123],[-75.63348787711794,45.408229551157454],[-75.63336542147337,45.40814372858714],[-75.63315636104886,45.407938265482784],[-75.63275435867102,45.40824193548426],[-75.63218819636153,45.40866961090815],[-75.63168083956714,45.40905285607729],[-75.63127668392755,45.40833554657862],[-75.63073757078958,45.407379476073594],[-75.63036386534318,45.40671543464315],[-75.63017014185553,45.40637117952243],[-75.63033637509885,45.40615427941667],[-75.6303270146536,45.406152838929565],[-75.63032430533468,45.40615243402908],[-75.63032159421917,45.40615203102063],[-75.63031888310364,45.406151628642874],[-75.63031617198811,45.406151228157164],[-75.63031346087259,45.40615083082488],[-75.63031074885875,45.4061504341233],[-75.63030803504827,45.4061500380524],[-75.63030532303442,45.40614964450425],[-75.63030260922395,45.40614925347883],[-75.63029989451516,45.40614886308407],[-75.63029717890805,45.40614847395069],[-75.63029446419928,45.40614808734009],[-75.63029174859216,45.4061477019908],[-75.63028903208675,45.40614731853364],[-75.63028631647965,45.40614693696847],[-75.6302835981776,45.40614655666469],[-75.63028088167218,45.40614617888366],[-75.63027816247181,45.40614580173331],[-75.63027544506808,45.406145426475],[-75.63027272586771,45.406145053108794],[-75.63026112502413,45.40614347891597],[-75.6302495151974,45.406141934365344],[-75.63023789818415,45.40614042071831],[-75.63022627308605,45.40613893734423],[-75.63021463900482,45.40613748487368],[-75.63020299953367,45.4061360620454],[-75.63019135107938,45.406134669489965],[-75.63017969543857,45.40613330783818],[-75.63016803350955,45.406131977089956],[-75.63015636529234,45.40613067598399],[-75.63014468899027,45.406129405781634],[-75.6301330064,45.406128165852145],[-75.63012131752151,45.40612695619562],[-75.63010962235484,45.40612577744271],[-75.63009792000163,45.40612462959338],[-75.63008621315686,45.40612351075561],[-75.63007450002384,45.40612242345217],[-75.63006278150098,45.4061213670523],[-75.63005105668988,45.4061203415561],[-75.63003932738724,45.40611934633279],[-75.62950432314335,45.406105167237065],[-75.62976273161968,45.406347091184436],[-75.6297577783092,45.406395067292856],[-75.6296997399553,45.406957151637506],[-75.62876366039498,45.40729716632372],[-75.62795059163804,45.40762548950189],[-75.62851438598845,45.408625098416294],[-75.62789503353268,45.408475767109294],[-75.62682412583132,45.408217396389276],[-75.62664598092734,45.408174414792185],[-75.62575560675033,45.407959582626766],[-75.62539333865412,45.40786898738956],[-75.62471134757189,45.40826842899178],[-75.62510723781254,45.40837340077667],[-75.62550580952433,45.40847320852084],[-75.62561954971403,45.4085006592616],[-75.62704746048568,45.408845250157356],[-75.62711364206761,45.40886122215066],[-75.62719311512248,45.40888040228496],[-75.62780676327623,45.40902847752071],[-75.62873119528061,45.409251541930345],[-75.62888922690537,45.40928966921709],[-75.62904788735085,45.40932794026643],[-75.63037344228242,45.40965261028474],[-75.63118750008447,45.409850074360946],[-75.63205807988419,45.41006090421604],[-75.6347512767167,45.41071188370181],[-75.63468903604392,45.41071859744401],[-75.63462708552697,45.41072653272554],[-75.6345654736749,45.410735684500835],[-75.6345042489967,45.41074604520163],[-75.63444345910312,45.410757606629055],[-75.63438315340146,45.41077036058409],[-75.6343233750109,45.41078429634514],[-75.63426417423702,45.41079940255997],[-75.63420559509736,45.4108156685068],[-75.63414768430425,45.41083308094135],[-75.6340904876718,45.410851626619205],[-75.63403404742081,45.41087129040412],[-75.63397841026368,45.4108920577903],[-75.63392361842125,45.41091391174944],[-75.63386971591095,45.410936836514516],[-75.63381674225862,45.41096081190398],[-75.63376474238008,45.410985821519965],[-75.63371375310625,45.41101184455036],[-75.63366381665793,45.41103886018285],[-75.63361497166267,45.411066848866454],[-75.63360783454773,45.41107156977188],[-75.63357717953866,45.41109452789641],[-75.63354718838458,45.41111791862426],[-75.63351787456023,45.411141731234174],[-75.63348924884538,45.41116595500491],[-75.63346132381646,45.41119058173773],[-75.63343411115156,45.411215601342114],[-75.63340761983383,45.41124100246609],[-75.63338186423633,45.41126677501918],[-75.63335685244387,45.41129290891078],[-75.63333259433793,45.41131939278904],[-75.63330910069831,45.411346216563466],[-75.63328638140646,45.411373369512916],[-75.63326444544553,45.41140083965493],[-75.63324330090039,45.41142861563779],[-75.63322295765245,45.411456688001635],[-75.63320342378661,45.4114850441335],[-75.63318470648935,45.41151367142042],[-75.63316681384552,45.41154255977197],[-75.63314975393996,45.41157169594463],[-75.63313353306087,45.411601069847976],[-75.63322719410735,45.41162773141804],[-75.63320961767047,45.411668691127524],[-75.63319405345987,45.41171005377611],[-75.63318052034012,45.411751768282365],[-75.63316903627752,45.4117937867182],[-75.63315961115357,45.41183605863306],[-75.63315225934129,45.411878533576626],[-75.63314698712888,45.411921162359974],[-75.63314380080456,45.411963893271775],[-75.63314270755487,45.41200667586214],[-75.63314370468483,45.41204945968135],[-75.63314679399109,45.412092195541035],[-75.63315196918543,45.412134829208064],[-75.63315922577631,45.41217731275562],[-75.63316855478054,45.41221959510396],[-75.63317994541835,45.41226162580407],[-75.63319338421499,45.41230335629899],[-75.6332088541025,45.412344735509436],[-75.63322633801288,45.41238571487868],[-75.63324581528487,45.41242624648075],[-75.63326726166395,45.41246628112861],[-75.63361347057784,45.41307986744037],[-75.63419962219902,45.41432489049618],[-75.63512853500004,45.41593779170405],[-75.63704935855463,45.4162326947118],[-75.63833617004629,45.41641782576667],[-75.64024215702564,45.416525922015325],[-75.6411705371257,45.416530400325435],[-75.64130376446884,45.416531042245964],[-75.64219053909652,45.416490301718106],[-75.64325447497293,45.416406278739984],[-75.64623981651225,45.416170462109754],[-75.64614554371308,45.41603513629429],[-75.64608625490433,45.41600363965561],[-75.64558055550164,45.415696104313675],[-75.64494760255245,45.41544178469402],[-75.64401213474481,45.41522220601272],[-75.64308511649074,45.41498689521374],[-75.64284435272323,45.414925779271634],[-75.64343971566936,45.41401996614786],[-75.64328789589477,45.41395209039914],[-75.64328809442245,45.41395181924157],[-75.64328727605722,45.41395145349412],[-75.64327673522568,45.41394673282943],[-75.64322234313354,45.41392244277723],[-75.64301902743529,45.413831637024565],[-75.64300723525055,45.41382636898866],[-75.64267845634815,45.41367952843823],[-75.64256187029561,45.41362745833854],[-75.64240040081825,45.41355534067924],[-75.64234970978508,45.413532701379324],[-75.64196933973759,45.41336281269563],[-75.64190154208647,45.41333253226653],[-75.64168881473897,45.41323751752483],[-75.64141061637694,45.41311326194936],[-75.6413926168336,45.413105222322116],[-75.64109556642703,45.412972545290486],[-75.6410124704666,45.41293542946647],[-75.64079851781709,45.412839867947156],[-75.64068719409549,45.41279014295001],[-75.64050148088525,45.41270719281457],[-75.64033613787234,45.412633341053485],[-75.64019395791908,45.41256983127428],[-75.64017154225779,45.412559817746036],[-75.63996472941814,45.4124674433532],[-75.63987546742162,45.412427573296966],[-75.63973794343646,45.41236614306045],[-75.63920265981653,45.41213446660196],[-75.63911509024601,45.4122317534252],[-75.63858678384089,45.41281843724305],[-75.63846305887681,45.41295586880699],[-75.63843144806027,45.4129909843234],[-75.6384132706505,45.413011167616325],[-75.63837292371782,45.41305597934395],[-75.63827782087533,45.41316161635108],[-75.63823761048658,45.413144109412634],[-75.63792462666181,45.41299506689096],[-75.63764153787139,45.41286867111844],[-75.63714708717269,45.41271070091428],[-75.63721719618904,45.412607871188165],[-75.63788718308413,45.411625167927326],[-75.63788728369546,45.4116250209917],[-75.63793223090069,45.41155958351695]]]},"properties":{"ZONE_CODE":"IG3","ZONE_MAIN":"IG","ZNAME_EN":"Transportation Zones","LABEL":null}},{"type":"Feature","geometry":{"type":"Polygon","coordinates":[[[-75.63117098994788,45.40814811170108],[-75.63127668392755,45.40833554657862],[-75.63168083956714,45.40905285607729],[-75.63218819636153,45.40866961090815],[-75.63275435867102,45.40824193548426],[-75.63315636104886,45.407938265482784],[-75.63286435019103,45.40765127694881],[-75.63263847420274,45.40742447264175],[-75.63263811128336,45.40742412009614],[-75.63246993857733,45.407507772990265],[-75.6312079556218,45.40813150631943],[-75.63117098994788,45.40814811170108]]]},"properties":{"ZONE_CODE":"IL","ZONE_MAIN":"IL","ZNAME_EN":"Industrial Zone","LABEL":null}},{"type":"Feature","geometry":{"type":"Polygon","coordinates":[[[-75.64230393523147,45.40218318430444],[-75.64234571048543,45.4022283635083],[-75.64271605892762,45.403176664955936],[-75.64285011272084,45.40315567902694],[-75.64351595838248,45.40303207488156],[-75.64355292764968,45.40302521768275],[-75.64357139880855,45.403021791605916],[-75.64343443267718,45.40265384286431],[-75.64308309797629,45.401709967974725],[-75.64292282685152,45.401279374404474],[-75.64279790443314,45.40094374690683],[-75.64282126871537,45.40143384318149],[-75.64281773923463,45.40154771097526],[-75.64230393523147,45.40218318430444]]]},"properties":{"ZONE_CODE":"IP11[1388] S123","ZONE_MAIN":"IP","ZNAME_EN":"Industrial Zone","LABEL":null}},{"type":"Feature","geometry":{"type":"Polygon","coordinates":[[[-75.83492169019244,45.32476385668656],[-75.83234910925484,45.32547613064721],[-75.83236308075244,45.32550126461591],[-75.83241068786924,45.32558823709315],[-75.83241123494325,45.325589296261164],[-75.83350258291057,45.327553297587116],[-75.8325525794633,45.327932954142724],[-75.83284195915567,45.328307963700894],[-75.83304327969569,45.32856885769956],[-75.83333554477674,45.328422545915835],[-75.83339467638032,45.32839294436939],[-75.83391161730047,45.32813415327559],[-75.83468343182626,45.327674217787845],[-75.834612904195,45.32754808592837],[-75.83459783315948,45.32752113522829],[-75.83454344376229,45.32742384090284],[-75.83456426401563,45.32739325864584],[-75.8345629991877,45.32739100143298],[-75.83453295593134,45.32733726281445],[-75.8345306616341,45.32733316395427],[-75.83447698190598,45.3272371583334],[-75.83446256753894,45.32721137777889],[-75.83427999034733,45.327131572299],[-75.83376791380445,45.326215706354205],[-75.83414210613775,45.32557816141699],[-75.83518155124459,45.32529073452017],[-75.83537295887542,45.325236277055716],[-75.83639213439618,45.32495496286718],[-75.83646269167185,45.32491710143768],[-75.83667653023535,45.32469710661663],[-75.83707031302835,45.3248913160377],[-75.8371018897089,45.32490688669178],[-75.83724284346182,45.324976404781474],[-75.83737078691448,45.32503950076791],[-75.83752757886417,45.32511683399307],[-75.8377857412021,45.32485387015399],[-75.83957620303926,45.32303002834701],[-75.83943040916361,45.32295823216251],[-75.83893688103473,45.3227151902452],[-75.83843793157308,45.32279162027407],[-75.83768494304068,45.32241697338037],[-75.83762599649008,45.32246831461662],[-75.8368491469071,45.32317074092427],[-75.83704753893927,45.32352699925493],[-75.83692245482416,45.323564866666295],[-75.83588693625343,45.323878376835765],[-75.8346214265121,45.32426149266135],[-75.83492169019244,45.32476385668656]]]},"properties":{"ZONE_CODE":"IP[1530]","ZONE_MAIN":"IP","ZNAME_EN":"Industrial Zone","LABEL":null}},{"type":"Feature","geometry":{"type":"Polygon","coordinates":[[[-75.65303946583337,45.411520422904914],[-75.65291854361297,45.410673187280466],[-75.65279143200027,45.41068214167545],[-75.65239623076744,45.41070998170593],[-75.6523878890117,45.41065547335269],[-75.65082669520135,45.41076589064604],[-75.64973246723524,45.41082838902513],[-75.64973202346748,45.41082840794414],[-75.6495274788739,45.410836923393376],[-75.64932282019431,45.41084393856368],[-75.6491180680899,45.4108494540862],[-75.64891324591692,45.41085346933074],[-75.6487083743366,45.41085598177513],[-75.64850347850175,45.41085699394206],[-75.64829857727702,45.41085650393977],[-75.64809369581523,45.410854511768164],[-75.64788885387931,45.4108510180577],[-75.64768407482545,45.41084602406947],[-75.64747938111157,45.410839527911044],[-75.64727479339885,45.41083153336578],[-75.64707033594188,45.4108220398024],[-75.64686602940186,45.41081104722018],[-75.64666189623671,45.41079855940199],[-75.64645795980259,45.41078457508557],[-75.64625423986244,45.41076909679238],[-75.64605076067082,45.410752126413094],[-75.64584754199062,45.41073366646893],[-75.64564460807635,45.410713716958355],[-75.64565687277492,45.41079808390373],[-75.64577593278774,45.41161705493575],[-75.64583681610613,45.41162289137097],[-75.64689347562876,45.41170611237548],[-75.64712023196601,45.411718299185345],[-75.64789191354116,45.41174318612495],[-75.6478597188197,45.41255095445729],[-75.64785948705435,45.41255134922204],[-75.64785980595629,45.41255135805066],[-75.64826768151947,45.41255667287098],[-75.64852045666062,45.412557304116234],[-75.64867562715123,45.41255669494249],[-75.64908350271442,45.41255143435505],[-75.64949117795328,45.41254087281931],[-75.64989780575652,45.41252502546704],[-75.64997518483847,45.41252149780673],[-75.65030526450141,45.4125064324119],[-75.65066856386355,45.412484751857576],[-75.65068486559102,45.41248377881797],[-75.6506980878937,45.41248299180987],[-75.65105729902298,45.41245852581697],[-75.65108984139246,45.41245621965523],[-75.65136107960767,45.41243699848393],[-75.6514772560284,45.41242876579193],[-75.65162645721395,45.412418192251565],[-75.65181827447658,45.412404598057044],[-75.65186466976606,45.412401307500986],[-75.6522520835037,45.41237385108852],[-75.65280210308752,45.41233486509138],[-75.65280242109115,45.41233456050333],[-75.65279580769402,45.41225358164129],[-75.65278956709774,45.41217717212763],[-75.65278317827944,45.41209894884822],[-75.65279201770183,45.41196436497646],[-75.65281494001295,45.41178712040055],[-75.65287872758465,45.41150209942711],[-75.65303946583337,45.411520422904914]]]},"properties":{"ZONE_CODE":"IG3","ZONE_MAIN":"IG","ZNAME_EN":"Transportation Zones","LABEL":null}},{"type":"Feature","geometry":{"type":"Polygon","coordinates":[[[-76.05275885174606,45.17314340875111],[-76.0510198022892,45.17356162437394],[-76.04980489824108,45.17415604615702],[-76.04870990311372,45.17488790213522],[-76.04790467215766,45.175706492525265],[-76.04741528705885,45.176372249345455],[-76.04712767435264,45.177115481463595],[-76.0469074308012,45.17835304916436],[-76.04732636642214,45.17808676499233],[-76.04787405936939,45.17773629090039],[-76.0478798597912,45.17773263842202],[-76.05067789720387,45.17597179869046],[-76.05072451078395,45.17594246966565],[-76.05203333459336,45.17511874629268],[-76.05357868302045,45.174126885280494],[-76.0537997251742,45.174013703727155],[-76.05344662169051,45.17371598434761],[-76.053283334023,45.173580045153884],[-76.05292213671862,45.173279347720545],[-76.05275885174606,45.17314340875111]]]},"properties":{"ZONE_CODE":"RH","ZONE_MAIN":"RH","ZNAME_EN":"Rural Industrial Zone","LABEL":null}},{"type":"Feature","geometry":{"type":"Polygon","coordinates":[[[-75.90780750867923,45.30009680384413],[-75.90777109367257,45.300067287965476],[-75.90755002277271,45.2998882809598],[-75.90715631094662,45.29956949080344],[-75.90742033748673,45.299406976109196],[-75.90746358418113,45.299380357028085],[-75.90684173081559,45.29887687005023],[-75.9066591482341,45.29872903962938],[-75.90574632156486,45.29798994619684],[-75.9053279141533,45.29825375379812],[-75.90386261280457,45.29917760246353],[-75.90491834167256,45.30003940861418],[-75.90555217047914,45.30055679196559],[-75.90658086275204,45.30139647172255],[-75.90667463698622,45.30146796855845],[-75.90736520158951,45.301994470341704],[-75.9078660455981,45.30165510693257],[-75.90805852042749,45.30153912094432],[-75.90810242738364,45.30142647406893],[-75.90805310538296,45.30139503235766],[-75.90790151378046,45.30130583905104],[-75.90787564679185,45.30129060058608],[-75.90773312008886,45.300776774361054],[-75.90764954891966,45.300756549100946],[-75.90755515844118,45.30041623617044],[-75.90748267607587,45.300382170391536],[-75.90743849064198,45.30036151026666],[-75.90744203719072,45.300353333917656],[-75.90746132132493,45.30031509714903],[-75.90748627742182,45.30027853227502],[-75.90751662341044,45.30024405633135],[-75.90755200984611,45.30021206423935],[-75.90759203338528,45.300182920591055],[-75.90763623768379,45.30015695901746],[-75.90766235260742,45.300144051207006],[-75.90770843528317,45.3001249258048],[-75.90775698024113,45.30010912213151],[-75.90778450372311,45.300102408523024],[-75.90780750867923,45.30009680384413]]]},"properties":{"ZONE_CODE":"IL5 H(22)","ZONE_MAIN":"IL","ZNAME_EN":"Industrial Zone","LABEL":null}},{"type":"Feature","geometry":{"type":"Polygon","coordinates":[[[-76.06320673191253,45.30883817900648],[-76.06336196528518,45.30896265748149],[-76.06411979394034,45.309570331984716],[-76.06493780971954,45.30900140836446],[-76.06418006730264,45.30839369238229],[-76.0640251761881,45.30826946600079],[-76.06320673191253,45.30883817900648]]]},"properties":{"ZONE_CODE":"RG1","ZONE_MAIN":"RG","ZNAME_EN":"Rural Industrial Zone","LABEL":null}},{"type":"Feature","geometry":{"type":"Polygon","coordinates":[[[-75.90828079327319,45.301021744661405],[-75.9085233437898,45.30104438352672],[-75.90853769437646,45.301046284789166],[-75.90857490618879,45.30105202080078],[-75.90861146133265,45.30105958920127],[-75.90865563239348,45.30107173225475],[-75.90869811731653,45.301086574603524],[-75.90873859989479,45.301103981027914],[-75.90877676122639,45.301123840950346],[-75.90881231025713,45.301145981871265],[-75.90884495593286,45.301170240768805],[-75.90944799677973,45.30165867184012],[-75.90952009286949,45.301614348055985],[-75.90954411651514,45.30159957029427],[-75.90961208035458,45.30155778019393],[-75.91037465301275,45.301088861929834],[-75.91041405940932,45.301064635854104],[-75.90921772174148,45.300095609611425],[-75.90906689999518,45.29997344263522],[-75.90884170852311,45.300098957885936],[-75.90852285151301,45.30054158931553],[-75.90847541148287,45.30052806552495],[-75.90841908711455,45.30061848523811],[-75.9083325209622,45.300832320651345],[-75.90828079327319,45.301021744661405]]]},"properties":{"ZONE_CODE":"IL5 H(22)","ZONE_MAIN":"IL","ZNAME_EN":"Industrial Zone","LABEL":null}},{"type":"Feature","geometry":{"type":"Polygon","coordinates":[[[-75.92194821565501,45.30977237213458],[-75.92191496002319,45.3089093910053],[-75.92175398461922,45.308779566987646],[-75.9210526456224,45.308209126110825],[-75.91864742261883,45.30974448302524],[-75.9187312507062,45.309757090458476],[-75.91905839108152,45.30978427767494],[-75.91939177834135,45.309811984185785],[-75.92037374384643,45.30980961318727],[-75.92140458578777,45.309785232266066],[-75.92194821565501,45.30977237213458]]]},"properties":{"ZONE_CODE":"IL7[1368]","ZONE_MAIN":"IL","ZNAME_EN":"Industrial Zone","LABEL":null}},{"type":"Feature","geometry":{"type":"Polygon","coordinates":[[[-75.6787432557053,45.14171762698283],[-75.67879347781788,45.141858651058236],[-75.67918633085456,45.14296178229159],[-75.68013950535477,45.14563810888949],[-75.68015632990173,45.14568534540269],[-75.6801868501635,45.145771038701405],[-75.68026070156132,45.14597838654023],[-75.68033811298262,45.14594963067177],[-75.68041859125229,45.14591973496929],[-75.68075946956327,45.14579310715535],[-75.68078288504947,45.145784408646286],[-75.68166553461333,45.145456519695244],[-75.68236339982496,45.14519726667077],[-75.68258590263937,45.145114606791246],[-75.68407328367947,45.14456202588357],[-75.6843391921901,45.14446323486505],[-75.68548719600406,45.144036711927974],[-75.68573497830889,45.14394464953943],[-75.68630088729348,45.143710619345455],[-75.68794344690902,45.1430313161133],[-75.68816129375533,45.1429412201192],[-75.69057082597729,45.14197248260637],[-75.6904458900842,45.14181992863751],[-75.69038121138374,45.141740953497205],[-75.69033266822242,45.14168168040889],[-75.69020040566987,45.14173550553343],[-75.68988577882645,45.14134829831565],[-75.6902043384942,45.14121864803576],[-75.69015665861386,45.14118131094603],[-75.69013937323116,45.1411677745421],[-75.69003224823521,45.14108388336251],[-75.6897056441541,45.14082811259018],[-75.68965477705115,45.14078827742776],[-75.68881379404509,45.14012966795139],[-75.68742147362667,45.13903923942829],[-75.68719108180744,45.13885879769018],[-75.68684874822571,45.138590678183434],[-75.68672506907569,45.13849381140457],[-75.6856245538009,45.13763185160044],[-75.68556171035857,45.137582629438896],[-75.68548336468939,45.137521265324686],[-75.68492071928422,45.13775040550223],[-75.68207454744368,45.13892248970953],[-75.68134195965138,45.139225301788564],[-75.68084736612056,45.13944498222396],[-75.67886078588718,45.14025082602251],[-75.67876036950977,45.14029209740593],[-75.67869861841882,45.140317478154515],[-75.67854085539031,45.14038231924663],[-75.67830261049887,45.140480239104264],[-75.6787432557053,45.14171762698283]]]},"properties":{"ZONE_CODE":"RG[889r] H(22)-h","ZONE_MAIN":"RG","ZNAME_EN":"Rural Industrial Zone","LABEL":null}},{"type":"Feature","geometry":{"type":"Polygon","coordinates":[[[-75.90847541148287,45.30052806552495],[-75.90826673913058,45.30046858304969],[-75.90784497471479,45.30012704509278],[-75.90780750867923,45.30009680384413],[-75.90778450372311,45.300102408523024],[-75.90775698024113,45.30010912213151],[-75.90770843528317,45.3001249258048],[-75.90766235260742,45.300144051207006],[-75.90763623768379,45.30015695901746],[-75.90759203338528,45.300182920591055],[-75.90755200984611,45.30021206423935],[-75.90751662341044,45.30024405633135],[-75.90748627742182,45.30027853227502],[-75.90746132132493,45.30031509714903],[-75.90744203719072,45.300353333917656],[-75.90743849064198,45.30036151026666],[-75.90748267607587,45.300382170391536],[-75.90755515844118,45.30041623617044],[-75.90764954891966,45.300756549100946],[-75.90773312008886,45.300776774361054],[-75.90787564679185,45.30129060058608],[-75.90790151378046,45.30130583905104],[-75.90805310538296,45.30139503235766],[-75.90810242738364,45.30142647406893],[-75.90818990891927,45.30120202443933],[-75.90828079327319,45.301021744661405],[-75.9083325209622,45.300832320651345],[-75.90841908711455,45.30061848523811],[-75.90847541148287,45.30052806552495]]]},"properties":{"ZONE_CODE":"IL5[2547] H(22)","ZONE_MAIN":"IL","ZNAME_EN":"Industrial Zone","LABEL":null}},{"type":"Feature","geometry":{"type":"Polygon","coordinates":[[[-75.90839676847132,45.34681260336365],[-75.90915057177567,45.347683243661464],[-75.90985624873701,45.34821904935376],[-75.91067889173821,45.34884364473439],[-75.91139111112976,45.34839293892429],[-75.91147808421896,45.3483378994888],[-75.91151094818531,45.34831685026817],[-75.91154348246995,45.348295548507025],[-75.91157568527626,45.34827399736168],[-75.91160755211264,45.34825219809459],[-75.91163907848754,45.34823015575612],[-75.91167026170599,45.34820787160858],[-75.91170109727645,45.348185348177104],[-75.91173158160561,45.34816258861803],[-75.91176171199855,45.348139594825014],[-75.9117914839637,45.34811636995454],[-75.91182089300948,45.348092918425635],[-75.91184993733924,45.34806924023799],[-75.91187861425804,45.34804533981067],[-75.91190691747772,45.348021220300076],[-75.91193484430326,45.347996883599926],[-75.91196239293808,45.347972332866625],[-75.9119895597889,45.347947571256576],[-75.91201634126247,45.347922601926186],[-75.9120427337655,45.34789742866317],[-75.91206873370479,45.347872052098644],[-75.91268083495959,45.3472661640645],[-75.91190431236338,45.34687617820846],[-75.91187247067982,45.34686035726677],[-75.91184041519722,45.34684475224168],[-75.9118081468139,45.346829365658735],[-75.91177567181806,45.34681419751814],[-75.91174299110803,45.34679925160808],[-75.91171010648043,45.34678452666613],[-75.91167702512176,45.34677002584919],[-75.91164374613376,45.346755751051425],[-75.91161027490627,45.34674170101034],[-75.91157661323594,45.34672787888284],[-75.91154276471605,45.34671428593178],[-75.91150873204151,45.346700922788735],[-75.9114745197039,45.346687791347875],[-75.91144012860157,45.34667489160935],[-75.91140556502269,45.346662226098736],[-75.91137082896729,45.34664979544751],[-75.91133592492693,45.34663760028723],[-75.91130085739317,45.34662564314342],[-75.91126562726436,45.34661392338485],[-75.91123024082869,45.34660244416847],[-75.91091678898167,45.34650173733654],[-75.9102221541118,45.346278562883285],[-75.90839676847132,45.34681260336365]]]},"properties":{"ZONE_CODE":"IP6[1549]","ZONE_MAIN":"IP","ZNAME_EN":"Industrial Zone","LABEL":null}},{"type":"Feature","geometry":{"type":"Polygon","coordinates":[[[-75.70637262032135,45.33785788810459],[-75.70577185939868,45.336842437087334],[-75.7041804381773,45.33753359749434],[-75.70460832012017,45.33802178592405],[-75.70497920934815,45.33844935873159],[-75.70612016228547,45.33795368502605],[-75.70637262032135,45.33785788810459]]]},"properties":{"ZONE_CODE":"IG5[1472]","ZONE_MAIN":"IG","ZNAME_EN":"Transportation Zones","LABEL":null}},{"type":"Feature","geometry":{"type":"Polygon","coordinates":[[[-75.43808332895671,45.34010793193071],[-75.43848771995489,45.34086757110807],[-75.43860718151464,45.340834503283816],[-75.43949780183003,45.34058798065957],[-75.43933636559032,45.34028473327481],[-75.43917493114725,45.339981478583105],[-75.43895071344896,45.33956029667456],[-75.43899844183831,45.33954708780581],[-75.43994827550398,45.33928416128236],[-75.43995421157139,45.33928251766417],[-75.43997955484217,45.33927550308245],[-75.44013343175877,45.339232916110525],[-75.44035791266343,45.33965401394874],[-75.44051954653251,45.33995721419752],[-75.4406256869749,45.34015631470373],[-75.44068116962178,45.34026038946011],[-75.4408075176665,45.34049739487407],[-75.44095796571365,45.34045435419937],[-75.44095462667573,45.34044808925752],[-75.44097408687975,45.34044176433016],[-75.44106271556399,45.34041132485751],[-75.4414353816596,45.340283331519956],[-75.44150941811039,45.340257902922666],[-75.44155100202319,45.340243620168565],[-75.44185268324506,45.340140005057116],[-75.44192207181257,45.34011617389563],[-75.44205070157808,45.34007199384319],[-75.44218474548984,45.34002595421263],[-75.4422215297041,45.34001332004847],[-75.44232283451532,45.33997852604213],[-75.44240898744263,45.33992742356935],[-75.44246327622852,45.33989522088033],[-75.44249419354564,45.33987688175646],[-75.4427233286218,45.33974096658883],[-75.44330370677068,45.33954176864483],[-75.44334334493259,45.339528163865424],[-75.44475182424634,45.33904472671123],[-75.4448001401339,45.33902814270156],[-75.44499126210049,45.3389625403428],[-75.4452388512675,45.33887755595863],[-75.44542975674013,45.33881202793502],[-75.44552918856397,45.338782048535855],[-75.44500433258787,45.337800739490156],[-75.44472972569035,45.337286008494665],[-75.44459694570821,45.33733817545696],[-75.44023954076013,45.33904997772391],[-75.44021467359644,45.339060104044215],[-75.44007242447287,45.339118471949725],[-75.44000291642946,45.33898808128596],[-75.43864748892143,45.336445308922066],[-75.4365609297902,45.33699501391444],[-75.43660910104899,45.33708168458801],[-75.43661134414226,45.337085895141996],[-75.43662228472408,45.33710644968804],[-75.43698596497194,45.33778969860662],[-75.43686617822205,45.337821412489035],[-75.4367456755149,45.33785331641962],[-75.43722523933268,45.33875423242806],[-75.43734573754827,45.33872232837364],[-75.43808332895671,45.34010793193071]]]},"properties":{"ZONE_CODE":"RG","ZONE_MAIN":"RG","ZNAME_EN":"Rural Industrial Zone","LABEL":null}},{"type":"Feature","geometry":{"type":"Polygon","coordinates":[[[-75.63003226662909,45.41824930993966],[-75.62989890184369,45.41827173989753],[-75.62953641006699,45.41833270593078],[-75.62904670786288,45.41841506454529],[-75.62928199280547,45.41883135475148],[-75.63036877194126,45.41886162844882],[-75.63138238239884,45.41891317730708],[-75.63131767764723,45.418797155265246],[-75.63112651525647,45.418454384949754],[-75.63237860865902,45.418183490459406],[-75.63236365799776,45.4181568376593],[-75.63230857420284,45.41817163419276],[-75.63202489252433,45.41763980212303],[-75.63199873178662,45.41763125491047],[-75.63194720532026,45.417649108525836],[-75.63188175317033,45.41766712103597],[-75.63084658134932,45.417951970282076],[-75.63074102930342,45.4177618370079],[-75.63184108553911,45.41745786318527],[-75.63161960680412,45.417075751421805],[-75.6302834921764,45.41699790822194],[-75.62926581774046,45.41685459258841],[-75.63003226662909,45.41824930993966]]]},"properties":{"ZONE_CODE":"IL2","ZONE_MAIN":"IL","ZNAME_EN":"Industrial Zone","LABEL":null}},{"type":"Feature","geometry":{"type":"Polygon","coordinates":[[[-76.27609542670551,45.38183440792164],[-76.27499897361244,45.38256439652158],[-76.27389679375942,45.38325928967114],[-76.27383874552407,45.38329588869321],[-76.27373391302874,45.38336299619772],[-76.27427493239175,45.38375672253259],[-76.27524322374154,45.38448563140006],[-76.2753387874198,45.384425122849606],[-76.27594675372936,45.384040171769634],[-76.27650532886797,45.38446064159865],[-76.2781771861382,45.38340200534383],[-76.27609542670551,45.38183440792164]]]},"properties":{"ZONE_CODE":"RG1[99r]","ZONE_MAIN":"RG","ZNAME_EN":"Rural Industrial Zone","LABEL":null}},{"type":"Feature","geometry":{"type":"Polygon","coordinates":[[[-75.7922505868111,45.27237801681823],[-75.79171813378262,45.272615230357516],[-75.79135659601674,45.27278417327197],[-75.79191776279495,45.27349115434846],[-75.79201979344492,45.27361636092261],[-75.79410252215979,45.27275538851131],[-75.79399616702004,45.27262525855381],[-75.7936789063162,45.272245527333965],[-75.79264696843019,45.27267536157817],[-75.79252651602869,45.272722165873795],[-75.79227969671787,45.27241286182489],[-75.7922505868111,45.27237801681823]]]},"properties":{"ZONE_CODE":"IP[3034] H(24)","ZONE_MAIN":"IP","ZNAME_EN":"Industrial Zone","LABEL":null}},{"type":"Feature","geometry":{"type":"Polygon","coordinates":[[[-75.91104700068041,45.341939953001145],[-75.9094305326323,45.34330960284611],[-75.90940886706427,45.343327268430734],[-75.90938626904497,45.343344342400265],[-75.90936277181211,45.343360802025266],[-75.90933840680664,45.34337662268223],[-75.90931320996124,45.3433917810104],[-75.90928721990343,45.34340625680592],[-75.90926046897258,45.34342002860217],[-75.90923300028784,45.34343307682674],[-75.90920485068008,45.34344538190713],[-75.90917605967525,45.3434569274278],[-75.90914667129071,45.34346769634185],[-75.9091167241541,45.34347767223365],[-75.90908626497776,45.343486842475926],[-75.90905533508419,45.343495193809986],[-75.90902397759258,45.34350271360849],[-75.90899224011359,45.3435093911382],[-75.90896016756301,45.343515216297284],[-75.90892780485657,45.34352018150938],[-75.90889519960503,45.34352427919804],[-75.9088623967241,45.34352750494382],[-75.90913400145195,45.344573101590406],[-75.9098050546473,45.34478361304818],[-75.91057720963458,45.34373292882023],[-75.91234399637246,45.342858481713776],[-75.91211337278789,45.342675985652406],[-75.91209219500506,45.3426592783216],[-75.91207094984858,45.342642614552084],[-75.91204963462353,45.34262599371256],[-75.91202825292312,45.3426094164344],[-75.91200680295077,45.34259288334905],[-75.91198528470647,45.342576393825205],[-75.9119636990885,45.34255994912561],[-75.91194204430026,45.34254354798759],[-75.9119203230367,45.342527191042535],[-75.9118985352978,45.34251087955327],[-75.91187668108356,45.34249461162568],[-75.9118547594957,45.342478389154],[-75.91183276963584,45.342462211506806],[-75.91181071599563,45.342446078684176],[-75.91178859408342,45.342429991317566],[-75.91176640659423,45.34241394877561],[-75.911744153528,45.34239795168969],[-75.9117218357831,45.34238200069132],[-75.91169945156284,45.342366094517665],[-75.91167700176558,45.34235023506303],[-75.91165966967047,45.342338054130046],[-75.91164229984616,45.34232590097596],[-75.91162489139427,45.34231377496944],[-75.9116074443148,45.342301676110395],[-75.9115899586078,45.342289604398964],[-75.91157243517156,45.34227756109791],[-75.91155487400607,45.34226554431302],[-75.91153727421302,45.34225355656999],[-75.91151963669074,45.34224159597452],[-75.9115019614392,45.342229663158136],[-75.91148424845844,45.34221775875224],[-75.9114664968501,45.34220588149401],[-75.91144870751253,45.34219403327765],[-75.91143088134403,45.34218221220905],[-75.9114130183446,45.34217041891954],[-75.91139511761594,45.34215865467204],[-75.91137717915804,45.34214691883509],[-75.9113592038692,45.342135210777315],[-75.91134119264774,45.34212353113011],[-75.91132314279875,45.34211188052501],[-75.91130953152556,45.34210312931016],[-75.91129589959111,45.34209439387897],[-75.91128224789375,45.34208567486286],[-75.91126857284019,45.34207697226187],[-75.91125487802368,45.34206828544457],[-75.91124116434254,45.342059615042345],[-75.91122742820355,45.34205096168661],[-75.91121367140327,45.342042324114615],[-75.91119989394176,45.34203370232637],[-75.91118609671733,45.342025097584624],[-75.91117227972994,45.34201650925806],[-75.91115844028467,45.34200793671517],[-75.91114458197478,45.3419993812189],[-75.91113070210532,45.34199084213773],[-75.91111680247293,45.341982318840365],[-75.9111028830776,45.341973812589586],[-75.91108894212272,45.34196532338539],[-75.9110749823032,45.34195684933356],[-75.91106100182243,45.34194839295975],[-75.91104700068041,45.341939953001145]]]},"properties":{"ZONE_CODE":"IP6","ZONE_MAIN":"IP","ZNAME_EN":"Industrial Zone","LABEL":null}},{"type":"Feature","geometry":{"type":"Polygon","coordinates":[[[-75.91944408364708,45.36140889483455],[-75.91966186491636,45.361270215638314],[-75.9196606450042,45.36126809421861],[-75.91966447721721,45.36126849944073],[-75.92036643964485,45.3608213231048],[-75.92049619230448,45.36073944291994],[-75.92115813298958,45.36004774651996],[-75.9216102685468,45.36003636092102],[-75.92161031436088,45.36003633251698],[-75.92161031975078,45.36003635902744],[-75.92168926459627,45.36003501141371],[-75.92207879566301,45.35978292502598],[-75.92204859160822,45.35975973018148],[-75.92248410563775,45.35948487430581],[-75.92117743778502,45.358481485579865],[-75.92124819538502,45.35843634336486],[-75.9198462953324,45.35735966788708],[-75.91957951096438,45.3571546816707],[-75.91936471569512,45.35698962537616],[-75.91927838400304,45.35692328887322],[-75.91918929268641,45.356854833232305],[-75.91910021484455,45.35678636804006],[-75.91901112352792,45.35671791223352],[-75.9189220322113,45.35664945634417],[-75.91883292921659,45.35658099090343],[-75.91882265877794,45.356573091573665],[-75.91874320189274,45.35651239597561],[-75.91865378358935,45.3564448380934],[-75.91859682321383,45.35640218260699],[-75.91856381282209,45.35637763678202],[-75.91847320065769,45.35631074785584],[-75.91838202345298,45.35624424201514],[-75.9182903072591,45.35617810284896],[-75.91819794876979,45.356112284277735],[-75.91810505129132,45.35604684058967],[-75.91801151241573,45.355981717498885],[-75.91791744622908,45.355916987599905],[-75.9178227512217,45.35585258713804],[-75.91760250856855,45.35570565021037],[-75.91734644379683,45.35553965038776],[-75.91567046325946,45.35457080442664],[-75.91554974405831,45.35466063669302],[-75.91473290597045,45.35425594659179],[-75.91339151374042,45.35368538847661],[-75.9127360651799,45.353443390604106],[-75.91258804438064,45.3533887392636],[-75.9125082856615,45.35349289069791],[-75.91250813564285,45.35349308702404],[-75.91250888663444,45.353493365415794],[-75.91244219840267,45.35358044893688],[-75.91236762206442,45.353677831523214],[-75.91214965843716,45.35396244471835],[-75.91212228407551,45.3539981890266],[-75.91209113499302,45.35403886351328],[-75.91199205890203,45.354168234106425],[-75.91185732418582,45.35434416521519],[-75.91179392378801,45.354432705014126],[-75.91173753653764,45.35452357340116],[-75.91183454291021,45.354570074688034],[-75.91201965694417,45.354658812349385],[-75.9124548125459,45.35487850393433],[-75.91262973429467,45.35524083811734],[-75.91312110107698,45.35556022411545],[-75.91331377982395,45.35572012916943],[-75.91361406057229,45.355867225765046],[-75.91364464012287,45.355882205261764],[-75.91381565869172,45.35605442626403],[-75.91383969401546,45.356078630725634],[-75.91392004741932,45.35644952442539],[-75.91416189814831,45.35666304627803],[-75.91424019351184,45.35679267788534],[-75.91428621240722,45.35714343814831],[-75.91448945444363,45.357300991810476],[-75.91454893639015,45.35745051579346],[-75.91448512995385,45.35750728855956],[-75.91444834124802,45.35754002282431],[-75.91439041428524,45.35759156388257],[-75.91459179321573,45.357754663513646],[-75.91469491352215,45.35783818667888],[-75.91473639412871,45.35787177606206],[-75.91488467903264,45.35787049783152],[-75.91527233801035,45.35786716559487],[-75.91543481449918,45.35786576175044],[-75.91570415996406,45.3578367222361],[-75.91617852702795,45.357855747364646],[-75.91639690567689,45.358048636810466],[-75.91670143096493,45.35810775964837],[-75.91718569297167,45.358225556972045],[-75.91729782607533,45.358294111949895],[-75.91744084685172,45.358384630122],[-75.91752947104438,45.358538526841464],[-75.91773510888764,45.358718200095815],[-75.9178528016646,45.35879910734796],[-75.91825849881322,45.35899690882906],[-75.91847313328405,45.359155464742685],[-75.91862221140039,45.359225061352625],[-75.91876542261961,45.3593493836773],[-75.91887870197357,45.359477193147875],[-75.9188867966926,45.35956009203248],[-75.91889649310777,45.35965943684446],[-75.91889770224014,45.35967183055341],[-75.91892193070167,45.35973030786699],[-75.9189776145712,45.35986468287933],[-75.9190162358402,45.35995785968531],[-75.91903118200989,45.359988759523745],[-75.91913714997575,45.36019455603199],[-75.91915034083739,45.360302492226715],[-75.91912827012918,45.36039385046489],[-75.91909039536017,45.36049139995473],[-75.91893602796344,45.36069899732314],[-75.91876190481695,45.36085291488898],[-75.9186536964528,45.360873125012205],[-75.91852694416619,45.36085709148427],[-75.91846557575757,45.36089302710683],[-75.91848981949045,45.36095277122018],[-75.91851238337377,45.361003651469794],[-75.91857061576374,45.36105480813464],[-75.91860849592264,45.36105933565631],[-75.91861003653335,45.36106071922343],[-75.91861058809893,45.3610595856073],[-75.91879058353241,45.3610810971687],[-75.91910329696427,45.3610442994607],[-75.91923974656436,45.36110698538566],[-75.91932470563067,45.36123252176709],[-75.91944408364708,45.36140889483455]]]},"properties":{"ZONE_CODE":"IP8 H(15)","ZONE_MAIN":"IP","ZNAME_EN":"Industrial Zone","LABEL":null}},{"type":"Feature","geometry":{"type":"Polygon","coordinates":[[[-75.78792154886305,45.34613401729686],[-75.78836188055745,45.34693947960864],[-75.78849983842889,45.347186544048775],[-75.7886823096193,45.34751332177984],[-75.78894177720933,45.34742650860759],[-75.78914127327099,45.34738094278207],[-75.78934053936393,45.34735410000924],[-75.7895513425201,45.347327327934025],[-75.78960659609658,45.34654846113668],[-75.78962174798049,45.34633485629548],[-75.78965264912794,45.345899340568735],[-75.78860253383218,45.345862458487616],[-75.78838501037937,45.345949201452406],[-75.78792154886305,45.34613401729686]]]},"properties":{"ZONE_CODE":"IL3[252]","ZONE_MAIN":"IL","ZNAME_EN":"Industrial Zone","LABEL":null}},{"type":"Feature","geometry":{"type":"Polygon","coordinates":[[[-75.60849604792276,45.31847496190694],[-75.60858030450653,45.318591045261044],[-75.60935156207687,45.31965361815565],[-75.60980697917981,45.319479947301005],[-75.61027944361192,45.31820758978434],[-75.6099847935038,45.31788848763635],[-75.60997446647129,45.3178773032716],[-75.60996915563133,45.317879423790934],[-75.60940169076466,45.31810598095963],[-75.6086320070427,45.318419571870045],[-75.60850266042156,45.318472267858674],[-75.60850175671641,45.31847102221663],[-75.60849604792276,45.31847496190694]]]},"properties":{"ZONE_CODE":"IL2 H(14)","ZONE_MAIN":"IL","ZNAME_EN":"Industrial Zone","LABEL":null}},{"type":"Feature","geometry":{"type":"Polygon","coordinates":[[[-75.70926270450792,45.293622278432665],[-75.70926204604282,45.293622687930586],[-75.70913393909679,45.29366679425503],[-75.70911925433684,45.29367283181698],[-75.70792859671654,45.294162379645485],[-75.70800383421484,45.29425288913356],[-75.7081931802121,45.29438918391829],[-75.7083200376016,45.294435057161095],[-75.7084342718647,45.29447184381988],[-75.70856125501832,45.294508718925194],[-75.70868836303777,45.29453659594037],[-75.70950275770804,45.294650220829055],[-75.7118026280917,45.29497472092334],[-75.71182222663626,45.2949070106211],[-75.7119758295667,45.29437633988395],[-75.71188101328677,45.29437228161084],[-75.71140783289738,45.294323625282395],[-75.7108983417059,45.294192658183704],[-75.71082613961492,45.294316900246024],[-75.71062956846784,45.294260206931774],[-75.71070135823206,45.294135933148446],[-75.71061364403279,45.294101599447146],[-75.71051009343336,45.29405084359338],[-75.71040654283394,45.2940000870623],[-75.71025899275187,45.293899605818865],[-75.71011341896346,45.29384422083272],[-75.70987175867728,45.29380584886323],[-75.70971029818307,45.29376261219602],[-75.70944137402805,45.29368434577576],[-75.70926270450792,45.293622278432665]]]},"properties":{"ZONE_CODE":"IL9[2382]","ZONE_MAIN":"IL","ZNAME_EN":"Industrial Zone","LABEL":null}},{"type":"Feature","geometry":{"type":"Polygon","coordinates":[[[-75.78615555803252,45.275358502782275],[-75.78609312242534,45.27544907198714],[-75.78529575891453,45.27639554955274],[-75.79081659175,45.27411371959566],[-75.79070680235093,45.27397427913748],[-75.79067103862282,45.273932221504744],[-75.79060261843922,45.27385175877527],[-75.79052762438435,45.27376356584883],[-75.79045997405693,45.27368400940258],[-75.79041995411102,45.273636946713026],[-75.79039982466215,45.27361327216837],[-75.79037263535344,45.273581297293774],[-75.79035781854114,45.273563873571405],[-75.79031315250857,45.27351134508091],[-75.79027146978109,45.27346232443041],[-75.79019881583753,45.27337688398541],[-75.790169245095,45.273339651874956],[-75.79013041541685,45.273290544469205],[-75.79012942098184,45.27329095664257],[-75.79005616247211,45.2733213234468],[-75.78856742048436,45.273938400874805],[-75.78850660633626,45.27398585715011],[-75.7884365682868,45.27404051115366],[-75.78828042132749,45.27422251715279],[-75.78805791581811,45.27452990792338],[-75.78802196434214,45.27459025836899],[-75.78775357378639,45.274703457951894],[-75.78662952983767,45.27517168157124],[-75.78615555803252,45.275358502782275]]]},"properties":{"ZONE_CODE":"IP[2265] H(12)","ZONE_MAIN":"IP","ZNAME_EN":"Industrial Zone","LABEL":null}},{"type":"Feature","geometry":{"type":"Polygon","coordinates":[[[-75.72487602332222,45.32962841479719],[-75.72485559114108,45.329636241471114],[-75.72481930818675,45.32965013787233],[-75.72484301921867,45.32969224702907],[-75.72503984548732,45.33004169555199],[-75.72704188482842,45.32936860940638],[-75.72674935294773,45.328910898149466],[-75.72663985819607,45.32895283733796],[-75.72663642573336,45.328954153482904],[-75.72587048708782,45.32924752356893],[-75.72487602332222,45.32962841479719]]]},"properties":{"ZONE_CODE":"IG[1]","ZONE_MAIN":"IG","ZNAME_EN":"Transportation Zones","LABEL":null}},{"type":"Feature","geometry":{"type":"Polygon","coordinates":[[[-75.87028146656179,45.28899747341264],[-75.87034953640244,45.289122535805234],[-75.87039195485016,45.289200473565906],[-75.87040495976053,45.28922436785975],[-75.87076983836096,45.28922731167045],[-75.87079683902344,45.28903584737149],[-75.87080363927014,45.28898761874781],[-75.87085065978707,45.28899172733368],[-75.87267472759902,45.28915110813024],[-75.87276987984887,45.28905391034304],[-75.87283140456437,45.28899106184515],[-75.87363712869552,45.288167966032006],[-75.87379809511633,45.28800580608003],[-75.872908002112,45.28745697316405],[-75.87278804378391,45.28738475649765],[-75.87365662752707,45.286714670688916],[-75.8736865108833,45.286733374634],[-75.87449307044768,45.28723820248743],[-75.87451127660354,45.28724960462232],[-75.87452910277204,45.287260761534185],[-75.87471462913273,45.28737683234589],[-75.87472294843057,45.28736921787836],[-75.87558139378743,45.28668127546672],[-75.87564248641327,45.2866348050144],[-75.87548382147622,45.28653549765589],[-75.87575137839538,45.28633372862516],[-75.87596399704672,45.28617886710182],[-75.87602663567316,45.286133754459044],[-75.87627065763022,45.28596209944451],[-75.87649881444104,45.28580670916297],[-75.87673021237336,45.285653729018485],[-75.87666106814764,45.28560082807678],[-75.87614542888635,45.28520631000607],[-75.87588156404298,45.28440158525548],[-75.87641843139278,45.28422534582648],[-75.87674135507616,45.28409471188351],[-75.87700465847246,45.28397457597093],[-75.87722472146255,45.28387416798084],[-75.87747777418313,45.283758706251994],[-75.87841246404975,45.28459433623335],[-75.8794195015344,45.28396219729424],[-75.87843279112799,45.28314270961515],[-75.87833106141365,45.28320832668347],[-75.87815603905358,45.28306358663738],[-75.87768411720391,45.28267330470752],[-75.87748796557004,45.28271896430824],[-75.87691929067269,45.282851349068686],[-75.87686698357031,45.282863518143444],[-75.87623608237324,45.2830103805238],[-75.87569136374789,45.283137167097884],[-75.8751466424276,45.28326395970915],[-75.87451718841642,45.28341046963027],[-75.87402786260644,45.283524358886005],[-75.87390587947569,45.28355274757513],[-75.87370380435085,45.283599774230694],[-75.87338435894424,45.28367412446732],[-75.87267342414356,45.28383957903962],[-75.87194711018519,45.28400861557981],[-75.87193205531935,45.28401211459964],[-75.87185652586858,45.28402969691825],[-75.87179492120302,45.28395662957503],[-75.87156929404806,45.28409651637891],[-75.87122077915885,45.284177602316724],[-75.87148956407502,45.28475320668863],[-75.8715044976683,45.28478518664484],[-75.87155752881279,45.28489674091873],[-75.87082716165585,45.28506414744667],[-75.87077816933689,45.284954203302426],[-75.87050338636959,45.28436575087624],[-75.8704944481325,45.284346610671825],[-75.86990368096737,45.28448401637702],[-75.87027159677176,45.285271926583626],[-75.87009256163732,45.28541458666412],[-75.86997980869612,45.28555978715094],[-75.86991840704981,45.28572770556203],[-75.86991691764308,45.2858623023509],[-75.86992572113287,45.28614277850732],[-75.86995845125026,45.286461482980464],[-75.86995786644698,45.28646628823649],[-75.86995725379597,45.28647109159602],[-75.86995661060223,45.286475893059084],[-75.86995593596747,45.286480693257694],[-75.8699552343832,45.28648548966378],[-75.86995450135794,45.286490284805424],[-75.86995373958659,45.2864950780506],[-75.86995294906912,45.28649986813526],[-75.86995212711065,45.28650465632347],[-75.8699512773044,45.286509441983206],[-75.8699503969554,45.28651422511441],[-75.86994948786035,45.28651900508515],[-75.86994854912088,45.286523782527354],[-75.86994758073699,45.28652855617707],[-75.8699465827087,45.28653332729831],[-75.86994555683266,45.286538095891075],[-75.86994449951555,45.286542860691284],[-75.86994341345239,45.286547622331],[-75.86994229774481,45.28655238017823],[-75.86994115418946,45.28655713549697],[-75.8698531183933,45.286819566661094],[-75.86965962038279,45.2870254711327],[-75.86945385947031,45.287186312980126],[-75.86933572112899,45.28725960747997],[-75.8696590760037,45.28785381400273],[-75.86977282158331,45.28806281659205],[-75.8697962083234,45.288105789635395],[-75.8698761943163,45.28825278506887],[-75.86998361845124,45.28845016309727],[-75.87028146656179,45.28899747341264]]]},"properties":{"ZONE_CODE":"IP4","ZONE_MAIN":"IP","ZNAME_EN":"Industrial Zone","LABEL":null}},{"type":"Feature","geometry":{"type":"Polygon","coordinates":[[[-75.6250869215141,45.451756713657645],[-75.62484201291986,45.45129756940259],[-75.62471869668923,45.45106160989867],[-75.62468738141843,45.4508139947248],[-75.62465759597855,45.45046744231655],[-75.62468217478303,45.45026291780984],[-75.62475285692453,45.450067037586145],[-75.62481312579526,45.44995941708119],[-75.62485642998183,45.4498469974125],[-75.62485666264551,45.449846394312935],[-75.6228330879921,45.4504593821708],[-75.62373591551389,45.45212013543212],[-75.62373608080391,45.45212001885017],[-75.6237952312721,45.452104106986894],[-75.62493753527558,45.4517968086406],[-75.6250869215141,45.451756713657645]]]},"properties":{"ZONE_CODE":"IP14[3089] H(50)","ZONE_MAIN":"IP","ZNAME_EN":"Industrial Zone","LABEL":null}},{"type":"Feature","geometry":{"type":"Polygon","coordinates":[[[-75.93826156551907,45.30307029822041],[-75.93836303921357,45.303001699113075],[-75.93880066248738,45.30272991893418],[-75.93906021721398,45.30293381895385],[-75.93945343766161,45.302689424307715],[-75.93970146251158,45.302535421254014],[-75.9414919737561,45.301423621878506],[-75.94435821934997,45.29964985513773],[-75.94487468775628,45.29932883437639],[-75.9444481281335,45.29897762302992],[-75.94425040893947,45.29910041202628],[-75.94423166469275,45.29911205252284],[-75.94421719732509,45.29912103659347],[-75.94418676869148,45.2991399342257],[-75.94368754075211,45.29944996962367],[-75.94316388492524,45.29902873843751],[-75.94306992384145,45.298953155305114],[-75.94298419671557,45.29888419546623],[-75.94344053818496,45.2986032319424],[-75.9435968567225,45.29850698807412],[-75.94374465833283,45.29841598744818],[-75.9463823006532,45.296769822366464],[-75.94647486755167,45.296844538275536],[-75.94651691499517,45.296878357841194],[-75.94749567261634,45.29766386529115],[-75.94751904049184,45.29768261870485],[-75.94751957229448,45.29768373400133],[-75.94897501283634,45.29677390953566],[-75.94897137915102,45.29677049155512],[-75.94784355239663,45.29586919720854],[-75.94788664008925,45.29584156982359],[-75.94792684149485,45.29580713225669],[-75.9478997671705,45.29575288974472],[-75.94653131948074,45.29463638472378],[-75.94640136470017,45.294716626504346],[-75.94634721066159,45.2947501105211],[-75.94570464933213,45.295147391970524],[-75.94562464357628,45.29519685771844],[-75.94449783730808,45.295899920336176],[-75.94231639003168,45.2972565580415],[-75.94230667834515,45.29726255288391],[-75.94230350639387,45.29726003539142],[-75.94202745051379,45.29733453517668],[-75.93970521118125,45.29861060731272],[-75.93960978045367,45.298678383963875],[-75.93946992534035,45.29877771050258],[-75.93846157631538,45.29941009758062],[-75.9380382955434,45.29967428085826],[-75.93576362380178,45.30110215243108],[-75.93592002049274,45.301228422779076],[-75.93611313761758,45.30139383688858],[-75.93826156551907,45.30307029822041]]]},"properties":{"ZONE_CODE":"IP13","ZONE_MAIN":"IP","ZNAME_EN":"Industrial Zone","LABEL":null}},{"type":"Feature","geometry":{"type":"Polygon","coordinates":[[[-75.7088016891041,45.29756648178129],[-75.70877382156736,45.297650252348696],[-75.70873891573038,45.2977326989713],[-75.7086971000522,45.297813529087705],[-75.70865013612915,45.29789003756787],[-75.7085969765256,45.29796450050751],[-75.70853780539613,45.29803666894928],[-75.70847281857354,45.298106299623704],[-75.70840223165347,45.29817316126819],[-75.70832628179113,45.29823702893977],[-75.70824522590473,45.298297689070054],[-75.70815933348884,45.298354937569265],[-75.70806889110604,45.29840858361757],[-75.7079742041835,45.29845844840109],[-75.70787558892826,45.29850436258419],[-75.70777337412365,45.298546174523615],[-75.70618817104068,45.29915178892136],[-75.70595224470098,45.299223260153354],[-75.70596098261375,45.299233828958286],[-75.70662003521522,45.30035744420762],[-75.70661688033192,45.300583610795194],[-75.70654625837756,45.300809308271376],[-75.70637410164323,45.30105810938886],[-75.70605063897068,45.301270144249884],[-75.70550823260888,45.301456846034014],[-75.70523654254109,45.3015542651964],[-75.70566950535522,45.30230590735806],[-75.70573927391005,45.30242702613544],[-75.70577110930542,45.30248565672784],[-75.70577268495042,45.302485027412686],[-75.70623685254256,45.302309851331394],[-75.70662909562316,45.30216181819277],[-75.71717209929339,45.29812667242797],[-75.71609509023463,45.29622169352886],[-75.71490327109268,45.29662901137145],[-75.71439292739998,45.29572074914561],[-75.71415993585633,45.29549295745122],[-75.71380855893463,45.295288160514254],[-75.71197386944274,45.295013614704565],[-75.71147623780963,45.29684349499974],[-75.7114731026893,45.297069660438204],[-75.71145508248469,45.29715286934682],[-75.7112896208942,45.29718183130109],[-75.71005086657527,45.297295680269386],[-75.70989658811175,45.29727349171619],[-75.70892657648817,45.297133978003224],[-75.7088016891041,45.29756648178129]]]},"properties":{"ZONE_CODE":"IL9[2707]","ZONE_MAIN":"IL","ZNAME_EN":"Industrial Zone","LABEL":null}},{"type":"Feature","geometry":{"type":"Polygon","coordinates":[[[-75.71336429800917,45.327433009324245],[-75.71315993936689,45.327199501162276],[-75.71294425656211,45.32729411045463],[-75.71190521569714,45.327593932340896],[-75.71220804227102,45.32794022148989],[-75.71336429800917,45.327433009324245]]]},"properties":{"ZONE_CODE":"IG5","ZONE_MAIN":"IG","ZNAME_EN":"Transportation Zones","LABEL":null}},{"type":"Feature","geometry":{"type":"Polygon","coordinates":[[[-75.64365088443984,45.41051990035503],[-75.64342703505082,45.41115556915593],[-75.64341503984681,45.411189643991094],[-75.64337036393279,45.411302545547706],[-75.6438524735761,45.41139249077641],[-75.64413426340263,45.411436241812254],[-75.64413524526125,45.41143298462302],[-75.64414112832804,45.4114134597717],[-75.64414253958135,45.4114087811469],[-75.64418213192918,45.41127739859484],[-75.64421044952189,45.411183431025094],[-75.64437463999626,45.41063858429129],[-75.64401067767741,45.41058061556575],[-75.64371215852537,45.4105288881981],[-75.64365088443984,45.41051990035503]]]},"properties":{"ZONE_CODE":"IG3","ZONE_MAIN":"IG","ZNAME_EN":"Transportation Zones","LABEL":null}},{"type":"Feature","geometry":{"type":"Polygon","coordinates":[[[-75.8744535454735,45.28738955409135],[-75.87456823697907,45.28728524504821],[-75.87452910277204,45.287260761534185],[-75.87451127660354,45.28724960462232],[-75.87449307044768,45.28723820248743],[-75.8736865108833,45.286733374634],[-75.87365662752707,45.286714670688916],[-75.87278804378391,45.28738475649765],[-75.872908002112,45.28745697316405],[-75.87379809511633,45.28800580608003],[-75.87379809511633,45.288005804815995],[-75.8740117908477,45.2877972880294],[-75.87417654456574,45.287641481857726],[-75.87417661553266,45.28764141360085],[-75.87417671344902,45.28764132511974],[-75.87433765112375,45.28749307735471],[-75.8744535454735,45.28738955409135]]]},"properties":{"ZONE_CODE":"IP4[1752]","ZONE_MAIN":"IP","ZNAME_EN":"Industrial Zone","LABEL":null}},{"type":"Feature","geometry":{"type":"Polygon","coordinates":[[[-75.49410233295646,45.45460561102819],[-75.4937954091666,45.45408604215828],[-75.49333991211357,45.45332903131434],[-75.49326658712852,45.45320680424212],[-75.49314643027274,45.45300649600603],[-75.49304353274853,45.45283133757008],[-75.49373925008831,45.45263138467493],[-75.49453323773027,45.45240533323612],[-75.49453333115505,45.45240530613885],[-75.4965418203999,45.45113354793886],[-75.49673499771185,45.451011224731644],[-75.4998160493548,45.44906013097313],[-75.49994167245907,45.449270158376365],[-75.50012412658148,45.44921488562845],[-75.50035849883574,45.44959269677646],[-75.50054900006647,45.44953496277721],[-75.5007091032063,45.44948644101451],[-75.50071374210644,45.44948503503352],[-75.50081667376664,45.449453840018165],[-75.500828385103,45.44945028945714],[-75.50036980233698,45.44871005940517],[-75.50012332079268,45.44831218637811],[-75.50002423122694,45.448374936876654],[-75.5000221004231,45.44837628616598],[-75.49302788409628,45.45280484480689],[-75.4912643824974,45.4539209852714],[-75.48702465595322,45.45660068204486],[-75.48703884484314,45.45659661460304],[-75.48714849769829,45.45656521369014],[-75.48737745311138,45.45649964619868],[-75.48755974014716,45.456815336696906],[-75.48736444191282,45.45693879161132],[-75.48787366540635,45.4578196934303],[-75.487875108999,45.45782219307277],[-75.48792324252855,45.45790554824012],[-75.48815205600785,45.45784110075027],[-75.48888671262024,45.45891130327318],[-75.48889703695781,45.45892685406075],[-75.4889291220848,45.45895542200567],[-75.48896908453852,45.458983414028346],[-75.48901116432138,45.45900396208596],[-75.48906108549836,45.45902061740554],[-75.48910844647676,45.459031200490344],[-75.48916159979213,45.45903466979599],[-75.48921395181026,45.459032580399466],[-75.48925810131152,45.459026314099624],[-75.48929136592649,45.45901843349415],[-75.4895909109546,45.45893401321844],[-75.49123204045222,45.458471475699604],[-75.49244133362309,45.45813062680293],[-75.49190499178776,45.45720269800873],[-75.49320518907548,45.45683603425296],[-75.49295334279232,45.45640052449091],[-75.49290969724593,45.456413746399825],[-75.49202991510442,45.45665856571171],[-75.49180770873406,45.45672038505693],[-75.49180414242238,45.45672137686785],[-75.49156988784743,45.45678654838579],[-75.49156632243407,45.45678754019554],[-75.491563074126,45.45677681428235],[-75.49155991654776,45.456766072614094],[-75.4915568380213,45.45675532023175],[-75.49153025507542,45.45667133135186],[-75.49149799747187,45.456588334160145],[-75.49146013887254,45.456506517067936],[-75.49141676551567,45.45642606722742],[-75.49137163505411,45.45634801678998],[-75.49127222568814,45.456318225079976],[-75.49122377774823,45.456162292672765],[-75.49122230990106,45.456157602003096],[-75.49014299756193,45.45659246524495],[-75.49008606323754,45.45648965873598],[-75.48971124927007,45.45584086873637],[-75.48990841420357,45.45578536864887],[-75.49082841841191,45.455525363083424],[-75.49088632920503,45.45550899659344],[-75.49099965437306,45.455704280085264],[-75.49113090093101,45.45593044495716],[-75.49115620467593,45.45591822106129],[-75.49117332566694,45.455909122609555],[-75.49122006501116,45.455891927609265],[-75.4912701829192,45.455880373534],[-75.49132231934165,45.45587477293207],[-75.49137505224544,45.45587527829694],[-75.49139596682191,45.45591144716046],[-75.49144991963786,45.45588705480938],[-75.49146150880335,45.45588181590314],[-75.49146201006327,45.45588158905606],[-75.4919805787307,45.4556471452975],[-75.49198686334444,45.45564430402639],[-75.49235922491117,45.45547595735347],[-75.49236525889492,45.45547322886793],[-75.49263477503975,45.45535137822348],[-75.49388707954641,45.45467405480954],[-75.4938805326246,45.454663009641365],[-75.49393289182926,45.45464821007041],[-75.49393693963793,45.45464706635818],[-75.49409407204911,45.454602653127736],[-75.49409547252264,45.45460500356847],[-75.49410233295646,45.45460561102819]]]},"properties":{"ZONE_CODE":"IG7 H(21)","ZONE_MAIN":"IG","ZNAME_EN":"Transportation Zones","LABEL":null}},{"type":"Feature","geometry":{"type":"Polygon","coordinates":[[[-75.74951396300786,45.378118546975216],[-75.74966253716933,45.37837207740727],[-75.75017749910089,45.37822240869209],[-75.75017301201605,45.378214754687185],[-75.75002886205733,45.37796895709508],[-75.74999288902178,45.377979413407],[-75.74963271579684,45.378084086213704],[-75.74951396300786,45.378118546975216]]]},"properties":{"ZONE_CODE":"IG3[2468]  H(10.7)","ZONE_MAIN":"IG","ZNAME_EN":"Transportation Zones","LABEL":null}},{"type":"Feature","geometry":{"type":"Polygon","coordinates":[[[-75.61158740144539,45.401160993742806],[-75.6116027015513,45.40114860092541],[-75.6116909736044,45.40107710438258],[-75.61174128015861,45.40103635649112],[-75.61184410312266,45.40095307435252],[-75.61182105414912,45.40093897406463],[-75.61061425919304,45.400200734085594],[-75.61057130534941,45.40017445755783],[-75.61051347181144,45.4001390767259],[-75.61004540283602,45.399852734201325],[-75.60923339409113,45.39935597345737],[-75.60918325372525,45.39939675220654],[-75.60913062143273,45.399439556300074],[-75.6089791699674,45.3995627286657],[-75.60897133216656,45.39956907158488],[-75.60438727418746,45.39678298618113],[-75.60353431574033,45.395969002912224],[-75.60352872193107,45.395965580192275],[-75.60334202237064,45.39585134348448],[-75.6023444540274,45.395240947996335],[-75.60214580777199,45.39511938991298],[-75.6022416580128,45.395081172949325],[-75.60220897550614,45.3950584631637],[-75.60217694876964,45.395035296031544],[-75.60214558768475,45.395011680383654],[-75.60211490662454,45.39498762505076],[-75.60208491726708,45.394963141386924],[-75.6020556312905,45.39493823822299],[-75.60202706127122,45.39491292565132],[-75.60199921798898,45.394887214395176],[-75.60197211402023,45.394861113916264],[-75.60194575924642,45.394834635568564],[-75.6019201617524,45.39480778881385],[-75.60189533770784,45.39478058626776],[-75.60187129250264,45.39475303865368],[-75.60184803781488,45.39472515543329],[-75.6018255817294,45.39469694922236],[-75.60180393502598,45.39466843074423],[-75.60178310578952,45.39463961135314],[-75.60176310120644,45.39461050366492],[-75.60174392936165,45.39458111903375],[-75.60172560013659,45.39455146881393],[-75.60171175619975,45.39452792992338],[-75.6017095912599,45.3945241469203],[-75.60170743979481,45.39452036139366],[-75.60170530180444,45.39451657145107],[-75.60170317639047,45.39451277835414],[-75.60170106534956,45.39450898021044],[-75.60169896868167,45.39450517891244],[-75.6016968836919,45.39450137446005],[-75.6016948139735,45.39449756622249],[-75.60169275772981,45.39449375419981],[-75.60169071675749,45.39448993776117],[-75.60168868746325,45.39448611816819],[-75.60168667074544,45.394482295420815],[-75.6016846701973,45.39447846825753],[-75.60168268222557,45.394474637309074],[-75.6016807086269,45.394470803837045],[-75.60167874850295,45.394466966579884],[-75.60167680185373,45.394463126168425],[-75.60167486957755,45.394459281340914],[-75.60167295077609,45.39445543462075],[-75.60167104544938,45.39445158348458],[-75.60166647122796,45.39444220702353],[-75.60164832166596,45.3944029929106],[-75.6016316031202,45.39436346462316],[-75.6016163272688,45.394323648024226],[-75.60160250129827,45.394283568345834],[-75.60159013958163,45.39424325271273],[-75.60157924481388,45.39420272635709],[-75.60156982687643,45.3941620170346],[-75.60156189295583,45.394121151239354],[-75.60155544574705,45.39408015672702],[-75.60155049063995,45.3940390580995],[-75.60154703122778,45.39399788374341],[-75.6015450684089,45.393956660784035],[-75.60154460577651,45.393915416977464],[-75.60154564153403,45.3938741769257],[-75.60154817568147,45.393832969015875],[-75.60155220732044,45.39379182037344],[-75.60155773195945,45.393750758124014],[-75.6015647469035,45.39370981002409],[-75.60157324855935,45.39366900067611],[-75.60158322974046,45.393628357836704],[-75.60159605947936,45.39358339822287],[-75.60161069842522,45.393538716767964],[-75.60162713759493,45.39349434564477],[-75.60164536351371,45.39345032333467],[-75.60166536091027,45.39340668390308],[-75.60168711271656,45.39336346393901],[-75.60171060366123,45.39332069750824],[-75.60173581128643,45.39327841930739],[-75.60176271762582,45.39323666403324],[-75.60179130111985,45.39319546575183],[-75.60182153661567,45.39315485663678],[-75.60185340075712,45.39311487075422],[-75.60188686839135,45.39307554090879],[-75.60192191077226,45.3930368986435],[-75.60195850184871,45.39299897360885],[-75.60199660928139,45.392961798609655],[-75.60203620432418,45.392925403296566],[-75.60207725284108,45.3928898166895],[-75.60211972249276,45.39285506843913],[-75.6021635809399,45.392821185673036],[-75.60217629838937,45.392811715577864],[-75.60218489616496,45.392805399026045],[-75.60219354424619,45.392799114646145],[-75.60220223903981,45.39279286433061],[-75.6022109832408,45.392786646817825],[-75.60221977325584,45.39278046273863],[-75.60222861267825,45.39277431335473],[-75.60223749881304,45.39276819740445],[-75.60224643255854,45.392762114887745],[-75.60225541211813,45.392756066435574],[-75.60226443749178,45.392750053940354],[-75.60227351047615,45.392744074247986],[-75.60228262837629,45.392738130512576],[-75.60229179298881,45.39273222084175],[-75.6023010025171,45.39272634712791],[-75.60231025606285,45.39272050874031],[-75.60231955452436,45.39271470504808],[-75.60232889879993,45.39270893794375],[-75.6023382879913,45.392703206165706],[-75.60234772030176,45.392697510344696],[-75.60235719573139,45.39269185048084],[-75.60269075007785,45.39252717418396],[-75.60293032806918,45.39243007484826],[-75.6031699060605,45.39233297534568],[-75.60398443188481,45.392002841088306],[-75.60430454204473,45.39187309397376],[-75.60490717954802,45.39155738833506],[-75.60526800584819,45.39142999200849],[-75.6051018202156,45.39132264764991],[-75.60483921301363,45.39142910061674],[-75.60468643204169,45.391491031806666],[-75.60448085258892,45.39157436511157],[-75.60421416164569,45.39168247042521],[-75.60391130093585,45.39180523450935],[-75.60359877255694,45.39193191776621],[-75.60340605158913,45.3920100358647],[-75.6031615957458,45.392109123077276],[-75.6028855201028,45.39222102692743],[-75.60266011123845,45.392312392912054],[-75.60239737018752,45.392421814637586],[-75.60226906740876,45.39247568325104],[-75.60213003605055,45.39251599888349],[-75.60202071377542,45.392547699133125],[-75.6018668656049,45.39259258387039],[-75.60186682607903,45.39259259522547],[-75.60181560863312,45.39260735619038],[-75.60173465605298,45.39262881348766],[-75.60165318334826,45.392649271531205],[-75.60157121567187,45.39266872527536],[-75.6014887799732,45.39268716778203],[-75.60140589781182,45.39270459400547],[-75.6013610691842,45.39271342255819],[-75.60132294917511,45.392720928877154],[-75.60127545255109,45.39272979212331],[-75.60122905815993,45.39273797469615],[-75.60122902222732,45.39273798163533],[-75.60122898449806,45.3927379879437],[-75.60119193617912,45.39274452151058],[-75.60110771193472,45.39275828066875],[-75.60102315711028,45.39277100273002],[-75.60093830045192,45.392782682648416],[-75.60085316890905,45.3927933166395],[-75.60076778493963,45.392802902811376],[-75.6006821772897,45.392811436748794],[-75.60059637290868,45.39281891782129],[-75.60051039425453,45.39282534224441],[-75.60051034664383,45.39282534476774],[-75.60042427007329,45.39283070749502],[-75.60033802461949,45.39283501294273],[-75.60025173335161,45.39283825606431],[-75.60025168753755,45.39283825858768],[-75.60016528308195,45.392840440014254],[-75.60007883730383,45.39284155974591],[-75.59999247147579,45.39284161589016],[-75.59999237715269,45.39284161589016],[-75.59990628980238,45.39284061412462],[-75.59990619547926,45.39284061160129],[-75.59985709087088,45.39283956630814],[-75.59977107987739,45.39283690797043],[-75.5996847823213,45.392833177213426],[-75.59959858986811,45.39282838539188],[-75.59951262289204,45.39282254133731],[-75.59951252946725,45.39282253565979],[-75.5994266271699,45.39281562675514],[-75.59934090812884,45.39280766246246],[-75.59925540019191,45.3927986465664],[-75.59917012941018,45.39278858032813],[-75.59908512003823,45.39277746627034],[-75.59900039812715,45.392765309439234],[-75.59891608135628,45.39275212497407],[-75.59891599242306,45.39275211172653],[-75.59883192538382,45.39273787880908],[-75.59874822395889,45.39272261320943],[-75.59866491240282,45.39270632186598],[-75.59866482616455,45.392706302940844],[-75.59858201766504,45.392689007301115],[-75.5984999197329,45.392670755307684],[-75.59845339328939,45.392659920056595],[-75.59845330974608,45.39265989986985],[-75.59837202119603,45.39264010105478],[-75.59829080451118,45.39261919511353],[-75.59821011783237,45.392597293072185],[-75.59812998721071,45.39257440249967],[-75.59805043510408,45.39255052970318],[-75.59797156571707,45.39252570685419],[-75.59797148666533,45.392525682882344],[-75.59789316525067,45.39249986834425],[-75.59781549511456,45.392473094919374],[-75.59773850140988,45.392445370176354],[-75.59766220569617,45.39241670231474],[-75.59758663222793,45.39238710205734],[-75.59751180256477,45.39235657571118],[-75.59743774006286,45.39232513462975],[-75.59736446897672,45.39229278764342],[-75.59729200996757,45.39225954358235],[-75.59721442517144,45.392222574382004],[-75.59714737851189,45.39218381104265],[-75.59708155984934,45.3921457580053],[-75.59700809742205,45.39210328588757],[-75.59694416701821,45.39206632352427],[-75.59687929158672,45.39202881545692],[-75.596823003151,45.39199627273928],[-75.59673618906365,45.39194608086286],[-75.5966688738078,45.3919071615151],[-75.5965675456404,45.39184861905414],[-75.59647904811018,45.39179749213222],[-75.59636698956669,45.39173269786321],[-75.59616973480166,45.39161864248406],[-75.59616907004835,45.39161890554782],[-75.59604001268474,45.391670102655404],[-75.59580562695577,45.39176276844416],[-75.59627194960626,45.39212199479441],[-75.59693744492495,45.39268750401786],[-75.5972336706781,45.39302599785603],[-75.59764226848675,45.393539241615976],[-75.59800450065035,45.39421053779487],[-75.59876423463221,45.395750466308336],[-75.5988433268014,45.39592078266117],[-75.59905227942808,45.396370740856625],[-75.5991263491165,45.39634118934912],[-75.59983534894607,45.396058309587445],[-75.60031516698709,45.39637257016306],[-75.60081395475197,45.39693580512184],[-75.60085571383628,45.39698297361315],[-75.60105950115005,45.39721309488168],[-75.60091561978761,45.39724729166893],[-75.59970023873407,45.39753613961828],[-75.60015917004642,45.39849168854277],[-75.60015942876122,45.39849841256823],[-75.60015958955967,45.398505138485234],[-75.6001596497468,45.398511863770615],[-75.60015961111924,45.398518590947546],[-75.600159473677,45.39852531623137],[-75.60015923652176,45.39853204088361],[-75.60015889965354,45.39853876301193],[-75.60015846576725,45.39854548198563],[-75.60015793126965,45.39855219843545],[-75.60015729885569,45.398558909838314],[-75.60015656672874,45.39856561619418],[-75.6001557357871,45.398572316872354],[-75.60015480692908,45.39857901124197],[-75.6001537783581,45.398585698672335],[-75.60015265187072,45.39859237853268],[-75.60015142836531,45.39859904829992],[-75.6001501051469,45.39860571049711],[-75.6001486831138,45.39861236197045],[-75.60014716496097,45.39861900271988],[-75.60014554709514,45.398625632114666],[-75.60074891223383,45.39988684550056],[-75.60075772560508,45.39989267179422],[-75.60076642129701,45.39989858387003],[-75.60077500020799,45.399904581097324],[-75.60078346054134,45.399910660952955],[-75.60079179960212,45.39991682343694],[-75.60080001649203,45.39992306728775],[-75.6008081085161,45.39992939124382],[-75.60081607477603,45.39993579341288],[-75.60082391437352,45.399942273164136],[-75.6008316246136,45.39994882986678],[-75.6008392054963,45.39995546162861],[-75.60084665342832,45.39996216655723],[-75.60085396930798,45.399968943391094],[-75.60086115044038,45.39997579213031],[-75.60086819502882,45.39998270962094],[-75.60087510307336,45.399989696493776],[-75.60088187277734,45.39999674896426],[-75.60088850144582,45.40000386892461],[-75.60089498818049,45.40001105195956],[-75.60090133387966,45.40001829806904],[-75.60246052983683,45.40326535096561],[-75.6043020833558,45.40709992225785],[-75.60440768031745,45.40732785551135],[-75.60452594711786,45.40755268179304],[-75.60465670319569,45.40777404922716],[-75.604799743735,45.40799161540297],[-75.60495484595363,45.40820504106757],[-75.60512177179804,45.40841399643225],[-75.60530025716353,45.408618153604195],[-75.60549002896225,45.40881719793784],[-75.60569079254678,45.40901081857469],[-75.60590223350678,45.409198716010785],[-75.6061240257538,45.40938059894285],[-75.60635582253813,45.40955618174544],[-75.60659726453368,45.40972519393004],[-75.60684797714295,45.409887371315605],[-75.60710756959882,45.41004246359583],[-75.60737564035433,45.41019022803231],[-75.60765177169289,45.41033043576046],[-75.60793553421978,45.41046286926635],[-75.60822648865884,45.41058732238654],[-75.6085241795642,45.41070360156874],[-75.60983523748371,45.410715631566795],[-75.60996928139548,45.41062602832628],[-75.61142217880676,45.410676590821005],[-75.6126110281184,45.41074126877312],[-75.6130430971088,45.410769554633085],[-75.61242716004772,45.40974573344376],[-75.61186834775386,45.40881682900387],[-75.61163675039553,45.40843184224043],[-75.61140515573213,45.4080468553757],[-75.61130433601116,45.40787925527752],[-75.61365460727214,45.40717869988641],[-75.61385172908653,45.407506826353085],[-75.61404885269752,45.40783495217505],[-75.61450256749302,45.4076994998024],[-75.61594079990729,45.407270116737195],[-75.61639430000542,45.407134724185575],[-75.61659030701055,45.40746045813996],[-75.61681976368358,45.40784177662603],[-75.61765402459636,45.40922813403257],[-75.61768989612229,45.40921742556413],[-75.61825045114777,45.410148891388296],[-75.6205062268274,45.409237175686606],[-75.6201459979069,45.40863769266566],[-75.6214946125918,45.40823556578961],[-75.62127452983877,45.407869420657775],[-75.62174409450913,45.40767985383334],[-75.62155981231513,45.40737495730543],[-75.62224872312,45.40716952293848],[-75.62197172311055,45.40706244939604],[-75.62194847471102,45.40705330017897],[-75.6219252415828,45.407044130778765],[-75.62190202372598,45.40703494119546],[-75.62187882203881,45.407025733951706],[-75.62185563562304,45.40701650526342],[-75.62183246447859,45.4070072589147],[-75.62180930770718,45.406997993013505],[-75.62178616980042,45.40698870629847],[-75.62176304447004,45.40697940255358],[-75.62173993620767,45.4069700773642],[-75.62171684321667,45.40696073514494],[-75.62169376639534,45.406951371481135],[-75.62167070484537,45.406941988895454],[-75.62164765946507,45.4069325880186],[-75.62162462935613,45.40692316758916],[-75.62160161631519,45.40691372760716],[-75.6215786185456,45.4069042687032],[-75.62155563604738,45.406894789616004],[-75.62153266971882,45.4068852934989],[-75.62150972045825,45.40687577656781],[-75.62136125229799,45.40681358347837],[-75.62130601309454,45.40679016447947],[-75.6212508691125,45.40676663320993],[-75.62119582125021,45.40674299093098],[-75.62114086950764,45.40671923827319],[-75.62108601657975,45.406695373975026],[-75.6210312588733,45.406671398667044],[-75.62097660087984,45.4066473123491],[-75.62092203990443,45.406623116913075],[-75.62086757864202,45.40659880983616],[-75.62081321619429,45.406574393640845],[-75.62075895345956,45.40654986769643],[-75.62070479133612,45.40652523200267],[-75.62065072892568,45.406500486559445],[-75.6205967689232,45.40647563199732],[-75.62054291043034,45.40645066894682],[-75.62048915434544,45.406425596146406],[-75.62043549887181,45.40640041485732],[-75.62038194760281,45.40637512634081],[-75.6203284987417,45.406349728074],[-75.62027515408519,45.40632422257942],[-75.61999377299212,45.406187057425775],[-75.61995675791083,45.40616867797877],[-75.61991979403352,45.40615024554814],[-75.61988288495343,45.40613176076454],[-75.61984602977229,45.406113223627905],[-75.61980922579508,45.4060946335075],[-75.61977247661513,45.40607599103396],[-75.61973577953746,45.40605729746859],[-75.61969913725703,45.40603855091928],[-75.6196625488755,45.40601975201669],[-75.61962601349458,45.40600090202216],[-75.61958953291088,45.40598199904353],[-75.6195531053278,45.405963044972815],[-75.61951673433857,45.40594403854861],[-75.61948041634996,45.405924981662906],[-75.61944415226026,45.4059058724236],[-75.6194079438661,45.40588671146129],[-75.61937179206579,45.40586749940668],[-75.6193356932661,45.40584823625966],[-75.61929965106027,45.405828921389535],[-75.61926366365168,45.40580955542695],[-75.61921470007881,45.40578307905619],[-75.61916583981218,45.405756508069445],[-75.61911708464847,45.405729841835864],[-75.61906843279098,45.40570308224743],[-75.61901988603641,45.40567622741188],[-75.61897144528302,45.405649279221215],[-75.61892310873421,45.405622236413876],[-75.61887487908493,45.4055951002511],[-75.61882675453852,45.405567871994194],[-75.61877873599332,45.40554054912022],[-75.61873082614427,45.4055131341518],[-75.61868302229642,45.4054856251967],[-75.61863532714474,45.40545802477764],[-75.61858773979087,45.40543033163302],[-75.61854026023485,45.40540254702413],[-75.61849288847667,45.40537467032012],[-75.61844562810957,45.40534670152091],[-75.61839847554029,45.40531864125697],[-75.61835143346381,45.40529049015891],[-75.6183045009818,45.405262246965236],[-75.6182762489661,45.405245006254766],[-75.61814914543824,45.40516743182244],[-75.61741121805989,45.40471704731457],[-75.61730789473424,45.404653769562266],[-75.61653595713923,45.40418100785363],[-75.61635072003607,45.404067564158225],[-75.61575774211703,45.40370529486474],[-75.61479488557468,45.40312074850383],[-75.61308478163292,45.40207591272187],[-75.61297454397452,45.40216520217657],[-75.61292426436975,45.40220592780908],[-75.61283347254229,45.40227946585585],[-75.6124393016771,45.40259683726197],[-75.61240339242192,45.402625749726546],[-75.61230640850722,45.40271102879641],[-75.6122913141155,45.40270376852559],[-75.61221060138554,45.402678142177855],[-75.61208210457067,45.402471575604245],[-75.612063292052,45.402440254312175],[-75.61204726251405,45.402413568852836],[-75.61194274083581,45.40223955644074],[-75.61190790237245,45.40218155323551],[-75.61169890752497,45.40183360591867],[-75.61187455690911,45.40169163500704],[-75.61133820788726,45.40136283014621],[-75.61142737466236,45.40129060789229],[-75.61147767852164,45.40124986393927],[-75.61155006027566,45.40119123780678],[-75.61158740144539,45.401160993742806]]]},"properties":{"ZONE_CODE":"IH","ZONE_MAIN":"IH","ZNAME_EN":"Industrial Zone","LABEL":null}},{"type":"Feature","geometry":{"type":"Polygon","coordinates":[[[-75.96714697163337,45.25919306146342],[-75.97116878485592,45.25662972193527],[-75.97073227818801,45.25469782804921],[-75.97063644591348,45.25427367176734],[-75.9705985432967,45.25410591006513],[-75.9705123849795,45.253724565685474],[-75.9690299949791,45.24716259292522],[-75.96544773730655,45.24939646361278],[-75.96596867752632,45.24982065252621],[-75.96695678481298,45.25062521438183],[-75.9656227470902,45.25145790207563],[-75.96496934938345,45.251827571636284],[-75.96496895142978,45.251826812115674],[-75.9649477637655,45.25180988005226],[-75.96493197048447,45.25181967603639],[-75.96446645272447,45.25210842092117],[-75.96446084184721,45.252111901038695],[-75.96440546609982,45.25207156821542],[-75.96439826161124,45.25206631926098],[-75.96414665877154,45.25188305961754],[-75.96413514865779,45.25187467644004],[-75.96380028007606,45.251630765022654],[-75.96378973115968,45.25162307998762],[-75.96337606146292,45.25132176660093],[-75.96337248796472,45.25131916359114],[-75.9631182279084,45.25113396192142],[-75.96311576921946,45.25113217029091],[-75.96311377585785,45.25113071700217],[-75.96311164595231,45.25112916758641],[-75.96290742295561,45.25098040956125],[-75.95957234930988,45.25305968599861],[-75.96212600723605,45.255127659214395],[-75.9621350433895,45.25512052860881],[-75.96214193526434,45.25511509148987],[-75.96221480031198,45.255057600153656],[-75.96222439521755,45.25505208018811],[-75.9623497003182,45.254979999974104],[-75.96235714375865,45.254975040914765],[-75.96241611815705,45.254935747847654],[-75.96251389977571,45.254870599558686],[-75.96275090050051,45.25475609946703],[-75.96296989988531,45.25467769955334],[-75.96315919917018,45.25459059993447],[-75.96339570043168,45.25454359982833],[-75.96359369990007,45.25449690006243],[-75.96380240010014,45.2544501003425],[-75.9639471007261,45.25446240008617],[-75.96405289531711,45.254518532414615],[-75.96418100046652,45.25458650024026],[-75.96432210064482,45.25466180037633],[-75.96450010002174,45.25473230005801],[-75.96465640059297,45.25478949956678],[-75.96480120003363,45.25480180050171],[-75.96502229967956,45.25473689994987],[-75.965277599985,45.254667200228575],[-75.96555800011778,45.254619799892],[-75.96584250016151,45.25455889954557],[-75.96602039982544,45.25454840019884],[-75.96631160040289,45.254528000360395],[-75.96649787236525,45.254507825008396],[-75.9666772605376,45.254653561158236],[-75.96669441027468,45.254667493650686],[-75.96673139481325,45.25469753905391],[-75.96677470079646,45.254732722484164],[-75.96715539962734,45.2550419995622],[-75.96716410070921,45.2550052998968],[-75.96710399982344,45.25494130007552],[-75.96713169937522,45.25490560012608],[-75.96719169964966,45.254925700084456],[-75.96721919977546,45.25495930054635],[-75.96725040006191,45.25498119958327],[-75.96729939956741,45.254992199688296],[-75.96738680025466,45.254979999974104],[-75.9674332000357,45.254948700094104],[-75.9675098999913,45.25492410018242],[-75.96767369969852,45.25489059961457],[-75.96783210053088,45.25484360038911],[-75.96792720067843,45.25482669957903],[-75.96801530025498,45.2548076999158],[-75.96812019922567,45.254788000208364],[-75.9681783004616,45.25478099982916],[-75.9682778005574,45.25476770037105],[-75.96835899927595,45.254768600239395],[-75.968459500095,45.25476720016315],[-75.96849969970395,45.25474910034867],[-75.96850550012574,45.254717300133066],[-75.96844180058895,45.25468689997791],[-75.9683839993903,45.254690599371536],[-75.96830209998585,45.254696399514344],[-75.96822639985517,45.25468900009527],[-75.96818760071974,45.25467170021043],[-75.96811589899038,45.25467120000168],[-75.9680949996853,45.25462120060428],[-75.968080199941,45.254579799582515],[-75.96801579971829,45.25455619993056],[-75.96801940016593,45.25452259986253],[-75.96809760030806,45.254484499778286],[-75.96810369897051,45.254427399877976],[-75.96814860036166,45.25438760052929],[-75.96814880697418,45.25438676895178],[-75.96817569983885,45.25438159989099],[-75.96839569994688,45.25432130004928],[-75.96862759913915,45.25416180054407],[-75.96870119092387,45.25410159406142],[-75.96875389957314,45.25409220003322],[-75.96882850106424,45.254065799359196],[-75.96890179909985,45.254118699978825],[-75.9689474990933,45.25413799962125],[-75.96897800049047,45.25418859957322],[-75.96901100010241,45.25423759955878],[-75.96904920095987,45.254305500056006],[-75.96902850018247,45.254365199787294],[-75.96897109963245,45.25440939987092],[-75.96898289990202,45.254433700258545],[-75.96894199960714,45.254480499992034],[-75.96889670026229,45.254501700436926],[-75.9688689998122,45.25451550016746],[-75.96885440039219,45.254539999708285],[-75.96877109961589,45.254581199663384],[-75.96872609941006,45.25459899978518],[-75.96868009937931,45.25462699948939],[-75.96866260019758,45.254656499806494],[-75.968629399363,45.25469859954657],[-75.96865029956638,45.25472670038161],[-75.96871869998708,45.254713500193596],[-75.9687566996219,45.254693599990624],[-75.96880899953774,45.25467440045234],[-75.96885179976945,45.25466120025221],[-75.96891300019313,45.25464760038771],[-75.96892965765345,45.254642517986106],[-75.96897080049345,45.254722400234485],[-75.968910999645,45.25477830022471],[-75.96887729934711,45.25481450046166],[-75.9688338999391,45.254856600084565],[-75.96882120045593,45.25489180049035],[-75.96881079976157,45.25493340048188],[-75.96882426460937,45.25495233054213],[-75.96883371398783,45.25496736771491],[-75.96879410008044,45.25498400035757],[-75.96866359912417,45.25508410028116],[-75.96860810479919,45.255118104101534],[-75.96858209497843,45.25510576782244],[-75.96856615796698,45.25509821036406],[-75.96855522636828,45.255093025558786],[-75.96851490099519,45.25507390014288],[-75.96843490062925,45.25509489990482],[-75.96841780029949,45.25519960011974],[-75.96832550020069,45.25525170036915],[-75.96820350000195,45.255274700246815],[-75.96812809990857,45.2552812996436],[-75.9680166001172,45.255290100313644],[-75.9679336990912,45.25525399966173],[-75.96788799999607,45.25526209967162],[-75.9677994997709,45.255308100041546],[-75.96782150041052,45.25535359953909],[-75.96784056625413,45.255373588674566],[-75.96785372208144,45.25538737997246],[-75.96786815261818,45.255402509988016],[-75.9678862680442,45.25542150312855],[-75.96788912019522,45.25542449169404],[-75.96790210085108,45.255438099593256],[-75.96787122485645,45.25549025780153],[-75.96786720040399,45.255491499768446],[-75.96775620007588,45.255530746920684],[-75.96771079922144,45.25554679951922],[-75.9675582006075,45.25558859949063],[-75.96755920043239,45.2556920998335],[-75.96759060014485,45.255903400011455],[-75.96759300044329,45.256042900040995],[-75.96756489934457,45.256191599908675],[-75.96742180041475,45.25618829963093],[-75.96726252282667,45.25613035787696],[-75.96710760027108,45.25607399949225],[-75.96687239977014,45.25591840025544],[-75.96666630019281,45.255834700221826],[-75.96649859910232,45.255741599985846],[-75.96636600057987,45.25567070063836],[-75.96619740027576,45.2555956004026],[-75.96598139946738,45.255538900642186],[-75.96573289940864,45.25549150040083],[-75.96557899913586,45.25545679993623],[-75.96537309988284,45.25545859965107],[-75.96500950048339,45.25546160022959],[-75.96484739949037,45.255463000288714],[-75.96458670031008,45.255469700209815],[-75.96434160037471,45.255507800265505],[-75.96414890006815,45.25551390006621],[-75.96392370051126,45.25552480015428],[-75.96367050046696,45.255553900350115],[-75.96344169956411,45.25559190043561],[-75.96321299927254,45.255634299855295],[-75.96303823922054,45.2556698380938],[-75.96302809993594,45.255671899600564],[-75.96294173949778,45.255697516661606],[-75.96292645466322,45.25570205007709],[-75.96288160896762,45.255715351845836],[-75.96285977182137,45.25572182914528],[-75.96285980505904,45.25572185570452],[-75.96714697163337,45.25919306146342]],[[-75.97001010007321,45.25433369973671],[-75.97001449732652,45.254353500782344],[-75.96995420060803,45.25441329974646],[-75.96996477467722,45.254442968387075],[-75.96997832666162,45.25448098945205],[-75.96999329978075,45.25452299952467],[-75.969987100507,45.25466010055157],[-75.96987269915725,45.25470080021105],[-75.96990075893345,45.25473730024288],[-75.96991050834923,45.25475846201709],[-75.96982459976367,45.254759199997785],[-75.96956140057196,45.254783999811096],[-75.96947120342921,45.25479980852442],[-75.96935020036045,45.25472360048142],[-75.96931920039832,45.25470929996067],[-75.96921070008165,45.25465920004912],[-75.96918930670316,45.254592375646446],[-75.9692273997628,45.254586199861606],[-75.96933429928158,45.25456439995544],[-75.96943530046224,45.25454240020992],[-75.96952210017659,45.25451140046783],[-75.96956810020734,45.25448349998983],[-75.96960389896972,45.25446170004425],[-75.9696447992646,45.25443690009019],[-75.9696498998988,45.25435730011352],[-75.96975080046813,45.254310899942126],[-75.96981642778954,45.25427555752326],[-75.96985849948754,45.25425289935846],[-75.96992229963566,45.254210400256035],[-75.96997646625066,45.25418371696279],[-75.96997649948833,45.254183699888515],[-75.97001010007321,45.25433369973671]]]},"properties":{"ZONE_CODE":"RG1","ZONE_MAIN":"RG","ZNAME_EN":"Rural Industrial Zone","LABEL":null}},{"type":"Feature","geometry":{"type":"Polygon","coordinates":[[[-75.61582975466345,45.411024231420306],[-75.61603411779733,45.41104605631928],[-75.61652670539013,45.41084694983975],[-75.6161062381416,45.41044220262449],[-75.6157010826771,45.409768914725184],[-75.61522172008193,45.40897229126467],[-75.61488842804353,45.4084183833092],[-75.61447373247071,45.4085421888324],[-75.61404885269752,45.40783495217505],[-75.61385172908653,45.407506826353085],[-75.61365460727214,45.40717869988641],[-75.61130433601116,45.40787925527752],[-75.61140515573213,45.4080468553757],[-75.61163675039553,45.40843184224043],[-75.61186834775386,45.40881682900387],[-75.61242716004772,45.40974573344376],[-75.61304309621048,45.410769554633085],[-75.61582975466345,45.411024231420306]]]},"properties":{"ZONE_CODE":"IG3","ZONE_MAIN":"IG","ZNAME_EN":"Transportation Zones","LABEL":null}},{"type":"Feature","geometry":{"type":"Polygon","coordinates":[[[-75.70171442438183,45.33090212053955],[-75.70244334884441,45.331048597692764],[-75.70322086587564,45.331212956654596],[-75.70322384019754,45.33120385641793],[-75.70322418065905,45.331203930306025],[-75.7034401329584,45.330615520172664],[-75.70364173916268,45.33024712414972],[-75.70390744375572,45.32997740458722],[-75.70255202163759,45.33054297639762],[-75.70172085901424,45.33089925278111],[-75.70171442438183,45.33090212053955]]]},"properties":{"ZONE_CODE":"IG5[1566]","ZONE_MAIN":"IG","ZNAME_EN":"Transportation Zones","LABEL":null}},{"type":"Feature","geometry":{"type":"Polygon","coordinates":[[[-75.52236953196696,45.25107185498308],[-75.5224242645206,45.25117032827667],[-75.52291018032577,45.252044508269066],[-75.5309116551228,45.248454153939285],[-75.53112011008278,45.2483606071138],[-75.53068806175364,45.24812073586268],[-75.52989879565679,45.247682528584164],[-75.52969064792062,45.247776241596355],[-75.52889611320464,45.24813394833462],[-75.52236953196696,45.25107185498308]]]},"properties":{"ZONE_CODE":"RG","ZONE_MAIN":"RG","ZNAME_EN":"Rural Industrial Zone","LABEL":null}},{"type":"Feature","geometry":{"type":"Polygon","coordinates":[[[-75.90447092855878,45.34543027588382],[-75.90530294368335,45.34546598012256],[-75.90563988378011,45.34552464069021],[-75.90597676009651,45.34538736270658],[-75.90645936560985,45.34536522896738],[-75.90676553391656,45.34528968552919],[-75.90775607833258,45.345339312082125],[-75.90800194812415,45.3454576486515],[-75.9083468922101,45.345452891959305],[-75.90852132258041,45.34534181607463],[-75.90913492492007,45.345316984495106],[-75.90943954542954,45.34518093780399],[-75.90964894541722,45.34499603171901],[-75.9098050546473,45.34478361304818],[-75.90913400145195,45.344573101590406],[-75.9088623967241,45.34352750494382],[-75.90889519960503,45.34352427919804],[-75.90892780485657,45.34352018150938],[-75.90896016756301,45.343515216297284],[-75.90899224011359,45.3435093911382],[-75.90902397759258,45.34350271360849],[-75.90905533508419,45.343495193809986],[-75.90908626497776,45.343486842475926],[-75.9091167241541,45.34347767223365],[-75.90914667129071,45.34346769634185],[-75.90917605967525,45.3434569274278],[-75.90920485068008,45.34344538190713],[-75.90923300028784,45.34343307682674],[-75.90926046897258,45.34342002860217],[-75.90928721990343,45.34340625680592],[-75.90931320996124,45.3433917810104],[-75.90933840680664,45.34337662268223],[-75.90936277181211,45.343360802025266],[-75.90938626904497,45.343344342400265],[-75.90940886706427,45.343327268430734],[-75.9094305326323,45.34330960284611],[-75.91104700068041,45.341939953001145],[-75.91103457338676,45.3419324860329],[-75.91102213172009,45.3419250310603],[-75.9110096729854,45.34191759060904],[-75.91099719808106,45.341910161522016],[-75.91098470880367,45.3419027469563],[-75.91097220245827,45.3418953450177],[-75.91095968084153,45.34188795633754],[-75.91094714485173,45.34188058154733],[-75.91093459179396,45.3418732187528],[-75.91092202346482,45.341865869216825],[-75.91090943986431,45.34185853357075],[-75.91089684189076,45.341851211183176],[-75.91088422684923,45.34184390205415],[-75.91087159743468,45.34183660555229],[-75.91085895274873,45.34182932230895],[-75.91084629099478,45.34182205295553],[-75.91083361486781,45.34181479686069],[-75.91082092346947,45.341807554024435],[-75.9108082176981,45.341800324446695],[-75.91079549575704,45.34179310812754],[-75.90917640911987,45.34316044369589],[-75.90914481177806,45.34318499020225],[-75.90901084152819,45.34325505726441],[-75.90885319348402,45.3432934740533],[-75.90874470754044,45.343298635014946],[-75.9085811081575,45.3432779292895],[-75.90843399106343,45.34322338052034],[-75.90633042682386,45.342124828026975],[-75.90632552381905,45.34212226390909],[-75.90632062261085,45.34211969789695],[-75.90631572230097,45.34211712935905],[-75.90631082468605,45.34211456018962],[-75.90630592886774,45.34211198786311],[-75.90630103574439,45.34210941427367],[-75.90629614441767,45.34210683878992],[-75.90629125488758,45.34210426141181],[-75.90628636715412,45.34210168213941],[-75.90628148121729,45.34209910097269],[-75.9062765979754,45.34209651728026],[-75.90627171742845,45.34209393232489],[-75.90626683688153,45.34209134547521],[-75.90626195992786,45.34208875609981],[-75.90625708477081,45.342086165461474],[-75.90625221141039,45.342083572928836],[-75.9062473398466,45.34208097850183],[-75.90624247097776,45.342078382180574],[-75.90623760390555,45.34207578333355],[-75.90623273862997,45.34207318322359],[-75.90620356045123,45.342057520684115],[-75.90617445773097,45.34204178805473],[-75.90614542957087,45.34202598596679],[-75.90611647956422,45.34201011442029],[-75.90608760501605,45.34199417404643],[-75.90605880682466,45.341978165476704],[-75.90603008678671,45.341962087448145],[-75.90600144310557,45.3419459405922],[-75.90597287847616,45.34192972554007],[-75.90594439200018,45.341913442923214],[-75.90591598277932,45.34189709211016],[-75.9058876526102,45.34188067310081],[-75.90585940239116,45.34186418652651],[-75.9058312294272,45.34184763238723],[-75.90580313820995,45.34183101194572],[-75.90577512694277,45.34181432267626],[-75.90574719562564,45.34179756773585],[-75.9057193451569,45.34178074649303],[-75.90569157553651,45.341763857684896],[-75.90566388586619,45.341746903205646],[-75.90620939321236,45.341227058929825],[-75.90592101963311,45.34102172130417],[-75.90575616620207,45.34082747437186],[-75.90549351228772,45.34017901307675],[-75.90546500335387,45.34018898765379],[-75.9054256858905,45.34020308099505],[-75.90538658581946,45.340217474258196],[-75.90534771032722,45.34023216554869],[-75.90530906390536,45.34024715297214],[-75.90527064835057,45.34026243526535],[-75.9052324708493,45.340278010533844],[-75.90519453589317,45.34029387751461],[-75.90515684617712,45.340310032418806],[-75.90511940798933,45.340326475246236],[-75.9050822240248,45.34034320347087],[-75.90504529967333,45.34036021582976],[-75.9050086394266,45.340377508534026],[-75.9049722468778,45.340395081583395],[-75.90493612651856,45.3404129311892],[-75.90490028373871,45.34043105671966],[-75.90486472123324,45.34044945438602],[-75.90482944349372,45.340468124188014],[-75.90479445591005,45.34048706107403],[-75.90475976027881,45.3405062650438],[-75.90472536288827,45.34052573483421],[-75.90471819702726,45.3405298422109],[-75.90471104553929,45.34053396158425],[-75.90470390752603,45.34053809169141],[-75.90469678208919,45.340542233163795],[-75.90468967012708,45.34054638726423],[-75.9046825707414,45.340550551467075],[-75.90467548662707,45.34055472766653],[-75.90466841419084,45.340558914599775],[-75.90466135612766,45.34056311352966],[-75.9046543124375,45.34056732319339],[-75.90464728042546,45.34057154422227],[-75.90464026458311,45.340575776616376],[-75.9046332595205,45.34058002100712],[-75.90462626972929,45.340584274868775],[-75.9046192934128,45.34058854072707],[-75.90461233057103,45.34059281858199],[-75.90460538120398,45.340597105907825],[-75.90459844531168,45.34060140523028],[-75.9045915237924,45.34060571591793],[-75.9045846175445,45.34061003797078],[-75.90432324103449,45.34077370809131],[-75.90407640016409,45.340928270856274],[-75.90374328778876,45.341136811972],[-75.9036086734468,45.34121895666838],[-75.90358358439921,45.3412338061831],[-75.90355839923193,45.34124857487339],[-75.90353311794486,45.341263262739325],[-75.9035077405381,45.34127786725527],[-75.90348226970653,45.341292391578456],[-75.90345670365355,45.341306831288996],[-75.90343104417576,45.34132118954405],[-75.90340529217151,45.341335463818],[-75.90337944674248,45.341349656005136],[-75.9033535105836,45.341363763579864],[-75.90332748189823,45.341377787173734],[-75.90330136427967,45.34139172615538],[-75.90327515323631,45.34140558052478],[-75.90324885415805,45.341419350282116],[-75.90322246524828,45.34143303479596],[-75.9031959883036,45.34144663343494],[-75.90316942242569,45.34146014746205],[-75.90314277030951,45.34147357498302],[-75.90311603015846,45.341486915366566],[-75.90308920287082,45.341500169244135],[-75.90307168841771,45.341508753229185],[-75.90305413803202,45.34151729995989],[-75.90303655171368,45.34152580943631],[-75.90301892946276,45.341534282289864],[-75.90300126948259,45.34154271725765],[-75.90298357626476,45.34155111623404],[-75.90296584621599,45.341559476693355],[-75.90294808203126,45.341567800529845],[-75.9029302819139,45.341576085849255],[-75.90291244676224,45.34158433454591],[-75.9028945765763,45.341592545988355],[-75.90287667225438,45.34160071828246],[-75.90285873289815,45.34160885395376],[-75.90284075940595,45.34161695237094],[-75.90282275177778,45.34162501227121],[-75.9028047100136,45.34163303365455],[-75.90278663411345,45.34164101841521],[-75.90276852497563,45.34164896402752],[-75.90275038170184,45.34165687112302],[-75.90273220519038,45.34166474033309],[-75.90248688876103,45.34176890134473],[-75.90245777436266,45.34178029693309],[-75.90242858270919,45.34179159654567],[-75.90239931829217,45.341802800813944],[-75.902369979315,45.3418139084752],[-75.90234056667597,45.341824920160896],[-75.9023110821717,45.34183583397685],[-75.90228152580224,45.3418466511859],[-75.90225189846585,45.34185737241956],[-75.90222219926423,45.34186799452087],[-75.90219243089236,45.34187851938407],[-75.9021625942485,45.341888946377814],[-75.90213268933269,45.34189927550213],[-75.90210271524661,45.34190950549431],[-75.90207267378688,45.341919637617195],[-75.90204256675014,45.34192967060804],[-75.90201239233974,45.34193960383549],[-75.90198215414895,45.34194943856239],[-75.90195184948286,45.34195917415741],[-75.90192148193468,45.34196880935778],[-75.90189105240273,45.34197834479491],[-75.9018039589393,45.34200497480883],[-75.90202113204914,45.34237484000928],[-75.90202262145588,45.34237737065164],[-75.90193811154721,45.34243027986607],[-75.90184334108137,45.342489628644564],[-75.90175798316308,45.34254306875806],[-75.90175649375632,45.342540534334766],[-75.90149366646713,45.34209295996745],[-75.90077753042095,45.34230185353345],[-75.90114452006229,45.34292716516958],[-75.90150192467954,45.34353612208489],[-75.9015361226441,45.34352615062313],[-75.90153812768379,45.34352753398754],[-75.90155024416035,45.34353590741408],[-75.90156611110322,45.343546876462064],[-75.90156567811525,45.343547665692974],[-75.90167101905705,45.343627933575654],[-75.90188128591898,45.343786325457536],[-75.90189143418672,45.34379375745528],[-75.90189160217169,45.34379398538418],[-75.90194299658572,45.34383213473295],[-75.90197953286496,45.343858297915496],[-75.90207911919904,45.34392960922662],[-75.90212416252402,45.343961867707975],[-75.90222190551513,45.34402646543209],[-75.90222196839721,45.3440264610124],[-75.90222436959397,45.34402809060257],[-75.9022384830254,45.344037417337766],[-75.90224783897908,45.34404360043451],[-75.90228481094123,45.34406813645587],[-75.90228465822763,45.344068265888566],[-75.90235331556649,45.34411426182381],[-75.90243634235661,45.34417195715281],[-75.90250225803722,45.34421669024933],[-75.90254594760106,45.34427958233459],[-75.90258213084239,45.34433211157708],[-75.90261128746157,45.344375655667044],[-75.90264954221793,45.344421478987215],[-75.90272177754656,45.34450801770073],[-75.902819587013,45.344625174078125],[-75.90284984047516,45.344668453397695],[-75.90280623445464,45.34471813858147],[-75.90274389047559,45.344793767386044],[-75.90271557827279,45.34485221272167],[-75.90269638576675,45.344921556696505],[-75.9026892944659,45.3450104951083],[-75.90273228154719,45.345010407979494],[-75.90293622606613,45.344914534605635],[-75.90300876143206,45.34488043559269],[-75.90302721731959,45.34487176183291],[-75.90318239948827,45.34499585935539],[-75.90319086161824,45.3450065433733],[-75.90319552117963,45.34506249332367],[-75.90320334370914,45.345156441409635],[-75.90320614106294,45.34516095631327],[-75.9032543401695,45.34523878925596],[-75.90329560967196,45.34530542862053],[-75.9033428376997,45.34537156218383],[-75.90337158199218,45.34541181922507],[-75.9034146651932,45.34554007750539],[-75.90341952867213,45.34555829041649],[-75.90344968781116,45.34567128900217],[-75.90345045766736,45.34567551470142],[-75.90345733157592,45.34571330101269],[-75.90346646564575,45.34576351562183],[-75.90347570841169,45.34581433566014],[-75.90347656540449,45.345823037055254],[-75.9034780880489,45.3458385148275],[-75.90347867375044,45.345844491273084],[-75.90356602503036,45.34581649238396],[-75.90365751484879,45.34575288288693],[-75.90382630290077,45.34563550218457],[-75.90423219318718,45.345566636394096],[-75.90447092855878,45.34543027588382]],[[-75.90630945026365,45.345222358588394],[-75.90608873779162,45.34522122023543],[-75.9060194354624,45.34502652428714],[-75.90557349828063,45.344952318899345],[-75.90526321658822,45.34484148889829],[-75.90516259808989,45.34480554560756],[-75.905127886289,45.344793144854414],[-75.90503767746814,45.34478727941911],[-75.90478802037934,45.344771040557355],[-75.9046436916559,45.3447616533314],[-75.90449935754256,45.344752266103896],[-75.90433851239432,45.34474180238658],[-75.90414021917681,45.3446969731051],[-75.90372092333143,45.34460217379724],[-75.90351899463198,45.3446213485908],[-75.90328075692706,45.344643968777675],[-75.90311518125051,45.344446456807084],[-75.90306787686598,45.344389831307694],[-75.90294974391453,45.34424895298671],[-75.9028749690486,45.34414002331951],[-75.90282113301362,45.344061599158216],[-75.90279401197688,45.34404069356464],[-75.90317559744496,45.343971310627985],[-75.9032087021598,45.3439693962838],[-75.9032764746581,45.34395296840472],[-75.90346864585695,45.34391802528809],[-75.90352367215966,45.34389948921372],[-75.9035918120689,45.343876532203275],[-75.90359185428972,45.34387651957564],[-75.90370430719362,45.34383863417422],[-75.9039943112151,45.3437409315948],[-75.90402919369592,45.343729179038505],[-75.90403310585897,45.34372786008005],[-75.90420360340495,45.343667012432654],[-75.90438519424637,45.34374284468392],[-75.90466996108975,45.343819848046664],[-75.90495405868825,45.343857713256426],[-75.90535824037899,45.34385125675129],[-75.90595415668732,45.34377681684294],[-75.9059842951651,45.343891843823116],[-75.90598471647498,45.34389314383634],[-75.90601543436611,45.34398818109896],[-75.90601795503879,45.34399597990183],[-75.9060401892404,45.344064780676845],[-75.90606035372359,45.34412715835762],[-75.90618332500114,45.344262436670185],[-75.90626167965348,45.34434863152702],[-75.90634003520414,45.344434825621235],[-75.9064399431351,45.344544728299255],[-75.90651357803893,45.344629928945764],[-75.9066836821228,45.344826764078405],[-75.90679469502732,45.34495522004008],[-75.90658095168524,45.34507179147689],[-75.90658154547164,45.34507271706197],[-75.90657167657993,45.34507871379218],[-75.90648716936622,45.345147865554026],[-75.9064800511159,45.345153691175895],[-75.90639559061457,45.34522280622693],[-75.90635668188467,45.345222603558426],[-75.90630945026365,45.345222358588394]]]},"properties":{"ZONE_CODE":"IP6[1549]","ZONE_MAIN":"IP","ZNAME_EN":"Industrial Zone","LABEL":null}},{"type":"Feature","geometry":{"type":"Polygon","coordinates":[[[-76.04138306579,45.39647746691066],[-76.04162159724403,45.396965461029346],[-76.04145760799229,45.397076256431774],[-76.04159897766516,45.39720594176876],[-76.04169909939517,45.39729778729114],[-76.04255364696202,45.39763282395789],[-76.04328071370858,45.397917872652634],[-76.04340512498555,45.39796664754531],[-76.04341816762515,45.39797176062763],[-76.0434704917955,45.397992274137756],[-76.04348880754583,45.39799945427449],[-76.04400494088054,45.398201799653265],[-76.04429796773294,45.39831667626008],[-76.04620993300051,45.39589592659845],[-76.04450773153832,45.39521087611197],[-76.04293270277427,45.394576968899685],[-76.04138306579,45.39647746691066]]]},"properties":{"ZONE_CODE":"RG[961r]","ZONE_MAIN":"RG","ZNAME_EN":"Rural Industrial Zone","LABEL":null}},{"type":"Feature","geometry":{"type":"Polygon","coordinates":[[[-75.62339084566379,45.38286552075327],[-75.62459179348568,45.38434063954517],[-75.6257230437196,45.38388328439227],[-75.62463495663675,45.38254677914877],[-75.62455489159211,45.382448430420595],[-75.62440424052569,45.38249644511965],[-75.62407519841692,45.38259881417171],[-75.62339084566379,45.38286552075327]]]},"properties":{"ZONE_CODE":"IL[1664]","ZONE_MAIN":"IL","ZNAME_EN":"Industrial Zone","LABEL":null}},{"type":"Feature","geometry":{"type":"Polygon","coordinates":[[[-75.55908440256935,45.3023454330097],[-75.55933267625264,45.30277748191799],[-75.5595809490376,45.303209526901966],[-75.55982922631414,45.30364157491167],[-75.55988764645201,45.30374323431221],[-75.56035500935161,45.30455649663567],[-75.56053500658172,45.304618844542865],[-75.56637978358675,45.30228943706471],[-75.56631402151807,45.302166047770534],[-75.56600706628717,45.3016312538915],[-75.56578876489336,45.30125090865268],[-75.56561290260848,45.30094595251272],[-75.5652621266597,45.300335752235846],[-75.56491184029277,45.29972634281582],[-75.56482419885702,45.299573866537685],[-75.56447366545336,45.298963939000245],[-75.56394831720048,45.29804981230326],[-75.56376867839819,45.29773722397464],[-75.56344923748316,45.29718135800675],[-75.56328094799613,45.29724939670945],[-75.56235542094544,45.29761671254175],[-75.55842214927054,45.29919675409236],[-75.5574883792788,45.299567820757744],[-75.5577427794723,45.30001058207593],[-75.55791801473309,45.30031555272491],[-75.55800417035536,45.300465498916594],[-75.55826702818727,45.30092296418954],[-75.55847127184524,45.30127841461326],[-75.55867571043758,45.30163420084929],[-75.55888005291021,45.301989817412945],[-75.55908440256935,45.3023454330097]],[[-75.56251838971102,45.30143593039984],[-75.56264983300002,45.301664652316376],[-75.56142408359145,45.302156356514644],[-75.56127859693963,45.30221402255884],[-75.5610155738177,45.30175633391824],[-75.56116119431852,45.30169890498458],[-75.56238694193043,45.30120720376938],[-75.56251838971102,45.30143593039984]]]},"properties":{"ZONE_CODE":"RH2","ZONE_MAIN":"RH","ZNAME_EN":"Rural Industrial Zone","LABEL":null}},{"type":"Feature","geometry":{"type":"Polygon","coordinates":[[[-75.74671817856989,45.3952245091389],[-75.74666081035922,45.39525598582494],[-75.74546648581594,45.39575292706786],[-75.74510902819809,45.39590382737581],[-75.74544613358486,45.396469180798235],[-75.74482937097204,45.39665180237277],[-75.74473804913858,45.39667884190458],[-75.74493952868039,45.39701611270803],[-75.74521668140342,45.397480052949334],[-75.74528115169474,45.39758797287046],[-75.74571351982414,45.39745975687346],[-75.74620211171055,45.39724999269263],[-75.74720959296292,45.396817452576194],[-75.74727638090766,45.39668065101569],[-75.74671817856989,45.3952245091389]]]},"properties":{"ZONE_CODE":"IG1[1571]","ZONE_MAIN":"IG","ZNAME_EN":"Transportation Zones","LABEL":null}},{"type":"Feature","geometry":{"type":"Polygon","coordinates":[[[-75.62323717805465,45.40909051303078],[-75.62296493192972,45.40918419650515],[-75.62206056559384,45.409495406152466],[-75.62204312390429,45.409501413082054],[-75.62197316041501,45.40952548430872],[-75.62195620022244,45.40953238044938],[-75.62172673276964,45.40962572011866],[-75.62064007490643,45.410067704433644],[-75.62056973412473,45.4100963135197],[-75.62094828418546,45.410560877264494],[-75.62102047100507,45.41053171282235],[-75.6241000413261,45.409287470136626],[-75.62438067232593,45.409143291752585],[-75.6248323407592,45.40896076604978],[-75.62481222029346,45.408924254910254],[-75.62487399743554,45.408907229109666],[-75.62571586438384,45.40867519916867],[-75.62612174568709,45.409410711846],[-75.62649878927309,45.41009162532614],[-75.6265762662714,45.41023178978482],[-75.62663784488582,45.410343184136195],[-75.62777151338447,45.41003551391286],[-75.62711364206761,45.40886122215066],[-75.62704746048568,45.408845250157356],[-75.62561954971403,45.4085006592616],[-75.62550580952433,45.40847320852084],[-75.62510723781254,45.40837340077667],[-75.62471134757189,45.40826842899178],[-75.62467231846774,45.408291288611096],[-75.62451442608183,45.408383758757516],[-75.62454933461376,45.40844708593777],[-75.62451286570816,45.408461819426755],[-75.6244787423038,45.40847561385886],[-75.62408739394522,45.40863383555886],[-75.62323717805465,45.40909051303078]]]},"properties":{"ZONE_CODE":"IL[263]","ZONE_MAIN":"IL","ZNAME_EN":"Industrial Zone","LABEL":null}},{"type":"Feature","geometry":{"type":"Polygon","coordinates":[[[-75.91886321861134,45.34708103940047],[-75.91764637779546,45.346185598417044],[-75.91644015596455,45.34522639933093],[-75.91471539061904,45.34695513511536],[-75.91530571760968,45.34741900321982],[-75.91528824268245,45.34743005737783],[-75.91526120159578,45.34744717114716],[-75.91385355681693,45.348337898226106],[-75.9136635191169,45.34845814587613],[-75.91356848005476,45.348518286966915],[-75.91320357719984,45.34874917939796],[-75.91591199778146,45.35073828318138],[-75.9160877001662,45.350626660224975],[-75.91627730847154,45.35050620127477],[-75.91630233194208,45.3504903112726],[-75.91637220200658,45.35044591772676],[-75.9165619109232,45.3503253958923],[-75.91670164925554,45.35023660913837],[-75.9172160102142,45.349909546623685],[-75.91718750756854,45.34988711225329],[-75.91687477437374,45.34964095291374],[-75.91655940192864,45.34944626206559],[-75.91633865621893,45.3492725045204],[-75.91624698044923,45.34902769669705],[-75.91666602566464,45.34867737162136],[-75.91696664956943,45.34891400467214],[-75.91670609411958,45.3490785870383],[-75.91734232681787,45.3495793824505],[-75.91834720295594,45.3489447703873],[-75.91846260682553,45.348902257609105],[-75.91842927393861,45.34887620092636],[-75.91826357519288,45.34874663262599],[-75.91871292687104,45.3484608763781],[-75.91893645106992,45.348318730373414],[-75.91893335906872,45.34831762301797],[-75.91890603680936,45.34829634145969],[-75.91872760085121,45.3481573523398],[-75.91872479271763,45.34815516476982],[-75.91861569681795,45.348070185976766],[-75.918623176191,45.34806548632417],[-75.91803843043323,45.347604670993235],[-75.9187361635925,45.34716584921552],[-75.91886321861134,45.34708103940047]]]},"properties":{"ZONE_CODE":"IP6[301]","ZONE_MAIN":"IP","ZNAME_EN":"Industrial Zone","LABEL":null}},{"type":"Feature","geometry":{"type":"Polygon","coordinates":[[[-75.74845268883962,45.22458245897721],[-75.74849545313872,45.224647016254394],[-75.74860177234585,45.22475045972196],[-75.7487284096481,45.224853234229805],[-75.74887822348464,45.2249544147655],[-75.74903998940606,45.22504129345831],[-75.7492090442577,45.22511926417706],[-75.74936088289692,45.22517026643703],[-75.7495364658057,45.22521379073367],[-75.7497370730834,45.22525005030488],[-75.74996005829311,45.22527483010118],[-75.7501249144191,45.225275487479],[-75.75031518837606,45.225271888034804],[-75.75057465416947,45.22523431182278],[-75.75082390611809,45.22517126041438],[-75.7510435819343,45.22511142180836],[-75.75120629827327,45.225105719244645],[-75.75139377667308,45.22514027564585],[-75.7515351418544,45.22520340238027],[-75.7518042106382,45.22544224734792],[-75.75286327045924,45.225005644314656],[-75.75278225589534,45.22489435321848],[-75.75228234793131,45.2242075301616],[-75.75319900142364,45.223829801624746],[-75.75357693973166,45.22457863171346],[-75.75363264156749,45.22468845744107],[-75.75943230697558,45.22231506280394],[-75.75938421836179,45.22223071405379],[-75.75833511816228,45.22053450998054],[-75.75459244473618,45.22205745097189],[-75.75440653209992,45.222133094778556],[-75.75422209629399,45.22220947182626],[-75.752699604601,45.22283992323418],[-75.74990969424671,45.22398294967035],[-75.74845268883962,45.22458245897721]]]},"properties":{"ZONE_CODE":"RG1[120r]","ZONE_MAIN":"RG","ZNAME_EN":"Rural Industrial Zone","LABEL":null}},{"type":"Feature","geometry":{"type":"Polygon","coordinates":[[[-75.72073332471018,45.32270138435874],[-75.7208608181069,45.3223961355898],[-75.72031398484735,45.32219864012434],[-75.72021706471304,45.3223246784143],[-75.72011244511843,45.322460728862644],[-75.72017919713055,45.32248660190087],[-75.72073332471018,45.32270138435874]]]},"properties":{"ZONE_CODE":"IP[1367]","ZONE_MAIN":"IP","ZNAME_EN":"Industrial Zone","LABEL":null}},{"type":"Feature","geometry":{"type":"Polygon","coordinates":[[[-75.63030860907175,45.31102825671874],[-75.62997878632696,45.310277205916236],[-75.62983669171363,45.30987343237204],[-75.62960956437216,45.3092280275616],[-75.62945242836771,45.309291010942225],[-75.62891630302636,45.309502359872006],[-75.62883753964056,45.3095334098156],[-75.62780696719379,45.309941337073305],[-75.62769445410277,45.30998585966871],[-75.62713330349425,45.31020790480392],[-75.62663012027267,45.31041692925023],[-75.62612611688925,45.31062300327649],[-75.62561911133616,45.310825014403996],[-75.62511407938176,45.311029474727526],[-75.62443944101011,45.31130379516006],[-75.62376552218903,45.311574657377115],[-75.6230835966838,45.31183799303391],[-75.62240958174297,45.312111269085264],[-75.62190482646967,45.312317143009054],[-75.62091161585387,45.31272222766912],[-75.6203993506648,45.31293008173015],[-75.61981456717776,45.3131673543977],[-75.61979753871324,45.313174260398114],[-75.61964584110953,45.3132351446011],[-75.61995267866112,45.313815226054295],[-75.62021042597738,45.314302489431654],[-75.6205890874292,45.314955480702785],[-75.62077971801735,45.31487808812461],[-75.62140224511934,45.314625378012174],[-75.62221101633594,45.314297052928225],[-75.62288535826353,45.314023816475355],[-75.62355947291735,45.313750663986816],[-75.62423468980403,45.3134770660826],[-75.62490824301081,45.31320413206184],[-75.62558201989809,45.31293109501877],[-75.62560413552205,45.312922132088346],[-75.62606523267256,45.31273527664978],[-75.62608735278813,45.31272631432009],[-75.62659291295192,45.31252143938534],[-75.62661500791465,45.31251245491126],[-75.62726566665809,45.31224790251056],[-75.62728778587534,45.31223894642114],[-75.62794127071867,45.311974346626876],[-75.62861687298259,45.31170079447675],[-75.62908491860182,45.3115143506976],[-75.63030860907175,45.31102825671874]]]},"properties":{"ZONE_CODE":"IH","ZONE_MAIN":"IH","ZNAME_EN":"Industrial Zone","LABEL":null}},{"type":"Feature","geometry":{"type":"Polygon","coordinates":[[[-75.9494360722576,45.27424591961572],[-75.94917745088057,45.27404249929511],[-75.9489179814939,45.27383840056798],[-75.94840039738001,45.27343126231882],[-75.94814252609625,45.27322840739758],[-75.94777930219257,45.27294265324321],[-75.94735904604816,45.27319906339282],[-75.94722177448959,45.273282814952964],[-75.94784319037558,45.27377167775785],[-75.94887418233559,45.27458272246874],[-75.94888051905161,45.27458770763028],[-75.94899814625155,45.27451727495648],[-75.9494360722576,45.27424591961572]]]},"properties":{"ZONE_CODE":"RG3[774r]","ZONE_MAIN":"RG","ZNAME_EN":"Rural Industrial Zone","LABEL":null}},{"type":"Feature","geometry":{"type":"Polygon","coordinates":[[[-75.91166032364401,45.29596405407683],[-75.9120203100194,45.2961511246769],[-75.91298469639267,45.29665227694728],[-75.91372545076919,45.296827778246744],[-75.91415395614288,45.296557840185585],[-75.91277786199343,45.29609935327649],[-75.91320644013065,45.295299091512426],[-75.91329660673067,45.2951307287565],[-75.91347372396197,45.29542921496887],[-75.91382078268211,45.2954364213972],[-75.9137595580039,45.29554951556607],[-75.91383397623868,45.29574444922145],[-75.91395123063776,45.29592328731765],[-75.9142756500161,45.296019779490386],[-75.91449662749116,45.29615869815495],[-75.9145853253457,45.296275970347565],[-75.91459051131982,45.296282827853084],[-75.91584486398533,45.29549260863112],[-75.91654377303931,45.295055110727645],[-75.91591615159133,45.29456089305383],[-75.91398202488573,45.29302864611428],[-75.9139820419537,45.293028492550974],[-75.91384564176096,45.292920596823585],[-75.9136915133161,45.29301627573284],[-75.91338397507857,45.29320718501744],[-75.9116973333354,45.29425415805754],[-75.91017694010692,45.295193172339076],[-75.91166032364401,45.29596405407683]],[[-75.91181196645049,45.295654293460714],[-75.91078725551095,45.29507337336638],[-75.9109597670798,45.29489919115629],[-75.91110408592178,45.29504181628127],[-75.91190637399697,45.29525032349683],[-75.91222165301728,45.295222734989586],[-75.91181196645049,45.295654293460714]]]},"properties":{"ZONE_CODE":"IL","ZONE_MAIN":"IL","ZNAME_EN":"Industrial Zone","LABEL":null}},{"type":"Feature","geometry":{"type":"Polygon","coordinates":[[[-75.81226865268725,45.185954651434216],[-75.81247297180367,45.186330366184265],[-75.81483546733904,45.190723265968394],[-75.81567637039505,45.19228669305339],[-75.81572309446791,45.19237226752374],[-75.8190869591185,45.19033939118025],[-75.81848793643589,45.189835329374645],[-75.81809866947384,45.18950776987],[-75.81854740939929,45.189220556819464],[-75.81826354176951,45.18898222700606],[-75.8186640942665,45.18880691012103],[-75.81915527060595,45.18922022254077],[-75.81967348264223,45.18980493312525],[-75.81975881271275,45.18990980936036],[-75.82007899204295,45.18970428009521],[-75.81972214617781,45.189404245198986],[-75.81930446729992,45.18905306268695],[-75.81915026968478,45.1886388297776],[-75.81912946021122,45.18858292296616],[-75.81966466028781,45.187594671661806],[-75.8198085685997,45.187715357187706],[-75.82072385126291,45.18680963145872],[-75.82147283959736,45.1864579378274],[-75.821747623463,45.18629402291505],[-75.82223303172002,45.18613739178252],[-75.82327565865958,45.18697711826399],[-75.82367074311142,45.18632994261645],[-75.8239873184007,45.18581135902794],[-75.82425169618209,45.185378273392004],[-75.82490019088401,45.18432129226631],[-75.82451193362832,45.18399656355404],[-75.82427791261534,45.18383432133702],[-75.8229991904528,45.18280174070703],[-75.82209790354173,45.18207391154202],[-75.82170743283717,45.18175858106358],[-75.82162824903982,45.18163935507067],[-75.82152373364978,45.1814819873953],[-75.8213324652578,45.18127047886076],[-75.82112346052885,45.18103929238893],[-75.82091445669822,45.180808104978404],[-75.8199942710302,45.179790222587144],[-75.81972041332763,45.17995824864075],[-75.81913082924372,45.18031998069659],[-75.81753427594714,45.18130781501558],[-75.81560097658988,45.18247533046923],[-75.81504971194106,45.18280822251896],[-75.81441470903638,45.183191449077896],[-75.81264299863244,45.18426064012173],[-75.81179049383454,45.18476757009252],[-75.81166625503413,45.18483491348477],[-75.81166766538912,45.18483722195828],[-75.81166901825195,45.184839712146385],[-75.81168389525135,45.184867295420396],[-75.81183619652293,45.18514968368246],[-75.81197254371509,45.185402488068114],[-75.81197678376321,45.1854103473096],[-75.81226965700374,45.18595336489391],[-75.81226865268725,45.185954651434216]]]},"properties":{"ZONE_CODE":"RG3[385r]-h","ZONE_MAIN":"RG","ZNAME_EN":"Rural Industrial Zone","LABEL":null}},{"type":"Feature","geometry":{"type":"Polygon","coordinates":[[[-75.87079683902344,45.28903584737149],[-75.87076983836096,45.28922731167045],[-75.87098247138533,45.28934591715764],[-75.87191385994328,45.28992836717624],[-75.87267473119229,45.28915110813024],[-75.87085065978707,45.28899172733368],[-75.87080363927014,45.28898761874781],[-75.87079683902344,45.28903584737149]]]},"properties":{"ZONE_CODE":"IP4[2401]","ZONE_MAIN":"IP","ZNAME_EN":"Industrial Zone","LABEL":null}},{"type":"Feature","geometry":{"type":"Polygon","coordinates":[[[-75.69835725577339,45.40548038350217],[-75.69789389666501,45.40567403197491],[-75.69714418339014,45.405987348539206],[-75.69692630779777,45.40607839962749],[-75.69622694419624,45.40637066425387],[-75.69622177888334,45.406364466524806],[-75.69495695814985,45.406880478903204],[-75.69523656507022,45.40721968552663],[-75.69679386648048,45.406586169723134],[-75.69739240766607,45.40635776172534],[-75.6974441362534,45.40633893139475],[-75.69855316576044,45.4059431745054],[-75.69868980670168,45.40589573472955],[-75.69855592179172,45.40572422427219],[-75.69842406707434,45.4055623666777],[-75.69835725577339,45.40548038350217]]]},"properties":{"ZONE_CODE":"IG1","ZONE_MAIN":"IG","ZNAME_EN":"Transportation Zones","LABEL":null}},{"type":"Feature","geometry":{"type":"Polygon","coordinates":[[[-75.92973597405941,45.34126056346065],[-75.92945476544288,45.341046001650284],[-75.92894472448242,45.3407433906604],[-75.92869556326366,45.340631827552464],[-75.92839009294791,45.34051998261209],[-75.92825275581232,45.34048840725903],[-75.9280028867211,45.340447441421325],[-75.92775288378093,45.34041971326755],[-75.92753389787086,45.34041861586028],[-75.9274087643484,45.34041798822918],[-75.92722718608339,45.34043031606458],[-75.92724312399315,45.34031886725835],[-75.92738632353426,45.33955873578155],[-75.92729860125014,45.339614406973084],[-75.92554386002193,45.33877684043607],[-75.92479809035115,45.339251307220465],[-75.9237696226571,45.339386920476564],[-75.92333192122985,45.33944463198891],[-75.92266743741419,45.340607586808055],[-75.92330985501322,45.34103761585868],[-75.92431218802072,45.341708658372355],[-75.9232838002767,45.342373202794796],[-75.92167474602465,45.343406859779826],[-75.92151480188662,45.34351018857763],[-75.92244709774297,45.34423858135742],[-75.92258899382864,45.344349440950744],[-75.92272244575061,45.34445370309405],[-75.9234924375947,45.34505526289887],[-75.9241364281438,45.34551593230416],[-75.92510575704776,45.34489554174586],[-75.9251079228859,45.34489133745496],[-75.92519142578314,45.3448407830263],[-75.92535462451742,45.34473648434502],[-75.92574971795244,45.34448396802818],[-75.92584425844957,45.34442354168919],[-75.92682842842035,45.343794515745024],[-75.9263358605905,45.343415881657805],[-75.92687183770981,45.34306913529627],[-75.92737958257639,45.34274064608896],[-75.92763540749795,45.34257513797944],[-75.92819023666182,45.342216177727735],[-75.9283240290453,45.34212961530602],[-75.92848395970859,45.34202614066024],[-75.92854694508473,45.34198538745488],[-75.92856401397344,45.34197434296748],[-75.92860395396929,45.34200504110602],[-75.9286927218924,45.34194776660839],[-75.92932438396254,45.34154020552024],[-75.92954548720174,45.341397530695836],[-75.92961664545034,45.341351613373696],[-75.92961000510375,45.341345528482805],[-75.92973597405941,45.34126056346065]]]},"properties":{"ZONE_CODE":"IG6 H(44)","ZONE_MAIN":"IG","ZNAME_EN":"Transportation Zones","LABEL":null}},{"type":"Feature","geometry":{"type":"Polygon","coordinates":[[[-75.38677997265043,45.48502895394542],[-75.3869754361748,45.48497664295588],[-75.38701096993415,45.484959422811656],[-75.387256014174,45.48484066715765],[-75.3874391429312,45.484764490059405],[-75.38793230544574,45.484559344891736],[-75.3879594390589,45.484549681713716],[-75.38800890658666,45.484532062139195],[-75.38816157616752,45.4845315438052],[-75.38821362096182,45.48453136745823],[-75.38870024463942,45.48458372735663],[-75.38897761475476,45.484635936681876],[-75.3889857040839,45.484637074117465],[-75.38930222008436,45.484662686565734],[-75.38995555850231,45.48476845973819],[-75.38997597361545,45.48478268772469],[-75.3900414634946,45.48482832860724],[-75.39005841200907,45.484840140009176],[-75.39008586632077,45.484882083251115],[-75.39013413998752,45.484960176059275],[-75.39014592768068,45.48495733059716],[-75.39017988130347,45.48494905431985],[-75.39037957229955,45.48490037912821],[-75.3913123191102,45.48467301354286],[-75.39339411896707,45.48414415109669],[-75.39476533167125,45.48378673384698],[-75.39499981890987,45.48372561053026],[-75.39452690352348,45.48284584977927],[-75.39466866037027,45.48280544054622],[-75.39485449125984,45.48267966403283],[-75.39507825081732,45.48246886292657],[-75.39516508017606,45.48235498891075],[-75.39461139277091,45.48128249034591],[-75.39379573686598,45.48148560800953],[-75.38838413737241,45.482818323712486],[-75.38787467582533,45.482943770516165],[-75.38714149334832,45.483124301666436],[-75.38727423470291,45.483268253297766],[-75.38710147969061,45.48345405187374],[-75.38686781351218,45.483681624550975],[-75.38642461978529,45.484041037724516],[-75.38627970446197,45.484158556848634],[-75.38677997265043,45.48502895394542]]]},"properties":{"ZONE_CODE":"RH[538r]","ZONE_MAIN":"RH","ZNAME_EN":"Rural Industrial Zone","LABEL":null}},{"type":"Feature","geometry":{"type":"Polygon","coordinates":[[[-75.48014596566688,45.49051082521595],[-75.48014534133776,45.49050966082004],[-75.48026844556598,45.49047010849831],[-75.4804031928586,45.490426815466364],[-75.48050242795142,45.49039492519327],[-75.48053082100259,45.49038580585654],[-75.4805179975519,45.49036589457533],[-75.48036999831221,45.49013599112512],[-75.48020403097021,45.489878176822835],[-75.48020388813809,45.48987836700757],[-75.48017551125658,45.4898875166545],[-75.47915053261909,45.49021794959321],[-75.47891830733835,45.49029593361509],[-75.4792415454321,45.49080122821464],[-75.47947537600223,45.49072617255933],[-75.48011344485697,45.490521167494336],[-75.48014579229203,45.49051077420674],[-75.48014596566688,45.49051082521595]]]},"properties":{"ZONE_CODE":"IL[2988] H(21)","ZONE_MAIN":"IL","ZNAME_EN":"Industrial Zone","LABEL":null}},{"type":"Feature","geometry":{"type":"Polygon","coordinates":[[[-75.66721554307513,45.34238830835418],[-75.66501799709054,45.34328789826949],[-75.66550418418693,45.343659067734905],[-75.66649385005061,45.34405180457508],[-75.6680439478706,45.343420022288285],[-75.66721554307513,45.34238830835418]]]},"properties":{"ZONE_CODE":"IL[1488] H(14)","ZONE_MAIN":"IL","ZNAME_EN":"Industrial Zone","LABEL":null}},{"type":"Feature","geometry":{"type":"Polygon","coordinates":[[[-75.47513249771062,45.49643026402368],[-75.47516628784004,45.496435860596314],[-75.47519935302901,45.49644329519644],[-75.47523149385157,45.49645252185683],[-75.47526251178,45.49646348453535],[-75.47529221816815,45.496476117114945],[-75.47532043155627,45.49649034214422],[-75.47534698216279,45.49650607209698],[-75.4753717029011,45.496523210631395],[-75.47539444734578,45.49654165573865],[-75.47541507625797,45.49656129155715],[-75.47543346117857,45.496582000965944],[-75.47544949251314,45.496603655510036],[-75.47546307054864,45.49662612547518],[-75.47547411443675,45.496649271072656],[-75.47548255410884,45.49667295251377],[-75.47548834105591,45.49669702497276],[-75.475491438447,45.496721341105356],[-75.47549182741753,45.49674575419723],[-75.47548950437421,45.49677011375629],[-75.4754844854867,45.496794271179624],[-75.47547575835372,45.497005235285236],[-75.47553682762336,45.49721504441783],[-75.47556974189538,45.49726513957379],[-75.4757512384137,45.497395290557705],[-75.47585295555164,45.497477062785194],[-75.47597177032438,45.49761407158199],[-75.47607783351165,45.497775490801935],[-75.47616527911468,45.497959656042816],[-75.47624794388373,45.49787662582332],[-75.47633208638148,45.49779433281584],[-75.4764176931331,45.49771278961681],[-75.4765047506639,45.49763201071177],[-75.47659324460086,45.49755200743803],[-75.47668316057091,45.497472792392145],[-75.47677448599764,45.49739437817074],[-75.47686720471138,45.49731677800032],[-75.4769613032374,45.497240003218145],[-75.47705676720264,45.49716406579137],[-75.47715358043743,45.49708897957611],[-75.47725172677212,45.4970147546505],[-75.47735119452858,45.49694140235205],[-75.47745196304557,45.49686893590731],[-75.47755401884837,45.496797366024104],[-75.4776573457673,45.49672670341031],[-75.477761928531,45.496656960033214],[-75.47786774827482,45.49658814660072],[-75.47797478972744,45.496520274450326],[-75.47808303671918,45.49645335429002],[-75.47816882582883,45.4964015047594],[-75.47821324212973,45.496469628294],[-75.47827407693909,45.49643341492941],[-75.47833626461127,45.49639692700197],[-75.47839882149103,45.496360752000996],[-75.47846174398511,45.49632489181606],[-75.47852502580528,45.49628934707746],[-75.47858866874822,45.49625412030456],[-75.47865266472907,45.496219213386915],[-75.47871701284949,45.49618462695483],[-75.47878170951626,45.49615036541669],[-75.4788467520344,45.49611642814342],[-75.47891213681066,45.49608281765424],[-75.4789778602518,45.49604953457949],[-75.47904391876453,45.49601658269784],[-75.47911030875561,45.49598396200985],[-75.4791770284284,45.4959516750348],[-75.4792440732913,45.495919723032706],[-75.4793114397511,45.49588810789313],[-75.47937912421449,45.495856830246375],[-75.47944712398656,45.495825893871036],[-75.47951543637234,45.49579529750839],[-75.47958405598195,45.495765044936995],[-75.47976556148342,45.4956807842239],[-75.48181195514167,45.49473076923839],[-75.48158256224903,45.494385663054324],[-75.48066330723564,45.49302363761071],[-75.4804320162028,45.49309683254607],[-75.47826539831513,45.49378278603332],[-75.47774956591604,45.49448535648558],[-75.4772183058503,45.49366696641964],[-75.47662972608286,45.493041653139],[-75.47618120444804,45.49334431176727],[-75.47623736622127,45.49343107089122],[-75.47661223947755,45.49401013814787],[-75.47721961649229,45.49494472393531],[-75.47704507383257,45.495000794382975],[-75.47437264065955,45.49585925389938],[-75.47444359139732,45.49604222901216],[-75.47444163845991,45.49605804472674],[-75.47444111114882,45.49607391584889],[-75.47444201036244,45.49608977941035],[-75.47444433340576,45.49610557118372],[-75.47444807129565,45.49612122757126],[-75.4744532060658,45.49613668749409],[-75.47445972244489,45.496151887354564],[-75.47446758989015,45.49616676796303],[-75.4744767796555,45.4961812688704],[-75.4744872531134,45.496195332146414],[-75.47449896983964,45.49620890174981],[-75.47451188132523,45.49622192415832],[-75.4745259390611,45.49623434647913],[-75.47454108286017,45.496246119597636],[-75.47455725612855,45.49625719502892],[-75.47457439059426,45.49626753058497],[-75.47459242068034,45.49627708344795],[-75.47461127182657,45.49628581646721],[-75.47463087126943,45.49629369375144],[-75.47465113816057,45.49630068507638],[-75.47513249771062,45.49643026402368]]]},"properties":{"ZONE_CODE":"IL[1574] H(21)-h","ZONE_MAIN":"IL","ZNAME_EN":"Industrial Zone","LABEL":null}},{"type":"Feature","geometry":{"type":"Polygon","coordinates":[[[-75.3554486381721,45.38130027772365],[-75.3550283182473,45.381407179882416],[-75.35474010007661,45.381480468635466],[-75.3546713097871,45.38147661409135],[-75.35385020559995,45.38143059804512],[-75.35354856749721,45.38141369078252],[-75.35351246420595,45.381346360127104],[-75.35324168323324,45.38084137166124],[-75.3522729678786,45.38110905948251],[-75.35215411268169,45.38114190880791],[-75.35203457656178,45.381174946141805],[-75.3525754252449,45.38218361220872],[-75.35269566923724,45.382151876491484],[-75.35350227192073,45.38193898778187],[-75.35358892700631,45.382100580535955],[-75.35364591163636,45.38214769389701],[-75.35371212286269,45.38219619153087],[-75.35371309034824,45.38219735690209],[-75.35411483041803,45.382102942829945],[-75.35421090613598,45.38234704285732],[-75.35443211986795,45.382303300840874],[-75.35533276897519,45.38212519911754],[-75.35664969379182,45.38179029071948],[-75.35675897474445,45.381762462937836],[-75.35638764983354,45.381061471400294],[-75.35629287757108,45.381085569256506],[-75.35628926814024,45.38108648668099],[-75.3554486381721,45.38130027772365]]]},"properties":{"ZONE_CODE":"RH","ZONE_MAIN":"RH","ZNAME_EN":"Rural Industrial Zone","LABEL":null}},{"type":"Feature","geometry":{"type":"Polygon","coordinates":[[[-75.97126419492224,45.29253249975307],[-75.96940059225463,45.29102167994694],[-75.96928960989284,45.291095588820895],[-75.96926978766778,45.29110878939697],[-75.969265098462,45.291111838016754],[-75.9675635087525,45.2922176634735],[-75.967581916131,45.2922326294757],[-75.96618297962051,45.293164033838515],[-75.96572720678468,45.29345044322622],[-75.96476663735307,45.29406673047496],[-75.96461782423974,45.29415847934087],[-75.96430520692759,45.294351217386726],[-75.96541862650145,45.29525527840595],[-75.9654840103794,45.29530836687156],[-75.96558113443129,45.295387226952606],[-75.96615458387437,45.29585315474855],[-75.96756108779282,45.29493916305609],[-75.96792786633007,45.29470081121282],[-75.96829613337573,45.294461482032915],[-75.96838175450041,45.29440583976704],[-75.96845227943673,45.29436000820823],[-75.96870827863147,45.29419363389121],[-75.9696683728543,45.293569669928324],[-75.96992558118139,45.29340250715463],[-75.97112578609652,45.292622456988134],[-75.97126419492224,45.29253249975307]]]},"properties":{"ZONE_CODE":"RH5","ZONE_MAIN":"RH","ZNAME_EN":"Rural Industrial Zone","LABEL":null}},{"type":"Feature","geometry":{"type":"Polygon","coordinates":[[[-75.99631195861689,45.31461266743011],[-75.99492577908175,45.31553756787256],[-75.99676839440939,45.31697167507676],[-75.99665891403077,45.31703326584039],[-75.99665606187973,45.317035067392744],[-75.99790496446643,45.31801938863054],[-75.99880088214705,45.318725228008766],[-75.99886198375604,45.31868464563793],[-76.00006174670006,45.3178877890084],[-76.00134254217427,45.317037072977804],[-76.00146074160104,45.316958557586624],[-76.00058724676822,45.31625680912865],[-76.00046743127226,45.31633577904427],[-76.0001378384962,45.31655299912219],[-75.9997295793524,45.31623033503582],[-75.99948788223531,45.316385054487554],[-75.99923496516033,45.316177263633534],[-75.99937577069122,45.31608260924438],[-75.99910895488217,45.31587861186264],[-75.99872317787498,45.31557006235866],[-75.99863723695006,45.315502357068965],[-75.99919719369757,45.31514002121564],[-75.9984280795075,45.31452207799783],[-75.99815483715092,45.31430253680997],[-75.99803391403219,45.314384946582514],[-75.99747743556146,45.31476418602418],[-75.99718200481733,45.314955678425996],[-75.99666718122633,45.31454470641821],[-75.99663720175035,45.31452076720296],[-75.9965518411371,45.314452605197346],[-75.99631195861689,45.31461266743011]]]},"properties":{"ZONE_CODE":"RG5","ZONE_MAIN":"RG","ZNAME_EN":"Rural Industrial Zone","LABEL":null}},{"type":"Feature","geometry":{"type":"Polygon","coordinates":[[[-75.91570728160968,45.29917619274063],[-75.91617864919881,45.29955334386714],[-75.9164375733081,45.29976051451153],[-75.91654357630827,45.299845328217465],[-75.91682682859208,45.30002392780261],[-75.91695476934979,45.300033194174645],[-75.9171237164036,45.300045429069044],[-75.9181891803143,45.299492184634495],[-75.91780647913865,45.29924689178624],[-75.91782650348466,45.299057819491004],[-75.91800174683027,45.29903245832107],[-75.91744292824822,45.298520757518794],[-75.91754138809495,45.2983898778356],[-75.91753228816111,45.2982665950586],[-75.91744931616822,45.29810918989452],[-75.91592785304623,45.29903900587153],[-75.91570728160968,45.29917619274063]]]},"properties":{"ZONE_CODE":"IL6[303] H(30)-h","ZONE_MAIN":"IL","ZNAME_EN":"Industrial Zone","LABEL":null}},{"type":"Feature","geometry":{"type":"Polygon","coordinates":[[[-75.95198165163441,45.27391136336011],[-75.95223342605236,45.27416849042531],[-75.95265067553552,45.274594579136796],[-75.95309361234423,45.27504688869272],[-75.95312069834668,45.27507455149282],[-75.95338521446861,45.27534466197094],[-75.95362795273311,45.2755925273494],[-75.95398974202726,45.27596196203553],[-75.954424880561,45.27640628190941],[-75.95442751801468,45.27640824215412],[-75.95451320381807,45.27647191877918],[-75.9556139328919,45.27566686279368],[-75.95664329261302,45.27500815695696],[-75.95751265339891,45.27445181662213],[-75.95807921545871,45.27408924240812],[-75.95799312990503,45.27402220570957],[-75.95682228013675,45.27311041428978],[-75.95699139697213,45.273003117903244],[-75.95727575957365,45.27282269727629],[-75.95753320954755,45.27265935048842],[-75.95814253051655,45.27227274581335],[-75.95824696326162,45.27220648075726],[-75.95941125083672,45.27311463465525],[-75.95949725913529,45.27318172110286],[-75.95939416308339,45.273247701808884],[-75.95947773874417,45.273312692463826],[-75.95948030972251,45.273314692009755],[-75.95955092898194,45.273369684869],[-75.9601376716946,45.273826650577256],[-75.9603944632034,45.27402663651642],[-75.96054853954598,45.27414663102882],[-75.96065125561053,45.27422662238296],[-75.96075428698373,45.274306852579485],[-75.9609682836507,45.2744735052193],[-75.9612639479568,45.27470375379903],[-75.96154480623038,45.27492247103666],[-75.96180212325362,45.275122852631306],[-75.96347969380905,45.27642919546522],[-75.96392800074653,45.27677828343057],[-75.96870826515672,45.273741160739895],[-75.96998113749015,45.27293235642996],[-75.96898711030576,45.27212673879586],[-75.96788169292446,45.27124151508534],[-75.96530448566313,45.269194624470714],[-75.96395234778569,45.268125216536085],[-75.96183462789385,45.266450194245486],[-75.96173844797134,45.26651025359966],[-75.96173558144726,45.266512043480446],[-75.9604903475802,45.26729217830699],[-75.96002030320946,45.26758552492709],[-75.9599303620866,45.26764165566286],[-75.95972704369339,45.26779183807905],[-75.95952075097829,45.26797982601801],[-75.95950609496442,45.2679895762213],[-75.95922785617822,45.268174689411595],[-75.95912193941632,45.26824515587806],[-75.95892939002675,45.268349983578425],[-75.95873587584656,45.26841097787575],[-75.95802290726007,45.268871931705526],[-75.95719499024982,45.269399886729104],[-75.95715738138215,45.26942387155026],[-75.95690898462966,45.26957899628778],[-75.95634735252415,45.26992973282544],[-75.95632088276597,45.26994608860479],[-75.95620581756124,45.27001720404249],[-75.95609833683243,45.2700836290734],[-75.9558106756172,45.2702614031614],[-75.95567086721628,45.27034780544833],[-75.95552299733399,45.27043918743999],[-75.95523052204715,45.270619928581894],[-75.9549380512519,45.27080066535505],[-75.95449338608458,45.271075449744295],[-75.9544067013546,45.2711290172841],[-75.95430094718779,45.271195081929214],[-75.954007158564,45.27137861051458],[-75.95372082416046,45.271557476126745],[-75.95343449424847,45.27173633801427],[-75.95314815625167,45.27191520249904],[-75.95280282768678,45.27213091182093],[-75.95288146081685,45.27222595568724],[-75.95339704348427,45.27284909302218],[-75.95286318279575,45.2730599272899],[-75.95411993306477,45.273170677741284],[-75.95423832023944,45.27318130513568],[-75.95421735086576,45.273234180359964],[-75.95417504470745,45.27337845239135],[-75.9541467944884,45.27347945043392],[-75.95402344591842,45.27350391903415],[-75.95198165163441,45.27391136336011]],[[-75.95574544714779,45.27366303674513],[-75.9552750218914,45.27389272915058],[-75.95452625633914,45.274258311159],[-75.9544098930688,45.27429628734722],[-75.95424725847651,45.27404841820348],[-75.95423055430379,45.274012373729676],[-75.95434079286052,45.27395855035772],[-75.95501272281157,45.27363048410063],[-75.95548315166124,45.27340078936947],[-75.95574544714779,45.27366303674513]]]},"properties":{"ZONE_CODE":"RG4","ZONE_MAIN":"RG","ZNAME_EN":"Rural Industrial Zone","LABEL":null}},{"type":"Feature","geometry":{"type":"Polygon","coordinates":[[[-75.71742156144778,45.174048849085366],[-75.71728089335913,45.17410603924691],[-75.71753694735108,45.174421130935826],[-75.71820927795076,45.174147786401036],[-75.71795322126385,45.17383269446629],[-75.71742156144778,45.174048849085366]]]},"properties":{"ZONE_CODE":"RG2","ZONE_MAIN":"RG","ZNAME_EN":"Rural Industrial Zone","LABEL":null}},{"type":"Feature","geometry":{"type":"Polygon","coordinates":[[[-75.8952271187581,45.29729283861346],[-75.8955151482826,45.29743541032579],[-75.89629158464054,45.2976097642044],[-75.89678087272131,45.29790356767471],[-75.89680981015154,45.29792094411345],[-75.8974697565767,45.29838190656594],[-75.8975350021141,45.29842746948138],[-75.89785161603093,45.29810991720136],[-75.89791698014595,45.29804435465229],[-75.89857564557353,45.29739148323233],[-75.89854743128708,45.29738449505776],[-75.89851942091822,45.29737711068136],[-75.89849162345006,45.29736933579012],[-75.89846404966241,45.2973611716476],[-75.89843671123337,45.29735262267701],[-75.89840962163767,45.29734369203764],[-75.89838278626517,45.297334382888806],[-75.89835621948897,45.29732469775793],[-75.89832993119049,45.297314642963805],[-75.89830393035292,45.29730422103391],[-75.8982782286543,45.29729343639122],[-75.89825283597617,45.297282292827035],[-75.89822776309828,45.2972707953963],[-75.89820301810548,45.29725894789023],[-75.89817861177751,45.297246755995644],[-75.8981545548942,45.29723422350382],[-75.89813085464206,45.29722135673349],[-75.89810752269919,45.2972081594759],[-75.89808456625211,45.29719463678594],[-75.89806199518227,45.297180795614295],[-75.89778220500556,45.297001981704945],[-75.89777257147246,45.296994273112105],[-75.89745464781195,45.29673985989373],[-75.89705107787393,45.296416903545975],[-75.89701214848277,45.296385750367406],[-75.89599039210219,45.29704538525243],[-75.89577549083172,45.296884329343136],[-75.89574825750557,45.29686392007392],[-75.8952271187581,45.29729283861346]]]},"properties":{"ZONE_CODE":"IG2[1541]","ZONE_MAIN":"IG","ZNAME_EN":"Transportation Zones","LABEL":null}},{"type":"Feature","geometry":{"type":"Polygon","coordinates":[[[-75.6831548470313,45.05179922898449],[-75.68311397638082,45.05150403501486],[-75.68215933583008,45.05148025592442],[-75.68211906884747,45.051932865469496],[-75.68297540945161,45.05200691454678],[-75.68315387864745,45.05203311008062],[-75.6831548470313,45.05179922898449]]]},"properties":{"ZONE_CODE":"RG","ZONE_MAIN":"RG","ZNAME_EN":"Rural Industrial Zone","LABEL":null}},{"type":"Feature","geometry":{"type":"Polygon","coordinates":[[[-75.51728387000456,45.26704881740489],[-75.51777586470928,45.26795971993282],[-75.51782045438502,45.267940918125554],[-75.51966068468558,45.267164911232946],[-75.52270076237178,45.265841451290754],[-75.52403835293151,45.26528993436515],[-75.52447507609341,45.265117105409544],[-75.5228690347908,45.26466715662218],[-75.52245130470895,45.26484530300569],[-75.5208470654268,45.265529430882985],[-75.5192427875171,45.266213535973996],[-75.51728387000456,45.26704881740489]]]},"properties":{"ZONE_CODE":"RG1[44r]","ZONE_MAIN":"RG","ZNAME_EN":"Rural Industrial Zone","LABEL":null}},{"type":"Feature","geometry":{"type":"Polygon","coordinates":[[[-75.52305054658046,45.240372413881396],[-75.52256433163632,45.24057409331477],[-75.52072690767271,45.24136721223041],[-75.52116439350429,45.2417857020222],[-75.5204718499124,45.24227315358692],[-75.52032232353673,45.24238596789987],[-75.5218236437351,45.243205528609835],[-75.52203161899473,45.24311120464846],[-75.52287103623725,45.24275557063472],[-75.52328511197251,45.24258013355997],[-75.52210033652072,45.242232210991574],[-75.5239437962647,45.24145558705258],[-75.52455663773132,45.24119739401769],[-75.52305054658046,45.240372413881396]]]},"properties":{"ZONE_CODE":"RG[21r]","ZONE_MAIN":"RG","ZNAME_EN":"Rural Industrial Zone","LABEL":null}},{"type":"Feature","geometry":{"type":"Polygon","coordinates":[[[-75.62927264673327,45.41272312777084],[-75.62867668820411,45.41285208162866],[-75.62809358366835,45.41297824789625],[-75.62816444457458,45.41310585986734],[-75.62731308512868,45.413333502769134],[-75.62697083419195,45.41271229951798],[-75.6275029566404,45.41257033828832],[-75.62790034796589,45.41246816288564],[-75.6282169672726,45.41239967357398],[-75.62899779459568,45.412227682153606],[-75.62869293603265,45.411682451353386],[-75.62846711394326,45.411278595528465],[-75.62803177418691,45.41050000121997],[-75.62777151338447,45.41003551391286],[-75.62663784488582,45.410343184136195],[-75.6265762662714,45.41023178978482],[-75.62649878927309,45.41009162532614],[-75.62612174568709,45.409410711846],[-75.62571586438384,45.40867519916867],[-75.62487399743554,45.408907229109666],[-75.62481222029346,45.408924254910254],[-75.6248323407592,45.40896076604978],[-75.62438067232593,45.409143291752585],[-75.6241000413261,45.409287470136626],[-75.62102047100507,45.41053171282235],[-75.62094828418546,45.410560877264494],[-75.6200535468911,45.41092235277112],[-75.61903939385111,45.41133205769862],[-75.61894761926675,45.41126462898855],[-75.61765883956627,45.41178444592738],[-75.6175487680962,45.41182884115607],[-75.61728864743094,45.41193375524376],[-75.61757728691151,45.4119731299804],[-75.61878426871715,45.412162242854656],[-75.61946635322418,45.4122844257904],[-75.62131179105845,45.412637194734124],[-75.62300768095746,45.41301990344975],[-75.62384420382814,45.4132279026587],[-75.6250339316921,45.41352839435566],[-75.62578477774255,45.41489234610738],[-75.62589282710493,45.41508862338788],[-75.62644070241018,45.41500266179056],[-75.62729866177847,45.41656198053611],[-75.62756950922653,45.41705422080428],[-75.62865284871309,45.41676308531475],[-75.62882683262069,45.41678872418986],[-75.62890383171526,45.4168000630512],[-75.62910494654108,45.41682970411785],[-75.62917306848402,45.41683974085054],[-75.62926581774046,45.41685459258841],[-75.6302834921764,45.41699790822194],[-75.63161960680412,45.417075751421805],[-75.63184108553911,45.41745786318527],[-75.63189439785629,45.41744313078187],[-75.63192366586654,45.41749590422056],[-75.63253737869897,45.417419119049576],[-75.63228974910776,45.41698009790971],[-75.63220250023579,45.41682541184869],[-75.63197217219694,45.41680830645619],[-75.63187665343446,45.416785073204686],[-75.63176621994333,45.41680433640525],[-75.63156006017887,45.41684028439911],[-75.63133512742164,45.4164346985967],[-75.63200338775475,45.41647164312793],[-75.6319099270326,45.41630601839061],[-75.63124566330417,45.416273047623015],[-75.63119166467413,45.4161758087488],[-75.63026265395675,45.41450282832699],[-75.63093293460093,45.41454716971027],[-75.63080384310136,45.41431447748194],[-75.63098641580137,45.41432270170133],[-75.63085052675004,45.41409501170846],[-75.63073245218908,45.41389716645675],[-75.63057688374482,45.41389498142888],[-75.63045739164237,45.413659007381334],[-75.63043592100874,45.413536534819215],[-75.63036357698397,45.41340834114222],[-75.6303965801892,45.41341001035396],[-75.63069780057532,45.413425257752564],[-75.63048987112975,45.41305073835186],[-75.63008058880486,45.41303149909525],[-75.62988082774018,45.41302210932162],[-75.6294266673803,45.413000757512854],[-75.62929769984822,45.41276828656374],[-75.62938263016844,45.41274492489698],[-75.62941767254935,45.41273528283065],[-75.62983395185202,45.412620757154286],[-75.62980669337304,45.41257309470412],[-75.62952460350921,45.412079868814196],[-75.62899779459568,45.412227682153606],[-75.62927264673327,45.41272312777084]]]},"properties":{"ZONE_CODE":"IL","ZONE_MAIN":"IL","ZNAME_EN":"Industrial Zone","LABEL":null}},{"type":"Feature","geometry":{"type":"Polygon","coordinates":[[[-76.21439225818533,45.37469361641854],[-76.21351934725743,45.37404631740319],[-76.212985515315,45.3743643332727],[-76.2138477183247,45.37501234865745],[-76.21439225818533,45.37469361641854]]]},"properties":{"ZONE_CODE":"RG","ZONE_MAIN":"RG","ZNAME_EN":"Rural Industrial Zone","LABEL":null}},{"type":"Feature","geometry":{"type":"Polygon","coordinates":[[[-75.82438457947049,45.32669141268839],[-75.82459041134985,45.32704783645473],[-75.82460333631016,45.3270702028247],[-75.82509527801426,45.32792206922501],[-75.82276136148133,45.328871601959925],[-75.8227521268002,45.32887425319995],[-75.82279682157885,45.3289533154194],[-75.82765686177618,45.32751503685144],[-75.83241065193664,45.325588246566944],[-75.83241123853651,45.32558930447177],[-75.83241068786924,45.32558823709315],[-75.83236308075244,45.32550126461591],[-75.83234910925484,45.32547613064721],[-75.832217458455,45.325240609755504],[-75.83221675687075,45.32524064512447],[-75.83170896978336,45.32433196399435],[-75.83118097509366,45.32441807234594],[-75.8309302409248,45.324458962619396],[-75.83034989691193,45.324289124513335],[-75.82965486319009,45.324345432209654],[-75.82938335907356,45.32401160218445],[-75.82953740217849,45.32362539232176],[-75.82918588422127,45.32376857804984],[-75.82916125600944,45.32373824140879],[-75.82893904155425,45.32382912559377],[-75.82896348561144,45.32385916596372],[-75.82871490560265,45.32396041772113],[-75.8290415599894,45.32437851029461],[-75.82879466701674,45.324471530778176],[-75.82877525442343,45.324446826470684],[-75.82864151863382,45.32449721468211],[-75.82866089080292,45.324521932862766],[-75.82871925344863,45.32459638671657],[-75.82789972760143,45.32490516497036],[-75.82812564311561,45.32531092892095],[-75.82748210801238,45.32539033653956],[-75.8273592472276,45.32540806203136],[-75.82654217467946,45.325522442952185],[-75.82649130577987,45.325529781346226],[-75.82649319134364,45.32553300874874],[-75.82656117853928,45.325652514723906],[-75.82663150404963,45.32576858147776],[-75.8265485778708,45.32579937050784],[-75.8265029686072,45.325818172719664],[-75.82516799753483,45.326368484863984],[-75.8245391624629,45.32662769770526],[-75.82438457947049,45.32669141268839]]]},"properties":{"ZONE_CODE":"IP1","ZONE_MAIN":"IP","ZNAME_EN":"Industrial Zone","LABEL":null}},{"type":"Feature","geometry":{"type":"Polygon","coordinates":[[[-75.37630695492737,45.434550997581866],[-75.37556262705263,45.43324401256889],[-75.37423456132984,45.43361004613623],[-75.37357269161166,45.43379697667348],[-75.37426445905913,45.43504357774033],[-75.37617818951624,45.43458205270177],[-75.37630695492737,45.434550997581866]]]},"properties":{"ZONE_CODE":"RG1[21r]","ZONE_MAIN":"RG","ZNAME_EN":"Rural Industrial Zone","LABEL":null}},{"type":"Feature","geometry":{"type":"Polygon","coordinates":[[[-75.57823087983772,45.34061847433911],[-75.57719765197096,45.33885337318676],[-75.57705259561216,45.33891119890153],[-75.57637779374714,45.33918183822218],[-75.57622840930527,45.33924174922385],[-75.57569331073829,45.33945635512599],[-75.57540358429624,45.3395724074851],[-75.57573059711082,45.34013686499183],[-75.57635408091858,45.34121297342035],[-75.57642475587356,45.34133495300777],[-75.57802231438495,45.34069099952536],[-75.57823087983772,45.34061847433911]]]},"properties":{"ZONE_CODE":"RH","ZONE_MAIN":"RH","ZNAME_EN":"Rural Industrial Zone","LABEL":null}},{"type":"Feature","geometry":{"type":"Polygon","coordinates":[[[-75.6426957102898,45.401518655412254],[-75.64182970201657,45.40210364409328],[-75.64176193760309,45.40214941877062],[-75.64166415957769,45.40221546634097],[-75.64105561475309,45.40225703269983],[-75.64073143073335,45.402279174458876],[-75.6405168654328,45.40231448961629],[-75.64033176577188,45.402398744853656],[-75.64021774081621,45.40249132745465],[-75.63988323874715,45.40284199166024],[-75.63978456150812,45.402984136913894],[-75.6397541508408,45.40312844454847],[-75.6397670389702,45.40327276379809],[-75.63980389235472,45.403607058636084],[-75.63985565238308,45.40370337245012],[-75.6398866451587,45.40374637889349],[-75.63996584063415,45.40377215360486],[-75.64002901285986,45.40380627830556],[-75.64009241146105,45.40382544943418],[-75.64016659343889,45.40383348596734],[-75.64024094699495,45.403830306547974],[-75.64288169119803,45.403637958594885],[-75.64284014591277,45.403510099435735],[-75.64271605892762,45.403176664955936],[-75.64234571048543,45.4022283635083],[-75.64230393523147,45.40218318430444],[-75.64281773923463,45.40154771097526],[-75.64282126871537,45.40143384318149],[-75.6426957102898,45.401518655412254]]]},"properties":{"ZONE_CODE":"IP11[374] S123","ZONE_MAIN":"IP","ZNAME_EN":"Industrial Zone","LABEL":null}},{"type":"Feature","geometry":{"type":"Polygon","coordinates":[[[-75.91342379200522,45.358451611279506],[-75.91337554079637,45.35849454169454],[-75.913293687206,45.35856736905581],[-75.91674664496982,45.36127273281216],[-75.91690223856693,45.36117444365461],[-75.9189776145712,45.35986468351055],[-75.91892193070167,45.35973030786699],[-75.91889770224014,45.35967183055341],[-75.91889649310777,45.35965943684446],[-75.9188867966926,45.35956009203248],[-75.91887870197357,45.359477193147875],[-75.91876542261961,45.3593493836773],[-75.91862221140039,45.359225061352625],[-75.91847313328405,45.359155464742685],[-75.91825849881322,45.35899690882906],[-75.9178528016646,45.35879910734796],[-75.91773510888764,45.358718200095815],[-75.91752947104438,45.358538526841464],[-75.91744084685172,45.358384630122],[-75.91729782607533,45.358294111949895],[-75.91718569297167,45.358225556972045],[-75.91670143096493,45.35810775964837],[-75.91639690567689,45.358048636810466],[-75.91617852702795,45.357855747364646],[-75.91570415996406,45.3578367222361],[-75.91543481449918,45.35786576175044],[-75.91527233801035,45.35786716559487],[-75.91488467903264,45.35787049783152],[-75.91473639412871,45.35787177606206],[-75.91469491352215,45.35783818667888],[-75.91459179321573,45.357754663513646],[-75.91459163241728,45.357754600391026],[-75.91432548136156,45.35764933826509],[-75.91342379200522,45.358451611279506]]]},"properties":{"ZONE_CODE":"IP8[1707] H(15)","ZONE_MAIN":"IP","ZNAME_EN":"Industrial Zone","LABEL":null}},{"type":"Feature","geometry":{"type":"Polygon","coordinates":[[[-75.6229199865211,45.41972222395571],[-75.62346083071263,45.41957392454236],[-75.62346641374214,45.419574505266276],[-75.623282983151,45.419224402704764],[-75.62328514270094,45.419223797386195],[-75.624403993489,45.418755033586265],[-75.62399934736926,45.41808253776562],[-75.6252706925667,45.417725651250194],[-75.62658724637912,45.41735605478397],[-75.62653558336882,45.41725855987478],[-75.62605002329649,45.41637627991676],[-75.62729866177847,45.41656198053611],[-75.62644070241018,45.41500266179056],[-75.62589282710493,45.41508862338788],[-75.62396128664899,45.415391660306476],[-75.62399984503594,45.415461866848474],[-75.62257946034973,45.415675336171674],[-75.62252720624797,45.41585171285073],[-75.61670684096079,45.41743651872869],[-75.61523379164272,45.41476591359282],[-75.61503768492462,45.414410353694834],[-75.61418336552985,45.41273850084684],[-75.6129390488427,45.413292826778694],[-75.61310258444522,45.41368280063237],[-75.61316669002052,45.414003747788186],[-75.61298889006962,45.414690392197116],[-75.61284548481429,45.41474820094871],[-75.61288123506765,45.41517310739279],[-75.61296142677473,45.41532224884327],[-75.61322595187983,45.41580320121593],[-75.61349941701862,45.41630698379749],[-75.61405213424325,45.41731009191028],[-75.61430829333811,45.41777709142876],[-75.61481550640204,45.41869814385884],[-75.61499523413755,45.41902567753142],[-75.6153646510268,45.419270029203695],[-75.61565863368666,45.419402640366364],[-75.6154961302484,45.4196960573938],[-75.61548219288676,45.41991304547561],[-75.61549783255587,45.41993986958202],[-75.61562883028049,45.4201801894757],[-75.61577546947083,45.42044733347296],[-75.61606147149773,45.42096836854559],[-75.61618927211826,45.42120119035457],[-75.61662329045284,45.42148186920081],[-75.61685204554162,45.421569155733025],[-75.6175698335896,45.421843038995185],[-75.6187734682725,45.422036095436574],[-75.61934547591956,45.42208524294343],[-75.61943248673796,45.42209272013997],[-75.62018751444606,45.42215755210217],[-75.62023070813987,45.42216130740418],[-75.62042544852042,45.42219441533666],[-75.6206201897993,45.42222752324973],[-75.62157469650107,45.42238979524789],[-75.62236992561476,45.42228300843675],[-75.62165612249336,45.422084249892976],[-75.62209070676657,45.42131138148101],[-75.62079518970147,45.42096488681021],[-75.62116465330311,45.42030598249251],[-75.62105917402076,45.420114994579585],[-75.62099093260188,45.41991714330602],[-75.62099319366146,45.41975742353947],[-75.621100536948,45.41960389770646],[-75.62120693430859,45.419516031825204],[-75.62145498520968,45.41943932632689],[-75.62180872649719,45.419342646518224],[-75.6222779632825,45.420194119131665],[-75.62245948764858,45.420144506539096],[-75.62254402630334,45.420297908579684],[-75.62267083698043,45.4205280118049],[-75.62292446552111,45.42098821165893],[-75.62328559275691,45.42164351345951],[-75.62299685535997,45.42156302272314],[-75.62291439540677,45.42170742223683],[-75.62285346268105,45.42181165341348],[-75.62354614910505,45.42200419420573],[-75.6236803214759,45.421764812711196],[-75.62377261977808,45.421786430434665],[-75.62411909369494,45.42188201464523],[-75.62391332469767,45.421512565813366],[-75.62426889226016,45.421414354879424],[-75.62410116242357,45.42110935847182],[-75.62428423009533,45.421057843775074],[-75.62398547648296,45.42051803878041],[-75.62360182129648,45.41983294509449],[-75.62359060044027,45.419835950847016],[-75.6234250822559,45.419880293086884],[-75.62306199399785,45.41997984909136],[-75.6229511257221,45.42001051688558],[-75.62280804116534,45.41975347387298],[-75.6229199865211,45.41972222395571]],[[-75.62336926363909,45.420776223341804],[-75.62348439442087,45.42074610767129],[-75.62384876187987,45.4206465713031],[-75.62393461836317,45.420800979554734],[-75.62345353369759,45.42093025355665],[-75.62336926363909,45.420776223341804]]]},"properties":{"ZONE_CODE":"IL2 F(0.7) H(14)","ZONE_MAIN":"IL","ZNAME_EN":"Industrial Zone","LABEL":null}},{"type":"Feature","geometry":{"type":"Polygon","coordinates":[[[-75.670499678651,45.34241706345871],[-75.67039351036081,45.34246045622361],[-75.67081645246796,45.34298843411851],[-75.67084170860215,45.343019962617184],[-75.67085456439219,45.34301473280855],[-75.67095521972146,45.34297390833627],[-75.67124638706125,45.34285581471215],[-75.67125066034704,45.3428540809085],[-75.67174366116485,45.34265412361562],[-75.67228880559166,45.34243301192162],[-75.67251741874664,45.34233946530506],[-75.67263884312527,45.342289779296415],[-75.67292742241872,45.34219837604546],[-75.6729721486384,45.34218420932704],[-75.67305781108558,45.34215989032222],[-75.67269679254593,45.34151876293076],[-75.670499678651,45.34241706345871]]]},"properties":{"ZONE_CODE":"IL F(1.0) H(11)","ZONE_MAIN":"IL","ZNAME_EN":"Industrial Zone","LABEL":null}},{"type":"Feature","geometry":{"type":"Polygon","coordinates":[[[-75.42534646688613,45.34745513425352],[-75.42652131775068,45.34758713932469],[-75.42777286497758,45.34725922118239],[-75.43154718155955,45.34621166075783],[-75.43158227065285,45.34620192210599],[-75.43372943282812,45.34560590395272],[-75.43376049118076,45.3455972871267],[-75.43384644827535,45.34557342606285],[-75.4338501897585,45.345572387472146],[-75.43411814822461,45.34549799591643],[-75.43442740044769,45.345412144377484],[-75.43692456332563,45.34471887728631],[-75.43541655966153,45.3420073735047],[-75.43648299465109,45.34171246511435],[-75.43850287902531,45.34115337768451],[-75.44063756360127,45.34056246001206],[-75.44081485510574,45.34051115790661],[-75.44068116962178,45.34026038946011],[-75.44052665939293,45.34030318213383],[-75.4405013206137,45.34031019974533],[-75.43949780183003,45.34058798065957],[-75.43860718151464,45.340834503283816],[-75.43848771995489,45.34086757110807],[-75.43836823683557,45.34090064396428],[-75.4379256602513,45.341023140720324],[-75.43748617476992,45.34114478228017],[-75.43704965911884,45.34126560463968],[-75.43661598843227,45.34138563053481],[-75.43634324913224,45.34146111667332],[-75.43618517438831,45.34150483597714],[-75.43575704720537,45.34162324749095],[-75.43533164910427,45.34174090170264],[-75.43490885971075,45.341857833975574],[-75.43372104615663,45.34218632893654],[-75.43372105424147,45.342186305574764],[-75.43242628816796,45.342544311976646],[-75.4321671834973,45.34261595326838],[-75.43216710534386,45.34261602082766],[-75.43107366789519,45.34065456109421],[-75.4310603144385,45.34062782878696],[-75.43050012143406,45.3395066510566],[-75.43046213707058,45.339430626859134],[-75.43015615022357,45.338818185082104],[-75.43004589909043,45.33859752251547],[-75.42975065789085,45.33800657185372],[-75.4339362294981,45.33685892259803],[-75.43559202489105,45.33640993619624],[-75.43805393158904,45.33572553461114],[-75.43805986226653,45.33572388394343],[-75.43808519026598,45.3357168449249],[-75.43823675222409,45.33567472256618],[-75.43760309769065,45.33448587466286],[-75.43710795439087,45.333556859268604],[-75.43652303525823,45.33245278802495],[-75.43637795554324,45.332178400729155],[-75.43577139779205,45.33108577676761],[-75.43509221933495,45.32986228618475],[-75.4350090101868,45.32971238744299],[-75.4339966205397,45.32806818209778],[-75.41761980290418,45.33250889120762],[-75.42022823829976,45.33755304557468],[-75.42534646688613,45.34745513425352]]]},"properties":{"ZONE_CODE":"RH[860r] H(18)-h","ZONE_MAIN":"RH","ZNAME_EN":"Rural Industrial Zone","LABEL":null}},{"type":"Feature","geometry":{"type":"Polygon","coordinates":[[[-75.50302767202261,45.449115577179455],[-75.5030307864817,45.449121095895634],[-75.50303369342996,45.44912667195998],[-75.50303639107075,45.44913229844032],[-75.5030388740142,45.44913797344593],[-75.50304114675187,45.449143692565386],[-75.50304320119892,45.44914945264763],[-75.50304504005031,45.44915524865108],[-75.50304666240771,45.4491610767944],[-75.50304806377956,45.44916693266617],[-75.50304924506416,45.44917281248512],[-75.5030502062615,45.449178711839835],[-75.50305094557498,45.4491846282095],[-75.50305146210627,45.44919055529203],[-75.503051757652,45.44919648993642],[-75.50305182951722,45.449202428361396],[-75.50305167949857,45.44920836615553],[-75.5030513049011,45.449214298277234],[-75.50305070931806,45.44922022220561],[-75.50304989185115,45.449226132899064],[-75.50304885250038,45.44923202657637],[-75.5030091164221,45.44945976014019],[-75.50300762881199,45.449473746851396],[-75.5030065723932,45.44948775309535],[-75.50300594716578,45.44950177193989],[-75.50300575402798,45.449515797082974],[-75.50300599118322,45.44952982222253],[-75.50300666042811,45.44954384105662],[-75.50300775996601,45.44955784476241],[-75.50300929069526,45.44957182955866],[-75.50301124992089,45.4495857872528],[-75.50301363943956,45.44959971217305],[-75.50301645565797,45.449613597387206],[-75.50301969947445,45.44962743596311],[-75.50302336729578,45.44964122222895],[-75.50302745822357,45.44965494988282],[-75.50303197046124,45.44966861136236],[-75.50303690311047,45.449682200995795],[-75.50304224988304,45.44969571185096],[-75.5030480134739,45.449709138886334],[-75.50305418759484,45.44972247453958],[-75.50306077044925,45.44973571313897],[-75.50341755433064,45.45031333074369],[-75.50348415812076,45.45042115790642],[-75.50353474315271,45.45040997578383],[-75.50358543149093,45.45039902493948],[-75.50363621954214,45.45038830852448],[-75.50368710550973,45.450377823387946],[-75.50373808759704,45.450367571420614],[-75.50378916310918,45.450357554513175],[-75.50384033114774,45.450347771405404],[-75.50389158632292,45.45033822272761],[-75.50394293132962,45.45032890911007],[-75.50399435987964,45.450319830552914],[-75.50404587197298,45.45031098894681],[-75.50409746311804,45.45030238240135],[-75.5041491351115,45.450294013437414],[-75.50420088256345,45.450285881424804],[-75.50425270367724,45.45027798573357],[-75.50430459665627,45.450270328884486],[-75.50435655970388,45.45026290898711],[-75.50440859102343,45.45025572856234],[-75.50446068612341,45.45024878571963],[-75.50451075282746,45.45024235081218],[-75.50471481322907,45.4501632160741],[-75.50467826706837,45.450104053376066],[-75.50423991885413,45.449394409369894],[-75.50429078146551,45.449356296560026],[-75.50434022923032,45.44931727244932],[-75.5043882289109,45.449277363504585],[-75.50443474726957,45.44923659430187],[-75.50447975556025,45.44919499319859],[-75.50452322054528,45.44915258729173],[-75.5045651170718,45.4491094061992],[-75.50460541369881,45.44906547701806],[-75.50464408527348,45.44902083062677],[-75.50468110574467,45.44897549664336],[-75.50471645085783,45.44892950342562],[-75.50475009546018,45.44888288437293],[-75.50478201889042,45.44883566847339],[-75.50481219958903,45.44878788849642],[-75.50484061689473,45.44873957532095],[-75.50486725104459,45.44869076171651],[-75.50489208676724,45.448641480452814],[-75.50491510519807,45.44859176366952],[-75.50493629106573,45.448541645396894],[-75.50495563179382,45.44849115840498],[-75.50514735293669,45.44831118874736],[-75.50584260494915,45.44810217305391],[-75.50555940476762,45.44763566955759],[-75.50534843721977,45.44728087694344],[-75.50511522648718,45.4468886696975],[-75.50459834934743,45.44603133136895],[-75.50435695586091,45.44563091909657],[-75.500284810033,45.44821047521538],[-75.5002237964589,45.448249109988126],[-75.50012332079268,45.44831218637811],[-75.50036980233698,45.44871005940517],[-75.50209964675709,45.44761433903204],[-75.50302767202261,45.449115577179455]]]},"properties":{"ZONE_CODE":"IH[1] H(11)","ZONE_MAIN":"IH","ZNAME_EN":"Industrial Zone","LABEL":null}},{"type":"Feature","geometry":{"type":"Polygon","coordinates":[[[-75.60167156018404,45.383641654808486],[-75.60150014276321,45.38333815290926],[-75.60149618748102,45.38333115135884],[-75.60100282374383,45.38245761516961],[-75.60023349844967,45.38267352101357],[-75.60066816806282,45.38344268014367],[-75.60075958332108,45.38363022789989],[-75.60075910541737,45.38366036083775],[-75.60090597637304,45.38365735063628],[-75.60164531051312,45.38364219236714],[-75.60167156018404,45.383641654808486]]]},"properties":{"ZONE_CODE":"IL2 H(14)","ZONE_MAIN":"IL","ZNAME_EN":"Industrial Zone","LABEL":null}},{"type":"Feature","geometry":{"type":"Polygon","coordinates":[[[-75.65071541100562,45.4212844312922],[-75.64738069399107,45.42151861307875],[-75.64721900083319,45.42152996486156],[-75.64724823380918,45.42173109545205],[-75.64727877383388,45.42194120441718],[-75.64665350237868,45.42268598230753],[-75.64813395830627,45.42257951572149],[-75.64906774267106,45.42251477251432],[-75.64942466668964,45.4224900214664],[-75.6498428450308,45.42246084048649],[-75.65067415407957,45.42239876543929],[-75.6508825057333,45.422383205841584],[-75.65086848482837,45.42236568410783],[-75.65078299395941,45.42176181841057],[-75.65071541100562,45.4212844312922]]]},"properties":{"ZONE_CODE":"IL H(11)","ZONE_MAIN":"IL","ZNAME_EN":"Industrial Zone","LABEL":null}},{"type":"Feature","geometry":{"type":"Polygon","coordinates":[[[-75.52025120032242,45.44891564892328],[-75.51953938157949,45.44773464533416],[-75.51908388183153,45.44697807611034],[-75.51908354047173,45.44697806287553],[-75.51868103952889,45.446309394159954],[-75.51850248229819,45.44601275375955],[-75.51841485074391,45.44586649985496],[-75.51774602806542,45.44475021448885],[-75.51751191542428,45.444364121441346],[-75.51700825609562,45.4435334807467],[-75.51700585400054,45.44352951950806],[-75.51678746636846,45.44316934501067],[-75.51670598378229,45.44303496188343],[-75.51620609378455,45.44221049100216],[-75.51545704166973,45.440975032453075],[-75.51545888321607,45.440974279247904],[-75.51660253828575,45.44050674866039],[-75.51660745835855,45.440504737995504],[-75.5176279256567,45.44008755058356],[-75.51768036301478,45.440066112572815],[-75.51768121371936,45.44006656198198],[-75.51768083103705,45.44006592158969],[-75.51767134033607,45.44005097069647],[-75.5181379872784,45.43986044920122],[-75.51879446351161,45.43959241945691],[-75.51913150332138,45.43945340445506],[-75.5194299497099,45.43933030710322],[-75.51970041806891,45.43921874743397],[-75.5198785036841,45.43914529404223],[-75.51935507962254,45.43827766455089],[-75.51935500865564,45.43827767652713],[-75.51871615916492,45.43846887718449],[-75.51856014246133,45.438624471491885],[-75.51834784361023,45.43881201700111],[-75.51810962027835,45.438991066442846],[-75.51793525907833,45.439113006010224],[-75.51774578731693,45.43923384856309],[-75.51752736195559,45.43947782660493],[-75.51729704469652,45.439550870490585],[-75.51705601951927,45.439511060528865],[-75.51691744091197,45.439392907493165],[-75.51685685313932,45.439088246482164],[-75.5169545000107,45.43883821063095],[-75.5175697741151,45.43823843422278],[-75.51799846544003,45.437917860568014],[-75.5179334229219,45.43758355954648],[-75.51755911560426,45.43781949222725],[-75.51728893740108,45.437438533116854],[-75.5164031670899,45.4379997128208],[-75.51628464426963,45.43807467923438],[-75.51617793339703,45.43814217804261],[-75.5144280044438,45.43924896544606],[-75.51342299355844,45.43988503442504],[-75.51238367062248,45.440542794386126],[-75.5123838422007,45.44054307739175],[-75.51262583935508,45.44094318604619],[-75.51420718776717,45.44351365564283],[-75.5153668032045,45.44544917625123],[-75.51576903465275,45.4461205147753],[-75.51580003102163,45.44617185660264],[-75.51638179257603,45.44713546894207],[-75.51637236385882,45.44713825392134],[-75.51791820276603,45.44969366055054],[-75.5179184075819,45.44969375192952],[-75.5182566951516,45.44955794622481],[-75.51861295082362,45.4501461812819],[-75.51936782851305,45.44984432789327],[-75.52019421838732,45.44951781814014],[-75.52015061596008,45.44943331683967],[-75.52012397192874,45.44940928027211],[-75.52009833311222,45.44936396928823],[-75.52009220480537,45.44935356336695],[-75.5199312958767,45.44908759853435],[-75.51991073254155,45.4490528993485],[-75.51991017468775,45.44905195844945],[-75.51998578768185,45.44902176396382],[-75.52020647769602,45.4489336375923],[-75.52025120032242,45.44891564892328]]]},"properties":{"ZONE_CODE":"IL2 H(14)-h","ZONE_MAIN":"IL","ZNAME_EN":"Industrial Zone","LABEL":null}},{"type":"Feature","geometry":{"type":"Polygon","coordinates":[[[-75.68026070156132,45.14597838654023],[-75.67515351596472,45.148234166546146],[-75.6727011332054,45.1492800056315],[-75.67112461772953,45.150278619468274],[-75.67149345430708,45.15055553637407],[-75.67154693460921,45.15059568908071],[-75.67230429703875,45.15123902814629],[-75.67241069709425,45.15118263227456],[-75.6731956369047,45.15087444041586],[-75.6735783012494,45.15111834703259],[-75.67443439391856,45.1507672932916],[-75.67498224407097,45.150542628127184],[-75.67719859089614,45.14964478792234],[-75.67911433357949,45.148857534189474],[-75.68067813160587,45.14821981452508],[-75.68128267982578,45.14795772177012],[-75.68026070156132,45.14597838654023]]]},"properties":{"ZONE_CODE":"RG1[57r]","ZONE_MAIN":"RG","ZNAME_EN":"Rural Industrial Zone","LABEL":null}},{"type":"Feature","geometry":{"type":"Polygon","coordinates":[[[-75.79066001809092,45.264694046797445],[-75.79010156691982,45.26492912569322],[-75.78549620000388,45.26679762074034],[-75.78707228788166,45.269617961220604],[-75.78773058859322,45.26972846044805],[-75.78879991975124,45.27001845011711],[-75.79001216478612,45.27202272094169],[-75.79589212251263,45.270878915303655],[-75.79522799892139,45.27010207803363],[-75.7941162699769,45.26880161079509],[-75.79243872816757,45.26687666144892],[-75.79162201943711,45.26593944817932],[-75.79066001809092,45.264694046797445]]]},"properties":{"ZONE_CODE":"IP[2045] H(45)","ZONE_MAIN":"IP","ZNAME_EN":"Industrial Zone","LABEL":null}},{"type":"Feature","geometry":{"type":"Polygon","coordinates":[[[-75.62538683215652,45.37646684246052],[-75.62597446689625,45.376226375070196],[-75.62532617611191,45.375058843833145],[-75.62498869253439,45.37445103507634],[-75.62282493218764,45.37532382603891],[-75.62261663712776,45.375407842603956],[-75.62241963748426,45.3754873061744],[-75.62183567056584,45.37572284397924],[-75.62125169915582,45.37595837827894],[-75.62121657772316,45.375972542222854],[-75.62094312246583,45.37608283420748],[-75.62071044084094,45.37617668094852],[-75.62042966521237,45.37628992128897],[-75.62002524097652,45.376453033903346],[-75.61993870446857,45.37648793547791],[-75.61954410331033,45.375800428545894],[-75.61928849937433,45.37535507338544],[-75.62028449117426,45.37495488354346],[-75.62108927117605,45.374631513482846],[-75.62096096210905,45.374408496655704],[-75.61991689247516,45.3747528360798],[-75.61977374773124,45.3747993705931],[-75.61657194814109,45.37584016353984],[-75.61648432377334,45.37586864482223],[-75.61627589486447,45.37592415283479],[-75.61625454460511,45.37593103730113],[-75.61623310451422,45.37593777978637],[-75.6162115745918,45.375944378397534],[-75.61618995753282,45.3759508331346],[-75.61616825513386,45.37595714399762],[-75.61614646739496,45.37596331035568],[-75.61612459880769,45.37596933031574],[-75.61610265206699,45.37597520577085],[-75.61608062627454,45.375980934197074],[-75.61605852322697,45.37598651559434],[-75.61603634921251,45.37599194933177],[-75.61601410153617,45.37599723477832],[-75.61599178379124,45.37600237256507],[-75.61596939777436,45.37600736142998],[-75.6159469470788,45.376012200111134],[-75.61592443170451,45.3760168905016],[-75.6159018552448,45.37602142944623],[-75.61587921769963,45.37602581820721],[-75.6158565235606,45.37603005615349],[-75.61583377192942,45.37603414265412],[-75.61583358777477,45.37603417546727],[-75.61581222583732,45.37603786442357],[-75.61579081718747,45.376041420233946],[-75.6157693663168,45.37604484226733],[-75.61574787142868,45.37604812989288],[-75.615726337913,45.376051283741475],[-75.61570476397313,45.37605430255121],[-75.61568315410065,45.37605718758413],[-75.61566150829559,45.37605993694714],[-75.61563982925283,45.37606255190231],[-75.61561811876904,45.376065031187636],[-75.61559637504757,45.37606737417216],[-75.6155746061733,45.37606958211788],[-75.61555280855293,45.37607165376277],[-75.61553098577974,45.376073589737906],[-75.61550914054867,45.376075389412236],[-75.61548727375802,45.37607705215476],[-75.61546538630613,45.37607857922757],[-75.61544347998961,45.376079968737585],[-75.61542155840172,45.376081221946876],[-75.61539962064417,45.376082338855426],[-75.61437444886887,45.37641563347583],[-75.61440092222031,45.37641576094152],[-75.61442739557174,45.37641592753028],[-75.61445386802484,45.376416133242124],[-75.61448033957964,45.37641637807713],[-75.61450681023611,45.376416659511186],[-75.61453327909595,45.37641698196141],[-75.61455974975243,45.37641734164167],[-75.61458621771396,45.37641774044509],[-75.61461268387887,45.37641817774056],[-75.61463914824714,45.37641865352816],[-75.6146656126154,45.37641916843888],[-75.61469207428873,45.37641972247266],[-75.61471853506374,45.37642031499858],[-75.61474499404211,45.37642094538556],[-75.61477145032553,45.37642161489565],[-75.61479790571067,45.376422322897824],[-75.61482435840085,45.37642306939207],[-75.61485080929437,45.37642385500943],[-75.61487725659465,45.37642467911886],[-75.61490370209832,45.37642554172042],[-75.61490375599722,45.376425542351456],[-75.61494239074096,45.376426911029334],[-75.61498101919649,45.37642835858445],[-75.61501964136382,45.37642988880285],[-75.61506343782719,45.3764317326371],[-75.61510722171413,45.37643368058921],[-75.6151509777533,45.376435735814304],[-75.61515101458423,45.37643573707636],[-75.61520005092065,45.37643815955375],[-75.61524907288403,45.37644071328271],[-75.61529808137264,45.37644340204937],[-75.61534707458992,45.37644622269863],[-75.61539605253586,45.376449176492436],[-75.61544501341379,45.37645226279981],[-75.61549395632541,45.37645548162071],[-75.61554288216904,45.37645883484819],[-75.61559178914807,45.37646231869604],[-75.61564067636414,45.37646593568843],[-75.61568954291896,45.37646968645624],[-75.61573839060917,45.37647356847548],[-75.61578721494318,45.376477583639065],[-75.61583601861594,45.376481731316034],[-75.61588479893248,45.37648601024426],[-75.61593355499453,45.37649042294782],[-75.61598228590374,45.376494966271586],[-75.61603099345676,45.376499642739645],[-75.61607967316202,45.376504450458825],[-75.61612832771443,45.37650939132219],[-75.61615954686549,45.37651155760353],[-75.61619075883004,45.37651377878324],[-75.61622196270976,45.37651605296829],[-75.61625315940294,45.376518382051714],[-75.6162843480113,45.37652076540252],[-75.61631552583987,45.37652320112762],[-75.61634669917684,45.37652569238209],[-75.61637785993743,45.37652823664186],[-75.61640901351149,45.37653083579997],[-75.61644015810238,45.37653348796337],[-75.61647129281182,45.37653619565616],[-75.61650241763978,45.37653895572315],[-75.61653353258629,45.37654177005742],[-75.61656463854962,45.37654463865904],[-75.61659573552981,45.37654756026588],[-75.6166268199336,45.376550536770985],[-75.61665789445588,45.37655356628133],[-75.61668895819842,45.37655665005896],[-75.61672001116116,45.37655978684175],[-75.61675105424243,45.37656297852284],[-75.61675261820935,45.37656578212868],[-75.61706512862196,45.3771255489366],[-75.61706667462256,45.37712831086784],[-75.61701392914233,45.37712570479605],[-75.61696119803517,45.37712295296083],[-75.61690848309766,45.37712005725516],[-75.61685578522815,45.37711701641698],[-75.6168031035283,45.37711382792222],[-75.6167504406931,45.377110496187925],[-75.61669779582418,45.37710701995211],[-75.61664517251485,45.37710339732164],[-75.6165925671718,45.37709963082062],[-75.61653998518496,45.37709571918688],[-75.6164874247577,45.3770916624205],[-75.6164348867883,45.37708746115236],[-75.6163823721751,45.37708311538251],[-75.61632988271472,45.37707862384885],[-75.61627741930552,45.377073989706446],[-75.61622498104911,45.37706920980016],[-75.6161725706405,45.377064286023014],[-75.616120186283,45.377059216481896],[-75.61606783156994,45.3770540043319],[-75.61601550560296,45.37704864704887],[-75.61601541846638,45.377048643262796],[-75.6157489242542,45.3770331898016],[-75.61564723855729,45.37702765267842],[-75.61554548997832,45.37702272448054],[-75.6154436857038,45.37701840583921],[-75.61534183202194,45.377014697385526],[-75.61523993881421,45.37701159848863],[-75.61513801147049,45.37700911041062],[-75.61503605627901,45.37700723378263],[-75.61493408401952,45.37700596734263],[-75.61483209918364,45.37700531235273],[-75.6147301107545,45.37700526755091],[-75.61462812412196,45.37700583419921],[-75.61452615006584,45.3770070116666],[-75.61442419307774,45.37700879995302],[-75.61432226124246,45.37701119779638],[-75.61422036174652,45.377014207720734],[-75.61411850177646,45.37701782783282],[-75.61401669031541,45.37702205750162],[-75.61391493275329,45.37702689672697],[-75.61381323717491,45.37703234550866],[-75.61371161166514,45.37703840321557],[-75.61372139431859,45.37711599354939],[-75.61273063969678,45.37719407911911],[-75.61279314716919,45.37730238861768],[-75.61289474033961,45.377478457287204],[-75.61299633440836,45.377654525408495],[-75.61302873035245,45.377711652085225],[-75.61361188070231,45.37873979935385],[-75.61293866885534,45.379427155078616],[-75.61265302525622,45.37971879596769],[-75.61195769149708,45.38042871791226],[-75.61161940213077,45.38077409711152],[-75.61136294659187,45.38087770661098],[-75.6112724476152,45.38091373488696],[-75.61049598879937,45.38122279724066],[-75.60971952100039,45.38153185411912],[-75.60966920276807,45.38155187829251],[-75.60742074117148,45.382446775436826],[-75.60717794182155,45.38254268554742],[-75.60682953562848,45.382680315063524],[-75.60667089314931,45.382742978905206],[-75.6065401891738,45.38279460931065],[-75.60598955693892,45.38301270766149],[-75.60620280980085,45.3833956195989],[-75.60568944507385,45.38359895105557],[-75.60425180015778,45.38416834881043],[-75.60414514228577,45.3839768778012],[-75.60306588384555,45.38440349208704],[-75.60325017681936,45.384640496879975],[-75.60325035738073,45.384640726537114],[-75.60325031605822,45.38464074231026],[-75.6039412139365,45.38586860422429],[-75.60409539897523,45.38582472802442],[-75.60577156905713,45.385158521562204],[-75.60593498787867,45.385196803280415],[-75.60630852264516,45.38524649830755],[-75.60929971042034,45.38579732430959],[-75.60939265461123,45.3858332112806],[-75.6095144985031,45.38578433758768],[-75.60968043440405,45.38571778248368],[-75.61012577510448,45.38553915902374],[-75.61056185507265,45.38536424606024],[-75.61093052905514,45.385216368738824],[-75.61130903330178,45.38506454524746],[-75.61182645482059,45.38485699502701],[-75.61193432541823,45.38481372562213],[-75.61230486430324,45.384665174293495],[-75.61256163964238,45.38456223042285],[-75.61275487264987,45.38448476071944],[-75.6133251204973,45.38425611636593],[-75.61445010228717,45.38380473170394],[-75.61530806255378,45.38289792234858],[-75.6157281839509,45.38239065928059],[-75.61799285834174,45.38014876005917],[-75.61871696064787,45.37954202189412],[-75.61950595275854,45.379019342682604],[-75.62030154389329,45.378592965405055],[-75.61948910485538,45.377606511014534],[-75.61975854284677,45.37749868923506],[-75.62033660154556,45.37726693667537],[-75.62454987899282,45.37556694568985],[-75.62528000360462,45.376351982649226],[-75.62538683215652,45.37646684246052]]]},"properties":{"ZONE_CODE":"IG3","ZONE_MAIN":"IG","ZNAME_EN":"Transportation Zones","LABEL":null}},{"type":"Feature","geometry":{"type":"Polygon","coordinates":[[[-75.88967651036423,45.22112582612432],[-75.89001243356809,45.22139940951433],[-75.89201038018476,45.22302650727516],[-75.89292286100259,45.22376957438256],[-75.89391183516351,45.22483205119125],[-75.89514754868519,45.22406486239546],[-75.89557962665874,45.22379659907812],[-75.89346486042758,45.22213211909746],[-75.8920189393328,45.22095738756163],[-75.89112839178094,45.22023335947321],[-75.88977394792815,45.2210658915115],[-75.88976309897447,45.221072565117765],[-75.88967651036423,45.22112582612432]]]},"properties":{"ZONE_CODE":"RG3","ZONE_MAIN":"RG","ZNAME_EN":"Rural Industrial Zone","LABEL":null}},{"type":"Feature","geometry":{"type":"Polygon","coordinates":[[[-75.6196633896986,45.34883223225938],[-75.62032024951245,45.34964469662198],[-75.62199407049988,45.34896576066125],[-75.6213336416794,45.348149549690895],[-75.62110089268086,45.34824468208365],[-75.62101013948097,45.348281777896815],[-75.6208209991979,45.348359085700395],[-75.62060682466449,45.34844662473461],[-75.62057745065303,45.34845863326287],[-75.62036057308893,45.348547277600154],[-75.6196633896986,45.34883223225938]]]},"properties":{"ZONE_CODE":"IL2","ZONE_MAIN":"IL","ZNAME_EN":"Industrial Zone","LABEL":null}},{"type":"Feature","geometry":{"type":"Polygon","coordinates":[[[-75.80705304043585,45.276631015525766],[-75.80700795578838,45.276448069052236],[-75.80687190953185,45.27622379806642],[-75.80670085592871,45.276294349359866],[-75.80666211877704,45.276310326553066],[-75.80620455020897,45.27649901702289],[-75.80617794660182,45.27654809699915],[-75.80613369199767,45.27662978160681],[-75.80500610958507,45.27871055178844],[-75.80768572209382,45.277704383977685],[-75.80714338220734,45.27679645713499],[-75.80705304043585,45.276631015525766]]]},"properties":{"ZONE_CODE":"RG[73r]","ZONE_MAIN":"RG","ZNAME_EN":"Rural Industrial Zone","LABEL":null}},{"type":"Feature","geometry":{"type":"Polygon","coordinates":[[[-75.62070972488365,45.402469933190496],[-75.62134034400974,45.40229748957553],[-75.62031429188548,45.40043793881755],[-75.62009657170164,45.400497524470545],[-75.61989336469954,45.400553135713615],[-75.62032202548176,45.4013301023201],[-75.62011250152659,45.401387461783884],[-75.62034904411055,45.401816195125015],[-75.62058559118613,45.402244928997085],[-75.62067878241369,45.40241384700379],[-75.62070972488365,45.402469933190496]]]},"properties":{"ZONE_CODE":"IL[255]","ZONE_MAIN":"IL","ZNAME_EN":"Industrial Zone","LABEL":null}},{"type":"Feature","geometry":{"type":"Polygon","coordinates":[[[-75.58079646469591,45.296511115582746],[-75.58284506192155,45.29562311964175],[-75.58278192473013,45.29551326105126],[-75.58250345687352,45.295028816309106],[-75.58224664919506,45.294582044406546],[-75.58188228083772,45.29394812601257],[-75.58055893486342,45.294524246109624],[-75.57995230345038,45.294786820512215],[-75.57944997273002,45.29500424514026],[-75.57938853604942,45.29503083594333],[-75.57904542273002,45.29518103813739],[-75.58000504713398,45.29682891504483],[-75.58079646469591,45.296511115582746]]]},"properties":{"ZONE_CODE":"RG","ZONE_MAIN":"RG","ZNAME_EN":"Rural Industrial Zone","LABEL":null}},{"type":"Feature","geometry":{"type":"Polygon","coordinates":[[[-75.90914648533945,45.336212605777945],[-75.90922162671802,45.336161129235165],[-75.90924586236606,45.33614554967682],[-75.90925719371506,45.33613828338251],[-75.90928881261644,45.33613186009626],[-75.91034091498562,45.33591819069302],[-75.91058204436744,45.33527651080638],[-75.90916426299891,45.33501140037103],[-75.90914644311863,45.33500747382878],[-75.90887114900991,45.33573958928065],[-75.90914648533945,45.336212605777945]]]},"properties":{"ZONE_CODE":"IG6[1545] H(14)","ZONE_MAIN":"IG","ZNAME_EN":"Transportation Zones","LABEL":null}},{"type":"Feature","geometry":{"type":"Polygon","coordinates":[[[-75.97965829368553,45.29939458689902],[-75.97840957345687,45.2983851866977],[-75.97777062335484,45.29786867576456],[-75.97718434417285,45.29739472929885],[-75.97716537265238,45.29737939247022],[-75.97700966496923,45.29718915630415],[-75.9767213201361,45.296955473579274],[-75.9765666562953,45.29683012830348],[-75.97636765071377,45.29666884556002],[-75.976254810636,45.29657739585679],[-75.97593836739907,45.29632093400768],[-75.97582211462151,45.29639283850695],[-75.97580207410584,45.29640476139131],[-75.97500481030804,45.296895117223166],[-75.97525051930117,45.297128500675136],[-75.97549619056507,45.29736184398879],[-75.9754974913256,45.29736295486831],[-75.9754942636788,45.29736456368464],[-75.97602953382398,45.29782020126217],[-75.97622994796387,45.297990811257826],[-75.97624859968413,45.297979166107844],[-75.9766494629982,45.298305398117556],[-75.97705033170215,45.298631632041605],[-75.97745120399937,45.298957868511835],[-75.97775280437284,45.29920203091502],[-75.97873816550971,45.29999971770051],[-75.97933776760564,45.29960609404717],[-75.97955432716614,45.299463184052094],[-75.97957420059517,45.29945007135579],[-75.97965829368553,45.29939458689902]]]},"properties":{"ZONE_CODE":"RG4","ZONE_MAIN":"RG","ZNAME_EN":"Rural Industrial Zone","LABEL":null}},{"type":"Feature","geometry":{"type":"Polygon","coordinates":[[[-75.80288269078108,45.269547125983635],[-75.80213066703928,45.268259834853026],[-75.802010104145,45.2683101332948],[-75.80197639576228,45.26832419583539],[-75.80112399337233,45.26867977028147],[-75.8013441201428,45.269044146728284],[-75.80138247910376,45.26910772224332],[-75.80161854468233,45.26949901229152],[-75.80163417267332,45.26952492341388],[-75.80174887136545,45.26976227721605],[-75.80270706654976,45.269580420654954],[-75.80288269078108,45.269547125983635]]]},"properties":{"ZONE_CODE":"RG1[74r]","ZONE_MAIN":"RG","ZNAME_EN":"Rural Industrial Zone","LABEL":null}},{"type":"Feature","geometry":{"type":"Polygon","coordinates":[[[-75.92111539653826,45.30407649822254],[-75.92175747637073,45.30410335898309],[-75.92222515368069,45.30415996853293],[-75.9230420250062,45.30427748701552],[-75.92364048624174,45.304339559123406],[-75.92338543117638,45.304097356650225],[-75.92314737403284,45.303809556678715],[-75.9229446368496,45.30356953997],[-75.92275262734753,45.30335775696408],[-75.92271128597984,45.30322636718286],[-75.92269610085827,45.30309607017292],[-75.92273322643234,45.30296796217924],[-75.9227627585473,45.30277470561626],[-75.9228367671503,45.30267592503938],[-75.92274311418868,45.30254234687324],[-75.92262487433771,45.302389217259716],[-75.92250820204693,45.30221763039676],[-75.92162032608474,45.30275931969561],[-75.9195178694679,45.3040419519285],[-75.91844519118713,45.30469783952082],[-75.9192920168358,45.3043891817579],[-75.91979237395746,45.30421562965952],[-75.92016640189905,45.3041386665878],[-75.92053886048386,45.30408016027885],[-75.92102510147916,45.30407272054208],[-75.92111539653826,45.30407649822254]]]},"properties":{"ZONE_CODE":"IP[1544]","ZONE_MAIN":"IP","ZNAME_EN":"Industrial Zone","LABEL":null}},{"type":"Feature","geometry":{"type":"Polygon","coordinates":[[[-75.47396787236895,45.49072147028154],[-75.47319401507418,45.49139940407482],[-75.4729937069355,45.49157625442432],[-75.47366143277102,45.49187464192359],[-75.47489010978909,45.49376494768988],[-75.47618120444804,45.49334431176727],[-75.47612506423435,45.49325755313933],[-75.47580882491499,45.4927690417931],[-75.47507329783507,45.49164085982173],[-75.4745209075972,45.490788861372025],[-75.47446695927282,45.49070564866004],[-75.47441847719693,45.49063087185316],[-75.4743876425248,45.49058330928875],[-75.47431247240014,45.49046681304751],[-75.47396787236895,45.49072147028154]]]},"properties":{"ZONE_CODE":"IG H(21)","ZONE_MAIN":"IG","ZNAME_EN":"Transportation Zones","LABEL":null}},{"type":"Feature","geometry":{"type":"Polygon","coordinates":[[[-75.75000229707777,45.37372370697755],[-75.74948765404812,45.37282045349885],[-75.7494126689764,45.372874392538996],[-75.74925522215489,45.373070056647485],[-75.74880660350199,45.3736275540984],[-75.74824183627612,45.37432937170067],[-75.74796005004285,45.37455330258404],[-75.74756250151219,45.374783841423906],[-75.74760163032933,45.37485128780119],[-75.74795954518967,45.375468208727376],[-75.74578882828935,45.376407150068545],[-75.74597063562474,45.37672535016949],[-75.7461726460709,45.377078900862564],[-75.74632276892791,45.377341637942344],[-75.74641190156704,45.37723472620367],[-75.74687943963814,45.37680616730594],[-75.74708395907888,45.376618702292255],[-75.74733716361474,45.376386604744994],[-75.74739179555705,45.37633652205646],[-75.74757165714155,45.37617165423727],[-75.74763669067656,45.37611770130439],[-75.74773799638609,45.37601915776537],[-75.74800267779803,45.37577655055802],[-75.7481719230925,45.37559078085635],[-75.74814486673446,45.375544533480905],[-75.74828961586945,45.375408156225504],[-75.74845749392809,45.37535936501954],[-75.74852919386079,45.3753380280036],[-75.7484179869202,45.375147955115025],[-75.7487777046993,45.37504339487643],[-75.748978061347,45.37491097300109],[-75.74894204249739,45.374849486194805],[-75.7490601449061,45.37473875954448],[-75.7492635576224,45.37467964272758],[-75.74933903766583,45.3746647451941],[-75.74926821089556,45.3745436931239],[-75.74940405772611,45.3744163303913],[-75.74958397051456,45.37436402911095],[-75.74978430650103,45.3742316353038],[-75.75000229707777,45.37372370697755]]]},"properties":{"ZONE_CODE":"IL[262] H(22)-h","ZONE_MAIN":"IL","ZNAME_EN":"Industrial Zone","LABEL":null}},{"type":"Feature","geometry":{"type":"Polygon","coordinates":[[[-75.71254205385995,45.40201252037166],[-75.71260777101288,45.402091501252315],[-75.71294776178834,45.40248389559783],[-75.71308949168568,45.402450256389194],[-75.71345220534623,45.40236285767822],[-75.71379947966204,45.40227527276681],[-75.71347282437696,45.401734814541875],[-75.71254205385995,45.40201252037166]]]},"properties":{"ZONE_CODE":"IG[267] H(11)","ZONE_MAIN":"IG","ZNAME_EN":"Transportation Zones","LABEL":null}},{"type":"Feature","geometry":{"type":"Polygon","coordinates":[[[-75.7959649902552,45.269789510794894],[-75.79598813714513,45.2698011895499],[-75.7960853186892,45.26984198772824],[-75.79611954450152,45.26985635650927],[-75.79624795148486,45.269910263429566],[-75.7966442872899,45.270035564515744],[-75.79689614614948,45.27009660568142],[-75.79713976835622,45.27014273185344],[-75.79736667920372,45.27017982571222],[-75.7975684911222,45.27020188894131],[-75.79779986210508,45.27021818900844],[-75.79808617315244,45.270216968226336],[-75.798402071112,45.270207012939935],[-75.79863379692942,45.27019356283763],[-75.79895844897142,45.27015688877042],[-75.79900715742276,45.27015033029916],[-75.79889418888588,45.26961039494624],[-75.80008102417464,45.26911500535268],[-75.8002358568987,45.269050374046685],[-75.80112399337233,45.26867977028147],[-75.80197639576228,45.26832419583539],[-75.802010104145,45.2683101332948],[-75.80213066703928,45.268259834853026],[-75.80156043715819,45.26736308527154],[-75.79944587484458,45.2682820796444],[-75.79693317290887,45.26937874432024],[-75.79622092477122,45.269680964576864],[-75.7959649902552,45.269789510794894]]]},"properties":{"ZONE_CODE":"RG","ZONE_MAIN":"RG","ZNAME_EN":"Rural Industrial Zone","LABEL":null}},{"type":"Feature","geometry":{"type":"Polygon","coordinates":[[[-75.61649507570895,45.41182549444104],[-75.61618433048586,45.411784988893984],[-75.6160094662293,45.411763642923795],[-75.61405992173844,45.41249692084223],[-75.61418336552985,45.41273850084684],[-75.61462811963038,45.41360887132172],[-75.61505725112983,45.413491466186414],[-75.61506784496196,45.41337590848111],[-75.61506796623452,45.41336901596283],[-75.61506825279712,45.41336212470485],[-75.61506870285307,45.41335524542759],[-75.61506933526701,45.41334837434737],[-75.61507013297098,45.41334150641931],[-75.61507109686329,45.41333464794952],[-75.61507223592707,45.413327808397064],[-75.61507353399266,45.413320979564126],[-75.61507501890782,45.41331416901788],[-75.61507665743491,45.41330738054207],[-75.615078461252,45.41330060972244],[-75.61508044652876,45.41329386727925],[-75.61508259529893,45.413287143753436],[-75.61508490935911,45.413280448604134],[-75.61508737882782,45.41327378120078],[-75.61509002436634,45.413267151002344],[-75.61509283699148,45.413260550441684],[-75.61509579873699,45.413253985824895],[-75.61509892846743,45.41324745967431],[-75.61510222528453,45.41324096946756],[-75.61510567212027,45.41323452718622],[-75.61510928694095,45.41322812021818],[-75.61511306525504,45.41322177126521],[-75.61511698280802,45.41321545573378],[-75.61512106744759,45.41320919821745],[-75.6151253048008,45.41320298610419],[-75.6151297065457,45.413196830114316],[-75.61513424842778,45.41319072646419],[-75.61513894212513,45.413184690288425],[-75.61514377416304,45.41317869825456],[-75.6151487741859,45.41317278063177],[-75.61515391344766,45.413166915348796],[-75.61515919104995,45.41316111817088],[-75.61516460878943,45.413155380900115],[-75.61517017564924,45.41314971047322],[-75.6151758736631,45.41314412328602],[-75.61518172079727,45.41313858906935],[-75.61518769728886,45.413133135569936],[-75.61519380942605,45.41312775711244],[-75.61520005271727,45.41312246000291],[-75.6152064316541,45.41311723793524],[-75.61521293905002,45.41311208712587],[-75.61521955873536,45.41310702712363],[-75.61522631855787,45.41310204027154],[-75.61523319336474,45.41309714359603],[-75.61524019213911,45.41309232889924],[-75.61524730589787,45.41308759870358],[-75.6152545328443,45.41308296499064],[-75.61526188735154,45.41307841388712],[-75.61526933977514,45.41307395548271],[-75.61527690897972,45.41306958662442],[-75.61528457879562,45.41306531677142],[-75.61529235820598,45.41306113898698],[-75.6153002418209,45.41305705327115],[-75.61530822514884,45.41305307475856],[-75.6153162983083,45.41304918516162],[-75.61532446758748,45.41304540718221],[-75.61533273029148,45.413041718749064],[-75.6153410891152,45.41303813941103],[-75.61534953777046,45.41303465970909],[-75.61535806098587,45.41303128657989],[-75.61536667313449,45.413028015609235],[-75.61537535804665,45.41302485310316],[-75.61538413189204,45.41302179780055],[-75.61539296772118,45.41301885096261],[-75.61540187811048,45.41301601321991],[-75.61541313579761,45.413012609189714],[-75.61718585680626,45.412527561800474],[-75.61780651720909,45.41365275243656],[-75.61791707017616,45.41362249864827],[-75.61990523324107,45.41307845046244],[-75.61946635322418,45.4122844257904],[-75.61878426871715,45.412162242854656],[-75.61757728691151,45.4119731299804],[-75.61649507570895,45.41182549444104]]]},"properties":{"ZONE_CODE":"IL[1733] H(32)","ZONE_MAIN":"IL","ZNAME_EN":"Industrial Zone","LABEL":null}},{"type":"Feature","geometry":{"type":"Polygon","coordinates":[[[-76.00018170053657,45.31593099563141],[-75.9994069727743,45.31530856460121],[-75.99919719369757,45.31514002121564],[-75.99863723695006,45.315502357068965],[-75.99872317787498,45.31557006235866],[-75.99910895488217,45.31587861186264],[-75.99937577069122,45.31608260924438],[-75.99923496516033,45.316177263633534],[-75.99948788223531,45.316385054487554],[-75.9997295793524,45.31623033503582],[-76.0001378384962,45.31655299912219],[-76.00046743127226,45.31633577904427],[-76.00058724676822,45.31625680912865],[-76.00018170053657,45.31593099563141]]]},"properties":{"ZONE_CODE":"RG4","ZONE_MAIN":"RG","ZNAME_EN":"Rural Industrial Zone","LABEL":null}},{"type":"Feature","geometry":{"type":"Polygon","coordinates":[[[-75.77380958707806,45.26080025727613],[-75.77393476102469,45.26086892955981],[-75.77433079140252,45.26108619396466],[-75.77495056786314,45.261476494749054],[-75.77549192409437,45.26189389364168],[-75.77597436521602,45.262338516502616],[-75.77646479595381,45.26280468540926],[-75.77646486153084,45.262804767606234],[-75.7792772153942,45.261657030480045],[-75.77930194601396,45.26165280230732],[-75.77932447935456,45.261633016452855],[-75.78133045601156,45.260808125070575],[-75.78133067340386,45.26080797015542],[-75.78208679346334,45.26049763184919],[-75.78202665754326,45.26038878079324],[-75.78016362620417,45.25701632123015],[-75.77405653754293,45.26065320968566],[-75.77380958707806,45.26080025727613]]]},"properties":{"ZONE_CODE":"IP[2243]-h","ZONE_MAIN":"IP","ZNAME_EN":"Industrial Zone","LABEL":null}},{"type":"Feature","geometry":{"type":"Polygon","coordinates":[[[-75.4743197882798,45.49577203695729],[-75.47437264065955,45.49585925389938],[-75.47704507383257,45.495000794382975],[-75.47721961649229,45.49494472393531],[-75.47661223947755,45.49401013814787],[-75.47623736622127,45.49343107089122],[-75.47618120444804,45.49334431176727],[-75.47489010978909,45.49376494768988],[-75.47366143277102,45.49187464192359],[-75.4729937069355,45.49157625442432],[-75.47237359360666,45.492123738612904],[-75.47233116258253,45.492143217281125],[-75.47352911003135,45.49430099600906],[-75.47377107215145,45.49473680991586],[-75.47382003392771,45.49482453158792],[-75.47395107477143,45.4948454519536],[-75.47403144075172,45.494880126735744],[-75.47413740242938,45.494953767600315],[-75.4741885983157,45.495031693429986],[-75.47418503290235,45.495113907355545],[-75.47415680963276,45.495494580156695],[-75.47419798391381,45.495596607762735],[-75.47424976101016,45.495656479605984],[-75.4742778513291,45.49570283266803],[-75.47427858974426,45.49570320733089],[-75.47428083283751,45.49570600628314],[-75.47430851711795,45.49574053633752],[-75.4743197882798,45.49577203695729]]]},"properties":{"ZONE_CODE":"IL4 H(21)","ZONE_MAIN":"IL","ZNAME_EN":"Industrial Zone","LABEL":null}},{"type":"Feature","geometry":{"type":"Polygon","coordinates":[[[-75.97965829368553,45.29939458689902],[-75.97957420059517,45.29945007135579],[-75.97955432716614,45.299463184052094],[-75.97933776760564,45.29960609404717],[-75.97873816550971,45.29999971770051],[-75.97576960090663,45.30194837827617],[-75.97553253460484,45.30210446928251],[-75.9742121827154,45.302973800354096],[-75.97322294624642,45.303625096160765],[-75.97337451449275,45.303752638446774],[-75.97452219760815,45.30471838560192],[-75.97566254957255,45.305677911329646],[-75.97577989290484,45.30559890444949],[-75.97645278135832,45.30514646380521],[-75.97693357496973,45.304823174985785],[-75.97721511686125,45.30463386350405],[-75.97757752868789,45.30439016866274],[-75.97781788372194,45.30422918226621],[-75.97810870610866,45.304036714729435],[-75.97838771834432,45.303852057188614],[-75.97860190455583,45.30371030403332],[-75.97866672968166,45.30366740220551],[-75.97894897585238,45.303480605976105],[-75.97904832143796,45.30341485692837],[-75.97908866208242,45.303388152536016],[-75.97947747090369,45.30313083692211],[-75.98007429181553,45.30273582474042],[-75.98163333326248,45.301698509445664],[-75.98198738087551,45.301462930155616],[-75.98200296484906,45.30145256206387],[-75.98211344684923,45.30137905906943],[-75.98173824301293,45.30107579826255],[-75.98070055321416,45.30023705713472],[-75.97965829368553,45.29939458689902]]]},"properties":{"ZONE_CODE":"RG5","ZONE_MAIN":"RG","ZNAME_EN":"Rural Industrial Zone","LABEL":null}},{"type":"Feature","geometry":{"type":"Polygon","coordinates":[[[-75.94888051905161,45.27458770763028],[-75.94905455685813,45.2747246148132],[-75.94918981978371,45.27463932798527],[-75.94960731899853,45.27438062645719],[-75.9494360722576,45.27424591961572],[-75.94899814625155,45.27451727495648],[-75.94888051905161,45.27458770763028]]]},"properties":{"ZONE_CODE":"RG3","ZONE_MAIN":"RG","ZNAME_EN":"Rural Industrial Zone","LABEL":null}},{"type":"Feature","geometry":{"type":"Polygon","coordinates":[[[-75.97705326020996,45.27878966503442],[-75.976165156974,45.279354135266374],[-75.9738104013231,45.280870516562246],[-75.97075666295639,45.28281606107565],[-75.97015938839533,45.28319656093528],[-75.96924604788978,45.28377947987446],[-75.96669057626505,45.285386488377775],[-75.96537959110908,45.28620124201889],[-75.96450139718903,45.28681449093169],[-75.9644669602726,45.286838539810724],[-75.96434576047277,45.28692318071098],[-75.96664705648278,45.288789190949736],[-75.96686122293136,45.288962839563744],[-75.96769677921479,45.28964030568688],[-75.96803010898245,45.28991056106811],[-75.96894898939834,45.290655549321905],[-75.96939383153378,45.291016198868576],[-75.9711949563734,45.289885522542264],[-75.97182443014749,45.289490228487146],[-75.97359417683423,45.28839740190739],[-75.97485424098832,45.28761426190187],[-75.98230146244157,45.2828141067409],[-75.97972042386554,45.28075050908821],[-75.97714854451216,45.27872910224204],[-75.97705326020996,45.27878966503442]]]},"properties":{"ZONE_CODE":"RH[787r]","ZONE_MAIN":"RH","ZNAME_EN":"Rural Industrial Zone","LABEL":null}}]}