HOUSEID,PT,FSA,EVALTYPE,ENTRYDATE,AuditYear,TYPEOFHOUSE,FLOORAREA,STOREYS,YEARBUILT,FNDTYPE,NUMDWELLINGUNITS,AIR50P,EGHDESHTLOSS,PeakLoad_kW,EGHFURNACEAEC,HeatEnergy_kWh,EGHFCONTOTAL,TotalEnergy_kWh,HeatElectricity_kWh,HeatNaturalGas_kWh,HeatOil_kWh,HeatPropane_kWh,HeatWood_kWh,AHRI,HPSOURCE,HPEquipType,HPCAP,CCASHP,CCASHPCAP,COP,CCASHPCOP,CCASHPHSPF2,CCASHPSEER2,CCASHPCAPACITYMAINTENANCE,ASHPHSPF2,ASHPSEER2,HPESTAR,AIRCONDTYPE,AIRCOP,FURNACETYPE,FURNACEFUEL,SUPPHTGTYPE1,SUPPHTGFUEL1,Cert_Resolved,Cert_Brand,Cert_Model,Cert_IndoorModel,Cert_Cap47_btuh,Cert_Cap17_btuh,Cert_Cap5_btuh,Cert_COP5,Cert_HSPF2,Cert_SEER2,Cert_ColdClimate,Cert_Cap47_kW,Cert_Cap5_kW,SizingRatio_47F,SizingRatio_5F
1956589,SK,S0K,E,2022-03-01,2022,Single Detached,378.9,Two storeys,2009,B1,1.0,2.0843,15336.0,15.336,21798.0,6055.0,60250.8,16736.5,6055.0,0.0,0.0,0.0,0.0,205767475,Ground,,10850.0,F,0.0,5.66,0.0,,,0.0,,,C448,Conventional A/C,4.0,Baseboard/Hydronic/Plenum(duct) htrs.,Electricity,Advanced airtight wood stove,Mixed Wood,No,,,,,,,,,,,,,,
5001349,SK,S7K,D,2022-05-01,2022,Single Detached,289.0,Two storeys,2021,B1,1.0,0.7644,6385.0,6.385,12623.0,3506.4,47494.0,13192.9,3506.4,0.0,0.0,0.0,0.0,9892779,Air,,13627.8,F,0.0,4.375,0.0,,,0.0,,,ESTAR,Central split system,3.4405,Electric furnace,Electricity,,,Yes,,,,,,,,,,,,,,
13704746,SK,S7J,E,2022-06-01,2022,Single Detached,174.9,One storey,1965,B1;B2,1.0,3.0678,13653.9,13.654,23022.4,6395.2,109656.9,30460.5,6395.1,9074.8,0.0,0.0,0.0,207098551,Air,,8570.0,T,14.03,3.63,2.0,,,70.0,,,ESTAR,Central single package system,3.36,Condensing furnace,Natural Gas,,,Yes,CARRIER,38MARBQ24AA3,CNPV*3017AL*,25400,15500,,,10,15.5,No,7.444,,0.545,
1921400,SK,S4N,E,2022-06-01,2022,Single Detached,191.0,One storey,1955,B1;B2,1.0,4.0603,15603.8,15.604,17905.9,4973.9,154732.0,42981.5,4973.9,22594.9,0.0,0.0,0.0,207202254,Air,,9230.0,T,9.23,4.0,2.0,,,74.0,,,ESTAR,Central split system,3.44,Furnace with continuous pilot,Natural Gas,,,Yes,CARRIER,38MARBQ18AA3,CNPV*2414AL*,18500,14600,,,10.5,17,No,5.422,,0.347,
1911897,SK,S9H,E,2022-06-01,2022,Single Detached,265.4,Split level,1964,B1;B2;B3,1.0,3.1637,18774.1,18.774,18226.8,5063.0,174136.5,48371.6,5063.1,27639.7,0.0,0.0,0.0,205291853,Air,,4542.6,F,0.0,4.54,0.0,,,0.0,,,ESTAR,Mini-split ductless,3.6705,Boiler  with continuous pilot,Natural Gas,Fireplace with pilot (unsealed),Natural Gas,Yes,SAMSUNG,AJ020TXJ2CH,,18000,11500,,,10,19.5,No,5.275,,0.281,
16433746,SK,S7M,E,2022-07-01,2022,Single Detached,273.3,One storey,1976,B1,1.0,2.4599,14184.9,14.185,12928.3,3591.2,115605.4,32112.9,3591.1,13195.4,0.0,0.0,0.0,207098553,Air,,7444.0,T,7.44,4.051,2.0,,,70.0,,,ESTAR,Central split system,3.2105,Condensing furnace,Natural Gas,Wood fireplace insert,Mixed Wood,Yes,CARRIER,38MARBQ24AA3,CNPV*3617AL*,25400,15500,,,10,15.5,No,7.444,,0.525,
9772746,SK,S0G,E,2022-05-01,2022,Single Detached,217.8,One storey,2009,B1,1.0,1.5042,8169.6,8.17,11722.5,3256.3,80925.1,22479.4,3256.1,4797.0,0.0,0.0,0.0,207098551,Air,,7444.0,T,6.39,4.54,1.8,,,85.0,,,ESTAR,Mini-split ductless,3.2105,Condensing furnace,Natural Gas,Fireplace with spark ignit. (sealed),Natural Gas,Yes,CARRIER,38MARBQ24AA3,CNPV*3017AL*,25400,15500,,,10,15.5,No,7.444,,0.911,
5014087,SK,S0K,D,2022-07-01,2022,Single Detached,287.3,One storey,1999,B1;B2,1.0,2.0342,17840.5,17.84,7088.9,1969.2,228657.8,63516.6,1969.2,45755.9,0.0,0.0,0.0,8111355,Air,,2960.0,F,0.0,4.39,0.0,,,0.0,,,ESTAR,Mini-split ductless,3.27,Boiler  with continuous pilot,Natural Gas,,,Yes,LG,LMU30CHV,,32000,19600,,,9.2,22,No,9.378,,0.526,
320093,SK,S7J,E,2022-07-01,2022,Single Detached,180.9,One storey,1964,B1,1.0,4.072,10860.5,10.86,13388.8,3719.1,87102.6,24195.4,3719.2,8528.7,0.0,0.0,0.0,207098551,Air,,7440.0,T,7.44,4.051,2.0,,,70.0,,,ESTAR,Central split system,3.2105,Condensing furnace,Natural Gas,,,Yes,CARRIER,38MARBQ24AA3,CNPV*3017AL*,25400,15500,,,10,15.5,No,7.444,,0.685,
5012073,SK,S7J,E,2022-07-01,2022,Single Detached,167.3,One storey,1958,B1;B2,1.0,7.3,15368.3,15.368,13576.1,3771.2,131120.6,36422.7,3771.1,17655.1,0.0,0.0,0.0,207098551,Air,,7444.0,T,7.44,4.051,2.0,,,70.0,,,ESTAR,Central split system,3.2105,Condensing furnace,Natural Gas,Wood furnace,Mixed Wood,Yes,CARRIER,38MARBQ24AA3,CNPV*3017AL*,25400,15500,,,10,15.5,No,7.444,,0.484,
21623746,SK,S7W,E,2022-07-01,2022,"Row house, middle unit",169.2,Two storeys,2008,B1,1.0,4.2027,11145.7,11.146,11958.4,3321.8,95004.9,26390.5,3321.7,7659.2,0.0,0.0,0.0,207098537,Air,,7502.6,T,7.5,4.051,2.0,,,70.0,,,ESTAR,Central split system,3.153,Condensing furnace,Natural Gas,,,Yes,CARRIER,38MARBQ24AA3,CNPV*3014AL*,25600,15600,,,10,15,No,7.503,,0.673,
5014208,SK,S4X,E,2022-06-01,2022,Single Detached,192.8,Split level,1980,B1;B2,1.0,2.7813,11756.9,11.757,13194.2,3665.1,95917.1,26643.9,3665.0,8988.1,0.0,0.0,0.0,207098551,Air,,7444.0,T,7.44,4.051,2.0,,,70.0,,,ESTAR,Central split system,3.2105,Condensing furnace,Natural Gas,,,Yes,CARRIER,38MARBQ24AA3,CNPV*3017AL*,25400,15500,,,10,15.5,No,7.444,,0.633,
5000776,SK,S0E,E,2022-08-01,2022,Single Detached,192.9,Two storeys,1998,B1;B2,1.0,2.8455,12686.7,12.687,44027.0,12229.8,96636.8,26843.8,12229.8,1794.5,0.0,0.0,0.0,206221543,Air,,2960.0,T,6.45,4.73,2.3,,,80.0,,,ESTAR,Mini-split ductless,5.24,Baseboard/Hydronic/Plenum(duct) htrs.,Electricity,Fireplace with pilot (unsealed),Natural Gas,Yes,LG,LMU180HV,,22000,14500,,,9.6,22.5,No,6.448,,0.508,
5029526,SK,S7T,E,2022-01-01,2022,Single Detached,428.9,One storey,2005,B1;P1,1.0,0.8484,16642.1,16.642,18102.1,5028.4,133423.7,37062.4,5028.4,18937.4,0.0,0.0,0.0,205272516,Air,,10491.9,T,10.49,4.378,2.09,,,80.0,,,ESTAR,Central split system,3.7855,Condensing furnace,Natural Gas,Fireplace with spark ignit. (sealed),Natural Gas,Yes,CARRIER,25VNA436A*030*,CAP**3721AL*+UI,35800,34000,,,11,20.5,No,10.492,,0.63,
5043152,SK,S0L,D,2022-09-01,2022,Single Detached,286.8,One storey,2014,B1,1.0,0.6728,8022.2,8.022,19051.6,5292.2,61516.1,17087.9,5292.3,0.0,0.0,0.0,0.0,205767476,Ground,,8500.0,F,0.0,3.9,0.0,,,0.0,,,,Conventional A/C,5.51,Electric furnace,Electricity,Wood fireplace insert,Mixed Wood,No,,,,,,,,,,,,,,
5013076,SK,S0G,E,2022-08-01,2022,Single Detached,322.3,One storey,1998,B1;C1;F1,1.0,0.9626,13669.5,13.67,20941.4,5817.1,65663.2,18239.9,5817.0,0.0,0.0,0.0,0.0,207213249,Ground,,14360.5,F,0.0,4.37,0.0,,,0.0,,,C448,Conventional A/C,4.0,Baseboard/Hydronic/Plenum(duct) htrs.,Electricity,,,No,,,,,,,,,,,,,,
56699,SK,S4S,E,2022-10-01,2022,Single Detached,232.0,One storey,1965,B1;C1;F1,1.0,2.5158,9572.8,9.573,11156.2,3099.0,85730.7,23814.3,3098.9,5252.3,0.0,0.0,0.0,207172962,Air,,6682.0,F,0.0,4.051,0.0,,,0.0,,,ESTAR,Central split system,3.498,Condensing furnace,Natural Gas,Wood fireplace,Mixed Wood,Yes,DAIKIN,DZ17VSA241B*,CA*EA1818*4A*,22800,14600,,1.99,8.5,17.3,No,6.682,,0.698,
1921821,SK,S7N,E,2022-10-01,2022,Single Detached,270.0,Two storeys,1930,B1;B2;B3,1.0,4.9205,23445.1,23.445,18046.0,5012.8,168605.6,46835.3,5012.8,29721.9,0.0,0.0,0.0,206788645,Air,,10316.1,T,10.32,4.378,2.12,,,80.0,,,ESTAR,Central split system,3.843,Condensing furnace,Natural Gas,Fireplace with spark ignit. (unsealed),Natural Gas,Yes,CARRIER,25VNA436A*031*,CAP**4824AL*+UI,35200,33400,,,11,20.8,No,10.316,,0.44,
11938746,SK,S7J,E,2022-10-01,2022,Single Detached,213.6,One storey,1963,B1;B2,1.0,2.9533,21091.8,21.092,13642.4,3789.6,178156.6,49488.3,3789.5,33616.4,0.0,0.0,0.0,207098703,Air,,7444.0,T,6.39,4.213,2.0,,,70.0,,,ESTAR,Central split system,3.2105,Condensing furnace,Natural Gas,,,Yes,Bryant,38MARBQ24AA3,CAP**3617AL*,25400,15400,,,10.5,15.5,No,7.444,,0.353,
2029977,SK,S7H,E,2022-10-01,2022,Single Detached,229.4,One storey,1961,B1;B2,1.0,2.3688,11597.2,11.597,56085.9,15579.5,99791.0,27719.9,15579.6,0.0,0.0,0.0,0.0,206188256,Air,,19080.0,T,11.72,4.17,2.87,,,0.0,,,,Not installed,0.0,Electric furnace,Electricity,,,Yes,BRYANT,38MBRBQ36AA3,40MBDQ36---3,40000,25000,23200,1.96,8.8,15.8,No,11.723,6.799,1.011,0.586
5027752,SK,S7M,E,2022-11-01,2022,Single Detached,148.5,One storey,1960,B1,1.0,3.2134,9772.5,9.772,19632.3,5453.5,79328.0,22035.7,5453.4,1409.5,0.0,0.0,0.0,206788455,Air,,16998.0,T,6.86,4.378,2.15,,,74.0,,,ESTAR,Central split system,3.843,Condensing furnace,Natural Gas,,,Yes,CARRIER,25VNA424A*031*,CAP**3621AL*+UI,24000,25000,20000,2.40,10,20,No,7.034,5.861,0.72,0.6
5006839,SK,S7H,E,2022-12-01,2022,Single Detached,200.1,One storey,1963,B1,1.0,2.9742,12800.7,12.801,11946.5,3318.5,97603.1,27112.2,3318.4,14598.7,0.0,0.0,0.0,207098552,Air,,7000.0,T,7.39,4.378,2.0,,,71.0,,,ESTAR,Central split system,3.2105,Condensing furnace,Natural Gas,,,Yes,CARRIER,38MARBQ24AA3,CAP**3617AL*,25200,15400,,,11,15.5,No,7.385,,0.577,
5033948,SK,S4S,E,2022-12-01,2022,Single Detached,189.0,One storey,1954,B1,1.0,4.2194,9268.0,9.268,10646.6,2957.4,82651.1,22958.8,2957.5,4515.0,0.0,0.0,0.0,207098552,Air,,7000.0,T,7.39,4.378,2.0,,,71.0,,,ESTAR,Central split system,3.2105,Condensing furnace,Natural Gas,,,Yes,CARRIER,38MARBQ24AA3,CAP**3617AL*,25200,15400,,,11,15.5,No,7.385,,0.797,
5006401,SK,S7J,E,2022-11-01,2022,Single Detached,183.9,One storey,1955,B1;B2;C1;F1,1.0,2.6869,9469.6,9.47,17149.5,4763.8,83238.9,23122.1,4763.6,5779.5,0.0,0.0,0.0,206788372,Air,,7060.0,T,7.06,3.65,2.11,,,75.0,,,ESTAR,Central split system,3.77,Condensing furnace,Natural Gas,Fireplace with spark ignit. (sealed),Natural Gas,Yes,CARRIER,25VNA424A*031*,CNPV*3617AL*+UI,24000,24600,,,11,21,No,7.034,,0.743,
2067168,SK,S7W,P,2022-04-01,2022,"Row house, end unit",224.9,One storey,2022,B1,1.0,1.0,4643.6,4.644,7257.5,2016.0,44192.5,12275.8,2015.8,1693.3,0.0,0.0,0.0,207172961,Air,,6682.0,f,0.0,4.051,0.0,,,0.0,,,ESTAR,Central split system,3.498,Condensing furnace,Natural Gas,,,Yes,DAIKIN,DZ17VSA241B*,CA*EA2422*4A*,22800,14600,,1.99,8.5,17.3,No,6.682,,1.439,
1966037,SK,S7M,P,2021-05-01,2021,Double/Semi-detached,209.7,One storey,2021,B1,1.0,0.65,4074.1,4.074,7462.3,2072.9,44048.6,12235.8,2072.8,1060.0,0.0,0.0,0.0,9966859,Air,,6564.8,f,0.0,3.724,0.0,,,0.0,,,ESTAR,Central split system,3.268,Condensing furnace,Natural Gas,,,Yes,CARRIER,25VNA824B*030*,CNPV*2417AL*+UI,22400,16100,,,9,16,No,6.565,,1.611,
1972088,SK,S0E,P,2021-06-01,2021,Single Detached,301.9,One storey,2021,B1;B2,1.0,1.0,7519.7,7.52,20542.3,5706.2,54226.0,15062.9,5706.2,0.0,0.0,0.0,0.0,204451364,Air,,9143.8,f,0.0,4.051,0.0,,,0.0,,,,Central split system,3.4405,Electric furnace,Electricity,Fireplace with spark ignit. (sealed),Natural Gas,Yes,,,,,,,,,,,,,,
1965993,SK,S7N,P,2020-11-01,2020,Single Detached,679.3,One storey,2021,B1,1.0,0.5,13137.6,13.138,13750.5,3819.6,81589.5,22663.9,3819.5,8224.8,0.0,0.0,0.0,202141095,Air,,12162.4,f,0.0,4.375,0.0,,,0.0,,,,Central split system,3.5555,Condensing furnace,Natural Gas,Fireplace with spark ignit. (sealed),Natural Gas,Yes,RHEEM,RP2048BJV,RCF6021SEA,41500,40500,,,11,18.5,No,12.162,,0.926,
2064088,SK,S7M,P,2022-09-01,2022,Single Detached,495.7,Two storeys,2022,B1,1.0,1.0,10605.9,10.606,17291.9,4803.3,76935.5,21371.1,4803.4,7701.7,0.0,0.0,0.0,206764717,Air,,9554.1,f,0.0,4.051,0.0,,,0.0,,,ESTAR,Central split system,3.383,Condensing furnace,Natural Gas,,,Yes,CARRIER,25VNA836A*032*,CNPV*4824AL*+UI,32800,24000,19000,1.96,7.8,16.5,No,9.613,5.568,0.906,0.525
1965913,SK,S7W,N,2021-08-01,2021,Single Detached,257.4,Two storeys,2021,B1,1.0,0.6547,7391.1,7.391,9638.8,2677.5,71471.9,19853.5,2677.5,5346.2,0.0,0.0,0.0,204292456,Air,,6506.2,f,0.0,3.559,0.0,,,0.0,,,,Central split system,3.3255,Condensing furnace,Natural Gas,Other (describe),Electricity,Yes,KEEPRITE,CVH824GKA**,"EN(A,D)4X30L17**+WALLCON",22400,16000,12700,1.88,7.5,15.5,No,6.565,3.722,0.888,0.504
1965993,SK,S7N,N,2021-09-01,2021,Single Detached,679.3,One storey,2021,B1,1.0,0.2985,12466.0,12.466,13144.4,3651.3,79506.6,22085.3,3651.1,7778.1,0.0,0.0,0.0,202141095,Air,,12162.4,f,0.0,4.375,0.0,,,0.0,,,,Central split system,3.5555,Condensing furnace,Natural Gas,Fireplace with spark ignit. (sealed),Natural Gas,Yes,RHEEM,RP2048BJV,RCF6021SEA,41500,40500,,,11,18.5,No,12.162,,0.976,
1966037,SK,S7M,N,2021-11-01,2021,Double/Semi-detached,209.7,One storey,2021,B1,1.0,0.6532,3911.4,3.911,7640.0,2122.2,38348.1,10652.3,2122.2,1053.1,0.0,0.0,0.0,9966859,Air,,6564.8,f,0.0,3.724,0.0,,,0.0,,,ESTAR,Central split system,3.268,Condensing furnace,Natural Gas,Other (describe),Electricity,Yes,CARRIER,25VNA824B*030*,CNPV*2417AL*+UI,22400,16100,,,9,16,No,6.565,,1.678,
1972088,SK,S0E,N,2021-11-01,2021,Single Detached,301.9,One storey,2022,B1;B2,1.0,0.4638,7266.0,7.266,19393.8,5387.2,53094.1,14748.5,5479.2,0.0,0.0,0.0,0.0,204451364,Air,,9143.8,f,0.0,4.051,0.0,,,0.0,,,,Central split system,3.4405,Electric furnace,Electricity,Fireplace with spark ignit. (sealed),Natural Gas,Yes,,,,,,,,,,,,,,
2064088,SK,S7M,N,2022-09-01,2022,Single Detached,495.7,Two storeys,2022,B1,1.0,0.8227,9948.4,9.948,17459.9,4850.0,72867.7,20241.2,4850.0,6510.1,0.0,0.0,0.0,206764717,Air,,9554.1,f,0.0,4.051,0.0,,,0.0,,,ESTAR,Central split system,3.383,Condensing furnace,Natural Gas,,,Yes,CARRIER,25VNA836A*032*,CNPV*4824AL*+UI,32800,24000,19000,1.96,7.8,16.5,No,9.613,5.568,0.966,0.56
2067168,SK,S7W,N,2022-10-01,2022,"Row house, end unit",224.9,One storey,2022,B1,1.0,1.1038,4771.4,4.771,7700.8,2139.1,41186.9,11440.9,2139.2,1895.6,0.0,0.0,0.0,207172961,Air,,6682.0,f,0.0,4.051,0.0,,,0.0,,,ESTAR,Central split system,3.498,Condensing furnace,Natural Gas,,,Yes,DAIKIN,DZ17VSA241B*,CA*EA2422*4A*,22800,14600,,1.99,8.5,17.3,No,6.682,,1.4,
1179453,SK,S4N,E,2023-05-01,2023,Single Detached,129.0,One storey,1935,B1;B2;B3;B4,1,4.3831,8288.3,8.288,7239.7,2011.0,73021.9,20284.0,2011.1,4059.2,0.0,0.0,0.0,8797150,Air,,7033.7,F,0.0,4.69,0.0,,,0.0,,,ESTAR,Mini-split ductless,4.0155,Condensing furnace,Natural Gas,Other (describe),Electricity,Yes,SENVILLE,SENA/12HF/OZ,SENA/12HF/IZ,12000,7800,,,9.1,19.9,No,3.517,,0.424,
336016,SK,S7J,E,2023-08-01,2023,Single Detached,192.3,Two storeys,1974,B1,1,2.9213,8505.0,8.505,15031.1,4175.3,82188.5,22830.3,4175.3,3454.5,0.0,0.0,0.0,206395976,Air,,10257.5,F,0.0,3.74,0.0,,,0.0,,,,Central split system,3.53,Condensing furnace,Natural Gas,,,Yes,BOSCH,BOVB-36HDN1-M18M,BVA-36WN1-M20,35000,25000,20600,1.90,8.5,17.5,No,10.257,6.037,1.206,0.71
294574,SK,S7J,E,2022-11-01,2022,Single Detached,183.8,One storey,1959,B1,1,3.2187,10667.1,10.667,15147.3,4207.6,77412.7,21503.7,4207.5,5077.5,0.0,0.0,0.0,206790632,Air,,13627.8,F,0.0,4.916,0.0,,,0.0,,,ESTAR,Central split system,3.728,Condensing furnace,Natural Gas,,,Yes,BRYANT HEATING AND COOLING SYSTEMS,284ANV048*0**B*,CAP**4824AL*+UI,46500,42500,,,11,20,No,13.628,,1.278,
1989829,SK,S0J,E,2022-09-01,2022,Single Detached,125.5,One storey,2003,,1,3.7083,9026.7,9.027,13319.8,3700.0,89830.0,24953.0,3700.0,6073.1,0.0,0.0,0.0,202585746,Air,,8206.0,T,8.21,4.164,1.95,,,60.0,,,ESTAR,Mini-split ductless,4.073,Boiler  with spark ignition,Natural Gas,,,Yes,PERFECTAIRE,2PAMSH27-MZO3,,28000,17200,,,9.2,23,No,8.206,,0.909,
1261016,SK,S7M,E,2023-06-01,2023,Single Detached,265.5,One storey,1980,B1;C1;F1,1,3.0838,12782.5,12.782,38200.3,10611.3,98500.5,27361.5,10611.2,1473.9,0.0,0.0,0.0,205132630,Air,,29307.1,T,3.52,2.998,2.02,,,109.0,,,ESTAR,Mini-split ductless,4.073,Boiler  with spark ignition,Natural Gas,Fireplace with spark ignit. (unsealed),Natural Gas,Yes,SAMSUNG,AR09TSFABWKX,AR09TSFABWKN,9000,6700,13100,,12.5,24.5,No,2.638,3.839,0.206,0.3
2008891,SK,S7V,E,2023-08-01,2023,Single Detached,330.6,Two storeys,2019,B1,1,1.0274,9563.2,9.563,23820.6,6616.9,75326.9,20924.3,6617.0,2840.0,0.0,0.0,0.0,207436270,Air,,17488.7,T,10.43,3.18,1.83,,,78.0,,,,Central single package system,4.1,Condensing furnace,Natural Gas,,,Yes,LENNOX,SL25XPV-036-230A**,C35-48C+TDR+TXV,35600,33200,27600,1.82,8.8,22,No,10.433,8.089,1.091,0.846
2018166,SK,S7N,E,2023-09-01,2023,Single Detached,344.5,Two storeys,1976,B1;B2,1,3.2784,20560.1,20.56,42379.0,11772.0,127253.1,35348.4,11772.0,11813.4,0.0,0.0,0.0,206902865,Air,,13402.4,T,9.96,3.94,2.4,,,60.0,,,,Central split system,3.22,Condensing heater,Natural Gas,Wood fireplace,Mixed Wood,Yes,DUCANE,4HP18V36P,"EA(C,U)1P36B+H4TXV02",34000,22000,,,9.6,17,No,9.964,,0.485,
2131523,SK,S7N,N,2021-04-01,2021,Single Detached,569.4,Two storeys,2023,B1,1,0.6274,11410.4,11.41,26442.7,7345.3,78162.6,21712.0,7345.3,3120.3,0.0,0.0,0.0,206764644,Air,,22859.5,f,0.0,3.788,0.0,,,0.0,,,,Central split system,3.3255,Condensing furnace,Natural Gas,Fireplace with spark ignit. (sealed),Natural Gas,Yes,CARRIER,25VNA836A*032*,CAP**4824AL*+UI,32200,23800,,,8,16.5,No,9.437,,0.827,
2131523,SK,S7N,P,2022-03-01,2022,Single Detached,569.3,Two storeys,2023,B1,1,0.75,11364.4,11.364,26086.2,7246.2,77753.0,21598.2,7246.2,3098.1,0.0,0.0,0.0,206764644,Air,,22859.5,f,0.0,3.788,0.0,,,0.0,,,,Central split system,3.3255,Condensing furnace,Natural Gas,Fireplace with spark ignit. (sealed),Natural Gas,Yes,CARRIER,25VNA836A*032*,CAP**4824AL*+UI,32200,23800,,,8,16.5,No,9.437,,0.83,
5025890,SK,S0A,E,2023-02-01,2023,Single Detached,196.9,One storey,1926,B1,1,4.2002,14652.1,14.652,30678.5,8521.9,72575.8,20160.1,8522.0,0.0,0.0,33.3,0.0,8735778,Ground,,24910.8,F,0.0,3.9,0.0,,,0.0,,,C448,Conventional A/C,5.54,"Furnace with spark ignit.,vent dmpr",Propane,,,No,,,,,,,,,,,,,,
17305746,SK,S4R,E,2023-10-01,2023,Single Detached,184.9,One storey,1960,B1;B2,1,3.2403,15994.7,15.995,12549.9,3486.1,130306.5,36196.5,3486.1,18777.9,0.0,0.0,0.0,207099788,Air,,7444.0,T,7.44,4.728,2.0,,,70.0,,,ESTAR,Central split system,3.153,Condensing furnace,Natural Gas,,,Yes,KEEPRITE,DLCSRBH24AAK,EA*4X36L17A*,25400,15500,,,10.5,15,No,7.444,,0.465,
9422746,SK,S0K,E,2023-07-01,2023,Single Detached,206.2,One storey,1992,B1,1,1.4987,7987.6,7.988,8703.1,2417.5,85697.3,23805.0,2417.5,8622.0,0.0,0.0,0.0,205921394,Air,,3516.9,T,3.52,3.299,1.87,,,70.0,,,ESTAR,Mini-split ductless,3.9925,Condensing furnace,Natural Gas,,,Yes,BOSCH,BMS500-AAS012-1CSXXA,BMS500-AAU012-1AHWXB,12000,7700,8400,1.78,8.8,22.3,No,3.517,2.462,0.44,0.308
5000758,SK,S0J,E,2023-01-01,2023,Single Detached,549.1,Two storeys,2017,B1;C1;F1,1,1.4379,18704.9,18.705,49095.6,13637.8,100288.4,27858.1,13637.9,0.0,0.0,0.0,0.0,205767477,Ground,,13300.0,F,0.0,3.7,0.0,,,0.0,,,C448,Conventional A/C,4.95,Baseboard/Hydronic/Plenum(duct) htrs.,Electricity,Wood fireplace,Mixed Wood,No,,,,,,,,,,,,,,
5000775,SK,S0A,E,2023-10-01,2023,Single Detached,194.4,One storey,1972,B1,1,3.5745,8653.1,8.653,8295.0,2304.2,70048.8,19458.2,2304.2,4611.4,0.0,0.0,0.0,211207007,Air,,6975.1,T,6.98,3.976,1.92,,,77.0,,,ESTAR,Central single package system,3.383,Condensing furnace,Natural Gas,,,Yes,YORK,YZV24B21,XAMB24DE1N1+CC,,23200,18500,1.92,8.5,17,No,,5.422,,0.627
5001349,SK,S7K,E,2023-09-01,2023,Single Detached,289.0,Two storeys,2021,B1,1,0.6326,5655.2,5.655,10188.5,2830.2,45400.0,12611.2,2830.0,0.0,0.0,0.0,0.0,9892779,Air,,13627.8,F,0.0,4.375,0.0,,,0.0,,,ESTAR,Central split system,3.4405,Electric furnace,Electricity,,,Yes,,,,,,,,,,,,,,
5002285,SK,S7M,E,2023-06-01,2023,Single Detached,138.0,Split entry/Raised base.,1982,B1;B2;P1,1,4.3433,8799.3,8.799,14855.3,4126.5,79106.3,21974.1,4126.4,2816.1,0.0,0.0,0.0,207098548,Air,,8574.1,T,7.44,3.62,2.0,,,71.0,,,ESTAR,Central split system,3.36,Condensing furnace,Natural Gas,,,Yes,CARRIER,38MARBQ24AA3,CNPV*3014AL*,25400,15600,,,10,15,No,7.444,,0.846,
5005930,SK,S0K,E,2023-02-01,2023,Single Detached,222.0,Split entry/Raised base.,1976,B1,1,2.2218,12370.3,12.37,24387.7,6774.4,93464.5,25962.6,6774.5,4179.2,0.0,0.0,0.0,207826660,Air,,14026.7,T,7.62,3.67,1.95,,,82.0,,,ESTAR,Central split system,3.66,Condensing furnace,Natural Gas,,,Yes,CARRIER,38MARBQ24AA3,40MBABQ24XB3,26000,16900,21200,1.90,9.3,18.4,Yes,7.62,6.213,0.616,0.502
325983,SK,S4S,E,2023-08-01,2023,Single Detached,190.5,One storey,1959,B1,1,3.9937,10052.5,10.052,14079.1,3910.9,98698.1,27416.4,3910.9,8475.3,0.0,0.0,0.0,206188253,Air,,7912.9,T,7.91,4.578,1.8,,,92.0,,,ESTAR,Central split system,3.728,Condensing furnace,Natural Gas,,,Yes,CARRIER,38MARBQ24AA3,40MBAAQ24XA3,27000,16500,,,11.6,20,No,7.913,,0.787,
5009266,SK,S0K,E,2023-08-01,2023,Single Detached,263.4,One storey,2011,B1;B2;P1,1,1.3027,11610.4,11.61,22952.5,6375.7,104953.2,29153.9,6375.9,7471.7,0.0,0.0,0.0,207098550,Air,,8776.6,T,7.62,3.47,1.95,,,70.0,,,,Central split system,3.36,Condensing furnace,Natural Gas,Fireplace with pilot (unsealed),Natural Gas,Yes,CARRIER,38MARBQ24AA3,CAP**2417AL*,26000,15800,,,10,15,No,7.62,,0.656,
5081322,SK,S7L,E,2023-01-01,2023,Single Detached,182.7,One storey,1912,B1;B2,1,5.7271,19129.3,19.129,24207.1,6724.2,137799.9,38278.1,6724.2,16360.4,0.0,0.0,0.0,207098554,Air,,8574.1,T,7.44,3.61,2.0,,,70.0,,,,Central split system,3.36,Condensing furnace,Natural Gas,Wood fireplace,Softwood,Yes,CARRIER,38MARBQ24AA3,CAP**3017AL*,25400,15500,,,10.5,15.5,No,7.444,,0.389,
5014087,SK,S0K,E,2023-08-01,2023,Single Detached,287.3,One storey,1999,B1;B2,1,1.75,11706.1,11.706,6474.5,1798.5,152412.1,42337.0,1798.6,25066.3,0.0,0.0,0.0,8111355,Air,,2960.0,F,0.0,4.39,0.0,,,0.0,,,ESTAR,Mini-split ductless,3.27,Boiler  with continuous pilot,Natural Gas,,,Yes,LG,LMU30CHV,,32000,19600,,,9.2,22,No,9.378,,0.801,
5016546,SK,S9H,E,2023-01-01,2023,Mobile Home,134.5,One storey,2013,,1,4.1005,9583.2,9.583,16319.0,4533.1,63242.3,17567.4,4533.1,964.2,0.0,0.0,0.0,205291858,Air,,17340.0,T,8.38,3.31,1.8,,,100.0,,,ESTAR,Central split system,3.36,Condensing heater,Natural Gas,,,Yes,SAMSUNG,AJ030TXS4CH,,28400,17500,,,11,19,No,8.323,,0.869,
5017125,SK,S0K,E,2023-11-01,2023,Single Detached,302.4,One storey,2009,B1,1,0.7628,8371.0,8.371,17583.1,4884.2,84021.8,23339.6,4884.2,2712.5,0.0,0.0,0.0,207098700,Air,,8650.3,T,7.5,3.8,2.0,,,70.0,,,ESTAR,Central split system,3.36,Condensing furnace,Natural Gas,Wood fireplace,Mixed Wood,Yes,Bryant,38MARBQ24AA3,CNPV*2417AL*,25600,15600,,,10.5,15,No,7.503,,0.896,
5019758,SK,S0E,E,2023-01-01,2023,Single Detached,264.6,One storey,1982,B1,1,2.2183,14763.6,14.764,29167.3,8102.1,75550.7,20986.5,8102.0,0.0,0.0,0.0,0.0,205767476,Ground,,10500.0,F,0.0,3.9,0.0,,,0.0,,,C448,Conventional A/C,5.51,Baseboard/Hydronic/Plenum(duct) htrs.,Electricity,Other (describe),Mixed Wood,No,,,,,,,,,,,,,,
5019822,SK,S4S,E,2023-09-01,2023,Single Detached,233.8,One storey,1952,B1,1,7.1553,23207.4,23.207,13745.0,3818.1,208313.5,57865.3,3818.1,39012.3,0.0,0.0,0.0,8858355,Air,,8206.0,F,0.0,4.653,0.0,,,0.0,,,ESTAR,Mini-split ductless,4.073,Boiler  with continuous pilot,Natural Gas,Wood fireplace,Mixed Wood,Yes,SENVILLE,SENA/30HF/MOZ,,28000,17200,,,9.2,23,No,8.206,,0.354,
5027644,SK,S0J,E,2023-09-01,2023,Single Detached,200.3,One storey,1985,B1;B2,1,2.1891,8146.7,8.147,12179.6,3383.2,56026.3,15563.0,3383.4,0.0,0.0,0.0,0.0,205767612,Ground,,8500.0,F,0.0,3.6,0.0,,,0.0,,,C448,Conventional A/C,5.07,Electric furnace,Electricity,,,No,,,,,,,,,,,,,,
5027653,SK,S7K,E,2023-08-01,2023,Single Detached,198.3,One storey,1976,B1,1,4.0415,13734.3,13.734,13707.9,3807.8,106051.3,29458.9,3807.8,10452.0,0.0,0.0,0.0,207436460,Air,,10491.9,F,0.0,4.051,0.0,,,0.0,,,ESTAR,Central single package system,3.9005,Condensing furnace,Natural Gas,Wood fireplace,Mixed Wood,Yes,LENNOX,SL25XPV-036-230A**,CX35-36B+TDR,35800,33400,26400,1.72,8.5,21.8,No,10.492,7.737,0.764,0.563
5027748,SK,S0A,E,2023-10-01,2023,Single Detached,264.6,One storey,1965,B1;C1;F1;P1,1,0.8963,12371.6,12.372,24475.6,6798.8,71737.6,19927.3,6798.9,0.0,0.0,0.0,0.0,213154451,Ground,,25028.2,F,0.0,3.7,0.0,,,0.0,,,C448,Conventional A/C,4.72,Electric furnace,Electricity,,,No,,,,,,,,,,,,,,
5029567,SK,S7V,E,2023-11-01,2023,Single Detached,198.3,Two storeys,2019,B1,1,1.4057,8983.7,8.984,20285.4,5634.9,81847.5,22735.6,5634.8,2795.9,0.0,0.0,0.0,212361759,Air,,13141.9,T,7.33,3.35,1.95,,,80.0,,,,Central split system,3.2,Condensing furnace,Natural Gas,,,Yes,MOOVAIR,DMA24HOS20230E7,CUB24HAC20BWT7A,25000,21000,20000,1.95,9.5,16.5,Yes,7.327,5.861,0.816,0.652
5043152,SK,S0L,E,2023-03-01,2023,Single Detached,286.8,One storey,2014,B1,1,0.7302,8673.7,8.674,19764.7,5490.2,62200.1,17277.9,5490.3,0.0,0.0,0.0,0.0,205767476,Ground,,9000.0,F,0.0,3.9,0.0,,,0.0,,,,Conventional A/C,5.51,Electric furnace,Electricity,Wood fireplace insert,Mixed Wood,No,,,,,,,,,,,,,,
5053729,SK,S4P,E,2023-11-01,2023,Single Detached,156.5,One storey,1954,B1;C1;F1,1,13.1149,30581.1,30.581,62013.5,17226.1,152163.2,42267.9,17226.2,12460.4,0.0,0.0,0.0,207657351,Air,,26105.6,T,8.21,3.49,2.11,,,71.0,,,,Mini-split ductless,2.75,Condensing heater,Natural Gas,,,Yes,PERFECTAIRE,3PAMSH27-MZO3,,28000,20000,19000,2.00,9.2,23.5,No,8.206,5.568,0.268,0.182
5058973,SK,S4V,E,2023-07-01,2023,Single Detached,216.9,One storey,1981,B1,1,2.1526,9119.0,9.119,12954.5,3598.5,84609.7,23502.9,3598.4,4711.7,0.0,0.0,0.0,207098551,Air,,8580.0,T,7.44,4.54,2.0,,,70.0,,,ESTAR,Central single package system,3.2105,Condensing furnace,Natural Gas,Fireplace with pilot (sealed),Natural Gas,Yes,CARRIER,38MARBQ24AA3,CNPV*3017AL*,25400,15500,,,10,15.5,No,7.444,,0.816,
5063930,SK,S7M,E,2023-08-01,2023,Single Detached,199.6,One storey,1953,B1;B2;C1;C2;F1;F2,1,3.5798,17880.2,17.88,10901.4,3028.2,147154.1,40876.5,3028.1,24845.8,0.0,0.0,0.0,211225687,Air,,11281.5,T,11.28,3.22,1.8,,,91.0,,,ESTAR,Central single package system,2.95,Condensing furnace,Natural Gas,,,Yes,CARRIER,38MURAQ36AB3*,CAP**3621AL*,38500,29400,35200,1.80,8,16,No,11.283,10.316,0.631,0.577
318085,SK,S7H,E,2023-05-01,2023,Single Detached,125.3,Two storeys,1991,B1,1,5.095,9546.4,9.546,10504.7,2918.0,84407.9,23446.8,2918.1,5327.5,0.0,0.0,0.0,207098550,Air,,7619.8,T,7.62,4.54,1.95,,,70.0,,,ESTAR,Central split system,3.153,Condensing furnace,Natural Gas,,,Yes,CARRIER,38MARBQ24AA3,CAP**2417AL*,26000,15800,,,10,15,No,7.62,,0.798,
5070877,SK,S0G,E,2023-11-01,2023,Single Detached,226.2,One and a half,1947,B1;C1;F1,1,5.5372,23710.7,23.711,128592.9,35720.5,175111.5,48642.5,35720.6,0.0,0.0,0.0,0.0,210410117,Air,,7033.7,T,7.03,4.164,1.8,,,0.0,,,,Central split system,3.383,Baseboard/Hydronic/Plenum(duct) htrs.,Electricity,Advanced airtight wood stove,Mixed Wood,Yes,MRCOOL,MDUO18024036,MDUI18024E,24000,20000,22000,1.80,9,17,Yes,7.034,6.448,0.297,0.272
5077091,SK,S7H,E,2023-11-01,2023,Single Detached,248.5,One storey,1979,B1,1,2.9907,12732.1,12.732,26186.5,7274.1,110855.3,30793.4,7273.9,8370.6,0.0,0.0,0.0,207098550,Air,,8785.4,T,7.62,3.57,1.95,,,70.0,,,ESTAR,Central split system,3.36,Condensing furnace,Natural Gas,Fireplace with pilot (sealed),Natural Gas,Yes,CARRIER,38MARBQ24AA3,CAP**2417AL*,26000,15800,,,10,15,No,7.62,,0.598,
5098896,SK,S7M,E,2023-08-01,2023,Single Detached,172.7,One storey,1962,B1;B2;C1;F1,1,3.4433,14116.7,14.117,24712.2,6864.6,103934.0,28870.8,6864.5,6804.8,0.0,0.0,0.0,207098447,Air,,8641.5,T,7.5,3.62,2.0,,,70.0,,,,Central split system,3.36,Condensing furnace,Natural Gas,Advanced airtight wood stove,Mixed Wood,Yes,CARRIER,38MARBQ24AA3,CNPV*2414AL*,25600,15600,,,10.5,15,No,7.503,,0.531,
5100913,SK,S7M,D,2023-04-01,2023,Single Detached,470.2,Two storeys,2022,B1,1,0.8846,11643.5,11.644,12543.9,3484.4,84570.3,23491.9,3484.5,10185.1,0.0,0.0,0.0,206764772,Air,,10374.7,T,10.37,4.352,1.96,,,0.0,,,ESTAR,Central split system,3.268,Condensing furnace,Natural Gas,Fireplace with pilot (sealed),Natural Gas,Yes,CARRIER,25VNA836A*032*,CSPH*4812AL*+UI,32800,24000,19000,1.96,7.8,15.5,No,9.613,5.568,0.826,0.478
5108462,SK,S0E,E,2023-08-01,2023,Single Detached,151.2,One storey,2008,C1;F1,1,3.3007,11004.7,11.005,20358.0,5655.0,95165.4,26435.0,5655.0,4428.1,0.0,0.0,0.0,207641332,Air,,13281.1,T,8.21,3.52,2.11,,,71.0,,,,Mini-split ductless,2.75,Furnace with spark ignition,Natural Gas,,,Yes,SENVILLE,SENA/30HF/MOQ,,28000,21000,19000,2.00,9.5,24.6,No,8.206,5.568,0.746,0.506
5114465,SK,S4S,E,2023-11-01,2023,Single Detached,330.4,One storey,2010,B1,1,2.4134,11761.0,11.761,20153.6,5598.3,81824.4,22729.2,5598.4,7148.4,0.0,0.0,0.0,207098555,Air,,8648.2,T,7.5,3.63,2.0,,,70.0,,,,Central split system,3.63,Condensing furnace,Natural Gas,,,Yes,CARRIER,38MARBQ24AA3,CNPV*2417AL*,25600,15600,,,10.5,15,No,7.503,,0.638,
5117096,SK,S4R,E,2023-07-01,2023,"Row house, end unit",279.9,Two storeys,2001,B1,1,2.7977,12695.3,12.695,23254.4,6459.6,93026.9,25841.0,6459.5,5615.9,0.0,0.0,0.0,210299847,Air,,12895.1,T,12.9,4.54,1.92,,,100.0,,,ESTAR,Central split system,3.383,Heater w/ Induced draft fan,Natural Gas,,,Yes,,,,,,,,,,,,,,
5117097,SK,S7H,E,2023-07-01,2023,Single Detached,165.9,One storey,1957,B1,1,3.3415,9025.1,9.025,10730.2,2980.6,83664.0,23240.2,2980.6,4676.1,0.0,0.0,0.0,207098695,Air,,7619.8,T,7.62,4.54,1.95,,,70.0,,,ESTAR,Central split system,3.153,Condensing furnace,Natural Gas,,,Yes,Bryant,38MARBQ24AA3,CAP**2417AL*,26000,15800,,,10,15,No,7.62,,0.844,
5119533,SK,S7K,E,2023-12-01,2023,Detached Duplex,207.0,One storey,1985,B1;P1,2,4.1471,13154.6,13.155,23774.9,6604.2,120607.8,33502.4,6604.2,8163.7,0.0,0.0,0.0,207098550,Air,,8776.6,T,7.62,3.47,1.95,,,70.0,,,ESTAR,Central split system,3.36,Condensing furnace,Natural Gas,,,Yes,CARRIER,38MARBQ24AA3,CAP**2417AL*,26000,15800,,,10,15,No,7.62,,0.579,
5123702,SK,S7K,E,2023-07-01,2023,Single Detached,172.9,One storey,1973,B1,1,2.1923,8097.6,8.098,20636.8,5732.5,74171.2,20603.3,5732.5,2327.8,0.0,0.0,0.0,205273997,Air,,18984.9,T,10.49,3.51,2.04,,,80.0,,,ESTAR,Central split system,3.47,Condensing furnace,Natural Gas,,,Yes,BRYANT HEATING AND COOLING SYSTEMS,284ANV036*0**A*,CAP**4821AL*+UI,32000,33000,,,10.5,20.5,No,9.378,,1.158,
5125988,SK,S0L,E,2023-11-01,2023,Single Detached,214.5,One storey,1978,B1;B2,1,1.5933,6493.7,6.494,26328.3,7313.5,72044.8,20012.6,7313.4,0.0,0.0,0.0,0.0,207629149,Air,,6022.0,T,3.52,2.073,1.93,,,76.0,,,,Mini-split ductless,2.84,Baseboard/Hydronic/Plenum(duct) htrs.,Electricity,,,Yes,TRANE,4TXK2512A10N0**,4MXW2512A10N0**,12000,10000,9200,1.93,9,25,No,3.517,2.696,0.542,0.415
5134391,SK,S7J,E,2023-07-01,2023,Single Detached,207.7,One storey,1967,B1,1,3.3042,10639.6,10.64,17339.5,4816.6,85780.7,23828.2,4816.7,3699.2,0.0,0.0,0.0,207098550,Air,,8776.6,T,7.62,3.47,1.95,,,70.0,,,ESTAR,Central split system,3.36,Condensing furnace,Natural Gas,,,Yes,CARRIER,38MARBQ24AA3,CAP**2417AL*,26000,15800,,,10,15,No,7.62,,0.716,
5136561,SK,S0K,E,2023-08-01,2023,Single Detached,168.5,Two storeys,1957,B1,1,2.7852,11521.3,11.521,19953.3,5542.6,84397.4,23443.9,5542.5,5351.4,0.0,0.0,0.0,207098550,Air,,8776.6,T,7.62,3.47,1.95,,,70.0,,,ESTAR,Central single package system,3.36,Condensing furnace,Natural Gas,,,Yes,CARRIER,38MARBQ24AA3,CAP**2417AL*,26000,15800,,,10,15,No,7.62,,0.661,
5136666,SK,S7W,E,2023-08-01,2023,Single Detached,268.2,Two storeys,2012,B1,1,0.8484,9468.7,9.469,24171.4,6714.3,96745.8,26874.0,6714.2,4517.3,0.0,0.0,0.0,207436314,Air,,17592.8,T,10.08,3.03,1.83,,,77.0,,,ESTAR,Central split system,4.11,Condensing furnace,Natural Gas,Fireplace with pilot (sealed),Natural Gas,Yes,LENNOX,SL25XPV-036-230A**,C35-50/60C+TDR+TXV,34400,30600,26800,1.82,8.7,22.2,No,10.082,7.854,1.065,0.83
5137886,SK,S7N,D,2022-09-01,2022,Single Detached,233.5,One storey,2022,B1,1,0.4714,4619.0,4.619,8956.7,2488.0,43873.1,12187.1,2488.1,0.0,0.0,0.0,0.0,206223044,Air,,7619.8,T,7.62,4.179,1.91,,,100.0,,,ESTAR,Central split system,3.613,Electric boiler,Electricity,,,Yes,,,,,,,,,,,,,,
5137886,SK,S7N,E,2023-11-01,2023,Single Detached,233.5,One storey,2022,B1,1,0.5178,4572.0,4.572,8512.0,2364.5,43460.8,12072.5,2364.5,0.0,0.0,0.0,0.0,206223044,Air,,7619.8,T,7.62,4.179,1.91,,,100.0,,,ESTAR,Central split system,3.613,Electric boiler,Electricity,,,Yes,,,,,,,,,,,,,,
5142673,SK,S4S,E,2023-10-01,2023,Single Detached,168.5,One storey,1960,B1,1,3.8758,9481.1,9.481,10810.9,3003.1,78563.7,21823.4,3003.1,6354.2,0.0,0.0,0.0,207098550,Air,,7619.8,T,7.62,4.051,1.95,,,70.0,,,ESTAR,Central single package system,3.153,Condensing furnace,Natural Gas,,,Yes,CARRIER,38MARBQ24AA3,CAP**2417AL*,26000,15800,,,10,15,No,7.62,,0.804,
5144621,SK,S0K,E,2023-09-01,2023,Single Detached,177.6,Split entry/Raised base.,1978,B1;B2;P1,1,3.4083,12720.3,12.72,12999.8,3611.1,109142.1,30317.5,3611.1,11620.9,0.0,0.0,0.0,211246016,Air,,7795.7,T,7.8,4.54,1.96,,,89.0,,,ESTAR,Central split system,3.429,Condensing furnace,Natural Gas,,,Yes,CARRIER,38MURAQ24AB3*,CNPV*2417AL*,26600,19400,23800,1.96,8.5,16,No,7.796,6.975,0.613,0.548
5161375,SK,S7H,E,2023-08-01,2023,Single Detached,220.5,One storey,1976,B1,1,2.1802,11178.7,11.179,18505.6,5140.5,89816.6,24949.3,5140.6,4678.4,0.0,0.0,0.0,207436156,Air,,6350.6,T,6.33,3.12,1.84,,,94.0,,,ESTAR,Central split system,4.45,Condensing furnace,Natural Gas,,,Yes,LENNOX,SL25XPV-024-230A**,C35-36B+TDR+TXV,21600,24200,20400,1.84,9.2,23,No,6.33,5.979,0.566,0.535
5161695,SK,S7H,E,2023-08-01,2023,Single Detached,253.6,One storey,1997,B1,1,1.3902,16778.7,16.779,24737.7,6871.6,127721.6,35478.5,6871.7,13149.5,0.0,0.0,0.0,206903198,Air,,9604.8,T,7.03,3.64,1.97,,,61.0,,,ESTAR,Central split system,3.92,Condensing furnace,Natural Gas,Fireplace with pilot (sealed),Natural Gas,Yes,DUCANE,4HP18V36P,"EA(C,U)1P30B+H4TXV01",23400,15500,14800,1.97,8.1,19,No,6.858,4.337,0.409,0.259
5163111,SK,S7K,E,2023-07-01,2023,Single Detached,216.9,One storey,1983,B1,1,2.2906,8972.5,8.972,12756.0,3543.4,85015.7,23615.7,3543.4,5066.7,0.0,0.0,0.0,211240030,Air,,7854.3,T,7.85,4.54,1.92,,,87.0,,,ESTAR,Central split system,3.268,Condensing furnace,Natural Gas,,,Yes,CARRIER,38MURAQ24AB3*,CNPV*2417AL*,26800,19500,23400,1.92,8.5,16,No,7.854,6.858,0.875,0.764
5163119,SK,S7K,E,2023-11-01,2023,Single Detached,290.2,One storey,1969,B1,1,1.7736,12868.7,12.869,30058.2,8349.6,105557.3,29321.7,8349.5,5282.3,0.0,0.0,0.0,212427856,Air,,11892.2,T,7.33,3.48,1.82,,,86.0,,,ESTAR,Central split system,2.93,Condensing furnace,Natural Gas,Wood fireplace,Mixed Wood,Yes,CONTINENTAL,WSEHV2436RA1-C,"H,DE33(6,9)36",24000,15000,17500,1.80,8.5,17,No,7.034,5.129,0.547,0.399
5163138,SK,S0K,E,2023-07-01,2023,Single Detached,228.8,One storey,1973,B1,1,1.8346,10937.7,10.938,13669.3,3797.1,101382.1,28161.9,3797.0,9274.8,0.0,0.0,0.0,211240030,Air,,7854.3,T,7.85,4.54,1.92,,,87.0,,,ESTAR,Central split system,3.268,Condensing furnace,Natural Gas,,,Yes,CARRIER,38MURAQ24AB3*,CNPV*2417AL*,26800,19500,23400,1.92,8.5,16,No,7.854,6.858,0.718,0.627
5163997,SK,S7N,E,2023-07-01,2023,Double/Semi-detached,192.6,One storey,2000,B1,1,1.6407,7586.1,7.586,13728.7,3813.6,78157.6,21710.6,3813.6,2056.1,0.0,0.0,0.0,207098550,Air,,8776.6,T,7.62,3.47,1.95,,,70.0,,,ESTAR,Central single package system,3.36,Condensing furnace,Natural Gas,,,Yes,CARRIER,38MARBQ24AA3,CAP**2417AL*,26000,15800,,,10,15,No,7.62,,1.004,
11432,SK,S7H,E,2023-10-01,2023,Single Detached,223.6,One storey,1960,B1,1,2.1217,11682.8,11.683,11057.8,3071.6,101219.6,28116.8,3071.7,12639.3,0.0,0.0,0.0,205272290,Air,,7033.7,T,7.03,4.728,2.14,,,75.0,,,ESTAR,Central split system,3.843,Condensing furnace,Natural Gas,,,Yes,CARRIER,25VNA424A*030*,CAP**3617AL*+UI,24000,24600,,,11,21,No,7.034,,0.602,
5174152,SK,S7R,E,2023-10-01,2023,Single Detached,136.5,Two storeys,2012,B1,1,2.8063,10685.0,10.685,12675.3,3520.9,95885.5,26635.1,3520.9,8020.9,0.0,0.0,0.0,211240038,Air,,7795.7,T,7.8,4.54,1.96,,,89.0,,,ESTAR,Central split system,3.268,Condensing furnace,Natural Gas,,,Yes,CARRIER,38MURAQ24AB3*,CNPV*2417AL*,26600,19400,23800,1.96,8.5,16,No,7.796,6.975,0.73,0.653
5175886,SK,S7W,D,2022-10-01,2022,Single Detached,251.8,Two storeys,2021,B1,1,0.9656,9875.1,9.875,16583.7,4606.6,70606.7,19613.1,4606.7,2983.9,0.0,0.0,0.0,207099790,Air,,17291.2,T,7.85,4.54,1.8,,,70.0,,,ESTAR,Central split system,3.613,Condensing furnace,Natural Gas,,,Yes,KEEPRITE,DLCSRBH24AAK,EA*4X30L17A*,25600,15600,,,10.5,15,No,7.503,,0.76,
5175886,SK,S7W,E,2023-08-01,2023,Single Detached,251.8,Two storeys,2021,B1,1,0.9081,9494.2,9.494,16231.6,4508.8,68679.4,19077.8,4508.9,2510.0,0.0,0.0,0.0,207099790,Air,,17291.2,T,7.85,4.54,1.8,,,70.0,,,ESTAR,Central split system,3.613,Condensing furnace,Natural Gas,,,Yes,KEEPRITE,DLCSRBH24AAK,EA*4X30L17A*,25600,15600,,,10.5,15,No,7.503,,0.79,
5187912,SK,S0K,E,2023-09-01,2023,Single Detached,176.9,One storey,2000,B1;P1,1,1.9641,12212.6,12.213,8669.1,2408.1,99185.6,27551.8,2408.1,13063.2,0.0,0.0,0.0,206903198,Air,,7033.7,F,0.0,4.54,0.0,,,0.0,,,ESTAR,Central split system,3.728,Condensing furnace,Natural Gas,,,Yes,DUCANE,4HP18V36P,"EA(C,U)1P30B+H4TXV01",23400,15500,14800,1.97,8.1,19,No,6.858,4.337,0.562,0.355
5181614,SK,S0K,D,2023-03-01,2023,Single Detached,383.3,One storey,2010,B1;P1,1,0.8029,15380.2,15.38,36074.7,10020.8,92691.2,25747.8,10020.9,0.0,0.0,0.0,0.0,205767576,Ground,,10000.0,F,0.0,3.1,0.0,,,0.0,,,C448,Conventional A/C,3.3255,Electric furnace,Electricity,Fireplace with spark ignit. (sealed),Natural Gas,No,,,,,,,,,,,,,,
5181697,SK,S4S,E,2023-10-01,2023,Single Detached,166.0,One storey,1958,B1;B2,1,5.3574,12962.7,12.963,20480.6,5689.1,99315.1,27587.7,5689.2,6167.5,0.0,0.0,0.0,207098550,Air,,8783.3,T,7.62,3.48,1.95,,,70.0,,,ESTAR,Central split system,3.36,Condensing furnace,Natural Gas,,,Yes,CARRIER,38MARBQ24AA3,CAP**2417AL*,26000,15800,,,10,15,No,7.62,,0.588,
5183239,SK,S7J,E,2023-09-01,2023,Single Detached,195.6,One storey,1968,B1,1,2.9778,10116.9,10.117,12437.1,3454.8,99677.7,27688.5,3454.7,9018.4,0.0,0.0,0.0,212361759,Air,,7326.8,T,7.33,4.803,1.95,,,80.0,,,ESTAR,Central split system,3.36,Induced draft fan furnace,Natural Gas,,,Yes,MOOVAIR,DMA24HOS20230E7,CUB24HAC20BWT7A,25000,21000,20000,1.95,9.5,16.5,Yes,7.327,5.861,0.724,0.579
5183278,SK,S7J,E,2023-09-01,2023,Single Detached,228.1,Split level,1961,B1;B2;P1,1,2.3783,11735.2,11.735,11261.3,3128.2,98473.5,27354.0,3128.1,8665.1,0.0,0.0,0.0,212361759,Air,,7326.8,T,7.33,4.803,1.95,,,80.0,,,ESTAR,Central split system,3.36,Condensing furnace,Natural Gas,Fireplace with spark ignit. (sealed),Natural Gas,Yes,MOOVAIR,DMA24HOS20230E7,CUB24HAC20BWT7A,25000,21000,20000,1.95,9.5,16.5,Yes,7.327,5.861,0.624,0.499
1956589,SK,S0K,D,2023-08-01,2023,Single Detached,378.9,Two storeys,2009,B1,1,2.0843,15566.4,15.566,22062.0,6128.4,60539.0,16816.5,6128.4,0.0,0.0,0.0,0.0,205767475,Ground,,11200.0,F,0.0,5.66,0.0,,,0.0,,,C448,Conventional A/C,4.0,Baseboard/Hydronic/Plenum(duct) htrs.,Electricity,Advanced airtight wood stove,Mixed Wood,No,,,,,,,,,,,,,,
5191063,SK,S7V,E,2023-10-01,2023,Single Detached,259.6,One storey,2002,B1,1,1.6016,10672.6,10.673,17601.1,4889.2,87757.7,24377.3,4889.2,4074.8,0.0,0.0,0.0,207098554,Air,,8574.1,T,7.44,3.61,2.0,,,70.0,,,ESTAR,Central split system,3.36,Condensing furnace,Natural Gas,,,Yes,CARRIER,38MARBQ24AA3,CAP**3017AL*,25400,15500,,,10.5,15.5,No,7.444,,0.697,
5196370,SK,S7H,E,2023-10-01,2023,Single Detached,237.7,One storey,1973,B1;C1;F1,1,2.8897,12906.2,12.906,15077.4,4188.2,102797.9,28555.2,4188.1,9059.0,0.0,0.0,0.0,212361760,Air,,9671.3,T,9.67,4.728,1.85,,,82.0,,,ESTAR,Central split system,3.2105,Condensing furnace,Natural Gas,Wood fireplace,Mixed Wood,Yes,MOOVAIR,DMA30HOS20230E7,CUB36HAC20CWT7A,33000,22600,27000,1.85,9.7,15.5,Yes,9.671,7.913,0.749,0.613
5202717,SK,S7K,E,2023-09-01,2023,Single Detached,184.8,Two storeys,1980,B1,1,2.7713,10952.3,10.952,10693.8,2970.5,102001.9,28334.1,2970.6,9972.9,0.0,0.0,0.0,212361759,Air,,7326.8,T,7.33,4.803,1.95,,,84.0,,,ESTAR,Central split system,3.36,Condensing furnace,Natural Gas,Fireplace with pilot (sealed),Natural Gas,Yes,MOOVAIR,DMA24HOS20230E7,CUB24HAC20BWT7A,25000,21000,20000,1.95,9.5,16.5,Yes,7.327,5.861,0.669,0.535
5108741,SK,S7K,E,2023-09-01,2023,Single Detached,204.1,One storey,1964,B1;B2,1,3.6344,12124.4,12.124,14583.7,4051.1,91877.8,25521.8,4051.1,12076.8,0.0,0.0,0.0,208157172,Air,,8381.8,T,8.38,4.54,1.83,,,112.0,,,ESTAR,Central split system,3.4405,Condensing furnace,Natural Gas,,,Yes,NAPOLEON,NS18HV24A36,"H,DE33(6,9)36",28600,19400,,,10,17.5,No,8.382,,0.691,
1064261,SK,S7L,E,2023-10-01,2023,Single Detached,192.5,Two storeys,1998,B1,1,1.5853,9479.5,9.48,13653.5,3792.7,78824.0,21895.7,3792.5,5274.5,0.0,0.0,0.0,212361760,Air,,9671.3,T,9.67,4.728,1.85,,,82.0,,,ESTAR,Central split system,3.2105,Condensing furnace,Natural Gas,,,Yes,MOOVAIR,DMA30HOS20230E7,CUB36HAC20CWT7A,33000,22600,27000,1.85,9.7,15.5,Yes,9.671,7.913,1.02,0.835
5226769,SK,S7N,E,2023-11-01,2023,Single Detached,232.2,Two storeys,1989,B1,1,4.2356,13199.3,13.199,30489.3,8469.3,110589.8,30719.6,8469.2,6638.7,0.0,0.0,0.0,210450189,Air,,11498.4,T,11.87,3.07,1.8,,,109.0,,,ESTAR,Central split system,2.95,Condensing furnace,Natural Gas,Fireplace with pilot (sealed),Natural Gas,Yes,CARRIER,38MURAQ36AB3*,CAP**3617AL*,39000,29600,35200,1.80,8.5,15.5,No,11.43,10.316,0.866,0.782
5238552,SK,S7L,E,2023-12-01,2023,Single Detached,173.8,One storey,1954,B1;B2,1,4.9745,16915.5,16.916,29983.7,8328.9,126802.7,35223.3,8329.0,11326.5,0.0,0.0,0.0,207098550,Air,,8776.6,T,7.62,3.47,1.95,,,70.0,,,ESTAR,Central split system,3.36,Condensing furnace,Natural Gas,,,Yes,CARRIER,38MARBQ24AA3,CAP**2417AL*,26000,15800,,,10,15,No,7.62,,0.45,
5238964,SK,S7J,E,2023-11-01,2023,Single Detached,190.5,One storey,1955,B1,1,3.9098,11359.5,11.36,22861.6,6350.5,94983.7,26384.6,6350.6,4781.7,0.0,0.0,0.0,212361759,Air,,12184.1,T,7.33,3.19,1.95,,,80.0,,,ESTAR,Central split system,3.2,Condensing furnace,Natural Gas,,,Yes,MOOVAIR,DMA24HOS20230E7,CUB24HAC20BWT7A,25000,21000,20000,1.95,9.5,16.5,Yes,7.327,5.861,0.645,0.516
322337,SK,S7J,E,2023-12-01,2023,"Row house, end unit",183.9,One storey,1967,B1,1,3.0586,8104.0,8.104,17616.3,4893.5,69148.8,19208.2,4893.4,1943.3,0.0,0.0,0.0,212361759,Air,,12184.1,T,7.33,3.19,1.95,,,80.0,,,ESTAR,Central split system,3.2,Condensing furnace,Natural Gas,Fireplace with spark ignit. (sealed),Natural Gas,Yes,MOOVAIR,DMA24HOS20230E7,CUB24HAC20BWT7A,25000,21000,20000,1.95,9.5,16.5,Yes,7.327,5.861,0.904,0.723
5271223,SK,S7K,E,2023-12-01,2023,Single Detached,180.8,One and a half,1927,B1;C1;F1,1,7.048,31997.4,31.997,46509.4,12919.4,194693.8,54082.0,12919.3,25773.0,0.0,0.0,0.0,212361760,Air,,10878.5,T,9.67,3.25,1.85,,,81.0,,,ESTAR,Central split system,2.76,Condensing furnace,Natural Gas,,,Yes,MOOVAIR,DMA30HOS20230E7,CUB36HAC20CWT7A,33000,22600,27000,1.85,9.7,15.5,Yes,9.671,7.913,0.302,0.247
1889358,SK,S7K,E,2024-01-01,2024,Single Detached,355.8,Two storeys,1987,B1,1,1.5161,13774.6,13.775,16112.8,4475.8,118673.6,32965.2,4475.9,12622.3,0.0,0.0,0.0,211379154,Air,,9671.3,T,9.67,3.976,2.1,,,73.0,,,ESTAR,Central split system,3.3255,Condensing furnace,Natural Gas,Wood fireplace,Mixed Wood,Yes,YORK,HMH72B341,XAFC48FXXN1+TXV,34000,25800,24200,2.10,8.5,16.5,Yes,9.964,7.092,0.723,0.515
1994075,SK,S7J,E,2024-01-01,2024,Single Detached,221.9,Two storeys,1953,B1;B2;C1;F1,1,3.8621,14289.3,14.289,19892.8,5525.8,108327.9,30091.3,5525.9,12016.2,0.0,0.0,0.0,207436467,Air,,10491.9,F,0.0,4.051,0.0,,,0.0,,,ESTAR,Central split system,3.9005,Condensing furnace,Natural Gas,,,Yes,LENNOX,SL25XPV-036-230A**,CX35-36B+TDR,35800,33400,26400,1.72,8.5,21.8,No,10.492,7.737,0.734,0.541
483653,SK,S7J,E,2024-01-01,2024,Single Detached,282.0,One storey,1956,B1;C1;F1,1,2.3755,12809.9,12.81,24946.4,6929.6,90342.1,25095.2,6929.5,5497.0,0.0,0.0,0.0,207558973,Air,,13879.8,T,9.73,3.63,1.82,,,63.0,,,ESTAR,Central split system,3.87,Condensing furnace,Natural Gas,,,Yes,,,,,,,,,,,,,,
2135912,SK,S7W,N,2023-10-01,2023,Single Detached,285.9,Two storeys,2023,B1,1,1.0972,5008.0,5.008,10019.8,2783.3,44211.4,12281.0,2783.4,0.0,0.0,0.0,0.0,202392056,Air,,7418.8,t,6.33,4.76,2.63,,,56.0,,,ESTAR,Central split system,3.88,Electric furnace,Electricity,,,Yes,,,,,,,,,,,,,,
2135912,SK,S7W,P,2022-03-01,2022,Single Detached,285.9,Two storeys,2023,B1,1,1.5,6353.1,6.353,13848.8,3846.9,47118.4,13088.5,3847.0,0.0,0.0,0.0,0.0,202392056,Air,,7418.8,t,6.33,4.76,2.63,,,56.0,,,ESTAR,Central split system,3.88,Electric furnace,Electricity,,,Yes,,,,,,,,,,,,,,
5019704,SK,S7N,E,2024-01-01,2024,Single Detached,328.5,One storey,1912,B1;B2,1,3.1063,18346.6,18.347,20538.6,5705.2,133795.3,37165.7,5705.3,17785.1,0.0,0.0,0.0,212361760,Air,,10889.3,T,9.67,3.29,1.85,,,81.0,,,ESTAR,Central split system,2.76,Condensing furnace,Natural Gas,Furnace/Boiler w/ spark ignition,Natural Gas,Yes,MOOVAIR,DMA30HOS20230E7,CUB36HAC20CWT7A,33000,22600,27000,1.85,9.7,15.5,Yes,9.671,7.913,0.527,0.431
5082578,SK,S0K,E,2024-01-01,2024,Single Detached,207.6,One storey,1995,C1;C2;F1;F2,1,3.4353,14081.6,14.082,42790.2,11886.3,96814.4,26893.1,11886.2,0.0,0.0,1794.5,0.0,211708566,Air,,12163.6,T,9.79,3.87,2.27,,,54.0,,,ESTAR,Central split system,3.54,Baseboard/Hydronic/Plenum(duct) htrs.,Electricity,Fireplace with pilot (sealed),Propane,Yes,AIREASE,4SHP22LX136P-**A,BCE7S36M*4X,33400,22800,18300,2.28,9,20,No,9.789,5.363,0.695,0.381
5096765,SK,S9A,E,2024-01-01,2024,Single Detached,176.2,One storey,1972,B1;B2,1,5.9,10028.5,10.028,22610.1,6280.6,84898.9,23583.2,6280.6,2317.8,0.0,0.0,0.0,212404697,Air,,11892.2,T,7.33,3.48,1.82,,,86.0,,,ESTAR,Central split system,2.93,Condensing furnace,Natural Gas,,,Yes,CONTINENTAL,WSEHV2436RA1-C,"H,DE33(6,9)36",24000,15000,17500,1.80,8.5,17,No,7.034,5.129,0.701,0.511
5098722,SK,S7N,E,2024-01-01,2024,Single Detached,228.0,Two storeys,1912,B1;B2,1,7.2393,26720.3,26.72,14442.4,4011.8,199513.3,55420.8,4011.7,38838.6,0.0,0.0,0.0,207642882,Air,,8792.1,T,8.79,5.029,1.9,,,98.0,,,ESTAR,Mini-split ductless,4.303,Condensing boiler,Natural Gas,Wood fireplace,Mixed Wood,Yes,CARRIER,38MGHBQ30DA3,,30000,29000,25200,1.80,9.8,26,Yes,8.792,7.385,0.329,0.276
5100913,SK,S7M,E,2023-11-01,2023,Single Detached,470.2,Two storeys,2022,B1,1,0.7765,11464.3,11.464,12366.5,3435.2,83933.4,23315.0,3435.3,10054.2,0.0,0.0,0.0,206764772,Air,,10111.0,T,10.37,4.352,1.96,,,0.0,,,ESTAR,Central split system,3.268,Condensing furnace,Natural Gas,Fireplace with pilot (sealed),Natural Gas,Yes,CARRIER,25VNA836A*032*,CSPH*4812AL*+UI,32800,24000,19000,1.96,7.8,15.5,No,9.613,5.568,0.838,0.486
5122217,SK,S7H,E,2024-01-01,2024,Single Detached,205.6,Two storeys,1967,B1;B2;C1;F1,1,3.6547,16510.6,16.511,55738.2,15483.0,141827.6,39396.9,15482.9,7865.6,0.0,0.0,0.0,212361759,Air,,13141.9,T,7.33,2.04,1.95,,,80.0,,,ESTAR,Central split system,1.796,Condensing furnace,Natural Gas,Same as Type 1 heating system,Natural Gas,Yes,MOOVAIR,DMA24HOS20230E7,CUB24HAC20BWT7A,25000,21000,20000,1.95,9.5,16.5,Yes,7.327,5.861,0.444,0.355
5141270,SK,S0L,E,2024-02-01,2024,Single Detached,380.6,Two storeys,1919,B1;B2,1,7.5565,31805.4,31.805,53786.4,14940.8,178760.6,49656.1,14940.7,22032.7,0.0,0.0,0.0,207742529,Air,,16967.9,T,5.57,3.38,2.22,,,73.0,,,,Mini-split ductless,3.17,Condensing heater,Natural Gas,Wood fireplace,Mixed Wood,Yes,MOOVAIR,DMA18HOM23230X2,,19000,14300,12600,2.00,10.5,22.9,No,5.568,3.693,0.175,0.116
5163843,SK,S0K,E,2024-01-01,2024,Single Detached,307.3,One storey,1964,B1;B2;B3,1,2.6409,16184.3,16.184,27762.7,7711.9,116458.9,32350.0,7712.0,10496.2,0.0,0.0,0.0,207098556,Air,,8709.2,T,100.0,3.55,2.0,,,70.0,,,,Central split system,3.36,Condensing furnace,Natural Gas,,,Yes,CARRIER,38MARBQ24AA3,CAP**2417AL*,25800,15700,,,10.5,15,No,7.561,,0.467,
5178613,SK,S7N,E,2024-02-01,2024,Single Detached,201.5,One storey,1983,B1;P1,1,4.4938,13387.6,13.388,23522.7,6534.1,96031.9,26675.7,6534.2,8465.9,0.0,0.0,0.0,207436239,Air,,6350.6,T,6.33,3.11,1.83,,,94.0,,,ESTAR,Central split system,4.45,Condensing furnace,Natural Gas,Wood fireplace,Mixed Wood,Yes,LENNOX,SL25XPV-024-230A**,CX35-36B+TDR,21600,24200,20400,1.84,9.2,23,No,6.33,5.979,0.473,0.447
1956589,SK,S0K,E,2024-01-01,2024,Single Detached,378.9,Two storeys,2009,B1,1,1.8315,16273.0,16.273,23331.3,6481.0,61750.8,17153.1,6480.9,0.0,0.0,0.0,0.0,205767475,Ground,,11550.0,F,0.0,5.66,0.0,,,0.0,,,C448,Conventional A/C,4.0,Baseboard/Hydronic/Plenum(duct) htrs.,Electricity,Advanced airtight wood stove,Mixed Wood,No,,,,,,,,,,,,,,
1071478,SK,S7J,E,2024-01-01,2024,Single Detached,198.7,Two storeys,1980,B1;P1,1,4.0503,11264.8,11.265,15894.4,4415.1,100434.8,27898.8,4415.0,8060.6,0.0,0.0,0.0,212406525,Air,,7651.8,T,6.56,3.78,2.1,,,107.0,,,,Central split system,3.41,Condensing furnace,Natural Gas,Fireplace with pilot (sealed),Natural Gas,Yes,TRANE,4TXD2036A10NU**,"H,TG34930+TD",24000,15800,21200,1.80,8.5,15.2,No,7.034,6.213,0.624,0.552
5226658,SK,S7H,E,2024-02-01,2024,Single Detached,285.0,Two storeys,1977,B1;B2,1,3.0175,19896.0,19.896,34275.3,9521.0,113173.1,31437.2,9520.9,8787.8,0.0,0.0,0.0,210426579,Air,,24594.2,T,11.72,4.58,1.96,,,92.0,,,ESTAR,Central single package system,2.42,Condensing heater,Natural Gas,Wood fireplace,Mixed Wood,Yes,SENVILLE,SENDC-36HF-OM,SENDC-36HF-IM,40000,30400,34400,1.97,9.5,16,Yes,11.723,10.082,0.589,0.507
5233048,SK,S7J,E,2023-12-01,2023,Single Detached,159.4,One and a half,1946,B1,1,7.0075,16522.2,16.522,36035.7,10010.0,120250.8,33403.3,10010.1,7894.8,0.0,0.0,0.0,212361759,Air,,12184.1,T,7.33,3.19,1.95,,,80.0,,,ESTAR,Central split system,3.2,Condensing furnace,Natural Gas,,,Yes,MOOVAIR,DMA24HOS20230E7,CUB24HAC20BWT7A,25000,21000,20000,1.95,9.5,16.5,Yes,7.327,5.861,0.443,0.355
5237153,SK,S7J,E,2023-12-01,2023,Single Detached,182.7,One storey,1960,B1,1,3.1069,10192.1,10.192,12279.4,3411.0,93117.3,25866.1,3410.9,7078.4,0.0,0.0,0.0,211239688,Air,,7854.3,T,7.85,4.54,2.02,,,91.0,,,ESTAR,Central split system,3.268,Condensing furnace,Natural Gas,,,Yes,CARRIER,38MURAQ24AB3*,CAP**2417AL*,26800,19400,24400,2.02,8.5,16,No,7.854,7.151,0.771,0.702
5243819,SK,S7H,E,2024-01-01,2024,Single Detached,194.1,One storey,2017,B1,1,1.3843,9393.8,9.394,18249.6,5069.4,89691.8,24914.6,5069.5,4987.5,0.0,0.0,0.0,212361760,Air,,10878.5,T,9.67,3.25,1.85,,,81.0,,,,Central split system,2.76,Condensing furnace,Natural Gas,Fireplace with pilot (unsealed),Natural Gas,Yes,MOOVAIR,DMA30HOS20230E7,CUB36HAC20CWT7A,33000,22600,27000,1.85,9.7,15.5,Yes,9.671,7.913,1.03,0.842
5270859,SK,S7H,E,2024-01-01,2024,Single Detached,200.7,One storey,1953,B1,1,3.8889,13324.4,13.324,7277.3,2021.5,123815.1,34393.4,2021.4,17155.7,0.0,0.0,0.0,210288770,Air,,5099.4,F,0.0,3.826,0.0,,,0.0,,,ESTAR,Central split system,3.3991,Condensing furnace,Natural Gas,Fireplace with pilot (sealed),Natural Gas,Yes,LENNOX,EL17XP1-018-230A**,C35-24B+TDR+TXV,17400,11000,8400,2.08,8.1,16.4,No,5.099,2.462,0.383,0.185
5277768,SK,S4S,E,2024-02-01,2024,"Row house, end unit",226.1,One storey,1980,B1,1,3.3393,11630.0,11.63,22066.5,6129.6,93772.2,26048.0,6129.5,4286.7,0.0,0.0,0.0,9854622,Air,,15672.9,T,6.74,3.44,1.82,,,105.0,,,,Mini-split ductless,3.16,Condensing furnace,Natural Gas,Wood fireplace,Mixed Wood,Yes,,,,,,,,,,,,,,
5279137,SK,S7L,E,2024-01-01,2024,Single Detached,137.5,One storey,1960,B1,1,2.6202,9462.6,9.463,22393.3,6220.4,87493.1,24303.8,6220.3,2824.7,0.0,0.0,0.0,212361759,Air,,12184.1,T,7.33,3.19,1.95,,,80.0,,,ESTAR,Central split system,3.2,Condensing furnace,Natural Gas,,,Yes,MOOVAIR,DMA24HOS20230E7,CUB24HAC20BWT7A,25000,21000,20000,1.95,9.5,16.5,Yes,7.327,5.861,0.774,0.619
5291780,SK,S7K,E,2024-02-01,2024,Single Detached,181.2,One storey,1966,B1,1,2.8188,11107.0,11.107,18295.6,5082.2,88452.4,24570.3,5082.3,4219.8,0.0,0.0,0.0,207098550,Air,,8785.4,T,7.62,3.57,1.95,,,70.0,,,,Central split system,3.36,Condensing furnace,Natural Gas,,,Yes,CARRIER,38MARBQ24AA3,CAP**2417AL*,26000,15800,,,10,15,No,7.62,,0.686,
5295635,SK,S0K,D,2023-12-01,2023,Single Detached,240.7,One storey,2000,B1;C1;F1,1,2.1122,11296.1,11.296,22486.9,6246.4,100300.5,27861.5,6246.4,5952.5,0.0,0.0,0.0,205921391,Air,,7661.2,T,3.52,2.88,1.78,,,98.0,,,ESTAR,Central split system,2.53,Induced draft fan furnace,Natural Gas,,,Yes,SENVILLE,SENA/12HF/OZ,SENA/12HF/ID,12000,10600,11800,1.75,10,19,No,3.517,3.458,0.311,0.306
5298342,SK,S7K,E,2024-02-01,2024,Single Detached,196.1,One storey,1979,B1,1,3.3033,12612.7,12.613,10397.5,2888.2,113345.0,31485.0,2888.4,13336.2,0.0,0.0,0.0,209329456,Air,,7033.7,F,0.0,3.826,0.0,,,0.0,,,ESTAR,Central single package system,3.53135,Condensing furnace,Natural Gas,Fireplace with pilot (unsealed),Natural Gas,Yes,DUCANE,4HP18V36P,E*1P23B+H4TXV01,23400,15400,14600,1.91,8.1,17.5,No,6.858,4.279,0.544,0.339
5305039,SK,S4S,E,2024-02-01,2024,Single Detached,215.7,Split level,1973,B1;B2,1,4.0937,9349.7,9.35,18173.9,5048.3,77076.4,21410.3,5048.4,2369.5,0.0,0.0,0.0,210450189,Air,,11498.4,T,11.87,3.7,1.8,,,109.0,,,ESTAR,Central split system,2.95,Condensing furnace,Natural Gas,,,Yes,CARRIER,38MURAQ36AB3*,CAP**3617AL*,39000,29600,35200,1.80,8.5,15.5,No,11.43,10.316,1.222,1.103
5305044,SK,S7H,E,2024-01-01,2024,Single Detached,144.9,One storey,1975,B1,1,4.2429,12462.0,12.462,14397.0,3999.2,107284.5,29801.5,3999.2,10537.9,0.0,0.0,0.0,212544102,Air,,7651.8,T,6.56,3.78,2.1,,,107.0,,,ESTAR,Central split system,3.41,Condensing furnace,Natural Gas,,,Yes,TRANE,4TXD2036A10NU**,"H,TG34936",24000,15800,21200,1.80,8.5,15.2,No,7.034,6.213,0.564,0.499
5308185,SK,S7K,E,2024-01-01,2024,Single Detached,173.4,Two storeys,1977,B1;P1,1,6.0143,16539.7,16.54,28118.3,7810.7,117808.7,32724.9,7810.6,9446.2,0.0,0.0,0.0,212361760,Air,,10878.5,T,9.67,3.25,1.85,,,81.0,,,ESTAR,Central split system,2.76,Condensing furnace,Natural Gas,,,Yes,MOOVAIR,DMA30HOS20230E7,CUB36HAC20CWT7A,33000,22600,27000,1.85,9.7,15.5,Yes,9.671,7.913,0.585,0.478
5363780,SK,S7M,D,2024-02-01,2024,Double/Semi-detached,348.0,One storey,2020,B1,1,0.6126,12068.1,12.068,24555.2,6820.9,99548.8,27652.7,6820.9,5039.8,0.0,0.0,0.0,203025011,Air,,11432.6,T,7.03,3.31,1.9,,,72.0,,,,Central split system,3.37,Condensing furnace,Natural Gas,,,Yes,BOSCH,BOVA-36HDN1-M20G,BMA*2430BNTD,24000,20000,17400,1.90,9,18.5,No,7.034,5.099,0.583,0.423
5364049,SK,S7M,D,2024-02-01,2024,Double/Semi-detached,348.0,One storey,2020,B1,1,0.6831,12948.0,12.948,26196.5,7276.9,103970.2,28880.8,7276.7,5893.4,0.0,0.0,0.0,203025011,Air,Central split system,11432.6,T,7.03,3.31,1.9,0.0,0.0,72.0,0.0,0.0,,Central split system,3.37,Condensing furnace,Natural Gas,,,Yes,BOSCH,BOVA-36HDN1-M20G,BMA*2430BNTD,24000,20000,17400,1.90,9,18.5,No,7.034,5.099,0.543,0.394
8234746,SK,S7K,E,2024-04-01,2024,Single Detached,232.3,Two and a half,1912,B1,1,8.1332,34081.1,34.081,22336.3,6204.6,262068.3,72797.3,6204.5,51375.7,0.0,0.0,0.0,206221543,Air,,11618.2,T,6.45,3.9,2.3,,,80.0,,,,Mini-split ductless,3.15,Condensing boiler,Natural Gas,,,Yes,LG,LMU180HV,,22000,14500,,,9.6,22.5,No,6.448,,0.189,
21329746,SK,S7M,E,2023-05-01,2023,Single Detached,192.5,Split level,1979,B1;B2,1,4.3673,10777.5,10.778,18290.4,5080.7,72372.5,20103.6,5080.6,2665.6,0.0,0.0,0.0,210291658,Air,,18756.5,F,0.0,4.465,0.0,,,0.0,,,ESTAR,Central split system,3.36,Condensing furnace,Natural Gas,,,Yes,LENNOX,EL17XP1-030-230A**,C35-36B+TDR+TXV,28000,18400,14500,2.28,8.1,16,No,8.206,4.25,0.761,0.394
5012481,SK,S7K,E,2024-04-01,2024,Single Detached,248.1,Two storeys,1913,B1;B2;C1;F1,1,2.5818,12579.0,12.579,6648.2,1846.7,112669.2,31297.3,1846.7,17556.3,0.0,0.0,0.0,123456789,Air,,3516.9,F,0.0,4.916,0.0,,,0.0,,,ESTAR,Central split system,3.613,Condensing heater,Natural Gas,Fireplace with pilot (sealed),Natural Gas,Yes,,,,,,,,,,,,,,
5020761,SK,S7S,E,2024-05-01,2024,Single Detached,229.8,Split level,1999,B1;B2;P1,1,1.4909,11937.4,11.937,28333.7,7870.5,90799.7,25222.3,7870.6,4950.6,0.0,0.0,0.0,213369385,Air,,10878.5,T,9.67,3.25,1.85,,,81.0,,,,Central split system,2.76,Condensing furnace,Natural Gas,,,Yes,MOOVAIR,DMA30HOS20230E7,CUB36HAC20BWT7A,31000,19600,22600,1.80,8.5,15.2,Yes,9.085,6.623,0.761,0.555
5033945,SK,S7K,E,2024-03-01,2024,Single Detached,309.0,One and a half,1932,B1;C1;F1,1,10.0,29522.0,29.522,41170.1,11436.2,183987.4,51108.0,11436.2,26383.8,0.0,0.0,0.0,203991171,Air,,21679.3,T,14.65,3.29,1.95,,,71.0,,,,Mini-split ductless,2.67,Condensing heater,Natural Gas,Wood fireplace,Mixed Wood,Yes,BOSCH,BMS500-AAS048-1CSXLB,BMS500-AAU048-1AHCXB,50000,35000,,,9,16.8,No,14.654,,0.496,
5067103,SK,S7K,E,2024-05-01,2024,Single Detached,277.5,One storey,1997,B1;C1;C2;F1;F2,1,2.9652,21261.8,21.262,54661.8,15184.0,159212.5,44226.0,15184.0,13561.2,0.0,0.0,0.0,210488278,Air,,21364.3,T,11.72,3.5,2.02,,,81.0,,,,Mini-split ductless,3.09,Boiler  with continuous pilot,Natural Gas,Advanced airtight wood stove,Mixed Wood,Yes,RUNTRU,M4THM1942A15N**,,40000,35600,32400,1.92,10,19,Yes,11.723,9.496,0.551,0.447
680510,SK,S6V,E,2024-04-01,2024,Single Detached,430.6,Two storeys,1922,B1;B2,1,4.3665,30534.6,30.535,16341.6,4539.4,230934.8,64149.1,4539.5,44399.2,0.0,0.0,0.0,207657627,Air,,7267.6,T,3.52,3.23,1.97,,,92.0,,,,Mini-split ductless,3.58,Condensing furnace,Natural Gas,,,Yes,SENVILLE,SENA/09HF/OQ,SENA/09HF/IQ,12000,9500,10600,2.00,11.5,28.1,Yes,3.517,3.107,0.115,0.102
5122898,SK,S4R,E,2024-02-01,2024,Single Detached,164.8,One storey,1961,B1,1,3.761,12427.2,12.427,19774.8,5493.0,99984.7,27773.7,5493.1,7298.1,0.0,0.0,0.0,211245993,Air,,7921.1,T,7.85,3.69,2.02,,,91.0,,,,Central split system,3.21,Condensing furnace,Natural Gas,,,Yes,CARRIER,38MURAQ24AB3*,CAP**2417AL*,26800,19400,24400,2.02,8.5,16,No,7.854,7.151,0.632,0.575
5163147,SK,S0K,E,2024-04-01,2024,Single Detached,255.0,Split level,1999,B1;B2;B3;P1,1,2.0922,14437.4,14.437,23262.5,6461.9,114865.6,31907.4,6462.0,12944.5,0.0,0.0,0.0,213369385,Air,,9996.4,T,9.09,3.1,1.8,,,80.0,,,,Central split system,2.56,Condensing furnace,Natural Gas,,,Yes,MOOVAIR,DMA30HOS20230E7,CUB36HAC20BWT7A,31000,19600,22600,1.80,8.5,15.2,Yes,9.085,6.623,0.629,0.459
5164001,SK,S4S,E,2024-05-01,2024,"Row house, end unit",255.6,One storey,1985,B1;B2;B3;C1;F1,1,2.987,10596.2,10.596,10494.8,2915.2,95318.5,26477.6,2915.3,7866.5,0.0,0.0,0.0,210365428,Air,,14991.5,T,7.21,3.47,2.08,,,93.0,,,ESTAR,Central split system,3.09,Condensing furnace,Natural Gas,,,Yes,Dettson,MHD-24,MHD-CC2.0-17.5-M,24600,22000,23000,2.08,9.8,15.2,Yes,7.21,6.741,0.68,0.636
5166632,SK,S0K,E,2024-05-01,2024,Single Detached,198.5,One storey,1970,B1;B2,1,2.8906,13737.7,13.738,20219.7,5616.6,133374.4,37048.7,5616.7,0.0,0.0,18393.5,0.0,213153602,Air,,7000.0,T,100.0,2.006,1.8,,,72.0,,,ESTAR,Central split system,1.82015,Condensing furnace,Propane,,,Yes,NAPOLEON,WSEHV2436RA1-N,HG34936,36000,21000,23600,1.80,8.5,15.2,No,10.551,6.916,0.768,0.503
5172912,SK,S7A,E,2024-05-01,2024,Single Detached,277.7,One storey,1987,B1;P1,1,2.4754,13543.5,13.544,24158.3,6710.7,107669.6,29908.5,6710.6,7645.1,0.0,0.0,0.0,212361760,Air,,10889.3,T,9.67,3.29,1.85,,,81.0,,,,Central single package system,2.76,Condensing furnace,Natural Gas,Wood fireplace,Mixed Wood,Yes,MOOVAIR,DMA30HOS20230E7,CUB36HAC20CWT7A,33000,22600,27000,1.85,9.7,15.5,Yes,9.671,7.913,0.714,0.584
5178820,SK,S7J,E,2024-03-01,2024,Single Detached,268.6,Two storeys,1992,B1,1,2.2031,12364.7,12.365,12712.7,3531.3,107431.7,29842.4,3531.4,10058.7,0.0,0.0,0.0,210048665,Air,,9671.3,F,0.0,3.713,0.0,,,0.0,,,ESTAR,Central split system,3.268,Condensing furnace,Natural Gas,Fireplace with spark ignit. (sealed),Natural Gas,Yes,LENNOX,ML17XP1-036-230A**,C35-50/60C+TDR+TXV,33000,21800,17300,2.12,7.8,16,No,9.671,5.07,0.782,0.41
5181614,SK,S0K,E,2024-03-01,2024,Single Detached,383.3,One storey,2010,B1;P1,1,0.778,15350.2,15.35,35735.9,9926.7,92336.5,25649.2,9926.7,0.0,0.0,0.0,0.0,205767576,Ground,,10000.0,F,0.0,3.1,0.0,,,0.0,,,C448,Conventional A/C,3.3255,Electric furnace,Electricity,Fireplace with spark ignit. (sealed),Natural Gas,No,,,,,,,,,,,,,,
5181696,SK,S0K,E,2024-03-01,2024,Single Detached,176.8,Two storeys,2009,B1,1,2.1262,8733.4,8.733,18399.9,5111.1,88783.5,24662.3,5111.2,4317.8,0.0,0.0,0.0,212920610,Air,Central single package system,10760.7,T,10.73,3.22,1.81,0.0,0.0,89.0,0.0,0.0,ESTAR,Central single package system,2.93,Condensing furnace,Natural Gas,Fireplace with pilot (sealed),Natural Gas,Yes,NAPOLEON,WSEHV2436RA1-N,"H,DE37936",36000,25600,32800,1.80,8.5,17,No,10.551,9.613,1.208,1.101
5215005,SK,S6V,E,2024-03-01,2024,Single Detached,169.4,Two storeys,1910,B1;C1;F1,1,8.821,19292.6,19.293,35007.3,9724.3,138758.0,38544.2,9724.2,13364.0,0.0,0.0,0.0,213369385,Air,,9996.4,T,9.09,3.1,1.8,,,80.0,,,,Central split system,2.56,Condensing furnace,Natural Gas,,,Yes,MOOVAIR,DMA30HOS20230E7,CUB36HAC20BWT7A,31000,19600,22600,1.80,8.5,15.2,Yes,9.085,6.623,0.471,0.343
5215028,SK,S0K,E,2024-04-01,2024,Single Detached,170.6,One storey,2011,B1,1,1.1622,7842.1,7.842,14633.1,4064.8,77332.5,21481.4,4064.8,1863.1,0.0,0.0,0.0,212361758,Air,,9868.3,T,5.57,3.69,2.2,,,78.0,,,ESTAR,Central split system,3.07,Condensing furnace,Natural Gas,,,Yes,MOOVAIR,DMA18HOS20230E7,CUB24HAC20BWT7A,19000,14700,15000,2.20,9.5,16.1,Yes,5.568,4.396,0.71,0.561
5218937,SK,S0G,E,2024-03-01,2024,Single Detached,98.3,One storey,1965,B1;C1;F1,1,8.1733,14673.8,14.674,13587.0,3774.2,108791.5,30220.1,3774.2,0.0,0.0,10865.4,0.0,207098555,Air,,8648.2,T,7.5,3.63,2.0,,,70.0,,,,Central split system,3.36,Condensing furnace,Propane,,,Yes,CARRIER,38MARBQ24AA3,CNPV*2417AL*,25600,15600,,,10.5,15,No,7.503,,0.511,
5226779,SK,S9H,E,2024-02-01,2024,Single Detached,213.7,One storey,1986,B1,1,1.4484,10215.4,10.215,11249.5,3124.9,93525.9,25979.6,3125.0,10476.2,0.0,0.0,0.0,211644244,Air,,6056.0,F,0.0,3.826,0.0,,,0.0,,,ESTAR,Central split system,3.613,Condensing furnace,Natural Gas,Furnace/Boiler w/ spark ignition,Natural Gas,Yes,AIREASE,4SHP18LX136P,EAC4X30B+TDR,23400,15500,14800,1.97,8.1,19,No,6.858,4.337,0.671,0.425
5226793,SK,S0L,E,2024-03-01,2024,Single Detached,386.8,One storey,1980,B1,1,1.098,6368.1,6.368,11423.2,3173.1,56793.6,15776.1,3173.1,0.0,0.0,0.0,0.0,207338124,Ground,,13660.0,F,0.0,3.8,0.0,,,0.0,,,C448,Conventional A/C,3.958,Electric furnace,Electricity,,,No,,,,,,,,,,,,,,
5232993,SK,S7H,E,2024-01-01,2024,Single Detached,187.4,One storey,1962,B1,1,2.796,11598.9,11.599,18412.0,5114.5,94849.2,26347.2,5114.5,5889.2,0.0,0.0,0.0,207436156,Air,Central split system,6350.6,T,6.33,3.12,1.84,0.0,0.0,94.0,0.0,0.0,ESTAR,Central split system,4.45,Condensing furnace,Natural Gas,,,Yes,LENNOX,SL25XPV-024-230A**,C35-36B+TDR+TXV,21600,24200,20400,1.84,9.2,23,No,6.33,5.979,0.546,0.515
5237665,SK,S0M,E,2024-04-01,2024,Single Detached,343.8,One storey,1980,B1,1,1.9544,15132.5,15.132,24715.0,6865.3,70944.7,19707.0,6865.3,0.0,0.0,0.0,0.0,213307836,Ground,,13657.1,F,0.0,3.8,0.0,,,0.0,,,C448,Conventional A/C,4.75,Electric furnace,Electricity,,,No,,,,,,,,,,,,,,
5251811,SK,S0K,E,2024-04-01,2024,Single Detached,343.4,Two storeys,1983,B1;P1,1,2.0438,19267.4,19.267,37710.6,10475.3,146827.0,40785.6,10475.4,15432.1,0.0,0.0,0.0,212361759,Air,,13141.9,T,7.33,3.35,1.95,,,80.0,,,ESTAR,Central split system,3.2,Condensing furnace,Natural Gas,Furnace/Boiler w/ spark ignition,Natural Gas,Yes,MOOVAIR,DMA24HOS20230E7,CUB24HAC20BWT7A,25000,21000,20000,1.95,9.5,16.5,Yes,7.327,5.861,0.38,0.304
5264524,SK,S7H,E,2024-04-01,2024,"Row house, end unit",199.4,One storey,1960,B1,1,3.3975,9339.1,9.339,16737.9,4649.5,86642.1,24067.4,4649.5,6368.4,0.0,0.0,0.0,210329979,Air,,8381.8,F,0.0,3.28,0.0,,,0.0,,,,Central split system,3.199,Condensing furnace,Natural Gas,,,Yes,AIREASE,4SHP17LE130P-**A,EA(C;U)1P30A+TDR+TXV,27600,18200,14400,2.16,7.8,15.4,No,8.089,4.22,0.866,0.452
5264812,SK,S0A,E,2024-05-01,2024,Single Detached,279.2,One storey,1978,B1;C1;F1,1,1.8855,11032.5,11.032,23904.7,6640.2,85005.9,23612.9,6640.3,0.0,0.0,3723.4,0.0,211624978,Air,,11162.8,T,10.26,3.0,1.8,,,108.0,,,,Central split system,2.85,Condensing furnace,Propane,,,Yes,CONTINENTAL,WSEHV2436RA1-C,CPFX24A36A,35000,29000,28000,1.80,9,16,Yes,10.257,8.206,0.93,0.744
5270810,SK,S7M,E,2023-12-01,2023,Single Detached,134.1,One storey,1955,B1;B2,1,3.5186,12757.1,12.757,29099.5,8083.3,105633.9,29343.0,8083.4,5723.1,0.0,0.0,0.0,212361759,Air,,13141.9,T,7.33,3.35,1.95,,,80.0,,,ESTAR,Central split system,3.2,Induced draft fan furnace,Natural Gas,,,Yes,MOOVAIR,DMA24HOS20230E7,CUB24HAC20BWT7A,25000,21000,20000,1.95,9.5,16.5,Yes,7.327,5.861,0.574,0.459
5305043,SK,S7H,E,2024-02-01,2024,Single Detached,191.9,Split level,1977,B1;B2;B3;P1,1,4.3644,13862.3,13.862,16508.7,4585.8,113206.7,31446.6,4585.9,11716.8,0.0,0.0,0.0,207098550,Air,,8785.4,T,7.62,3.57,1.95,,,70.0,,,ESTAR,Central split system,3.36,Condensing furnace,Natural Gas,,,Yes,CARRIER,38MARBQ24AA3,CAP**2417AL*,26000,15800,,,10,15,No,7.62,,0.55,
603027,SK,S4S,E,2024-03-01,2024,Single Detached,194.3,Two storeys,1952,B1;B2;B3,1,4.9342,15265.6,15.266,30131.5,8369.9,116794.7,32443.2,8369.8,8480.9,0.0,0.0,0.0,208141269,Air,,15346.7,T,7.03,3.59,2.1,,,100.0,,,,Central split system,3.41,Condensing furnace,Natural Gas,Fireplace with pilot (sealed),Natural Gas,Yes,TRANE,4TXD2036A10NU**,4MXA2024A10NU**,24000,20000,22000,1.80,9,17,Yes,7.034,6.448,0.461,0.422
5317679,SK,S0G,E,2024-04-01,2024,Single Detached,145.9,One storey,1983,C1;F1,1,2.2604,8918.8,8.919,19122.5,5311.8,65898.5,18305.3,5311.7,0.0,0.0,0.0,0.0,203862746,Air,,15483.5,T,7.03,3.66,2.01,,,100.0,,,,Mini-split ductless,3.38,Baseboard/Hydronic/Plenum(duct) htrs.,Electricity,,,Yes,GE Appliances,ASH324NCDWA,,24000,16000,,,10.5,18.5,No,7.034,,0.789,
5327486,SK,S4P,E,2024-04-01,2024,Single Detached,139.1,One storey,1921,B1;B2,1,9.7831,17097.6,17.098,27295.7,7582.2,116226.3,32285.3,7582.3,9362.9,0.0,0.0,0.0,213077379,Air,,11348.9,T,11.28,3.63,2.06,,,90.0,,,ESTAR,Central split system,3.11,Condensing furnace,Natural Gas,,,Yes,KEEPRITE,DLCURAH36ABK,EA*4X37L21A*,38500,29200,35000,2.06,8.5,15.5,No,11.283,10.257,0.66,0.6
5330058,SK,S9A,E,2024-05-01,2024,Single Detached,175.9,Split level,1988,B1;B2,1,2.1457,7791.1,7.791,18671.7,5186.6,79083.4,21967.8,5186.7,1087.8,0.0,0.0,0.0,213153598,Air,,15259.0,T,9.5,3.29,1.8,,,72.0,,,ESTAR,Central split system,3.41,Condensing furnace,Natural Gas,,,Yes,CONTINENTAL,WSEHV2436RA1-C,HG34936,36000,21000,23600,1.80,8.5,15.2,No,10.551,6.916,1.354,0.888
5331440,SK,S7L,E,2024-04-01,2024,Single Detached,156.9,Split level,1973,B1;B2;B3;B4;P1,1,3.2377,14314.5,14.314,36317.2,10088.2,101983.2,28328.9,10088.1,4624.5,0.0,0.0,0.0,207098504,Air,,16998.1,T,7.39,3.66,2.0,,,71.0,,,ESTAR,Central split system,3.52,Condensing furnace,Natural Gas,,,Yes,CARRIER,38MARBQ24AA3,CNPV*3017AL*,25200,15400,,,10.5,15.5,No,7.385,,0.516,
5338980,SK,S0G,E,2024-04-01,2024,Single Detached,330.1,One storey,2006,B1;B2,1,1.8616,15838.1,15.838,25962.3,7211.8,70603.8,19612.3,7211.7,0.0,0.0,0.0,0.0,7487654,Ground,,8528.4,F,0.0,4.5,0.0,,,0.0,,,C448,Conventional A/C,5.9,Baseboard/Hydronic/Plenum(duct) htrs.,Electricity,Advanced airtight wood stove,Mixed Wood,No,,,,,,,,,,,,,,
5341691,SK,S7L,E,2024-05-01,2024,Single Detached,140.2,One storey,1969,B1,1,2.6419,10764.4,10.764,28354.8,7876.4,94120.3,26144.7,7876.5,3058.9,0.0,0.0,0.0,212361759,Air,,13141.9,T,7.33,3.35,1.95,,,80.0,,,ESTAR,Central split system,3.2,Condensing furnace,Natural Gas,,,Yes,MOOVAIR,DMA24HOS20230E7,CUB24HAC20BWT7A,25000,21000,20000,1.95,9.5,16.5,Yes,7.327,5.861,0.681,0.545
5352534,SK,S7S,E,2024-02-01,2024,Single Detached,184.6,One storey,1999,B1,1,2.248,9214.0,9.214,16758.5,4655.2,69093.6,19192.8,4655.3,2223.1,0.0,0.0,0.0,212361759,Air,,13141.9,T,7.33,3.35,1.95,,,80.0,,,,Central split system,3.2,Condensing furnace,Natural Gas,,,Yes,MOOVAIR,DMA24HOS20230E7,CUB24HAC20BWT7A,25000,21000,20000,1.95,9.5,16.5,Yes,7.327,5.861,0.795,0.636
5363504,SK,S7M,E,2024-03-01,2024,Single Detached,232.2,One storey,1961,B1,1,4.55,16005.8,16.006,32397.2,8999.3,115765.4,32157.3,8999.2,7530.9,0.0,0.0,0.0,213369385,Air,,9996.4,T,9.09,3.1,1.85,,,81.0,,,ESTAR,Central split system,2.56,Condensing furnace,Natural Gas,Wood fireplace,Mixed Wood,Yes,MOOVAIR,DMA30HOS20230E7,CUB36HAC20BWT7A,31000,19600,22600,1.80,8.5,15.2,Yes,9.085,6.623,0.568,0.414
5363631,SK,S7V,E,2024-05-01,2024,Single Detached,229.0,One storey,2001,B1,1,1.1279,9373.6,9.374,22000.4,6111.3,90179.3,25050.0,6111.2,4322.3,0.0,0.0,0.0,212361759,Air,,13141.9,T,7.33,3.35,1.95,,,80.0,,,,Central split system,3.2,Condensing furnace,Natural Gas,Fireplace with pilot (sealed),Natural Gas,Yes,MOOVAIR,DMA24HOS20230E7,CUB24HAC20BWT7A,25000,21000,20000,1.95,9.5,16.5,Yes,7.327,5.861,0.782,0.625
5373333,SK,S0L,E,2024-04-01,2024,Single Detached,201.2,One storey,1950,B1,1,4.5,13431.1,13.431,24620.0,6838.9,108859.5,30239.0,6838.9,8293.4,0.0,0.0,0.0,212361759,Air,,13141.9,T,7.33,3.35,1.95,,,80.0,,,,Central split system,3.2,Condensing furnace,Natural Gas,,,Yes,MOOVAIR,DMA24HOS20230E7,CUB24HAC20BWT7A,25000,21000,20000,1.95,9.5,16.5,Yes,7.327,5.861,0.546,0.436
5373336,SK,S7K,E,2024-05-01,2024,Single Detached,260.0,Split level,1989,B1;B2;P1,1,2.3484,11303.2,11.303,26838.8,7455.3,85593.4,23776.1,7455.3,3777.0,0.0,0.0,0.0,212361760,Air,,10878.5,T,9.67,3.25,1.85,,,81.0,,,ESTAR,Central split system,2.76,Condensing furnace,Natural Gas,,,Yes,MOOVAIR,DMA30HOS20230E7,CUB36HAC20CWT7A,33000,22600,27000,1.85,9.7,15.5,Yes,9.671,7.913,0.856,0.7
5375205,SK,S7L,E,2024-02-01,2024,Single Detached,143.9,One storey,1972,B1;B2,1,3.6862,10630.2,10.63,34569.6,9602.7,96831.0,26897.7,9602.9,2010.0,0.0,0.0,0.0,208141270,Air,,18950.2,T,10.55,2.87,1.83,,,83.0,,,ESTAR,Central split system,2.85,Condensing furnace,Natural Gas,,,Yes,TRANE,4TXD2036A10NU**,4MXA2036A10NU**,35000,29000,28000,1.80,9,16,Yes,10.257,8.206,0.965,0.772
5375446,SK,S7J,E,2024-03-01,2024,Single Detached,175.6,One storey,1962,B1;B2;B3,1,2.0699,10303.9,10.304,23046.5,6401.9,81691.7,22692.3,6401.7,3663.6,0.0,0.0,0.0,212361759,Air,,12184.1,T,7.33,3.19,1.95,,,80.0,,,ESTAR,Central split system,3.2,Condensing furnace,Natural Gas,,,Yes,MOOVAIR,DMA24HOS20230E7,CUB24HAC20BWT7A,25000,21000,20000,1.95,9.5,16.5,Yes,7.327,5.861,0.711,0.569
5377813,SK,S7N,E,2024-04-01,2024,"Row house, end unit",231.0,Two storeys,2022,B1,1,1.5624,8582.1,8.582,21795.0,6054.2,79538.9,22094.3,6054.2,2873.6,0.0,0.0,0.0,212361759,Air,,13141.9,T,7.33,3.35,1.95,,,80.0,,,,Central split system,3.2,Condensing furnace,Natural Gas,Other (describe),Electricity,Yes,MOOVAIR,DMA24HOS20230E7,CUB24HAC20BWT7A,25000,21000,20000,1.95,9.5,16.5,Yes,7.327,5.861,0.854,0.683
5380226,SK,S7H,E,2024-04-01,2024,Single Detached,174.3,One storey,1960,B1;B2,1,3.2645,11541.5,11.542,26303.2,7306.5,102769.7,28547.4,7306.4,6568.1,0.0,0.0,0.0,212361759,Air,,13141.9,T,7.33,3.35,1.95,,,80.0,,,ESTAR,Central split system,3.2,Induced draft fan furnace,Natural Gas,Fireplace with pilot (sealed),Natural Gas,Yes,MOOVAIR,DMA24HOS20230E7,CUB24HAC20BWT7A,25000,21000,20000,1.95,9.5,16.5,Yes,7.327,5.861,0.635,0.508
5381397,SK,S7W,E,2024-04-01,2024,"Row house, end unit",200.2,Two storeys,2022,B1,1,1.7373,8365.6,8.366,12956.0,3598.9,67369.9,18714.0,3598.9,2784.2,0.0,0.0,0.0,212406525,Air,,7644.2,T,6.56,3.67,2.1,,,107.0,,,ESTAR,Central split system,3.41,Condensing furnace,Natural Gas,,,Yes,TRANE,4TXD2036A10NU**,"H,TG34930+TD",24000,15800,21200,1.80,8.5,15.2,No,7.034,6.213,0.841,0.743
5383455,SK,S7H,E,2024-03-01,2024,Single Detached,172.7,Two storeys,2005,B1,1,3.6116,12033.4,12.033,21537.9,5982.8,93345.7,25929.6,5982.8,4378.6,0.0,0.0,0.0,212361760,Air,,10889.3,T,9.67,3.29,1.85,,,81.0,,,,Central single package system,2.76,Condensing furnace,Natural Gas,,,Yes,MOOVAIR,DMA30HOS20230E7,CUB36HAC20CWT7A,33000,22600,27000,1.85,9.7,15.5,Yes,9.671,7.913,0.804,0.658
5396895,SK,S7V,D,2024-04-01,2024,Single Detached,398.6,Two storeys,2023,B1,1,0.6541,10844.4,10.844,11986.6,3329.6,96293.3,26748.4,3329.7,10893.1,0.0,0.0,0.0,12345678,Air,,7000.0,F,0.0,2.998,0.0,,,0.0,,,,Central split system,3.383,Condensing furnace,Natural Gas,,,Yes,,,,,,,,,,,,,,
5399082,SK,S7K,D,2024-04-01,2024,Single Detached,330.7,Two storeys,2022,,1,2.0195,19085.1,19.085,71543.9,19873.5,120324.1,33423.6,19873.5,0.0,0.0,0.0,0.0,121345678,Air,,19500.0,F,0.0,3.788,0.0,,,0.0,,,ESTAR,Central split system,3.268,Electric boiler,Electricity,,,Yes,,,,,,,,,,,,,,
604236,SK,S7N,E,2024-06-01,2024,Single Detached,182.0,Two and a half,1912,B1,1,10.4097,40194.7,40.195,67519.1,18755.5,224834.8,62454.6,18755.4,29769.7,0.0,0.0,0.0,212361761,Air,,21121.9,T,11.43,3.94,2.0,,,82.0,,,ESTAR,Central split system,2.34,Condensing furnace,Natural Gas,,,Yes,MOOVAIR,DMA36HOS20230E7,CUB36HAC20CWT7A,39000,33000,32000,2.00,10,15.2,Yes,11.43,9.378,0.284,0.233
5226658,SK,S7H,D,2024-02-01,2024,Single Detached,285.0,Two storeys,1977,B1;B2,1,3.0175,19896.0,19.896,34275.3,9521.0,113173.1,31437.2,9520.9,8787.8,0.0,0.0,0.0,210426579,Air,,24594.2,T,11.72,4.58,1.96,,,92.0,,,ESTAR,Central single package system,2.42,Condensing heater,Natural Gas,Wood fireplace,Mixed Wood,Yes,SENVILLE,SENDC-36HF-OM,SENDC-36HF-IM,40000,30400,34400,1.97,9.5,16,Yes,11.723,10.082,0.589,0.507
1930813,SK,S7J,E,2024-10-01,2024,Single Detached,170.5,One storey,1950,B1,1,2.2971,11012.4,11.012,17442.1,4845.1,91862.0,25517.4,4845.0,5249.8,0.0,0.0,0.0,213076375,Air,,7922.6,T,7.85,3.92,2.26,,,99.0,,,,Central split system,3.2,Condensing furnace,Natural Gas,,,Yes,COMFORTMAKER,DLCURAH24ABK,EA*4X24L17A*,26800,19400,26600,2.26,8.5,16.5,No,7.854,7.796,0.713,0.708
1999464,SK,S0E,E,2024-03-01,2024,Single Detached,206.4,One storey,1950,B1,1,2.9752,13112.3,13.112,44882.2,12467.4,104299.5,28972.3,12467.3,0.0,0.0,0.0,3837.5,207657627,Air,,15260.8,T,3.52,3.35,1.97,,,92.0,,,,Mini-split ductless,3.45,Electric furnace,Electricity,Advanced airtight wood stove,Mixed Wood,Yes,SENVILLE,SENA/09HF/OQ,SENA/09HF/IQ,12000,9500,10600,2.00,11.5,28.1,Yes,3.517,3.107,0.268,0.237
11925746,SK,S7J,E,2024-10-01,2024,Single Detached,298.4,Two storeys,1997,B1,1,2.2918,13986.7,13.987,22845.8,6346.1,123280.1,34244.7,6346.2,12215.4,0.0,0.0,0.0,212633392,Air,,7056.3,T,6.56,3.22,1.8,,,102.0,,,,Central split system,3.52,Condensing furnace,Natural Gas,Fireplace with pilot (sealed),Natural Gas,Yes,GREE,FLEXX36HP230V1AO,CDP36K15P+TD,,14000,21200,1.80,8.5,15.2,No,,6.213,,0.444
5007753,SK,S0G,E,2024-10-01,2024,Single Detached,196.2,One storey,1968,B1,1,4.8643,15275.1,15.275,47037.1,13066.0,105435.5,29287.9,13065.9,3810.6,0.0,0.0,0.0,204344221,Air,,20721.9,T,12.31,2.96,1.82,,,74.0,,,,Mini-split ductless,2.02,Condensing furnace,Natural Gas,,,Yes,TOSOT,TM42H5O,,42000,30000,31200,1.82,8.6,16,Yes,12.309,9.144,0.806,0.599
5012956,SK,S7H,E,2024-08-01,2024,Single Detached,153.0,One storey,1934,B1;C1;F1,1,2.2911,7689.7,7.69,13052.0,3625.6,73542.4,20428.6,3625.6,1902.8,0.0,0.0,0.0,212925537,Air,,16130.9,T,7.33,4.78,1.95,,,100.0,,,ESTAR,Mini-split ductless,1.83,Condensing furnace,Natural Gas,,,Yes,Mitsubishi Electric,MXZ-3C24NAHZ4-**,,25000,14500,25000,1.95,10,19,Yes,7.327,7.327,0.953,0.953
5023825,SK,S4R,E,2024-03-01,2024,Single Detached,275.6,Two storeys,1978,B1;C1;F1,1,3.3843,16322.2,16.322,14618.8,4060.8,103423.3,28728.9,4060.9,12684.0,0.0,0.0,0.0,204834264,Air,,7000.0,F,0.0,5.104,0.0,,,0.0,,,,Mini-split ductless,3.728,Condensing heater,Natural Gas,Fireplace with spark ignit. (sealed),Natural Gas,Yes,Mitsubishi Electric,MXZ-8C48NA2,,54000,33000,,,11.5,20,No,15.826,,0.97,
5039731,SK,S7K,E,2024-08-01,2024,Single Detached,162.6,One storey,1962,B1;P1,1,2.2103,8213.0,8.213,17351.4,4819.9,72500.9,20139.3,4819.8,2998.6,0.0,0.0,0.0,212544102,Air,,7644.2,T,6.56,3.67,2.1,,,107.0,,,,Central split system,3.41,Condensing furnace,Natural Gas,Wood fireplace,Mixed Wood,Yes,TRANE,4TXD2036A10NU**,"H,TG34936",24000,15800,21200,1.80,8.5,15.2,No,7.034,6.213,0.856,0.756
343974,SK,S4S,E,2024-08-01,2024,Single Detached,401.6,Two storeys,1969,B1;B2,1,2.1517,21401.6,21.402,24402.7,6778.6,143709.5,39919.6,6778.7,17432.6,0.0,0.0,0.0,207098547,Air,,8580.5,T,7.44,3.63,2.0,,,71.0,,,,Central split system,3.36,Condensing furnace,Natural Gas,,,Yes,CARRIER,38MARBQ24AA3,CAP**3014AL*,25400,15600,,,10.5,15,No,7.444,,0.348,
5063005,SK,S7W,E,2024-07-01,2024,Single Detached,250.7,Two storeys,2016,B1,1,1.2475,6456.8,6.457,10658.9,2960.8,64509.1,17919.3,2960.9,1738.6,0.0,0.0,0.0,211694690,Air,,6997.4,T,6.98,3.44,1.9,,,66.0,,,ESTAR,Central split system,4.0,Condensing furnace,Natural Gas,,,Yes,LENNOX,EL22XPV-024-230A**,C35-24B+TDR+TXV,23800,14800,15800,1.90,8.5,20.5,No,6.975,4.631,1.08,0.717
689698,SK,S7H,E,2024-08-01,2024,Single Detached,233.5,Two storeys,1961,B1;P1,1,3.8666,15938.4,15.938,28799.2,7999.8,104037.2,28899.5,7999.8,4751.1,0.0,0.0,0.0,212361761,Air,,21121.9,T,11.43,3.94,2.0,,,82.0,,,,Central single package system,2.34,Induced draft fan furnace,Natural Gas,Advanced airtight wood stove,Mixed Wood,Yes,MOOVAIR,DMA36HOS20230E7,CUB36HAC20CWT7A,39000,33000,32000,2.00,10,15.2,Yes,11.43,9.378,0.717,0.588
5067080,SK,S7K,E,2024-06-01,2024,Single Detached,302.1,One storey,1984,B1,1,2.0805,13048.2,13.048,35293.1,9803.7,85255.7,23682.3,9803.7,0.0,0.0,0.0,0.0,212928696,Air,,10055.3,T,10.02,4.19,2.0,,,84.0,,,,Central split system,2.96,Electric furnace,Electricity,Advanced airtight wood stove,Mixed Wood,Yes,AMANA,ASZS60361EA*,AHVE42CP1400A*,34200,23000,29000,2.00,8.6,17.5,Yes,10.023,8.499,0.768,0.651
5067100,SK,S0G,E,2024-09-01,2024,Single Detached,270.6,One storey,1976,B1;B2,1,2.1916,11692.6,11.693,24939.6,6927.7,88271.1,24519.9,6927.8,5423.9,0.0,0.0,0.0,207098557,Air,,8574.1,T,7.44,3.61,2.0,,,70.0,,,,Central split system,3.36,Condensing furnace,Natural Gas,,,Yes,CARRIER,38MARBQ24AA3,CNPV*3017AL*,25400,15500,,,10,15.5,No,7.444,,0.637,
5077088,SK,S7K,E,2024-06-01,2024,Single Detached,502.3,One storey,2019,B1,1,0.8654,9258.7,9.259,21682.8,6023.0,65295.5,18137.8,6023.1,0.0,0.0,2573.1,0.0,212404696,Air,,10760.7,T,10.55,3.22,1.81,,,89.0,,,ESTAR,Central split system,2.93,Condensing furnace,Propane,Advanced airtight wood stove,Mixed Wood,Yes,NAPOLEON,WSEHV2436RA1-N,"H,DE33(6,9)36",24000,15000,17500,1.80,8.5,17,No,7.034,5.129,0.76,0.554
5085094,SK,S0J,E,2024-07-01,2024,Single Detached,218.9,Split level,1953,B1;B2;B3;B4;P1,1,4.6874,18285.1,18.285,85246.3,23679.7,130594.4,36276.5,23679.6,0.0,0.0,0.0,0.0,208447882,Air,,7000.0,T,14.65,3.25,1.85,,,92.0,,,,Central split system,2.4,Electric furnace,Electricity,,,Yes,CARRIER,38MURAQ48AB3,40MUAAQ48XA3,50000,36000,46000,1.90,9.4,15.6,Yes,14.654,13.481,0.801,0.737
5114490,SK,S4H,E,2024-09-01,2024,Single Detached,311.8,One storey,2011,B1,1,0.8489,8892.3,8.892,14989.6,4163.8,82465.7,22907.3,4163.9,4107.8,0.0,0.0,0.0,207098551,Air,,8594.0,T,7.44,3.66,2.0,,,70.0,,,,Central split system,3.36,Condensing furnace,Natural Gas,Fireplace with pilot (sealed),Natural Gas,Yes,CARRIER,38MARBQ24AA3,CNPV*3017AL*,25400,15500,,,10,15.5,No,7.444,,0.837,
5132164,SK,S7M,E,2024-09-01,2024,Single Detached,115.3,One storey,1955,B1,1,3.745,10155.3,10.155,19456.0,5404.5,85189.0,23663.8,5404.5,2673.1,0.0,0.0,0.0,213487207,Air,,13300.2,T,7.33,3.38,2.0,,,80.0,,,,Central single package system,2.93,Condensing furnace,Natural Gas,,,Yes,,,,,,,,,,,,,,
5147499,SK,S6V,E,2024-09-01,2024,Single Detached,256.2,Two storeys,2000,,1,4.9181,21333.9,21.334,41453.3,11514.9,155660.1,43239.3,11514.8,18803.5,0.0,0.0,0.0,212603043,Air,,10760.7,T,10.73,3.22,1.81,,,89.0,,,,Central split system,2.93,Condensing heater,Natural Gas,Fireplace with spark ignit. (sealed),Natural Gas,Yes,CONTINENTAL,WSEHV2436RA1-C,"H,DE37936",36000,25600,32800,1.80,8.5,17,No,10.551,9.613,0.495,0.451
5155388,SK,S3N,E,2024-08-01,2024,Single Detached,190.3,One storey,1958,B1,1,2.9625,9385.6,9.386,23404.1,6501.2,86252.7,23959.3,6501.2,4423.9,0.0,0.0,0.0,207335557,Air,,19870.5,T,10.55,3.03,1.83,,,83.0,,,,Central split system,2.85,Condensing furnace,Natural Gas,Fireplace with pilot (sealed),Natural Gas,Yes,CONTINENTAL,CS18HV24A36,CPFX24A36A,35000,29000,28000,1.80,9,16,No,10.257,8.206,1.093,0.874
5172307,SK,S6H,E,2024-06-01,2024,Single Detached,198.6,Two storeys,1942,B1;C1;F1,1,6.0238,17575.9,17.576,12904.0,3584.5,131396.1,36499.2,3584.5,17397.9,0.0,0.0,0.0,211853395,Air,,7000.0,F,0.0,4.126,0.0,,,0.0,,,,Central split system,3.291,Condensing furnace,Natural Gas,,,Yes,,,,,,,,,,,,,,
5176254,SK,S7W,E,2024-08-01,2024,Single Detached,220.4,One storey,2006,B1,1,1.5307,8894.4,8.894,17156.2,4765.6,74089.7,20580.6,4765.6,3798.6,0.0,0.0,0.0,207436156,Air,,6350.6,T,6.33,3.11,1.83,,,94.0,,,ESTAR,Central single package system,4.45,Condensing furnace,Natural Gas,,,Yes,LENNOX,SL25XPV-024-230A**,C35-36B+TDR+TXV,21600,24200,20400,1.84,9.2,23,No,6.33,5.979,0.712,0.672
5178148,SK,S0K,E,2024-06-01,2024,Single Detached,235.5,One storey,2007,B1,1,1.4754,10108.7,10.109,19865.7,5518.3,85125.0,23646.0,5518.4,5536.7,0.0,0.0,0.0,212361759,Air,,13141.9,T,100.0,3.35,1.95,,,80.0,,,,Central split system,3.53,Condensing furnace,Natural Gas,Fireplace with pilot (unsealed),Natural Gas,Yes,MOOVAIR,DMA24HOS20230E7,CUB24HAC20BWT7A,25000,21000,20000,1.95,9.5,16.5,Yes,7.327,5.861,0.725,0.58
5182184,SK,S7H,E,2024-08-01,2024,Single Detached,190.0,One storey,1958,B1;B2;P1,1,3.9695,10981.7,10.982,20670.1,5741.7,93697.5,26027.3,5741.7,4630.0,0.0,0.0,0.0,212633393,Air,,10172.8,T,9.5,3.02,1.8,,,74.0,,,,Central split system,2.79,Condensing furnace,Natural Gas,Fireplace with pilot (sealed),Natural Gas,Yes,,,,,,,,,,,,,,
5184226,SK,S0P,E,2024-09-01,2024,Single Detached,397.0,Two storeys,1999,,1,0.82,17276.4,17.276,71759.0,19933.2,117353.3,32598.4,19933.2,0.0,0.0,0.0,0.0,212615029,Air,,17631.4,T,16.12,3.18,1.8,,,84.0,,,,Central split system,2.59,Electric furnace,Electricity,Other (describe),Electricity,Yes,MOOVAIR,DMA60HOS20230E7,CUB60HAC20DWT7A,55000,37000,46500,1.80,8.6,14.5,No,16.119,13.628,0.933,0.789
5208980,SK,S4S,E,2024-05-01,2024,Single Detached,397.1,Two storeys,1950,B1;B2,1,6.9151,31686.0,31.686,58262.1,16184.0,185757.6,51599.7,16184.0,22209.9,0.0,0.0,0.0,209484153,Air,,24298.8,T,12.31,4.07,2.06,,,90.0,,,ESTAR,Central split system,3.23,Condensing furnace,Natural Gas,Furnace/Boiler w/ spark ignition,Natural Gas,Yes,Mitsubishi Electric,PUZ-HA36NKA*,PAA-A36BA1,42000,28400,42000,1.80,9.5,15.3,Yes,12.309,12.309,0.388,0.388
5235999,SK,S0K,E,2024-08-01,2024,Single Detached,189.6,One storey,1988,B1;B2;B3;C1;F1,1,1.8634,12019.2,12.019,24710.7,6864.1,89669.2,24908.3,6864.2,2895.9,0.0,0.0,0.0,212361759,Air,,13141.9,T,7.33,3.35,1.95,,,80.0,,,,Central split system,3.2,Condensing furnace,Natural Gas,Baseboard/Hydronic/Plenum(duct) htrs,Electricity,Yes,MOOVAIR,DMA24HOS20230E7,CUB24HAC20BWT7A,25000,21000,20000,1.95,9.5,16.5,Yes,7.327,5.861,0.61,0.488
5236234,SK,S0K,E,2024-10-01,2024,Single Detached,234.5,Two storeys,2018,B1,1,0.8853,8804.1,8.804,12192.6,3386.9,71274.8,19798.7,3387.0,2314.2,0.0,0.0,0.0,7180063,Air,,14789.2,T,10.55,4.37,2.49,,,61.0,,,ESTAR,Mini-split ductless,1.803,Condensing boiler,Natural Gas,,,Yes,LG,LMU36CHV,,36000,20000,,,8.2,21.5,No,10.551,,1.198,
5267749,SK,S0G,E,2024-09-01,2024,Single Detached,197.8,One storey,1997,B1,1,1.3666,7115.5,7.116,26628.6,7396.9,74642.2,20734.1,7397.0,0.0,0.0,0.0,0.0,205093064,Air,,6999.7,F,0.0,2.998,0.0,,,0.0,,,,Mini-split ductless,2.578,Baseboard/Hydronic/Plenum(duct) htrs.,Electricity,,,Yes,TOSOT,TW24HQ1B2DO,TW24HQ1B2DI,24000,15000,,,10,19,No,7.034,,0.989,
5274393,SK,S7S,E,2024-09-01,2024,Single Detached,259.8,Split entry/Raised base.,2000,B1;P1,1,0.8554,9023.1,9.023,61131.1,16981.0,135735.6,37704.6,16981.0,5895.6,0.0,0.0,0.0,212976135,Air,,10023.0,F,0.0,3.826,0.0,,,0.0,,,,Central split system,3.096,Condensing furnace,Natural Gas,,,Yes,CARRIER,38MURAQ30AB3*,CAP**3017AL*,34200,23600,28600,1.74,8.1,14.5,No,10.023,8.382,1.111,0.929
5283754,SK,S0G,E,2024-09-01,2024,Single Detached,198.9,One storey,1920,B1;C1;F1,1,6.7761,16858.8,16.859,30613.9,8503.9,130173.2,36159.5,8504.0,12030.1,0.0,0.0,0.0,214056971,Air,,10341.0,T,9.96,3.04,1.8,,,72.0,,,,Central split system,2.81,Condensing furnace,Natural Gas,Fireplace with pilot (sealed),Natural Gas,Yes,TRANE,4TXD2036A10NU**,"D(A,C,E)36B34+TDR",36000,15000,24000,1.80,8.5,15.2,No,10.551,7.034,0.626,0.417
5288504,SK,S0G,E,2024-07-01,2024,Single Detached,249.6,Split level,1991,B1;B2;P1,1,2.1108,11587.9,11.588,29309.5,8141.6,89537.6,24871.8,8141.5,4396.4,0.0,0.0,0.0,212361760,Air,,10878.5,T,9.67,3.25,1.85,,,81.0,,,,Central split system,2.76,Condensing furnace,Natural Gas,Fireplace with spark ignit. (sealed),Natural Gas,Yes,MOOVAIR,DMA30HOS20230E7,CUB36HAC20CWT7A,33000,22600,27000,1.85,9.7,15.5,Yes,9.671,7.913,0.835,0.683
5291589,SK,S7K,E,2024-07-01,2024,Single Detached,175.7,One storey,1976,B1;B2,1,2.2784,9558.8,9.559,22651.2,6292.1,78542.6,21817.6,6292.0,2954.7,0.0,0.0,0.0,212404693,Air,,14025.2,T,7.33,3.34,1.82,,,86.0,,,ESTAR,Central split system,2.93,Condensing furnace,Natural Gas,Wood fireplace,Mixed Wood,Yes,NAPOLEON,WSEHV2436RA1-N,"H,DE33(6,9)36",24000,15000,17500,1.80,8.5,17,No,7.034,5.129,0.736,0.537
5292575,SK,S7J,E,2024-05-01,2024,Single Detached,201.8,One storey,1989,B1,1,1.4762,6537.7,6.538,13359.8,3711.1,82247.0,22846.6,3711.1,3004.7,0.0,0.0,0.0,212361760,Air,,10887.0,T,9.67,3.25,1.85,,,81.0,,,,Central split system,2.76,Condensing furnace,Natural Gas,Fireplace with pilot (sealed),Natural Gas,Yes,MOOVAIR,DMA30HOS20230E7,CUB36HAC20CWT7A,33000,22600,27000,1.85,9.7,15.5,Yes,9.671,7.913,1.479,1.21
5295635,SK,S0K,E,2024-07-01,2024,Single Detached,240.7,One storey,2000,B1;C1;F1,1,2.0453,11201.7,11.202,22075.3,6132.1,99175.2,27548.9,6132.0,5751.7,0.0,0.0,0.0,205921391,Air,,7661.2,T,3.52,2.88,1.78,,,98.0,,,ESTAR,Central split system,2.53,Induced draft fan furnace,Natural Gas,,,Yes,SENVILLE,SENA/12HF/OZ,SENA/12HF/ID,12000,10600,11800,1.75,10,19,No,3.517,3.458,0.314,0.309
10943746,SK,S0G,E,2024-06-01,2024,Detached Duplex,475.0,Two storeys,1898,B1;B2,1,4.8422,46931.6,46.932,66122.7,18367.6,357539.5,99317.3,18367.6,51124.6,0.0,0.0,18367.6,207349920,Air,,23749.0,T,10.73,4.23,2.04,,,100.0,,,,Mini-split ductless,3.2,Advanced airtight wood stove,Mixed Wood,Fireplace with pilot (unsealed),Natural Gas,Yes,SAMSUNG,AJ036BXS4CH,,34000,21600,36600,2.04,9.3,21.5,No,9.964,10.726,0.212,0.229
5325304,SK,S7L,E,2024-08-01,2024,Single Detached,141.6,One and a half,1927,B1;B2;C1;F1,1,9.5757,19942.1,19.942,22043.2,6123.2,134105.1,37251.7,6123.1,15697.9,0.0,0.0,0.0,212361759,Air,,13141.9,T,7.33,3.35,1.95,,,80.0,,,ESTAR,Central split system,3.2,Condensing furnace,Natural Gas,Wood fireplace,Mixed Wood,Yes,MOOVAIR,DMA24HOS20230E7,CUB24HAC20BWT7A,25000,21000,20000,1.95,9.5,16.5,Yes,7.327,5.861,0.367,0.294
5327538,SK,S7L,E,2024-07-01,2024,Single Detached,164.3,One storey,1968,B1;B2,1,3.0355,13718.6,13.719,26658.5,7405.2,98784.8,27440.4,7405.1,7972.8,0.0,0.0,0.0,207098550,Air,,8776.6,T,7.62,3.47,1.95,,,70.0,,,ESTAR,Central split system,3.36,Condensing furnace,Natural Gas,,,Yes,CARRIER,38MARBQ24AA3,CAP**2417AL*,26000,15800,,,10,15,No,7.62,,0.555,
5350632,SK,S7H,E,2024-10-01,2024,Single Detached,187.4,One storey,1963,B1;B2,1,4.0199,12339.6,12.34,29589.2,8219.3,102367.4,28435.6,8219.2,5438.4,0.0,0.0,0.0,212361759,Air,,13141.9,T,7.33,3.35,1.95,,,80.0,,,ESTAR,Central split system,3.2,Induced draft fan furnace,Natural Gas,Wood fireplace,Mixed Wood,Yes,MOOVAIR,DMA24HOS20230E7,CUB24HAC20BWT7A,25000,21000,20000,1.95,9.5,16.5,Yes,7.327,5.861,0.594,0.475
5360570,SK,S7J,E,2024-09-01,2024,Single Detached,216.1,One storey,1968,B1;B2;C1;C2;F1;F2,1,2.8097,14315.6,14.316,23579.9,6550.0,115010.4,31947.6,6550.1,10407.9,0.0,0.0,0.0,207098550,Air,,8785.4,T,7.62,3.57,1.95,,,70.0,,,,Central split system,3.36,Condensing furnace,Natural Gas,Fireplace with pilot (unsealed),Natural Gas,Yes,CARRIER,38MARBQ24AA3,CAP**2417AL*,26000,15800,,,10,15,No,7.62,,0.532,
5362465,SK,S0A,E,2024-11-01,2024,Single Detached,380.6,One storey,1960,B1;C1;F1,1,2.1208,15065.4,15.065,52039.1,14455.4,98554.4,27376.4,14455.4,0.0,0.0,0.0,0.0,206753163,Air,,14100.2,T,14.07,3.32,1.8,,,81.0,,,,Central split system,3.22,Baseboard/Hydronic/Plenum(duct) htrs.,Electricity,Pellet Stove,Wood Pellets,Yes,GE Appliances,AUH4860ZGDA*,UUY48ZGDAB*,48000,39500,39000,1.80,9,17,Yes,14.067,11.43,0.934,0.759
5365070,SK,S7L,E,2024-08-01,2024,Single Detached,149.3,One storey,1967,B1;B2,1,2.8634,8594.3,8.594,14204.4,3945.7,77802.3,21611.9,3945.6,2125.9,0.0,0.0,0.0,212361758,Air,,9868.3,T,5.57,3.69,2.2,,,78.0,,,ESTAR,Central split system,3.07,Condensing furnace,Natural Gas,,,Yes,MOOVAIR,DMA18HOS20230E7,CUB24HAC20BWT7A,19000,14700,15000,2.20,9.5,16.1,Yes,5.568,4.396,0.648,0.512
5372609,SK,S7H,E,2024-06-01,2024,Single Detached,174.1,One storey,1975,B1;B2,1,4.6101,11170.9,11.171,20985.7,5829.4,93152.6,25875.9,5829.5,4972.5,0.0,0.0,0.0,212361759,Air,,13141.9,T,7.33,3.35,1.95,,,80.0,,,ESTAR,Central split system,3.2,Condensing furnace,Natural Gas,Fireplace with pilot (sealed),Natural Gas,Yes,MOOVAIR,DMA24HOS20230E7,CUB24HAC20BWT7A,25000,21000,20000,1.95,9.5,16.5,Yes,7.327,5.861,0.656,0.525
5373317,SK,S7H,E,2024-10-01,2024,Single Detached,188.1,Split entry/Raised base.,1975,B1,1,5.4337,15818.7,15.819,29453.5,8181.6,123386.8,34274.4,8181.5,9863.7,0.0,0.0,0.0,212633393,Air,,10172.8,T,9.5,3.02,1.8,,,74.0,,,,Central split system,2.79,Condensing furnace,Natural Gas,Fireplace with pilot (unsealed),Natural Gas,Yes,,,,,,,,,,,,,,
5376110,SK,S4R,E,2024-08-01,2024,Single Detached,145.7,Split entry/Raised base.,1971,B1;P1,1,5.7554,12486.2,12.486,30839.2,8566.5,96005.2,26668.3,8566.5,2620.0,0.0,0.0,0.0,210295923,Air,,20286.7,T,17.29,3.32,1.91,,,92.0,,,ESTAR,Central split system,2.54,Condensing furnace,Natural Gas,,,Yes,MOOVAIR,DMA60HOS20230E7,FMA60HIAHUU230X7,59000,42000,48500,1.91,9.4,15.3,Yes,17.291,14.214,1.385,1.138
5382837,SK,S6X,E,2024-09-01,2024,Single Detached,251.6,Split entry/Raised base.,2002,B1;P1,1,1.3723,9896.1,9.896,19868.0,5518.9,101348.5,28152.6,5518.9,8597.6,0.0,0.0,0.0,212544102,Air,,7644.2,T,6.56,3.67,2.1,,,107.0,,,,Central split system,3.41,Condensing furnace,Natural Gas,Fireplace with pilot (sealed),Natural Gas,Yes,TRANE,4TXD2036A10NU**,"H,TG34936",24000,15800,21200,1.80,8.5,15.2,No,7.034,6.213,0.711,0.628
5385712,SK,S7W,E,2024-07-01,2024,Single Detached,257.0,Two storeys,2015,B1,1,2.3411,13372.3,13.372,29454.2,8181.8,98292.2,27303.6,8181.7,4377.3,0.0,0.0,0.0,213153601,Air,,14353.2,T,6.56,3.35,1.86,,,98.0,,,,Central split system,3.41,Condensing furnace,Natural Gas,,,Yes,NAPOLEON,WSEHV2436RA1-N,HG34936+TD,24000,14000,21200,1.80,8.5,15.2,No,7.034,6.213,0.526,0.465
5391732,SK,S0K,E,2024-07-01,2024,Single Detached,286.7,Two storeys,1998,B1,1,2.5773,15395.1,15.395,34857.5,9682.7,116051.2,32236.7,9682.6,7950.3,0.0,0.0,0.0,212361761,Air,,21121.9,T,11.43,3.94,2.0,,,82.0,,,,Central split system,2.34,Condensing furnace,Natural Gas,Fireplace with pilot (sealed),Natural Gas,Yes,MOOVAIR,DMA36HOS20230E7,CUB36HAC20CWT7A,39000,33000,32000,2.00,10,15.2,Yes,11.43,9.378,0.742,0.609
5396878,SK,S0G,E,2024-08-01,2024,Single Detached,184.2,Two storeys,2014,B1,1,1.818,5480.6,5.481,29020.1,8061.2,99793.6,27720.7,8061.2,3480.6,0.0,0.0,0.0,212396767,Air,,19681.2,T,9.5,2.99,1.83,,,92.0,,,,Central split system,2.85,Condensing furnace,Natural Gas,Fireplace with spark ignit. (sealed),Natural Gas,Yes,,,,,,,,,,,,,,
5228746,SK,S7N,E,2024-09-01,2024,Single Detached,222.6,Two and a half,1937,B1;C1;F1,1,2.8542,32422.5,32.422,83259.9,23127.9,181047.3,50291.3,23128.0,14884.0,0.0,0.0,0.0,207349374,Air,,22143.6,T,14.21,2.94,1.81,,,70.0,,,,Mini-split ductless,2.97,Condensing heater,Natural Gas,Wood fireplace,Mixed Wood,Yes,SAMSUNG,AJ048BXJ5CH,,47000,28400,31400,1.75,9,21,No,13.774,9.202,0.425,0.284
5404503,SK,S4V,E,2024-09-01,2024,Single Detached,414.7,Two storeys,2010,B1,1,0.8356,13829.7,13.83,20337.0,5649.2,114655.7,31849.1,5649.2,13606.5,0.0,0.0,0.0,213160482,Air,,10887.0,T,9.67,3.25,1.85,,,81.0,,,,Central split system,2.76,Condensing furnace,Natural Gas,Same as Type 1 heating system,Natural Gas,Yes,Dettson,EVD-30-O,MAC36H2124E,33000,22600,27000,1.85,9.7,15.5,Yes,9.671,7.913,0.699,0.572
5407483,SK,S0A,E,2024-09-01,2024,Single Detached,650.2,Three storeys,1904,B1;C1;C2;F1;F2,1,4.0913,63008.3,63.008,98966.1,27490.8,391047.9,108625.3,27490.8,67642.8,0.0,0.0,0.0,212361354,Air,,20341.5,T,9.96,3.03,1.8,,,70.0,,,,Central split system,2.76,Condensing furnace,Natural Gas,Same as Type 1 heating system,Natural Gas,Yes,TRANE,4TXD2036A10NU**,4RXCB036AS3HC**,36000,23200,26000,1.80,8.5,15.2,No,10.551,7.62,0.167,0.121
5407485,SK,S4N,E,2024-11-01,2024,Single Detached,229.1,Two storeys,2005,B1,1,1.2101,12941.5,12.942,19992.7,5553.6,102786.6,28552.1,5553.7,6945.3,0.0,0.0,0.0,212396767,Air,,9495.5,T,9.5,3.412,1.83,,,92.0,,,ESTAR,Central split system,3.498,Condensing furnace,Natural Gas,Fireplace with spark ignit. (sealed),Natural Gas,Yes,,,,,,,,,,,,,,
5226658,SK,S7H,E,2024-10-01,2024,Single Detached,285.0,Two storeys,1977,B1;B2,1,2.7983,20329.6,20.33,38144.8,10595.9,117938.3,32760.9,10595.9,8957.6,0.0,0.0,0.0,210426579,Air,,24594.2,T,11.72,4.58,1.96,,,92.0,,,ESTAR,Central split system,2.42,Condensing heater,Natural Gas,Wood fireplace,Mixed Wood,Yes,SENVILLE,SENDC-36HF-OM,SENDC-36HF-IM,40000,30400,34400,1.97,9.5,16,Yes,11.723,10.082,0.577,0.496
5417020,SK,S7L,E,2024-10-01,2024,Single Detached,155.6,One and a half,1912,B1;B2,1,8.0699,17296.7,17.297,25903.1,7195.4,117350.4,32597.6,7195.3,13299.6,0.0,0.0,0.0,212361758,Air,,13141.9,T,5.57,3.69,2.2,,,78.0,,,,Central split system,3.07,Condensing furnace,Natural Gas,,,Yes,MOOVAIR,DMA18HOS20230E7,CUB24HAC20BWT7A,19000,14700,15000,2.20,9.5,16.1,Yes,5.568,4.396,0.322,0.254
5417433,SK,S0K,E,2024-10-01,2024,Single Detached,180.5,One storey,1969,B1,1,3.1665,11286.2,11.286,26502.3,7361.8,84321.6,23422.9,7361.7,0.0,0.0,3315.0,0.0,212404700,Air,,14025.2,T,7.33,3.34,1.82,,,86.0,,,,Central split system,2.93,Condensing furnace,Propane,Wood fireplace,Wood Pellets,Yes,CONTINENTAL,WSEHV2436RA1-C,"H,DE33(6,9)36",24000,15000,17500,1.80,8.5,17,No,7.034,5.129,0.623,0.454
5418980,SK,S7H,E,2024-07-01,2024,Single Detached,195.4,One storey,1997,B1,1,2.3956,12157.0,12.157,22196.2,6165.7,96747.2,26874.4,6165.6,5516.2,0.0,0.0,0.0,212361758,Air,,9868.3,T,5.57,3.69,2.2,,,78.0,,,,Central split system,3.07,Condensing furnace,Natural Gas,,,Yes,MOOVAIR,DMA18HOS20230E7,CUB24HAC20BWT7A,19000,14700,15000,2.20,9.5,16.1,Yes,5.568,4.396,0.458,0.362
5423478,SK,S4V,N,2024-05-01,2024,Single Detached,255.4,Two storeys,2023,B1,1,0.994,7161.7,7.162,13435.4,3732.1,63226.2,17563.0,3732.0,2331.4,0.0,0.0,0.0,211641828,Air,,10550.6,F,0.0,3.374,0.0,,,0.0,,,,Central split system,3.475,Condensing furnace,Natural Gas,,,Yes,GOODMAN,GSZC703610A*,CHPTA3630*4A*,33800,21000,17000,1.90,8.1,17.2,No,9.906,4.982,1.383,0.696
5423623,SK,S7L,E,2024-08-01,2024,Single Detached,86.5,One storey,1945,B1;C1;F1,1,10.0096,11957.8,11.958,32833.7,9120.5,108110.4,30030.9,9120.6,5147.8,0.0,0.0,0.0,212361758,Air,,9901.7,T,5.57,2.171,2.2,,,78.0,,,,Central split system,1.781,Condensing furnace,Natural Gas,,,Yes,MOOVAIR,DMA18HOS20230E7,CUB24HAC20BWT7A,19000,14700,15000,2.20,9.5,16.1,Yes,5.568,4.396,0.466,0.368
4884746,SK,S7H,E,2024-08-01,2024,Single Detached,208.7,One storey,1953,B1,1,3.8048,9933.6,9.934,11261.6,3128.2,80999.9,22500.2,3128.4,7366.2,0.0,0.0,0.0,210046809,Air,,8206.0,F,0.0,4.104,0.0,,,0.0,,,ESTAR,Central split system,3.176,Condensing furnace,Natural Gas,Fireplace with pilot (sealed),Natural Gas,Yes,LENNOX,ML17XP1-030-230A**,C35-30B+TDR+TXV,28000,18600,14800,2.18,8,15.2,No,8.206,4.337,0.826,0.437
1921822,SK,S7J,D,2024-10-01,2024,Single Detached,180.8,One storey,1959,B1;B2;B3,1,2.8043,10197.2,10.197,24277.5,6743.8,87537.3,24316.1,6743.7,3262.8,0.0,0.0,0.0,212361759,Air,,13141.9,T,7.33,3.35,1.95,,,80.0,,,,Central split system,3.2,Condensing furnace,Natural Gas,,,Yes,MOOVAIR,DMA24HOS20230E7,CUB24HAC20BWT7A,25000,21000,20000,1.95,9.5,16.5,Yes,7.327,5.861,0.719,0.575
5423478,SK,S4V,D,2024-10-01,2024,Single Detached,255.7,Two storeys,2023,B1,1,0.9974,7509.4,7.509,12269.6,3408.2,67057.0,18627.1,3408.4,4011.1,0.0,0.0,0.0,211641828,Air,,7000.0,F,0.0,2.998,0.0,,,0.0,,,,Central split system,3.406,Condensing furnace,Natural Gas,Fireplace with spark ignit. (sealed),Natural Gas,Yes,GOODMAN,GSZC703610A*,CHPTA3630*4A*,33800,21000,17000,1.90,8.1,17.2,No,9.906,4.982,1.319,0.663
5479274,SK,S7W,N,2024-09-01,2024,"Row house, end unit",204.6,Two storeys,2024,B1,1,1.0834,7244.3,7.244,12752.7,3542.4,69719.8,19366.8,3542.5,2240.9,0.0,0.0,0.0,211244180,Air,Central split system,8032.5,T,7.97,3.56,1.86,0.0,0.0,83.0,0.0,0.0,,Central split system,3.21,Condensing furnace,Natural Gas,Other (describe),Electricity,Yes,PAYNE HEATING AND COOLING,38MURAQ24AB3*,CNPV*2417AL*,,19700,22800,1.86,8.5,15.5,No,,6.682,,0.922
5479274,SK,S7W,P,2021-11-01,2021,"Row house, end unit",204.6,Two storeys,2024,B1,1,1.5,7878.9,7.879,13536.4,3760.1,71866.8,19963.2,3760.0,2640.6,0.0,0.0,0.0,211244180,Air,Central split system,8032.5,T,7.97,3.56,1.86,0.0,0.0,83.0,0.0,0.0,,Central split system,3.21,Condensing furnace,Natural Gas,Other (describe),Electricity,Yes,PAYNE HEATING AND COOLING,38MURAQ24AB3*,CNPV*2417AL*,,19700,22800,1.86,8.5,15.5,No,,6.682,,0.848
5479607,SK,S7W,N,2024-09-01,2024,"Row house, middle unit",206.7,Two storeys,2024,B1,1,1.1841,5791.0,5.791,8874.1,2465.0,63114.1,17531.8,2465.0,1497.2,0.0,0.0,0.0,211244180,Air,Central split system,8032.5,T,7.97,3.56,1.86,0.0,0.0,83.0,0.0,0.0,,Central split system,3.21,Condensing furnace,Natural Gas,Other (describe),Electricity,Yes,PAYNE HEATING AND COOLING,38MURAQ24AB3*,CNPV*2417AL*,,19700,22800,1.86,8.5,15.5,No,,6.682,,1.154
5479607,SK,S7W,P,2024-02-01,2024,"Row house, middle unit",206.7,Two storeys,2024,B1,1,1.5,6106.0,6.106,9346.5,2596.3,63965.0,17768.2,2596.1,1612.8,0.0,0.0,0.0,211244180,Air,Central split system,8032.5,T,7.97,3.56,1.86,0.0,0.0,83.0,0.0,0.0,,Central split system,3.21,Condensing furnace,Natural Gas,Other (describe),Electricity,Yes,PAYNE HEATING AND COOLING,38MURAQ24AB3*,CNPV*2417AL*,,19700,22800,1.86,8.5,15.5,No,,6.682,,1.094
5479609,SK,S7W,N,2024-09-01,2024,"Row house, middle unit",208.5,Two storeys,2024,B1,1,1.0147,5257.1,5.257,7684.7,2134.7,61451.2,17069.9,2134.7,1312.8,0.0,0.0,0.0,211244180,Air,Central split system,8032.5,T,7.97,3.56,1.86,0.0,0.0,83.0,0.0,0.0,,Central split system,3.21,Condensing furnace,Natural Gas,Other (describe),Electricity,Yes,PAYNE HEATING AND COOLING,38MURAQ24AB3*,CNPV*2417AL*,,19700,22800,1.86,8.5,15.5,No,,6.682,,1.271
5479609,SK,S7W,P,2024-02-01,2024,"Row house, middle unit",208.5,Two storeys,2024,B1,1,1.5,5999.8,6.0,8988.4,2496.8,63454.1,17626.3,2496.7,1567.5,0.0,0.0,0.0,211244180,Air,Central split system,8032.5,T,7.97,3.56,1.86,0.0,0.0,83.0,0.0,0.0,,Central split system,3.21,Condensing furnace,Natural Gas,Other (describe),Electricity,Yes,PAYNE HEATING AND COOLING,38MURAQ24AB3*,CNPV*2417AL*,,19700,22800,1.86,8.5,15.5,No,,6.682,,1.114
5479611,SK,S7W,N,2024-09-01,2024,"Row house, middle unit",207.3,Two storeys,2024,B1,1,1.0674,5299.1,5.299,7644.3,2123.4,61423.7,17062.3,2123.4,1326.7,0.0,0.0,0.0,211244180,Air,Central split system,8032.5,T,7.97,3.56,1.86,0.0,0.0,83.0,0.0,0.0,,Central split system,3.21,Condensing furnace,Natural Gas,Other (describe),Electricity,Yes,PAYNE HEATING AND COOLING,38MURAQ24AB3*,CNPV*2417AL*,,19700,22800,1.86,8.5,15.5,No,,6.682,,1.261
5479611,SK,S7W,P,2024-02-01,2024,"Row house, middle unit",207.3,Two storeys,2024,B1,1,1.5,5845.8,5.846,8586.5,2385.2,62920.0,17477.9,2385.0,1508.6,0.0,0.0,0.0,211244180,Air,Central split system,8032.5,T,7.97,3.56,1.86,0.0,0.0,83.0,0.0,0.0,,Central split system,3.21,Condensing furnace,Natural Gas,Other (describe),Electricity,Yes,PAYNE HEATING AND COOLING,38MURAQ24AB3*,CNPV*2417AL*,,19700,22800,1.86,8.5,15.5,No,,6.682,,1.143
5482998,SK,S7W,N,2024-09-01,2024,"Row house, end unit",206.0,Two storeys,2024,B1,1,1.2808,7460.7,7.461,11614.2,3226.2,69766.0,19379.6,3226.1,2432.5,0.0,0.0,0.0,211244180,Air,Central split system,7000.0,T,7.97,3.56,1.86,0.0,0.0,83.0,0.0,0.0,,Central split system,3.21,Condensing furnace,Natural Gas,Other (describe),Electricity,Yes,PAYNE HEATING AND COOLING,38MURAQ24AB3*,CNPV*2417AL*,,19700,22800,1.86,8.5,15.5,No,,6.682,,0.896
5482998,SK,S7W,P,2024-02-01,2024,"Row house, end unit",206.0,Two storeys,2024,B1,1,1.5,7804.5,7.804,11997.2,3332.6,70957.7,19710.6,3332.5,2673.1,0.0,0.0,0.0,211244180,Air,Central split system,7000.0,T,7.97,3.56,1.86,0.0,0.0,83.0,0.0,0.0,,Central split system,3.21,Condensing furnace,Natural Gas,Other (describe),Electricity,Yes,PAYNE HEATING AND COOLING,38MURAQ24AB3*,CNPV*2417AL*,,19700,22800,1.86,8.5,15.5,No,,6.682,,0.856
5460655,SK,S7V,N,2024-11-01,2024,Single Detached,360.5,Two storeys,2024,B1;B2,1,0.39,9171.3,9.171,24388.4,6774.6,78077.0,21688.2,6774.5,3023.6,0.0,0.0,0.0,212437270,Air,,11052.3,T,6.92,3.22,1.81,,,70.0,,,,Central split system,3.07,Condensing furnace,Natural Gas,,,Yes,BOSCH,BOVA-24HDN1-M15G,BCA-24WN1-M16,23600,20200,16700,1.81,8.5,16.1,Yes,6.916,4.894,0.754,0.534
5460655,SK,S7V,P,2024-04-01,2024,Single Detached,360.5,Two storeys,2024,B1;B2,1,0.85,10043.6,10.044,25755.6,7154.4,81434.4,22620.8,7154.5,3602.3,0.0,0.0,0.0,212437270,Air,,11052.3,T,6.92,3.22,1.81,,,70.0,,,,Central split system,3.07,Condensing furnace,Natural Gas,,,Yes,BOSCH,BOVA-24HDN1-M15G,BCA-24WN1-M16,23600,20200,16700,1.81,8.5,16.1,Yes,6.916,4.894,0.689,0.487
1204229,SK,S4T,E,2024-11-01,2024,Single Detached,132.4,One and a half,1913,B1;C1;C2;F1;F2,1,10.4063,15927.3,15.927,22301.2,6194.8,118760.0,32989.2,6194.8,11735.1,0.0,0.0,0.0,213194576,Air,,10990.2,F,0.0,3.393,0.0,,,0.0,,,,Central split system,3.268,Condensing furnace,Natural Gas,,,Yes,LENNOX,EL17XP1-030-230A**,C35-36B+TDR+TXV,28000,18400,14500,2.28,8.1,16,No,8.206,4.25,0.515,0.267
5098839,SK,S0G,E,2024-10-01,2024,Single Detached,300.9,One storey,1950,B1,1,5.5855,28761.8,28.762,38019.6,10561.1,193272.3,53687.2,10561.2,26772.2,0.0,0.0,0.0,210450238,Air,,11496.0,T,11.43,3.23,1.8,,,90.0,,,ESTAR,Central split system,2.95,Condensing furnace,Natural Gas,Wood fireplace,Mixed Wood,Yes,CARRIER,38MURAQ36AB3*,CAP**3617AL*,39000,29600,35200,1.80,8.5,15.5,No,11.43,10.316,0.397,0.359
5109651,SK,S0G,E,2024-11-01,2024,Single Detached,201.0,One storey,2008,B1,1,3.6004,12517.8,12.518,17098.7,4749.7,88684.0,24634.6,4749.8,7107.0,0.0,0.0,0.0,212406525,Air,,7650.3,T,6.56,3.67,2.1,,,107.0,,,,Central split system,3.41,Condensing furnace,Natural Gas,,,Yes,TRANE,4TXD2036A10NU**,"H,TG34930+TD",24000,15800,21200,1.80,8.5,15.2,No,7.034,6.213,0.562,0.496
5293912,SK,S7K,E,2024-12-01,2024,Single Detached,291.2,Two storeys,2006,B1,1,1.1512,11249.6,11.25,24721.2,6867.1,93480.0,25966.9,6867.0,3719.2,0.0,0.0,0.0,209447986,Air,,19150.4,T,14.65,3.9,2.68,,,58.0,,,,Central split system,2.78,Condensing furnace,Natural Gas,Fireplace with spark ignit. (sealed),Natural Gas,Yes,Mitsubishi Electric,PUZ-A42NKA7***,PAA-A42BA1,50000,32800,27000,2.29,9.3,14.4,No,14.654,7.913,1.303,0.703
5299016,SK,S7K,E,2024-11-01,2024,Single Detached,194.4,One storey,1973,B1,1,5.4243,13232.5,13.232,27160.7,7544.7,97920.8,27200.4,7544.8,5257.3,0.0,0.0,0.0,212361759,Air,,13141.9,T,7.33,3.35,1.95,,,80.0,,,ESTAR,Central split system,3.2,Condensing furnace,Natural Gas,Wood fireplace insert,Mixed Wood,Yes,MOOVAIR,DMA24HOS20230E7,CUB24HAC20BWT7A,25000,21000,20000,1.95,9.5,16.5,Yes,7.327,5.861,0.554,0.443
5391757,SK,S7M,E,2024-11-01,2024,Single Detached,212.6,One storey,1977,B1,1,3.2028,10968.3,10.968,27771.5,7714.4,81677.2,22688.3,7714.5,3080.9,0.0,0.0,0.0,212361759,Air,,13141.9,T,7.33,3.35,1.95,,,80.0,,,,Central split system,3.2,Condensing furnace,Natural Gas,Wood fireplace,Mixed Wood,Yes,MOOVAIR,DMA24HOS20230E7,CUB24HAC20BWT7A,25000,21000,20000,1.95,9.5,16.5,Yes,7.327,5.861,0.668,0.534
5460325,SK,S7L,E,2024-11-01,2024,Single Detached,145.4,One storey,1975,B1,1,2.2353,7465.6,7.466,14874.4,4131.8,76662.6,21295.3,4131.7,1705.0,0.0,0.0,0.0,213487207,Air,,13300.1,T,7.33,3.38,2.0,,,80.0,,,,Central split system,2.93,Condensing furnace,Natural Gas,,,Yes,,,,,,,,,,,,,,
5475499,SK,S7W,N,2024-11-01,2024,"Row house, end unit",206.0,Two storeys,2024,B1,1,1.5481,8039.0,8.039,13317.1,3699.2,73169.2,20324.9,3699.2,3117.0,0.0,0.0,0.0,211244180,Air,Central split system,7000.0,T,7.97,3.56,1.86,0.0,0.0,83.0,0.0,0.0,,Central split system,3.21,Condensing furnace,Natural Gas,Other (describe),Electricity,Yes,PAYNE HEATING AND COOLING,38MURAQ24AB3*,CNPV*2417AL*,,19700,22800,1.86,8.5,15.5,No,,6.682,,0.831
5475499,SK,S7W,P,2024-02-01,2024,"Row house, end unit",206.0,Two storeys,2024,B1,1,1.5,7816.2,7.816,13020.5,3616.8,72220.5,20061.4,3616.7,2924.7,0.0,0.0,0.0,211244180,Air,Central split system,7000.0,T,7.97,3.56,1.86,0.0,0.0,83.0,0.0,0.0,,Central split system,3.21,Condensing furnace,Natural Gas,Other (describe),Electricity,Yes,PAYNE HEATING AND COOLING,38MURAQ24AB3*,CNPV*2417AL*,,19700,22800,1.86,8.5,15.5,No,,6.682,,0.855
5475524,SK,S7W,N,2024-11-01,2024,"Row house, middle unit",207.3,Two storeys,2024,B1,1,1.1235,5537.5,5.538,9512.4,2642.4,63069.8,17519.5,2642.2,1493.1,0.0,0.0,0.0,211244180,Air,Central split system,8032.5,T,7.97,3.56,1.86,0.0,0.0,83.0,0.0,0.0,,Central split system,3.21,Condensing furnace,Natural Gas,Other (describe),Electricity,Yes,PAYNE HEATING AND COOLING,38MURAQ24AB3*,CNPV*2417AL*,,19700,22800,1.86,8.5,15.5,No,,6.682,,1.207
5475524,SK,S7W,P,2024-02-01,2024,"Row house, middle unit",207.3,Two storeys,2024,B1,1,1.5,5966.8,5.967,10193.4,2831.5,64304.4,17862.5,2831.4,1658.1,0.0,0.0,0.0,211244180,Air,Central split system,8032.5,T,7.97,3.56,1.86,0.0,0.0,83.0,0.0,0.0,,Central split system,3.21,Condensing furnace,Natural Gas,Other (describe),Electricity,Yes,PAYNE HEATING AND COOLING,38MURAQ24AB3*,CNPV*2417AL*,,19700,22800,1.86,8.5,15.5,No,,6.682,,1.12
5475712,SK,S7W,N,2024-11-01,2024,"Row house, middle unit",208.5,Two storeys,2024,B1,1,1.0227,5495.5,5.496,9470.4,2630.7,63050.7,17514.2,2630.6,1478.1,0.0,0.0,0.0,211244180,Air,Central split system,8032.5,T,7.97,3.56,1.86,0.0,0.0,83.0,0.0,0.0,,Central split system,3.21,Condensing furnace,Natural Gas,Other (describe),Electricity,Yes,PAYNE HEATING AND COOLING,38MURAQ24AB3*,CNPV*2417AL*,,19700,22800,1.86,8.5,15.5,No,,6.682,,1.216
5475712,SK,S7W,P,2024-02-01,2024,"Row house, middle unit",208.5,Two storeys,2024,B1,1,1.5,6026.5,6.026,10298.0,2860.6,64556.2,17932.4,2860.6,1681.1,0.0,0.0,0.0,211244180,Air,Central split system,8032.5,T,7.97,3.56,1.86,0.0,0.0,83.0,0.0,0.0,,Central split system,3.21,Condensing furnace,Natural Gas,Other (describe),Electricity,Yes,PAYNE HEATING AND COOLING,38MURAQ24AB3*,CNPV*2417AL*,,19700,22800,1.86,8.5,15.5,No,,6.682,,1.109
5475727,SK,S7W,N,2024-11-01,2024,"Row house, middle unit",206.7,Two storeys,2021,B1,1,1.2699,5947.9,5.948,10410.9,2891.9,64587.7,17941.2,2892.0,1658.3,0.0,0.0,0.0,211244180,Air,Central split system,8032.5,T,7.97,3.56,1.86,0.0,0.0,83.0,0.0,0.0,,Central split system,3.21,Condensing furnace,Natural Gas,Other (describe),Electricity,Yes,PAYNE HEATING AND COOLING,38MURAQ24AB3*,CNPV*2417AL*,,19700,22800,1.86,8.5,15.5,No,,6.682,,1.123
5475727,SK,S7W,P,2024-02-01,2024,"Row house, middle unit",206.7,Two storeys,2024,B1,1,1.5,6113.8,6.114,10596.6,2943.5,64993.3,18053.8,2943.6,1722.2,0.0,0.0,0.0,211244180,Air,Central split system,8032.5,T,7.97,3.56,1.86,0.0,0.0,83.0,0.0,0.0,,Central split system,3.21,Condensing furnace,Natural Gas,Other (describe),Electricity,Yes,PAYNE HEATING AND COOLING,38MURAQ24AB3*,CNPV*2417AL*,,19700,22800,1.86,8.5,15.5,No,,6.682,,1.093
5475736,SK,S7W,N,2024-11-01,2024,"Row house, end unit",204.6,Two storeys,2024,B1,1,1.2587,7774.0,7.774,14689.3,4080.4,72991.4,20275.6,4080.3,2809.7,0.0,0.0,0.0,211244180,Air,Central split system,8032.5,T,7.97,3.56,1.86,0.0,0.0,83.0,0.0,0.0,,Central split system,3.21,Condensing furnace,Natural Gas,Other (describe),Electricity,Yes,PAYNE HEATING AND COOLING,38MURAQ24AB3*,CNPV*2417AL*,,19700,22800,1.86,8.5,15.5,No,,6.682,,0.86
5475736,SK,S7W,P,2024-02-01,2024,"Row house, end unit",204.6,Two storeys,2024,B1,1,1.5,7891.1,7.891,14721.1,4089.2,73254.6,20348.7,4089.2,2872.8,0.0,0.0,0.0,211244180,Air,Central split system,8032.5,T,7.97,3.56,1.86,0.0,0.0,83.0,0.0,0.0,,Central split system,3.21,Condensing furnace,Natural Gas,Other (describe),Electricity,Yes,PAYNE HEATING AND COOLING,38MURAQ24AB3*,CNPV*2417AL*,,19700,22800,1.86,8.5,15.5,No,,6.682,,0.847
1940217,SK,S9H,E,2025-03-01,2025,Single Detached,160.7,One storey,1985,B1,1,4.4662,7744.0,7.744,12096.0,3360.0,65250.5,18125.3,3360.0,1779.7,0.0,0.0,0.0,212976727,Air,,7000.0,T,10.02,3.43,1.6,,,90.0,,,,Central split system,2.88,Condensing furnace,Natural Gas,,,Yes,CARRIER,38MURAQ30AB3*,CAP**4221AL*,34200,23600,27600,1.80,8.5,15.2,No,10.023,8.089,1.294,1.045
5021606,SK,S7L,E,2025-02-01,2025,Single Detached,201.1,One and a half,1954,B1;C1;C2;F1;F2,1,13.8552,34817.8,34.818,51560.6,14322.5,229448.8,63736.3,14322.6,33994.4,0.0,0.0,0.0,209832206,Air,,12758.3,T,4.69,3.36,2.08,,,121.0,,,,Mini-split ductless,2.77,Condensing furnace,Natural Gas,,,Yes,Mitsubishi Electric,MUZ-FS15NAH***,MSZ-FS15NA***,16000,10000,19400,2.00,9.9,22.3,Yes,4.689,5.686,0.135,0.163
5069948,SK,S0E,E,2025-05-01,2025,Single Detached,203.9,One and a half,1948,B1;B2;C1;F1,1,4.0602,14716.1,14.716,26001.0,7222.6,98835.8,27454.6,7222.6,0.0,0.0,7430.9,0.0,212633393,Air,,10145.0,T,9.5,3.04,1.8,,,74.0,,,,Central split system,2.79,Condensing furnace,Propane,Advanced airtight wood stove,Mixed Wood,Yes,,,,,,,,,,,,,,
5069994,SK,S7L,E,2025-03-01,2025,Single Detached,162.5,One storey,1976,B1;B2,1,3.141,8713.9,8.714,20741.4,5761.5,85901.0,23861.6,5761.4,2669.7,0.0,0.0,0.0,208130403,Air,,15715.6,T,7.03,3.23,1.91,,,100.0,,,,Central split system,3.23,Induced draft fan furnace,Natural Gas,,,Yes,ECO-AIR,MOD30-24HFN1-MW,MVC-24HWFN1-M,24000,19200,22600,1.91,10,17.4,Yes,7.034,6.623,0.807,0.76
5140352,SK,S4T,E,2025-01-01,2025,Single Detached,307.5,One storey,1979,B1;P1,1,2.2176,19624.1,19.624,25425.4,7062.7,131760.1,36600.3,7062.6,14531.8,0.0,0.0,0.0,207098556,Air,,8715.9,T,7.56,3.55,2.0,,,70.0,,,,Central split system,3.36,Condensing furnace,Natural Gas,Same as Type 1 heating system,Natural Gas,Yes,CARRIER,38MARBQ24AA3,CAP**2417AL*,25800,15700,,,10.5,15,No,7.561,,0.385,
5156591,SK,S0G,E,2025-02-01,2025,Single Detached,222.6,Two storeys,1958,B1;B2,1,2.4352,14839.5,14.84,39852.3,11070.2,126115.2,35032.3,11070.1,8369.5,0.0,0.0,0.0,207706560,Air,,16844.0,T,9.67,3.09,1.8,,,78.0,,,,Central split system,2.77,Boiler  with continuous pilot,Natural Gas,,,Yes,MOOVAIR,DMA30HOS20230E7,FMA30HIAHUU230X7,33000,21000,24000,1.80,8.9,16.2,Yes,9.671,7.034,0.652,0.474
5158328,SK,S7H,E,2025-02-01,2025,Single Detached,185.1,One storey,1957,B1;B2,1,3.9396,12433.0,12.433,27429.4,7619.3,88237.6,24510.6,7619.2,4879.5,0.0,0.0,0.0,213487207,Air,Central single package system,13300.2,T,7.33,3.38,2.0,7.8,16.1,80.0,0.0,0.0,ESTAR,Central single package system,2.93,Condensing furnace,Natural Gas,,,Yes,,,,,,,,,,,,,,
5174143,SK,S7M,E,2025-02-01,2025,Single Detached,165.7,One storey,1967,B1,1,3.4808,12360.7,12.361,18817.6,5227.2,104583.4,29051.2,5227.3,8887.6,0.0,0.0,0.0,213076383,Air,Central split system,5459.9,T,5.39,3.87,2.34,8.05,16.0,105.0,0.0,0.0,,Central split system,3.34,Condensing furnace,Natural Gas,,,Yes,CARRIER,38MURAQ18AB3*,CAP**2417AL*,18400,12400,19500,2.34,8.5,16,No,5.393,5.715,0.436,0.462
58465,SK,S7J,E,2025-02-01,2025,Single Detached,184.9,One storey,1965,B1;B2,1,3.4878,12130.7,12.131,11401.0,3167.0,92214.2,25615.3,3167.0,9401.2,0.0,0.0,0.0,214066875,Air,Central split system,7000.0,F,0.0,4.66,0.0,0.0,0.0,0.0,8.0,18.0,,Central split system,3.591,Condensing furnace,Natural Gas,,,Yes,RHEEM,RD17AZ36AJ3N,RCFZ3621MTANM,36000,31600,29800,1.90,8.1,18,Yes,10.551,8.734,0.87,0.72
5251818,SK,S7K,E,2025-01-01,2025,Single Detached,155.6,One storey,1930,B1,1,4.2549,10563.9,10.564,12647.8,3513.3,91599.8,25444.6,3513.4,9378.4,0.0,0.0,0.0,213076395,Air,,7854.3,T,7.85,4.352,2.12,,,94.0,,,ESTAR,Central split system,3.395,Condensing furnace,Natural Gas,Fireplace with pilot (unsealed),Natural Gas,Yes,CARRIER,38MURAQ24AB3*,CNPV*2417AL*,26800,19400,25400,2.12,8.5,16.5,No,7.854,7.444,0.744,0.705
5273111,SK,S7N,E,2025-05-01,2025,Single Detached,150.2,One and a half,1921,B1;C1;F1,1,6.7939,16562.1,16.562,19065.5,5296.0,136065.8,37796.4,5295.9,16827.1,0.0,0.0,0.0,211632198,Air,,10140.3,F,0.0,3.69,0.0,,,0.0,,,ESTAR,Central split system,3.591,Condensing furnace,Natural Gas,,,Yes,ARMSTRONG AIR,4SHP18LX136P,"EA(C,U)1P30B+TDR+TXV",23400,15500,14800,1.97,8.1,19,No,6.858,4.337,0.414,0.262
5311120,SK,S7K,E,2025-01-01,2025,Single Detached,364.4,One storey,1960,B1;C1;C2;F1;F2,1,2.2738,16601.7,16.602,31061.1,8628.2,100461.1,27906.1,8628.1,3843.9,0.0,0.0,0.0,213815732,Air,,20313.3,T,11.72,4.19,2.19,,,76.0,,,,Central split system,2.7,Condensing furnace,Natural Gas,Fireplace with spark ignit. (sealed),Natural Gas,Yes,DAIKIN,DZ6VSA421EA*,CA*EA6030*4A*+MBVK20DP1X00A*,40000,28000,30600,2.00,8.6,17,Yes,11.723,8.968,0.706,0.54
301246,SK,S7H,E,2025-03-01,2025,Single Detached,266.1,One storey,2000,B1,1,1.2995,10186.2,10.186,23585.6,6551.6,82767.1,22991.0,6551.7,2896.7,0.0,0.0,0.0,212633393,Air,Central split system,10172.8,T,9.5,3.02,1.8,7.0,15.2,74.0,0.0,0.0,,Central split system,2.79,Condensing furnace,Natural Gas,,,Yes,,,,,,,,,,,,,,
5341666,SK,S6V,E,2025-04-01,2025,Single Detached,171.4,Split entry/Raised base.,1976,B1;B2,1,3.1757,11142.5,11.142,23798.7,6610.8,93046.9,25846.6,6610.9,3865.9,0.0,0.0,0.0,213369385,Air,,9996.4,T,9.09,3.1,1.8,,,80.0,,,,Central split system,2.56,Condensing furnace,Natural Gas,Wood fireplace,Mixed Wood,Yes,MOOVAIR,DMA30HOS20230E7,CUB36HAC20BWT7A,31000,19600,22600,1.80,8.5,15.2,Yes,9.085,6.623,0.815,0.594
5349254,SK,S7H,E,2025-03-01,2025,Single Detached,187.0,One storey,1960,B1;B2,1,3.128,11344.5,11.344,16222.6,4506.3,89363.7,24823.4,4506.4,5300.0,0.0,0.0,0.0,214626166,Air,,10491.9,T,10.49,4.54,1.8,,,77.0,,,ESTAR,Central split system,3.912,Condensing furnace,Natural Gas,Wood fireplace,Mixed Wood,Yes,LENNOX,SL25XPV-036-230A**,CK40CT-48B-0*+TDR,35800,33400,27800,1.80,8.8,21.6,No,10.492,8.147,0.925,0.718
1971537,SK,S7S,E,2025-01-01,2025,Single Detached,208.8,One storey,1980,B1,1,1.7001,8660.4,8.66,16444.1,4567.8,76503.6,21251.2,4567.8,2188.1,0.0,0.0,0.0,206840753,Air,,8020.8,T,6.8,3.67,2.16,,,52.0,,,ESTAR,Central split system,3.82,Condensing furnace,Natural Gas,,,Yes,LENNOX,EL18XPV-024-230A**,C35-24B+TDR+TXV,23200,14800,11400,2.12,7.9,20.6,No,6.799,3.341,0.785,0.386
5375490,SK,S4A,E,2025-05-01,2025,Single Detached,342.3,One storey,1972,B1;B2;C1;C2;C3;F1,1,3.9662,7169.1,7.169,25815.7,7171.1,103180.2,28661.4,7171.2,9148.1,0.0,0.0,0.0,212361759,Air,,12806.3,T,7.33,2.97,1.95,,,80.0,,,,Central split system,3.2,Condensing furnace,Natural Gas,Wood fireplace,Mixed Wood,Yes,MOOVAIR,DMA24HOS20230E7,CUB24HAC20BWT7A,25000,21000,20000,1.95,9.5,16.5,Yes,7.327,5.861,1.022,0.818
5384202,SK,S0K,E,2025-02-01,2025,Single Detached,450.4,One storey,1998,B1,1,2.0847,13179.9,13.18,14325.8,3979.4,107220.4,29783.7,3979.5,10143.1,0.0,0.0,0.0,214626171,Air,,10433.3,F,0.0,3.656,0.0,,,0.0,,,ESTAR,Central split system,3.866,Condensing furnace,Natural Gas,Fireplace with pilot (unsealed),Natural Gas,Yes,LENNOX,SL25XPV-036-230A**,CK40CT-48C-0*+TDR,35600,33200,27400,1.82,8.8,21.2,No,10.433,8.03,0.792,0.609
5398444,SK,S0G,E,2025-01-01,2025,Single Detached,323.2,One storey,2010,B1;C1;F1;P1,1,2.7964,23801.2,23.801,52255.0,14515.4,136471.0,37908.9,14515.4,9008.4,0.0,0.0,0.0,212396767,Air,,19792.6,T,9.5,3.02,1.83,,,92.0,,,,Central split system,2.85,Condensing heater,Natural Gas,Fireplace with spark ignit. (sealed),Natural Gas,Yes,,,,,,,,,,,,,,
5396837,SK,S4H,E,2024-11-01,2024,Single Detached,259.7,Split level,1984,B1;P1,1,3.8877,14059.1,14.059,22647.8,6291.1,97430.2,27064.2,6291.2,5650.0,0.0,0.0,0.0,212976107,Air,,9696.0,T,7.56,3.47,2.0,,,93.0,,,,Central split system,2.9,Condensing furnace,Natural Gas,,,Yes,TEMPSTAR,DLCURAH24ABK,"EN(A,D)4X30L17**",25800,18900,24200,2.00,8.1,16.5,No,7.561,7.092,0.538,0.504
5408353,SK,S0K,E,2025-04-01,2025,Single Detached,225.1,One storey,1960,B1,1,2.9836,14404.1,14.404,51411.4,14281.1,97407.6,27057.9,14280.9,0.0,0.0,0.0,0.0,212361759,Air,,13141.9,T,7.33,3.35,1.95,,,80.0,,,,Central split system,3.2,Electric furnace,Electricity,Wood fireplace,Mixed Wood,Yes,MOOVAIR,DMA24HOS20230E7,CUB24HAC20BWT7A,25000,21000,20000,1.95,9.5,16.5,Yes,7.327,5.861,0.509,0.407
5413923,SK,S0A,E,2025-01-01,2025,Single Detached,300.4,One storey,2014,B1,1,0.9175,9178.8,9.179,12226.4,3396.2,95802.5,26612.0,3396.1,9863.1,0.0,0.0,0.0,212928556,Air,,20934.7,T,11.14,3.03,1.85,,,83.0,,,,Central single package system,2.34,Condensing furnace,Natural Gas,,,Yes,MOOVAIR,DMA36HOS20230E7,CUB36HAC20BWT7A,38000,27400,31600,1.85,8.6,15.5,Yes,11.137,9.261,1.213,1.009
5413936,SK,S7H,E,2025-03-01,2025,Single Detached,195.7,Two storeys,1950,B1;B2,1,4.5725,16316.8,16.317,23149.7,6430.5,147261.5,40906.3,6430.6,19310.2,0.0,0.0,0.0,207349915,Air,,11449.7,T,7.33,3.07,1.83,,,70.0,,,ESTAR,Mini-split ductless,3.54,Boiler  with spark ignition,Natural Gas,,,Yes,SAMSUNG,AJ024BXJ3CH,,22000,14600,16500,1.77,8.8,19.5,No,6.448,4.836,0.395,0.296
720330,SK,S7H,E,2025-05-01,2025,Single Detached,189.7,Split level,1975,B1;B2,1,5.2314,18371.8,18.372,27771.8,7714.5,135662.4,37684.3,7714.5,14344.6,0.0,0.0,0.0,211713197,Air,,9734.7,T,9.67,3.45,1.84,,,79.0,,,,Central split system,2.88,Condensing furnace,Natural Gas,Wood fireplace,Mixed Wood,Yes,CARRIER,38MURAQ30AB3*,CAP**4321AL*,33000,23000,26200,1.84,8.1,15.2,No,9.671,7.678,0.526,0.418
5411707,SK,S7H,E,2025-04-01,2025,Single Detached,165.5,One storey,1950,B1,1,4.026,11275.7,11.276,11801.6,3278.2,85080.7,23633.7,3278.4,4765.0,0.0,0.0,0.0,2129285561,Air,Central split system,12500.0,F,0.0,5.388,0.0,0.0,0.0,0.0,9.5,14.8,ESTAR,Central split system,3.206,Condensing furnace,Natural Gas,,,Yes,,,,,,,,,,,,,,
5432783,SK,S6V,E,2025-04-01,2025,Single Detached,112.4,One and a half,1946,B1;C1;F1,1,9.3756,13622.5,13.622,9030.3,2508.4,110778.6,30772.1,2508.4,13022.3,0.0,0.0,0.0,215383235,Air,Central split system,5656.3,F,0.0,4.515,0.0,0.0,0.0,0.0,7.7,14.5,ESTAR,Central split system,3.17,Condensing furnace,Natural Gas,,,Yes,RUNTRU,A4HP4018D1,AE*S+CM24B34+TDR,19300,14300,15300,2.74,7.7,14.5,No,5.656,4.484,0.415,0.329
5433948,SK,S7J,E,2025-05-01,2025,Single Detached,89.0,One storey,1944,B1,1,5.3021,8889.6,8.89,9061.9,2517.2,84069.4,23352.8,2517.2,5527.0,0.0,0.0,0.0,213194342,Air,Central split system,5275.3,F,0.0,3.826,0.0,0.0,0.0,0.0,6.28,16.4,ESTAR,Central split system,3.399,Condensing furnace,Natural Gas,,,Yes,LENNOX,ML17XP1-018-230A**,CH35-24B+TDR+TXV,18000,11200,8400,2.06,8.1,16.4,No,5.275,2.462,0.593,0.277
334801,SK,S7L,E,2025-03-01,2025,Single Detached,348.2,Split level,1992,B1;B2;P1,1,2.0075,12149.9,12.15,23899.6,6638.8,102764.8,28546.0,6638.9,6732.8,0.0,0.0,0.0,211528345,Air,,7000.0,T,10.2,3.47,2.03,,,52.0,,,ESTAR,Central split system,3.48,Condensing furnace,Natural Gas,Wood fireplace,Mixed Wood,Yes,ARMSTRONG AIR,4SHP22LX136P-**A,EAH1P36C+TDR+TXV,34800,23000,18200,2.02,8.5,19.5,No,10.199,5.334,0.839,0.439
5435164,SK,S7R,E,2025-05-01,2025,"Row house, middle unit",218.6,Two storeys,2013,B1,1,3.3802,10972.7,10.973,23730.3,6591.8,85968.9,23880.4,6591.7,4196.4,0.0,0.0,0.0,212361759,Air,Coils Only,13141.9,T,7.33,3.35,1.95,7.7,16.5,80.0,0.0,0.0,,Coils Only,3.2,Condensing furnace,Natural Gas,,,Yes,MOOVAIR,DMA24HOS20230E7,CUB24HAC20BWT7A,25000,21000,20000,1.95,9.5,16.5,Yes,7.327,5.861,0.668,0.534
1921822,SK,S7J,E,2025-05-01,2025,Single Detached,180.8,One storey,1959,B1;B2;B3,1,2.672,8208.6,8.209,19547.6,5429.9,79219.3,22005.5,5430.0,2133.6,0.0,0.0,0.0,212361759,Air,,13141.9,T,7.33,3.35,1.95,,,80.0,,,,Central split system,3.2,Condensing furnace,Natural Gas,,,Yes,MOOVAIR,DMA24HOS20230E7,CUB24HAC20BWT7A,25000,21000,20000,1.95,9.5,16.5,Yes,7.327,5.861,0.893,0.714
5423478,SK,S4V,E,2025-03-01,2025,Single Detached,255.7,Two storeys,2023,B1,1,1.0863,7624.6,7.625,12405.6,3446.0,67427.2,18729.9,3446.1,4081.7,0.0,0.0,0.0,211641828,Air,,7000.0,F,0.0,2.998,0.0,,,0.0,,,,Central split system,3.406,Condensing furnace,Natural Gas,Fireplace with spark ignit. (sealed),Natural Gas,Yes,GOODMAN,GSZC703610A*,CHPTA3630*4A*,33800,21000,17000,1.90,8.1,17.2,No,9.906,4.982,1.299,0.653
5483034,SK,S7H,E,2025-04-01,2025,"Row house, middle unit",126.9,Two storeys,1979,B1;B2,1,4.6555,9356.3,9.356,18336.4,5093.5,61754.2,17154.1,5093.4,2402.8,0.0,0.0,0.0,212361759,Air,Central split system,13141.9,T,7.33,3.35,1.95,7.7,16.5,80.0,0.0,0.0,ESTAR,Central split system,3.2,Condensing furnace,Natural Gas,,,Yes,MOOVAIR,DMA24HOS20230E7,CUB24HAC20BWT7A,25000,21000,20000,1.95,9.5,16.5,Yes,7.327,5.861,0.783,0.626
5493183,SK,S7K,D,2025-01-01,2025,Single Detached,178.6,One and a half,1976,B1;B2,1,7.8043,19825.3,19.825,73601.9,20445.1,127678.8,35466.6,20445.2,1794.5,0.0,0.0,0.0,207641335,Air,Ductless Mini- or Multi-split system,16834.2,T,10.84,3.12,1.83,7.1,23.9,69.0,0.0,0.0,ESTAR,Ductless Mini- or Multi-split system,2.79,Baseboard/Hydronic/Plenum(duct) htrs.,Electricity,Fireplace with pilot (unsealed),Natural Gas,Yes,SENVILLE,SENA/36HF/MOQ,,37000,26800,25200,1.80,9.5,23.9,No,10.844,7.385,0.547,0.373
1261016,SK,S7M,D,2023-06-01,2023,Single Detached,265.5,One storey,1980,B1;C1;F1,1,3.0838,12949.7,12.95,27336.8,7593.6,105744.2,29373.6,7593.7,6456.2,0.0,0.0,0.0,205132630,Air,Ductless Mini- or Multi-split system,13000.0,T,3.52,2.998,2.02,0.0,0.0,109.0,0.0,0.0,ESTAR,Ductless Mini- or Multi-split system,4.073,Boiler  with spark ignition,Natural Gas,Fireplace with spark ignit. (unsealed),Natural Gas,Yes,SAMSUNG,AR09TSFABWKX,AR09TSFABWKN,9000,6700,13100,,12.5,24.5,No,2.638,3.839,0.204,0.296
1261016,SK,S7M,E,2025-02-01,2025,Single Detached,265.5,One storey,1980,B1;C1;F1,1,2.5766,11997.6,11.998,28366.6,7879.7,98638.3,27399.7,7879.8,3871.4,0.0,0.0,0.0,207349919,Air,Ductless Mini- or Multi-split system,24627.9,T,8.38,3.6,1.8,0.0,0.0,100.0,0.0,0.0,ESTAR,Ductless Mini- or Multi-split system,3.58,Boiler  with spark ignition,Natural Gas,Fireplace with spark ignit. (unsealed),Natural Gas,Yes,SAMSUNG,AJ030BXS4CH,,28400,17500,28600,1.80,9,20,No,8.323,8.382,0.694,0.699
5492659,SK,S7W,N,2025-02-01,2025,"Row house, end unit",204.6,Two storeys,2024,B1,1,1.1458,7443.8,7.444,13047.1,3624.2,70403.4,19556.7,3624.2,2364.2,0.0,0.0,0.0,211244180,Air,Central split system,8032.5,T,7.97,3.56,1.86,0.0,0.0,83.0,0.0,0.0,,Central split system,3.21,Condensing furnace,Natural Gas,Other (describe),Electricity,Yes,PAYNE HEATING AND COOLING,38MURAQ24AB3*,CNPV*2417AL*,,19700,22800,1.86,8.5,15.5,No,,6.682,,0.898
5492659,SK,S7W,P,2024-02-01,2024,"Row house, end unit",204.6,Two storeys,2024,B1,1,1.5,7883.0,7.883,13558.2,3766.2,71891.1,19969.9,3766.1,2644.7,0.0,0.0,0.0,211244180,Air,Central split system,8032.5,T,7.97,3.56,1.86,0.0,0.0,83.0,0.0,0.0,,Central split system,3.21,Condensing furnace,Natural Gas,Other (describe),Electricity,Yes,PAYNE HEATING AND COOLING,38MURAQ24AB3*,CNPV*2417AL*,,19700,22800,1.86,8.5,15.5,No,,6.682,,0.848
5492660,SK,S7W,N,2025-02-01,2025,"Row house, middle unit",206.7,Two storeys,2024,B1,1,1.0306,5183.7,5.184,7640.7,2122.4,61349.2,17041.6,2122.5,1288.1,0.0,0.0,0.0,211244180,Air,Central split system,8032.5,T,7.97,3.56,1.86,0.0,0.0,83.0,0.0,0.0,,Central split system,3.21,Condensing furnace,Natural Gas,Other (describe),Electricity,Yes,PAYNE HEATING AND COOLING,38MURAQ24AB3*,CNPV*2417AL*,,19700,22800,1.86,8.5,15.5,No,,6.682,,1.289
5492660,SK,S7W,P,2024-02-01,2024,"Row house, middle unit",206.7,Two storeys,2024,B1,1,1.5,6107.6,6.108,9360.5,2600.2,63956.7,17765.9,2600.3,1613.9,0.0,0.0,0.0,211244180,Air,Central split system,8032.5,T,7.97,3.56,1.86,0.0,0.0,83.0,0.0,0.0,,Central split system,3.21,Condensing furnace,Natural Gas,Other (describe),Electricity,Yes,PAYNE HEATING AND COOLING,38MURAQ24AB3*,CNPV*2417AL*,,19700,22800,1.86,8.5,15.5,No,,6.682,,1.094
5492662,SK,S7W,N,2025-02-01,2025,"Row house, middle unit",208.5,Two storeys,2024,B1,1,0.8742,5356.4,5.356,7992.8,2220.2,61852.9,17181.5,2220.3,1350.3,0.0,0.0,0.0,211244180,Air,Central split system,8032.5,T,7.97,3.56,1.86,0.0,0.0,83.0,0.0,0.0,,Central split system,3.21,Condensing furnace,Natural Gas,Other (describe),Electricity,Yes,PAYNE HEATING AND COOLING,38MURAQ24AB3*,CNPV*2417AL*,,19700,22800,1.86,8.5,15.5,No,,6.682,,1.247
5492662,SK,S7W,P,2024-02-01,2024,"Row house, middle unit",208.5,Two storeys,2024,B1,1,1.5,5999.4,5.999,8985.4,2496.0,63449.9,17625.1,2495.9,1566.7,0.0,0.0,0.0,211244180,Air,Central split system,8032.5,T,7.97,3.56,1.86,0.0,0.0,83.0,0.0,0.0,,Central split system,3.21,Condensing furnace,Natural Gas,Other (describe),Electricity,Yes,PAYNE HEATING AND COOLING,38MURAQ24AB3*,CNPV*2417AL*,,19700,22800,1.86,8.5,15.5,No,,6.682,,1.114
5492665,SK,S7W,N,2025-02-01,2025,"Row house, middle unit",207.3,Two storeys,2024,B1,1,0.9779,5360.5,5.36,7873.7,2187.2,61671.3,17131.1,2187.2,1351.1,0.0,0.0,0.0,211244180,Air,Central split system,8032.5,T,7.97,3.56,1.86,0.0,0.0,83.0,0.0,0.0,,Central split system,3.21,Condensing furnace,Natural Gas,Other (describe),Electricity,Yes,PAYNE HEATING AND COOLING,38MURAQ24AB3*,CNPV*2417AL*,,19700,22800,1.86,8.5,15.5,No,,6.682,,1.247
5492665,SK,S7W,P,2024-02-01,2024,"Row house, middle unit",207.3,Two storeys,2024,B1,1,1.5,5847.3,5.847,8607.7,2391.0,62910.2,17475.2,2391.1,1509.2,0.0,0.0,0.0,211244180,Air,Central split system,8032.5,T,7.97,3.56,1.86,0.0,0.0,83.0,0.0,0.0,,Central split system,3.21,Condensing furnace,Natural Gas,Other (describe),Electricity,Yes,PAYNE HEATING AND COOLING,38MURAQ24AB3*,CNPV*2417AL*,,19700,22800,1.86,8.5,15.5,No,,6.682,,1.143
5492668,SK,S7W,N,2025-02-01,2025,"Row house, end unit",206.0,Two storeys,2024,B1,1,1.0852,7065.0,7.065,11065.7,3073.8,68370.2,18991.9,3073.9,2165.6,0.0,0.0,0.0,211244180,Air,Central split system,7000.0,T,7.97,3.56,1.86,0.0,0.0,83.0,0.0,0.0,,Central split system,3.21,Condensing furnace,Natural Gas,Other (describe),Electricity,Yes,PAYNE HEATING AND COOLING,38MURAQ24AB3*,CNPV*2417AL*,,19700,22800,1.86,8.5,15.5,No,,6.682,,0.946
5492668,SK,S7W,P,2024-02-01,2024,"Row house, end unit",206.0,Two storeys,2024,B1,1,1.5,7809.9,7.81,12006.8,3335.2,70974.5,19715.3,3335.3,2675.0,0.0,0.0,0.0,211244180,Air,Central split system,7000.0,T,7.97,3.56,1.86,0.0,0.0,83.0,0.0,0.0,,Central split system,3.21,Condensing furnace,Natural Gas,Other (describe),Electricity,Yes,PAYNE HEATING AND COOLING,38MURAQ24AB3*,CNPV*2417AL*,,19700,22800,1.86,8.5,15.5,No,,6.682,,0.856
5497725,SK,S0K,D,2025-02-01,2025,Single Detached,194.5,One storey,1976,B1,1,4.4625,13527.4,13.527,15152.2,4209.0,110986.1,30829.7,4208.9,10705.4,0.0,0.0,0.0,211239921,Air,Central single package system,7209.5,T,7.21,2.998,1.8,0.0,0.0,83.0,0.0,0.0,ESTAR,Central single package system,2.578,Condensing furnace,Natural Gas,,,Yes,CARRIER,38MURAQ24AB3*,CAP**3717AL*,25600,18900,21400,1.80,8.5,16.5,No,7.503,6.272,0.555,0.464
5274381,SK,S7S,E,2025-03-01,2025,Single Detached,222.8,Split entry/Raised base.,1997,B1,1,1.9042,10931.1,10.931,20880.6,5800.2,71821.1,19950.5,5800.3,4895.6,0.0,0.0,0.0,214075462,Air,Central split system,11070.5,T,6.62,3.96,2.0,0.0,18.0,74.0,0.0,0.0,ESTAR,Central split system,3.08,Condensing furnace,Natural Gas,,,Yes,RUUD,RD17AZ24AJ3N,RCFZ2417MTANM,24000,19000,16900,2.00,9.5,18,Yes,7.034,4.953,0.643,0.453
5506102,SK,S7W,N,2025-03-01,2025,"Row house, end unit",206.0,Two storeys,2024,B1,1,1.2949,7766.2,7.766,13079.2,3633.1,72228.4,20063.6,3633.1,2916.4,0.0,0.0,0.0,211244180,Air,Central split system,7000.0,T,7.97,3.56,1.86,0.0,0.0,83.0,0.0,0.0,,Central split system,3.21,Condensing furnace,Natural Gas,Other (describe),Electricity,Yes,PAYNE HEATING AND COOLING,38MURAQ24AB3*,CNPV*2417AL*,,19700,22800,1.86,8.5,15.5,No,,6.682,,0.86
5506102,SK,S7W,P,2024-02-01,2024,"Row house, end unit",206.0,Two storeys,2024,B1,1,1.5,7810.7,7.811,13015.5,3615.4,72202.6,20056.4,3615.3,2923.4,0.0,0.0,0.0,211244180,Air,Central split system,7000.0,T,7.97,3.56,1.86,0.0,0.0,83.0,0.0,0.0,,Central split system,3.21,Condensing furnace,Natural Gas,Other (describe),Electricity,Yes,PAYNE HEATING AND COOLING,38MURAQ24AB3*,CNPV*2417AL*,,19700,22800,1.86,8.5,15.5,No,,6.682,,0.855
5506106,SK,S7W,N,2025-03-01,2025,"Row house, middle unit",207.3,Two storeys,2024,B1,1,1.1943,5592.7,5.593,9593.1,2664.8,63209.5,17558.3,2664.7,1513.3,0.0,0.0,0.0,211244180,Air,Central split system,8032.5,T,7.97,3.56,1.86,0.0,0.0,83.0,0.0,0.0,,Central split system,3.21,Condensing furnace,Natural Gas,Other (describe),Electricity,Yes,PAYNE HEATING AND COOLING,38MURAQ24AB3*,CNPV*2417AL*,,19700,22800,1.86,8.5,15.5,No,,6.682,,1.195
5506106,SK,S7W,P,2024-02-01,2024,"Row house, middle unit",207.3,Two storeys,2024,B1,1,1.5,5965.4,5.965,10196.9,2832.5,64302.0,17861.8,2832.5,1658.6,0.0,0.0,0.0,211244180,Air,Central split system,8032.5,T,7.97,3.56,1.86,0.0,0.0,83.0,0.0,0.0,,Central split system,3.21,Condensing furnace,Natural Gas,Other (describe),Electricity,Yes,PAYNE HEATING AND COOLING,38MURAQ24AB3*,CNPV*2417AL*,,19700,22800,1.86,8.5,15.5,No,,6.682,,1.12
5506110,SK,S7W,N,2025-03-01,2025,"Row house, middle unit",208.5,Two storeys,2024,B1,1,0.9585,5197.8,5.198,8849.2,2458.1,62108.9,17252.6,2458.1,1373.6,0.0,0.0,0.0,211244180,Air,Central split system,8032.5,T,7.97,3.56,1.86,0.0,0.0,83.0,0.0,0.0,,Central split system,3.21,Condensing furnace,Natural Gas,Other (describe),Electricity,Yes,PAYNE HEATING AND COOLING,38MURAQ24AB3*,CNPV*2417AL*,,19700,22800,1.86,8.5,15.5,No,,6.682,,1.286
5506110,SK,S7W,P,2024-02-01,2024,"Row house, middle unit",208.5,Two storeys,2024,B1,1,1.5,6027.0,6.027,10306.4,2862.9,64560.2,17933.5,2862.8,1682.2,0.0,0.0,0.0,211244180,Air,Central split system,8032.5,T,7.97,3.56,1.86,0.0,0.0,83.0,0.0,0.0,,Central split system,3.21,Condensing furnace,Natural Gas,Other (describe),Electricity,Yes,PAYNE HEATING AND COOLING,38MURAQ24AB3*,CNPV*2417AL*,,19700,22800,1.86,8.5,15.5,No,,6.682,,1.109
5506113,SK,S7W,N,2025-03-01,2025,"Row house, middle unit",206.7,Two storeys,2024,B1,1,0.9971,5354.0,5.354,9327.7,2591.0,62770.5,17436.4,2591.1,1430.8,0.0,0.0,0.0,211244180,Air,Central split system,8032.5,T,7.97,3.56,1.86,0.0,0.0,83.0,0.0,0.0,,Central split system,3.21,Condensing furnace,Natural Gas,Other (describe),Electricity,Yes,PAYNE HEATING AND COOLING,38MURAQ24AB3*,CNPV*2417AL*,,19700,22800,1.86,8.5,15.5,No,,6.682,,1.248
5506113,SK,S7W,P,2024-02-01,2024,"Row house, middle unit",206.7,Two storeys,2024,B1,1,1.5,6112.2,6.112,10599.5,2944.3,64992.8,18053.7,2944.5,1722.8,0.0,0.0,0.0,211244180,Air,Central split system,8032.5,T,7.97,3.56,1.86,0.0,0.0,83.0,0.0,0.0,,Central split system,3.21,Condensing furnace,Natural Gas,Other (describe),Electricity,Yes,PAYNE HEATING AND COOLING,38MURAQ24AB3*,CNPV*2417AL*,,19700,22800,1.86,8.5,15.5,No,,6.682,,1.093
5506118,SK,S7W,N,2025-03-01,2025,"Row house, end unit",204.6,Two storeys,2024,B1,1,1.292,7820.4,7.82,14750.6,4097.4,73165.0,20323.8,4097.5,2845.0,0.0,0.0,0.0,211244180,Air,Central split system,8032.5,T,7.97,3.56,1.86,0.0,0.0,83.0,0.0,0.0,,Central split system,3.21,Condensing furnace,Natural Gas,Other (describe),Electricity,Yes,PAYNE HEATING AND COOLING,38MURAQ24AB3*,CNPV*2417AL*,,19700,22800,1.86,8.5,15.5,No,,6.682,,0.854
5506118,SK,S7W,P,2024-02-01,2024,"Row house, end unit",204.6,Two storeys,2024,B1,1,1.5,7891.1,7.891,14727.9,4091.1,73259.0,20349.9,4091.1,2874.5,0.0,0.0,0.0,211244180,Air,Central split system,8032.5,T,7.97,3.56,1.86,0.0,0.0,83.0,0.0,0.0,,Central split system,3.21,Condensing furnace,Natural Gas,Other (describe),Electricity,Yes,PAYNE HEATING AND COOLING,38MURAQ24AB3*,CNPV*2417AL*,,19700,22800,1.86,8.5,15.5,No,,6.682,,0.847
5519192,SK,S7N,P,2025-04-01,2025,Single Detached,380.2,Two storeys,2024,B1,1,1.0,10934.5,10.934,13396.9,3721.4,69381.6,19272.8,3721.4,6952.0,0.0,0.0,0.0,214075515,Air,Central split system,6623.4,T,6.62,4.563,2.0,7.8,18.0,74.0,7.8,18.0,ESTAR,Central split system,3.591,Condensing furnace,Natural Gas,Wood fireplace,Mixed Wood,Yes,RHEEM,RD17AZ24AJ3N,RCFZ2417MTANM,24000,19000,16900,2.00,9.5,18,Yes,7.034,4.953,0.643,0.453
1912152,SK,S7M,E,2025-08-01,2025,Single Detached,289.9,Three storeys,1903,B1,1,3.4689,21412.6,21.413,16660.2,4627.9,161966.2,44991.0,4627.8,25343.5,0.0,0.0,0.0,214075462,Air,,11070.5,T,6.62,3.96,2.0,,,74.0,,,ESTAR,Central split system,3.08,Condensing furnace,Natural Gas,,,Yes,RUUD,RD17AZ24AJ3N,RCFZ2417MTANM,24000,19000,16900,2.00,9.5,18,Yes,7.034,4.953,0.328,0.231
1945624,SK,S7H,E,2025-12-01,2025,Single Detached,212.2,One storey,1956,B1;B2,1,1.7715,8064.2,8.064,8283.9,2301.1,83779.5,23272.3,2301.1,9132.6,0.0,0.0,0.0,217189756,Air,,7033.7,F,0.0,5.145,0.0,,,0.0,,,ESTAR,Central single package system,3.524,Condensing furnace,Natural Gas,Fireplace with pilot (unsealed),Natural Gas,Yes,LENNOX,EL18KSLV-024-230A**,CK40HT-24B-**+TDR,24000,19800,20800,1.80,9,17.45,Yes,7.034,6.096,0.872,0.756
2018191,SK,S0L,E,2025-12-01,2025,Single Detached,266.8,One storey,1999,B1,1,1.7425,9947.7,9.948,24806.7,6890.8,86796.1,24110.2,6890.9,2088.1,0.0,0.0,0.0,212862203,Air,,26083.3,T,9.5,3.23,1.8,,,86.0,,,,Central split system,2.93,Furnace with spark ignition,Natural Gas,,,Yes,,,,,,,,,,,,,,
5017577,SK,S0K,E,2025-09-01,2025,Single Detached,254.6,One storey,2014,B1;P1,1,1.3724,13587.5,13.588,30680.7,8522.5,107680.3,29911.4,8522.6,7971.2,0.0,0.0,0.0,212361760,Air,,10878.5,T,9.67,3.25,1.85,,,81.0,,,,Central split system,2.76,Condensing furnace,Natural Gas,Fireplace with pilot (sealed),Natural Gas,Yes,MOOVAIR,DMA30HOS20230E7,CUB36HAC20CWT7A,33000,22600,27000,1.85,9.7,15.5,Yes,9.671,7.913,0.712,0.582
5218121,SK,S0L,E,2025-12-01,2025,Single Detached,158.6,One storey,1984,B1,1,2.3464,7210.2,7.21,18729.2,5202.6,64237.4,17843.9,5202.5,0.0,0.0,0.0,0.0,207706559,Air,,15528.7,T,7.03,3.22,1.91,,,100.0,,,ESTAR,Central split system,3.23,Electric furnace,Electricity,,,Yes,MOOVAIR,DMA24HOS20230E7,FMA24HIAHUU230X7,24000,19200,22600,1.91,10,17.4,Yes,7.034,6.623,0.976,0.919
5069978,SK,S7N,E,2025-10-01,2025,Single Detached,218.3,Three storeys,1912,B1;B2,1,5.3929,22538.5,22.538,34187.8,9496.7,156939.6,43594.7,9496.7,21559.3,0.0,0.0,0.0,212361760,Air,,10878.5,T,9.67,3.25,1.85,,,81.0,,,,Central single package system,2.76,Condensing furnace,Natural Gas,Fireplace with pilot (sealed),Natural Gas,Yes,MOOVAIR,DMA30HOS20230E7,CUB36HAC20CWT7A,33000,22600,27000,1.85,9.7,15.5,Yes,9.671,7.913,0.429,0.351
5103829,SK,S4T,E,2025-11-01,2025,Single Detached,128.0,One and a half,1913,B1,1,10.9067,24894.8,24.895,16373.5,4548.2,194742.8,54095.7,4548.4,35065.6,0.0,0.0,0.0,213194564,Air,,7000.0,F,0.0,2.998,0.0,,,0.0,,,,Central split system,2.578,Condensing furnace,Natural Gas,Wood fireplace,Mixed Wood,Yes,LENNOX,EL17XP1-024-230A**,C35-24B+TDR+TXV,21400,13600,10400,2.04,7.8,16.4,No,6.272,3.048,0.252,0.122
5104742,SK,S4S,E,2025-11-01,2025,Single Detached,262.1,One storey,1963,B1,1,4.2744,15143.3,15.143,29519.4,8199.9,100496.2,27915.8,8199.8,7257.3,0.0,0.0,0.0,206840954,Air,,12086.8,T,0.96,3.44,2.08,,,49.0,,,,Central split system,2.99,Condensing furnace,Natural Gas,Wood fireplace,Mixed Wood,Yes,LENNOX,EL18XPV-036-230A**,CHX35-36C-**-*+TDR,32600,20800,16000,2.08,8,18,No,9.554,4.689,0.631,0.31
5163112,SK,S7K,E,2025-08-01,2025,Single Detached,232.8,Split entry/Raised base.,1984,B1;P1,1,1.9442,10486.4,10.486,21166.2,5879.5,92140.4,25594.8,5879.5,4637.0,0.0,0.0,0.0,211240038,Air,,7863.7,T,7.8,3.6,1.96,,,89.0,,,,Central split system,3.2,Condensing furnace,Natural Gas,Other (describe),Electricity,Yes,CARRIER,38MURAQ24AB3*,CNPV*2417AL*,26600,19400,23800,1.96,8.5,16,No,7.796,6.975,0.743,0.665
5190520,SK,S7L,E,2025-11-01,2025,Single Detached,167.6,One storey,1965,B1;B2,1,3.1872,7400.6,7.401,15500.5,4305.7,66498.5,18472.0,4305.6,1833.3,0.0,0.0,0.0,210288770,Air,,6999.7,F,0.0,2.998,0.0,,,0.0,,,,Central split system,2.578,Condensing furnace,Natural Gas,,,Yes,LENNOX,EL17XP1-018-230A**,C35-24B+TDR+TXV,17400,11000,8400,2.08,8.1,16.4,No,5.099,2.462,0.689,0.333
5213924,SK,S7J,E,2025-10-01,2025,Single Detached,185.6,One storey,1926,B1;B2,1,4.6494,17784.6,17.785,22944.6,6373.6,126986.8,35274.4,6373.7,17029.0,0.0,0.0,0.0,207436156,Air,Central split system,6350.6,T,6.33,3.12,1.84,8.35,23.0,94.0,0.0,0.0,ESTAR,Central split system,4.2,Condensing furnace,Natural Gas,,,Yes,LENNOX,SL25XPV-024-230A**,C35-36B+TDR+TXV,21600,24200,20400,1.84,9.2,23,No,6.33,5.979,0.356,0.336
5243804,SK,S4V,E,2025-11-01,2025,Single Detached,257.6,One storey,2006,B1,1,1.3853,9732.0,9.732,15428.9,4285.8,61024.5,16951.4,4285.9,0.0,0.0,0.0,0.0,216767325,Ground,,11283.2,F,0.0,4.0,0.0,,,0.0,,,C448,Conventional A/C,5.51,Electric furnace,Electricity,Wood fireplace,Mixed Wood,No,,,,,,,,,,,,,,
5248262,SK,S7K,E,2025-11-01,2025,Single Detached,350.3,Two storeys,1981,B1;B2,1,3.4871,20670.4,20.67,27602.4,7667.4,132265.5,36740.7,7667.3,13218.2,0.0,0.0,0.0,214074642,Air,,13334.7,F,0.0,4.322,0.0,,,0.0,,,ESTAR,Central single package system,3.711,Condensing furnace,Natural Gas,Fireplace with spark ignit. (sealed),Natural Gas,Yes,ARMSTRONG AIR,4SHP22LX148P-**A,EA(C;U)1P60C+TDR+TXV,45500,28800,25000,2.02,8.5,19,No,13.335,7.327,0.645,0.354
5283763,SK,S0J,E,2025-10-01,2025,Single Detached,105.2,One storey,2012,C1;F1,1,10.7665,13658.0,13.658,22461.7,6239.4,84168.2,23380.2,6239.5,0.0,0.0,3928.6,0.0,212361759,Air,,13277.9,T,7.33,3.35,1.95,,,80.0,,,,Central split system,3.2,Condensing furnace,Propane,Advanced airtight wood stove,Mixed Wood,Yes,MOOVAIR,DMA24HOS20230E7,CUB24HAC20BWT7A,25000,21000,20000,1.95,9.5,16.5,Yes,7.327,5.861,0.536,0.429
5318129,SK,S7H,E,2025-07-01,2025,Single Detached,234.1,One storey,1973,B1,1,3.3607,13613.4,13.613,33435.9,9287.8,102875.9,28576.9,9287.9,4554.5,0.0,0.0,0.0,212427853,Air,,14025.2,T,7.33,3.34,1.82,,,86.0,,,,Central split system,2.93,Condensing furnace,Natural Gas,Fireplace with spark ignit. (sealed),Natural Gas,Yes,NAPOLEON,WSEHV2436RA1-N,"H,DE33(6,9)36",24000,15000,17500,1.80,8.5,17,No,7.034,5.129,0.517,0.377
5354870,SK,S9H,E,2025-10-01,2025,Single Detached,221.0,One storey,1958,B1;B2,1,2.8379,15087.1,15.087,33616.0,9337.9,101695.9,28249.1,9337.9,3657.5,0.0,0.0,0.0,212404693,Air,Central split system,13225.4,T,7.33,3.5,1.82,6.7,17.0,86.0,0.0,0.0,ESTAR,Central split system,2.93,Condensing furnace,Natural Gas,,,Yes,NAPOLEON,WSEHV2436RA1-N,"H,DE33(6,9)36",24000,15000,17500,1.80,8.5,17,No,7.034,5.129,0.466,0.34
5374230,SK,S7J,E,2025-08-01,2025,Single Detached,141.3,One storey,1968,B1;B2;B3,1,1.9854,7162.4,7.162,12242.7,3400.8,72406.2,20113.0,3400.9,1705.3,0.0,0.0,0.0,212361759,Air,,13141.9,T,7.33,3.35,1.95,,,80.0,,,,Central split system,3.2,Condensing furnace,Natural Gas,,,Yes,MOOVAIR,DMA24HOS20230E7,CUB24HAC20BWT7A,25000,21000,20000,1.95,9.5,16.5,Yes,7.327,5.861,1.023,0.818
5396895,SK,S7V,E,2025-10-01,2025,Single Detached,398.6,Two storeys,2023,B1,1,0.6844,10909.4,10.909,12328.9,3424.7,96541.7,26817.4,3424.7,11047.9,0.0,0.0,0.0,12345678,Air,,7000.0,F,0.0,2.998,0.0,,,0.0,,,,Central split system,3.383,Condensing furnace,Natural Gas,,,Yes,,,,,,,,,,,,,,
5416416,SK,S7K,E,2025-11-01,2025,Single Detached,273.1,One storey,1964,B1;C1;F1,1,4.7477,21094.2,21.094,34545.2,9596.0,142380.4,39550.4,9595.9,13998.4,0.0,0.0,0.0,213369385,Air,,10006.3,T,9.09,3.1,1.8,,,80.0,,,,Central split system,2.56,Condensing furnace,Natural Gas,Fireplace with pilot (unsealed),Natural Gas,Yes,MOOVAIR,DMA30HOS20230E7,CUB36HAC20BWT7A,31000,19600,22600,1.80,8.5,15.2,Yes,9.085,6.623,0.431,0.314
5416468,SK,S7K,E,2025-05-01,2025,Single Detached,105.0,One storey,1946,B1;P1,1,3.6179,14170.1,14.17,33589.4,9330.5,118386.5,32885.4,9330.4,11535.6,0.0,0.0,0.0,208447885,Air,Central split system,11280.0,T,5.57,3.6,2.0,7.6,18.0,94.0,0.0,0.0,ESTAR,Central split system,3.64,Furnace with continuous pilot,Natural Gas,,,Yes,CARRIER,38MURAQ18AB3,40MUAAQ18XA3,19000,13500,16500,2.04,9.3,18,Yes,5.568,4.836,0.393,0.341
5417436,SK,S7J,E,2025-09-01,2025,Single Detached,187.9,One storey,1970,B1,1,2.0726,8273.1,8.273,18857.1,5238.1,73285.6,20357.3,5238.1,3571.1,0.0,0.0,0.0,211644150,Air,,7173.8,T,7.03,3.08,1.8,,,90.0,,,,Central split system,3.19,Condensing furnace,Natural Gas,,,Yes,GREE,GUD36W/A-D(U),GCAT24*/NAA,24000,19600,21600,1.80,8.5,15.2,Yes,7.034,6.33,0.85,0.765
5432067,SK,S7L,E,2025-11-01,2025,Single Detached,144.5,One storey,1973,B1,1,2.4244,7968.3,7.968,8388.9,2330.3,80742.1,22428.5,2330.3,4825.3,0.0,0.0,0.0,210039089,Air,Central split system,4982.2,F,0.0,4.418,0.0,0.0,0.0,0.0,7.5,14.3,ESTAR,Central split system,3.146,Condensing furnace,Natural Gas,,,Yes,LENNOX,ML17XP1-018-230A**,C35-30A+TDR+TXV,17600,10800,8000,1.90,7.5,14.3,No,5.158,2.345,0.647,0.294
5432804,SK,S6V,E,2025-10-01,2025,Single Detached,105.1,One storey,1957,B1,1,4.4363,12330.4,12.33,7024.5,1951.3,146465.5,40685.2,1951.4,23596.3,0.0,0.0,0.0,210727629,Air,Ductless Mini- or Multi-split system,3516.9,F,0.0,4.903,0.0,0.0,0.0,0.0,8.5,17.0,ESTAR,Ductless Mini- or Multi-split system,3.471,Furnace with continuous pilot,Natural Gas,,,Yes,COSTWAY,FP10293US-12WH,FP10293US-22WH,12000,6700,2400,2.08,8.5,17,No,3.517,0.703,0.285,0.057
5433326,SK,S0J,E,2025-08-01,2025,Single Detached,212.2,One storey,1981,B1,1,2.4252,12710.1,12.71,53750.2,14930.7,101264.1,28129.1,14930.7,0.0,0.0,0.0,0.0,213732656,Air,,23873.6,T,10.55,3.42,2.0,,,102.0,,,ESTAR,Mini-split ductless,2.93,Baseboard/Hydronic/Plenum(duct) htrs.,Electricity,Wood fireplace,Mixed Wood,Yes,SENVILLE,SENA-36HF-MOB,,36000,27400,37000,2.00,10.9,22.4,Yes,10.551,10.844,0.83,0.853
5438286,SK,S7M,E,2025-11-01,2025,Single Detached,222.2,Two storeys,1950,B1;B2;C1;F1,1,4.578,17507.8,17.508,43480.7,12078.1,113436.1,31510.3,12078.2,6960.1,0.0,0.0,0.0,211644151,Air,Coils Only,17013.4,T,10.55,3.02,1.8,7.0,15.2,72.0,0.0,0.0,,Coils Only,2.79,Condensing furnace,Natural Gas,,,Yes,GREE,GUD36W/A-D(U),GCAT36*/NAA,36000,23200,26000,1.80,8.5,15.2,Yes,10.551,7.62,0.603,0.435
5439702,SK,S7K,E,2025-12-01,2025,Single Detached,111.6,Two storeys,1925,B1;C1;F1,1,8.0441,15892.0,15.892,33000.9,9167.0,109059.5,30294.5,9167.0,5267.5,0.0,0.0,0.0,212361759,Air,Central split system,13141.9,T,7.33,3.35,1.95,7.7,16.5,80.0,0.0,0.0,,Central split system,3.2,Condensing furnace,Natural Gas,Toe-space heaters,Electricity,Yes,MOOVAIR,DMA24HOS20230E7,CUB24HAC20BWT7A,25000,21000,20000,1.95,9.5,16.5,Yes,7.327,5.861,0.461,0.369
5447097,SK,S7M,E,2025-12-01,2025,Single Detached,156.1,Two storeys,1946,B1,1,0.7658,4029.9,4.03,5942.8,1650.8,60095.1,16693.2,1650.8,932.2,0.0,0.0,0.0,212361758,Air,,9205.7,T,5.57,3.3,2.2,,,78.0,,,,Central split system,3.07,Condensing furnace,Natural Gas,,,Yes,MOOVAIR,DMA18HOS20230E7,CUB24HAC20BWT7A,19000,14700,15000,2.20,9.5,16.1,Yes,5.568,4.396,1.382,1.091
5448821,SK,S7H,E,2025-06-01,2025,Single Detached,185.9,Split level,1958,B1;B2;P1,1,5.4144,37325.6,37.326,28725.7,7979.4,301926.9,83869.3,7979.5,60822.7,0.0,0.0,0.0,212981712,Air,,7735.3,T,7.68,3.61,1.96,,,90.0,,,,Central split system,3.21,Condensing furnace,Natural Gas,,,Yes,CARRIER,38MURAQ24AB3*,CAP**3017AL*,25800,18900,24000,2.00,8.5,16.5,No,7.561,7.034,0.203,0.188
5455301,SK,S7N,E,2025-06-01,2025,Single Detached,279.4,Two storeys,1990,B1;B2,1,2.8414,16171.0,16.171,26510.1,7364.0,111509.1,30975.0,7363.9,8956.5,0.0,0.0,0.0,211799235,Air,Central split system,11785.0,F,0.0,4.612,0.0,0.0,0.0,0.0,7.9,20.0,ESTAR,Central split system,3.831,Condensing furnace,Natural Gas,,,Yes,LENNOX,EL22XPV-036-230A**,C35-48C+TDR+TXV,33800,22400,18600,2.24,9,20,No,9.906,5.451,0.613,0.337
5459773,SK,S9V,E,2025-10-01,2025,Single Detached,223.5,One storey,2005,B1,1,3.0271,11022.0,11.022,15185.8,4218.3,95636.3,26565.9,4218.4,6677.3,0.0,0.0,0.0,214624039,Air,Central split system,10140.3,F,0.0,4.563,0.0,0.0,0.0,0.0,7.8,14.2,ESTAR,Central split system,3.134,Induced draft fan furnace,Natural Gas,,,Yes,LENNOX,ML17XP1-036-230A**,CK40CT-36B-0*+TDR,34600,22600,17800,2.06,7.8,14.7,No,10.14,5.217,0.92,0.473
1070608,SK,S7J,E,2025-11-01,2025,Single Detached,254.8,One storey,1980,B1,1,3.0439,11426.4,11.426,14175.0,3937.5,104141.3,28928.4,3937.5,9380.9,0.0,0.0,0.0,215434179,Air,Central split system,10300.6,T,10.26,3.14,2.0,6.8,18.5,81.0,0.0,0.0,ESTAR,Central split system,3.08,Condensing furnace,Natural Gas,Wood fireplace,Mixed Wood,Yes,AMANA,AZV7SA3610A*,CA*EA4830*3A*,35000,22000,28400,2.00,8.5,18.5,Yes,10.257,8.323,0.898,0.728
5489140,SK,S7S,E,2025-06-01,2025,Single Detached,179.9,One storey,1996,B1,1,3.8508,12041.2,12.041,29631.0,8230.9,98695.9,27415.7,8230.9,3474.2,0.0,0.0,0.0,206249117,Air,Central split system,18619.9,T,10.26,3.0,1.8,7.0,16.0,80.0,0.0,0.0,,Central split system,2.93,Condensing furnace,Natural Gas,Fireplace with spark ignit. (sealed),Natural Gas,Yes,GREE,GUD36W/A-D(U),GUD36AH2/A-D(U),35000,29000,28000,1.80,9,16,Yes,10.257,8.206,0.852,0.681
5497725,SK,S0K,E,2025-08-01,2025,Single Detached,194.5,One storey,1976,B1,1,3.2086,12002.2,12.002,14917.6,4143.8,101205.1,28112.8,4143.9,8056.7,0.0,0.0,0.0,211239921,Air,Central single package system,7209.5,T,7.21,2.998,1.8,0.0,0.0,83.0,0.0,0.0,ESTAR,Central single package system,2.578,Condensing furnace,Natural Gas,,,Yes,CARRIER,38MURAQ24AB3*,CAP**3717AL*,25600,18900,21400,1.80,8.5,16.5,No,7.503,6.272,0.625,0.523
5499788,SK,S7H,E,2025-10-01,2025,Single Detached,199.7,One storey,1978,B1;B2,1,2.4808,11101.6,11.102,28189.7,7830.5,92398.2,25666.4,7830.6,3977.8,0.0,0.0,0.0,213369235,Air,Coils Only,9996.4,T,9.09,3.1,1.8,6.6,15.2,80.0,0.0,0.0,ESTAR,Coils Only,2.56,Condensing furnace,Natural Gas,,,Yes,JANITROL,,,,,,,,15.2,,,,,
5504379,SK,S0G,E,2025-11-01,2025,Single Detached,170.9,One storey,1984,B1,1,2.9746,10075.0,10.075,11706.8,3251.9,77305.2,21473.8,3252.0,5970.9,0.0,0.0,0.0,214505208,Air,Central split system,6740.6,T,6.74,4.175,2.0,7.0,17.0,70.0,7.0,17.0,ESTAR,Central split system,3.471,Condensing furnace,Natural Gas,,,Yes,DAIKIN,DZ6VSA241EA*,CA*EA2422*4B*,23000,16000,16100,2.00,8.6,17,Yes,6.741,4.718,0.669,0.468
5509165,SK,S7K,E,2025-09-01,2025,Single Detached,192.1,Split entry/Raised base.,1978,B1;P1,1,4.0528,10807.1,10.807,24679.4,6855.4,94941.0,26372.7,6855.3,4085.3,0.0,0.0,0.0,212361759,Air,Central single package system,13141.9,T,7.33,3.35,1.95,7.7,16.5,80.0,0.0,0.0,,Central single package system,3.2,Condensing furnace,Natural Gas,Wood fireplace,Mixed Wood,Yes,MOOVAIR,DMA24HOS20230E7,CUB24HAC20BWT7A,25000,21000,20000,1.95,9.5,16.5,Yes,7.327,5.861,0.678,0.542
5519192,SK,S7N,N,2025-04-01,2025,Single Detached,380.3,Two storeys,2024,B1,1,1.3818,11350.5,11.35,13523.2,3756.5,71069.5,19741.7,3756.4,7390.9,0.0,0.0,0.0,214075515,Air,Central split system,6623.4,T,6.62,4.563,2.0,7.8,18.0,74.0,7.8,18.0,ESTAR,Central split system,3.591,Condensing furnace,Natural Gas,Wood fireplace,Mixed Wood,Yes,RHEEM,RD17AZ24AJ3N,RCFZ2417MTANM,24000,19000,16900,2.00,9.5,18,Yes,7.034,4.953,0.62,0.436
5540680,SK,S0A,E,2025-11-01,2025,Single Detached,251.6,One storey,1961,B1;B2;C1;F1,1,3.0256,17565.7,17.566,16822.1,4672.8,132032.6,36676.0,4672.8,16843.5,0.0,0.0,0.0,214606573,Air,Central split system,9378.3,T,9.38,4.903,2.0,8.5,15.2,72.0,8.5,15.2,ESTAR,Central split system,3.255,Condensing furnace,Natural Gas,Wood fireplace,Mixed Wood,Yes,YORK,HH836E2S11,CTF36B5CDS1,32000,27800,23200,2.00,8.5,15.2,Yes,9.378,6.799,0.534,0.387
5542165,SK,S0G,D,2025-06-01,2025,Single Detached,293.8,One storey,1980,B1;P1;P2,1,2.9779,12005.0,12.005,37577.2,10438.2,82174.3,22826.4,10438.1,0.0,0.0,0.0,0.0,8071537,Air,Ductless Mini- or Multi-split system,16968.2,T,10.67,3.46,1.95,6.7,19.0,69.0,0.0,0.0,,Ductless Mini- or Multi-split system,2.72,Baseboard/Hydronic/Plenum(duct) htrs.,Electricity,Wood fireplace,Mixed Wood,Yes,FUJITSU,AOU36RLXFZ1,,36000,21400,22600,1.82,9,19,No,10.551,6.623,0.879,0.552
5544196,SK,S7K,E,2025-07-01,2025,Single Detached,204.1,Split level,1979,B1;B2;P1,1,3.5212,12083.8,12.084,28211.6,7836.6,97563.2,27101.1,7836.7,3910.0,0.0,0.0,0.0,212361759,Air,Central split system,12184.1,T,7.33,3.19,1.95,0.0,0.0,80.0,0.0,0.0,,Central split system,3.2,Condensing furnace,Natural Gas,Wood fireplace,Mixed Wood,Yes,MOOVAIR,DMA24HOS20230E7,CUB24HAC20BWT7A,25000,21000,20000,1.95,9.5,16.5,Yes,7.327,5.861,0.606,0.485
5537909,SK,S0J,E,2025-09-01,2025,Single Detached,288.1,Two storeys,1992,B1;B2,1,2.2555,18722.4,18.722,83001.0,23056.0,130036.6,36121.6,23056.0,0.0,0.0,0.0,0.0,215735317,Air,Ductless Mini- or Multi-split system,23702.7,T,10.55,3.6,2.0,8.5,23.0,100.0,0.0,0.0,ESTAR,Ductless Mini- or Multi-split system,3.15,Baseboard/Hydronic/Plenum(duct) htrs.,Electricity,Other (describe),Mixed Wood,Yes,SENVILLE,SENA-36HF-MOA,,36000,38000,36000,2.00,10.7,23,Yes,10.551,10.551,0.564,0.564
5554281,SK,S0G,N,2025-07-01,2025,Apartment,1838.3,Three storeys,2025,B1,12,0.67,31409.6,31.41,95353.8,26487.4,433758.4,120489.4,26487.4,0.0,0.0,0.0,0.0,208447824,Air,Ductless Mini- or Multi-split system,63914.4,T,3.52,3.04,1.81,6.9,0.0,67.0,0.0,0.0,,Ductless Mini- or Multi-split system,2.56,Baseboard/Hydronic/Plenum(duct) htrs.,Electricity,Baseboard/Hydronic/Plenum(duct) htrs,Electricity,Yes,CARRIER,38MHRCQ12AA3,40MHHAQ12XA3,12000,7000,8000,1.79,9.2,21.4,No,3.517,2.345,0.112,0.075
5554281,SK,S0G,P,2025-07-01,2025,Apartment,1838.3,Three storeys,2025,B1,12,1.5,39658.1,39.658,124775.0,34660.0,460623.7,127952.1,34660.0,0.0,0.0,0.0,0.0,208447824,Air,Ductless Mini- or Multi-split system,63914.4,T,3.52,3.04,1.81,6.9,0.0,67.0,0.0,0.0,,Ductless Mini- or Multi-split system,2.56,Baseboard/Hydronic/Plenum(duct) htrs.,Electricity,Baseboard/Hydronic/Plenum(duct) htrs,Electricity,Yes,CARRIER,38MHRCQ12AA3,40MHHAQ12XA3,12000,7000,8000,1.79,9.2,21.4,No,3.517,2.345,0.089,0.059
5554302,SK,S0G,N,2025-07-01,2025,Apartment,1838.3,Three storeys,2025,B1,12,0.73,32550.3,32.55,99914.6,27754.3,437730.9,121592.9,27754.4,0.0,0.0,0.0,0.0,208447824,Air,Ductless Mini- or Multi-split system,63914.4,T,3.52,3.04,1.81,6.9,0.0,67.0,0.0,0.0,,Ductless Mini- or Multi-split system,2.56,Baseboard/Hydronic/Plenum(duct) htrs.,Electricity,Baseboard/Hydronic/Plenum(duct) htrs,Electricity,Yes,CARRIER,38MHRCQ12AA3,40MHHAQ12XA3,12000,7000,8000,1.79,9.2,21.4,No,3.517,2.345,0.108,0.072
5554302,SK,S0G,P,2025-07-01,2025,Apartment,1838.3,Three storeys,2025,B1,12,1.5,39658.1,39.658,124775.0,34660.0,460623.7,127952.1,34660.0,0.0,0.0,0.0,0.0,208447824,Air,Ductless Mini- or Multi-split system,63914.4,T,3.52,3.04,1.81,6.9,0.0,67.0,0.0,0.0,,Ductless Mini- or Multi-split system,2.56,Baseboard/Hydronic/Plenum(duct) htrs.,Electricity,Baseboard/Hydronic/Plenum(duct) htrs,Electricity,Yes,CARRIER,38MHRCQ12AA3,40MHHAQ12XA3,12000,7000,8000,1.79,9.2,21.4,No,3.517,2.345,0.089,0.059
5555773,SK,S7N,N,2025-08-01,2025,Single Detached,394.7,Two storeys,2025,B1,1,0.8348,9876.5,9.876,11471.2,3186.5,66436.5,18454.7,3186.4,7408.4,0.0,0.0,0.0,214075515,Air,Central split system,6623.4,T,6.62,4.563,2.0,7.8,18.0,74.0,7.8,18.0,ESTAR,Central split system,3.591,Condensing furnace,Natural Gas,Fireplace with spark ignit. (unsealed),Natural Gas,Yes,RHEEM,RD17AZ24AJ3N,RCFZ2417MTANM,24000,19000,16900,2.00,9.5,18,Yes,7.034,4.953,0.712,0.501
5555773,SK,S7N,P,2024-08-01,2024,Single Detached,394.7,Two storeys,2025,B1,1,0.83,9868.7,9.869,11468.2,3185.6,66407.1,18446.6,3185.6,7400.9,0.0,0.0,0.0,214075515,Air,Central split system,6623.4,T,6.62,4.563,2.0,7.8,18.0,74.0,7.8,18.0,ESTAR,Central split system,3.591,Condensing furnace,Natural Gas,Fireplace with spark ignit. (unsealed),Natural Gas,Yes,RHEEM,RD17AZ24AJ3N,RCFZ2417MTANM,24000,19000,16900,2.00,9.5,18,Yes,7.034,4.953,0.713,0.502
5557885,SK,S0P,D,2025-07-01,2025,Single Detached,129.8,One storey,1960,B1;C1;F1,1,5.5477,13407.4,13.407,53752.2,14931.3,99160.5,27544.8,14931.2,0.0,0.0,0.0,0.0,211749871,Air,Ductless Mini- or Multi-split system,11680.0,T,10.26,3.24,1.8,8.0,19.5,98.0,0.0,0.0,ESTAR,Ductless Mini- or Multi-split system,3.34,Electric furnace,Electricity,,,Yes,SENVILLE,SENA-33HF-OQ,SENA-33HF-IQ,35000,28800,34600,1.80,10,19.5,Yes,10.257,10.14,0.765,0.756
5558548,SK,S0G,N,2025-08-01,2025,Single Detached,248.2,One storey,2025,B1,1,0.4011,5895.0,5.895,7919.6,2199.9,62044.2,17234.6,2200.0,3370.3,0.0,0.0,0.0,210365428,Air,Central split system,6740.6,T,6.74,4.66,2.08,8.0,15.2,93.0,8.0,15.2,,Central split system,3.255,Condensing heater,Natural Gas,,,Yes,Dettson,MHD-24,MHD-CC2.0-17.5-M,24600,22000,23000,2.08,9.8,15.2,Yes,7.21,6.741,1.223,1.143
5558548,SK,S0G,P,2025-08-01,2025,Single Detached,248.2,One storey,2025,B1,1,0.6,6220.6,6.221,9835.7,2732.2,61959.4,17211.1,2732.2,2835.9,0.0,0.0,0.0,210365428,Air,Central split system,6740.6,T,6.74,4.66,2.08,8.0,15.2,93.0,8.0,15.2,,Central split system,3.255,Condensing heater,Natural Gas,,,Yes,Dettson,MHD-24,MHD-CC2.0-17.5-M,24600,22000,23000,2.08,9.8,15.2,Yes,7.21,6.741,1.159,1.084
5561609,SK,S7R,E,2025-11-01,2025,Single Detached,209.1,One storey,2016,B1;B2;B3;P1,1,1.4544,8453.7,8.454,15892.0,4414.5,79290.3,22025.3,4414.5,3403.6,0.0,0.0,0.0,214075433,Air,Central split system,10163.7,T,6.56,3.87,2.0,7.8,17.0,76.0,0.0,0.0,,Central split system,3.0,Condensing furnace,Natural Gas,,,Yes,SURE,RD17AZ24AJ3N,TCFZ2417MTANM,24000,19000,16900,2.00,9.5,17,Yes,7.034,4.953,0.832,0.586
5563119,SK,S0K,E,2025-08-01,2025,Single Detached,133.9,One storey,1930,B1;B2,1,2.0526,7790.3,7.79,20278.3,5632.9,69329.6,19258.4,5632.8,2301.1,0.0,0.0,0.0,212404695,Air,Central split system,14025.2,T,7.33,3.34,1.82,6.7,17.0,86.0,0.0,0.0,,Central split system,2.93,Condensing furnace,Natural Gas,,,Yes,NAPOLEON,WSEHV2436RA1-N,"H,DE33(6,9)36",24000,15000,17500,1.80,8.5,17,No,7.034,5.129,0.903,0.658
5519192,SK,S7N,D,2025-09-01,2025,Single Detached,380.3,Two storeys,2024,B1,1,1.3818,11350.5,11.35,13494.8,3748.6,70658.0,19627.4,3748.6,7293.1,0.0,0.0,0.0,214075515,Air,Central split system,6623.4,T,6.62,4.563,2.0,7.8,18.0,74.0,7.8,18.0,ESTAR,Central split system,3.591,Condensing furnace,Natural Gas,Wood fireplace,Mixed Wood,Yes,RHEEM,RD17AZ24AJ3N,RCFZ2417MTANM,24000,19000,16900,2.00,9.5,18,Yes,7.034,4.953,0.62,0.436
5577487,SK,S0A,D,2025-09-01,2025,Single Detached,338.5,Two storeys,2018,C1;F1,1,0.4463,11512.0,11.512,23386.8,6496.4,80296.4,22304.7,6496.4,0.0,0.0,3250.6,0.0,8858355,Air,Ductless Mini- or Multi-split system,11275.9,T,8.21,3.33,1.97,0.0,0.0,60.0,0.0,0.0,,Ductless Mini- or Multi-split system,2.88,Condensing heater,Propane,Advanced airtight wood stove,Mixed Wood,Yes,SENVILLE,SENA/30HF/MOZ,,28000,17200,,,9.2,23,No,8.206,,0.713,
5544196,SK,S7K,D,2025-07-01,2025,Single Detached,204.1,Split level,1979,B1;B2;P1,1,3.5212,12083.7,12.084,28211.6,7836.6,97563.2,27101.1,7836.7,3910.0,0.0,0.0,0.0,212361759,Air,Central split system,12184.1,T,7.33,3.19,1.95,0.0,0.0,80.0,0.0,0.0,,Central split system,3.2,Condensing furnace,Natural Gas,Wood fireplace,Mixed Wood,Yes,MOOVAIR,DMA24HOS20230E7,CUB24HAC20BWT7A,25000,21000,20000,1.95,9.5,16.5,Yes,7.327,5.861,0.606,0.485
5004452,SK,S7H,E,2025-12-01,2025,Single Detached,131.2,Two storeys,1950,B1;B2,1,8.2251,15738.9,15.739,38552.9,10709.2,115653.4,32126.2,10709.3,6253.9,0.0,0.0,0.0,217287926,Air,Central split system,17013.4,T,10.55,3.02,1.8,7.0,15.2,72.0,0.0,0.0,,Central split system,2.79,Condensing furnace,Natural Gas,,,Yes,GREE,WLUD36W/A-D(U),WLCAT36F/NAA,36000,23200,26000,1.80,8.5,15.2,No,10.551,7.62,0.67,0.484
5594645,SK,S7H,N,2025-11-01,2025,Detached Duplex,239.4,Two storeys,2025,B1;B2,2,0.7842,8279.1,8.279,20163.1,5600.9,87328.2,24258.0,5600.9,1858.1,0.0,0.0,0.0,211497146,Air,Central split system,12368.5,T,8.38,3.26,1.76,6.0,15.2,56.0,0.0,0.0,,Central split system,3.05,Condensing furnace,Natural Gas,Baseboard/Hydronic/Plenum(duct) htrs,Electricity,Yes,KINGHOME,KD30UHO,KD30UHI,28600,23800,16100,1.76,7.8,15.2,No,8.382,4.718,1.012,0.57
5594645,SK,S7H,P,2024-12-01,2024,Detached Duplex,239.4,Two storeys,2025,B1;B2,2,0.81,8278.7,8.279,20134.8,5593.0,87300.2,24250.2,5593.1,1857.0,0.0,0.0,0.0,211497146,Air,Central split system,12368.5,T,8.38,3.26,1.76,6.0,15.2,56.0,0.0,0.0,,Central split system,3.05,Condensing furnace,Natural Gas,Baseboard/Hydronic/Plenum(duct) htrs,Electricity,Yes,KINGHOME,KD30UHO,KD30UHI,28600,23800,16100,1.76,7.8,15.2,No,8.382,4.718,1.012,0.57
5594646,SK,S7H,N,2025-11-01,2025,Detached Duplex,238.8,Two storeys,2025,B1;B2,2,0.7405,8107.5,8.108,19634.1,5454.0,86696.7,24082.6,5453.9,1804.5,0.0,0.0,0.0,211497146,Air,Central split system,12368.5,T,8.38,3.26,1.76,6.0,15.2,56.0,0.0,0.0,,Central split system,3.05,Condensing furnace,Natural Gas,Baseboard/Hydronic/Plenum(duct) htrs,Electricity,Yes,KINGHOME,KD30UHO,KD30UHI,28600,23800,16100,1.76,7.8,15.2,No,8.382,4.718,1.034,0.582
5594646,SK,S7H,P,2024-12-01,2024,Detached Duplex,238.8,Two storeys,2025,B1;B2,2,0.78,8199.6,8.2,19932.9,5537.0,87079.0,24188.8,5537.0,1834.2,0.0,0.0,0.0,211497146,Air,Central split system,12368.5,T,8.38,3.26,1.76,6.0,15.2,56.0,0.0,0.0,,Central split system,3.05,Condensing furnace,Natural Gas,Baseboard/Hydronic/Plenum(duct) htrs,Electricity,Yes,KINGHOME,KD30UHO,KD30UHI,28600,23800,16100,1.76,7.8,15.2,No,8.382,4.718,1.022,0.575
5596469,SK,S4V,N,2025-12-01,2025,Detached Duplex,225.4,Two storeys,2025,B1,2,1.0555,9582.5,9.582,15403.2,4278.7,97808.3,27169.2,4278.6,6880.6,0.0,0.0,0.0,211164221,Air,Ductless Mini- or Multi-split system,5721.6,T,3.52,3.16,1.81,7.2,17.5,70.0,0.0,0.0,,Ductless Mini- or Multi-split system,2.6,Condensing furnace,Natural Gas,Fireplace with pilot (unsealed),Natural Gas,Yes,TOSOT,TW12HXCA5DO,TW12HXCA5DI,12000,9700,8500,1.80,8.5,17.5,Yes,3.517,2.491,0.367,0.26
5596469,SK,S4V,P,2025-03-01,2025,Detached Duplex,225.4,Two storeys,2025,B1,2,1.12,11955.4,11.955,16379.2,4549.8,107218.3,29783.1,4549.8,9268.7,0.0,0.0,0.0,211164221,Air,Ductless Mini- or Multi-split system,5721.6,T,3.52,3.16,1.81,7.2,17.5,70.0,0.0,0.0,,Ductless Mini- or Multi-split system,2.6,Condensing furnace,Natural Gas,Fireplace with pilot (unsealed),Natural Gas,Yes,TOSOT,TW12HXCA5DO,TW12HXCA5DI,12000,9700,8500,1.80,8.5,17.5,Yes,3.517,2.491,0.294,0.208
5082412,SK,S0G,E,2025-12-01,2025,Single Detached,288.1,One storey,1973,B1;B2;B3;B4;B5;B6,1,1.5233,13218.5,13.218,24597.5,6832.7,68402.9,19001.0,6832.6,0.0,0.0,0.0,0.0,213154476,Ground,,13500.0,F,0.0,3.8,0.0,,,0.0,,,C448,Conventional A/C,5.66,Electric furnace,Electricity,Advanced airtight wood stove,Mixed Wood,No,,,,,,,,,,,,,,
5363780,SK,S7M,E,2025-12-01,2025,Double/Semi-detached,348.0,One storey,2020,B1,1,0.601,9917.9,9.918,17986.9,4996.4,85441.6,23734.0,4996.4,3040.3,0.0,0.0,0.0,203025011,Air,,11432.6,T,7.03,3.31,1.9,,,72.0,,,,Central split system,3.37,Condensing furnace,Natural Gas,,,Yes,BOSCH,BOVA-36HDN1-M20G,BMA*2430BNTD,24000,20000,17400,1.90,9,18.5,No,7.034,5.099,0.709,0.514
5364049,SK,S7M,E,2025-12-01,2025,Double/Semi-detached,348.0,One storey,2020,B1,1,0.5373,12143.7,12.144,24935.2,6926.5,100317.6,27866.2,6926.4,5149.5,0.0,0.0,0.0,203025011,Air,Central split system,11432.6,T,7.03,3.31,1.9,0.0,0.0,72.0,0.0,0.0,,Central split system,3.37,Condensing furnace,Natural Gas,,,Yes,BOSCH,BOVA-36HDN1-M20G,BMA*2430BNTD,24000,20000,17400,1.90,9,18.5,No,7.034,5.099,0.579,0.42
5508271,SK,S0L,E,2025-11-01,2025,Single Detached,203.9,One storey,1979,B1;B2;B3,1,1.922,10952.2,10.952,19273.4,5353.8,100288.3,27858.1,5353.7,0.0,5177.3,0.0,5171.2,207583040,Air,Central split system,8068.2,T,6.92,3.68,2.16,0.0,0.0,51.0,0.0,0.0,ESTAR,Central split system,3.64,Mid-efficiency furnace (no dil. air),Oil,Wood furnace,Mixed Wood,Yes,LENNOX,EL18XPV-024-230A**,CX35-30/36C+TDR,23600,15400,12100,2.16,7.8,19.4,No,6.916,3.546,0.632,0.324
374755,SK,S7L,E,2025-12-01,2025,Single Detached,228.1,One and a half,1913,B1;C1;C2;F1;F2,1,6.4936,24335.1,24.335,56882.8,15800.9,147519.0,40977.8,15801.0,12344.3,0.0,0.0,0.0,216623454,Air,Coils Only,20033.8,T,8.79,3.26,1.85,8.2,16.0,106.0,0.0,0.0,,Coils Only,2.82,Condensing heater,Natural Gas,Furnace/Boiler w/ spark ignition,Natural Gas,Yes,MOOVAIR,MSHMA30R2AN1,GCHMA36RBAS1,30000,25000,32000,1.85,9.6,16,Yes,8.792,9.378,0.361,0.385
5582236,SK,S7H,E,2025-12-01,2025,Single Detached,168.8,One storey,1964,B1,1,3.19,11520.2,11.52,20291.7,5636.6,83709.0,23252.7,5636.7,3659.5,0.0,0.0,0.0,214075462,Air,Central split system,11070.5,T,6.62,3.96,2.0,7.8,18.0,74.0,0.0,0.0,,Central split system,3.08,Condensing furnace,Natural Gas,,,Yes,RUUD,RD17AZ24AJ3N,RCFZ2417MTANM,24000,19000,16900,2.00,9.5,18,Yes,7.034,4.953,0.611,0.43
5599147,SK,S7H,E,2025-12-01,2025,Single Detached,385.1,One storey,1969,B1;C1;F1,1,2.3265,18623.9,18.624,52797.4,14666.1,132055.2,36682.3,14666.0,6460.1,0.0,0.0,0.0,216623456,Air,Central split system,20853.2,T,10.55,3.05,1.9,7.9,15.8,100.0,0.0,0.0,,Central split system,2.66,Condensing furnace,Natural Gas,Fireplace with spark ignit. (sealed),Natural Gas,Yes,MOOVAIR,MSHMB36R2AN1,GCHMA36RBAS1,38000,29200,36000,1.90,9.4,15.8,Yes,11.137,10.551,0.598,0.567
5599237,SK,S7V,N,2025-12-01,2025,Single Detached,368.8,One storey,2025,B1;B2;B3,1,0.826,12610.4,12.61,32367.2,8991.0,94539.0,26261.0,8990.9,3723.4,0.0,0.0,0.0,213785344,Air,Central split system,19138.7,T,11.43,3.28,1.94,7.0,18.0,74.0,0.0,0.0,,Central split system,3.94,Condensing furnace,Natural Gas,Other (describe),Electricity,Yes,CARRIER,25VNA436A*031*,CAP**3617AL*+UI,39000,32800,27200,1.92,8.5,18,No,11.43,7.972,0.906,0.632
5599237,SK,S7V,P,2025-02-01,2025,Single Detached,368.8,One storey,2025,B1;B2;B3,1,0.94,13353.0,13.353,33789.7,9386.1,97252.1,27014.7,9386.2,4099.8,0.0,0.0,0.0,213785344,Air,Central split system,19138.7,T,11.43,3.28,1.94,7.0,18.0,74.0,0.0,0.0,,Central split system,3.94,Condensing furnace,Natural Gas,Other (describe),Electricity,Yes,CARRIER,25VNA436A*031*,CAP**3617AL*+UI,39000,32800,27200,1.92,8.5,18,No,11.43,7.972,0.856,0.597
5599245,SK,S7T,N,2025-12-01,2025,Single Detached,359.1,One storey,2025,B1;B2,1,0.4253,9779.6,9.78,19000.8,5278.0,82018.7,22783.2,5278.1,3644.8,0.0,0.0,0.0,215487301,Air,Central split system,9454.8,T,6.8,3.61,2.1,6.8,18.0,61.0,0.0,0.0,,Central split system,3.0,Condensing furnace,Natural Gas,Other (describe),Electricity,Yes,GOODMAN,GZV6SA2410A*,CA*EA3022*3A*,23200,14600,14200,2.10,8.5,18,No,6.799,4.162,0.695,0.426
5599245,SK,S7T,P,2025-04-01,2025,Single Detached,359.1,One storey,2025,B1;B2,1,0.51,9691.1,9.691,19033.7,5287.2,81880.2,22744.7,5287.3,3602.3,0.0,0.0,0.0,215487301,Air,Central split system,9454.8,T,6.8,3.61,2.1,6.8,18.0,61.0,0.0,0.0,,Central split system,3.0,Condensing furnace,Natural Gas,Other (describe),Electricity,Yes,GOODMAN,GZV6SA2410A*,CA*EA3022*3A*,23200,14600,14200,2.10,8.5,18,No,6.799,4.162,0.702,0.429
5377823,SK,S0A,E,2026-05-01,2026,Single Detached,181.7,One storey,1962,B1;B2,1,1.5799,8232.4,8.232,28079.1,7799.8,74864.8,20795.9,7799.8,0.0,0.0,0.0,0.0,217299118,Air,,8067.7,T,7.91,3.73,2.14,,,94.0,,,,Central split system,3.09,Electric furnace,Electricity,,,Yes,,,,,,,,,,,,,,
5432076,SK,S0J,E,2026-02-01,2026,Single Detached,169.5,One storey,1984,B1,1,3.1239,11401.5,11.402,11151.9,3097.8,104186.8,28941.0,3097.8,10472.3,0.0,0.0,0.0,215710851,Air,Central split system,7033.7,F,0.0,4.563,0.0,0.0,0.0,0.0,7.8,15.2,ESTAR,Central split system,3.255,Condensing furnace,Natural Gas,,,Yes,DUCANE,7HP14F24P-**A,"7E[C,U]24BX-**+TDR",22200,14500,11000,2.04,7.8,15.2,No,6.506,3.224,0.571,0.283
5432078,SK,S0J,E,2025-10-01,2025,Mobile Home,94.1,One storey,2019,C1;F1,1,3.7079,6170.9,6.171,6703.7,1862.2,62775.1,17437.7,1862.2,0.0,0.0,2464.2,0.0,213386537,Air,Ductless Mini- or Multi-split system,7033.7,T,8.5,5.242,1.81,9.2,21.5,87.0,9.2,21.5,ESTAR,Ductless Mini- or Multi-split system,4.012,Condensing furnace,Propane,,,Yes,CONTINENTAL,CDHAS26-24-O,CDHAS26-24-I,29000,21200,25000,2.21,11.4,21.5,Yes,8.499,7.327,1.377,1.187
5447272,SK,S7N,E,2026-02-01,2026,Single Detached,164.7,One storey,1948,B1;B2,1,5.0747,15726.6,15.727,34743.2,9651.0,113301.9,31473.0,9650.9,6287.6,0.0,0.0,0.0,212361759,Air,,12184.1,T,0.73,2.92,1.95,,,80.0,,,,Central split system,1.796,Condensing furnace,Natural Gas,,,Yes,MOOVAIR,DMA24HOS20230E7,CUB24HAC20BWT7A,25000,21000,20000,1.95,9.5,16.5,Yes,7.327,5.861,0.466,0.373
5449979,SK,S6V,E,2026-02-01,2026,Single Detached,185.7,One storey,1979,B1,1,1.7472,10249.0,10.249,17524.0,4867.8,86834.5,24120.9,4867.8,3588.6,0.0,0.0,0.0,212361758,Air,Coils Only,9963.0,T,5.57,3.71,2.2,7.8,16.1,78.0,0.0,0.0,ESTAR,Coils Only,3.07,Condensing furnace,Natural Gas,,,Yes,MOOVAIR,DMA18HOS20230E7,CUB24HAC20BWT7A,19000,14700,15000,2.20,9.5,16.1,Yes,5.568,4.396,0.543,0.429
5493183,SK,S7K,E,2026-06-01,2026,Single Detached,178.6,One and a half,1976,B1;B2,1,7.7068,19325.9,19.326,70767.0,19657.7,124912.1,34698.1,19657.7,1794.5,0.0,0.0,0.0,207641335,Air,Ductless Mini- or Multi-split system,16834.3,T,10.84,3.12,1.83,7.1,23.9,69.0,0.0,0.0,ESTAR,Ductless Mini- or Multi-split system,2.79,Baseboard/Hydronic/Plenum(duct) htrs.,Electricity,Fireplace with pilot (unsealed),Natural Gas,Yes,SENVILLE,SENA/36HF/MOQ,,37000,26800,25200,1.80,9.5,23.9,No,10.844,7.385,0.561,0.382
5523347,SK,S0K,E,2026-04-01,2026,Single Detached,237.4,One storey,1900,B1;C1;F1,1,4.639,15478.7,15.479,41333.5,11481.6,112426.1,31229.7,11481.5,0.0,0.0,6514.5,0.0,207683232,Air,Ductless Mini- or Multi-split system,12991.5,T,7.62,3.67,2.22,6.3,0.0,75.0,0.0,0.0,,Ductless Mini- or Multi-split system,3.14,Condensing furnace,Propane,Baseboard/Hydronic/Plenum(duct) htrs,Electricity,Yes,NAPOLEON,NDHAS22-24-O,NDHAS22-24-I,26000,17400,16700,1.90,8.5,21,No,7.62,4.894,0.492,0.316
1059131,SK,S4P,E,2026-05-01,2026,Single Detached,157.7,Two storeys,1920,B1,1,7.9256,31491.2,31.491,36511.5,10142.2,207485.2,57635.2,10142.0,32160.3,0.0,0.0,0.0,212406525,Air,Central split system,7179.4,T,6.56,3.67,2.1,0.0,0.0,107.0,0.0,0.0,,Central split system,3.41,Condensing furnace,Natural Gas,,,Yes,TRANE,4TXD2036A10NU**,"H,TG34930+TD",24000,15800,21200,1.80,8.5,15.2,No,7.034,6.213,0.223,0.197
623122,SK,S4T,E,2026-03-01,2026,Single Detached,132.4,One storey,1988,B1;C1;F1,1,4.7339,8877.1,8.877,21653.0,6014.8,62880.3,17466.9,6014.8,2080.3,0.0,0.0,0.0,217287916,Air,Central split system,18615.2,T,10.26,2.99,1.8,7.4,16.0,80.0,0.0,0.0,,Central split system,2.93,Condensing furnace,Natural Gas,,,Yes,GREE,WLUD36W/A-D(U),WLUD36AH2/A-D(U),35000,29000,28000,1.80,9,16,Yes,10.257,8.206,1.155,0.924
5540679,SK,S7L,E,2026-02-01,2026,Single Detached,155.3,One storey,1967,B1,1,4.5334,10997.9,10.998,10859.6,3016.6,93493.3,25970.6,3016.7,7644.2,0.0,0.0,0.0,212361759,Air,Central split system,7619.8,T,7.33,5.388,1.95,7.7,16.5,71.0,9.5,16.5,ESTAR,Central split system,3.411,Condensing furnace,Natural Gas,,,Yes,MOOVAIR,DMA24HOS20230E7,CUB24HAC20BWT7A,25000,21000,20000,1.95,9.5,16.5,Yes,7.327,5.861,0.666,0.533
5542165,SK,S0G,E,2026-05-01,2026,Single Detached,293.8,One storey,1980,B1;P1;P2,1,3.064,12294.6,12.295,38432.8,10675.9,82995.2,23054.4,10675.9,0.0,0.0,0.0,0.0,8071537,Air,Ductless Mini- or Multi-split system,16968.2,T,10.67,3.46,1.95,6.7,19.0,69.0,0.0,0.0,,Ductless Mini- or Multi-split system,2.72,Baseboard/Hydronic/Plenum(duct) htrs.,Electricity,Wood fireplace,Mixed Wood,Yes,FUJITSU,AOU36RLXFZ1,,36000,21400,22600,1.82,9,19,No,10.551,6.623,0.858,0.539
314631,SK,S0G,E,2026-06-01,2026,Single Detached,259.5,One storey,1999,B1,1,1.5484,10085.0,10.085,32220.3,8950.2,95973.6,26659.5,8950.1,3561.1,0.0,0.0,0.0,211164240,Air,Ductless Mini- or Multi-split system,24008.7,T,7.03,3.31,2.1,8.0,21.0,90.0,0.0,0.0,ESTAR,Ductless Mini- or Multi-split system,3.03,Heater w/ Induced draft fan,Natural Gas,,,Yes,TOSOT,TM24HX4O,,24000,23600,21600,2.10,10,21,Yes,7.034,6.33,0.697,0.628
5546799,SK,S9V,E,2026-04-01,2026,Single Detached,162.5,One storey,1980,B1,1,3.0024,9459.6,9.46,19370.3,5380.7,83775.9,23271.3,5380.6,2818.4,0.0,0.0,0.0,215439717,Air,Central split system,8526.3,T,4.92,3.19,2.1,6.8,19.0,77.0,0.0,0.0,ESTAR,Central split system,3.51,Condensing furnace,Natural Gas,,,Yes,AMANA,AZV6SA1810A*,CA*EA2418*3A*,16800,10800,13000,2.10,8.8,19,Yes,4.924,3.81,0.52,0.403
346461,SK,S0N,E,2026-01-01,2026,Single Detached,173.3,Two storeys,1916,C1;F1,1,13.0745,20914.8,20.915,80910.1,22475.2,129017.5,35838.5,22475.2,0.0,0.0,0.0,0.0,215222780,Air,Ductless Mini- or Multi-split system,8794.5,F,0.0,4.626,0.0,0.0,0.0,0.0,7.93,22.55,ESTAR,Ductless Mini- or Multi-split system,4.138,Baseboard/Hydronic/Plenum(duct) htrs.,Electricity,Advanced airtight wood stove,Mixed Wood,Yes,SAMSUNG,AR18DXFAMWKX,AR18DXFAMWKN,21000,15000,12500,2.09,9,21.5,No,6.154,3.663,0.294,0.175
5611345,SK,S7T,N,2025-11-01,2025,Single Detached,344.0,Two storeys,2025,B1,1,1.1166,10906.2,10.906,25488.1,7080.1,68891.8,19136.8,7080.1,3361.1,0.0,0.0,0.0,214837789,Air,Central split system,17458.5,T,13.33,3.92,2.3,7.1,17.0,57.0,0.0,0.0,ESTAR,Central split system,3.37,Condensing furnace,Natural Gas,Fireplace with spark ignit. (sealed),Natural Gas,Yes,RUUD,RD17AZ48AJ3N,RCFZ4821STAAM,48000,33200,26200,2.30,8.5,17,Yes,14.067,7.678,1.29,0.704
5611345,SK,S7T,P,2025-11-01,2025,Single Detached,344.0,Two storeys,2025,B1,1,1.1166,10906.2,10.906,25488.1,7080.1,68891.8,19136.8,7080.1,3361.1,0.0,0.0,0.0,214837789,Air,Central split system,17458.5,T,13.33,3.92,2.3,7.1,17.0,57.0,0.0,0.0,ESTAR,Central split system,3.37,Condensing furnace,Natural Gas,Fireplace with spark ignit. (sealed),Natural Gas,Yes,RUUD,RD17AZ48AJ3N,RCFZ4821STAAM,48000,33200,26200,2.30,8.5,17,Yes,14.067,7.678,1.29,0.704
5612902,SK,S4S,N,2026-02-01,2026,Single Detached,254.0,Two storeys,2025,B1;B2,1,0.3378,7301.4,7.301,26952.4,7486.8,70037.8,19455.1,7486.7,0.0,0.0,0.0,0.0,213613325,Air,Central split system,13144.8,T,10.14,2.381,1.9,6.6,16.3,56.0,3.3,2.55,,Central split system,1.734,Electric furnace,Electricity,Other (describe),Electricity,Yes,DAIKIN,DZ6VSA3610A*,DFVE42CP1400B*,34600,22400,19700,1.90,8.2,16.3,No,10.14,5.774,1.389,0.791
5612902,SK,S4S,P,2025-08-01,2025,Single Detached,254.0,Two storeys,2025,B1;B2,1,0.55,7687.3,7.687,28659.6,7961.1,71483.0,19856.5,7961.2,0.0,0.0,0.0,0.0,213613325,Air,Central split system,13144.8,T,10.14,2.381,1.9,6.6,16.3,56.0,3.3,2.55,,Central split system,1.734,Electric furnace,Electricity,Other (describe),Electricity,Yes,DAIKIN,DZ6VSA3610A*,DFVE42CP1400B*,34600,22400,19700,1.90,8.2,16.3,No,10.14,5.774,1.319,0.751
11943746,SK,S7H,E,2026-05-01,2026,Single Detached,228.9,Split level,1967,B1;B2;P1,1,4.5197,12582.5,12.582,30447.3,8457.7,113421.0,31506.1,8457.6,7150.9,0.0,0.0,0.0,213369385,Air,Central split system,10006.3,T,9.09,2.69,1.8,6.6,15.2,72.0,0.0,0.0,ESTAR,Central split system,2.56,Condensing furnace,Natural Gas,Fireplace with pilot (sealed),Natural Gas,Yes,MOOVAIR,DMA30HOS20230E7,CUB36HAC20BWT7A,31000,19600,22600,1.80,8.5,15.2,Yes,9.085,6.623,0.722,0.526
5636747,SK,S7V,N,2026-05-01,2026,Detached Duplex,200.6,Two storeys,2026,B1,2,1.1643,8458.7,8.459,16635.2,4620.9,87349.1,24263.8,4620.9,3163.6,0.0,0.0,0.0,217299229,Air,Central split system,8500.0,F,0.0,4.903,0.0,0.0,0.0,0.0,8.5,14.5,,Central split system,3.17,Condensing furnace,Natural Gas,Baseboard/Hydronic/Plenum(duct) htrs,Electricity,Yes,,,,,,,,,,,,,,
5636747,SK,S7V,P,2025-10-01,2025,Detached Duplex,200.6,Two storeys,2026,B1,2,1.21,8427.3,8.427,16722.2,4645.1,86888.3,24135.8,4645.0,3008.9,0.0,0.0,0.0,217299229,Air,Central split system,8500.0,F,0.0,4.903,0.0,0.0,0.0,0.0,8.5,14.5,,Central split system,3.17,Condensing furnace,Natural Gas,Baseboard/Hydronic/Plenum(duct) htrs,Electricity,Yes,,,,,,,,,,,,,,
5636757,SK,S7V,N,2026-05-01,2026,Detached Duplex,200.6,Two storeys,2026,B1,2,1.2394,8565.0,8.565,18751.7,5208.8,88696.4,24638.1,5208.9,2955.3,0.0,0.0,0.0,217299229,Air,Central split system,9000.0,F,0.0,4.248,0.0,0.0,0.0,0.0,7.15,14.5,,Central split system,3.17,Condensing furnace,Natural Gas,Baseboard/Hydronic/Plenum(duct) htrs,Electricity,Yes,,,,,,,,,,,,,,
5636757,SK,S7V,P,2025-10-01,2025,Detached Duplex,200.6,Two storeys,2026,B1,2,1.31,8551.8,8.552,18648.2,5180.1,88570.0,24603.0,5180.0,2944.5,0.0,0.0,0.0,217299229,Air,Central split system,9000.0,F,0.0,4.248,0.0,0.0,0.0,0.0,7.15,14.5,,Central split system,3.17,Condensing furnace,Natural Gas,Baseboard/Hydronic/Plenum(duct) htrs,Electricity,Yes,,,,,,,,,,,,,,
56699,SK,S4S,D,2026-05-01,2026,Single Detached,232.0,One storey,1965,B1;C1;F1,1,2.2863,9457.0,9.457,11148.2,3096.7,85621.1,23783.8,3096.7,5187.0,0.0,0.0,0.0,207172962,Air,Central split system,6682.0,F,0.0,4.051,0.0,0.0,0.0,0.0,0.0,0.0,ESTAR,Central split system,3.498,Condensing furnace,Natural Gas,Wood fireplace,Mixed Wood,Yes,DAIKIN,DZ17VSA241B*,CA*EA1818*4A*,22800,14600,,1.99,8.5,17.3,No,6.682,,0.707,
