HOUSEID,PT,FSA,EVALTYPE,ENTRYDATE,AuditYear,TYPEOFHOUSE,FLOORAREA,STOREYS,YEARBUILT,FNDTYPE,NUMDWELLINGUNITS,AIR50P,EGHDESHTLOSS,PeakLoad_kW,EGHFURNACEAEC,HeatEnergy_kWh,EGHFCONTOTAL,TotalEnergy_kWh,HeatElectricity_kWh,HeatNaturalGas_kWh,HeatOil_kWh,HeatPropane_kWh,HeatWood_kWh,AHRI,HPSOURCE,HPEquipType,HPCAP,CCASHP,CCASHPCAP,COP,CCASHPCOP,CCASHPHSPF2,CCASHPSEER2,CCASHPCAPACITYMAINTENANCE,ASHPHSPF2,ASHPSEER2,HPESTAR,AIRCONDTYPE,AIRCOP,FURNACETYPE,FURNACEFUEL,SUPPHTGTYPE1,SUPPHTGFUEL1,Cert_Resolved,Cert_Brand,Cert_Model,Cert_IndoorModel,Cert_Cap47_btuh,Cert_Cap17_btuh,Cert_Cap5_btuh,Cert_COP5,Cert_HSPF2,Cert_SEER2,Cert_ColdClimate,Cert_Cap47_kW,Cert_Cap5_kW,SizingRatio_47F,SizingRatio_5F
657511,MB,R5A,D,2021-09-01,2021,Single Detached,355.5,One storey,1974,B1,1.0,2.4659,19935.3,19.935,34780.2,9661.2,82115.7,22810.1,9661.2,0.0,0.0,0.0,0.0,202541572,Water,,22000.0,f,0.0,5.25,0.0,,,0.0,,,,Conventional A/C,5.25,Baseboard/Hydronic/Plenum(duct) htrs.,Electricity,,,No,,,,,,,,,,,,,,
623367,MB,R3P,D,2021-08-01,2021,Single Detached,252.6,One storey,1992,B1,1.0,4.1754,14779.0,14.779,28786.7,7996.4,83174.3,23104.2,7996.5,2594.7,0.0,0.0,0.0,207200557,Ground,,16500.0,f,0.0,4.0,0.0,,,0.0,,,,Conventional A/C,4.0,Furnace with continuous pilot,Natural Gas,,,No,,,,,,,,,,,,,,
1177999,MB,R0E,E,2021-09-01,2021,Single Detached,530.3,Two storeys,1930,B1;B2;B3;C1;F1,1.0,2.7378,32108.6,32.109,110787.9,30774.7,187369.2,52047.4,30774.7,0.0,0.0,0.0,0.0,5440555,Ground,,16382.7,f,0.0,3.6,0.0,,,0.0,,,C448,Conventional A/C,5.01,Electric furnace,Electricity,Wood fireplace,Mixed Wood,No,,,,,,,,,,,,,,
1910323,MB,R0A,D,2021-09-01,2021,Single Detached,115.9,One storey,1986,C1;F1,1.0,13.3021,23635.3,23.635,55804.6,15501.4,118930.9,33036.6,15501.5,0.0,0.0,0.0,4192.3,8071537,Air,,10316.1,f,0.0,4.314,0.0,,,0.0,,,,Mini-split ductless,3.498,Baseboard/Hydronic/Plenum(duct) htrs.,Electricity,Advanced airtight wood stove,Mixed Wood,Yes,FUJITSU,AOU36RLXFZ1,,36000,21400,22600,1.82,9,19,No,10.551,6.623,0.446,0.28
1893983,MB,R3M,E,2021-09-01,2021,Single Detached,246.5,One storey,1954,B1,1.0,3.041,11282.5,11.282,14879.4,4133.2,87700.0,24361.3,4133.1,7073.1,0.0,0.0,0.0,204297426,Air,,12500.0,f,0.0,4.352,0.0,,,0.0,,,ESTAR,Central split system,3.268,Condensing furnace,Natural Gas,,,Yes,BRYANT HEATING AND COOLING SYSTEMS,288BNV036*0**A*,CNPV*4217AL*+UI,35600,24400,,,9.5,16,No,10.433,,0.925,
1923484,MB,R3G,D,2021-10-01,2021,Single Detached,134.5,Two storeys,1946,B1;B2,1.0,4.3615,12529.7,12.53,12613.0,3503.6,100015.4,27782.3,3503.6,11264.5,0.0,0.0,0.0,201771984,Air,,8206.0,F,0.0,4.126,0.0,,,0.0,,,,Mini-split ductless,4.073,Induced draft fan boiler,Natural Gas,,,Yes,LENNOX,MPB030S4M-1P,,28000,17200,,,9.2,23,No,8.206,,0.655,
5303917,MB,R3C,D,2021-11-01,2021,Single Detached,217.6,Three storeys,1904,B1,1.0,4.3595,16989.3,16.989,78150.3,21708.6,124933.1,34703.9,21708.5,0.0,0.0,0.0,0.0,201953308,Air,,6447.5,F,0.0,4.051,0.0,,,0.0,,,ESTAR,Central split system,3.958,Electric furnace,Electricity,,,Yes,LENNOX,XP25-024-230-**,CBA38MV-036-230*+TDR,22000,13600,,,10,22,No,6.448,,0.38,
884235,MB,R3M,D,2021-11-01,2021,Single Detached,352.0,Two and a half,1924,B1;B2;B3,1.0,6.5082,32658.9,32.659,14371.2,3992.0,266417.2,74005.4,3992.0,56245.2,0.0,0.0,0.0,1234567890,Air,,7385.4,f,0.0,4.051,0.0,,,0.0,,,,Mini-split ductless,3.636,Induced draft fan boiler,Natural Gas,Wood fireplace,Mixed Wood,Yes,,,,,,,,,,,,,,
1944289,MB,R3G,D,2021-11-01,2021,Single Detached,236.8,Two and a half,1910,B1;C1;F1,1.0,6.5097,30699.5,30.7,8679.9,2411.1,318523.2,88479.4,2411.1,70450.6,0.0,0.0,0.0,203363530,Air,,3516.8,f,0.0,4.145,0.0,,,0.0,,,ESTAR,Mini-split ductless,4.073,Boiler  with continuous pilot,Natural Gas,,,Yes,NAPOLEON,NMZO-27F-B,,28000,17200,,,9.2,23,No,8.206,,0.267,
514352,MB,R2W,E,2021-12-01,2021,Single Detached,264.6,One and a half,1929,B1,1.0,4.0171,23664.1,23.664,8359.3,2322.0,206477.2,57355.2,2322.0,42439.2,0.0,0.0,0.0,6961729,Air,,4689.1,t,4.69,4.916,2.01,,,75.0,,,ESTAR,Mini-split ductless,3.958,Induced draft fan boiler,Natural Gas,,,Yes,FUJITSU,AOU12RLFW1,ASU12RLF1,12000,9400,,,11,22,No,3.517,,0.149,
1897661,MB,R1A,D,2021-07-01,2021,Single Detached,373.0,One storey,1970,B1,1.0,6.1748,22155.4,22.155,51626.3,14340.8,98422.3,27339.7,14340.7,0.0,0.0,0.0,0.0,4702484,Ground,,24500.0,f,0.0,3.6,0.0,,,0.0,,,,Conventional A/C,3.6,Electric furnace,Electricity,Wood fireplace,Mixed Wood,Yes,,,,,,,,,,,,,,
1879196,MB,R5G,P,2021-07-01,2021,Apartment,1106.7,Three storeys,2021,,10.0,1.5,32744.0,32.744,80914.4,22476.4,361334.5,100371.5,22476.3,0.0,0.0,0.0,0.0,10255977,Air,,22273.4,f,0.0,3.724,0.0,,,0.0,,,,Central split system,3.015,Electric furnace,Electricity,Baseboard/Hydronic/Plenum(duct) htrs,Electricity,Yes,AMERISTAR,M4THS1518A11N**,M4MHW1518A1N0**,19000,12100,,,9,15,No,5.568,,0.17,
1867828,MB,R3T,P,2021-06-01,2021,Single Detached,439.3,Two storeys,2020,B1,1.0,1.5,13032.6,13.033,47581.0,13217.1,83678.1,23244.1,13217.1,0.0,0.0,0.0,0.0,201754495,Air,,30529.9,f,0.0,3.34,0.0,,,0.0,,,,Central split system,3.11,Electric furnace,Electricity,Baseboard/Hydronic/Plenum(duct) htrs,Electricity,Yes,Mitsubishi Electric,PUZ-HA42NKA,PVA-A42AA*,48000,42000,,,11,15.3,No,14.067,,1.079,
1885362,MB,R0E,P,2019-07-01,2019,Single Detached,398.3,Two storeys,2021,B1,1.0,1.5,11369.0,11.369,20718.3,5755.1,55766.9,15490.9,5755.0,0.0,0.0,0.0,0.0,4230459,Ground,,16089.6,f,0.0,3.7,0.0,,,0.0,,,C448,Conventional A/C,3.9,Electric furnace,Electricity,Advanced airtight wood stove,Mixed Wood,No,,,,,,,,,,,,,,
1885362,MB,R0E,N,2019-07-01,2019,Single Detached,398.3,Two storeys,2021,B1,1.0,0.4033,7906.2,7.906,13825.1,3840.3,53535.7,14871.1,3840.3,0.0,0.0,0.0,0.0,4230459,Ground,,16089.6,f,0.0,3.7,0.0,,,0.0,,,C448,Conventional A/C,3.9,Electric furnace,Electricity,Advanced airtight wood stove,Mixed Wood,No,,,,,,,,,,,,,,
1867828,MB,R3T,N,2021-06-01,2021,Single Detached,439.3,Two storeys,2020,B1,1.0,0.9646,12116.8,12.117,44409.7,12336.1,80589.5,22386.2,12336.2,0.0,0.0,0.0,0.0,201754495,Air,,30529.9,f,0.0,3.34,0.0,,,0.0,,,,Central split system,3.11,Electric furnace,Electricity,Baseboard/Hydronic/Plenum(duct) htrs,Electricity,Yes,Mitsubishi Electric,PUZ-HA42NKA,PVA-A42AA*,48000,42000,,,11,15.3,No,14.067,,1.161,
1879196,MB,R5G,N,2021-07-01,2021,Apartment,1106.7,Three storeys,2021,,10.0,0.6013,25630.7,25.631,61780.3,17161.3,342875.1,95243.8,17161.2,0.0,0.0,0.0,0.0,10255977,Air,,22273.4,f,0.0,3.724,0.0,,,0.0,,,,Central split system,3.015,Electric furnace,Electricity,Baseboard/Hydronic/Plenum(duct) htrs,Electricity,Yes,AMERISTAR,M4THS1518A11N**,M4MHW1518A1N0**,19000,12100,,,9,15,No,5.568,,0.217,
1951806,MB,R2N,D,2021-12-01,2021,Single Detached,292.1,Two storeys,1947,B1;C1;F1,1.0,5.6854,25752.2,25.752,117686.4,32690.9,170336.5,47316.1,32690.8,0.0,0.0,0.0,0.0,10064019,Air,,12207.6,F,0.0,2.25,0.0,,,0.0,,,,Mini-split ductless,2.64,Baseboard/Hydronic/Plenum(duct) htrs.,Electricity,Wood fireplace,Mixed Wood,Yes,TOSOT,TM24H4O,,26000,16600,,,11,21,No,7.62,,0.296,
1954564,MB,R2W,D,2021-12-01,2021,Single Detached,235.1,One and a half,1947,B1;B2;B3,1.0,4.1874,36380.9,36.381,42363.4,11767.7,247983.0,68884.7,11767.6,43663.4,0.0,0.0,0.0,8797150,Air,,7682.6,T,3.52,2.99,1.79,,,100.0,,,,Mini-split ductless,2.97,"Boiler  with spark ignit.,vent dmpr",Natural Gas,,,Yes,SENVILLE,SENA/12HF/OZ,SENA/12HF/IZ,12000,7800,,,9.1,19.9,No,3.517,,0.097,
1955520,MB,R3J,D,2021-09-01,2021,Detached Duplex,284.2,Two storeys,1918,B1;C1;C2;F1;F2,2.0,4.2634,21369.4,21.369,109662.3,30462.0,178797.9,49666.5,30461.9,0.0,0.0,0.0,0.0,202606683,Air,,4185.6,F,0.0,6.26,0.0,,,0.0,,,,Central split system,2.69,Electric furnace,Electricity,Forced air furnace,Electricity,Yes,SENVILLE,SENL/09CD/OX,SENL/09CD/IX,10000,6000,,,8.1,18.9,No,2.931,,0.137,
1882806,MB,R0A,E,2021-11-01,2021,Single Detached,316.5,Two storeys,1989,B1,1.0,1.9858,16318.2,16.318,74581.6,20717.3,121668.1,33797.0,20717.4,0.0,0.0,0.0,0.0,8858354,Air,,5568.4,F,0.0,4.653,0.0,,,0.0,,,ESTAR,Mini-split ductless,4.0155,Electric furnace,Electricity,Advanced airtight wood stove,Mixed Wood,Yes,SENVILLE,SENA/18HF/MOZ,,18000,11800,,,9.1,22.4,No,5.275,,0.323,
1910322,MB,R0J,E,2022-01-01,2022,Single Detached,322.7,Two storeys,1972,B1;C1;F1,1.0,0.8317,18595.8,18.596,69978.2,19438.5,117557.9,32655.2,19438.5,0.0,0.0,0.0,0.0,204711112,Air,,8792.1,t,8.79,4.54,1.98,,,93.0,,,ESTAR,Mini-split ductless,3.843,Electric boiler,Electricity,,,Yes,CARRIER,38MGRQ30D--3,,30000,23000,19000,1.70,8.7,18.5,No,8.792,5.568,0.473,0.299
651320,MB,R2J,D,2022-01-01,2022,Single Detached,176.0,One storey,1956,B1,1.0,2.21,9613.9,9.614,4407.6,1224.3,91026.6,25285.4,1224.5,11074.5,0.0,0.0,0.0,5378525,Air,,3985.8,f,0.0,4.578,0.0,,,0.0,,,ESTAR,Mini-split ductless,4.073,Condensing furnace,Natural Gas,,,Yes,,,,,,,,,,,,,,
1906997,MB,R5T,E,2021-11-01,2021,Single Detached,207.8,Two storeys,1992,B1,1.0,1.7503,7277.1,7.277,22458.2,6238.4,69396.2,19276.9,6238.4,0.0,0.0,0.0,0.0,205272287,Air,,7033.7,T,7.03,5.292,2.21,,,74.0,,,ESTAR,Central split system,3.958,Electric furnace,Electricity,,,Yes,CARRIER,25VNA424A*030*,FE4ANF002L+UI,24000,24400,,,12,22,No,7.034,,0.967,
4331746,MB,R3M,D,2021-09-01,2021,Single Detached,246.6,Two storeys,1928,B1,1.0,5.6818,29307.4,29.307,103169.3,28658.4,160472.9,44576.2,28658.3,1794.5,0.0,0.0,0.0,5378527,Air,,32500.0,F,0.0,4.54,0.0,,,0.0,,,ESTAR,Mini-split ductless,3.843,Baseboard/Hydronic/Plenum(duct) htrs.,Electricity,Fireplace with pilot (sealed),Natural Gas,Yes,,,,,,,,,,,,,,
1995126,MB,R2L,D,2022-03-01,2022,Single Detached,274.5,One and a half,1952,B1,1.0,3.2847,17259.1,17.259,20553.6,5709.4,112496.9,31249.4,5709.5,13267.6,0.0,0.0,0.0,204330672,Air,,10550.6,F,0.0,4.54,0.0,,,0.0,,,,Mini-split ductless,3.843,Condensing furnace,Natural Gas,,,Yes,LENNOX,MPB036S4M-1P,,37000,23000,,,8.7,18.5,No,10.844,,0.628,
1997325,MB,R1A,D,2022-03-01,2022,Single Detached,262.9,One storey,1975,B1;B2,1.0,3.66,18384.3,18.384,89597.2,24888.3,136204.9,37835.0,24888.3,0.0,0.0,0.0,0.0,4397403,Air,,10667.8,F,0.0,4.051,0.0,,,0.0,,,ESTAR,Mini-split ductless,3.0955,Electric furnace,Electricity,,,Yes,,,,,,,,,,,,,,
1893946,MB,R0A,E,2021-11-01,2021,Single Detached,223.8,One storey,1973,B1,1.0,1.6267,10324.5,10.324,37483.6,10412.2,83251.8,23125.7,10412.3,0.0,0.0,0.0,0.0,8858355,Air,,8206.0,F,0.0,4.653,0.0,,,0.0,,,ESTAR,Mini-split ductless,4.073,Electric boiler,Electricity,,,Yes,SENVILLE,SENA/30HF/MOZ,,28000,17200,,,9.2,23,No,8.206,,0.795,
2015514,MB,R3G,D,2022-04-01,2022,Single Detached,178.2,One storey,1976,B1,1.0,2.16,10261.0,10.261,49557.4,13766.1,95548.3,26541.4,13765.9,0.0,0.0,0.0,0.0,204863265,Air,,5216.7,f,0.0,3.461,0.0,,,0.0,,,,Central split system,3.038,Electric furnace,Electricity,,,Yes,CARRIER,25HCE418AP030*,"FM(C,U)4Z18**AL*",17800,10600,,,8.2,14,No,5.217,,0.508,
19704746,MB,R3M,D,2022-06-01,2022,Single Detached,177.1,Two storeys,1909,B1;C1;F1,1.0,12.7777,29603.8,29.604,16298.3,4527.3,233115.2,64754.7,4527.3,44649.8,0.0,0.0,0.0,201851575,Air,,7033.7,F,0.0,4.863,0.0,,,0.0,,,,Mini-split ductless,3.498,Boiler  with continuous pilot,Natural Gas,Wood fireplace,Mixed Wood,Yes,DAIKIN,3MXS24RMVJU,,24000,15500,,,12.5,18,No,7.034,,0.238,
1916242,MB,R2C,E,2022-05-01,2022,Single Detached,172.7,One storey,1963,B1,1.0,3.266,10099.8,10.1,16765.5,4657.1,84549.8,23486.2,4657.3,3445.6,0.0,0.0,0.0,207098550,Air,,8748.5,T,7.62,3.48,1.95,,,70.0,,,ESTAR,Central split system,3.36,Condensing furnace,Natural Gas,,,Yes,CARRIER,38MARBQ24AA3,CAP**2417AL*,26000,15800,,,10,15,No,7.62,,0.754,
1974028,MB,R2M,E,2022-05-01,2022,Single Detached,228.1,One storey,1976,B1,1.0,1.9473,11997.2,11.997,14901.0,4139.2,99193.4,27553.9,4139.2,8117.3,0.0,0.0,0.0,207098552,Air,,8516.9,T,7.39,3.67,2.0,,,71.0,,,ESTAR,Central split system,3.36,Condensing furnace,Natural Gas,,,Yes,CARRIER,38MARBQ24AA3,CAP**3617AL*,25200,15400,,,11,15.5,No,7.385,,0.616,
5008965,MB,R3G,D,2022-07-01,2022,Single Detached,214.8,Two and a half,1913,B1,1.0,10.4,28513.9,28.514,18865.4,5240.4,244008.9,67780.8,5240.3,49862.6,0.0,0.0,0.0,5454434,Air,,8909.3,F,0.0,3.461,0.0,,,0.0,,,,Mini-split ductless,3.268,Boiler  with continuous pilot,Natural Gas,Wood fireplace,Mixed Wood,Yes,MS8 SERIES,MS8-ZO-30P4*,,30400,16500,,,8.2,16,No,8.909,,0.312,
1887446,MB,R2M,E,2022-02-01,2022,Single Detached,305.6,Two storeys,1983,B1,1.0,2.1357,13323.7,13.324,49453.1,13737.1,96650.0,26847.4,13737.1,0.0,0.0,0.0,0.0,201993407,Air,,10081.6,F,0.0,3.976,0.0,,,0.0,,,ESTAR,Central split system,3.199,Electric furnace,Electricity,Baseboard/Hydronic/Plenum(duct) htrs,Electricity,Yes,CARRIER,25HPB636A**050,"FX4DN(B,F)049L",34400,21200,,,8.5,15.4,No,10.082,,0.757,
1999532,MB,R6T,E,2022-08-01,2022,Single Detached,173.9,One storey,1977,C1;F1,1.0,2.8775,14418.5,14.418,54320.0,15089.0,104134.0,28926.3,15089.0,0.0,0.0,0.0,0.0,8908615,Air,,15456.6,T,10.67,3.18,2.02,,,100.0,,,ESTAR,Mini-split ductless,3.29,Baseboard/Hydronic/Plenum(duct) htrs.,Electricity,,,Yes,FUJITSU,AOU36RLXFZH,,36000,21400,36400,2.02,9.5,20.5,Yes,10.551,10.668,0.732,0.74
5013770,MB,R2K,D,2022-07-01,2022,Single Detached,181.9,One and a half,1947,B1,1.0,6.38,26269.0,26.269,7262.7,2017.4,265008.9,73614.2,2017.5,57145.2,0.0,0.0,0.0,10255977,Air,,5568.3,F,0.0,3.713,0.0,,,0.0,,,,Central split system,3.153,Boiler  with continuous pilot,Natural Gas,,,Yes,AMERISTAR,M4THS1518A11N**,M4MHW1518A1N0**,19000,12100,,,9,15,No,5.568,,0.212,
1886977,MB,R2V,E,2022-05-01,2022,Single Detached,126.6,Two storeys,1946,B1,1.0,6.5753,14269.4,14.269,7474.7,2076.3,121364.2,33712.5,2076.4,16375.4,0.0,0.0,0.0,206164203,Air,,6506.2,F,0.0,4.54,0.0,,,0.0,,,ESTAR,Central split system,3.268,Condensing furnace,Natural Gas,,,Yes,CARRIER,25HPB624A**30,CAP**3721AL*,22200,13900,,,10,16,No,6.506,,0.456,
1886983,MB,R2J,E,2022-06-01,2022,Single Detached,178.6,One storey,1966,B1,1.0,2.0621,11151.9,11.152,18980.1,5272.3,82797.6,22999.5,5272.3,5027.5,0.0,0.0,0.0,204875609,Air,,8616.9,T,5.01,3.79,2.19,,,74.0,,,ESTAR,Central split system,3.61,Condensing furnace,Natural Gas,,,Yes,DAIKIN,DZ17VSA181A*,CA*EA1818*4A*,17100,10500,,,10,18,No,5.012,,0.449,
2006498,MB,R3K,E,2022-06-01,2022,Single Detached,163.5,One storey,1970,B1,1.0,3.5838,9148.1,9.148,5179.2,1438.7,87744.8,24373.8,1438.6,7447.8,0.0,0.0,0.0,207202262,Air,,5304.6,T,5.51,4.916,2.0,,,72.0,,,ESTAR,Central split system,3.4405,Condensing furnace,Natural Gas,,,Yes,CARRIER,38MARBQ18AA3,CAP**1917AL*,18100,14100,,,11,17.5,No,5.305,,0.58,
5017365,MB,R4K,E,2022-07-01,2022,Single Detached,368.6,Two storeys,1998,B1,1.0,3.0722,27577.3,27.577,59211.0,16447.6,113348.7,31486.0,16447.6,0.0,0.0,0.0,0.0,207312018,Ground,,15972.4,F,0.0,3.7,0.0,,,0.0,,,C448,Conventional A/C,5.01,Electric boiler,Electricity,Fireplace with spark ignit. (sealed),Natural Gas,No,,,,,,,,,,,,,,
1147855,MB,R3N,E,2022-08-01,2022,Single Detached,241.5,Two storeys,1914,B1;B2;B3,1.0,5.5651,20222.3,20.222,70675.5,19632.2,145820.6,40506.0,19632.1,5803.7,0.0,0.0,0.0,205663354,Air,,25124.1,T,5.54,3.64,2.46,,,100.0,,,ESTAR,Mini-split ductless,3.23,Induced draft fan boiler,Natural Gas,Baseboard/Hydronic/Plenum(duct) htrs,Electricity,Yes,DAIKIN,2MXL18QMVJU*,,18000,11400,,,10.3,17,No,5.275,,0.261,
2027324,MB,R2K,E,2022-07-01,2022,Single Detached,124.1,One storey,1955,B1;B2,1.0,3.114,10205.6,10.206,9364.2,2601.2,93071.6,25853.4,2601.1,7957.6,0.0,0.0,0.0,207202287,Air,,7000.0,T,5.48,4.916,2.0,,,72.0,,,ESTAR,Central split system,3.498,Condensing furnace,Natural Gas,,,Yes,CARRIER,38MARBQ18AA3,CAP**1917AL*,18100,14100,,,11,17.5,No,5.305,,0.52,
1931493,MB,R3R,E,2022-08-01,2022,Single Detached,312.6,Split entry/Raised base.,2003,B1;B2,1.0,2.14,14557.7,14.558,35053.7,9737.2,101299.5,28139.0,9737.3,5634.2,0.0,0.0,0.0,206788690,Air,,19017.4,T,10.55,3.43,1.99,,,80.0,,,ESTAR,Central split system,3.46,Condensing furnace,Natural Gas,,,Yes,CARRIER,25VNA436A*031*,CNPV*4217AL*+UI,35400,31800,26400,2.00,9,19,No,10.375,7.737,0.713,0.531
5021729,MB,R3G,D,2022-08-01,2022,Single Detached,264.7,Two and a half,1909,B1;C1;F1,1.0,9.4225,27015.8,27.016,47668.5,13241.4,207322.2,57590.0,13241.5,28885.2,0.0,0.0,0.0,203238787,Air,,13453.4,T,13.45,3.19,1.85,,,55.0,,,,Mini-split ductless,4.0155,Boiler  with continuous pilot,Natural Gas,,,Yes,ELIOS,DE36HOM23230X2,,36000,24600,,,9,22.5,No,10.551,,0.391,
10481746,MB,R2J,E,2022-07-01,2022,Single Detached,179.5,One storey,1958,B1,1.0,2.6204,10110.3,10.11,8549.5,2374.9,85121.0,23644.9,2374.7,5762.0,0.0,0.0,0.0,207098552,Air,,7385.4,T,6.45,5.292,2.0,,,71.0,,,ESTAR,Central split system,3.958,Condensing furnace,Natural Gas,,,Yes,CARRIER,38MARBQ24AA3,CAP**3617AL*,25200,15400,,,11,15.5,No,7.385,,0.73,
1907020,MB,R2N,E,2022-05-01,2022,Single Detached,302.8,One storey,1990,B1,1.0,1.4439,13101.0,13.101,22407.0,6224.2,64848.8,18013.7,6224.2,0.0,0.0,0.0,0.0,207312173,Ground,,11200.0,F,0.0,4.0,0.0,,,0.0,,,C448,Conventional A/C,5.66,Electric furnace,Electricity,,,No,,,,,,,,,,,,,,
16574746,MB,R2V,E,2022-07-01,2022,Single Detached,182.1,Two storeys,1952,B1,1.0,7.0005,15094.9,15.095,18695.1,5193.1,95038.5,26399.8,5193.1,8198.7,0.0,0.0,0.0,207098551,Air,,17000.0,T,17.24,4.54,2.0,,,70.0,,,ESTAR,Central split system,3.498,Condensing furnace,Natural Gas,,,Yes,CARRIER,38MARBQ24AA3,CNPV*3017AL*,25400,15500,,,10,15.5,No,7.444,,0.493,
5024708,MB,R3N,D,2022-09-01,2022,Single Detached,218.9,One and a half,1930,B1;B2,1.0,7.1242,23584.8,23.585,51857.8,14405.1,145109.9,40308.6,14405.1,10526.5,0.0,0.0,0.0,7484113,Air,,33058.3,F,0.0,4.427,0.0,,,0.0,,,,Mini-split ductless,3.7855,Induced draft fan boiler,Natural Gas,Other (describe),Electricity,Yes,LG,LSU180HSV4,LAN180HSV4,22000,13500,,,9.7,20.5,No,6.448,,0.273,
5012973,MB,R1N,E,2022-09-01,2022,Single Detached,229.3,One and a half,1955,B1;B2;C1;F1,1.0,3.62,10870.0,10.87,47590.1,13219.6,94165.6,26157.3,13219.6,0.0,0.0,0.0,0.0,207098442,Air,,8550.0,T,7.44,3.65,2.0,,,70.0,,,ESTAR,Central split system,3.36,Electric furnace,Electricity,Baseboard/Hydronic/Plenum(duct) htrs,Electricity,Yes,CARRIER,38MARBQ24AA3,FX4DNF025L,25400,15500,,,10.5,15.5,No,7.444,,0.685,
5026089,MB,R0C,D,2022-09-01,2022,Single Detached,259.8,One storey,2020,C1;F1,1.0,0.5,8122.4,8.122,8376.7,2326.9,56458.8,15683.1,2327.0,0.0,0.0,0.0,0.0,205767474,Water,,8704.2,F,0.0,4.4,0.0,,,0.0,,,,Conventional A/C,5.95,Electric furnace,Electricity,,,No,,,,,,,,,,,,,,
5027845,MB,R6W,D,2022-09-01,2022,Detached Duplex,349.8,One storey,1965,B1,2.0,3.4836,20646.5,20.646,65033.5,18065.0,118983.6,33051.3,18064.9,0.0,0.0,0.0,0.0,203303773,Ground,,8206.0,F,0.0,3.6,0.0,,,0.0,,,,Conventional A/C,4.6,Electric furnace,Electricity,,,No,,,,,,,,,,,,,,
5027940,MB,R2M,D,2022-09-01,2022,Single Detached,320.6,Two storeys,1914,B1;B2;C1;F1,1.0,10.4741,50725.1,50.725,29797.0,8277.0,422430.6,117342.8,8277.0,93661.0,0.0,0.0,0.0,201851575,Air,,7033.7,F,0.0,4.863,0.0,,,0.0,,,,Mini-split ductless,3.498,Boiler  with spark ignition,Natural Gas,Wood fireplace,Mixed Wood,Yes,DAIKIN,3MXS24RMVJU,,24000,15500,,,12.5,18,No,7.034,,0.139,
13758746,MB,R2J,E,2022-09-01,2022,Single Detached,309.8,One storey,1974,B1,1.0,1.9704,14749.7,14.75,23639.4,6566.6,111114.5,30865.4,6566.4,10106.2,0.0,0.0,0.0,207098550,Air,,8787.2,T,8.79,3.48,1.95,,,70.0,,,ESTAR,Central split system,3.36,Condensing furnace,Natural Gas,Wood fireplace,Mixed Wood,Yes,CARRIER,38MARBQ24AA3,CAP**2417AL*,26000,15800,,,10,15,No,7.62,,0.517,
5028555,MB,R7A,D,2022-08-01,2022,Single Detached,920.1,One storey,1999,B1,1.0,1.5368,30501.5,30.502,70608.5,19613.6,121958.2,33877.5,19613.8,0.0,0.0,0.0,0.0,204101161,N/A {no Heat Pump},,34499.9,F,0.0,3.0,0.0,,,0.0,,,,Conventional A/C,3.0,Electric furnace,Electricity,Wood fireplace,Mixed Wood,No,,,,,,,,,,,,,,
10610746,MB,R2J,E,2022-07-01,2022,Single Detached,217.8,One storey,1960,B1,1.0,2.1178,12783.0,12.783,14095.6,3915.5,90736.9,25204.9,3915.6,8144.5,0.0,0.0,0.0,207098550,Air,,12790.0,T,6.27,4.54,1.95,,,70.0,,,ESTAR,Central split system,3.153,Condensing furnace,Natural Gas,Wood fireplace,Mixed Wood,Yes,CARRIER,38MARBQ24AA3,CAP**2417AL*,26000,15800,,,10,15,No,7.62,,0.596,
1976743,MB,R5T,E,2022-07-01,2022,Single Detached,249.0,One storey,1985,B1;C1;F1,1.0,2.7301,15605.8,15.606,56284.4,15634.7,100994.3,28054.2,15634.6,0.0,0.0,0.0,0.0,207574744,Air,,10081.6,F,0.0,4.991,0.0,,,0.0,,,ESTAR,Central split system,3.9005,Electric furnace,Electricity,,,Yes,LENNOX,SL25XPV-036-230A**,CBA38MV-042-230*+TDR,34400,31800,25800,1.80,9.2,21,No,10.082,7.561,0.646,0.485
3320746,MB,R2H,E,2022-09-01,2022,Single Detached,197.7,One and a half,1948,B1,1.0,3.1507,14101.3,14.101,47488.4,13191.3,93775.5,26049.0,13191.2,0.0,0.0,0.0,0.0,202521824,Air,,23899.9,T,10.73,3.4,2.0,,,100.0,,,ESTAR,Mini-split ductless,3.04,Electric boiler,Electricity,,,Yes,DAIKIN,4MXL36TVJU,,34400,22400,,,11.2,21.7,No,10.082,,0.715,
1985797,MB,R0G,E,2022-09-01,2022,Single Detached,293.0,Two storeys,1920,B1,1.0,3.5508,21162.5,21.162,102674.1,28520.8,150123.1,41701.2,28520.8,0.0,0.0,0.0,0.0,203363530,Air,,8206.0,F,0.0,4.653,0.0,,,0.0,,,ESTAR,Mini-split ductless,4.073,Baseboard/Hydronic/Plenum(duct) htrs.,Electricity,,,Yes,NAPOLEON,NMZO-27F-B,,28000,17200,,,9.2,23,No,8.206,,0.388,
1162754,MB,R2H,E,2022-07-01,2022,Single Detached,155.3,Two storeys,1945,B1,1.0,5.0811,18179.6,18.18,27262.3,7572.9,122913.1,34142.8,7572.8,10738.1,0.0,0.0,0.0,205663356,Air,,19389.3,T,7.03,4.89,2.26,,,78.0,,,ESTAR,Mini-split ductless,3.27,Boiler  with spark ignition,Natural Gas,Fireplace with pilot (sealed),Natural Gas,Yes,DAIKIN,3MXS24RMVJU*,,24000,15500,,,12.5,18,No,7.034,,0.387,
10607746,MB,R2C,E,2022-08-01,2022,Single Detached,142.5,One storey,1996,B1,1.0,1.9804,9563.4,9.563,5885.2,1634.8,83496.1,23193.5,1634.7,8464.8,0.0,0.0,0.0,207202289,Air,,5509.7,T,5.51,4.916,2.0,,,71.0,,,ESTAR,Central split system,3.498,Condensing furnace,Natural Gas,,,Yes,CARRIER,38MARBQ18AA3,CAP**2517AL*,18000,13900,,,11,18,No,5.275,,0.552,
5032419,MB,R0K,D,2022-09-01,2022,Single Detached,280.7,One storey,1999,B1,1.0,6.2626,24240.9,24.241,69461.5,19295.0,113648.6,31569.3,19295.2,0.0,0.0,0.0,0.0,203466716,Ground,,11195.3,F,0.0,4.0,0.0,,,0.0,,,C448,Conventional A/C,5.66,Electric furnace,Electricity,,,No,,,,,,,,,,,,,,
2018382,MB,R2J,E,2022-07-01,2022,Single Detached,230.5,One storey,1955,B1;B2,1.0,2.8472,15479.6,15.48,8242.8,2289.7,130120.9,36145.0,2289.7,18002.1,0.0,0.0,0.0,206350336,Air,,7209.5,T,7.03,4.766,2.01,,,113.0,,,ESTAR,Central split system,3.797,Condensing furnace,Natural Gas,,,Yes,CARRIER,38MARBQ24AA3,40MBDQ24---3,25000,21000,27000,2.00,10.5,19.2,Yes,7.327,7.913,0.473,0.511
5019361,MB,R1N,E,2022-09-01,2022,Single Detached,160.8,One and a half,1974,C1;F1,1.0,4.0063,9764.7,9.765,36901.6,10250.5,86100.7,23917.1,10250.6,0.0,0.0,0.0,0.0,207098442,Air,,8600.0,T,0.0,3.65,2.0,,,70.0,,,ESTAR,Central split system,3.36,Electric furnace,Electricity,Advanced airtight wood stove,Mixed Wood,Yes,CARRIER,38MARBQ24AA3,FX4DNF025L,25400,15500,,,10.5,15.5,No,7.444,,0.762,
5034357,MB,R2H,D,2022-09-01,2022,Single Detached,318.8,Two storeys,2021,B1,1.0,0.8038,8762.3,8.762,25702.0,7139.5,76253.2,21181.6,7139.5,0.0,0.0,0.0,0.0,206223059,Air,,30532.1,T,14.07,3.34,2.05,,,100.0,,,,Central single package system,3.11,Baseboard/Hydronic/Plenum(duct) htrs.,Electricity,,,Yes,,,,,,,,,,,,,,
5035137,MB,R2M,D,2022-10-01,2022,Single Detached,167.5,Three storeys,1933,B1;B2,1.0,7.65,31640.5,31.64,11549.4,3208.2,309868.9,86075.4,3208.1,68051.4,0.0,0.0,0.0,201835689,Air,,5275.3,F,0.0,3.953,0.0,,,0.0,,,,Mini-split ductless,3.5555,Boiler  with continuous pilot,Natural Gas,,,Yes,KEEPRITE,DLCMRAH18BAK,,18000,11000,,,8.7,20.5,No,5.275,,0.167,
602253,MB,R3W,E,2022-10-01,2022,Single Detached,245.7,One storey,1986,B1;B2,1.0,2.7678,12354.1,12.354,19678.1,5466.2,89738.7,24927.6,5466.2,6789.2,0.0,0.0,0.0,207098550,Air,,8790.0,T,7.62,3.48,1.95,,,70.0,,,ESTAR,Central split system,3.36,Condensing furnace,Natural Gas,Wood fireplace,Mixed Wood,Yes,CARRIER,38MARBQ24AA3,CAP**2417AL*,26000,15800,,,10,15,No,7.62,,0.617,
3815746,MB,R3G,E,2022-09-01,2022,Single Detached,183.4,Three storeys,1910,B1;C1;F1,1.0,9.176,46591.6,46.592,17294.1,4804.0,400100.7,111140.0,4803.9,93497.1,0.0,0.0,0.0,10062012,Air,,8206.0,F,0.0,4.149,0.0,,,0.0,,,ESTAR,Mini-split ductless,4.073,Induced draft fan boiler,Natural Gas,,,Yes,LENNOX,MPB030S4M-1P,,28000,17200,,,9.2,23,No,8.206,,0.176,
2015076,MB,R2P,E,2022-08-01,2022,Single Detached,172.2,One storey,1973,B1,1.0,2.7393,11645.8,11.646,10858.0,3016.1,93630.5,26008.7,3016.1,10035.1,0.0,0.0,0.0,207098561,Air,,7268.2,T,7.27,4.54,2.0,,,71.0,,,ESTAR,Central split system,3.2105,Condensing furnace,Natural Gas,,,Yes,CARRIER,38MARBQ24AA3,CAP**2517AL*,24800,15200,,,11.5,15.5,No,7.268,,0.624,
5008591,MB,R3J,E,2022-08-01,2022,Single Detached,187.9,One storey,1958,B1,1.0,2.817,12052.6,12.053,8565.1,2379.2,99183.5,27551.2,2379.2,12065.4,0.0,0.0,0.0,207098503,Air,,7561.2,T,6.51,4.728,2.0,,,70.0,,,ESTAR,Central split system,3.2105,Condensing furnace,Natural Gas,,,Yes,CARRIER,38MARBQ24AA3,CAP**2417AL*,25800,15700,,,10.5,15.5,No,7.561,,0.627,
1972588,MB,R1N,E,2022-09-01,2022,Single Detached,168.9,One storey,1965,B1,1.0,3.4107,7920.3,7.92,33638.5,9344.1,78034.5,21676.4,9344.2,0.0,0.0,0.0,0.0,207098442,Air,,8584.3,T,7.44,3.63,2.0,,,70.0,,,ESTAR,Central split system,3.36,Electric furnace,Electricity,,,Yes,CARRIER,38MARBQ24AA3,FX4DNF025L,25400,15500,,,10.5,15.5,No,7.444,,0.94,
321495,MB,R2M,E,2022-10-01,2022,Single Detached,381.6,One and a half,2007,B1,1.0,1.0068,10071.0,10.071,31179.7,8661.1,79359.1,22044.4,8661.2,0.0,0.0,0.0,0.0,207335552,Air,,15266.1,T,15.27,3.59,2.1,,,100.0,,,ESTAR,Central split system,3.41,Electric furnace,Electricity,,,Yes,NAPOLEON,NS18HV24A36,NPFX24A,24000,20000,22000,1.80,9,17,Yes,7.034,6.448,0.698,0.64
5044449,MB,R6T,E,2022-11-01,2022,Single Detached,250.7,One storey,1950,B1,1.0,1.2364,8598.5,8.598,12935.3,3593.2,55146.0,15318.5,3593.1,0.0,0.0,0.0,0.0,207312227,Ground,,8469.8,F,0.0,4.0,0.0,,,0.0,,,C448,Conventional A/C,6.36,Electric furnace,Electricity,,,No,,,,,,,,,,,,,,
14732746,MB,R2K,E,2022-09-01,2022,Single Detached,128.5,Two storeys,1950,C1;F1,1.0,10.0993,17289.5,17.29,11068.6,3074.6,126978.3,35272.0,3074.7,16026.8,0.0,0.0,0.0,207098550,Air,,7619.8,T,7.62,4.54,1.95,,,70.0,,,ESTAR,Central split system,3.153,Condensing furnace,Natural Gas,,,Yes,CARRIER,38MARBQ24AA3,CAP**2417AL*,26000,15800,,,10,15,No,7.62,,0.441,
1896986,MB,R3G,E,2022-11-01,2022,Single Detached,186.6,Two storeys,1912,B1,1.0,7.6619,17777.7,17.778,8866.7,2463.0,140108.0,38919.2,2463.1,23310.2,0.0,0.0,0.0,202564957,Air,,6388.9,F,0.0,3.559,0.0,,,0.0,,,,Central split system,3.2105,Condensing furnace,Natural Gas,,,Yes,LENNOX,ML14XP1-024-230A**,C35-24B+TDR+TXV,21800,13900,,,8.5,15.5,No,6.389,,0.359,
12829746,MB,R3G,E,2022-11-01,2022,Single Detached,212.3,Two storeys,1948,B1;B2;C1;F1,1.0,4.98,19827.2,19.827,23387.1,6496.5,140182.6,38939.9,6496.4,16519.9,0.0,0.0,0.0,207098556,Air,,8719.7,T,7.56,3.55,2.0,,,70.0,,,ESTAR,Central split system,3.36,Condensing furnace,Natural Gas,,,Yes,CARRIER,38MARBQ24AA3,CAP**2417AL*,25800,15700,,,10.5,15,No,7.561,,0.381,
5018907,MB,R0K,E,2022-11-01,2022,Single Detached,289.7,One storey,2002,B1,1.0,1.62,10792.7,10.793,18312.7,5086.9,64242.4,17845.3,5087.0,0.0,0.0,0.0,0.0,207312017,Ground,,13660.0,F,0.0,3.8,0.0,,,0.0,,,C448,Conventional A/C,4.75,Electric furnace,Electricity,,,No,,,,,,,,,,,,,,
13243746,MB,R3K,E,2022-07-01,2022,Single Detached,194.1,Two storeys,1968,B1;B2,1.0,2.6183,14243.2,14.243,18945.2,5262.6,99969.5,27769.5,5262.5,9175.4,0.0,0.0,0.0,207098550,Air,,16000.0,T,14.5,4.54,1.95,,,70.0,,,ESTAR,Central split system,3.153,Condensing furnace,Natural Gas,,,Yes,CARRIER,38MARBQ24AA3,CAP**2417AL*,26000,15800,,,10,15,No,7.62,,0.535,
5048567,MB,R0E,D,2022-11-01,2022,Single Detached,300.1,Two storeys,1973,B1;B2,1.0,2.3385,16685.0,16.685,56338.6,15649.7,104758.9,29099.9,15649.8,0.0,0.0,0.0,0.0,8103542,Air,,8795.1,T,8.8,4.8,2.75,,,69.0,,,,Mini-split ductless,3.19,Electric furnace,Electricity,Advanced airtight wood stove,Mixed Wood,Yes,DAIKIN,2MXS18NMVJU,,18900,12000,,,10.7,18.9,No,5.539,,0.332,
5048765,MB,R3M,D,2022-11-01,2022,Single Detached,192.1,Two storeys,1931,B1;B2;B3;B4,1.0,5.9208,19471.0,19.471,11756.5,3265.7,169542.5,47095.5,3265.9,29073.0,0.0,0.0,0.0,10056175,Air,,7000.0,F,0.0,4.54,0.0,,,0.0,,,,Mini-split ductless,3.797,Condensing boiler,Natural Gas,Fireplace with pilot (sealed),Natural Gas,Yes,LENNOX,MPB024S4S-1P,MWMA024S4-1P,25000,15300,,,9.3,19.8,No,7.327,,0.376,
5034114,MB,R1N,E,2022-11-01,2022,Single Detached,330.0,One storey,1992,B1,1.0,1.32,8746.3,8.746,38994.5,10831.9,86000.5,23889.2,10832.0,0.0,0.0,0.0,0.0,208130264,Air,,14985.3,T,14.99,3.58,2.1,,,100.0,,,ESTAR,Central split system,3.41,Electric furnace,Electricity,Other (describe),Electricity,Yes,BOREAL,ENVBR36HPJ1OA,ENVBR24HPJ1IB,24000,20000,22000,1.80,9,17,Yes,7.034,6.448,0.804,0.737
2016957,MB,R2H,E,2022-09-01,2022,Single Detached,196.5,Two storeys,1945,B1,1.0,3.4583,17257.8,17.258,12181.8,3383.9,158675.7,44076.9,3383.9,28535.2,0.0,0.0,0.0,201835691,Air,,7912.9,T,7.91,4.841,1.82,,,89.0,,,ESTAR,Not installed,0.0,Furnace with continuous pilot,Natural Gas,,,Yes,KEEPRITE,DLCMRAH27CAK,,27000,17800,22600,2.06,9.6,22,No,7.913,6.623,0.459,0.384
1982339,MB,R0J,E,2022-11-01,2022,Single Detached,294.9,Two storeys,1991,B1;C1;F1,1.0,1.9166,12277.3,12.277,18669.7,5186.1,65993.2,18331.6,5186.2,0.0,0.0,0.0,0.0,207312173,Ground,,11195.3,F,0.0,4.0,0.0,,,0.0,,,C448,Conventional A/C,5.6,Electric furnace,Electricity,,,No,,,,,,,,,,,,,,
5009518,MB,R2K,E,2022-11-01,2022,Single Detached,171.9,One storey,1946,B1;C1;F1,1.0,2.8,13617.9,13.618,39095.3,10859.9,85935.5,23871.2,10859.8,0.0,0.0,0.0,0.0,206223044,Air,,16540.0,T,7.62,3.23,1.91,,,100.0,,,ESTAR,Central split system,3.23,Electric furnace,Electricity,,,Yes,,,,,,,,,,,,,,
5005180,MB,R3X,E,2022-11-01,2022,Single Detached,280.2,Two storeys,2001,B1,1.0,2.3408,13674.9,13.675,21425.6,5951.6,99637.9,27677.4,5951.7,8304.0,0.0,0.0,0.0,207098550,Air,,8787.2,T,8.79,3.48,1.95,,,70.0,,,ESTAR,Central split system,3.36,Condensing furnace,Natural Gas,,,Yes,CARRIER,38MARBQ24AA3,CAP**2417AL*,26000,15800,,,10,15,No,7.62,,0.557,
5040699,MB,R3R,E,2022-11-01,2022,Single Detached,307.2,Two storeys,1987,B1,1.0,2.63,16238.8,16.239,58254.5,16181.9,108347.1,30096.7,16181.8,0.0,0.0,0.0,0.0,206788575,Air,,18350.0,T,18.35,3.48,2.02,,,80.0,,,ESTAR,Central split system,3.75,Electric furnace,Electricity,Fireplace with spark ignit. (sealed),Natural Gas,Yes,CARRIER,25VNA436A*031*,"FE4AN(B,F)003L+UI",35600,32200,26600,1.96,9,19.5,No,10.433,7.796,0.642,0.48
2030312,MB,R0A,E,2022-11-01,2022,Single Detached,309.2,One storey,1967,B1;B2,1.0,1.9892,18188.5,18.188,43333.7,12037.2,86969.5,24158.4,12037.3,0.0,0.0,0.0,0.0,207318100,Ground,,14350.0,F,0.0,3.4,0.0,,,0.0,,,C448,Conventional A/C,4.84,Electric furnace,Electricity,,,No,,,,,,,,,,,,,,
5050970,MB,R0C,E,2022-11-01,2022,Single Detached,162.6,Two storeys,2009,C1;F1,1.0,2.1843,8686.6,8.687,12079.8,3355.5,62922.6,17478.6,3355.6,0.0,0.0,0.0,0.0,207213248,Water,,7619.8,F,0.0,3.6,0.0,,,0.0,,,C448,Conventional A/C,4.54,Electric furnace,Electricity,,,No,,,,,,,,,,,,,,
5027592,MB,R1N,E,2022-11-01,2022,Single Detached,302.3,One and a half,1950,B1;B2;C1;C2;F1,1.0,4.28,14732.5,14.732,66511.0,18475.4,114253.8,31737.4,18475.4,0.0,0.0,0.0,0.0,208130264,Air,,14990.0,T,14.99,3.58,2.1,,,100.0,,,ESTAR,Central split system,3.41,Electric furnace,Electricity,,,Yes,BOREAL,ENVBR36HPJ1OA,ENVBR24HPJ1IB,24000,20000,22000,1.80,9,17,Yes,7.034,6.448,0.477,0.438
5038554,MB,R2C,E,2022-12-01,2022,Single Detached,180.5,One storey,1976,B1,1.0,2.3201,8358.6,8.359,17535.6,4871.0,72125.0,20034.9,4871.2,2560.0,0.0,0.0,0.0,208143093,Air,,8831.1,T,8.38,3.66,1.83,,,112.0,,,ESTAR,Central split system,2.88,Condensing furnace,Natural Gas,,,Yes,NAPOLEON,NS18HV24A36,"H,DE33(6,9)36",28600,19400,,,10,17.5,No,8.382,,1.003,
5034418,MB,R0J,E,2022-12-01,2022,Single Detached,313.9,One storey,1977,C1;F1,1.0,3.9256,23112.0,23.112,46451.0,12903.2,97363.2,27045.5,12903.2,0.0,0.0,0.0,0.0,207312174,Ground,,16236.1,F,0.0,3.7,0.0,,,0.0,,,C448,Conventional A/C,5.33,Baseboard/Hydronic/Plenum(duct) htrs.,Electricity,Wood fireplace,Mixed Wood,No,,,,,,,,,,,,,,
5015307,MB,R3R,E,2022-11-01,2022,Single Detached,142.4,Two storeys,1954,B1;B2,1.0,5.161,15518.0,15.518,61286.7,17024.2,106512.4,29587.0,17024.3,0.0,0.0,0.0,0.0,9854626,Air,,8792.1,T,8.79,4.54,2.81,,,100.0,,,ESTAR,Mini-split ductless,4.165,Baseboard/Hydronic/Plenum(duct) htrs.,Electricity,Advanced airtight wood stove,Hardwood,Yes,CARRIER,38MGRQ30D--3,,28000,24600,20400,1.85,9.5,22.5,No,8.206,5.979,0.529,0.385
5048197,MB,R2K,E,2022-10-01,2022,Single Detached,145.2,One storey,1959,B1;B2,1.0,2.6081,10979.8,10.98,6134.5,1704.0,97442.7,27067.6,1703.9,12512.6,0.0,0.0,0.0,207202288,Air,,5509.7,T,5.33,4.916,2.0,,,72.0,,,ESTAR,Central split system,3.4405,Condensing furnace,Natural Gas,,,Yes,CARRIER,38MARBQ18AA3,CAP**2417AL*,18800,14700,,,11,17.5,No,5.51,,0.502,
1960228,MB,R2G,E,2022-10-01,2022,Single Detached,205.6,One storey,1976,B1,1.0,2.7985,14853.3,14.853,22706.2,6307.3,150003.2,41667.9,6307.3,19031.0,0.0,0.0,0.0,207098551,Air,,8580.0,T,6.39,2.152,2.0,,,70.0,,,ESTAR,Central split system,1.8144,Furnace with continuous pilot,Natural Gas,Wood fireplace,Mixed Wood,Yes,CARRIER,38MARBQ24AA3,CNPV*3017AL*,25400,15500,,,10,15.5,No,7.444,,0.501,
1992183,MB,R0K,E,2022-12-01,2022,Single Detached,267.2,One storey,2011,B1,1.0,1.7686,9058.5,9.058,18372.7,5103.6,64686.9,17968.7,5103.7,0.0,0.0,0.0,0.0,207312016,Ground,,11136.7,F,0.0,3.8,0.0,,,0.0,,,C448,Conventional A/C,5.33,Electric furnace,Electricity,,,No,,,,,,,,,,,,,,
5002111,MB,R2L,E,2022-11-01,2022,Single Detached,197.9,Two storeys,1931,B1,1.0,3.9953,14443.6,14.444,9216.4,2560.1,125959.7,34989.1,2560.0,17447.9,0.0,0.0,0.0,201851577,Air,,7033.7,T,7.03,5.48,3.41,,,0.0,,,ESTAR,Mini-split ductless,3.498,Boiler  with spark ignition,Natural Gas,,,Yes,DAIKIN,3MXL24RMVJU,,24000,15500,,,12.5,18,No,7.034,,0.487,
1092971,MB,R3G,E,2022-12-01,2022,Single Detached,165.8,Two storeys,1949,B1;B2,1.0,4.86,15674.8,15.675,39230.6,10897.5,119034.8,33065.5,10897.6,7513.9,0.0,0.0,0.0,8033586,Air,,16280.0,T,7.03,3.38,2.09,,,102.0,,,ESTAR,Mini-split ductless,3.6,Induced draft fan boiler,Natural Gas,,,Yes,FUJITSU,AOU24RLXFZH,,24000,15400,25600,2.06,10,20,Yes,7.034,7.503,0.449,0.479
5002283,MB,R5G,E,2022-09-01,2022,Single Detached,249.3,One storey,2006,B1,1.0,0.6041,9658.1,9.658,33716.3,9365.7,79979.9,22216.8,9365.6,0.0,0.0,0.0,0.0,206249117,Air,,19770.0,T,10.55,3.01,1.83,,,83.0,,,ESTAR,Central split system,2.85,Electric furnace,Electricity,,,Yes,GREE,GUD36W/A-D(U),GUD36AH2/A-D(U),35000,29000,28000,1.80,9,16,Yes,10.257,8.206,1.062,0.85
5027054,MB,R0E,E,2022-11-01,2022,Single Detached,98.4,One storey,1960,C1;F1,1.0,6.5291,8306.2,8.306,21053.6,5848.3,70876.3,19688.0,5848.4,0.0,0.0,0.0,0.0,207599994,Air,,11090.0,T,7.33,3.73,2.04,,,72.0,,,ESTAR,Central split system,2.76,Electric furnace,Electricity,,,Yes,DAIKIN,DZ17VSA301B*,DV35FECC14A*,22800,17600,,,10,18,No,6.682,,0.804,
2009045,MB,R2M,E,2022-08-01,2022,Single Detached,171.5,One storey,1956,B1;B2;B3,1.0,2.2643,9409.6,9.41,14432.5,4009.1,72427.5,20118.9,4008.9,3208.1,0.0,0.0,0.0,207202288,Air,,9268.7,T,9.27,4.05,2.01,,,72.0,,,ESTAR,Central split system,3.53,Condensing furnace,Natural Gas,,,Yes,CARRIER,38MARBQ18AA3,CAP**2417AL*,18800,14700,,,11,17.5,No,5.51,,0.586,
5027909,MB,R7A,E,2022-11-01,2022,Single Detached,186.1,Split entry/Raised base.,1928,B1;B2;P1,1.0,1.7817,10551.6,10.552,15360.4,4266.8,58864.2,16351.3,4266.7,0.0,0.0,0.0,0.0,207335137,Ground,,9876.5,F,0.0,4.2,0.0,,,0.0,,,C448,Conventional A/C,6.0,Electric furnace,Electricity,,,No,,,,,,,,,,,,,,
5029578,MB,R4L,E,2022-12-01,2022,Single Detached,285.9,One storey,1972,B1;B2;P1,1.0,1.372,13968.1,13.968,55595.9,15443.4,105189.0,29219.4,15443.5,0.0,0.0,0.0,0.0,206249117,Air,,19769.4,T,10.55,3.01,1.83,,,83.0,,,ESTAR,Central split system,2.85,Electric furnace,Electricity,,,Yes,GREE,GUD36W/A-D(U),GUD36AH2/A-D(U),35000,29000,28000,1.80,9,16,Yes,10.257,8.206,0.734,0.587
5026089,MB,R0C,E,2022-12-01,2022,Single Detached,259.8,One storey,2020,C1;F1,1.0,0.49,8077.9,8.078,8186.4,2274.0,56420.1,15672.4,2273.9,0.0,0.0,0.0,0.0,205767474,Water,,8704.2,F,0.0,4.4,0.0,,,0.0,,,,Conventional A/C,5.95,Electric furnace,Electricity,,,No,,,,,,,,,,,,,,
703798,MB,R3B,E,2022-12-01,2022,Single Detached,134.1,One and a half,1904,B1;C1;F1,1.0,9.72,16493.5,16.494,20511.2,5697.6,106606.1,29613.0,5697.5,11007.9,0.0,0.0,0.0,208157170,Air,,8830.0,T,8.38,3.66,1.83,,,112.0,,,ESTAR,Central split system,2.88,Condensing furnace,Natural Gas,,,Yes,NAPOLEON,NS18HV24A36,"H,DE33(6,9)36",28600,19400,,,10,17.5,No,8.382,,0.508,
13069746,MB,R2V,E,2022-11-01,2022,Single Detached,228.3,One storey,1951,B1;C1;F1,1.0,5.8842,17930.1,17.93,35778.1,9938.4,115706.8,32141.0,9938.4,6004.2,0.0,0.0,0.0,9854622,Air,,30969.9,T,13.48,3.46,1.82,,,105.0,,,ESTAR,Mini-split ductless,3.16,Induced draft fan boiler,Natural Gas,Wood fireplace,Mixed Wood,Yes,,,,,,,,,,,,,,
5039846,MB,R2K,E,2022-11-01,2022,Single Detached,155.0,One storey,1947,B1;B2,1.0,4.3165,16123.9,16.124,9300.8,2583.6,130337.2,36205.1,2583.6,18079.9,0.0,0.0,0.0,207098550,Air,,7619.8,T,6.27,4.54,1.95,,,70.0,,,ESTAR,Central split system,3.153,Condensing furnace,Natural Gas,,,Yes,CARRIER,38MARBQ24AA3,CAP**2417AL*,26000,15800,,,10,15,No,7.62,,0.473,
5059552,MB,R3G,D,2022-11-01,2022,Single Detached,253.9,Two storeys,1910,B1,1.0,4.612,25755.1,25.755,5715.0,1587.5,251333.6,69815.4,1587.5,52194.6,0.0,0.0,0.0,205236967,Air,,996.4,F,0.0,4.202,0.0,,,0.0,,,,Mini-split ductless,3.498,Induced draft fan boiler,Natural Gas,Wood fireplace,Mixed Wood,Yes,SAMSUNG,AJ036TXS4CH,,34000,20600,,,9.1,18,No,9.964,,0.387,
1129193,MB,R3L,D,2022-12-01,2022,Single Detached,144.2,Two storeys,1910,B1,1.0,5.8925,13388.4,13.388,11578.4,3216.2,109548.8,30430.5,3216.1,15370.1,0.0,0.0,0.0,202564919,Air,,6857.8,F,0.0,3.863,0.0,,,0.0,,,,Not installed,0.0,Condensing furnace,Natural Gas,,,Yes,LENNOX,ML14XP1-024-230A**,C35-24B+TDR+TXV,22400,14500,,,8.2,14,No,6.565,,0.49,
5035525,MB,R4L,E,2022-12-01,2022,Single Detached,330.4,One storey,2020,B1,1.0,1.0181,8669.8,8.67,27817.2,7727.1,74636.5,20732.5,7727.0,0.0,0.0,0.0,0.0,206249117,Air,,19769.4,T,10.55,3.01,1.83,,,83.0,,,ESTAR,Central split system,2.85,Electric furnace,Electricity,,,Yes,GREE,GUD36W/A-D(U),GUD36AH2/A-D(U),35000,29000,28000,1.80,9,16,Yes,10.257,8.206,1.183,0.947
1967297,MB,R7A,P,2022-01-01,2022,Apartment,535.6,Two storeys,2021,B1;P1,6.0,1.5,14014.3,14.014,47812.5,13281.4,215705.7,59918.7,13281.2,0.0,0.0,0.0,0.0,202606684,Air,,21101.1,f,0.0,3.886,0.0,,,0.0,,,,Mini-split ductless,3.613,Baseboard/Hydronic/Plenum(duct) htrs.,Electricity,,,Yes,SENVILLE,SENL/12CD/OX,SENL/12CD/IX,12000,7500,,,8.3,19,No,3.517,,0.251,
1979648,MB,R0E,P,2022-02-01,2022,Single Detached,777.7,Two storeys,2021,,1.0,1.5,18136.4,18.136,63023.3,17506.6,109130.6,30314.3,17506.5,0.0,0.0,0.0,0.0,205291859,Air,,87723.2,f,0.0,3.3,0.0,,,0.0,,,,Mini-split ductless,4.05,Electric boiler,Electricity,Wood fireplace,Mixed Wood,Yes,SAMSUNG,AJ036TXS4CH,,34000,21600,,,10.5,20,No,9.964,,0.549,
1987232,MB,R4L,P,2022-03-01,2022,Single Detached,296.0,One storey,2021,B1,1.0,1.5,8359.5,8.36,14073.2,3909.3,54632.5,15175.8,3909.2,0.0,0.0,0.0,0.0,203466716,Ground,,11195.3,f,0.0,4.0,0.0,,,0.0,,,C448,Conventional A/C,5.66,Electric furnace,Electricity,Other (describe),Electricity,No,,,,,,,,,,,,,,
1975520,MB,R0K,P,2021-12-01,2021,Single Detached,353.6,One storey,2021,C1;F1,1.0,1.5,10814.9,10.815,12201.9,3389.4,63008.2,17502.4,3389.5,0.0,0.0,0.0,0.0,10445243,Ground,,13657.1,f,0.0,3.8,0.0,,,0.0,,,,Conventional A/C,3.55665,Electric furnace,Electricity,Fireplace with spark ignit. (sealed),Propane,No,,,,,,,,,,,,,,
2047143,MB,R0J,P,2022-06-01,2022,Single Detached,284.3,Two storeys,2022,B1,1.0,1.5,7584.3,7.584,20206.8,5613.0,62924.5,17479.2,5613.1,0.0,0.0,0.0,0.0,206223044,Air,,16869.4,t,7.62,3.45,1.91,,,100.0,,,ESTAR,Central split system,3.35,Electric furnace,Electricity,,,Yes,,,,,,,,,,,,,,
2055977,MB,R5G,P,2021-11-01,2021,Apartment,85.0,One storey,2021,,16.0,3.57,2780.9,2.781,3286.5,912.9,32650.5,9069.7,913.1,0.0,0.0,0.0,0.0,205132630,Air,,6154.5,f,0.0,3.0,0.0,,,0.0,,,,Central split system,3.46,Electric boiler,Electricity,,,Yes,SAMSUNG,AR09TSFABWKX,AR09TSFABWKN,9000,6700,13100,,12.5,24.5,No,2.638,3.839,0.948,1.381
2055990,MB,R5G,P,2021-11-01,2021,Apartment,86.5,One storey,2021,,16.0,3.57,2823.9,2.824,3420.2,950.1,32752.8,9098.1,950.0,0.0,0.0,0.0,0.0,205132630,Air,,6154.5,f,0.0,3.0,0.0,,,0.0,,,,Central split system,3.46,Electric boiler,Electricity,,,Yes,SAMSUNG,AR09TSFABWKX,AR09TSFABWKN,9000,6700,13100,,12.5,24.5,No,2.638,3.839,0.934,1.36
2055991,MB,R5G,P,2021-11-01,2021,Apartment,87.0,One storey,2021,,16.0,3.57,3059.9,3.06,1991.0,553.1,33287.1,9246.5,553.1,507.5,0.0,0.0,0.0,205132630,Air,,6154.5,f,0.0,3.0,0.0,,,0.0,,,,Central split system,3.46,Induced draft fan boiler,Natural Gas,,,Yes,SAMSUNG,AR09TSFABWKX,AR09TSFABWKN,9000,6700,13100,,12.5,24.5,No,2.638,3.839,0.862,1.255
2058227,MB,R7A,P,2021-07-01,2021,Detached Triplex,94.6,One storey,2021,,3.0,2.5,2587.4,2.587,5939.3,1649.8,34952.7,9709.2,1649.7,0.0,0.0,0.0,0.0,207338159,Air,,11251.3,t,0.0,2.9,0.0,,,0.0,,,,Mini-split ductless,3.49,Baseboard/Hydronic/Plenum(duct) htrs.,Electricity,,,Yes,PERFECTAIRE,3PAMSHH18-SZO-20.5,2PAMSHH18-SZW-20,18000,10900,16400,1.90,10,19.4,No,5.275,4.806,2.039,1.858
2055973,MB,R5G,P,2021-11-01,2021,Apartment,86.5,One storey,2021,,16.0,3.57,3559.6,3.56,6159.5,1711.0,35089.3,9747.1,1710.8,0.0,0.0,0.0,0.0,205132630,Air,,6154.5,f,0.0,3.0,0.0,,,0.0,,,,Central split system,3.46,Electric boiler,Electricity,,,Yes,SAMSUNG,AR09TSFABWKX,AR09TSFABWKN,9000,6700,13100,,12.5,24.5,No,2.638,3.839,0.741,1.079
2055993,MB,R5G,P,2021-11-01,2021,Apartment,84.5,One storey,2021,,16.0,3.57,3352.5,3.352,5865.6,1629.3,34390.3,9552.9,1629.5,0.0,0.0,0.0,0.0,205132630,Air,,6154.5,f,0.0,3.0,0.0,,,0.0,,,,Mini-split ductless,3.46,Electric boiler,Electricity,,,Yes,SAMSUNG,AR09TSFABWKX,AR09TSFABWKN,9000,6700,13100,,12.5,24.5,No,2.638,3.839,0.787,1.145
2051374,MB,R6W,P,2022-07-01,2022,"Row house, end unit",151.3,One storey,2022,C1;F1,1.0,1.5,5989.7,5.99,5728.1,1591.2,52428.6,14563.6,1591.1,0.0,0.0,0.0,0.0,207318097,Ground,,7619.8,f,0.0,3.6,0.0,,,0.0,,,,Conventional A/C,4.55,Electric furnace,Electricity,,,No,,,,,,,,,,,,,,
2051497,MB,R5G,P,2022-07-01,2022,Single Detached,337.7,One storey,2022,B1,1.0,1.5,9720.1,9.72,29393.8,8165.0,73196.1,20332.4,8165.1,0.0,0.0,0.0,0.0,202541728,Air,,6682.0,f,0.0,3.72,0.0,,,0.0,,,,Central split system,3.268,Electric furnace,Electricity,,,Yes,GOODMAN,GSZC160241C*,AVPTC31C14B*,22800,14600,,,9,16,No,6.682,,0.687,
2051375,MB,R6W,P,2022-07-01,2022,"Row house, end unit",151.3,One storey,2022,C1;F1,1.0,1.5,6083.6,6.084,5257.6,1460.5,54132.1,15036.8,1460.6,0.0,0.0,0.0,0.0,207318097,Ground,,7619.8,f,0.0,3.6,0.0,,,0.0,,,,Conventional A/C,4.55,Electric furnace,Electricity,,,No,,,,,,,,,,,,,,
2057029,MB,R2H,P,2022-09-01,2022,Single Detached,225.3,Two storeys,2022,,1.0,1.5,6002.0,6.002,13408.5,3724.6,58457.9,16238.4,3724.5,0.0,0.0,0.0,0.0,204627022,Air,,13739.5,t,8.21,3.33,1.76,,,100.0,,,,Central split system,3.85,Baseboard/Hydronic/Plenum(duct) htrs.,Electricity,Baseboard/Hydronic/Plenum(duct) htrs,Electricity,Yes,Mitsubishi Electric,SUZ-KA18NAHZ,SEZ-KD18NA4,21600,14200,,,10.9,19.1,No,6.33,,1.055,
2057424,MB,R0K,P,2022-07-01,2022,Single Detached,241.6,One storey,2022,,1.0,1.5,7206.5,7.206,10845.2,3012.6,52641.0,14622.6,3012.5,0.0,0.0,0.0,0.0,10445242,Ground,,11136.7,f,0.0,3.8,0.0,,,0.0,,,,Conventional A/C,5.33,Electric furnace,Electricity,,,No,,,,,,,,,,,,,,
2047858,MB,R0K,P,2022-07-01,2022,Single Detached,408.4,Two storeys,2022,C1;F1,1.0,1.5,9545.9,9.546,17570.5,4880.7,81673.2,22687.2,4880.9,2771.4,0.0,0.0,0.0,20690990,Air,,12177.7,f,0.0,3.34,0.0,,,0.0,,,,Mini-split ductless,2.94,Condensing boiler,Natural Gas,Fireplace with spark ignit. (sealed),Natural Gas,Yes,,,,,,,,,,,,,,
2055989,MB,R5G,P,2021-11-01,2021,Apartment,85.0,One storey,2021,,16.0,3.57,2782.4,2.782,3296.6,915.7,32653.3,9070.4,915.8,0.0,0.0,0.0,0.0,205132630,Air,,6154.5,f,0.0,3.0,0.0,,,0.0,,,,Central split system,3.46,Electric boiler,Electricity,,,Yes,SAMSUNG,AR09TSFABWKX,AR09TSFABWKN,9000,6700,13100,,12.5,24.5,No,2.638,3.839,0.948,1.38
2055992,MB,R5G,P,2021-11-01,2021,Apartment,87.0,One storey,2021,,16.0,3.57,2835.4,2.835,3454.0,959.5,32778.7,9105.3,959.5,0.0,0.0,0.0,0.0,205132630,Air,,6154.5,f,0.0,3.0,0.0,,,0.0,,,,Central split system,3.46,Electric boiler,Electricity,,,Yes,SAMSUNG,AR09TSFABWKX,AR09TSFABWKN,9000,6700,13100,,12.5,24.5,No,2.638,3.839,0.93,1.354
2055994,MB,R5G,P,2021-11-01,2021,Apartment,86.5,One storey,2021,,16.0,3.57,2823.9,2.824,3420.2,950.1,32752.8,9098.1,950.0,0.0,0.0,0.0,0.0,205132630,Air,,6154.5,f,0.0,3.0,0.0,,,0.0,,,,Central split system,3.46,Electric boiler,Electricity,,,Yes,SAMSUNG,AR09TSFABWKX,AR09TSFABWKN,9000,6700,13100,,12.5,24.5,No,2.638,3.839,0.934,1.36
2058226,MB,R7A,P,2022-07-01,2022,Detached Triplex,94.6,One storey,2022,,3.0,2.5,3066.4,3.066,8147.2,2263.1,36595.8,10165.6,2263.1,0.0,0.0,0.0,0.0,207338159,Air,,11251.3,t,0.0,2.9,0.0,,,0.0,,,,Mini-split ductless,3.49,Baseboard/Hydronic/Plenum(duct) htrs.,Electricity,,,Yes,PERFECTAIRE,3PAMSHH18-SZO-20.5,2PAMSHH18-SZW-20,18000,10900,16400,1.90,10,19.4,No,5.275,4.806,1.72,1.567
2047893,MB,R0G,P,2022-06-01,2022,Single Detached,733.2,One storey,2021,B1;B2,1.0,1.5,19014.8,19.015,34981.9,9717.3,78431.3,21786.6,9717.3,0.0,0.0,0.0,0.0,207318097,Ground,,18170.4,f,0.0,3.66,0.0,,,0.0,,,,Conventional A/C,4.65,Electric furnace,Electricity,Fireplace with spark ignit. (sealed),Natural Gas,No,,,,,,,,,,,,,,
2087404,MB,R0C,P,2022-12-01,2022,Single Detached,328.9,One storey,2022,B1,1.0,1.5,6619.6,6.62,24452.5,6792.4,67993.8,18887.3,6792.6,0.0,0.0,0.0,0.0,206223048,Air,,20837.1,f,0.0,3.58,0.0,,,0.0,,,,Central split system,3.82,Electric furnace,Electricity,,,Yes,,,,,,,,,,,,,,
2073135,MB,R0C,P,2022-10-01,2022,Single Detached,563.5,Two storeys,2022,B1,1.0,1.5,14698.8,14.699,49532.2,13759.1,92750.1,25764.1,11705.9,6640.6,0.0,0.0,0.0,206223059,Air,,30530.0,f,0.0,3.34,0.0,,,0.0,,,,Central split system,3.67,Electric furnace,Electricity,Fireplace with spark ignit. (sealed),Natural Gas,Yes,,,,,,,,,,,,,,
2065979,MB,R0G,P,2022-09-01,2022,Single Detached,224.8,One storey,2021,C1;F1,1.0,1.5,6939.1,6.939,16084.3,4467.9,64718.0,17977.4,4467.8,0.0,0.0,0.0,0.0,206223044,Air,,16185.1,t,8.21,3.21,1.91,,,100.0,,,,Central split system,3.35,Electric furnace,Electricity,,,Yes,,,,,,,,,,,,,,
2079838,MB,R1N,P,2022-10-01,2022,Single Detached,506.2,One storey,2022,B1,1.0,1.5,9799.0,9.799,21003.8,5834.4,62574.9,17382.1,5834.5,0.0,0.0,0.0,0.0,207312018,Ground,,15972.4,f,0.0,3.7,0.0,,,0.0,,,C448,Conventional A/C,5.01,Electric furnace,Electricity,,,No,,,,,,,,,,,,,,
2079862,MB,R2H,P,2022-10-01,2022,Single Detached,309.0,Two storeys,2022,B1,1.0,1.5,10172.9,10.173,28050.3,7791.8,74923.4,20812.2,7791.7,0.0,0.0,0.0,0.0,206223059,Air,,30532.1,f,0.0,3.34,0.0,,,0.0,,,,Central split system,3.77,Electric furnace,Electricity,,,Yes,,,,,,,,,,,,,,
2078150,MB,R0A,P,2022-11-01,2022,Single Detached,299.5,One storey,2022,,1.0,1.5,12868.6,12.869,19175.6,5326.6,81906.1,22751.9,5326.7,0.0,0.0,2494.2,0.0,8979150,Air,,21136.0,f,0.0,3.12,0.0,,,0.0,,,,Mini-split ductless,2.82,Condensing boiler,Propane,Advanced airtight wood stove,Mixed Wood,Yes,,,,,,,,,,,,,,
2085585,MB,R9A,P,2022-11-01,2022,Single Detached,364.3,Two storeys,2022,B1,1.0,1.5,16324.2,16.324,42200.3,11722.4,81935.9,22760.2,11722.3,0.0,0.0,0.0,0.0,207312174,Ground,,16236.1,f,0.0,5.33,0.0,,,0.0,,,,Conventional A/C,3.7,Electric furnace,Electricity,Other (describe),Electricity,No,,,,,,,,,,,,,,
2073965,MB,R4H,P,2022-10-01,2022,Single Detached,419.9,Two storeys,2022,B1,1.0,1.5,11167.3,11.167,32585.5,9051.6,77382.7,21495.4,9051.7,0.0,0.0,0.0,0.0,20622052,Air,,24171.3,f,0.0,3.4,0.0,,,0.0,,,,Central split system,3.77,Electric furnace,Electricity,,,Yes,,,,,,,,,,,,,,
2080724,MB,R6W,P,2022-10-01,2022,"Row house, end unit",230.1,One storey,2022,C1;F1,1.0,1.5,7305.7,7.306,6940.8,1928.0,52653.0,14626.0,1928.1,0.0,0.0,0.0,0.0,7492839,Ground,,10550.6,f,0.0,3.7,0.0,,,0.0,,,C448,Conventional A/C,4.72,Electric furnace,Electricity,,,No,,,,,,,,,,,,,,
2087379,MB,R0B,P,2022-11-01,2022,Single Detached,279.0,Two storeys,2022,C1;F1,1.0,1.5,10499.4,10.499,14481.7,4022.7,64894.5,18026.4,4022.8,0.0,0.0,0.0,0.0,207318098,Water,,10550.6,f,0.0,3.7,0.0,,,0.0,,,C448,Conventional A/C,4.72,Baseboard/Hydronic/Plenum(duct) htrs.,Electricity,,,No,,,,,,,,,,,,,,
2066216,MB,R0G,P,2022-09-01,2022,Single Detached,219.6,One storey,2022,C1;F1,1.0,1.5,7534.1,7.534,14303.4,3973.2,65858.5,18294.2,3973.1,0.0,0.0,0.0,0.0,205819593,Air,,10023.0,f,0.0,3.559,0.0,,,0.0,,,,Central split system,3.038,Electric furnace,Electricity,Fireplace with spark ignit. (sealed),Natural Gas,Yes,RUUD,WP1436AJ1,WH1T3617STAN,34200,21400,,,8.5,14,No,10.023,,1.33,
1967297,MB,R7A,N,2022-01-01,2022,Apartment,535.6,Two storeys,2021,B1;P1,6.0,1.22,13486.5,13.486,46243.7,12845.6,214178.5,59494.5,12845.7,0.0,0.0,0.0,0.0,202606684,Air,,21101.1,f,0.0,3.886,0.0,,,0.0,,,,Mini-split ductless,3.613,Baseboard/Hydronic/Plenum(duct) htrs.,Electricity,,,Yes,SENVILLE,SENL/12CD/OX,SENL/12CD/IX,12000,7500,,,8.3,19,No,3.517,,0.261,
2085585,MB,R9A,N,2022-11-01,2022,Single Detached,364.3,Two storeys,2022,B1,1.0,1.1138,15592.9,15.593,40960.7,11378.1,80730.3,22425.3,11378.1,0.0,0.0,0.0,0.0,207312174,Ground,,16236.1,f,0.0,5.33,0.0,,,0.0,,,,Conventional A/C,3.7,Electric furnace,Electricity,Other (describe),Electricity,No,,,,,,,,,,,,,,
2079862,MB,R2H,N,2022-10-01,2022,Single Detached,309.0,Two storeys,2022,B1,1.0,0.802,9051.3,9.051,24412.0,6781.2,71455.9,19849.0,6781.2,0.0,0.0,0.0,0.0,206223059,Air,,30532.1,f,0.0,3.34,0.0,,,0.0,,,,Central split system,3.77,Electric furnace,Electricity,,,Yes,,,,,,,,,,,,,,
2073965,MB,R4H,N,2022-10-01,2022,Single Detached,419.9,Two storeys,2022,B1,1.0,0.5601,9117.6,9.118,25290.9,7025.3,70390.8,19553.2,7025.3,0.0,0.0,0.0,0.0,20622052,Air,,24171.3,f,0.0,3.4,0.0,,,0.0,,,,Central split system,3.77,Electric furnace,Electricity,,,Yes,,,,,,,,,,,,,,
1982691,MB,R0G,N,2020-10-01,2020,Single Detached,281.7,One storey,2020,B1,1.0,0.4383,6851.3,6.851,21985.7,6107.2,65298.9,18138.7,6107.3,0.0,0.0,0.0,0.0,201629871,Air,,8030.0,f,0.0,3.461,0.0,,,0.0,,,,Central split system,3.038,Electric furnace,Electricity,,,Yes,RHEEM,RP1430AJ1,RH1T3617STAN,27400,16600,,,8.2,14,No,8.03,,1.172,
2047858,MB,R0K,N,2022-07-01,2022,Single Detached,408.4,Two storeys,2022,C1;F1,1.0,0.4855,8279.4,8.279,15744.2,4373.4,75714.9,21032.1,4373.4,1491.7,0.0,0.0,0.0,20690990,Air,,12177.7,f,0.0,3.34,0.0,,,0.0,,,,Mini-split ductless,2.94,Condensing boiler,Natural Gas,Fireplace with spark ignit. (sealed),Natural Gas,Yes,,,,,,,,,,,,,,
2051374,MB,R6W,N,2022-07-01,2022,"Row house, end unit",151.3,One storey,2022,C1;F1,1.0,1.4368,6011.0,6.011,5738.2,1594.0,52440.4,14566.9,1593.9,0.0,0.0,0.0,0.0,207318097,Ground,,7619.8,f,0.0,3.6,0.0,,,0.0,,,,Conventional A/C,4.55,Electric furnace,Electricity,,,No,,,,,,,,,,,,,,
2055994,MB,R5G,N,2021-11-01,2021,Apartment,86.5,One storey,2021,,16.0,2.77,2787.9,2.788,3476.6,965.7,32787.1,9107.6,965.8,0.0,0.0,0.0,0.0,205132630,Air,,6154.5,f,0.0,3.0,0.0,,,0.0,,,,Central split system,3.46,Electric boiler,Electricity,,,Yes,SAMSUNG,AR09TSFABWKX,AR09TSFABWKN,9000,6700,13100,,12.5,24.5,No,2.638,3.839,0.946,1.377
2055990,MB,R5G,N,2021-11-01,2021,Apartment,86.5,One storey,2021,,16.0,2.77,2787.9,2.788,3476.6,965.7,32787.1,9107.6,965.8,0.0,0.0,0.0,0.0,205132630,Air,,6154.5,f,0.0,3.0,0.0,,,0.0,,,,Central split system,3.46,Electric boiler,Electricity,,,Yes,SAMSUNG,AR09TSFABWKX,AR09TSFABWKN,9000,6700,13100,,12.5,24.5,No,2.638,3.839,0.946,1.377
2051375,MB,R6W,N,2022-07-01,2022,"Row house, end unit",151.3,One storey,2022,C1;F1,1.0,1.096,6001.8,6.002,5126.6,1424.1,54014.3,15004.1,1424.2,0.0,0.0,0.0,0.0,207318097,Ground,,7619.8,f,0.0,3.6,0.0,,,0.0,,,,Conventional A/C,4.55,Electric furnace,Electricity,,,No,,,,,,,,,,,,,,
2055992,MB,R5G,N,2021-11-01,2021,Apartment,87.0,One storey,2021,,16.0,2.76,2709.1,2.709,3275.9,910.0,32606.9,9057.5,910.0,0.0,0.0,0.0,0.0,205132630,Air,,6154.5,f,0.0,3.0,0.0,,,0.0,,,,Central split system,3.46,Electric boiler,Electricity,,,Yes,SAMSUNG,AR09TSFABWKX,AR09TSFABWKN,9000,6700,13100,,12.5,24.5,No,2.638,3.839,0.974,1.417
2080724,MB,R6W,N,2022-10-01,2022,"Row house, end unit",230.1,One storey,2022,C1;F1,1.0,0.9696,7099.6,7.1,6600.6,1833.5,52347.5,14541.1,1833.6,0.0,0.0,0.0,0.0,7492839,Ground,,10550.6,f,0.0,3.7,0.0,,,0.0,,,C448,Conventional A/C,4.72,Electric furnace,Electricity,,,No,,,,,,,,,,,,,,
2058227,MB,R7A,N,2021-07-01,2021,Detached Triplex,94.6,One storey,2021,,3.0,1.59,2421.5,2.422,5435.2,1509.8,34472.3,9575.7,1509.7,0.0,0.0,0.0,0.0,207338159,Air,,11251.3,t,0.0,2.9,0.0,,,0.0,,,,Mini-split ductless,3.49,Baseboard/Hydronic/Plenum(duct) htrs.,Electricity,,,Yes,PERFECTAIRE,3PAMSHH18-SZO-20.5,2PAMSHH18-SZW-20,18000,10900,16400,1.90,10,19.4,No,5.275,4.806,2.179,1.985
1987232,MB,R4L,N,2022-03-01,2022,Single Detached,296.0,One storey,2021,B1,1.0,1.3379,8328.4,8.328,14076.6,3910.2,54632.6,15175.8,3910.3,0.0,0.0,0.0,0.0,203466716,Ground,,11195.3,f,0.0,4.0,0.0,,,0.0,,,C448,Conventional A/C,5.66,Electric furnace,Electricity,Other (describe),Electricity,No,,,,,,,,,,,,,,
2058226,MB,R7A,N,2022-07-01,2022,Detached Triplex,94.6,One storey,2022,,3.0,2.2691,3203.8,3.204,8743.9,2428.9,37157.3,10321.6,2428.9,0.0,0.0,0.0,0.0,207338159,Air,,11251.3,t,0.0,2.9,0.0,,,0.0,,,,Mini-split ductless,3.49,Baseboard/Hydronic/Plenum(duct) htrs.,Electricity,,,Yes,PERFECTAIRE,3PAMSHH18-SZO-20.5,2PAMSHH18-SZW-20,18000,10900,16400,1.90,10,19.4,No,5.275,4.806,1.647,1.5
2055973,MB,R5G,N,2021-11-01,2021,Apartment,86.5,One storey,2021,,16.0,2.42,3319.6,3.32,5716.9,1588.0,34661.6,9628.3,1588.1,0.0,0.0,0.0,0.0,205132630,Air,,6154.5,f,0.0,3.0,0.0,,,0.0,,,,Central split system,3.46,Electric boiler,Electricity,,,Yes,SAMSUNG,AR09TSFABWKX,AR09TSFABWKN,9000,6700,13100,,12.5,24.5,No,2.638,3.839,0.795,1.157
2066216,MB,R0G,N,2022-09-01,2022,Single Detached,219.6,One storey,2022,C1;F1,1.0,1.3073,7772.6,7.773,15019.7,4172.2,66492.0,18470.1,4172.3,0.0,0.0,0.0,0.0,205819593,Air,,10023.0,f,0.0,3.559,0.0,,,0.0,,,,Central split system,3.038,Electric furnace,Electricity,Fireplace with spark ignit. (sealed),Natural Gas,Yes,RUUD,WP1436AJ1,WH1T3617STAN,34200,21400,,,8.5,14,No,10.023,,1.29,
2087379,MB,R0B,N,2022-11-01,2022,Single Detached,279.0,Two storeys,2022,C1;F1,1.0,1.1754,10635.4,10.635,14840.1,4122.3,65177.9,18105.1,4122.3,0.0,0.0,0.0,0.0,207318098,Water,,10550.6,f,0.0,3.7,0.0,,,0.0,,,C448,Conventional A/C,4.72,Baseboard/Hydronic/Plenum(duct) htrs.,Electricity,,,No,,,,,,,,,,,,,,
2073135,MB,R0C,N,2022-10-01,2022,Single Detached,563.5,Two storeys,2022,B1,1.0,0.5778,11971.6,11.972,40059.0,11127.6,83461.4,23183.9,9278.7,5901.7,0.0,0.0,0.0,206223059,Air,,30530.0,f,0.0,3.34,0.0,,,0.0,,,,Central split system,3.67,Electric furnace,Electricity,Fireplace with spark ignit. (sealed),Natural Gas,Yes,,,,,,,,,,,,,,
2055993,MB,R5G,N,2021-11-01,2021,Apartment,84.5,One storey,2021,,16.0,2.5,3185.7,3.186,5605.6,1557.1,34134.3,9481.8,1557.2,0.0,0.0,0.0,0.0,205132630,Air,,6154.5,f,0.0,3.0,0.0,,,0.0,,,,Mini-split ductless,3.46,Electric boiler,Electricity,,,Yes,SAMSUNG,AR09TSFABWKX,AR09TSFABWKN,9000,6700,13100,,12.5,24.5,No,2.638,3.839,0.828,1.205
2055989,MB,R5G,N,2021-11-01,2021,Apartment,85.0,One storey,2021,,16.0,3.21,2918.4,2.918,3725.7,1034.9,33029.3,9174.9,1035.0,0.0,0.0,0.0,0.0,205132630,Air,,6154.5,f,0.0,3.0,0.0,,,0.0,,,,Central split system,3.46,Electric boiler,Electricity,,,Yes,SAMSUNG,AR09TSFABWKX,AR09TSFABWKN,9000,6700,13100,,12.5,24.5,No,2.638,3.839,0.904,1.316
2057029,MB,R2H,N,2022-09-01,2022,Single Detached,225.3,Two storeys,2022,,1.0,0.545,5110.8,5.111,10434.7,2898.6,55688.1,15469.0,2898.6,0.0,0.0,0.0,0.0,204627022,Air,,13739.5,t,8.21,3.33,1.76,,,100.0,,,,Central split system,3.85,Baseboard/Hydronic/Plenum(duct) htrs.,Electricity,Baseboard/Hydronic/Plenum(duct) htrs,Electricity,Yes,Mitsubishi Electric,SUZ-KA18NAHZ,SEZ-KD18NA4,21600,14200,,,10.9,19.1,No,6.33,,1.239,
2055977,MB,R5G,N,2021-11-01,2021,Apartment,85.0,One storey,2021,,16.0,2.88,2616.4,2.616,2989.4,830.4,32376.1,8993.4,830.3,0.0,0.0,0.0,0.0,205132630,Air,,6154.5,f,0.0,3.0,0.0,,,0.0,,,,Central split system,3.46,Electric boiler,Electricity,,,Yes,SAMSUNG,AR09TSFABWKX,AR09TSFABWKN,9000,6700,13100,,12.5,24.5,No,2.638,3.839,1.008,1.467
2055991,MB,R5G,N,2021-11-01,2021,Apartment,87.0,One storey,2021,,16.0,2.63,3002.5,3.002,2043.0,567.5,33296.9,9249.2,567.5,505.6,0.0,0.0,0.0,205132630,Air,,6154.5,f,0.0,3.0,0.0,,,0.0,,,,Central split system,3.46,Induced draft fan boiler,Natural Gas,,,Yes,SAMSUNG,AR09TSFABWKX,AR09TSFABWKN,9000,6700,13100,,12.5,24.5,No,2.638,3.839,0.878,1.279
1979648,MB,R0E,N,2022-02-01,2022,Single Detached,777.7,Two storeys,2021,,1.0,0.3605,14172.3,14.172,46993.9,13054.0,93439.5,25955.6,13054.0,0.0,0.0,0.0,0.0,205291859,Air,,87723.2,f,0.0,3.3,0.0,,,0.0,,,,Mini-split ductless,4.05,Electric boiler,Electricity,Wood fireplace,Mixed Wood,Yes,SAMSUNG,AJ036TXS4CH,,34000,21600,,,10.5,20,No,9.964,,0.703,
1975520,MB,R0K,N,2021-12-01,2021,Single Detached,353.6,One storey,2021,C1;F1,1.0,1.1371,10401.9,10.402,11531.2,3203.1,62499.2,17361.0,3203.1,0.0,0.0,0.0,0.0,10445243,Ground,,13657.1,f,0.0,3.8,0.0,,,0.0,,,,Conventional A/C,3.55665,Electric furnace,Electricity,Fireplace with spark ignit. (sealed),Propane,No,,,,,,,,,,,,,,
2057424,MB,R0K,N,2022-07-01,2022,Single Detached,241.6,One storey,2022,,1.0,0.7095,6659.6,6.66,10026.3,2785.1,51840.6,14400.3,2785.0,0.0,0.0,0.0,0.0,10445242,Ground,,11136.7,f,0.0,3.8,0.0,,,0.0,,,,Conventional A/C,5.33,Electric furnace,Electricity,,,No,,,,,,,,,,,,,,
2065979,MB,R0G,N,2022-09-01,2022,Single Detached,224.8,One storey,2021,C1;F1,1.0,1.0764,6854.1,6.854,15819.2,4394.3,64468.9,17908.2,4394.2,0.0,0.0,0.0,0.0,206223044,Air,,16185.1,t,8.21,3.21,1.91,,,100.0,,,,Central split system,3.35,Electric furnace,Electricity,,,Yes,,,,,,,,,,,,,,
2047893,MB,R0G,N,2022-06-01,2022,Single Detached,733.2,One storey,2021,B1;B2,1.0,0.94,17258.1,17.258,31757.8,8821.7,75306.5,20918.6,8821.7,0.0,0.0,0.0,0.0,207318097,Ground,,18170.4,f,0.0,3.66,0.0,,,0.0,,,,Conventional A/C,4.65,Electric furnace,Electricity,Fireplace with spark ignit. (sealed),Natural Gas,No,,,,,,,,,,,,,,
2051497,MB,R5G,N,2022-07-01,2022,Single Detached,337.7,One storey,2022,B1,1.0,0.5564,8387.5,8.388,24906.0,6918.4,68775.9,19104.6,6918.4,0.0,0.0,0.0,0.0,202541728,Air,,6682.0,f,0.0,3.72,0.0,,,0.0,,,,Central split system,3.268,Electric furnace,Electricity,,,Yes,GOODMAN,GSZC160241C*,AVPTC31C14B*,22800,14600,,,9,16,No,6.682,,0.797,
2047143,MB,R0J,N,2022-06-01,2022,Single Detached,284.3,Two storeys,2022,B1,1.0,0.6827,6166.4,6.166,15191.0,4219.8,58274.0,16187.4,4219.8,0.0,0.0,0.0,0.0,206223044,Air,,16869.4,t,7.62,3.45,1.91,,,100.0,,,ESTAR,Central split system,3.35,Electric furnace,Electricity,,,Yes,,,,,,,,,,,,,,
2078150,MB,R0A,N,2022-11-01,2022,Single Detached,299.5,One storey,2022,,1.0,0.8629,11861.3,11.861,17776.8,4938.0,79773.0,22159.3,4938.1,0.0,0.0,2270.0,0.0,8979150,Air,,21136.0,f,0.0,3.12,0.0,,,0.0,,,,Mini-split ductless,2.82,Condensing boiler,Propane,Advanced airtight wood stove,Mixed Wood,Yes,,,,,,,,,,,,,,
2079838,MB,R1N,N,2022-10-01,2022,Single Detached,506.2,One storey,2022,B1,1.0,0.7699,7996.7,7.997,16277.5,4521.6,58147.0,16152.1,4521.4,0.0,0.0,0.0,0.0,207312018,Ground,,15972.4,f,0.0,3.7,0.0,,,0.0,,,C448,Conventional A/C,5.01,Electric furnace,Electricity,,,No,,,,,,,,,,,,,,
2087404,MB,R0C,N,2022-12-01,2022,Single Detached,328.9,One storey,2022,B1,1.0,0.45,5419.0,5.419,18740.7,5205.8,62456.2,17349.1,5205.9,0.0,0.0,0.0,0.0,206223048,Air,,20837.1,f,0.0,3.58,0.0,,,0.0,,,,Central split system,3.82,Electric furnace,Electricity,,,Yes,,,,,,,,,,,,,,
309097,MB,R3G,E,2022-12-01,2022,Single Detached,159.5,Two storeys,1908,B1;B2,1,6.8524,17223.6,17.224,22134.9,6148.6,112719.9,31311.3,6148.7,12699.3,0.0,0.0,0.0,208157170,Air,,8831.1,T,8.83,3.66,1.83,,,112.0,,,ESTAR,Central split system,2.88,Condensing furnace,Natural Gas,,,Yes,NAPOLEON,NS18HV24A36,"H,DE33(6,9)36",28600,19400,,,10,17.5,No,8.382,,0.487,
103492,MB,R2L,E,2022-09-01,2022,Single Detached,180.4,Two storeys,1928,B1,1,4.2247,16694.6,16.695,37596.0,10443.4,101534.8,28204.3,10443.4,6578.9,0.0,0.0,0.0,201771988,Air,,18240.0,T,8.21,3.37,2.04,,,100.0,,,ESTAR,Not installed,0.0,Condensing heater,Natural Gas,Wood fireplace,Mixed Wood,Yes,LENNOX,MLA030S4M-1P,,28000,18000,,,10.4,22,No,8.206,,0.492,
1897661,MB,R1A,E,2023-08-01,2023,Single Detached,373.0,One storey,1970,B1,1,4.2589,18113.9,18.114,42594.1,11831.8,88450.6,24569.8,11831.8,0.0,0.0,0.0,0.0,4702484,Ground,,20000.0,F,0.0,3.6,0.0,,,0.0,,,,Conventional A/C,3.6,Electric furnace,Electricity,Wood fireplace,Mixed Wood,Yes,,,,,,,,,,,,,,
345550,MB,R3X,E,2023-03-01,2023,Single Detached,345.6,One storey,1981,B1,1,2.2095,15076.1,15.076,31792.0,8831.2,78528.1,21813.5,8831.2,0.0,0.0,0.0,0.0,207318098,Water,,10550.0,F,0.0,3.7,0.0,,,0.0,,,C448,Conventional A/C,4.72,Electric furnace,Electricity,,,No,,,,,,,,,,,,,,
460017,MB,R2H,E,2023-09-01,2023,Single Detached,261.7,Two storeys,1882,B1,1,3.6998,18462.7,18.463,40909.4,11363.8,126298.7,35083.3,11363.7,8427.6,0.0,0.0,0.0,207436478,Air,,18197.0,T,10.43,3.04,1.83,,,77.0,,,,Central split system,4.1,Condensing furnace,Natural Gas,,,Yes,LENNOX,SL25XPV-036-230A**,CX35-48C+TDR,35600,33200,27400,1.82,8.8,22,No,10.433,8.03,0.565,0.435
5078463,MB,R1A,E,2023-02-01,2023,Single Detached,426.4,One storey,1985,B1,1,1.0643,9313.0,9.313,19147.8,5318.9,66259.8,18405.6,5318.9,0.0,0.0,0.0,0.0,207312173,Water,,13833.0,F,0.0,4.6,0.0,,,0.0,,,C448,Conventional A/C,5.66,Electric furnace,Electricity,,,No,,,,,,,,,,,,,,
1923484,MB,R3G,E,2023-01-01,2023,Single Detached,134.5,Two storeys,1946,B1;B2,1,3.6646,11489.0,11.489,9759.7,2711.0,84787.6,23552.3,2711.1,8764.2,0.0,0.0,0.0,201771984,Air,,8206.0,F,0.0,4.126,0.0,,,0.0,,,,Mini-split ductless,4.073,Condensing heater,Natural Gas,,,Yes,LENNOX,MPB030S4M-1P,,28000,17200,,,9.2,23,No,8.206,,0.714,
1925746,MB,R2H,E,2023-07-01,2023,Single Detached,149.6,Two storeys,1949,B1,1,3.2435,13003.2,13.003,13554.6,3765.2,105937.0,29427.2,3765.3,13391.2,0.0,0.0,0.0,207098550,Air,,8787.2,T,7.62,3.48,1.95,,,70.0,,,,Central single package system,3.36,Condensing furnace,Natural Gas,,,Yes,CARRIER,38MARBQ24AA3,CAP**2417AL*,26000,15800,,,10,15,No,7.62,,0.586,
1931494,MB,R3N,E,2023-09-01,2023,Single Detached,183.9,One and a half,1950,B1;B2,1,6.17,16996.3,16.996,23112.1,6420.1,122429.9,34008.6,6420.1,12917.9,0.0,0.0,0.0,207098556,Air,,8719.7,T,7.56,3.55,2.0,,,70.0,,,,Central split system,3.36,Condensing furnace,Natural Gas,,,Yes,CARRIER,38MARBQ24AA3,CAP**2417AL*,25800,15700,,,10.5,15,No,7.561,,0.445,
1954564,MB,R2W,E,2023-12-01,2023,Single Detached,235.1,One and a half,1947,B1;B2;B3,1,4.0713,36191.9,36.192,42215.3,11726.6,243816.4,67727.3,11726.5,42554.2,0.0,0.0,0.0,8797150,Air,,7682.6,T,3.52,2.99,1.79,,,100.0,,,,Mini-split ductless,2.97,"Boiler  with spark ignit.,vent dmpr",Natural Gas,,,Yes,SENVILLE,SENA/12HF/OZ,SENA/12HF/IZ,12000,7800,,,9.1,19.9,No,3.517,,0.097,
1969473,MB,R3G,E,2023-12-01,2023,Single Detached,133.8,One storey,1927,B1;B2,1,4.22,11947.1,11.947,17914.8,4976.4,101054.8,28071.0,4976.4,7992.3,0.0,0.0,0.0,207436231,Air,,6358.2,T,6.33,3.1,1.83,,,94.0,,,,Central split system,4.4,Condensing furnace,Natural Gas,,,Yes,LENNOX,SL25XPV-024-230A**,CX35-36B+TDR,21600,24200,20600,1.84,9.1,22.4,No,6.33,6.037,0.53,0.505
1969758,MB,R5A,E,2023-11-01,2023,Single Detached,202.4,One storey,1985,B1,1,1.7929,10140.8,10.141,37572.8,10437.0,87233.6,24231.7,10437.0,0.0,0.0,0.0,0.0,208447893,Air,,17148.8,T,9.67,3.27,1.85,,,80.0,,,ESTAR,Central split system,2.88,Electric furnace,Electricity,Fireplace with spark ignit. (sealed),Natural Gas,Yes,BRYANT,38MURAQ30AB3,40MUAAQ30XA3,33000,21000,24000,1.80,8.9,16.2,Yes,9.671,7.034,0.954,0.694
1969849,MB,R1C,E,2023-05-01,2023,Single Detached,236.1,Two storeys,1978,C1;F1,1,2.57,12141.0,12.141,40029.2,11119.3,86326.3,23979.7,11119.3,0.0,0.0,0.0,0.0,207436166,Air,,6534.9,T,6.51,3.28,1.95,,,96.0,,,,Central split system,4.55,Electric furnace,Electricity,Advanced airtight wood stove,Mixed Wood,Yes,LENNOX,SL25XPV-024-230A**,CBA38MV-030-230*+TDR,22200,25200,21200,1.88,9.2,22.8,No,6.506,6.213,0.536,0.512
1995126,MB,R2L,E,2023-05-01,2023,Single Detached,274.5,One and a half,1952,B1,1,3.2074,17346.5,17.346,42944.6,11929.2,113332.2,31481.4,11929.3,7257.3,0.0,0.0,0.0,204711112,Air,,20129.3,T,8.79,3.53,1.98,,,93.0,,,ESTAR,Mini-split ductless,3.23,Condensing furnace,Natural Gas,,,Yes,CARRIER,38MGRQ30D--3,,30000,23000,19000,1.70,8.7,18.5,No,8.792,5.568,0.507,0.321
1997325,MB,R1A,E,2023-10-01,2023,Single Detached,262.9,One storey,1975,B1;B2,1,3.12,16578.0,16.578,80702.6,22417.6,126522.6,35145.4,22417.7,0.0,0.0,0.0,0.0,4397403,Air,,10667.8,F,0.0,4.051,0.0,,,0.0,,,ESTAR,Mini-split ductless,3.0955,Electric furnace,Electricity,,,Yes,,,,,,,,,,,,,,
1999528,MB,R0L,E,2023-04-01,2023,Single Detached,237.0,One storey,1984,B1,1,2.5914,10497.7,10.498,16371.3,4547.6,62062.5,17239.7,4547.5,0.0,0.0,0.0,0.0,207312173,Ground,,11195.3,F,0.0,4.0,0.0,,,0.0,,,C448,Conventional A/C,5.66,Electric furnace,Electricity,,,No,,,,,,,,,,,,,,
2008229,MB,R3L,E,2023-12-01,2023,Single Detached,148.9,Two storeys,1912,B1;B2;C1;F1,1,7.17,15952.3,15.952,49127.6,13646.7,93560.1,25989.1,13646.8,0.0,0.0,0.0,0.0,206788329,Air,,13166.8,T,7.8,4.02,2.48,,,74.0,,,ESTAR,Central split system,4.56,Electric furnace,Electricity,Advanced airtight wood stove,Mixed Wood,Yes,CARRIER,25VNA424A*031*,FE4ANF002L+UI,26600,24800,19800,2.48,10,21,No,7.796,5.803,0.489,0.364
2016506,MB,R2M,E,2023-11-01,2023,Single Detached,420.4,Two storeys,1986,B1;C1;F1,1,3.84,21108.5,21.108,20391.6,5664.4,139834.1,38843.1,5664.5,18454.9,0.0,0.0,0.0,206788994,Air,,17291.2,F,0.0,4.051,0.0,,,0.0,,,ESTAR,Central split system,3.728,Condensing furnace,Natural Gas,Fireplace with pilot (sealed),Natural Gas,Yes,CARRIER,25VNA460A*031*,CNPV*6124AL*+UI,59000,50000,,,10,20,No,17.291,,0.819,
2016616,MB,R3J,E,2023-12-01,2023,Single Detached,226.6,One and a half,1919,B1,1,5.87,19395.9,19.396,36001.3,10000.4,121795.7,33832.4,10000.4,11316.5,0.0,0.0,0.0,213153602,Air,,15057.4,T,9.5,3.31,1.8,,,72.0,,,,Central split system,3.41,Condensing furnace,Natural Gas,Fireplace with spark ignit. (sealed),Natural Gas,Yes,NAPOLEON,WSEHV2436RA1-N,HG34936,36000,21000,23600,1.80,8.5,15.2,No,10.551,6.916,0.544,0.357
5072001,MB,R3C,E,2022-12-01,2022,Single Detached,315.3,Three storeys,1906,B1;B2;C1;F1,1,6.674,28230.3,28.23,56876.3,15799.1,102964.6,28601.5,15799.0,0.0,0.0,0.0,0.0,7492841,Water,,15240.0,F,0.0,3.5,0.0,,,0.0,,,C448,Conventional A/C,4.81,Electric furnace,Electricity,,,No,,,,,,,,,,,,,,
2019936,MB,R5N,E,2023-01-01,2023,Single Detached,177.2,One storey,1978,B1,1,2.114,6021.7,6.022,19545.6,5429.4,64668.4,17963.6,5429.5,0.0,0.0,0.0,0.0,207098442,Air,,8584.3,T,7.44,3.63,2.0,,,70.0,,,ESTAR,Central split system,3.36,Electric furnace,Electricity,,,Yes,CARRIER,38MARBQ24AA3,FX4DNF025L,25400,15500,,,10.5,15.5,No,7.444,,1.236,
2024627,MB,R4K,E,2023-05-01,2023,Single Detached,401.6,One storey,1999,B1;B2,1,1.08,14296.2,14.296,22751.9,6320.0,74949.7,20819.5,6320.1,0.0,0.0,1794.5,0.0,207335400,Ground,,13862.3,F,0.0,3.8,0.0,,,0.0,,,C448,Conventional A/C,5.66,Electric furnace,Electricity,Fireplace with spark ignit. (sealed),Propane,No,,,,,,,,,,,,,,
2024731,MB,R2G,E,2023-11-01,2023,Single Detached,216.1,One storey,1991,B1,1,2.9001,12190.2,12.19,20148.6,5596.9,88454.3,24570.8,5597.0,6333.4,0.0,0.0,0.0,207099831,Air,,11492.8,T,7.39,3.67,2.0,,,71.0,,,,Central split system,3.37,Condensing furnace,Natural Gas,Fireplace with pilot (unsealed),Natural Gas,Yes,KEEPRITE,DLCSRBH24AAK,EA*4X36L21A*,25200,15400,,,11,15.5,No,7.385,,0.606,
2095063,MB,R6W,N,2023-01-01,2023,Single Detached,227.2,One storey,2022,C1;F1,1,0.59,8546.4,8.546,9503.1,2639.8,58915.5,16365.5,2639.7,0.0,0.0,0.0,0.0,207318098,Ground,,10550.6,f,0.0,3.7,0.0,,,0.0,,,,Conventional A/C,4.72,Electric furnace,Electricity,,,No,,,,,,,,,,,,,,
2095063,MB,R6W,P,2023-01-01,2023,Single Detached,227.2,One storey,2022,C1;F1,1,1.5,8809.0,8.809,9902.7,2750.8,59281.9,16467.3,2750.9,0.0,0.0,0.0,0.0,207318098,Ground,,10550.6,f,0.0,3.7,0.0,,,0.0,,,,Conventional A/C,4.72,Electric furnace,Electricity,,,No,,,,,,,,,,,,,,
2098193,MB,R6M,N,2023-02-01,2023,Single Detached,202.4,One storey,2022,,1,1.089,8166.9,8.167,12974.5,3604.1,69270.0,19241.8,3604.2,3883.6,0.0,0.0,0.0,202901304,Air,,10081.6,f,0.0,3.852,0.0,,,0.0,,,,Central split system,3.2105,Condensing furnace,Natural Gas,,,Yes,LENNOX,ML16XP1-036-230A**,C35-48B+TDR+TXV,34400,23000,,,9.4,15.5,No,10.082,,1.234,
2098193,MB,R6M,P,2023-02-01,2023,Single Detached,202.4,One storey,2022,,1,1.5,8509.8,8.51,12531.1,3480.9,71549.7,19875.1,3480.9,4642.8,0.0,0.0,0.0,202901304,Air,,10081.6,f,0.0,3.852,0.0,,,0.0,,,,Central split system,3.2105,Condensing furnace,Natural Gas,,,Yes,LENNOX,ML16XP1-036-230A**,C35-48B+TDR+TXV,34400,23000,,,9.4,15.5,No,10.082,,1.185,
2099797,MB,R0A,N,2023-02-01,2023,Single Detached,238.6,One storey,2022,B1,1,0.54,5225.1,5.225,9474.0,2631.7,51815.7,14393.4,2631.7,0.0,0.0,0.0,0.0,201689893,Air,,10023.0,f,0.0,3.724,0.0,,,0.0,,,,Central split system,3.268,Electric furnace,Electricity,Advanced airtight wood stove,Mixed Wood,Yes,RHEEM,RP1636AJ2,RH2V3621MTAN,34200,21600,,,9,16,No,10.023,,1.918,
2099797,MB,R0A,P,2023-02-01,2023,Single Detached,238.6,One storey,2022,B1,1,1.5,7497.7,7.498,14518.4,4032.9,56515.3,15698.8,4032.8,0.0,0.0,0.0,0.0,201689893,Air,,10023.0,f,0.0,3.724,0.0,,,0.0,,,,Central split system,3.268,Electric furnace,Electricity,Advanced airtight wood stove,Mixed Wood,Yes,RHEEM,RP1636AJ2,RH2V3621MTAN,34200,21600,,,9,16,No,10.023,,1.337,
2109909,MB,R7A,N,2022-12-01,2022,Single Detached,484.4,One storey,2022,B1,1,0.567,11486.1,11.486,19586.2,5440.7,61945.9,17207.3,5167.5,0.0,0.0,0.0,0.0,10445244,Ground,,15972.4,f,0.0,3.7,0.0,,,0.0,,,,Conventional A/C,5.01,Electric furnace,Electricity,Other (describe),Electricity,No,,,,,,,,,,,,,,
2109909,MB,R7A,P,2022-12-01,2022,Single Detached,484.4,One storey,2022,B1,1,1.5,14264.3,14.264,24773.7,6881.6,66978.3,18605.2,6803.7,0.0,0.0,0.0,0.0,10445244,Ground,,15972.4,f,0.0,3.7,0.0,,,0.0,,,,Conventional A/C,5.01,Electric furnace,Electricity,Other (describe),Electricity,No,,,,,,,,,,,,,,
2109958,MB,R2E,N,2023-03-01,2023,Single Detached,573.1,One storey,2023,B1,1,0.86,9500.9,9.501,29564.4,8212.4,66117.2,18366.0,8212.3,0.0,0.0,0.0,0.0,201754495,Air,,30532.1,t,14.07,3.19,1.91,,,100.0,,,,Central split system,2.88,Electric furnace,Electricity,Other (describe),Electricity,Yes,Mitsubishi Electric,PUZ-HA42NKA,PVA-A42AA*,48000,42000,,,11,15.3,No,14.067,,1.481,
2109958,MB,R2E,P,2023-03-01,2023,Single Detached,573.1,One storey,2023,B1,1,1.5,10651.5,10.652,33542.5,9317.4,69915.9,19421.2,9317.3,0.0,0.0,0.0,0.0,201754495,Air,,30532.1,t,14.07,3.19,1.91,,,100.0,,,,Central split system,2.88,Electric furnace,Electricity,Other (describe),Electricity,Yes,Mitsubishi Electric,PUZ-HA42NKA,PVA-A42AA*,48000,42000,,,11,15.3,No,14.067,,1.321,
2113732,MB,R0K,N,2023-01-01,2023,"Row house, end unit",207.7,One storey,2022,,1,0.8503,5597.4,5.597,9652.6,2681.3,49766.5,13824.1,2668.6,0.0,0.0,0.0,0.0,7487657,Ground,,8528.4,f,0.0,4.5,0.0,,,0.0,,,,Conventional A/C,3.0,Electric furnace,Electricity,Baseboard/Hydronic/Plenum(duct) htrs,Electricity,No,,,,,,,,,,,,,,
2113732,MB,R0K,P,2023-01-01,2023,"Row house, end unit",207.7,One storey,2022,,1,1.5,5998.4,5.998,10172.3,2825.7,50284.4,13968.0,2812.8,0.0,0.0,0.0,0.0,7487657,Ground,,8528.4,f,0.0,4.5,0.0,,,0.0,,,,Conventional A/C,3.0,Electric furnace,Electricity,Baseboard/Hydronic/Plenum(duct) htrs,Electricity,No,,,,,,,,,,,,,,
2113733,MB,R0K,N,2023-01-01,2023,"Row house, middle unit",209.7,One storey,2022,,1,0.8596,5210.1,5.21,8118.9,2255.3,48691.3,13525.5,2255.3,0.0,0.0,0.0,0.0,7487657,Ground,,8528.4,f,0.0,4.5,0.0,,,0.0,,,,Conventional A/C,3.0,Electric furnace,Electricity,,,No,,,,,,,,,,,,,,
2113733,MB,R0K,P,2023-01-01,2023,"Row house, middle unit",209.7,One storey,2022,,1,1.5,5692.0,5.692,8741.9,2428.3,49309.5,13697.2,2428.4,0.0,0.0,0.0,0.0,7487657,Ground,,8528.4,f,0.0,4.5,0.0,,,0.0,,,,Conventional A/C,3.0,Electric furnace,Electricity,,,No,,,,,,,,,,,,,,
2113734,MB,R0K,N,2023-01-01,2023,"Row house, end unit",207.7,One storey,2022,,1,0.6314,5186.6,5.187,8869.8,2463.9,48995.0,13609.8,2451.1,0.0,0.0,0.0,0.0,7487657,Ground,,8528.4,f,0.0,4.5,0.0,,,0.0,,,,Conventional A/C,3.13,Electric furnace,Electricity,,,No,,,,,,,,,,,,,,
2113734,MB,R0K,P,2023-01-01,2023,"Row house, end unit",207.7,One storey,2022,,1,1.5,5682.9,5.683,9498.1,2638.4,49619.5,13783.3,2598.6,0.0,0.0,0.0,0.0,7487657,Ground,,8528.4,f,0.0,4.5,0.0,,,0.0,,,,Conventional A/C,3.0,Electric furnace,Electricity,,,No,,,,,,,,,,,,,,
2115482,MB,R2M,N,2023-03-01,2023,Single Detached,316.7,One storey,2022,B1,1,1.04,7963.4,7.963,25044.0,6956.7,68282.5,18967.5,6956.7,0.0,0.0,0.0,0.0,9854626,Air,,10953.2,t,8.21,3.32,2.04,,,100.0,,,,Mini-split ductless,2.81,Electric boiler,Electricity,Adv. airtight wood stove + cat. conv.,Mixed Wood,Yes,CARRIER,38MGRQ30D--3,,28000,24600,20400,1.85,9.5,22.5,No,8.206,5.979,1.03,0.751
2115482,MB,R2M,P,2023-03-01,2023,Single Detached,316.7,One storey,2022,B1,1,1.5,8705.0,8.705,27646.5,7679.6,70783.9,19662.4,7679.8,0.0,0.0,0.0,0.0,9854626,Air,,10953.2,t,8.21,3.32,2.04,,,100.0,,,,Mini-split ductless,2.81,Electric boiler,Electricity,Adv. airtight wood stove + cat. conv.,Mixed Wood,Yes,CARRIER,38MGRQ30D--3,,28000,24600,20400,1.85,9.5,22.5,No,8.206,5.979,0.943,0.687
2118118,MB,R7A,N,2022-07-01,2022,Detached Triplex,102.9,One storey,2022,B1,3,0.79,2378.3,2.378,9733.0,2703.6,36294.1,10081.8,2703.6,0.0,0.0,0.0,0.0,207338159,Air,,11251.3,t,0.0,2.9,0.0,,,0.0,,,,Mini-split ductless,3.49,Baseboard/Hydronic/Plenum(duct) htrs.,Electricity,,,Yes,PERFECTAIRE,3PAMSHH18-SZO-20.5,2PAMSHH18-SZW-20,18000,10900,16400,1.90,10,19.4,No,5.275,4.806,2.218,2.021
2118118,MB,R7A,P,2022-07-01,2022,Detached Triplex,102.9,One storey,2022,B1,3,2.5,2807.8,2.808,11199.5,3111.0,37672.8,10464.8,3111.1,0.0,0.0,0.0,0.0,207338159,Air,,11251.3,t,0.0,2.9,0.0,,,0.0,,,,Mini-split ductless,3.49,Baseboard/Hydronic/Plenum(duct) htrs.,Electricity,,,Yes,PERFECTAIRE,3PAMSHH18-SZO-20.5,2PAMSHH18-SZW-20,18000,10900,16400,1.90,10,19.4,No,5.275,4.806,1.879,1.712
2118279,MB,R7A,N,2022-07-01,2022,Detached Triplex,102.9,One storey,2021,B1,3,0.96,2419.1,2.419,9861.4,2739.3,36414.9,10115.3,2739.2,0.0,0.0,0.0,0.0,207338159,Air,,11251.3,t,0.0,2.9,0.0,,,0.0,,,,Mini-split ductless,3.49,Baseboard/Hydronic/Plenum(duct) htrs.,Electricity,,,Yes,PERFECTAIRE,3PAMSHH18-SZO-20.5,2PAMSHH18-SZW-20,18000,10900,16400,1.90,10,19.4,No,5.275,4.806,2.181,1.987
2118279,MB,R7A,P,2022-07-01,2022,Detached Triplex,102.9,One storey,2021,B1,3,2.5,2807.8,2.808,11199.5,3111.0,37672.8,10464.8,3111.1,0.0,0.0,0.0,0.0,207338159,Air,,11251.3,t,0.0,2.9,0.0,,,0.0,,,,Mini-split ductless,3.49,Baseboard/Hydronic/Plenum(duct) htrs.,Electricity,,,Yes,PERFECTAIRE,3PAMSHH18-SZO-20.5,2PAMSHH18-SZW-20,18000,10900,16400,1.90,10,19.4,No,5.275,4.806,1.879,1.712
2118292,MB,R7A,N,2022-07-01,2022,Detached Triplex,94.6,One storey,2022,,3,1.4,2842.0,2.842,7429.5,2063.8,34871.5,9686.6,2063.6,0.0,0.0,0.0,0.0,207338159,Air,,11251.3,t,0.0,2.9,0.0,,,0.0,,,,Mini-split ductless,3.49,Baseboard/Hydronic/Plenum(duct) htrs.,Electricity,,,Yes,PERFECTAIRE,3PAMSHH18-SZO-20.5,2PAMSHH18-SZW-20,18000,10900,16400,1.90,10,19.4,No,5.275,4.806,1.856,1.691
2118292,MB,R7A,P,2022-07-01,2022,Detached Triplex,94.6,One storey,2022,,3,2.5,3066.4,3.066,8147.2,2263.1,35578.2,9882.9,2263.1,0.0,0.0,0.0,0.0,207338159,Air,,11251.3,t,0.0,2.9,0.0,,,0.0,,,,Mini-split ductless,3.49,Baseboard/Hydronic/Plenum(duct) htrs.,Electricity,,,Yes,PERFECTAIRE,3PAMSHH18-SZO-20.5,2PAMSHH18-SZW-20,18000,10900,16400,1.90,10,19.4,No,5.275,4.806,1.72,1.567
2118296,MB,R7A,N,2022-07-01,2022,Detached Triplex,94.6,One storey,2022,,3,1.38,2258.2,2.258,4836.7,1343.5,32885.5,9134.9,1343.6,0.0,0.0,0.0,0.0,207338159,Air,,11251.3,t,0.0,2.9,0.0,,,0.0,,,,Mini-split ductless,3.49,Baseboard/Hydronic/Plenum(duct) htrs.,Electricity,,,Yes,PERFECTAIRE,3PAMSHH18-SZO-20.5,2PAMSHH18-SZW-20,18000,10900,16400,1.90,10,19.4,No,5.275,4.806,2.336,2.128
2118296,MB,R7A,P,2022-07-01,2022,Detached Triplex,94.6,One storey,2022,,3,2.5,2587.4,2.587,5932.7,1648.0,33927.5,9424.4,1648.1,0.0,0.0,0.0,0.0,207338159,Air,,11251.3,t,0.0,2.9,0.0,,,0.0,,,,Mini-split ductless,3.49,Baseboard/Hydronic/Plenum(duct) htrs.,Electricity,,,Yes,PERFECTAIRE,3PAMSHH18-SZO-20.5,2PAMSHH18-SZW-20,18000,10900,16400,1.90,10,19.4,No,5.275,4.806,2.039,1.858
2121078,MB,R3L,N,2023-02-01,2023,Single Detached,328.6,One storey,2023,B1,1,1.32,12345.3,12.345,11414.7,3170.8,90705.7,25196.2,3170.9,9049.5,0.0,0.0,0.0,10077438,Air,,9495.5,f,0.0,3.724,0.0,,,0.0,,,,Central split system,3.728,Condensing furnace,Natural Gas,Advanced airtight wood stove,Mixed Wood,Yes,AIREASE,4SHP20LX136P,EC4X43B,32400,21000,,,9,20,No,9.496,,0.769,
2121078,MB,R3L,P,2023-02-01,2023,Single Detached,328.6,One storey,2023,B1,1,1.5,12407.4,12.407,11357.3,3154.8,90722.5,25200.9,3154.7,9065.1,0.0,0.0,0.0,10077438,Air,,9495.5,f,0.0,3.724,0.0,,,0.0,,,,Central split system,3.728,Condensing furnace,Natural Gas,Advanced airtight wood stove,Mixed Wood,Yes,AIREASE,4SHP20LX136P,EC4X43B,32400,21000,,,9,20,No,9.496,,0.765,
2121580,MB,R5K,N,2023-05-01,2023,Single Detached,351.7,One storey,2023,B1,1,0.3254,7986.5,7.986,8116.9,2254.7,47454.3,13181.9,2254.7,0.0,0.0,0.0,0.0,207318097,Ground,,10404.0,f,0.0,5.77,0.0,,,0.0,,,C448,Conventional A/C,4.22,Electric furnace,Electricity,,,No,,,,,,,,,,,,,,
2121580,MB,R5K,P,2023-05-01,2023,Single Detached,351.7,One storey,2023,B1,1,1.5,10002.6,10.003,9600.9,2666.9,48832.0,13564.6,2667.0,0.0,0.0,0.0,0.0,207318097,Ground,,10404.0,f,0.0,5.77,0.0,,,0.0,,,C448,Conventional A/C,4.22,Electric furnace,Electricity,,,No,,,,,,,,,,,,,,
2130042,MB,R5A,N,2023-07-01,2023,Single Detached,618.3,Two storeys,2023,B1,1,0.6603,10756.0,10.756,13093.3,3637.1,56319.0,15644.3,3637.0,0.0,0.0,0.0,0.0,207312016,Water,,11136.7,f,0.0,3.8,0.0,,,0.0,,,C448,Conventional A/C,5.33,Electric furnace,Electricity,Other (describe),Electricity,No,,,,,,,,,,,,,,
2130042,MB,R5A,P,2023-07-01,2023,Single Detached,618.3,Two storeys,2023,B1,1,1.5,13244.2,13.244,16788.6,4663.5,59714.0,16587.4,4663.6,0.0,0.0,0.0,0.0,207312016,Water,,11136.7,f,0.0,3.8,0.0,,,0.0,,,C448,Conventional A/C,5.33,Electric furnace,Electricity,Other (describe),Electricity,No,,,,,,,,,,,,,,
2130592,MB,R7A,N,2023-07-01,2023,Apartment,983.5,Three storeys,2023,B1,8,0.51,16158.4,16.158,54707.8,15196.7,279799.5,77722.7,15196.8,0.0,0.0,0.0,0.0,207614055,Air,,63063.0,t,3.52,3.14,1.9,,,100.0,,,,Mini-split ductless,3.34,Baseboard/Hydronic/Plenum(duct) htrs.,Electricity,,,Yes,PERFECTAIRE,3PAMSHH12-SZO,3PAMSHH12-UVW,12000,10300,11000,1.88,10.5,23.1,Yes,3.517,3.224,0.218,0.2
2130592,MB,R7A,P,2023-07-01,2023,Apartment,983.5,Three storeys,2023,B1,8,1.5,21537.9,21.538,72471.4,20131.1,296661.9,82406.7,20131.0,0.0,0.0,0.0,0.0,207614055,Air,,63063.0,f,0.0,3.14,0.0,,,0.0,,,,Mini-split ductless,3.34,Baseboard/Hydronic/Plenum(duct) htrs.,Electricity,,,Yes,PERFECTAIRE,3PAMSHH12-SZO,3PAMSHH12-UVW,12000,10300,11000,1.88,10.5,23.1,Yes,3.517,3.224,0.163,0.15
2130723,MB,R3X,N,2023-08-01,2023,Single Detached,390.6,Two storeys,2022,B1,1,0.9092,8014.4,8.014,29321.3,8144.9,60015.9,16671.2,8144.8,0.0,0.0,0.0,0.0,9897080,Air,,11722.8,f,0.0,3.5,0.0,,,0.0,,,ESTAR,Central split system,3.613,Electric furnace,Electricity,,,Yes,KEEPRITE,CVH837GKA**,FCM4X60***L+WALLCON,31600,31000,,,8.1,18.5,No,9.261,,1.156,
2130723,MB,R3X,P,2022-01-01,2022,Single Detached,390.6,Two storeys,2022,B1,1,1.5,9021.1,9.021,33464.1,9295.7,67335.3,18704.4,9295.6,0.0,0.0,0.0,0.0,9897080,Air,,11722.8,f,0.0,3.5,0.0,,,0.0,,,ESTAR,Central split system,3.613,Electric furnace,Electricity,,,Yes,KEEPRITE,CVH837GKA**,FCM4X60***L+WALLCON,31600,31000,,,8.1,18.5,No,9.261,,1.027,
2131428,MB,R0C,N,2023-08-01,2023,Single Detached,412.6,One storey,2023,B1,1,0.53,7170.9,7.171,25804.1,7167.9,66255.4,18404.4,7167.8,0.0,0.0,0.0,0.0,206223052,Air,,24171.3,t,11.14,3.4,2.0,,,100.0,,,,Central split system,3.77,Electric furnace,Electricity,Other (describe),Natural Gas,Yes,,,,,,,,,,,,,,
2131428,MB,R0C,P,2023-08-01,2023,Single Detached,412.6,One storey,2023,B1,1,1.5,8556.1,8.556,30506.0,8474.0,70809.0,19669.3,8474.0,0.0,0.0,0.0,0.0,206223052,Air,,24171.3,t,11.14,3.4,2.0,,,100.0,,,,Central split system,3.77,Electric furnace,Electricity,Other (describe),Natural Gas,Yes,,,,,,,,,,,,,,
2131949,MB,R0A,N,2023-08-01,2023,Apartment Row,1567.7,Three storeys,2023,,12,0.53,25456.0,25.456,44151.9,12264.5,378432.5,105121.0,12264.5,0.0,0.0,0.0,0.0,210998202,Air,,59786.5,f,0.0,3.416,0.0,,,0.0,,,,Central split system,3.1461,Electric furnace,Electricity,,,Yes,GOODMAN,GSZM401810A*,ACSF18MN16**A*+TXV,17000,10000,8000,2.00,7.5,14.3,No,4.982,2.345,0.196,0.092
2131949,MB,R0A,P,2023-08-01,2023,Apartment Row,1567.7,Three storeys,2023,,12,1.5,35322.8,35.323,63545.5,17651.7,396752.0,110209.8,17651.5,0.0,0.0,0.0,0.0,210998202,Air,,59786.5,f,0.0,3.416,0.0,,,0.0,,,,Central split system,3.1461,Electric furnace,Electricity,,,Yes,GOODMAN,GSZM401810A*,ACSF18MN16**A*+TXV,17000,10000,8000,2.00,7.5,14.3,No,4.982,2.345,0.141,0.066
2131956,MB,R0A,N,2023-08-01,2023,Apartment Row,1536.3,Three storeys,2023,,12,0.63,18696.0,18.696,41417.3,11504.9,397086.3,110302.6,11504.8,0.0,0.0,0.0,0.0,210998202,Air,,59786.5,f,0.0,3.036,0.0,,,0.0,,,,Central split system,3.1875,Electric furnace,Electricity,,,Yes,GOODMAN,GSZM401810A*,ACSF18MN16**A*+TXV,17000,10000,8000,2.00,7.5,14.3,No,4.982,2.345,0.266,0.125
2131956,MB,R0A,P,2023-08-01,2023,Apartment Row,1536.3,Three storeys,2023,,12,1.5,24528.0,24.528,60555.3,16821.1,414867.7,115241.9,16821.0,0.0,0.0,0.0,0.0,210998202,Air,,59786.5,f,0.0,3.036,0.0,,,0.0,,,,Central split system,3.1875,Electric furnace,Electricity,,,Yes,GOODMAN,GSZM401810A*,ACSF18MN16**A*+TXV,17000,10000,8000,2.00,7.5,14.3,No,4.982,2.345,0.203,0.096
2131957,MB,R0A,N,2023-08-01,2023,Apartment Row,816.7,Three storeys,2023,,6,0.83,14411.0,14.411,39261.6,10906.1,206799.7,57444.8,10906.2,0.0,0.0,0.0,0.0,210998202,Air,,29893.2,f,0.0,3.6,0.0,,,0.0,,,,Central split system,3.1461,Electric furnace,Electricity,,,Yes,GOODMAN,GSZM401810A*,ACSF18MN16**A*+TXV,17000,10000,8000,2.00,7.5,14.3,No,4.982,2.345,0.346,0.163
2131957,MB,R0A,P,2023-08-01,2023,Apartment Row,816.7,Three storeys,2023,,6,1.5,16986.1,16.986,48455.8,13460.1,215640.5,59900.6,13460.1,0.0,0.0,0.0,0.0,210998202,Air,,29893.2,f,0.0,3.6,0.0,,,0.0,,,,Central split system,3.1461,Electric furnace,Electricity,,,Yes,GOODMAN,GSZM401810A*,ACSF18MN16**A*+TXV,17000,10000,8000,2.00,7.5,14.3,No,4.982,2.345,0.293,0.138
2132247,MB,R7A,N,2023-09-01,2023,"Row house, end unit",114.7,One storey,2023,B1,1,0.57,2691.3,2.691,3459.7,961.0,46542.0,12928.4,961.1,0.0,0.0,0.0,0.0,205724747,Air,,5275.3,f,0.0,4.051,0.0,,,0.0,,,,Mini-split ductless,3.6268,Baseboard/Hydronic/Plenum(duct) htrs.,Electricity,,,Yes,PERFECTAIRE,3PAMSH18B-SZO,3PAMSH18B-SZW,18000,10500,10100,1.84,8.7,18.3,No,5.275,2.96,1.96,1.1
2132247,MB,R7A,P,2023-09-01,2023,"Row house, end unit",114.7,One storey,2023,B1,1,1.5,3022.6,3.023,4199.5,1166.5,47216.0,13115.7,1166.7,0.0,0.0,0.0,0.0,205724747,Air,,5275.3,f,0.0,4.051,0.0,,,0.0,,,,Mini-split ductless,3.6268,Baseboard/Hydronic/Plenum(duct) htrs.,Electricity,,,Yes,PERFECTAIRE,3PAMSH18B-SZO,3PAMSH18B-SZW,18000,10500,10100,1.84,8.7,18.3,No,5.275,2.96,1.745,0.979
2132248,MB,R7A,N,2023-09-01,2023,"Row house, end unit",109.7,One storey,2023,B1,1,0.68,2990.9,2.991,5389.9,1497.2,48422.9,13450.9,1497.2,0.0,0.0,0.0,0.0,205724747,Air,,5275.3,f,0.0,4.051,0.0,,,0.0,,,,Mini-split ductless,3.6268,Baseboard/Hydronic/Plenum(duct) htrs.,Electricity,,,Yes,PERFECTAIRE,3PAMSH18B-SZO,3PAMSH18B-SZW,18000,10500,10100,1.84,8.7,18.3,No,5.275,2.96,1.764,0.99
2132248,MB,R7A,P,2023-09-01,2023,"Row house, end unit",109.7,One storey,2023,B1,1,1.5,3247.5,3.248,6189.0,1719.2,49173.2,13659.3,1719.2,0.0,0.0,0.0,0.0,205724747,Air,,5275.3,f,0.0,4.051,0.0,,,0.0,,,,Mini-split ductless,3.6268,Baseboard/Hydronic/Plenum(duct) htrs.,Electricity,,,Yes,PERFECTAIRE,3PAMSH18B-SZO,3PAMSH18B-SZW,18000,10500,10100,1.84,8.7,18.3,No,5.275,2.96,1.624,0.911
2132249,MB,R7A,N,2023-09-01,2023,"Row house, end unit",114.7,One storey,2023,B1,1,0.62,2476.4,2.476,3648.1,1013.4,46650.1,12958.5,1013.3,0.0,0.0,0.0,0.0,205724747,Air,,5275.3,f,0.0,4.051,0.0,,,0.0,,,,Mini-split ductless,3.6268,Baseboard/Hydronic/Plenum(duct) htrs.,Electricity,,,Yes,PERFECTAIRE,3PAMSH18B-SZO,3PAMSH18B-SZW,18000,10500,10100,1.84,8.7,18.3,No,5.275,2.96,2.13,1.195
2132249,MB,R7A,P,2023-09-01,2023,"Row house, end unit",114.7,One storey,2023,B1,1,1.5,2787.7,2.788,4367.4,1213.2,47307.1,13141.0,1213.1,0.0,0.0,0.0,0.0,205724747,Air,,5275.3,f,0.0,4.051,0.0,,,0.0,,,,Mini-split ductless,3.6268,Baseboard/Hydronic/Plenum(duct) htrs.,Electricity,,,Yes,PERFECTAIRE,3PAMSH18B-SZO,3PAMSH18B-SZW,18000,10500,10100,1.84,8.7,18.3,No,5.275,2.96,1.892,1.062
2132367,MB,R7C,N,2023-09-01,2023,Apartment,1933.0,Three storeys,2023,B1;P1,16,0.64,33910.7,33.911,96025.2,26673.9,531228.8,147564.7,26673.8,0.0,0.0,0.0,0.0,201847008,Air,,56269.6,f,0.0,3.626,0.0,,,0.0,,,,Mini-split ductless,3.80735,Baseboard/Hydronic/Plenum(duct) htrs.,Electricity,,,Yes,CARRIER,38MHRBQ12AA3,40MHHQ12---3,12000,7300,,,8.1,19.8,No,3.517,,0.104,
2132367,MB,R7C,P,2023-09-01,2023,Apartment,1933.0,Three storeys,2023,B1;P1,16,1.5,44059.2,44.059,136709.6,37975.2,570225.5,158397.2,37975.3,0.0,0.0,0.0,0.0,201847008,Air,,56269.6,f,0.0,3.626,0.0,,,0.0,,,,Mini-split ductless,3.80735,Baseboard/Hydronic/Plenum(duct) htrs.,Electricity,,,Yes,CARRIER,38MHRBQ12AA3,40MHHQ12---3,12000,7300,,,8.1,19.8,No,3.517,,0.08,
2132368,MB,R7C,N,2023-09-01,2023,Apartment,1933.0,Three storeys,2023,B1;P1,16,0.73,35144.7,35.145,101435.6,28176.8,539043.8,149735.6,28176.9,0.0,0.0,0.0,0.0,201847008,Air,,56269.6,f,0.0,3.626,0.0,,,0.0,,,,Mini-split ductless,3.80735,Baseboard/Hydronic/Plenum(duct) htrs.,Electricity,,,Yes,CARRIER,38MHRBQ12AA3,40MHHQ12---3,12000,7300,,,8.1,19.8,No,3.517,,0.1,
2132368,MB,R7C,P,2023-09-01,2023,Apartment,1933.0,Three storeys,2023,B1;P1,16,1.5,44481.3,44.481,139523.6,38756.9,575385.9,159830.7,38757.0,0.0,0.0,0.0,0.0,201847008,Air,,56269.6,f,0.0,3.626,0.0,,,0.0,,,,Mini-split ductless,3.80735,Baseboard/Hydronic/Plenum(duct) htrs.,Electricity,,,Yes,CARRIER,38MHRBQ12AA3,40MHHQ12---3,12000,7300,,,8.1,19.8,No,3.517,,0.079,
2132375,MB,R5M,N,2023-09-01,2023,Single Detached,782.9,One storey,2023,B1;B2;C1;F1,1,0.59,18046.5,18.046,29785.7,8273.9,74316.4,20643.6,8274.0,0.0,0.0,0.0,0.0,207312174,Ground,,16236.1,f,0.0,3.7,0.0,,,0.0,,,,Conventional A/C,5.33,Electric furnace,Electricity,Other (describe),Electricity,No,,,,,,,,,,,,,,
2132375,MB,R5M,P,2023-09-01,2023,Single Detached,782.9,One storey,2023,B1;B2;C1;F1,1,1.5,22693.9,22.694,37379.9,10383.4,81682.1,22689.7,10383.4,0.0,0.0,0.0,0.0,207312174,Ground,,16236.1,f,0.0,3.7,0.0,,,0.0,,,,Conventional A/C,5.33,Electric furnace,Electricity,Other (describe),Electricity,No,,,,,,,,,,,,,,
2132456,MB,R0E,N,2023-09-01,2023,Single Detached,351.6,One storey,2023,B1,1,0.73,7961.0,7.961,24689.2,6858.2,70754.5,19654.2,6858.1,0.0,0.0,0.0,0.0,207599994,Air,,11087.5,t,6.68,3.73,2.04,,,72.0,,,,Central split system,2.76,Electric furnace,Electricity,,,Yes,DAIKIN,DZ17VSA301B*,DV35FECC14A*,22800,17600,,,10,18,No,6.682,,0.839,
2132456,MB,R0E,P,2023-09-01,2023,Single Detached,351.6,One storey,2023,B1,1,1.5,9202.8,9.203,34943.7,9706.7,80197.4,22277.2,9706.7,0.0,0.0,0.0,0.0,207599994,Air,,6682.0,f,0.0,4.54,0.0,,,0.0,,,,Central split system,3.498,Electric furnace,Electricity,,,Yes,DAIKIN,DZ17VSA301B*,DV35FECC14A*,22800,17600,,,10,18,No,6.682,,0.726,
2132865,MB,R3L,N,2023-10-01,2023,Detached Duplex,232.8,Two storeys,2023,B1,2,0.814,6914.5,6.914,21056.8,5849.2,76760.5,21322.5,5849.2,0.0,0.0,0.0,0.0,211289256,Air,,20821.5,t,6.33,3.62,1.76,,,100.0,,,ESTAR,Central split system,3.61,Baseboard/Hydronic/Plenum(duct) htrs.,Electricity,,,Yes,,,,,,,,,,,,,,
2132865,MB,R3L,P,2023-10-01,2023,Detached Duplex,232.8,Two storeys,2023,B1,2,1.5,7516.6,7.517,22811.9,6336.7,78476.1,21799.1,6336.7,0.0,0.0,0.0,0.0,211289256,Air,,20821.5,t,6.33,3.62,1.76,,,100.0,,,ESTAR,Central split system,3.61,Baseboard/Hydronic/Plenum(duct) htrs.,Electricity,,,Yes,,,,,,,,,,,,,,
2133321,MB,R5R,N,2023-10-01,2023,Single Detached,399.9,One storey,2023,B1;B2,1,0.64,9849.6,9.85,12289.0,3413.6,55319.3,15366.6,3413.6,0.0,0.0,0.0,0.0,207335089,Water,,15884.5,f,0.0,3.7,0.0,,,0.0,,,,Conventional A/C,3.23,Electric furnace,Electricity,Adv. airtight wood stove + cat. conv.,Wood Pellets,No,,,,,,,,,,,,,,
2133321,MB,R5R,P,2023-10-01,2023,Single Detached,399.9,One storey,2023,B1;B2,1,1.5,11279.6,11.28,14223.3,3950.9,56400.1,15666.8,3950.9,0.0,0.0,0.0,0.0,207335089,Ground,,15884.4,f,0.0,3.7,0.0,,,0.0,,,,Conventional A/C,3.23,Electric furnace,Electricity,Adv. airtight wood stove + cat. conv.,Wood Pellets,No,,,,,,,,,,,,,,
2133338,MB,R5A,N,2023-10-01,2023,Single Detached,453.8,Two storeys,2023,B1,1,0.47,10546.9,10.547,14804.7,4112.4,58129.8,16147.3,4112.5,0.0,0.0,0.0,0.0,5440559,Ground,,16412.0,f,0.0,3.5,0.0,,,0.0,,,,Conventional A/C,4.57,Electric furnace,Electricity,Advanced airtight wood stove,Mixed Wood,No,,,,,,,,,,,,,,
2133338,MB,R5A,P,2023-10-01,2023,Single Detached,453.8,Two storeys,2023,B1,1,1.5,13144.2,13.144,18869.5,5241.6,61966.7,17213.1,5241.7,0.0,0.0,0.0,0.0,5440559,Ground,,16412.0,f,0.0,3.5,0.0,,,0.0,,,,Conventional A/C,4.57,Electric furnace,Electricity,Advanced airtight wood stove,Mixed Wood,No,,,,,,,,,,,,,,
2133365,MB,R0C,N,2023-10-01,2023,Single Detached,237.3,Two storeys,2023,C1;F1,1,1.07,9586.6,9.587,31017.1,8615.9,77793.6,21609.5,8615.9,0.0,0.0,0.0,0.0,207335553,Air,,19769.4,t,10.55,3.01,1.83,,,83.0,,,,Central single package system,2.85,Electric furnace,Electricity,,,Yes,NAPOLEON,NS18HV24A36,NPFX24A36A,35000,29000,28000,1.80,9,16,No,10.257,8.206,1.07,0.856
2133365,MB,R0C,P,2023-10-01,2023,Single Detached,237.3,Two storeys,2023,C1;F1,1,1.5,9982.9,9.983,32381.6,8995.0,79101.0,21972.7,8995.1,0.0,0.0,0.0,0.0,207335553,Air,,19769.4,t,10.55,3.01,1.83,,,83.0,,,,Central single package system,2.85,Electric furnace,Electricity,,,Yes,NAPOLEON,NS18HV24A36,NPFX24A36A,35000,29000,28000,1.80,9,16,No,10.257,8.206,1.028,0.822
2133426,MB,R0G,N,2023-10-01,2023,Single Detached,333.4,One storey,2023,B1,1,0.67,8016.0,8.016,26488.5,7358.0,68373.5,18992.8,7357.8,0.0,0.0,0.0,0.0,206223052,Air,,24171.3,t,11.14,3.4,2.0,,,100.0,,,,Central split system,3.77,Electric furnace,Electricity,Advanced airtight wood stove,Mixed Wood,Yes,,,,,,,,,,,,,,
2133426,MB,R0G,P,2023-10-01,2023,Single Detached,333.4,One storey,2023,B1,1,1.5,9226.6,9.227,30351.7,8431.1,72148.4,20041.4,8431.2,0.0,0.0,0.0,0.0,206223052,Air,,24171.3,t,11.14,3.4,2.0,,,100.0,,,,Central split system,3.77,Electric furnace,Electricity,Advanced airtight wood stove,Mixed Wood,Yes,,,,,,,,,,,,,,
2133646,MB,R5H,N,2023-10-01,2023,Single Detached,112.8,One storey,2023,B1,1,0.81,3801.8,3.802,7135.0,1982.0,49245.5,13679.4,1982.0,0.0,0.0,0.0,0.0,207641347,Air,,11391.1,t,5.57,3.08,1.85,,,93.0,,,,Mini-split ductless,2.9,Baseboard/Hydronic/Plenum(duct) htrs.,Electricity,,,Yes,SENVILLE,SENA/18HF/OQ,SENA/18HF/ID,19000,15000,17700,1.85,9.5,18,Yes,5.568,5.187,1.465,1.364
2133646,MB,R5H,P,2023-10-01,2023,Single Detached,112.8,One storey,2023,B1,1,1.5,4011.3,4.011,7485.4,2079.3,49578.1,13771.8,2079.2,0.0,0.0,0.0,0.0,207641347,Air,,11391.1,t,5.57,3.08,1.85,,,93.0,,,,Mini-split ductless,2.9,Baseboard/Hydronic/Plenum(duct) htrs.,Electricity,,,Yes,SENVILLE,SENA/18HF/OQ,SENA/18HF/ID,19000,15000,17700,1.85,9.5,18,Yes,5.568,5.187,1.388,1.293
2133909,MB,R2M,N,2023-11-01,2023,Single Detached,317.9,Two storeys,2023,B1,1,0.84,8155.5,8.156,21279.9,5911.1,68483.8,19023.4,5911.2,0.0,0.0,0.0,0.0,211259282,Air,,30532.1,t,14.07,3.19,1.91,,,100.0,,,,Central split system,2.88,Electric furnace,Electricity,,,Yes,Mitsubishi Electric,PUZ-HA42NKA1,PVA-A42AA*,54000,38500,48000,1.90,9.3,15.4,Yes,15.826,14.067,1.941,1.725
2133909,MB,R2M,P,2023-11-01,2023,Single Detached,317.9,Two storeys,2023,B1,1,1.5,9044.3,9.044,24238.9,6733.1,71258.7,19794.2,6733.1,0.0,0.0,0.0,0.0,211259282,Air,,30532.1,t,14.07,3.19,1.91,,,100.0,,,,Central split system,2.88,Electric furnace,Electricity,,,Yes,Mitsubishi Electric,PUZ-HA42NKA1,PVA-A42AA*,54000,38500,48000,1.90,9.3,15.4,Yes,15.826,14.067,1.75,1.555
2133936,MB,R4L,N,2023-10-01,2023,Single Detached,368.9,One storey,2023,B1,1,0.79,8124.5,8.124,13959.4,3877.6,57447.7,15957.8,3877.5,0.0,0.0,0.0,0.0,207312018,Ground,,15970.0,f,0.0,3.7,0.0,,,0.0,,,,Conventional A/C,5.01,Electric furnace,Electricity,Fireplace with spark ignit. (sealed),Natural Gas,No,,,,,,,,,,,,,,
2133936,MB,R4L,P,2023-10-01,2023,Single Detached,368.9,One storey,2023,B1,1,1.5,9290.6,9.291,15995.0,4443.1,59387.8,16496.7,4443.1,0.0,0.0,0.0,0.0,207312018,Ground,,15970.0,f,0.0,3.7,0.0,,,0.0,,,,Conventional A/C,5.01,Electric furnace,Electricity,Fireplace with spark ignit. (sealed),Natural Gas,No,,,,,,,,,,,,,,
2134040,MB,R7C,N,2023-11-01,2023,Apartment,1672.4,Three storeys,2023,B1;P1,16,0.94,31844.9,31.845,73684.7,20468.1,516861.1,143573.7,20468.2,0.0,0.0,0.0,0.0,206382716,Air,,56269.3,f,0.0,4.296,0.0,,,0.0,,,,Mini-split ductless,3.705,Electric furnace,Electricity,,,Yes,CARRIER,38MHRCQ12AA3,40MHHQ12---3,12000,7000,,,10,19.8,No,3.517,,0.11,
2134040,MB,R7C,P,2023-11-01,2023,Apartment,1672.4,Three storeys,2023,B1;P1,16,1.5,36544.2,36.544,89326.5,24813.1,531618.4,147673.0,24813.0,0.0,0.0,0.0,0.0,206382716,Air,,56269.3,f,0.0,4.296,0.0,,,0.0,,,,Mini-split ductless,3.705,Electric furnace,Electricity,,,Yes,CARRIER,38MHRCQ12AA3,40MHHQ12---3,12000,7000,,,10,19.8,No,3.517,,0.096,
4084746,MB,R3N,E,2023-09-01,2023,Single Detached,203.9,Two storeys,1944,B1;C1;F1,1,5.0713,35290.0,35.29,84612.0,23503.5,253968.6,70547.4,23503.5,31741.6,0.0,0.0,0.0,211644151,Air,,10185.1,T,9.96,3.02,1.8,,,70.0,,,,Central split system,2.76,Condensing furnace,Natural Gas,Other (describe),Electricity,Yes,GREE,GUD36W/A-D(U),GCAT36*/NAA,36000,23200,26000,1.80,8.5,15.2,Yes,10.551,7.62,0.299,0.216
9258746,MB,R0E,E,2022-11-01,2022,Single Detached,223.6,Two storeys,2004,B1,1,1.4274,12303.0,12.303,30916.6,8588.0,83333.7,23148.4,8588.1,0.0,0.0,0.0,0.0,207312176,Ground,,13860.0,F,0.0,2.209,0.0,,,0.0,,,C448,Conventional A/C,2.0789,Electric furnace,Electricity,,,No,,,,,,,,,,,,,,
1142123,MB,R2Y,E,2023-05-01,2023,Single Detached,175.0,One storey,1977,B1,1,3.14,13322.4,13.322,18731.2,5203.2,104474.1,29020.8,5203.1,8067.0,0.0,0.0,0.0,208143093,Air,,8831.1,T,8.38,3.66,1.83,,,112.0,,,,Central split system,2.88,Condensing furnace,Natural Gas,,,Yes,NAPOLEON,NS18HV24A36,"H,DE33(6,9)36",28600,19400,,,10,17.5,No,8.382,,0.629,
16577746,MB,R5G,E,2023-02-01,2023,Single Detached,192.3,One storey,1956,B1,1,2.593,11804.3,11.804,9277.2,2577.0,106175.7,29493.5,2577.0,11475.4,0.0,0.0,0.0,202141109,Air,,6447.6,T,6.62,4.728,1.91,,,77.0,,,ESTAR,Central split system,3.6705,Condensing furnace,Natural Gas,Baseboard/Hydronic/Plenum(duct) htrs,Electricity,Yes,RUUD,UP2024BJV,RCF2421UEA,22000,22800,,,10.5,19.5,No,6.448,,0.546,
11687746,MB,R3G,E,2023-11-01,2023,Single Detached,163.6,Two storeys,1909,B1;C1;F1,1,8.83,21981.5,21.982,44391.3,12331.0,127508.0,35419.2,12330.9,9964.8,0.0,0.0,0.0,212396763,Air,,19769.4,T,9.5,3.01,1.83,,,92.0,,,,Central split system,2.85,Condensing furnace,Natural Gas,,,Yes,TRANE,4TXD2036A10NU**,"H,TG34936+TD",36000,22000,24000,1.80,8.5,15.2,No,10.551,7.034,0.48,0.32
12938746,MB,R0E,E,2023-01-01,2023,Single Detached,289.1,Two storeys,1980,B1,1,3.809,16752.5,16.752,52130.0,14480.7,95495.5,26526.7,14480.7,0.0,0.0,0.0,0.0,202140938,Air,,21193.7,T,9.67,4.07,2.25,,,96.0,,,ESTAR,Central split system,4.09,Electric furnace,Electricity,,,Yes,RHEEM,RP2036BJV,RHMV6021SEAC,33000,37400,,,11.5,20,No,9.671,,0.577,
9241746,MB,R1A,E,2023-07-01,2023,Single Detached,209.3,One storey,1980,B1,1,2.555,8663.7,8.664,16517.3,4588.2,68335.7,18982.3,4588.1,1798.9,0.0,0.0,5.6,207213249,Ground,,10550.0,F,0.0,3.7,0.0,,,0.0,,,C448,Conventional A/C,4.72,Electric furnace,Electricity,Wood fireplace,Mixed Wood,No,,,,,,,,,,,,,,
7541746,MB,R3G,E,2023-02-01,2023,Single Detached,135.6,Two storeys,1912,B1;B2;C1;F1,1,7.4816,22550.0,22.55,76800.1,21333.5,121091.9,33636.9,21333.5,0.0,0.0,0.0,0.0,202141049,Air,,21022.0,T,100.0,3.78,2.25,,,96.0,,,ESTAR,Central split system,4.09,Electric furnace,Electricity,,,Yes,RUUD,UP2036BJV,RHMV6021SEAC,33000,37400,,,11.5,20,No,9.671,,0.429,
7529746,MB,R3Y,E,2022-11-01,2022,Single Detached,234.1,Two storeys,1991,B1,1,3.9487,16502.1,16.502,12593.6,3498.3,136032.6,37787.1,3498.4,18957.7,0.0,0.0,0.0,10155882,Air,,7000.0,F,0.0,3.863,0.0,,,0.0,,,,Central split system,3.1645,Condensing furnace,Natural Gas,Wood fireplace,Mixed Wood,Yes,ARMSTRONG AIR,4SHP16LS136P-3,EC4X36C,34000,21600,,,8.2,15.1,No,9.964,,0.604,
14570746,MB,R2N,E,2023-03-01,2023,Single Detached,283.6,Two storeys,2001,B1,1,2.0949,14678.6,14.679,52669.8,14630.6,98668.6,27408.2,14630.7,0.0,0.0,0.0,0.0,201754495,Air,,30532.0,T,14.07,3.19,1.91,,,100.0,,,ESTAR,Central split system,2.88,Electric furnace,Electricity,,,Yes,Mitsubishi Electric,PUZ-HA42NKA,PVA-A42AA*,48000,42000,,,11,15.3,No,14.067,,0.958,
5732746,MB,R7A,E,2022-12-01,2022,Single Detached,271.8,Two storeys,1980,B1;C1;F1,1,1.9549,14439.1,14.439,45920.7,12755.9,93235.7,25899.0,12755.9,0.0,0.0,0.0,0.0,207768724,Air,,10843.6,F,0.0,4.476,0.0,,,0.0,,,ESTAR,Mini-split ductless,4.29955,Baseboard/Hydronic/Plenum(duct) htrs.,Electricity,,,Yes,LENNOX,MPC036S4M-1P,,37000,26800,25200,1.80,9.5,23.9,No,10.844,7.385,0.751,0.511
4387746,MB,R2M,E,2023-06-01,2023,Single Detached,237.1,Two storeys,1946,B1,1,5.4375,27619.9,27.62,66591.5,18497.8,154817.3,43005.1,18497.9,11628.4,0.0,0.0,0.0,202638701,Air,,64553.9,T,14.07,3.79,2.23,,,80.0,,,,Central split system,2.88,Boiler  with spark ignition,Natural Gas,,,Yes,DAIKIN,5MXS48TVJU,,47000,31000,,,11.1,20.2,No,13.774,,0.499,
17349746,MB,R3N,E,2023-09-01,2023,Single Detached,218.5,One storey,1930,B1;C1;F1,1,6.01,24471.5,24.472,54336.4,15093.6,163455.2,45404.6,15093.5,13637.6,0.0,0.0,2956.1,207683241,Air,,29210.4,T,10.84,3.7,1.93,,,97.0,,,,Mini-split ductless,2.82,Boiler  with continuous pilot,Natural Gas,Wood fireplace,Hardwood,Yes,NAPOLEON,NDHAM-36-O,,37000,35000,36000,1.90,9.7,20,Yes,10.844,10.551,0.443,0.431
16462746,MB,R2V,E,2022-12-01,2022,Single Detached,223.1,One storey,2001,B1,1,2.09,9377.0,9.377,20382.1,5661.7,81731.3,22703.3,5661.7,3876.4,0.0,0.0,0.0,20798550,Air,,8720.0,T,7.56,3.48,3.56,,,70.0,,,ESTAR,Central split system,3.36,Condensing furnace,Natural Gas,,,Yes,,,,,,,,,,,,,,
12754746,MB,R3L,E,2023-09-01,2023,Single Detached,140.5,Two storeys,1912,B1;B2,1,4.95,14658.2,14.658,16338.3,4538.5,103882.5,28856.5,4538.4,11507.6,0.0,0.0,0.0,207202288,Air,,7000.0,T,5.51,4.05,2.0,,,72.0,,,,Central split system,3.53,Condensing furnace,Natural Gas,,,Yes,CARRIER,38MARBQ18AA3,CAP**2417AL*,18800,14700,,,11,17.5,No,5.51,,0.376,
16368746,MB,R2H,E,2023-06-01,2023,Single Detached,255.4,Two storeys,1989,B1,1,5.19,19085.9,19.086,22802.5,6334.1,125015.6,34726.8,6333.9,15624.0,0.0,0.0,0.0,207098560,Air,,8584.3,T,7.44,3.62,2.0,,,100.0,,,ESTAR,Central split system,3.36,Condensing furnace,Natural Gas,Wood fireplace,Mixed Wood,Yes,CARRIER,38MARBQ24AA3,CAP**3017AL*,25400,15500,,,10.5,15.5,No,7.444,,0.39,
16361746,MB,R1N,E,2023-12-01,2023,Single Detached,288.0,One storey,1976,B1;C1;C2;F1;F2,1,2.84,12025.7,12.026,51544.9,14318.1,98611.8,27392.4,14318.2,0.0,0.0,0.0,0.0,208447882,Air,,29358.4,T,14.65,3.27,1.85,,,92.0,,,ESTAR,Central split system,2.4,Electric furnace,Electricity,Advanced airtight wood stove,Mixed Wood,Yes,CARRIER,38MURAQ48AB3,40MUAAQ48XA3,50000,36000,46000,1.90,9.4,15.6,Yes,14.654,13.481,1.219,1.121
19704746,MB,R3M,E,2022-12-01,2022,Single Detached,177.1,Two storeys,1909,B1;C1;F1,1,10.9898,23782.2,23.782,15233.6,4231.6,177478.3,49299.9,4231.7,29389.1,0.0,0.0,0.0,201851575,Air,,7033.7,F,0.0,4.863,0.0,,,0.0,,,,Mini-split ductless,3.498,Boiler  with continuous pilot,Natural Gas,Wood fireplace,Mixed Wood,Yes,DAIKIN,3MXS24RMVJU,,24000,15500,,,12.5,18,No,7.034,,0.296,
15989746,MB,R2K,E,2023-01-01,2023,Single Detached,196.0,One storey,1961,B1;B2,1,2.9369,12367.0,12.367,40442.9,11234.2,92129.6,25591.8,11234.3,0.0,0.0,0.0,0.0,207599994,Air,,11097.1,T,11.1,3.74,2.04,,,72.0,,,ESTAR,Central split system,2.76,Electric furnace,Electricity,,,Yes,DAIKIN,DZ17VSA301B*,DV35FECC14A*,22800,17600,,,10,18,No,6.682,,0.54,
11484746,MB,R0J,E,2023-09-01,2023,Single Detached,203.4,Two storeys,1919,B1;B2;B3,1,2.6599,10009.0,10.009,35922.9,9978.7,84148.3,23374.7,9978.7,0.0,0.0,0.0,0.0,206223052,Air,,11136.7,T,11.14,3.42,2.0,,,100.0,,,ESTAR,Central split system,3.77,Electric furnace,Electricity,Wood furnace,Mixed Wood,Yes,,,,,,,,,,,,,,
13829746,MB,R0L,E,2023-02-01,2023,Single Detached,519.4,Two storeys,1917,B1;C1;F1,1,2.1425,23751.5,23.752,48673.1,13520.4,96512.9,26809.4,13520.4,0.0,0.0,0.0,0.0,207318100,Ground,,13276.1,F,0.0,3.4,0.0,,,0.0,,,C448,Conventional A/C,4.84,Baseboard/Hydronic/Plenum(duct) htrs.,Electricity,,,No,,,,,,,,,,,,,,
12384746,MB,R0J,E,2023-03-01,2023,Single Detached,223.5,Three storeys,1979,B1,1,4.1478,19332.6,19.333,87678.9,24355.4,133387.9,37052.5,24355.5,0.0,0.0,0.0,0.0,202347949,Air,,10550.6,F,0.0,3.461,0.0,,,0.0,,,,Central split system,3.038,Electric furnace,Electricity,Advanced airtight wood stove,Mixed Wood,Yes,LENNOX,16HPX-036-230A**,CR33-48B*+TDR+TXV,36000,23200,,,8.2,14,No,10.551,,0.546,
14854746,MB,R3V,E,2023-09-01,2023,Single Detached,332.5,One storey,1975,B1;B2,1,6.4255,25797.9,25.798,19718.0,5477.3,175991.3,48886.9,5477.3,28278.6,0.0,0.0,0.0,5719980,Air,,13334.7,F,0.0,3.559,0.0,,,0.0,,,,Central single package system,3.153,Condensing furnace,Natural Gas,Wood fireplace,Mixed Wood,Yes,,,,,,,,,,,,,,
5085154,MB,R3L,E,2023-03-01,2023,Single Detached,235.5,One storey,1921,B1;C1;F1,1,4.9828,16393.5,16.394,13141.8,3650.5,115882.2,32189.8,3650.6,15344.6,0.0,0.0,0.0,208157170,Air,,8831.1,T,8.83,3.31,1.83,,,112.0,,,ESTAR,Central split system,2.88,Condensing furnace,Natural Gas,,,Yes,NAPOLEON,NS18HV24A36,"H,DE33(6,9)36",28600,19400,,,10,17.5,No,8.382,,0.511,
5231832,MB,R3R,E,2023-10-01,2023,Single Detached,334.8,Two storeys,1985,B1;C1;F1,1,3.34,19058.8,19.059,59869.2,16630.5,109368.6,30380.4,16630.4,0.0,0.0,0.0,0.0,206223052,Air,,24171.3,T,11.72,3.4,2.0,,,95.0,,,,Central split system,3.77,Electric furnace,Electricity,Wood fireplace,Mixed Wood,Yes,,,,,,,,,,,,,,
18554746,MB,R3T,E,2023-12-01,2023,Single Detached,195.6,One storey,1976,B1,1,0.98,7720.9,7.721,27497.2,7638.2,73099.0,20305.4,7638.1,0.0,0.0,0.0,0.0,208447887,Air,,15580.0,T,7.03,3.29,1.8,,,100.0,,,ESTAR,Central split system,3.43,Electric furnace,Electricity,,,Yes,CARRIER,38MURAQ24AB3,40MUAAQ24XA3,24000,19200,22600,1.91,10,17.4,Yes,7.034,6.623,0.911,0.858
11207746,MB,R3G,E,2023-05-01,2023,Single Detached,262.8,Two and a half,1912,B1;B2,1,4.3107,24270.6,24.271,106340.7,29539.3,152809.0,42447.3,29539.4,0.0,0.0,0.0,0.0,206223052,Air,,24171.3,T,11.14,3.4,2.0,,,0.0,,,ESTAR,Central split system,3.77,Electric furnace,Electricity,,,Yes,,,,,,,,,,,,,,
15542746,MB,R2M,E,2023-12-01,2023,Single Detached,199.7,One storey,1942,B1;B2;B3;B4,1,5.71,18833.4,18.833,23398.7,6499.7,140710.7,39086.6,6499.8,17513.5,0.0,0.0,0.0,211644150,Air,,7182.6,T,7.03,3.08,1.8,,,90.0,,,,Central split system,3.19,Condensing furnace,Natural Gas,,,Yes,GREE,GUD36W/A-D(U),GCAT24*/NAA,24000,19600,21600,1.80,8.5,15.2,Yes,7.034,6.33,0.373,0.336
5001121,MB,R3M,E,2023-10-01,2023,Single Detached,245.7,Two and a half,1914,B1,1,6.1207,23175.0,23.175,37551.5,10431.1,154630.8,42953.3,10431.2,19991.0,0.0,0.0,0.0,207642892,Air,,14267.9,T,10.84,3.37,1.8,,,97.0,,,,Mini-split ductless,3.31,Boiler  with spark ignition,Natural Gas,Wood fireplace,Mixed Wood,Yes,CARRIER,38MGHBQ36DA3,,37000,35000,33000,1.70,10,19,No,10.844,9.671,0.468,0.417
5002396,MB,R0K,E,2023-09-01,2023,Single Detached,133.4,Two storeys,1980,C1;F1,1,3.2824,11472.8,11.473,36130.7,10036.4,85835.1,23843.3,10036.5,0.0,0.0,0.0,0.0,207641332,Air,,8206.0,T,8.21,3.5,2.11,,,71.0,,,ESTAR,Mini-split ductless,2.75,Baseboard/Hydronic/Plenum(duct) htrs.,Electricity,,,Yes,SENVILLE,SENA/30HF/MOQ,,28000,21000,19000,2.00,9.5,24.6,No,8.206,5.568,0.715,0.485
5002991,MB,R0L,E,2023-05-01,2023,Single Detached,238.9,One and a half,1920,B1;B2,1,3.88,16977.0,16.977,20713.7,5753.9,65869.9,18297.3,5753.9,0.0,0.0,0.0,5753.9,207312176,Ground,,13862.3,F,0.0,5.66,0.0,,,0.0,,,C448,Conventional A/C,3.8,Advanced airtight wood stove,Mixed Wood,,,No,,,,,,,,,,,,,,
5003511,MB,R3G,E,2022-11-01,2022,Single Detached,173.6,Two storeys,1915,B1,1,3.5229,19217.5,19.218,9857.8,2738.3,166704.9,46307.3,2738.4,28146.9,0.0,0.0,0.0,208157170,Air,,8381.8,T,8.38,4.54,1.83,,,112.0,,,ESTAR,Central single package system,3.4405,Condensing furnace,Natural Gas,Fireplace with pilot (sealed),Natural Gas,Yes,NAPOLEON,NS18HV24A36,"H,DE33(6,9)36",28600,19400,,,10,17.5,No,8.382,,0.436,
5003590,MB,R0E,E,2023-02-01,2023,Single Detached,704.8,One storey,1977,B1;C1;F1,1,2.8751,36489.0,36.489,127679.6,35466.8,185467.5,51519.2,35467.0,0.0,0.0,0.0,0.0,7492839,Ground,,21100.0,F,0.0,2.171,0.0,,,0.0,,,C448,Conventional A/C,1.9708,Electric furnace,Electricity,Wood fireplace,Mixed Wood,No,,,,,,,,,,,,,,
5003758,MB,R4A,E,2022-10-01,2022,Single Detached,363.6,One storey,2000,B1,1,1.2163,14214.2,14.214,11606.6,3224.1,116810.0,32447.5,3224.2,13260.4,0.0,0.0,0.0,207098550,Air,,7619.8,T,6.27,4.54,1.95,,,70.0,,,ESTAR,Central split system,3.153,Condensing furnace,Natural Gas,,,Yes,CARRIER,38MARBQ24AA3,CAP**2417AL*,26000,15800,,,10,15,No,7.62,,0.536,
5005169,MB,R3G,E,2023-06-01,2023,Single Detached,140.7,One storey,1929,B1;B2;B3,1,5.34,10688.6,10.689,16205.2,4501.5,78582.6,21828.7,4501.4,4632.5,0.0,0.0,0.0,207202288,Air,,9268.7,T,5.51,4.05,2.0,,,72.0,,,ESTAR,Central split system,3.53,Condensing furnace,Natural Gas,,,Yes,CARRIER,38MARBQ18AA3,CAP**2417AL*,18800,14700,,,11,17.5,No,5.51,,0.515,
5005195,MB,R2M,E,2023-09-01,2023,Single Detached,207.6,One storey,1999,B1,1,1.7443,8293.9,8.294,14998.6,4166.3,68492.9,19026.0,4166.4,2148.9,0.0,0.0,0.0,212404693,Air,,13837.4,T,7.33,3.36,1.82,,,86.0,,,,Central split system,2.93,Condensing furnace,Natural Gas,,,Yes,NAPOLEON,WSEHV2436RA1-N,"H,DE33(6,9)36",24000,15000,17500,1.80,8.5,17,No,7.034,5.129,0.848,0.618
5006802,MB,R2M,E,2023-04-01,2023,Single Detached,131.3,One storey,1947,B1;B2;C1;F1,1,3.9,8947.1,8.947,37138.9,10316.4,82116.2,22810.2,10316.5,0.0,0.0,0.0,0.0,206223052,Air,,26497.0,T,11.14,2.13,2.0,,,100.0,,,,Central split system,3.8,Electric furnace,Electricity,Radiant floor panels,Electricity,Yes,,,,,,,,,,,,,,
5008019,MB,R0C,E,2023-12-01,2023,Single Detached,123.9,One storey,1975,B1;B2,1,1.86,5429.5,5.43,16376.0,4548.9,60791.1,16886.6,4548.9,0.0,0.0,0.0,0.0,211378935,Air,,15575.8,T,9.91,3.66,2.1,,,70.0,,,ESTAR,Central split system,2.93,Electric furnace,Electricity,,,Yes,YORK,HMH72B341,JHVTB36DBCC2N1,33800,25200,23800,2.10,8.5,18.5,Yes,9.906,6.975,1.824,1.285
5008561,MB,R0G,E,2023-03-01,2023,Single Detached,326.0,Two and a half,1922,B1,1,4.9898,24415.3,24.415,53427.6,14841.1,94945.3,26373.9,14841.2,0.0,0.0,0.0,0.0,207312018,Ground,,15970.0,F,0.0,3.7,0.0,,,0.0,,,C448,Conventional A/C,5.95,Electric furnace,Electricity,,,No,,,,,,,,,,,,,,
5008566,MB,R2N,E,2023-11-01,2023,Single Detached,512.6,One storey,1976,B1;C1;F1,1,3.4757,34181.2,34.181,143713.3,39920.7,192230.0,53397.6,39920.6,0.0,0.0,0.0,0.0,211644151,Air,,20370.2,T,9.96,3.02,1.8,,,70.0,,,,Central single package system,2.76,Electric furnace,Electricity,Wood fireplace,Mixed Wood,Yes,GREE,GUD36W/A-D(U),GCAT36*/NAA,36000,23200,26000,1.80,8.5,15.2,Yes,10.551,7.62,0.309,0.223
5012220,MB,R1N,E,2023-09-01,2023,Single Detached,166.3,One storey,1989,,1,4.4,7359.7,7.36,17222.6,4784.1,64464.8,17907.0,4784.2,0.0,0.0,0.0,0.0,8077724,Ground,,18080.0,F,0.0,4.1,0.0,,,0.0,,,C448,Conventional A/C,5.65,Electric furnace,Electricity,,,No,,,,,,,,,,,,,,
5015630,MB,R0M,E,2023-09-01,2023,Single Detached,334.2,One storey,1999,B1,1,0.9887,11625.2,11.625,15506.9,4307.5,61654.2,17126.3,4307.5,0.0,0.0,0.0,0.0,207312017,Ground,,18756.5,F,0.0,3.8,0.0,,,0.0,,,C448,Conventional A/C,4.75,Electric furnace,Electricity,Wood fireplace insert,Mixed Wood,No,,,,,,,,,,,,,,
5015741,MB,R2L,E,2023-05-01,2023,Single Detached,200.8,Two storeys,1912,B1;C1;C2;F1;F2,1,3.9713,15527.6,15.528,63916.7,17754.8,99035.5,27510.1,17754.9,0.0,0.0,0.0,0.0,207436328,Air,,10550.6,T,10.02,4.916,1.97,,,74.0,,,ESTAR,Central split system,3.958,Electric furnace,Electricity,,,Yes,LENNOX,SL25XPV-036-230A**,CBA38MV-036-230*+TDR,36000,34000,26600,1.92,9.1,22,No,10.551,7.796,0.679,0.502
5032484,MB,R2P,E,2023-12-01,2023,Single Detached,271.4,One storey,1983,B1;B2,1,2.47,12617.4,12.617,27119.7,7533.3,95945.5,26651.7,7533.4,6194.5,0.0,0.0,0.0,212633393,Air,,10185.1,T,9.5,3.02,1.8,,,74.0,,,,Central split system,2.79,Condensing furnace,Natural Gas,,,Yes,,,,,,,,,,,,,,
5032486,MB,R3E,E,2023-05-01,2023,Single Detached,175.2,Two and a half,1910,B1;B2,1,4.87,17197.3,17.197,22351.1,6208.7,116686.2,32413.1,6208.7,13272.1,0.0,0.0,0.0,208157170,Air,,8831.1,T,8.38,3.66,1.83,,,112.0,,,,Central split system,2.88,Condensing furnace,Natural Gas,Baseboard/Hydronic/Plenum(duct) htrs,Electricity,Yes,NAPOLEON,NS18HV24A36,"H,DE33(6,9)36",28600,19400,,,10,17.5,No,8.382,,0.487,
5018496,MB,R3R,E,2023-09-01,2023,"Row house, end unit",137.8,Two storeys,1975,B1,1,3.767,11282.9,11.283,15450.5,4291.8,87031.3,24175.6,4292.0,4570.0,0.0,0.0,0.0,207202285,Air,,9243.8,T,5.42,4.03,2.0,,,74.0,,,ESTAR,Central split system,3.47,Condensing furnace,Natural Gas,,,Yes,CARRIER,38MARBQ18AA3,CNPV*2414AL*,18500,14600,,,10.5,17,No,5.422,,0.481,
5018896,MB,R2L,E,2023-10-01,2023,Single Detached,209.9,Two storeys,1915,B1,1,5.7136,17804.2,17.804,63749.6,17708.4,99254.7,27571.0,17708.5,0.0,0.0,0.0,0.0,207436328,Air,,17871.4,T,10.55,3.23,1.97,,,74.0,,,,Central split system,4.11,Electric furnace,Electricity,,,Yes,LENNOX,SL25XPV-036-230A**,CBA38MV-036-230*+TDR,36000,34000,26600,1.92,9.1,22,No,10.551,7.796,0.593,0.438
5018899,MB,R0J,E,2023-04-01,2023,Single Detached,291.1,One storey,1955,B1;B2;C1;F1,1,3.1662,22604.8,22.605,36771.6,10214.4,82290.3,22858.6,10214.5,0.0,0.0,0.0,0.0,205782574,Ground,,15972.4,F,0.0,3.7,0.0,,,0.0,,,C448,Conventional A/C,5.01,Electric furnace,Electricity,,,No,,,,,,,,,,,,,,
5019930,MB,R3L,E,2023-10-01,2023,Single Detached,212.0,Two storeys,1948,B1,1,0.55,4670.1,4.67,10674.4,2965.1,58137.6,16149.5,2965.0,0.0,0.0,0.0,0.0,204627056,Air,,13739.5,T,6.33,3.19,1.76,,,100.0,,,ESTAR,Central split system,3.66,Electric furnace,Electricity,,,Yes,,,,,,,,,,,,,,
5020063,MB,R2K,E,2023-02-01,2023,Single Detached,153.6,One storey,1960,B1;B2,1,4.5082,16527.5,16.528,9004.2,2501.2,138811.3,38559.0,2501.1,20349.9,0.0,0.0,0.0,207098550,Air,,7619.8,T,6.27,4.54,1.95,,,70.0,,,ESTAR,Central single package system,3.153,Condensing furnace,Natural Gas,,,Yes,CARRIER,38MARBQ24AA3,CAP**2417AL*,26000,15800,,,10,15,No,7.62,,0.461,
5049911,MB,R3M,E,2023-08-01,2023,Single Detached,249.2,Two and a half,1909,B1;B2;B3;C1;F1,1,8.03,26078.2,26.078,41037.6,11399.4,154564.1,42934.8,11399.5,18341.3,0.0,0.0,0.0,205274000,Air,,18572.4,T,10.32,3.65,2.12,,,80.0,,,ESTAR,Central split system,3.62,Condensing furnace,Natural Gas,Fireplace with pilot (sealed),Natural Gas,Yes,BRYANT HEATING AND COOLING SYSTEMS,284ANV036*0**A*,CAP**4821AL*+UI,35200,33400,,,11,21,No,10.316,,0.396,
5026530,MB,R2K,E,2023-09-01,2023,Single Detached,192.5,One and a half,1927,B1,1,5.5787,15671.4,15.671,50008.9,13891.5,103861.1,28850.5,13891.5,1794.5,0.0,0.0,0.0,208447887,Air,,15575.3,T,7.03,3.29,1.8,,,100.0,,,,Central split system,3.42,Electric furnace,Electricity,Fireplace with pilot (unsealed),Natural Gas,Yes,CARRIER,38MURAQ24AB3,40MUAAQ24XA3,24000,19200,22600,1.91,10,17.4,Yes,7.034,6.623,0.449,0.423
5038323,MB,R3G,E,2023-01-01,2023,Single Detached,187.0,Two storeys,1909,B1;B2,1,7.8256,16749.9,16.75,20745.2,5762.6,109469.2,30408.4,5762.5,11585.6,0.0,0.0,0.0,208157170,Air,,8831.1,T,8.83,3.66,1.83,,,112.0,,,ESTAR,Central split system,2.88,Condensing furnace,Natural Gas,,,Yes,NAPOLEON,NS18HV24A36,"H,DE33(6,9)36",28600,19400,,,10,17.5,No,8.382,,0.5,
5026813,MB,R0E,E,2023-12-01,2023,Single Detached,207.6,One storey,1985,B1,1,3.53,7578.2,7.578,10948.4,3041.2,57531.8,15981.2,3041.1,0.0,0.0,0.0,0.0,207312173,Water,,11195.3,F,0.0,4.0,0.0,,,0.0,,,C448,Conventional A/C,5.66,Baseboard/Hydronic/Plenum(duct) htrs.,Electricity,,,No,,,,,,,,,,,,,,
5027746,MB,R3N,E,2023-09-01,2023,Single Detached,184.0,One storey,1953,B1,1,3.64,9405.9,9.406,20638.1,5732.9,77257.0,21460.4,5732.8,2719.2,0.0,0.0,0.0,212404695,Air,,13837.4,T,7.33,3.36,1.82,,,86.0,,,,Central split system,2.93,Condensing furnace,Natural Gas,Radiant floor panels,Electricity,Yes,NAPOLEON,WSEHV2436RA1-N,"H,DE33(6,9)36",24000,15000,17500,1.80,8.5,17,No,7.034,5.129,0.748,0.545
5027940,MB,R2M,E,2023-05-01,2023,Single Detached,320.6,Two storeys,1914,B1;B2;C1;F1,1,9.6036,40253.8,40.254,27444.5,7623.5,324891.6,90248.4,7623.7,67205.3,0.0,0.0,0.0,201851575,Air,,7033.7,F,0.0,4.863,0.0,,,0.0,,,,Mini-split ductless,3.498,Boiler  with spark ignition,Natural Gas,Wood fireplace,Mixed Wood,Yes,DAIKIN,3MXS24RMVJU,,24000,15500,,,12.5,18,No,7.034,,0.175,
5028555,MB,R7A,E,2023-01-01,2023,Single Detached,920.1,One storey,1999,B1,1,1.5403,30990.7,30.991,59739.9,16594.5,108990.0,30275.2,16594.6,0.0,0.0,0.0,0.0,211177788,Ground,,34582.4,F,0.0,4.03,0.0,,,0.0,,,C448,Conventional A/C,4.326,Electric furnace,Electricity,Wood fireplace,Mixed Wood,No,,,,,,,,,,,,,,
5028794,MB,R3J,E,2022-12-01,2022,Single Detached,248.1,One storey,1964,B1;C1;F1,1,2.9856,16649.8,16.65,9612.1,2670.0,126225.4,35062.9,2670.0,16474.3,0.0,0.0,0.0,208157170,Air,,8380.0,T,8.38,4.54,1.47,,,100.0,,,ESTAR,Central single package system,3.498,Condensing furnace,Natural Gas,Baseboard/Hydronic/Plenum(duct) htrs,Electricity,Yes,NAPOLEON,NS18HV24A36,"H,DE33(6,9)36",28600,19400,,,10,17.5,No,8.382,,0.503,
5029003,MB,R3N,E,2023-07-01,2023,"Row house, end unit",232.3,One storey,2011,B1;C1;F1,1,1.99,8628.6,8.629,23735.4,6593.2,70826.2,19674.1,6593.1,0.0,0.0,0.0,0.0,207099721,Air,,11553.7,T,7.44,3.63,2.0,,,70.0,,,,Central split system,3.37,Electric furnace,Electricity,,,Yes,KEEPRITE,DLCSRBH24AAK,FXM4X24**AL,25400,15500,,,10.5,15.5,No,7.444,,0.863,
1145846,MB,R2M,E,2023-05-01,2023,Single Detached,198.8,Two storeys,1978,B1;B2;B3,1,3.51,12998.9,12.999,20860.4,5794.6,95223.1,26451.1,5794.5,8279.0,0.0,0.0,0.0,207098554,Air,,8584.3,T,7.44,3.63,2.0,,,70.0,,,ESTAR,Central split system,3.63,Condensing furnace,Natural Gas,,,Yes,CARRIER,38MARBQ24AA3,CAP**3017AL*,25400,15500,,,10.5,15.5,No,7.444,,0.573,
5029247,MB,R3T,E,2023-04-01,2023,Single Detached,308.2,Two and a half,1947,B1;B2;B3;C1;F1,1,2.33,20030.1,20.03,37174.4,10326.3,85974.0,23881.9,10326.2,0.0,0.0,0.0,0.0,5295969,Ground,,12602.1,F,0.0,3.8,0.0,,,0.0,,,C448,Conventional A/C,5.36,Baseboard/Hydronic/Plenum(duct) htrs.,Electricity,,,No,,,,,,,,,,,,,,
5030060,MB,R3J,E,2023-10-01,2023,Single Detached,140.6,Two storeys,1943,B1;B2,1,6.09,17193.6,17.194,19969.7,5547.2,119750.0,33264.2,5547.3,12519.5,0.0,0.0,0.0,210435437,Air,,9126.5,T,10.49,4.19,2.08,,,89.0,,,,Central split system,3.66,Condensing furnace,Natural Gas,,,Yes,Mitsubishi Electric,PUZ-HA30NKA*,PAA-A30AA1,35400,23200,35400,1.75,8.9,18,Yes,10.375,10.375,0.603,0.603
5030108,MB,R5M,E,2023-03-01,2023,Single Detached,328.6,Two storeys,1987,B1;B2,1,1.74,20311.6,20.312,49682.3,13800.7,96088.2,26691.4,13800.7,0.0,0.0,0.0,0.0,207318098,Ground,,10550.0,F,0.0,3.7,0.0,,,0.0,,,C448,Conventional A/C,4.72,Electric furnace,Electricity,,,No,,,,,,,,,,,,,,
5030963,MB,R0K,E,2023-08-01,2023,Single Detached,270.9,One storey,1965,B1,1,2.11,10416.1,10.416,18744.6,5206.9,64622.1,17950.7,5207.0,0.0,0.0,0.0,0.0,207318097,Ground,,7620.0,F,0.0,3.6,0.0,,,0.0,,,C448,Conventional A/C,4.54,Electric furnace,Electricity,,,No,,,,,,,,,,,,,,
5031110,MB,R2Y,E,2023-11-01,2023,Double/Semi-detached,164.8,Split entry/Raised base.,1971,B1;B2;B3;B4,1,4.47,10456.7,10.457,25062.2,6961.8,80935.5,22482.3,6961.7,3093.9,0.0,0.0,0.0,212404693,Air,,13837.4,T,7.33,3.36,1.82,,,86.0,,,,Central split system,2.93,Condensing furnace,Natural Gas,,,Yes,NAPOLEON,WSEHV2436RA1-N,"H,DE33(6,9)36",24000,15000,17500,1.80,8.5,17,No,7.034,5.129,0.673,0.49
5031935,MB,R0A,E,2023-06-01,2023,Single Detached,173.5,One and a half,1950,B1;C1;F1,1,8.2333,15962.9,15.963,52475.4,14576.6,95718.9,26588.8,14576.5,0.0,0.0,0.0,0.0,206223059,Air,,30532.1,T,14.07,3.34,2.05,,,100.0,,,ESTAR,Central split system,3.11,Electric furnace,Electricity,,,Yes,,,,,,,,,,,,,,
5032226,MB,R3N,E,2023-11-01,2023,Single Detached,181.0,One storey,1963,B1;B2;B3,1,1.71,12242.3,12.242,19934.4,5537.4,103546.4,28763.1,5537.3,8113.4,0.0,0.0,0.0,212603045,Air,,7000.0,T,10.73,3.23,1.81,,,89.0,,,ESTAR,Central split system,2.93,Condensing furnace,Natural Gas,,,Yes,NAPOLEON,NS18HV24A36,"H,DE37936",,25600,32800,1.80,8.5,17,No,,9.613,,0.785
5032419,MB,R0K,E,2023-06-01,2023,Single Detached,280.7,One storey,1999,B1,1,2.3257,11601.7,11.602,21385.2,5940.4,65661.3,18239.4,5940.3,0.0,0.0,0.0,0.0,203466716,Ground,,11195.3,F,0.0,4.0,0.0,,,0.0,,,C448,Conventional A/C,5.66,Electric furnace,Electricity,,,No,,,,,,,,,,,,,,
5032422,MB,R0G,E,2022-12-01,2022,Single Detached,314.8,One storey,1989,B1;P1,1,3.144,15648.1,15.648,65502.7,18195.3,113437.9,31510.8,18195.4,0.0,0.0,0.0,0.0,210410118,Air,,20515.0,F,0.0,4.051,0.0,,,0.0,,,ESTAR,Central split system,3.498,Electric furnace,Electricity,Forced air furnace,Electricity,Yes,MRCOOL,MDUO18024036,MDUI18036E,35000,29000,28000,1.80,9,16,Yes,10.257,8.206,0.656,0.524
5032549,MB,R0C,E,2023-11-01,2023,Single Detached,204.0,Two storeys,2000,B1,1,2.67,15439.4,15.439,58850.4,16347.5,108081.0,30022.7,16347.4,0.0,0.0,0.0,0.0,207335553,Air,,19733.1,T,10.55,3.0,1.83,,,83.0,,,,Central split system,2.85,Electric furnace,Electricity,,,Yes,NAPOLEON,NS18HV24A36,NPFX24A36A,35000,29000,28000,1.80,9,16,No,10.257,8.206,0.664,0.531
5033169,MB,R2L,E,2023-08-01,2023,Single Detached,181.3,Two storeys,1913,B1;B2;B3;C1;F1,1,5.79,17188.0,17.188,55704.9,15473.7,110811.5,30781.2,15473.7,0.0,0.0,0.0,0.0,207599995,Air,,12803.1,T,8.03,4.07,2.12,,,70.0,,,,Central split system,2.47,Electric furnace,Electricity,Baseboard/Hydronic/Plenum(duct) htrs,Electricity,Yes,DAIKIN,DZ17VSA361B*,DV35FECC14A*,27400,22000,,,10,17.5,No,8.03,,0.467,
5034357,MB,R2H,E,2023-01-01,2023,Single Detached,318.8,Two storeys,2021,B1,1,0.7358,8561.9,8.562,24549.9,6819.5,75154.9,20876.5,6819.5,0.0,0.0,0.0,0.0,206223059,Air,,30532.1,T,14.07,3.34,2.05,,,100.0,,,,Central single package system,3.11,Baseboard/Hydronic/Plenum(duct) htrs.,Electricity,,,Yes,,,,,,,,,,,,,,
5034918,MB,R2J,E,2023-08-01,2023,Single Detached,139.3,One storey,1961,B1;B2;P1;P2,1,3.37,11834.6,11.835,21053.7,5848.3,89207.3,24780.0,5848.4,6451.2,0.0,0.0,0.0,207098550,Air,,8787.2,T,7.62,3.48,1.95,,,70.0,,,,Central split system,3.36,Condensing furnace,Natural Gas,,,Yes,CARRIER,38MARBQ24AA3,CAP**2417AL*,26000,15800,,,10,15,No,7.62,,0.644,
5034930,MB,R6T,E,2023-06-01,2023,Single Detached,360.8,Two storeys,1986,B1;B2,1,1.53,15771.0,15.771,27444.5,7623.5,78273.7,21742.9,7623.4,0.0,0.0,0.0,0.0,8077724,Ground,,16000.0,F,0.0,4.1,0.0,,,0.0,,,C448,Conventional A/C,2.09385,Electric furnace,Electricity,Advanced airtight wood stove,Mixed Wood,No,,,,,,,,,,,,,,
5035077,MB,R0M,E,2023-03-01,2023,Single Detached,302.3,One storey,1970,B1,1,2.4549,14080.3,14.08,50894.7,14137.5,96177.8,26716.3,14137.6,0.0,0.0,0.0,0.0,207641332,Air,,12946.7,T,8.21,3.47,2.11,,,71.0,,,,Mini-split ductless,2.75,Baseboard/Hydronic/Plenum(duct) htrs.,Electricity,Wood fireplace,Mixed Wood,Yes,SENVILLE,SENA/30HF/MOQ,,28000,21000,19000,2.00,9.5,24.6,No,8.206,5.568,0.583,0.395
5035416,MB,R0G,E,2023-05-01,2023,Single Detached,120.6,One and a half,1940,B1,1,10.58,18213.2,18.213,21350.6,5930.8,119706.3,33252.0,5930.9,13819.0,0.0,0.0,0.0,207202400,Air,,9268.7,T,5.51,4.05,2.0,,,72.0,,,ESTAR,Central split system,3.53,Condensing furnace,Natural Gas,,,Yes,Bryant,38MARBQ18AA3,CAP**2417AL*,18800,14700,,,11,17.5,No,5.51,,0.303,
5036495,MB,R0K,E,2023-07-01,2023,Single Detached,211.2,Three storeys,2000,C1;F1,1,7.3102,23183.5,23.184,66353.2,18431.6,124103.5,34473.5,18431.5,0.0,0.0,0.0,0.0,206788900,Air,,23813.2,T,13.48,3.83,2.32,,,78.0,,,,Central split system,4.14,Electric furnace,Electricity,Advanced airtight wood stove,Mixed Wood,Yes,CARRIER,25VNA448A*031*,"FE4AN(B,F)005L+UI",46000,43000,36000,2.32,9.5,22,No,13.481,10.551,0.582,0.455
5036503,MB,R0K,E,2023-02-01,2023,Single Detached,166.8,Two storeys,1974,,1,4.2397,13991.8,13.992,47883.6,13301.1,95135.6,26426.8,13301.2,0.0,0.0,0.0,0.0,9118473,Air,,23100.0,T,10.55,3.23,1.96,,,100.0,,,ESTAR,Mini-split ductless,3.11,Baseboard/Hydronic/Plenum(duct) htrs.,Electricity,,,Yes,CARRIER,38MGRQ36D--3,,36000,16800,36000,1.90,9.5,21.5,No,10.551,10.551,0.754,0.754
5037161,MB,R7A,E,2023-02-01,2023,Single Detached,377.5,One and a half,1950,B1;B2,1,3.1289,24068.5,24.068,55907.4,15530.0,100633.7,27954.0,15529.8,0.0,0.0,0.0,0.0,207337451,Ground,,19635.8,F,0.0,3.5,0.0,,,0.0,,,C448,Conventional A/C,3.5831,Electric furnace,Electricity,Advanced airtight wood stove,Mixed Wood,No,,,,,,,,,,,,,,
5037669,MB,R5H,E,2022-12-01,2022,Single Detached,175.3,One storey,2020,,1,1.1,5604.0,5.604,8805.7,2446.0,53937.5,14982.8,2446.1,0.0,0.0,0.0,0.0,207641331,Air,,5568.4,F,0.0,4.277,0.0,,,0.0,,,ESTAR,Mini-split ductless,3.81425,Baseboard/Hydronic/Plenum(duct) htrs.,Electricity,Advanced airtight wood stove,Mixed Wood,Yes,SENVILLE,SENA/18HF/MOQ,,19000,14500,12900,2.00,10.15,20.95,No,5.568,3.781,0.994,0.675
5037810,MB,R0E,E,2023-11-01,2023,Single Detached,198.9,One storey,2012,C1;F1,1,2.31,10341.3,10.341,31896.8,8860.3,82706.7,22974.3,8860.3,0.0,0.0,0.0,0.0,202141049,Air,,21044.8,T,9.67,3.79,2.25,,,96.0,,,ESTAR,Central split system,4.09,Electric furnace,Electricity,Advanced airtight wood stove,Hardwood,Yes,RUUD,UP2036BJV,RHMV6021SEAC,33000,37400,,,11.5,20,No,9.671,,0.935,
5037822,MB,R0C,E,2023-09-01,2023,Single Detached,222.1,One storey,1967,B1;B2,1,2.05,8456.7,8.457,31386.6,8718.6,78507.9,21807.9,8718.7,0.0,0.0,0.0,0.0,210998927,Air,,8381.8,F,0.0,3.6,0.0,,,0.0,,,,Central split system,3.0725,Electric furnace,Electricity,,,Yes,PAYNE HEATING AND COOLING,PH5SAN430**AA*,PF4MN*B30L*,28600,17300,13200,2.08,7.5,14.3,No,8.382,3.869,0.991,0.457
5038875,MB,R2E,E,2023-08-01,2023,Single Detached,430.6,One and a half,1994,B1;C1;F1,1,2.215,20273.3,20.273,36431.8,10120.0,83667.2,23241.1,10120.1,0.0,0.0,0.0,0.0,7492841,Water,,20075.4,F,0.0,4.1,0.0,,,0.0,,,C448,Conventional A/C,6.1,Electric furnace,Electricity,Advanced airtight wood stove,Mixed Wood,No,,,,,,,,,,,,,,
5039870,MB,R2M,E,2022-11-01,2022,Single Detached,174.9,Two storeys,1935,B1,1,1.7185,18866.1,18.866,12405.5,3446.0,148122.9,41145.6,3446.1,24413.5,0.0,0.0,0.0,207098550,Air,,7619.8,T,6.27,4.54,1.95,,,70.0,,,ESTAR,Central split system,3.153,Condensing furnace,Natural Gas,Advanced airtight wood stove,Mixed Wood,Yes,CARRIER,38MARBQ24AA3,CAP**2417AL*,26000,15800,,,10,15,No,7.62,,0.404,
5040344,MB,R0K,E,2023-09-01,2023,Single Detached,268.8,One storey,2008,B1,1,1.2899,9888.2,9.888,32555.6,9043.3,78705.5,21862.8,9043.4,0.0,0.0,0.0,0.0,208447884,Air,,9671.3,T,8.79,3.26,1.85,,,80.0,,,ESTAR,Central split system,2.88,Electric furnace,Electricity,,,Yes,CARRIER,38MURAQ30AB3,40MUAAQ30XA3,33000,21000,24000,1.80,8.9,16.2,Yes,9.671,7.034,0.978,0.711
5041212,MB,R1N,E,2023-01-01,2023,Single Detached,243.9,One storey,1969,B1;C1;F1,1,1.9251,8660.0,8.66,31783.6,8828.8,83933.6,23315.1,8829.0,0.0,0.0,0.0,0.0,207098442,Air,,8584.3,T,7.44,3.63,2.0,,,70.0,,,ESTAR,Central split system,3.36,Electric furnace,Electricity,Advanced airtight wood stove,Mixed Wood,Yes,CARRIER,38MARBQ24AA3,FX4DNF025L,25400,15500,,,10.5,15.5,No,7.444,,0.86,
5041251,MB,R0M,E,2023-05-01,2023,Single Detached,273.5,One storey,2008,B1,1,1.2269,9002.1,9.002,21861.8,6072.8,65944.6,18318.1,6072.8,0.0,0.0,0.0,0.0,207337448,Ground,,7619.8,F,0.0,3.6,0.0,,,0.0,,,C448,Conventional A/C,4.54,Electric furnace,Electricity,,,No,,,,,,,,,,,,,,
668028,MB,R2M,E,2023-02-01,2023,Single Detached,237.0,One storey,1972,B1;B2,1,2.98,14288.8,14.289,9538.6,2649.6,117356.8,32599.4,2649.7,17546.5,0.0,0.0,0.0,206903156,Air,,7033.7,F,0.0,4.051,0.0,,,0.0,,,ESTAR,Central split system,3.728,Condensing furnace,Natural Gas,Wood fireplace,Mixed Wood,Yes,DUCANE,4HP18V36P,E*1P23B+H4TXV01,23200,15100,14300,1.91,8.1,19,No,6.799,4.191,0.476,0.293
5041376,MB,R2M,E,2023-08-01,2023,Single Detached,256.9,One storey,2004,B1;B2,1,1.01,9339.3,9.339,14932.2,4147.9,73605.7,20446.2,4147.8,3230.0,0.0,0.0,0.0,208157170,Air,,8874.8,T,8.38,3.9,1.83,,,112.0,,,ESTAR,Central split system,2.88,Condensing furnace,Natural Gas,,,Yes,NAPOLEON,NS18HV24A36,"H,DE33(6,9)36",28600,19400,,,10,17.5,No,8.382,,0.897,
5041723,MB,R5M,E,2023-01-01,2023,Single Detached,203.9,Two storeys,1986,B1;B2;P1,1,3.0134,16199.7,16.2,69226.4,19229.7,116649.4,32402.9,19229.6,0.0,0.0,0.0,0.0,207436328,Air,,10550.6,T,10.02,4.916,1.97,,,74.0,,,ESTAR,Central split system,3.958,Electric furnace,Electricity,Wood fireplace,Mixed Wood,Yes,LENNOX,SL25XPV-036-230A**,CBA38MV-036-230*+TDR,36000,34000,26600,1.92,9.1,22,No,10.551,7.796,0.651,0.481
5042685,MB,R2W,E,2023-01-01,2023,Single Detached,330.9,Two and a half,1922,B1;B2;B3,1,6.02,32209.1,32.209,22496.1,6249.0,276897.7,76916.6,6248.9,47456.8,0.0,0.0,7962.8,207683241,Air,,12952.0,T,10.55,2.96,1.8,,,100.0,,,ESTAR,Mini-split ductless,2.7,Boiler  with spark ignition,Natural Gas,Advanced airtight wood stove,Wood Pellets,Yes,NAPOLEON,NDHAM-36-O,,37000,35000,36000,1.90,9.7,20,Yes,10.844,10.551,0.337,0.328
5042712,MB,R0E,E,2023-05-01,2023,Single Detached,260.9,One storey,1978,B1;B2;B3;B4,1,1.0691,6638.7,6.639,17356.0,4821.1,64096.4,17804.7,4821.1,0.0,0.0,0.0,0.0,207574744,Air,,10081.6,F,0.0,4.991,0.0,,,0.0,,,ESTAR,Central split system,3.9005,Electric furnace,Electricity,,,Yes,LENNOX,SL25XPV-036-230A**,CBA38MV-042-230*+TDR,34400,31800,25800,1.80,9.2,21,No,10.082,7.561,1.519,1.139
5042715,MB,R2W,E,2023-10-01,2023,Single Detached,219.0,One and a half,1941,B1,1,3.4086,19144.4,19.144,26718.1,7421.8,118958.6,33044.3,7421.7,12420.1,0.0,0.0,0.0,209270314,Air,,12351.5,T,7.5,4.07,2.2,,,72.0,,,,Central split system,2.76,Condensing furnace,Natural Gas,,,Yes,ECO-AIR,MOX430U-24HFN1-MR0,MAC-24HWDN1-MN0,25600,22000,18500,2.20,9.8,15.7,Yes,7.503,5.422,0.392,0.283
5044264,MB,R2L,E,2023-02-01,2023,Single Detached,104.0,One storey,1907,B1,1,10.3913,15416.0,15.416,20984.3,5829.0,102060.7,28350.4,5828.9,10254.2,0.0,0.0,0.0,207202270,Air,,9294.7,T,5.48,4.01,2.0,,,73.0,,,ESTAR,Central split system,3.44,Condensing furnace,Natural Gas,,,Yes,CARRIER,38MARBQ18AA3,CAP**2414AL*,18700,14700,,,10.5,17,No,5.48,,0.356,
5045455,MB,R0G,E,2023-06-01,2023,Single Detached,146.2,One storey,1957,B1;B2;B3,1,0.85,4199.2,4.199,13702.7,3806.3,48200.7,13389.2,3806.4,0.0,0.0,0.0,0.0,207335553,Air,,19672.7,T,10.55,2.99,1.83,,,83.0,,,,Central split system,2.85,Electric furnace,Electricity,,,Yes,NAPOLEON,NS18HV24A36,NPFX24A36A,35000,29000,28000,1.80,9,16,No,10.257,8.206,2.443,1.954
5045701,MB,R1A,E,2023-09-01,2023,Single Detached,292.2,One storey,1974,B1;B2,1,3.19,16424.6,16.425,42335.6,11760.0,113668.8,31574.9,11760.1,6811.2,0.0,0.0,0.0,207436477,Air,,18301.3,T,10.43,3.03,1.83,,,78.0,,,ESTAR,Central split system,4.1,Condensing furnace,Natural Gas,,,Yes,LENNOX,SL25XPV-036-230A**,CX35-48C+TDR,35600,33200,27600,1.82,8.8,22,No,10.433,8.089,0.635,0.492
5045710,MB,R0E,E,2023-09-01,2023,Single Detached,232.1,One storey,1968,B1,1,0.87,6598.4,6.598,6781.6,1883.8,54545.0,15151.5,1883.9,0.0,0.0,0.0,0.0,207312172,Ground,,8352.5,F,0.0,4.2,0.0,,,0.0,,,C448,Conventional A/C,2.09155,Electric furnace,Electricity,Advanced airtight wood stove,Mixed Wood,No,,,,,,,,,,,,,,
5069547,MB,R0G,E,2023-01-01,2023,Single Detached,173.7,Two storeys,1930,B1,1,3.093,14652.4,14.652,48666.5,13518.6,95172.4,26437.0,13518.4,0.0,0.0,0.0,0.0,9118473,Air,,23100.0,T,10.55,3.23,1.96,,,100.0,,,ESTAR,Mini-split ductless,3.11,Baseboard/Hydronic/Plenum(duct) htrs.,Electricity,,,Yes,CARRIER,38MGRQ36D--3,,36000,16800,36000,1.90,9.5,21.5,No,10.551,10.551,0.72,0.72
5045805,MB,R2M,E,2023-11-01,2023,Single Detached,657.3,Two storeys,1990,B1,1,2.2381,30322.4,30.322,89140.8,24761.5,142301.3,39528.5,24761.6,0.0,0.0,0.0,30.3,207318098,Ground,,18220.0,F,0.0,2.171,0.0,,,0.0,,,C448,Conventional A/C,1.9708,Electric furnace,Electricity,Wood fireplace,Mixed Wood,No,,,,,,,,,,,,,,
5048200,MB,R2V,E,2023-10-01,2023,Single Detached,190.0,One storey,1988,B1;P1,1,3.2113,12896.8,12.897,30425.5,8451.6,98963.8,27490.2,8451.5,4071.7,0.0,0.0,0.0,207436477,Air,,18301.4,T,10.43,3.03,1.83,,,78.0,,,ESTAR,Central split system,4.1,Condensing furnace,Natural Gas,,,Yes,LENNOX,SL25XPV-036-230A**,CX35-48C+TDR,35600,33200,27600,1.82,8.8,22,No,10.433,8.089,0.809,0.627
5048755,MB,R2J,E,2022-12-01,2022,Single Detached,153.1,One storey,1958,B1;P1,1,1.2779,9970.2,9.97,28841.3,8011.5,74543.3,20706.6,8011.5,0.0,0.0,0.0,0.0,202345968,Air,,10843.6,T,10.55,4.916,1.92,,,94.0,,,ESTAR,Central split system,3.613,Baseboard/Hydronic/Plenum(duct) htrs.,Electricity,,,Yes,CARRIER,38MGRQ36D--3,,36000,27000,7500,1.60,9.5,19,No,10.551,2.198,1.058,0.22
5054399,MB,R7A,E,2023-03-01,2023,Single Detached,238.5,One storey,2002,B1,1,1.1365,10754.1,10.754,21433.9,5953.9,64321.7,17867.3,5953.9,0.0,0.0,0.0,0.0,7493316,Ground,,10550.6,F,0.0,3.7,0.0,,,0.0,,,C448,Conventional A/C,4.72,Electric furnace,Electricity,,,No,,,,,,,,,,,,,,
5054566,MB,R5R,E,2023-11-01,2023,Single Detached,435.2,Two storeys,1981,B1;B2;B3;C1;F1,1,3.0695,20785.2,20.785,85954.5,23876.4,125706.2,34918.7,23876.3,0.0,0.0,0.0,0.0,212396763,Air,,80260.1,T,9.5,3.03,1.83,,,92.0,,,,Central split system,1.7569,Electric furnace,Electricity,Advanced airtight wood stove,Mixed Wood,Yes,TRANE,4TXD2036A10NU**,"H,TG34936+TD",36000,22000,24000,1.80,8.5,15.2,No,10.551,7.034,0.508,0.338
5055274,MB,R0E,E,2023-07-01,2023,Single Detached,152.5,Two storeys,1974,C1;F1,1,15.03,22622.3,22.622,76958.8,21377.6,123016.7,34171.6,21377.7,0.0,0.0,0.0,0.0,8908615,Air,,23361.9,T,10.67,3.39,2.02,,,100.0,,,ESTAR,Mini-split ductless,3.29,Baseboard/Hydronic/Plenum(duct) htrs.,Electricity,Advanced airtight wood stove,Wood Pellets,Yes,FUJITSU,AOU36RLXFZH,,36000,21400,36400,2.02,9.5,20.5,Yes,10.551,10.668,0.466,0.472
5055621,MB,R3G,E,2023-04-01,2023,Single Detached,143.1,Two storeys,1949,B1;B2,1,7.2064,15228.6,15.229,12842.4,3567.4,114155.8,31710.2,3567.3,15496.5,0.0,0.0,0.0,208143093,Air,,8850.7,T,8.38,3.66,1.83,,,112.0,,,ESTAR,Central split system,2.88,Condensing furnace,Natural Gas,,,Yes,NAPOLEON,NS18HV24A36,"H,DE33(6,9)36",28600,19400,,,10,17.5,No,8.382,,0.55,
5055622,MB,R0H,E,2023-07-01,2023,Single Detached,215.5,One storey,1986,B1;B2,1,1.64,6419.2,6.419,23339.3,6483.2,69066.7,19185.3,6483.1,0.0,0.0,0.0,0.0,207599994,Air,,11112.7,T,6.68,3.77,2.04,,,72.0,,,,Central split system,2.76,Electric furnace,Electricity,,,Yes,DAIKIN,DZ17VSA301B*,DV35FECC14A*,22800,17600,,,10,18,No,6.682,,1.041,
5055842,MB,R7A,E,2022-12-01,2022,Single Detached,223.3,One storey,1973,B1;P1,1,4.1396,16545.2,16.545,28788.5,7996.9,75447.7,20957.9,7996.7,0.0,0.0,0.0,0.0,207337448,Ground,,7620.0,F,0.0,3.6,0.0,,,0.0,,,C448,Conventional A/C,4.54,Baseboard/Hydronic/Plenum(duct) htrs.,Electricity,Fireplace with spark ignit. (sealed),Propane,No,,,,,,,,,,,,,,
5055984,MB,R3R,E,2023-01-01,2023,Single Detached,311.1,One storey,1997,B1,1,1.2673,12616.9,12.617,33025.9,9173.9,109727.4,30480.1,9174.0,7571.4,0.0,0.0,0.0,208157170,Air,,8830.0,T,8.85,2.156,1.83,,,112.0,,,ESTAR,Central split system,1.7592,Condensing furnace,Natural Gas,,,Yes,NAPOLEON,NS18HV24A36,"H,DE33(6,9)36",28600,19400,,,10,17.5,No,8.382,,0.664,
5056449,MB,R0G,E,2023-11-01,2023,Single Detached,337.2,Two storeys,1994,,1,2.5053,16402.6,16.403,43319.7,12033.3,107281.2,29800.6,12033.4,5470.9,0.0,0.0,0.0,207436615,Air,,23956.2,T,12.9,3.22,1.93,,,83.0,,,ESTAR,Central split system,3.66,Condensing furnace,Natural Gas,,,Yes,LENNOX,SL25XPV-048-230A**,CX35-60C+TDR,44000,42500,36200,1.92,9.5,20,No,12.895,10.609,0.786,0.647
5057567,MB,R0E,E,2022-12-01,2022,Single Detached,190.2,Two storeys,1895,B1,1,7.7659,19932.1,19.932,74763.4,20767.8,121258.8,33683.3,20767.7,0.0,0.0,0.0,0.0,207599994,Air,,11097.1,T,11.1,3.74,2.04,,,72.0,,,ESTAR,Central split system,2.76,Electric furnace,Electricity,Advanced airtight wood stove,Mixed Wood,Yes,DAIKIN,DZ17VSA301B*,DV35FECC14A*,22800,17600,,,10,18,No,6.682,,0.335,
5057967,MB,R2K,E,2023-04-01,2023,"Row house, end unit",125.6,One storey,1969,B1;P1,1,3.808,7947.9,7.948,11992.5,3331.3,65310.2,18141.9,3331.4,2394.7,0.0,0.0,0.0,207098554,Air,,8582.6,T,7.44,3.76,2.0,,,70.0,,,ESTAR,Central split system,3.36,Condensing furnace,Natural Gas,,,Yes,CARRIER,38MARBQ24AA3,CAP**3017AL*,25400,15500,,,10.5,15.5,No,7.444,,0.937,
1191395,MB,R3T,E,2023-09-01,2023,Single Detached,171.1,Two storeys,1965,B1,1,2.7804,12975.7,12.976,26204.0,7278.9,95265.5,26462.9,7278.9,3878.6,0.0,0.0,0.0,206788883,Air,,17537.9,T,10.55,3.29,1.94,,,73.0,,,,Central split system,3.88,Condensing furnace,Natural Gas,,,Yes,CARRIER,25VNA436A*031*,CAP**4221AL*+UI,36000,32400,27000,1.96,9,18.5,No,10.551,7.913,0.813,0.61
5060883,MB,R2G,E,2023-10-01,2023,Single Detached,208.3,One storey,1978,B1;B2;B3;B4,1,1.5455,11697.1,11.697,20169.2,5602.6,93900.8,26083.8,5602.5,6276.4,0.0,0.0,0.0,207098554,Air,,8584.3,T,7.44,3.63,2.0,,,70.0,,,,Central split system,3.36,Condensing furnace,Natural Gas,Wood fireplace,Mixed Wood,Yes,CARRIER,38MARBQ24AA3,CAP**3017AL*,25400,15500,,,10.5,15.5,No,7.444,,0.636,
5060899,MB,R4G,E,2023-03-01,2023,Single Detached,337.4,One storey,2016,B1,1,0.811,10906.9,10.907,32597.0,9054.8,100492.2,27914.7,9054.8,5342.3,0.0,0.0,0.0,208157172,Air,,8837.0,T,8.38,2.167,1.83,,,112.0,,,ESTAR,Central split system,2.88,Condensing furnace,Natural Gas,,,Yes,NAPOLEON,NS18HV24A36,"H,DE33(6,9)36",28600,19400,,,10,17.5,No,8.382,,0.768,
5061041,MB,R5R,E,2023-10-01,2023,Single Detached,265.6,One storey,1982,B1,1,1.787,10741.5,10.742,36098.8,10027.5,83362.5,23156.4,10027.6,0.0,0.0,0.0,0.0,211644151,Air,,7254.4,T,9.96,3.02,1.8,,,70.0,,,,Central split system,2.76,Electric furnace,Electricity,Wood fireplace,Mixed Wood,Yes,GREE,GUD36W/A-D(U),GCAT36*/NAA,36000,23200,26000,1.80,8.5,15.2,Yes,10.551,7.62,0.982,0.709
5061369,MB,R1N,E,2023-05-01,2023,Single Detached,198.8,One storey,1982,B1,1,1.63,7650.9,7.651,35660.5,9905.8,81335.8,22593.5,9905.6,0.0,0.0,0.0,0.0,208130265,Air,,19686.5,T,10.55,2.99,1.83,,,83.0,,,ESTAR,Central split system,2.85,Electric furnace,Electricity,,,Yes,BOREAL,ENVBR36HPJ1OA,ENVBR36HPJ1IB,35000,29000,28000,1.80,9,16,Yes,10.257,8.206,1.341,1.073
5062421,MB,R0K,E,2023-09-01,2023,Single Detached,253.6,One storey,1996,B1,1,0.977,9990.8,9.991,22042.4,6122.9,66543.0,18484.3,6122.8,0.0,0.0,0.0,0.0,7492838,Ground,,10286.8,F,0.0,3.6,0.0,,,0.0,,,C448,Conventional A/C,4.54,Electric furnace,Electricity,Fan heater units,Electricity,No,,,,,,,,,,,,,,
5062669,MB,R2N,E,2023-10-01,2023,Single Detached,297.1,One storey,1998,B1;P1,1,1.6517,16510.9,16.511,22900.2,6361.2,106220.1,29505.8,6361.2,10704.3,0.0,0.0,0.0,207098555,Air,,8652.0,T,7.5,3.63,2.0,,,70.0,,,ESTAR,Central split system,3.36,Condensing furnace,Natural Gas,,,Yes,CARRIER,38MARBQ24AA3,CNPV*2417AL*,25600,15600,,,10.5,15,No,7.503,,0.454,
5062994,MB,R4K,E,2023-05-01,2023,Single Detached,168.0,One storey,1954,B1,1,3.8526,17128.9,17.129,62220.2,17283.5,107620.1,29894.7,17283.5,0.0,0.0,0.0,0.0,207172948,Air,,17500.0,T,4.87,3.58,2.06,,,73.0,,,,Central split system,3.2,Electric furnace,Electricity,,,Yes,DAIKIN,DZ17VSA181B*,CA*EA1818*4A*+MBVC1200**-1A*,17100,10800,,2.10,8.5,17.5,No,5.012,,0.293,
5063934,MB,R3G,E,2023-10-01,2023,Single Detached,268.1,Three storeys,1912,B1,1,11.8019,54058.0,54.058,93976.7,26104.8,321012.5,89170.9,26104.9,47680.7,0.0,0.0,0.0,207642889,Air,,30532.0,T,14.65,3.37,1.85,,,96.0,,,,Mini-split ductless,3.34,Boiler  with spark ignition,Natural Gas,,,Yes,CARRIER,38MGHBQ48EA3,,49000,36000,42500,2.00,9,20.9,Yes,14.36,12.456,0.266,0.23
5064785,MB,R3X,E,2023-10-01,2023,Single Detached,234.7,Split level,2003,B1;P1,1,4.6,14717.7,14.718,27122.3,7534.0,94719.7,26311.2,7533.9,5961.4,0.0,0.0,0.0,212427853,Air,,13837.4,T,7.33,3.36,1.82,,,86.0,,,,Central single package system,2.93,Condensing furnace,Natural Gas,,,Yes,NAPOLEON,WSEHV2436RA1-N,"H,DE33(6,9)36",24000,15000,17500,1.80,8.5,17,No,7.034,5.129,0.478,0.348
5066069,MB,R1A,E,2023-04-01,2023,Single Detached,248.5,Two storeys,1982,B1,1,2.0412,19801.5,19.802,70484.7,19579.2,117954.9,32765.5,19579.3,0.0,0.0,0.0,0.0,207706561,Air,,24615.3,T,11.72,4.23,1.96,,,92.0,,,ESTAR,Central split system,2.42,Electric furnace,Electricity,Wood fireplace,Mixed Wood,Yes,MOOVAIR,DMA36HOS20230E7,FMA36HIAHUU230X7,40000,30400,34400,1.97,9.5,16,Yes,11.723,10.082,0.592,0.509
5066145,MB,R3L,E,2023-01-01,2023,Single Detached,187.5,Two storeys,1950,B1,1,4.0256,11713.5,11.714,10736.1,2982.3,94954.2,26376.4,2982.2,10344.5,0.0,0.0,0.0,207098550,Air,,7619.8,T,7.62,4.54,2.0,,,71.0,,,ESTAR,Central split system,3.2105,Condensing furnace,Natural Gas,,,Yes,CARRIER,38MARBQ24AA3,CAP**2417AL*,26000,15800,,,10,15,No,7.62,,0.651,
5069037,MB,R0E,E,2023-07-01,2023,Single Detached,75.0,One storey,1978,C1;F1,1,5.6082,6073.3,6.073,19677.7,5466.1,67234.0,18676.3,5466.2,0.0,0.0,0.0,0.0,8033585,Air,,14501.4,T,6.45,3.15,1.83,,,100.0,,,ESTAR,Mini-split ductless,3.06,Baseboard/Hydronic/Plenum(duct) htrs.,Electricity,Advanced airtight wood stove,Mixed Wood,Yes,FUJITSU,AOU18RLXFZH,,18000,14200,22000,1.84,9,19,Yes,5.275,6.448,0.869,1.062
5069308,MB,R0E,E,2023-09-01,2023,Single Detached,178.1,Two storeys,1985,C1;F1,1,3.3455,14142.1,14.142,54007.2,15002.1,104205.8,28946.3,15002.1,0.0,0.0,0.0,0.0,207657630,Air,,9116.6,T,8.5,3.03,1.81,,,87.0,,,ESTAR,Mini-split ductless,3.29,Baseboard/Hydronic/Plenum(duct) htrs.,Electricity,,,Yes,SENVILLE,SENA/24HF/OQ,SENA/24HF/IQ,29000,21200,25000,2.21,11.4,21.5,Yes,8.499,7.327,0.601,0.518
5069951,MB,R3R,E,2023-09-01,2023,Single Detached,192.5,One storey,1960,B1,1,2.3806,11601.5,11.602,20733.6,5759.4,99898.6,27749.8,5759.5,6292.3,0.0,0.0,0.0,211644150,Air,,7182.6,T,7.03,2.69,1.8,,,90.0,,,,Central split system,3.19,Condensing furnace,Natural Gas,,,Yes,GREE,GUD36W/A-D(U),GCAT24*/NAA,24000,19600,21600,1.80,8.5,15.2,Yes,7.034,6.33,0.606,0.546
5071021,MB,R3N,E,2023-08-01,2023,Single Detached,168.6,One storey,1956,B1;B2,1,1.9154,10296.0,10.296,17284.2,4801.2,78371.2,21770.0,4801.1,4240.6,0.0,0.0,0.0,207098695,Air,,8787.2,T,7.62,3.48,1.95,,,70.0,,,,Central split system,3.36,Condensing furnace,Natural Gas,,,Yes,Bryant,38MARBQ24AA3,CAP**2417AL*,26000,15800,,,10,15,No,7.62,,0.74,
5071527,MB,R2G,E,2023-03-01,2023,Single Detached,223.2,One and a half,1952,B1,1,3.37,12622.0,12.622,18603.7,5167.7,86382.9,23995.4,5167.8,6207.8,0.0,0.0,0.0,208157172,Air,,8831.1,T,8.38,3.66,1.83,,,112.0,,,ESTAR,Central split system,2.88,Condensing furnace,Natural Gas,,,Yes,NAPOLEON,NS18HV24A36,"H,DE33(6,9)36",28600,19400,,,10,17.5,No,8.382,,0.664,
5072643,MB,R0C,E,2023-10-01,2023,Single Detached,121.4,Two storeys,1994,C1;F1,1,4.2246,5988.0,5.988,23870.0,6630.6,71842.1,19956.3,6630.6,0.0,0.0,0.0,0.0,206221558,Air,,10550.6,F,0.0,4.175,0.0,,,0.0,,,ESTAR,Mini-split ductless,3.3508,Baseboard/Hydronic/Plenum(duct) htrs.,Electricity,,,Yes,TRANE,4TXM2330A14NU**,,36000,29000,28200,1.82,8.6,16,Yes,10.551,8.265,1.762,1.38
5073275,MB,R3J,E,2023-11-01,2023,Single Detached,212.2,One storey,1926,B1,1,4.59,13914.9,13.915,27645.8,7679.5,93265.4,25907.3,7679.5,5691.2,0.0,0.0,0.0,212427853,Air,,13837.3,T,7.33,3.36,1.82,,,86.0,,,,Central split system,2.93,Condensing furnace,Natural Gas,Wood fireplace,Mixed Wood,Yes,NAPOLEON,WSEHV2436RA1-N,"H,DE33(6,9)36",24000,15000,17500,1.80,8.5,17,No,7.034,5.129,0.505,0.369
5073450,MB,R1N,E,2023-04-01,2023,Single Detached,189.8,One storey,1975,B1,1,2.83,5213.2,5.213,16566.5,4601.8,62432.4,17342.5,4602.0,0.0,0.0,0.0,0.0,207098442,Air,,8595.2,T,7.44,3.65,2.0,,,70.0,,,ESTAR,Central split system,3.36,Electric furnace,Electricity,,,Yes,CARRIER,38MARBQ24AA3,FX4DNF025L,25400,15500,,,10.5,15.5,No,7.444,,1.428,
5073806,MB,R3G,E,2023-08-01,2023,Single Detached,260.1,Two and a half,1911,B1;B2;P1,1,7.31,30919.2,30.919,50381.1,13994.9,207458.6,57627.8,13994.8,28449.9,0.0,0.0,0.0,207349916,Air,,17314.3,T,10.55,3.1,1.81,,,73.0,,,ESTAR,Mini-split ductless,2.93,Induced draft fan boiler,Natural Gas,Baseboard/Hydronic/Plenum(duct) htrs,Electricity,Yes,SAMSUNG,AJ036BXJ4CH,,32000,21000,26400,1.81,9,21,No,9.378,7.737,0.303,0.25
5075353,MB,R2W,E,2023-06-01,2023,Single Detached,205.8,Three storeys,1913,B1;B2,1,9.9119,26520.8,26.521,11690.8,3247.5,206454.1,57348.8,3247.5,40978.4,0.0,0.0,0.0,207098695,Air,,6535.9,T,7.62,4.54,1.95,,,70.0,,,ESTAR,Central split system,3.153,Condensing furnace,Natural Gas,Advanced airtight wood stove,Mixed Wood,Yes,Bryant,38MARBQ24AA3,CAP**2417AL*,26000,15800,,,10,15,No,7.62,,0.287,
5076868,MB,R0G,D,2023-02-01,2023,Single Detached,354.0,Three storeys,1985,C1;C2;F1,1,1.4556,22067.8,22.068,76591.9,21275.7,137586.4,38218.8,21275.7,0.0,0.0,0.0,0.0,8797149,Air,,15353.4,T,3.19,3.07,1.78,,,107.0,,,,Mini-split ductless,3.15,Baseboard/Hydronic/Plenum(duct) htrs.,Electricity,Advanced airtight wood stove,Mixed Wood,Yes,SENVILLE,SENA/09HF/OZ,SENA/09HF/IZ,10900,6900,,,9.9,23.1,No,3.194,,0.145,
5077205,MB,R0C,E,2023-09-01,2023,Single Detached,230.8,One storey,1976,B1,1,1.5,10549.7,10.55,37508.8,10419.2,83746.6,23263.1,10419.3,0.0,0.0,0.0,0.0,204711112,Air,,18966.4,T,8.79,3.34,1.98,,,93.0,,,,Mini-split ductless,2.95,Baseboard/Hydronic/Plenum(duct) htrs.,Electricity,,,Yes,CARRIER,38MGRQ30D--3,,30000,23000,19000,1.70,8.7,18.5,No,8.792,5.568,0.833,0.528
5078761,MB,R2N,E,2023-06-01,2023,Single Detached,266.3,Two storeys,2004,B1,1,1.8621,12126.6,12.127,18591.0,5164.2,93215.7,25893.5,5164.2,7950.1,0.0,0.0,0.0,208157172,Air,,8831.1,T,8.38,3.66,1.83,,,123.0,,,,Central single package system,2.88,Condensing furnace,Natural Gas,Fireplace with pilot (sealed),Natural Gas,Yes,NAPOLEON,NS18HV24A36,"H,DE33(6,9)36",28600,19400,,,10,17.5,No,8.382,,0.691,
5079982,MB,R2J,E,2023-08-01,2023,Single Detached,243.4,One storey,1996,B1,1,3.3718,12699.6,12.7,18293.8,5081.7,107633.3,29898.4,5081.7,9992.6,0.0,0.0,0.0,207202288,Air,,9268.7,T,5.51,4.05,2.0,,,72.0,,,,Central split system,3.53,Condensing furnace,Natural Gas,Fireplace with pilot (sealed),Natural Gas,Yes,CARRIER,38MARBQ18AA3,CAP**2417AL*,18800,14700,,,11,17.5,No,5.51,,0.434,
5080622,MB,R2K,E,2023-03-01,2023,Single Detached,144.2,One storey,1992,B1,1,3.0985,12278.0,12.278,8322.5,2311.8,107685.6,29912.9,2311.7,14053.2,0.0,0.0,0.0,207202288,Air,,5509.7,T,5.51,4.916,2.0,,,72.0,,,,Central split system,3.4405,Condensing furnace,Natural Gas,,,Yes,CARRIER,38MARBQ18AA3,CAP**2417AL*,18800,14700,,,11,17.5,No,5.51,,0.449,
5083210,MB,R9A,E,2023-08-01,2023,Single Detached,452.5,Two storeys,1987,B1;C1;F1,1,3.21,32278.6,32.279,78794.6,21887.6,124517.5,34588.5,21887.7,0.0,0.0,0.0,0.0,207312174,Ground,,16240.0,F,0.0,3.7,0.0,,,0.0,,,C448,Conventional A/C,5.33,Electric furnace,Electricity,Wood fireplace,Mixed Wood,No,,,,,,,,,,,,,,
5083444,MB,R2N,E,2023-08-01,2023,Single Detached,301.8,Two storeys,2004,B1,1,2.2032,16172.8,16.173,24059.5,6683.2,121426.6,33729.9,6683.4,13246.5,0.0,0.0,0.0,212427853,Air,,13837.3,T,7.33,3.36,1.82,,,86.0,,,ESTAR,Central split system,2.93,Condensing furnace,Natural Gas,,,Yes,NAPOLEON,WSEHV2436RA1-N,"H,DE33(6,9)36",24000,15000,17500,1.80,8.5,17,No,7.034,5.129,0.435,0.317
5083749,MB,R5L,E,2023-09-01,2023,Single Detached,283.9,One storey,2003,B1,1,1.6708,11486.8,11.487,36817.7,10227.2,83958.5,23322.0,10227.3,0.0,0.0,0.0,0.0,207599995,Air,,12803.1,T,8.03,4.07,2.12,,,70.0,,,ESTAR,Central split system,2.47,Electric furnace,Electricity,Wood fireplace,Mixed Wood,Yes,DAIKIN,DZ17VSA361B*,DV35FECC14A*,27400,22000,,,10,17.5,No,8.03,,0.699,
5084653,MB,R5L,E,2023-06-01,2023,Single Detached,240.8,Two storeys,1978,B1,1,5.0446,16155.2,16.155,58705.7,16307.3,106989.8,29719.6,16307.4,0.0,0.0,0.0,0.0,210096180,Air,,13920.9,F,0.0,3.976,0.0,,,0.0,,,ESTAR,Central split system,3.176,Electric furnace,Electricity,Advanced airtight wood stove,Mixed Wood,Yes,LENNOX,ML17XP1-048-230A**,CBA38MV-048-230*+TDR,45000,30400,24400,2.28,8.5,15.2,No,13.188,7.151,0.816,0.443
5087072,MB,R0H,E,2023-07-01,2023,Single Detached,127.7,One storey,1952,B1,1,5.28,7799.2,7.799,29240.1,8122.3,74063.0,20573.2,8122.3,0.0,0.0,0.0,0.0,207098442,Air,,8595.2,T,7.44,3.65,2.0,,,70.0,,,,Central split system,3.36,Electric furnace,Electricity,,,Yes,CARRIER,38MARBQ24AA3,FX4DNF025L,25400,15500,,,10.5,15.5,No,7.444,,0.954,
5087229,MB,R3G,E,2023-09-01,2023,Single Detached,114.6,One storey,1930,B1,1,6.0034,10949.2,10.949,50075.1,13909.9,96517.2,26810.5,13909.8,0.0,0.0,0.0,0.0,207599994,Air,,4007.6,T,7.33,4.54,2.04,,,72.0,,,,Central split system,3.498,Electric furnace,Electricity,,,Yes,DAIKIN,DZ17VSA301B*,DV35FECC14A*,22800,17600,,,10,18,No,6.682,,0.61,
5087291,MB,R3G,E,2023-06-01,2023,Single Detached,214.9,Two storeys,1934,B1,1,3.7966,20475.2,20.475,11302.2,3139.5,191884.5,53301.7,3139.5,34716.9,0.0,0.0,0.0,202521824,Air,,7000.0,T,10.73,4.991,2.0,,,100.0,,,ESTAR,Mini-split ductless,3.9235,Boiler  with continuous pilot,Natural Gas,,,Yes,DAIKIN,4MXL36TVJU,,34400,22400,,,11.2,21.7,No,10.082,,0.492,
5087439,MB,R3L,E,2023-11-01,2023,Single Detached,154.4,Two storeys,1928,B1,1,2.1095,12817.9,12.818,29640.3,8233.5,108617.2,30171.7,8233.4,8941.7,0.0,0.0,0.0,212925868,Air,,18192.0,T,8.38,3.16,1.95,,,100.0,,,ESTAR,Central split system,2.09,Boiler  with continuous pilot,Natural Gas,,,Yes,Mitsubishi Electric,MXZ-3C30NAHZ4-**,,28600,18000,28600,1.80,10,18,Yes,8.382,8.382,0.654,0.654
5087848,MB,R2V,E,2023-10-01,2023,Single Detached,283.3,Two storeys,1987,B1,1,5.9339,21971.5,21.972,32352.4,8986.8,145692.5,40470.5,8986.7,18556.8,0.0,0.0,0.0,211644151,Air,,10185.1,T,9.96,3.02,1.8,,,70.0,,,,Central split system,2.97,Condensing furnace,Natural Gas,,,Yes,GREE,GUD36W/A-D(U),GCAT36*/NAA,36000,23200,26000,1.80,8.5,15.2,Yes,10.551,7.62,0.48,0.347
5087908,MB,R0E,E,2023-04-01,2023,Single Detached,211.6,Two storeys,1991,,1,1.3028,11669.0,11.669,47627.8,13230.1,97682.7,27134.3,13230.1,0.0,0.0,0.0,804.5,9118473,Air,,23291.2,T,10.55,3.24,1.96,,,100.0,,,ESTAR,Central split system,3.11,Baseboard/Hydronic/Plenum(duct) htrs.,Electricity,Advanced airtight wood stove,Mixed Wood,Yes,CARRIER,38MGRQ36D--3,,36000,16800,36000,1.90,9.5,21.5,No,10.551,10.551,0.904,0.904
5088396,MB,R3C,E,2023-07-01,2023,Single Detached,216.1,Three storeys,1906,B1,1,4.3808,27072.7,27.073,34543.1,9595.4,193518.8,53755.7,9595.4,31148.3,0.0,0.0,0.0,207202288,Air,,9268.7,T,5.51,4.05,2.0,,,72.0,,,ESTAR,Central split system,3.53,Condensing furnace,Natural Gas,,,Yes,CARRIER,38MARBQ18AA3,CAP**2417AL*,18800,14700,,,11,17.5,No,5.51,,0.204,
5088884,MB,R5G,E,2023-08-01,2023,Single Detached,308.3,One storey,1984,B1;B2,1,1.722,15491.0,15.491,24547.4,6818.8,89819.2,24950.0,6818.7,6318.9,0.0,0.0,0.0,202141057,Air,,11854.4,T,6.45,4.23,1.91,,,77.0,,,,Central split system,4.49,Condensing furnace,Natural Gas,Advanced airtight wood stove,Mixed Wood,Yes,RHEEM,RP2024BJV,RCF2421UEA,22000,22800,,,10.5,19.5,No,6.448,,0.416,
5089111,MB,R3T,D,2023-03-01,2023,Single Detached,148.7,One storey,1920,B1;C1;F1,1,7.6551,20537.1,20.537,11199.6,3111.0,210455.5,58460.3,3111.1,42635.3,0.0,0.0,0.0,202606685,Air,,5275.3,F,0.0,4.051,0.0,,,0.0,,,,Mini-split ductless,3.613,Boiler  with continuous pilot,Natural Gas,,,Yes,SENVILLE,SENL/18CD/OX,SENL/18CD/IX,18000,11000,,,8.1,18.7,No,5.275,,0.257,
5089603,MB,R1N,E,2023-06-01,2023,Single Detached,255.8,One storey,2008,B1,1,2.24,8691.3,8.691,19039.0,5288.7,70627.0,19618.8,5288.7,1794.5,0.0,0.0,0.0,205782572,Ground,,13071.0,F,0.0,3.8,0.0,,,0.0,,,C448,Conventional A/C,5.33,Electric furnace,Electricity,Fireplace with pilot (sealed),Natural Gas,No,,,,,,,,,,,,,,
5089978,MB,R7A,E,2023-09-01,2023,Single Detached,409.3,One storey,2003,B1,1,1.99,18626.7,18.627,29265.5,8129.4,77110.5,21419.8,8129.5,0.0,0.0,0.0,0.0,207312173,Ground,,14888.0,F,0.0,4.0,0.0,,,0.0,,,C448,Conventional A/C,5.66,Electric furnace,Electricity,,,No,,,,,,,,,,,,,,
5091529,MB,R3G,E,2023-08-01,2023,Single Detached,217.2,Two and a half,1912,B1;B2,1,7.5,26041.2,26.041,105297.3,29249.5,150304.9,41751.7,29249.4,0.0,0.0,0.0,0.0,207436328,Air,,17871.5,T,10.55,3.23,1.97,,,74.0,,,,Central split system,4.11,Electric furnace,Electricity,,,Yes,LENNOX,SL25XPV-036-230A**,CBA38MV-036-230*+TDR,36000,34000,26600,1.92,9.1,22,No,10.551,7.796,0.405,0.299
5092348,MB,R2N,E,2023-04-01,2023,Single Detached,219.8,Two storeys,1987,B1,1,2.9156,12252.9,12.253,18849.3,5236.0,100444.6,27901.5,5235.9,9392.6,0.0,0.0,0.0,207098556,Air,,8719.7,T,7.56,3.55,2.0,,,70.0,,,ESTAR,Central split system,3.36,Condensing furnace,Natural Gas,Fireplace with pilot (unsealed),Natural Gas,Yes,CARRIER,38MARBQ24AA3,CAP**2417AL*,25800,15700,,,10.5,15,No,7.561,,0.617,
5092360,MB,R2K,D,2023-02-01,2023,Single Detached,269.1,One storey,1974,B1,1,1.088,15586.9,15.587,36069.6,10019.4,82210.7,22836.5,10019.5,0.0,0.0,0.0,0.0,7492839,Ground,,17500.0,F,0.0,3.7,0.0,,,0.0,,,C448,Conventional A/C,4.72,Electric furnace,Electricity,,,No,,,,,,,,,,,,,,
5092597,MB,R0G,E,2023-09-01,2023,"Row house, end unit",155.7,Two storeys,1974,B1,1,4.0064,9301.3,9.301,25134.3,6981.8,71394.3,19831.9,6981.7,0.0,0.0,0.0,0.0,207349920,Air,,23566.7,T,10.73,4.23,2.04,,,100.0,,,,Mini-split ductless,3.2,Baseboard/Hydronic/Plenum(duct) htrs.,Electricity,,,Yes,SAMSUNG,AJ036BXS4CH,,34000,21600,36600,2.04,9.3,21.5,No,9.964,10.726,1.071,1.153
5092599,MB,R0G,D,2023-03-01,2023,Single Detached,244.8,One storey,1970,B1;B2,1,3.4828,14696.7,14.697,30606.2,8501.8,75235.3,20898.9,8501.7,0.0,0.0,0.0,0.0,5696562,Ground,,16500.0,F,0.0,4.8,0.0,,,0.0,,,,Conventional A/C,4.1995,Electric furnace,Electricity,,,Yes,,,,,,,,,,,,,,
5092599,MB,R0G,E,2023-10-01,2023,Single Detached,244.8,One storey,1970,B1;B2,1,2.4585,13553.8,13.554,28233.5,7842.7,72889.9,20247.4,7842.8,0.0,0.0,0.0,0.0,5696562,Ground,,15000.0,F,0.0,4.8,0.0,,,0.0,,,,Conventional A/C,4.1995,Electric furnace,Electricity,,,Yes,,,,,,,,,,,,,,
5186982,MB,R0C,E,2023-09-01,2023,Single Detached,239.8,One storey,1989,B1,1,2.94,9783.9,9.784,29382.7,8161.9,76698.7,21305.4,8162.0,0.0,0.0,0.0,0.0,207599995,Air,,12824.8,T,8.03,4.07,2.12,,,70.0,,,,Central split system,2.47,Electric furnace,Electricity,Baseboard/Hydronic/Plenum(duct) htrs,Electricity,Yes,DAIKIN,DZ17VSA361B*,DV35FECC14A*,27400,22000,,,10,17.5,No,8.03,,0.821,
5092936,MB,R2M,E,2023-07-01,2023,Single Detached,171.1,Two storeys,1970,B1;B2,1,3.4461,17564.6,17.565,23827.6,6618.8,133127.2,36980.1,6618.9,14444.0,0.0,0.0,0.0,207098556,Air,,8719.7,T,7.56,3.55,2.0,,,70.0,,,,Central split system,3.36,Condensing furnace,Natural Gas,Wood fireplace,Hardwood,Yes,CARRIER,38MARBQ24AA3,CAP**2417AL*,25800,15700,,,10.5,15,No,7.561,,0.43,
5093258,MB,R3T,E,2023-10-01,2023,Single Detached,204.6,Split level,1965,B1;B2;B3;B4,1,2.0219,14122.7,14.123,52473.5,14576.1,100484.3,27912.5,14576.2,0.0,0.0,0.0,0.0,207599995,Air,,12803.1,T,8.03,4.07,2.12,,,70.0,,,,Central split system,2.47,Electric furnace,Electricity,,,Yes,DAIKIN,DZ17VSA361B*,DV35FECC14A*,27400,22000,,,10,17.5,No,8.03,,0.569,
5093691,MB,R3M,D,2023-02-01,2023,Single Detached,445.4,Three storeys,1908,B1,1,7.756,52163.6,52.164,25175.8,6993.3,451751.7,125487.6,6993.4,102648.3,0.0,0.0,0.0,9118477,Air,,14067.3,F,0.0,4.615,0.0,,,0.0,,,ESTAR,Mini-split ductless,4.004,Boiler  with continuous pilot,Natural Gas,Fireplace with pilot (sealed),Natural Gas,Yes,CARRIER,38MGRQ48E--3,,48000,28400,,,8.6,23.7,No,14.067,,0.27,
5093931,MB,R2J,E,2023-09-01,2023,Single Detached,191.4,One storey,1962,B1;B2,1,3.1369,10967.8,10.968,16388.7,4552.5,63729.5,17702.8,4552.5,0.0,0.0,0.0,0.0,7492838,Ground,,10404.0,F,0.0,4.69,0.0,,,0.0,,,C448,Conventional A/C,2.7091,Electric furnace,Electricity,,,No,,,,,,,,,,,,,,
5095862,MB,R0C,E,2023-11-01,2023,Single Detached,300.5,One storey,1988,B1;B2,1,2.1203,13006.1,13.006,27934.2,7759.6,105079.8,29189.1,7759.5,5305.0,0.0,0.0,0.0,212427853,Air,,13837.3,T,7.33,3.36,1.82,,,86.0,,,,Central split system,2.93,Condensing furnace,Natural Gas,,,Yes,NAPOLEON,WSEHV2436RA1-N,"H,DE33(6,9)36",24000,15000,17500,1.80,8.5,17,No,7.034,5.129,0.541,0.394
5096126,MB,R3T,E,2023-10-01,2023,Single Detached,214.2,One storey,1994,B1,1,1.6201,9224.5,9.224,29162.5,8100.8,75799.4,21055.6,8100.9,0.0,0.0,0.0,0.0,207599994,Air,,11097.1,T,6.68,3.74,2.21,,,72.0,,,ESTAR,Central split system,2.76,Electric furnace,Electricity,,,Yes,DAIKIN,DZ17VSA301B*,DV35FECC14A*,22800,17600,,,10,18,No,6.682,,0.724,
5096365,MB,R5G,E,2023-08-01,2023,"Row house, end unit",169.2,One storey,1975,B1;B2,1,3.8154,10862.8,10.863,15526.1,4312.8,78821.7,21895.1,4312.8,2253.4,0.0,0.0,0.0,202141122,Air,,21017.0,T,9.61,3.78,2.25,,,96.0,,,,Central split system,4.09,Condensing furnace,Natural Gas,,,Yes,RUUD,UP2036BJV,RCF6021SEA,32800,37000,,,11,19.5,No,9.613,,0.885,
5097510,MB,R0C,E,2023-11-01,2023,Single Detached,243.1,One storey,1957,B1,1,1.4111,11394.5,11.394,45028.7,12508.1,92908.7,25808.2,12508.2,0.0,0.0,0.0,0.0,211624978,Air,,11185.9,T,10.26,2.98,1.8,,,108.0,,,ESTAR,Central split system,2.85,Electric furnace,Electricity,,,Yes,CONTINENTAL,WSEHV2436RA1-C,CPFX24A36A,35000,29000,28000,1.80,9,16,Yes,10.257,8.206,0.9,0.72
5097527,MB,R5K,D,2023-03-01,2023,Single Detached,158.9,One storey,1974,B1;B2,1,4.23,14553.2,14.553,7780.8,2161.4,111170.8,30881.0,2161.4,16731.0,0.0,0.0,0.0,8103542,Air,,5539.0,F,0.0,4.277,0.0,,,0.0,,,,Central split system,3.6015,Condensing furnace,Natural Gas,,,Yes,DAIKIN,2MXS18NMVJU,,18900,12000,,,10.7,18.9,No,5.539,,0.381,
5097865,MB,R3R,E,2023-10-01,2023,Single Detached,293.7,Two storeys,1978,B1,1,3.1726,21757.1,21.757,31643.6,8790.0,144831.1,40231.2,8790.1,17515.1,0.0,0.0,0.0,211644151,Air,,10185.1,T,9.96,3.02,1.8,,,70.0,,,,Central split system,2.76,Condensing furnace,Natural Gas,Wood fireplace,Hardwood,Yes,GREE,GUD36W/A-D(U),GCAT36*/NAA,36000,23200,26000,1.80,8.5,15.2,Yes,10.551,7.62,0.485,0.35
5098766,MB,R7A,E,2023-05-01,2023,Single Detached,258.6,One storey,2000,B1;C1;F1,1,3.6696,17438.5,17.438,31180.2,8661.2,79711.2,22142.2,8661.2,0.0,0.0,0.0,0.0,203113879,Ground,,17555.0,F,0.0,3.4,0.0,,,0.0,,,C448,Conventional A/C,4.84,Electric furnace,Electricity,,,No,,,,,,,,,,,,,,
5122307,MB,R1N,E,2023-10-01,2023,Single Detached,232.9,One storey,1989,B1;P1,1,1.4,7905.6,7.906,33123.0,9200.9,79934.2,22204.1,9200.9,0.0,0.0,0.0,0.0,208447884,Air,,16926.9,T,9.67,3.27,1.85,,,80.0,,,,Central split system,2.88,Electric furnace,Electricity,,,Yes,CARRIER,38MURAQ30AB3,40MUAAQ30XA3,33000,21000,24000,1.80,8.9,16.2,Yes,9.671,7.034,1.223,0.89
5102869,MB,R3G,D,2023-04-01,2023,Single Detached,319.1,Two and a half,1914,B1,1,6.58,24437.6,24.438,25800.6,7166.9,176467.0,49019.0,7167.0,29109.7,0.0,0.0,0.0,204330672,Air,,10843.6,F,0.0,4.54,0.0,,,0.0,,,,Mini-split ductless,3.843,Condensing boiler,Natural Gas,Radiant floor panels,Electricity,Yes,LENNOX,MPB036S4M-1P,,37000,23000,,,8.7,18.5,No,10.844,,0.444,
5102869,MB,R3G,E,2023-08-01,2023,Single Detached,319.1,Two and a half,1914,B1,1,6.78,26246.0,26.246,26718.4,7421.8,191080.4,53078.3,7421.7,32926.9,0.0,0.0,0.0,204330672,Air,,10843.6,F,0.0,4.54,0.0,,,0.0,,,,Mini-split ductless,3.843,Condensing boiler,Natural Gas,Radiant floor panels,Electricity,Yes,LENNOX,MPB036S4M-1P,,37000,23000,,,8.7,18.5,No,10.844,,0.413,
5103943,MB,R3G,E,2023-08-01,2023,Single Detached,238.4,Two and a half,1909,B1;C1;F1,1,3.3391,16883.7,16.884,70544.9,19596.0,119664.3,33240.3,19596.0,0.0,0.0,0.0,0.0,211624974,Air,,11185.9,T,10.26,2.98,1.8,,,108.0,,,ESTAR,Central split system,3.8,Electric furnace,Electricity,,,Yes,NAPOLEON,WSEHV2436RA1-N,NPFX24A36A,35000,29000,28000,1.80,9,16,Yes,10.257,8.206,0.608,0.486
5103954,MB,R3M,E,2023-07-01,2023,Single Detached,118.5,One and a half,1949,B1,1,7.9446,14072.3,14.072,28819.5,8005.5,104536.6,29038.2,8005.6,5594.2,0.0,0.0,0.0,212427853,Air,,13837.3,T,7.33,2.95,1.82,,,86.0,,,,Central split system,2.93,Condensing furnace,Natural Gas,,,Yes,NAPOLEON,WSEHV2436RA1-N,"H,DE33(6,9)36",24000,15000,17500,1.80,8.5,17,No,7.034,5.129,0.5,0.364
5105282,MB,R0C,E,2023-11-01,2023,Single Detached,348.6,One storey,1980,B1,1,2.3,14236.4,14.236,51304.5,14251.4,100359.7,27877.9,14251.5,0.0,0.0,0.0,0.0,207436328,Air,,17871.5,T,10.55,3.23,1.97,,,74.0,,,,Central split system,4.11,Electric furnace,Electricity,,,Yes,LENNOX,SL25XPV-036-230A**,CBA38MV-036-230*+TDR,36000,34000,26600,1.92,9.1,22,No,10.551,7.796,0.741,0.548
5105674,MB,R0E,E,2023-09-01,2023,Single Detached,308.3,One storey,1965,B1;B2,1,2.411,16238.7,16.239,55514.6,15420.8,104217.6,28949.6,15421.0,0.0,0.0,0.0,0.0,210426579,Air,,24615.2,T,11.72,4.23,1.96,,,92.0,,,,Central split system,2.42,Electric furnace,Electricity,,,Yes,SENVILLE,SENDC-36HF-OM,SENDC-36HF-IM,40000,30400,34400,1.97,9.5,16,Yes,11.723,10.082,0.722,0.621
5105679,MB,R2E,E,2023-07-01,2023,Single Detached,431.2,One storey,2001,B1,1,0.9941,13363.1,13.363,23762.4,6600.7,70659.5,19627.8,6600.6,0.0,0.0,0.0,0.0,207312176,Ground,,13862.3,F,0.0,3.8,0.0,,,0.0,,,C448,Conventional A/C,5.66,Electric furnace,Electricity,Fireplace with spark ignit. (sealed),Propane,No,,,,,,,,,,,,,,
5105680,MB,R2J,E,2023-11-01,2023,Single Detached,133.0,One storey,1956,B1,1,3.5927,9888.3,9.888,13051.6,3625.5,84508.0,23474.6,3625.6,7193.7,0.0,0.0,0.0,210365428,Air,,7000.0,T,7.21,3.02,1.61,,,89.0,,,ESTAR,Central split system,3.09,Condensing furnace,Natural Gas,,,Yes,Dettson,MHD-24,MHD-CC2.0-17.5-M,24600,22000,23000,2.08,9.8,15.2,Yes,7.21,6.741,0.729,0.682
5106586,MB,R3R,E,2023-06-01,2023,Single Detached,152.1,One storey,1976,B1;B2;P1,1,2.7258,8292.6,8.293,13717.9,3810.6,87030.9,24175.4,3810.6,4171.4,0.0,0.0,0.0,207098554,Air,,8584.3,T,7.44,3.63,2.0,,,70.0,,,ESTAR,Central split system,3.36,Condensing furnace,Natural Gas,Fireplace with pilot (unsealed),Natural Gas,Yes,CARRIER,38MARBQ24AA3,CAP**3017AL*,25400,15500,,,10.5,15.5,No,7.444,,0.898,
5106588,MB,R3M,E,2023-07-01,2023,Single Detached,331.8,Two storeys,1926,B1;B2;C1;F1,1,6.0696,25462.6,25.463,38123.2,10589.9,172097.2,47805.2,10589.8,20685.4,0.0,0.0,0.0,207642882,Air,,11568.7,T,8.79,3.66,1.9,,,98.0,,,ESTAR,Mini-split ductless,3.67,Induced draft fan furnace,Natural Gas,Advanced airtight wood stove,Mixed Wood,Yes,CARRIER,38MGHBQ30DA3,,30000,29000,25200,1.80,9.8,26,Yes,8.792,7.385,0.345,0.29
5106915,MB,R0H,E,2023-08-01,2023,Single Detached,174.5,One storey,1965,C1;F1,1,8.9191,13942.6,13.943,23992.9,6664.7,107698.3,29916.4,6664.8,9915.6,0.0,0.0,0.0,207202285,Air,,9292.7,T,5.42,4.09,2.0,,,74.0,,,,Central split system,3.47,Condensing furnace,Natural Gas,,,Yes,CARRIER,38MARBQ18AA3,CNPV*2414AL*,18500,14600,,,10.5,17,No,5.422,,0.389,
5107495,MB,R5H,D,2023-04-01,2023,Single Detached,233.9,One storey,1992,B1;B2;P1,1,2.5583,13532.9,13.533,70422.3,19561.9,116776.8,32438.3,19561.8,0.0,0.0,0.0,0.0,10574896,Air,,5246.0,F,0.0,3.72,0.0,,,0.0,,,,Mini-split ductless,3.383,Baseboard/Hydronic/Plenum(duct) htrs.,Electricity,Fireplace with spark ignit. (sealed),Propane,Yes,DAIKIN,RXB18AXVJU,FTXB18AXVJU,17900,10200,,,9,17,No,5.246,,0.388,
5107685,MB,R0H,E,2023-06-01,2023,Single Detached,167.2,One storey,1971,B1,1,1.7204,8376.9,8.377,23483.5,6523.2,68838.1,19121.8,6523.1,0.0,0.0,0.0,0.0,207599995,Air,,12803.1,T,8.03,4.07,2.12,,,70.0,,,,Central split system,2.47,Electric furnace,Electricity,,,Yes,DAIKIN,DZ17VSA361B*,DV35FECC14A*,27400,22000,,,10,17.5,No,8.03,,0.959,
5107754,MB,R3J,E,2023-09-01,2023,Single Detached,145.3,Two storeys,1949,B1,1,4.2056,13344.9,13.345,24839.2,6899.8,96660.9,26850.5,6899.8,5048.7,0.0,0.0,0.0,212427854,Air,,13837.3,T,7.33,3.36,1.82,,,86.0,,,,Central split system,2.93,Condensing furnace,Natural Gas,,,Yes,NAPOLEON,WSEHV2436RA1-N,"H,DE33(6,9)36",24000,15000,17500,1.80,8.5,17,No,7.034,5.129,0.527,0.384
5107760,MB,R1A,E,2023-07-01,2023,Single Detached,195.3,One storey,1974,B1,1,1.8069,11291.9,11.292,22695.5,6304.4,86183.8,23940.1,6304.5,2975.0,0.0,0.0,0.0,212404693,Air,,13719.5,T,7.33,3.37,1.82,,,86.0,,,,Central split system,2.93,Condensing furnace,Natural Gas,,,Yes,NAPOLEON,WSEHV2436RA1-N,"H,DE33(6,9)36",24000,15000,17500,1.80,8.5,17,No,7.034,5.129,0.623,0.454
5108363,MB,R3J,E,2023-07-01,2023,Single Detached,125.3,Two storeys,1918,B1,1,14.1608,26124.2,26.124,9177.7,2549.4,181512.6,50420.6,2549.5,35314.7,0.0,0.0,0.0,207098550,Air,,7619.8,T,6.27,4.54,1.95,,,70.0,,,ESTAR,Central split system,3.153,Condensing furnace,Natural Gas,,,Yes,CARRIER,38MARBQ24AA3,CAP**2417AL*,26000,15800,,,10,15,No,7.62,,0.292,
5108547,MB,R6W,D,2023-04-01,2023,Single Detached,195.7,One storey,1989,B1,1,4.8661,11381.0,11.381,44684.6,12412.5,90063.6,25017.9,12412.6,0.0,0.0,0.0,0.0,201846962,Air,,5275.3,F,0.0,4.766,0.0,,,0.0,,,,Mini-split ductless,3.7165,Baseboard/Hydronic/Plenum(duct) htrs.,Electricity,,,Yes,CARRIER,38MAQB18R--3,40MBFQ18---3,18000,13400,,,9.9,19.9,No,5.275,,0.464,
5110245,MB,R3N,E,2023-07-01,2023,Single Detached,145.7,Two storeys,1949,B1;B2,1,5.6886,14909.8,14.91,17381.5,4828.2,95617.3,26560.6,4828.1,8693.1,0.0,0.0,0.0,207642882,Air,,11568.7,T,8.79,5.9,1.9,,,98.0,,,ESTAR,Mini-split ductless,3.67,Induced draft fan boiler,Natural Gas,,,Yes,CARRIER,38MGHBQ30DA3,,30000,29000,25200,1.80,9.8,26,Yes,8.792,7.385,0.59,0.495
5111217,MB,R3R,E,2023-07-01,2023,"Row house, middle unit",180.7,One storey,1996,B1,1,3.4448,6207.1,6.207,8912.6,2475.7,66286.8,18413.1,2475.9,1520.0,0.0,0.0,0.0,207098554,Air,,8584.3,T,7.44,3.63,2.0,,,70.0,,,ESTAR,Central split system,3.36,Condensing furnace,Natural Gas,,,Yes,CARRIER,38MARBQ24AA3,CAP**3017AL*,25400,15500,,,10.5,15.5,No,7.444,,1.199,
5112334,MB,R6W,E,2023-09-01,2023,Single Detached,116.2,One storey,1950,B1,1,8.9313,9798.2,9.798,18125.5,5034.9,74970.2,20825.2,5035.0,3736.1,0.0,0.0,0.0,207098695,Air,,8798.0,T,7.62,3.49,1.95,,,70.0,,,,Central split system,3.36,Condensing furnace,Natural Gas,,,Yes,Bryant,38MARBQ24AA3,CAP**2417AL*,26000,15800,,,10,15,No,7.62,,0.778,
5112731,MB,R3V,E,2023-06-01,2023,"Row house, end unit",133.2,Two storeys,1972,B1,1,6.1947,11628.3,11.628,17632.1,4897.8,82835.2,23010.0,4897.8,5606.2,0.0,0.0,0.0,208143093,Air,,8831.1,T,8.38,3.66,1.83,,,112.0,,,,Central single package system,2.88,Condensing furnace,Natural Gas,,,Yes,NAPOLEON,NS18HV24A36,"H,DE33(6,9)36",28600,19400,,,10,17.5,No,8.382,,0.721,
5112807,MB,R3T,E,2023-11-01,2023,Single Detached,194.1,One storey,1977,B1;B2,1,3.4656,17786.6,17.787,35146.9,9763.1,124362.2,34545.3,9763.1,9345.9,0.0,0.0,0.0,212427853,Air,,13837.3,T,7.33,3.36,1.82,,,86.0,,,ESTAR,Central split system,2.93,Condensing furnace,Natural Gas,Fireplace with pilot (unsealed),Natural Gas,Yes,NAPOLEON,WSEHV2436RA1-N,"H,DE33(6,9)36",24000,15000,17500,1.80,8.5,17,No,7.034,5.129,0.395,0.288
5113623,MB,R3T,E,2023-07-01,2023,Single Detached,235.6,One storey,1966,B1;B2,1,2.2945,17753.6,17.754,34440.4,9566.9,117541.5,32650.7,9566.7,10214.2,0.0,0.0,0.0,212427853,Air,,13837.4,T,7.33,3.36,1.82,,,86.0,,,,Central split system,2.93,Condensing furnace,Natural Gas,,,Yes,NAPOLEON,WSEHV2436RA1-N,"H,DE33(6,9)36",24000,15000,17500,1.80,8.5,17,No,7.034,5.129,0.396,0.289
5114493,MB,R3M,E,2023-07-01,2023,Single Detached,111.0,One storey,1947,B1,1,4.5093,10694.9,10.695,15123.3,4201.0,82809.7,23002.9,4200.9,4166.4,0.0,0.0,0.0,207202270,Air,,9294.7,T,5.48,4.01,2.0,,,73.0,,,,Central split system,3.44,Condensing furnace,Natural Gas,,,Yes,CARRIER,38MARBQ18AA3,CAP**2414AL*,18700,14700,,,10.5,17,No,5.48,,0.512,
5114495,MB,R3R,E,2023-05-01,2023,Single Detached,229.1,Two storeys,1986,B1,1,5.7986,15974.2,15.974,8928.5,2480.2,128170.7,35603.3,2480.0,20386.0,0.0,0.0,0.0,207098550,Air,,7619.8,T,6.27,4.54,1.95,,,70.0,,,ESTAR,Central split system,3.153,Condensing furnace,Natural Gas,Fireplace with pilot (sealed),Natural Gas,Yes,CARRIER,38MARBQ24AA3,CAP**2417AL*,26000,15800,,,10,15,No,7.62,,0.477,
5114554,MB,R2H,E,2023-08-01,2023,Single Detached,70.4,One and a half,1906,C1;F1,1,11.5319,10592.7,10.593,27198.7,7555.3,88631.7,24620.1,7555.3,3265.9,0.0,0.0,0.0,201851575,Air,,12661.5,T,7.03,2.258,2.26,,,78.0,,,,Mini-split ductless,1.80405,Condensing furnace,Natural Gas,,,Yes,DAIKIN,3MXS24RMVJU,,24000,15500,,,12.5,18,No,7.034,,0.664,
5114583,MB,R2R,E,2023-08-01,2023,Single Detached,184.6,One storey,1987,B1,1,2.5845,10950.9,10.951,17222.4,4784.0,82297.3,22860.5,4783.9,4720.6,0.0,0.0,0.0,207202285,Air,,9243.7,T,5.42,4.23,2.0,,,78.0,,,,Central split system,1.9,Condensing furnace,Natural Gas,,,Yes,CARRIER,38MARBQ18AA3,CNPV*2414AL*,18500,14600,,,10.5,17,No,5.422,,0.495,
5114949,MB,R1A,E,2023-08-01,2023,Single Detached,337.4,Two storeys,1990,B1,1,1.5151,15907.1,15.907,30367.3,8435.4,116407.1,32335.6,8435.3,8789.0,0.0,0.0,0.0,212427853,Air,,13837.4,T,7.33,3.36,1.82,,,86.0,,,,Central split system,2.93,Condensing furnace,Natural Gas,,,Yes,NAPOLEON,WSEHV2436RA1-N,"H,DE33(6,9)36",24000,15000,17500,1.80,8.5,17,No,7.034,5.129,0.442,0.322
5115035,MB,R2N,E,2023-07-01,2023,Single Detached,300.5,Two storeys,1992,B1,1,2.7511,16887.9,16.888,8011.0,2225.3,132490.5,36803.2,2225.3,18666.3,0.0,0.0,0.0,207098556,Air,,7561.2,T,6.45,4.728,2.0,,,70.0,,,ESTAR,Central split system,3.153,Condensing furnace,Natural Gas,Fireplace with pilot (unsealed),Natural Gas,Yes,CARRIER,38MARBQ24AA3,CAP**2417AL*,25800,15700,,,10.5,15,No,7.561,,0.448,
5115052,MB,R2J,E,2023-07-01,2023,Single Detached,205.3,One storey,1966,B1,1,2.2775,10027.5,10.028,10477.2,2910.4,84502.6,23473.1,2910.3,8449.2,0.0,0.0,0.0,207202288,Air,,9268.7,T,5.51,4.05,2.0,,,72.0,,,,Central split system,3.53,Condensing furnace,Natural Gas,Wood fireplace,Mixed Wood,Yes,CARRIER,38MARBQ18AA3,CAP**2417AL*,18800,14700,,,11,17.5,No,5.51,,0.549,
5116220,MB,R7A,E,2023-09-01,2023,Single Detached,409.1,Split entry/Raised base.,2010,B1;P1,1,1.2,14085.0,14.085,53261.1,14794.9,103010.7,28614.3,14794.8,0.0,0.0,0.0,0.0,210279122,Air,,26150.0,T,26.15,3.1,1.86,,,98.0,,,ESTAR,Central split system,2.44,Electric furnace,Electricity,,,Yes,MRCOOL,CENTRAL-36-HP-C-230A00,CENTRAL-36-HP-MUAH230A00,40000,30400,34600,1.95,9.5,16,Yes,11.723,10.14,0.832,0.72
5116273,MB,R1N,E,2023-10-01,2023,Single Detached,225.5,One storey,1989,B1,1,2.34,9243.6,9.244,24316.6,6754.7,68901.6,19139.5,6754.8,0.0,0.0,0.0,0.0,207318097,Ground,,7620.0,F,0.0,3.6,0.0,,,0.0,,,C448,Conventional A/C,4.54,Electric furnace,Electricity,Wood fireplace,Mixed Wood,No,,,,,,,,,,,,,,
5116647,MB,R3T,E,2023-11-01,2023,Single Detached,183.4,One storey,1955,B1,1,3.0789,11306.9,11.307,12832.7,3564.7,95813.1,26615.0,3564.8,8244.2,0.0,0.0,0.0,207098550,Air,,8787.2,T,7.62,3.48,1.92,,,70.0,,,,Central split system,3.36,Condensing furnace,Natural Gas,,,Yes,CARRIER,38MARBQ24AA3,CAP**2417AL*,26000,15800,,,10,15,No,7.62,,0.674,
5116917,MB,R0C,E,2023-07-01,2023,Single Detached,278.6,Two storeys,2004,B1,1,2.17,14302.2,14.302,29829.4,8286.0,103787.2,28830.0,8285.9,6903.4,0.0,0.0,0.0,212427853,Air,,13837.3,T,7.33,3.36,1.82,,,86.0,,,,Central split system,2.93,Condensing furnace,Natural Gas,Fireplace with spark ignit. (unsealed),Natural Gas,Yes,NAPOLEON,WSEHV2436RA1-N,"H,DE33(6,9)36",24000,15000,17500,1.80,8.5,17,No,7.034,5.129,0.492,0.359
5117239,MB,R3N,D,2023-05-01,2023,Single Detached,195.1,Two storeys,1927,B1;B2;C1;F1,1,7.47,19464.8,19.465,22850.9,6347.5,151413.8,42059.7,6347.6,20099.6,0.0,0.0,0.0,204711106,Air,,15486.4,T,7.03,3.46,1.82,,,100.0,,,ESTAR,Mini-split ductless,3.16,Induced draft fan boiler,Natural Gas,Baseboard/Hydronic/Plenum(duct) htrs,Electricity,Yes,CARRIER,38MGRQ24C--3,,24000,17200,,,9.2,23,No,7.034,,0.361,
5117583,MB,R0C,D,2023-05-01,2023,Single Detached,181.0,One storey,2001,C1;F1,1,3.83,17022.2,17.022,101153.9,28098.5,167277.9,46466.5,28098.6,0.0,0.0,0.0,0.0,201885734,Air,,5744.2,F,0.0,3.863,0.0,,,0.0,,,,Central split system,3.0955,Electric furnace,Electricity,Baseboard/Hydronic/Plenum(duct) htrs,Electricity,Yes,PAYNE HEATING AND COOLING,PH14NB024*0**A*,"SK2(1,2)25+TXV",21400,11300,,,8.2,14.5,No,6.272,,0.368,
1181980,MB,R3T,E,2023-10-01,2023,Single Detached,442.3,One storey,1997,B1,1,1.86,14438.0,14.438,49148.8,13652.6,108622.3,30173.1,13652.6,1794.5,0.0,0.0,0.0,210791260,Air,,10067.3,T,10.02,3.2,1.88,,,81.0,,,,Central split system,2.36,Electric furnace,Electricity,Fireplace with pilot (unsealed),Natural Gas,Yes,DAIKIN,DZ6VSA4210A*,DV47FECD14A*,34200,25200,27400,1.88,8.1,16.9,No,10.023,8.03,0.694,0.556
5120215,MB,R0G,E,2023-07-01,2023,Single Detached,189.7,One storey,1966,B1,1,3.1384,12074.1,12.074,43246.5,12013.0,89849.1,24958.3,12013.2,0.0,0.0,0.0,0.0,207335553,Air,,19672.7,T,10.55,2.99,1.83,,,83.0,,,,Central split system,2.85,Electric furnace,Electricity,Advanced airtight wood stove,Mixed Wood,Yes,NAPOLEON,NS18HV24A36,NPFX24A36A,35000,29000,28000,1.80,9,16,No,10.257,8.206,0.85,0.68
5119744,MB,R2V,E,2023-07-01,2023,Single Detached,81.1,One storey,1946,C1;F1,1,13.1164,10927.3,10.927,13822.8,3839.7,95796.7,26610.4,3839.8,6850.6,0.0,0.0,0.0,9118461,Air,,9016.6,T,5.57,3.82,2.15,,,73.0,,,,Mini-split ductless,3.08,Furnace with continuous pilot,Natural Gas,,,Yes,CARRIER,38MGRQ18B--3,,18000,11800,,,9.1,22.4,No,5.275,,0.483,
5119870,MB,R2G,E,2023-06-01,2023,Single Detached,250.7,One storey,1976,B1,1,2.1697,11491.8,11.492,19998.4,5555.2,90539.5,25150.1,5555.0,6760.9,0.0,0.0,0.0,207098550,Air,,8787.2,T,7.62,3.48,1.95,,,70.0,,,,Central split system,3.36,Condensing furnace,Natural Gas,,,Yes,CARRIER,38MARBQ24AA3,CAP**2417AL*,26000,15800,,,10,15,No,7.62,,0.663,
5119929,MB,R2N,E,2023-08-01,2023,Single Detached,183.0,One storey,1983,B1;B2;B3,1,1.74,7529.1,7.529,9185.1,2551.4,79023.7,21951.2,2551.4,3788.9,0.0,0.0,0.0,206348138,Air,,16169.9,T,8.5,4.72,1.8,,,85.0,,,,Central split system,3.34,Condensing furnace,Natural Gas,Fireplace with pilot (unsealed),Natural Gas,Yes,CARRIER,38MARBQ24AA3,40MAHBQ24XA3,29000,21200,25000,2.21,11.4,21.5,Yes,8.499,7.327,1.129,0.973
5120076,MB,R3L,E,2023-07-01,2023,Single Detached,174.3,One storey,1952,B1;B2,1,6.0,16457.2,16.457,21264.9,5907.0,107164.1,29768.0,5907.0,10821.2,0.0,0.0,0.0,207202400,Air,,9268.7,T,5.51,4.05,2.0,,,72.0,,,ESTAR,Central split system,3.53,Condensing furnace,Natural Gas,,,Yes,Bryant,38MARBQ18AA3,CAP**2417AL*,18800,14700,,,11,17.5,No,5.51,,0.335,
5120974,MB,R3T,E,2023-08-01,2023,Single Detached,159.4,One storey,1954,B1;B2,1,6.0,18738.0,18.738,23712.3,6586.8,129923.9,36090.3,6586.7,14184.8,0.0,0.0,0.0,207202383,Air,,9294.7,T,5.48,4.01,2.0,,,73.0,,,ESTAR,Central split system,3.46,Condensing furnace,Natural Gas,,,Yes,Bryant,38MARBQ18AA3,CAP**2417AL*,18700,14700,,,10.5,17,No,5.48,,0.292,
5121005,MB,R2C,E,2023-09-01,2023,Single Detached,239.7,Two storeys,2004,B1,1,1.9014,12024.9,12.025,19705.7,5473.8,88374.6,24548.7,5473.9,6151.4,0.0,0.0,0.0,207098550,Air,,8787.2,T,7.62,3.48,1.95,,,70.0,,,,Central split system,3.36,Condensing furnace,Natural Gas,,,Yes,CARRIER,38MARBQ24AA3,CAP**2417AL*,26000,15800,,,10,15,No,7.62,,0.634,
5121013,MB,R2N,E,2023-06-01,2023,Single Detached,183.0,One storey,1989,B1,1,2.2784,9086.5,9.086,15878.6,4410.8,80183.2,22273.3,4410.9,4974.2,0.0,0.0,0.0,208143093,Air,,8831.1,T,8.38,3.66,1.83,,,112.0,,,ESTAR,Central split system,2.88,Condensing furnace,Natural Gas,Fireplace with pilot (sealed),Natural Gas,Yes,NAPOLEON,NS18HV24A36,"H,DE33(6,9)36",28600,19400,,,10,17.5,No,8.382,,0.922,
5121220,MB,R3P,E,2023-09-01,2023,Single Detached,282.9,Two storeys,1993,B1,1,2.41,12688.7,12.689,40477.1,11243.7,93513.7,25976.2,11243.7,1794.5,0.0,0.0,0.0,207599995,Air,,12803.1,T,8.03,4.07,2.12,,,70.0,,,,Central split system,2.47,Electric furnace,Electricity,Fireplace with pilot (unsealed),Natural Gas,Yes,DAIKIN,DZ17VSA361B*,DV35FECC14A*,27400,22000,,,10,17.5,No,8.03,,0.633,
5121379,MB,R2J,E,2023-07-01,2023,Single Detached,287.4,One storey,2003,B1,1,2.1858,13825.6,13.826,20752.8,5764.7,103590.5,28775.4,5764.8,10268.1,0.0,0.0,0.0,207098556,Air,,8719.7,T,7.56,3.55,2.0,,,70.0,,,,Central split system,3.36,Condensing furnace,Natural Gas,Fireplace with pilot (sealed),Natural Gas,Yes,CARRIER,38MARBQ24AA3,CAP**2417AL*,25800,15700,,,10.5,15,No,7.561,,0.547,
5121478,MB,R0H,E,2023-10-01,2023,Single Detached,354.0,One storey,2013,B1,1,1.23,12347.0,12.347,44268.6,12296.9,93594.9,25998.8,12297.0,0.0,0.0,0.0,0.0,206223059,Air,,30532.1,T,14.07,3.34,2.05,,,0.0,,,ESTAR,Central split system,3.11,Electric furnace,Electricity,,,Yes,,,,,,,,,,,,,,
758605,MB,R3R,E,2023-09-01,2023,Single Detached,134.6,One storey,1925,B1;C1;F1,1,4.55,6726.7,6.727,20899.8,5805.5,70685.5,19635.0,5805.6,0.0,0.0,0.0,0.0,208130265,Air,,19769.4,T,10.55,3.01,1.83,,,83.0,,,,Central split system,2.85,Electric furnace,Electricity,,,Yes,BOREAL,ENVBR36HPJ1OA,ENVBR36HPJ1IB,35000,29000,28000,1.80,9,16,Yes,10.257,8.206,1.525,1.22
514352,MB,R2W,D,2023-05-01,2023,Single Detached,264.6,One and a half,1929,B1,1,4.0171,23629.6,23.63,8328.4,2313.5,206196.2,57277.2,2313.4,42377.0,0.0,0.0,0.0,6961729,Air,,4689.1,T,4.69,4.916,2.01,,,75.0,,,ESTAR,Mini-split ductless,3.958,Induced draft fan boiler,Natural Gas,,,Yes,FUJITSU,AOU12RLFW1,ASU12RLF1,12000,9400,,,11,22,No,3.517,,0.149,
514352,MB,R2W,E,2023-09-01,2023,Single Detached,264.6,One and a half,1929,B1,1,4.1,23797.1,23.797,8365.4,2323.7,207172.3,57548.3,2323.6,42639.5,0.0,0.0,0.0,6961729,Air,,4689.1,T,4.69,4.916,2.01,,,75.0,,,ESTAR,Mini-split ductless,3.958,Induced draft fan boiler,Natural Gas,,,Yes,FUJITSU,AOU12RLFW1,ASU12RLF1,12000,9400,,,11,22,No,3.517,,0.148,
5123480,MB,R3T,E,2023-11-01,2023,Single Detached,337.6,Two storeys,2012,B1;C1;F1,1,1.8569,17991.3,17.991,20586.3,5718.5,141851.9,39403.6,5718.4,19196.0,0.0,0.0,0.0,212406530,Air,,13774.3,T,13.77,3.976,1.82,,,93.0,,,ESTAR,Central split system,3.176,Condensing furnace,Natural Gas,Fireplace with pilot (sealed),Natural Gas,Yes,,,,,,,,,,,,,,
5123948,MB,R4J,E,2023-06-01,2023,Single Detached,254.0,Two storeys,1975,B1;B2,1,2.6744,19696.1,19.696,71195.6,19776.7,118710.7,32975.5,19776.8,0.0,0.0,0.0,0.0,9118473,Air,,23102.2,T,10.55,3.23,1.96,,,100.0,,,ESTAR,Mini-split ductless,3.11,Electric boiler,Electricity,,,Yes,CARRIER,38MGRQ36D--3,,36000,16800,36000,1.90,9.5,21.5,No,10.551,10.551,0.536,0.536
5123981,MB,R0G,E,2023-07-01,2023,Single Detached,77.4,One storey,1965,C1;F1,1,6.5244,9405.1,9.405,22986.9,6385.3,77523.4,21534.5,6385.3,1794.5,0.0,0.0,0.0,208447887,Air,,15575.3,T,7.03,3.29,1.8,,,100.0,,,ESTAR,Central split system,3.43,Electric furnace,Electricity,Fireplace with pilot (sealed),Natural Gas,Yes,CARRIER,38MURAQ24AB3,40MUAAQ24XA3,24000,19200,22600,1.91,10,17.4,Yes,7.034,6.623,0.748,0.704
5124028,MB,R3K,E,2023-07-01,2023,Single Detached,184.0,One storey,1967,B1,1,3.4187,11970.7,11.971,16575.0,4604.2,92180.1,25605.8,4604.2,5388.1,0.0,0.0,0.0,207202383,Air,,9294.7,T,5.48,4.01,2.0,,,73.0,,,ESTAR,Central split system,3.46,Condensing furnace,Natural Gas,,,Yes,Bryant,38MARBQ18AA3,CAP**2417AL*,18700,14700,,,10.5,17,No,5.48,,0.458,
5125058,MB,R1N,E,2023-12-01,2023,Single Detached,204.6,One storey,1980,B1,1,4.38,10070.4,10.07,41314.9,11476.5,87704.0,24362.4,11476.5,0.0,0.0,0.0,0.0,208447883,Air,,24043.6,T,11.72,3.39,1.9,,,88.0,,,,Central split system,2.87,Electric furnace,Electricity,Advanced airtight wood stove,Mixed Wood,Yes,CARRIER,38MURAQ36AB3,40MUAAQ36XA3,40000,30400,34400,1.97,9.5,16,Yes,11.723,10.082,1.164,1.001
5125229,MB,R2J,E,2023-07-01,2023,Single Detached,171.8,Split level,1967,B1;B2;P1,1,2.9198,11849.1,11.849,32997.5,9166.0,78564.8,21823.7,9165.9,0.0,0.0,0.0,0.0,207599995,Air,,12803.1,T,8.03,4.07,2.12,,,70.0,,,,Central split system,2.47,Electric furnace,Electricity,Advanced airtight wood stove,Mixed Wood,Yes,DAIKIN,DZ17VSA361B*,DV35FECC14A*,27400,22000,,,10,17.5,No,8.03,,0.678,
5125996,MB,R5G,E,2023-07-01,2023,Single Detached,255.6,One storey,2006,B1;P1,1,1.7115,12141.8,12.142,29848.6,8291.3,77747.5,21596.7,8291.5,0.0,0.0,0.0,0.0,207599994,Air,,11098.9,T,6.68,3.75,2.04,,,72.0,,,ESTAR,Central split system,2.76,Electric furnace,Electricity,,,Yes,DAIKIN,DZ17VSA301B*,DV35FECC14A*,22800,17600,,,10,18,No,6.682,,0.55,
5126736,MB,R3G,E,2023-08-01,2023,Single Detached,174.0,Three storeys,1911,B1;C1;F1,1,5.1722,19136.8,19.137,5729.0,1591.4,156250.5,43403.3,1591.4,29232.2,0.0,0.0,0.0,207202288,Air,,5509.7,T,5.33,4.916,2.0,,,72.0,,,ESTAR,Central split system,3.4405,Condensing furnace,Natural Gas,,,Yes,CARRIER,38MARBQ18AA3,CAP**2417AL*,18800,14700,,,11,17.5,No,5.51,,0.288,
5126970,MB,R0G,E,2023-12-01,2023,Single Detached,184.6,One storey,1970,B1,1,0.74,8171.1,8.171,29395.3,8165.4,76777.1,21327.1,8165.3,0.0,0.0,0.0,0.0,207657377,Air,,26867.6,T,11.14,3.45,2.1,,,110.0,,,ESTAR,Central split system,3.12,Electric furnace,Electricity,,,Yes,FUJITSU,AOUH36LMAH1,AMUG36LMAS,36000,25600,42000,1.84,10.4,17.1,No,10.551,12.309,1.291,1.506
5128280,MB,R0K,E,2023-08-01,2023,Single Detached,460.6,Split level,1986,B1,1,1.78,14995.7,14.996,30539.3,8483.2,77192.2,21442.4,8483.1,0.0,0.0,0.0,0.0,207318100,Ground,,13280.0,F,0.0,3.4,0.0,,,0.0,,,C448,Conventional A/C,3.3255,Electric furnace,Electricity,,,No,,,,,,,,,,,,,,
5137887,MB,R3G,E,2023-10-01,2023,Single Detached,153.6,Two storeys,1925,B1,1,4.49,14730.7,14.731,21711.7,6031.1,93208.4,25891.4,6031.2,7040.9,0.0,0.0,0.0,209270314,Air,,12351.5,T,7.5,4.07,2.2,,,72.0,,,,Central split system,2.76,Condensing furnace,Natural Gas,,,Yes,ECO-AIR,MOX430U-24HFN1-MR0,MAC-24HWDN1-MN0,25600,22000,18500,2.20,9.8,15.7,Yes,7.503,5.422,0.509,0.368
5128742,MB,R3T,E,2023-06-01,2023,Single Detached,185.8,One storey,1979,B1,1,2.0462,11585.0,11.585,16883.8,4690.0,91687.1,25468.8,4690.0,6833.7,0.0,0.0,0.0,207436142,Air,,6534.9,T,6.51,3.34,2.01,,,89.0,,,,Central split system,4.56,Condensing furnace,Natural Gas,Advanced airtight wood stove,Hardwood,Yes,LENNOX,SL25XPV-024-230A**,CBA38MV-042-230*+TDR,22200,25200,19900,1.94,9.1,22.2,No,6.506,5.832,0.562,0.503
5128833,MB,R2N,E,2023-07-01,2023,Single Detached,156.9,One storey,1980,B1,1,2.0292,10419.7,10.42,18546.8,5151.9,89057.1,24738.3,5152.0,4081.7,0.0,0.0,0.0,207098550,Air,,8787.2,T,7.62,3.48,1.95,,,70.0,,,,Central split system,3.36,Condensing furnace,Natural Gas,,,Yes,CARRIER,38MARBQ24AA3,CAP**2417AL*,26000,15800,,,10,15,No,7.62,,0.731,
5129103,MB,R2P,E,2023-07-01,2023,Single Detached,137.7,One storey,1972,B1;B2,1,1.8705,9540.5,9.54,8628.8,2396.9,78263.9,21740.1,2397.0,6812.8,0.0,0.0,0.0,207098550,Air,,7619.8,T,6.27,4.54,1.95,,,70.0,,,ESTAR,Central split system,3.153,Condensing furnace,Natural Gas,,,Yes,CARRIER,38MARBQ24AA3,CAP**2417AL*,26000,15800,,,10,15,No,7.62,,0.799,
5129120,MB,R2G,E,2023-10-01,2023,Single Detached,163.5,One storey,1960,B1,1,2.3182,10460.8,10.461,12956.9,3599.2,83165.0,23101.6,3599.2,7078.1,0.0,0.0,0.0,207202288,Air,,9268.7,T,5.51,4.05,2.0,,,72.0,,,,Central split system,3.53,Condensing furnace,Natural Gas,,,Yes,CARRIER,38MARBQ18AA3,CAP**2417AL*,18800,14700,,,11,17.5,No,5.51,,0.527,
5129344,MB,R3R,E,2023-11-01,2023,Single Detached,183.3,One storey,1962,B1,1,3.45,8649.3,8.649,13894.1,3859.5,80858.3,22460.8,3859.5,3377.5,0.0,0.0,0.0,207436239,Air,,6358.2,T,6.33,3.11,1.84,,,94.0,,,ESTAR,Central split system,4.4,Condensing furnace,Natural Gas,,,Yes,LENNOX,SL25XPV-024-230A**,CX35-36B+TDR,21600,24200,20400,1.84,9.2,23,No,6.33,5.979,0.732,0.691
5131358,MB,R6W,E,2023-08-01,2023,Single Detached,271.2,One and a half,2001,B1,1,1.42,11610.4,11.61,25844.4,7179.1,88292.3,24525.8,7178.9,3419.2,0.0,0.0,0.0,210450239,Air,,14562.7,T,11.87,3.19,1.8,,,109.0,,,,Central split system,2.64,Condensing furnace,Natural Gas,,,Yes,BRYANT HEATING AND COOLING SYSTEMS,38MURAQ36AB3*,CAP**3617AL*,39000,29600,35200,1.80,8.5,15.5,No,11.43,10.316,0.984,0.889
5131540,MB,R0H,E,2023-09-01,2023,Single Detached,212.2,One storey,1971,B1;B2,1,2.1929,11285.0,11.285,37146.3,10318.5,82619.4,22950.0,10318.4,0.0,0.0,0.0,0.0,207599994,Air,,11097.1,T,6.68,3.74,2.04,,,72.0,,,ESTAR,Central split system,2.76,Electric furnace,Electricity,Advanced airtight wood stove,Mixed Wood,Yes,DAIKIN,DZ17VSA301B*,DV35FECC14A*,22800,17600,,,10,18,No,6.682,,0.592,
5131592,MB,R1N,E,2023-10-01,2023,Single Detached,276.8,Two storeys,1986,B1,1,2.61,11477.9,11.478,31424.9,8729.2,124961.6,34711.8,8729.2,10669.8,0.0,0.0,0.0,210450189,Air,,14563.3,T,11.87,3.19,1.8,,,109.0,,,,Central split system,2.64,Condensing furnace,Natural Gas,Furnace/Boiler w/ spark ignition,Natural Gas,Yes,CARRIER,38MURAQ36AB3*,CAP**3617AL*,39000,29600,35200,1.80,8.5,15.5,No,11.43,10.316,0.996,0.899
5132611,MB,R1N,E,2023-09-01,2023,Single Detached,214.4,One storey,1910,B1;C1;F1,1,3.949,12807.8,12.808,52849.3,14680.5,101175.4,28104.5,14680.4,0.0,0.0,0.0,0.0,208447893,Air,,16926.9,T,9.67,3.27,1.85,,,80.0,,,ESTAR,Central split system,2.88,Electric furnace,Electricity,Advanced airtight wood stove,Mixed Wood,Yes,BRYANT,38MURAQ30AB3,40MUAAQ30XA3,33000,21000,24000,1.80,8.9,16.2,Yes,9.671,7.034,0.755,0.549
1142820,MB,R3T,E,2023-10-01,2023,Single Detached,245.6,One storey,1983,B1,1,2.64,10875.8,10.876,16972.1,4714.5,81219.0,22561.0,4714.5,4422.8,0.0,0.0,0.0,207172938,Air,,8622.7,T,5.1,3.58,2.06,,,73.0,,,,Central split system,3.2,Condensing furnace,Natural Gas,Baseboard/Hydronic/Plenum(duct) htrs,Electricity,Yes,DAIKIN,DZ17VSA181B*,CA*EA1818*4A*,17100,10800,,2.10,8.5,17.5,No,5.012,,0.461,
5135919,MB,R1N,E,2023-08-01,2023,Single Detached,229.5,One storey,1997,B1,1,1.8511,6699.1,6.699,29857.4,8293.8,78214.1,21726.3,8293.7,0.0,0.0,0.0,0.0,208447884,Air,,16926.9,T,9.67,3.27,1.85,,,80.0,,,ESTAR,Central split system,2.88,Electric furnace,Electricity,Baseboard/Hydronic/Plenum(duct) htrs,Electricity,Yes,CARRIER,38MURAQ30AB3,40MUAAQ30XA3,33000,21000,24000,1.80,8.9,16.2,Yes,9.671,7.034,1.444,1.05
5136016,MB,R2G,E,2023-07-01,2023,Single Detached,169.5,One storey,1976,B1;P1,1,2.61,13862.9,13.863,22114.9,6143.1,110192.1,30609.2,6143.1,9075.1,0.0,0.0,0.0,207098550,Air,,8787.2,T,7.62,3.48,1.95,,,70.0,,,,Central split system,3.36,Condensing furnace,Natural Gas,,,Yes,CARRIER,38MARBQ24AA3,CAP**2417AL*,26000,15800,,,10,15,No,7.62,,0.55,
5136625,MB,R4H,E,2023-07-01,2023,Single Detached,348.8,One storey,2022,B1,1,0.8224,9023.3,9.023,15362.0,4267.3,77493.8,21526.2,4267.3,5289.2,0.0,0.0,0.0,207098556,Air,,8719.7,T,7.56,3.55,2.0,,,70.0,,,,Central split system,3.36,Condensing furnace,Natural Gas,Fireplace with pilot (unsealed),Natural Gas,Yes,CARRIER,38MARBQ24AA3,CAP**2417AL*,25800,15700,,,10.5,15,No,7.561,,0.838,
5136867,MB,R2N,E,2023-10-01,2023,Single Detached,213.4,One storey,1980,B1;B2;B3,1,2.66,9538.5,9.538,17770.3,4936.2,83149.0,23097.1,4936.2,2694.7,0.0,0.0,0.0,212427853,Air,,13837.4,T,7.33,3.36,1.82,,,86.0,,,,Central split system,2.93,Condensing furnace,Natural Gas,,,Yes,NAPOLEON,WSEHV2436RA1-N,"H,DE33(6,9)36",24000,15000,17500,1.80,8.5,17,No,7.034,5.129,0.737,0.538
5138257,MB,R3L,E,2023-12-01,2023,Single Detached,172.0,Two storeys,1947,B1;B2,1,4.11,11699.9,11.7,40575.1,11271.0,87545.7,24318.4,11270.9,0.0,0.0,0.0,0.0,208447884,Air,,17148.8,T,9.67,3.27,1.85,,,80.0,,,ESTAR,Central split system,2.88,Electric furnace,Electricity,Baseboard/Hydronic/Plenum(duct) htrs,Electricity,Yes,CARRIER,38MURAQ30AB3,40MUAAQ30XA3,33000,21000,24000,1.80,8.9,16.2,Yes,9.671,7.034,0.827,0.601
5138458,MB,R5M,E,2023-07-01,2023,Single Detached,160.2,One storey,1959,B1;B2,1,2.5766,11973.6,11.974,45835.4,12732.2,90585.3,25162.8,12732.0,0.0,0.0,0.0,0.0,206249117,Air,,10302.9,T,10.26,3.23,1.8,,,80.0,,,ESTAR,Central split system,2.93,Electric furnace,Electricity,,,Yes,GREE,GUD36W/A-D(U),GUD36AH2/A-D(U),35000,29000,28000,1.80,9,16,Yes,10.257,8.206,0.857,0.685
5138464,MB,R2M,E,2023-09-01,2023,Single Detached,166.0,Two storeys,1942,B1,1,7.4514,19931.6,19.932,33060.3,9183.5,124786.1,34663.1,9183.4,12291.5,0.0,0.0,0.0,212427853,Air,,13837.3,T,7.33,3.36,1.82,,,86.0,,,,Central split system,2.93,Condensing furnace,Natural Gas,,,Yes,NAPOLEON,WSEHV2436RA1-N,"H,DE33(6,9)36",24000,15000,17500,1.80,8.5,17,No,7.034,5.129,0.353,0.257
5140413,MB,R0J,E,2023-11-01,2023,Single Detached,172.6,One storey,1986,B1,1,2.6644,8042.2,8.042,28126.2,7812.9,75024.3,20840.3,7812.8,0.0,0.0,0.0,0.0,204005752,Air,,23842.5,T,10.55,3.38,1.96,,,100.0,,,,Mini-split ductless,1.80405,Baseboard/Hydronic/Plenum(duct) htrs.,Electricity,,,Yes,MOOVAIR,DM36HOM25230X3,,36000,16800,36000,1.90,9.5,21.5,No,10.551,10.551,1.312,1.312
5140436,MB,R7A,E,2023-09-01,2023,Single Detached,274.5,One storey,1960,B1;B2,1,2.1449,12714.0,12.714,45104.4,12529.1,89771.2,24936.6,12529.0,0.0,0.0,0.0,0.0,208447884,Air,,17388.8,T,9.67,3.26,1.85,,,80.0,,,,Central split system,2.88,Baseboard/Hydronic/Plenum(duct) htrs.,Electricity,,,Yes,CARRIER,38MURAQ30AB3,40MUAAQ30XA3,33000,21000,24000,1.80,8.9,16.2,Yes,9.671,7.034,0.761,0.553
5140637,MB,R3W,E,2023-10-01,2023,Single Detached,182.3,One storey,1988,B1,1,2.1672,9264.7,9.265,12585.6,3496.0,87925.1,24423.8,3496.1,5680.9,0.0,0.0,0.0,207098550,Air,,8787.2,T,7.62,3.48,1.92,,,70.0,,,,Central split system,3.36,Condensing furnace,Natural Gas,Wood fireplace,Mixed Wood,Yes,CARRIER,38MARBQ24AA3,CAP**2417AL*,26000,15800,,,10,15,No,7.62,,0.822,
5140889,MB,R6M,D,2023-05-01,2023,Single Detached,198.1,One storey,1977,B1,1,1.5581,9945.6,9.946,34658.1,9627.3,78664.1,21851.3,9627.3,0.0,0.0,0.0,0.0,9607174,Air,,10374.7,F,0.0,4.352,0.0,,,0.0,,,,Central split system,3.383,Electric furnace,Electricity,,,Yes,,,,,,,,,,,,,,
5140911,MB,R5N,E,2023-09-01,2023,Single Detached,460.6,One storey,1994,B1,1,1.2122,14412.0,14.412,33127.8,9202.2,80230.7,22286.5,9202.3,0.0,0.0,0.0,0.0,207318100,Ground,,16000.0,F,0.0,3.4,0.0,,,0.0,,,C448,Conventional A/C,4.84,Electric furnace,Electricity,Wood fireplace,Mixed Wood,No,,,,,,,,,,,,,,
5141077,MB,R2C,E,2023-07-01,2023,Single Detached,269.5,One storey,1989,B1;B2,1,1.2887,9193.3,9.193,6306.8,1751.9,87178.1,24216.3,1752.0,9892.6,0.0,0.0,0.0,207202285,Air,,5421.8,T,5.25,4.728,2.0,,,74.0,,,ESTAR,Central split system,3.383,Condensing furnace,Natural Gas,,,Yes,CARRIER,38MARBQ18AA3,CNPV*2414AL*,18500,14600,,,10.5,17,No,5.422,,0.59,
5141513,MB,R2W,E,2023-07-01,2023,Single Detached,159.4,One storey,1913,B1,1,7.7241,13498.7,13.499,20674.3,5742.9,93686.2,26024.2,5742.8,8136.5,0.0,0.0,0.0,207098550,Air,,8787.2,T,7.62,3.48,1.95,,,70.0,,,,Central split system,3.36,Condensing furnace,Natural Gas,,,Yes,CARRIER,38MARBQ24AA3,CAP**2417AL*,26000,15800,,,10,15,No,7.62,,0.564,
5159507,MB,R0E,D,2023-06-01,2023,Single Detached,169.2,One storey,1991,C1;F1,1,3.2723,11884.5,11.884,51391.7,14275.6,99371.3,27603.4,14275.7,0.0,0.0,0.0,0.0,201847010,Air,,7268.2,F,0.0,4.39,0.0,,,0.0,,,,Mini-split ductless,3.4175,Baseboard/Hydronic/Plenum(duct) htrs.,Electricity,Advanced airtight wood stove,Mixed Wood,Yes,CARRIER,38MHRBQ24AA3,40MHHQ24---3,24800,15300,,,7.9,17.3,No,7.268,,0.612,
5159507,MB,R0E,E,2023-09-01,2023,Single Detached,169.2,One storey,1991,C1;F1,1,1.9089,10278.4,10.278,39623.6,11006.6,88123.9,24479.1,11006.8,0.0,0.0,0.0,0.0,201847010,Air,,7268.2,F,0.0,4.39,0.0,,,0.0,,,,Mini-split ductless,3.4175,Baseboard/Hydronic/Plenum(duct) htrs.,Electricity,Advanced airtight wood stove,Mixed Wood,Yes,CARRIER,38MHRBQ24AA3,40MHHQ24---3,24800,15300,,,7.9,17.3,No,7.268,,0.707,
5141908,MB,R2M,E,2023-07-01,2023,Single Detached,126.9,One storey,1950,B1,1,3.4106,10390.8,10.391,20528.9,5702.5,77817.6,21616.2,5702.5,3061.1,0.0,0.0,0.0,212404693,Air,,13837.3,T,7.33,3.36,1.82,,,86.0,,,,Central split system,2.93,Condensing furnace,Natural Gas,,,Yes,NAPOLEON,WSEHV2436RA1-N,"H,DE33(6,9)36",24000,15000,17500,1.80,8.5,17,No,7.034,5.129,0.677,0.494
5142699,MB,R0C,E,2023-11-01,2023,Single Detached,402.6,One storey,2000,B1,1,3.0039,16979.8,16.98,59851.5,16625.5,106509.9,29586.3,16625.4,0.0,0.0,0.0,0.0,207436541,Air,,24557.5,T,13.48,3.35,1.98,,,80.0,,,ESTAR,Central split system,3.88,Electric furnace,Electricity,Advanced airtight wood stove,Mixed Wood,Yes,LENNOX,SL25XPV-048-230A**,CBA38MV-048-230*+TDR,46000,45500,37000,1.98,9.8,21.8,No,13.481,10.844,0.794,0.639
5143566,MB,R6W,E,2023-09-01,2023,Single Detached,272.9,One storey,1999,B1;P1,1,1.43,10375.6,10.376,31452.0,8736.7,79050.7,21958.7,8736.7,0.0,0.0,0.0,0.0,208447883,Air,,24039.5,T,11.72,3.39,1.9,,,88.0,,,,Central split system,2.87,Electric furnace,Electricity,Advanced airtight wood stove,Mixed Wood,Yes,CARRIER,38MURAQ36AB3,40MUAAQ36XA3,40000,30400,34400,1.97,9.5,16,Yes,11.723,10.082,1.13,0.972
5144064,MB,R0A,E,2023-08-01,2023,Single Detached,421.7,One storey,1987,B1,1,1.8818,15843.1,15.843,15830.7,4397.5,123926.0,34424.2,4397.5,14273.7,0.0,0.0,0.0,207098555,Air,,8652.0,T,7.5,3.63,2.0,,,70.0,,,ESTAR,Central split system,3.36,Condensing furnace,Natural Gas,,,Yes,CARRIER,38MARBQ24AA3,CNPV*2417AL*,25600,15600,,,10.5,15,No,7.503,,0.474,
5144740,MB,R0K,E,2023-10-01,2023,Single Detached,169.1,Split level,1971,B1;C1;C2;F1;P1,1,4.02,15469.5,15.47,53082.1,14745.1,106498.4,29583.1,14745.1,1794.5,0.0,0.0,0.0,207768730,Air,,16209.8,T,8.21,3.12,1.84,,,89.0,,,,Mini-split ductless,2.75,Baseboard/Hydronic/Plenum(duct) htrs.,Electricity,Fireplace with pilot (unsealed),Natural Gas,Yes,LENNOX,MLB030S4M-1P,,28000,26600,25000,1.80,10.6,23,Yes,8.206,7.327,0.53,0.474
5145259,MB,R3L,D,2023-05-01,2023,Detached Duplex,199.1,Two storeys,1912,B1;B2,2,6.03,18972.8,18.973,10068.8,2796.9,200158.1,55599.9,2797.0,34016.1,0.0,0.0,0.0,200058801,Air,,5275.3,F,0.0,3.886,0.0,,,0.0,,,,Mini-split ductless,3.843,Boiler  with continuous pilot,Natural Gas,Baseboard/Hydronic/Plenum(duct) htrs,Electricity,Yes,,,,,,,,,,,,,,
5146041,MB,R2P,E,2023-09-01,2023,Single Detached,194.1,One storey,1976,B1,1,2.0832,11451.9,11.452,16574.9,4604.2,90858.9,25238.8,4604.2,5305.6,0.0,0.0,0.0,207202288,Air,,9268.7,T,5.51,4.05,2.0,,,72.0,,,,Central split system,3.53,Condensing furnace,Natural Gas,,,Yes,CARRIER,38MARBQ18AA3,CAP**2417AL*,18800,14700,,,11,17.5,No,5.51,,0.481,
5146064,MB,R0C,E,2023-11-01,2023,Single Detached,214.6,Split entry/Raised base.,1975,B1;P1,1,3.0666,13932.5,13.932,19623.8,5451.1,95905.0,26640.5,5451.2,8483.7,0.0,0.0,0.0,207098556,Air,,8719.7,T,7.56,3.55,2.0,,,70.0,,,,Central split system,3.36,Condensing furnace,Natural Gas,Wood fireplace,Mixed Wood,Yes,CARRIER,38MARBQ24AA3,CAP**2417AL*,25800,15700,,,10.5,15,No,7.561,,0.543,
5146188,MB,R2K,E,2023-06-01,2023,Single Detached,217.3,One storey,1987,B1,1,1.7311,11864.4,11.864,16979.2,4716.5,90036.4,25010.3,4716.4,5549.2,0.0,0.0,0.0,207202288,Air,,9268.7,T,5.33,4.05,2.0,,,72.0,,,,Central split system,3.53,Condensing furnace,Natural Gas,,,Yes,CARRIER,38MARBQ18AA3,CAP**2417AL*,18800,14700,,,11,17.5,No,5.51,,0.464,
5146635,MB,R2X,E,2023-08-01,2023,Single Detached,174.9,Two storeys,1948,B1,1,2.7612,11700.4,11.7,9264.6,2573.5,96778.1,26883.0,2573.6,11382.0,0.0,0.0,0.0,207098550,Air,,6271.7,T,6.27,4.54,1.95,,,70.0,,,,Central split system,3.153,Condensing furnace,Natural Gas,,,Yes,CARRIER,38MARBQ24AA3,CAP**2417AL*,26000,15800,,,10,15,No,7.62,,0.651,
817595,MB,R3G,E,2023-04-01,2023,Single Detached,286.8,Two storeys,1905,B1;B2;C1;F1,1,0.68,6652.8,6.653,20306.4,5640.7,55614.8,15448.7,5640.6,0.0,0.0,0.0,0.0,211259272,Air,,16538.3,T,8.21,3.23,1.91,,,92.0,,,,Central split system,3.35,Electric furnace,Electricity,,,Yes,Mitsubishi Electric,PUZ-HA24NHA1,PVA-A24AA*,28000,17500,26000,1.90,9.4,19,Yes,8.206,7.62,1.233,1.145
5147320,MB,R2N,E,2023-11-01,2023,Single Detached,199.4,One storey,1968,B1,1,1.5669,10639.2,10.639,44240.4,12289.1,89089.5,24747.3,12289.0,0.0,0.0,0.0,0.0,211624974,Air,,11183.6,T,10.26,2.87,1.8,,,108.0,,,ESTAR,Central split system,2.85,Electric furnace,Electricity,,,Yes,NAPOLEON,WSEHV2436RA1-N,NPFX24A36A,35000,29000,28000,1.80,9,16,Yes,10.257,8.206,0.964,0.771
5147325,MB,R2J,E,2023-10-01,2023,Single Detached,173.3,One and a half,1949,B1;B2,1,5.1923,16882.3,16.882,33628.2,9341.2,134590.9,37386.7,9341.2,15203.2,0.0,0.0,0.0,207641331,Air,,8484.1,T,5.57,2.051,2.17,,,73.0,,,ESTAR,Mini-split ductless,1.79255,Condensing boiler,Natural Gas,,,Yes,SENVILLE,SENA/18HF/MOQ,,19000,14500,12900,2.00,10.15,20.95,No,5.568,3.781,0.33,0.224
5147384,MB,R2V,E,2023-08-01,2023,Single Detached,224.7,One storey,1962,B1,1,2.3661,12534.5,12.534,22959.2,6377.6,85914.1,23865.2,6377.6,7632.6,0.0,0.0,0.0,211240047,Air,,8065.6,T,8.03,3.58,1.84,,,82.0,,,ESTAR,Central split system,3.19,Condensing furnace,Natural Gas,,,Yes,CARRIER,38MURAQ24AB3*,CNPV*2417AL*,,19800,22600,1.84,8.5,15.2,No,,6.623,,0.528
5149139,MB,R2M,E,2023-08-01,2023,Single Detached,167.9,Two storeys,1982,B1,1,3.6252,12930.7,12.931,25324.4,7034.6,95809.4,26613.9,7034.5,6854.8,0.0,0.0,0.0,210450179,Air,,11851.2,T,9.67,3.27,1.8,,,88.0,,,,Central split system,2.79,Condensing furnace,Natural Gas,Wood fireplace,Mixed Wood,Yes,CARRIER,38MURAQ30AB3*,CAP**4321AL*,33400,23200,26200,1.86,9,14.5,No,9.789,7.678,0.757,0.594
5149287,MB,R2N,E,2023-09-01,2023,Single Detached,172.2,Split entry/Raised base.,1984,B1;P1,1,2.1715,8600.7,8.601,17666.4,4907.4,71798.7,19944.2,4907.3,2490.9,0.0,0.0,0.0,212404693,Air,,13837.4,T,7.33,3.36,1.82,,,86.0,,,ESTAR,Central single package system,2.93,Condensing furnace,Natural Gas,,,Yes,NAPOLEON,WSEHV2436RA1-N,"H,DE33(6,9)36",24000,15000,17500,1.80,8.5,17,No,7.034,5.129,0.818,0.596
5149290,MB,R3V,E,2023-10-01,2023,Single Detached,342.6,Two storeys,1998,B1,1,1.3601,11063.2,11.063,35818.0,9949.5,83831.5,23286.7,9949.5,0.0,0.0,0.0,0.0,210791258,Air,,11131.4,T,6.68,3.4,1.95,,,72.0,,,,Central single package system,2.61,Electric furnace,Electricity,,,Yes,DAIKIN,DZ6VSA3010A*,DV35FECC14A*,22800,17600,16900,1.95,8.2,17.1,No,6.682,4.953,0.604,0.448
5149440,MB,R2V,E,2023-07-01,2023,Single Detached,138.3,One storey,1952,B1,1,3.472,12114.2,12.114,17803.8,4945.5,75980.9,21106.0,4945.6,3533.6,0.0,0.0,0.0,206348138,Air,,16169.8,T,8.5,4.72,1.8,,,85.0,,,,Central split system,3.34,Condensing furnace,Natural Gas,,,Yes,CARRIER,38MARBQ24AA3,40MAHBQ24XA3,29000,21200,25000,2.21,11.4,21.5,Yes,8.499,7.327,0.702,0.605
5149594,MB,R3C,E,2023-07-01,2023,Single Detached,376.1,Two and a half,1906,B1;C1;F1,1,6.7167,28615.4,28.615,39387.4,10941.0,174208.7,48391.7,10940.9,24080.2,0.0,0.0,0.0,210450189,Air,,14544.5,T,11.87,3.18,1.8,,,109.0,,,,Central split system,2.64,Condensing furnace,Natural Gas,Fireplace with pilot (unsealed),Natural Gas,Yes,CARRIER,38MURAQ36AB3*,CAP**3617AL*,39000,29600,35200,1.80,8.5,15.5,No,11.43,10.316,0.399,0.361
5149607,MB,R0A,E,2023-07-01,2023,Single Detached,270.0,One storey,1995,B1,1,2.3339,15701.5,15.702,22019.2,6116.5,116951.1,32486.7,6116.4,13281.8,0.0,0.0,0.0,207098550,Air,,8787.2,T,7.62,3.48,1.95,,,70.0,,,,Central split system,3.36,Condensing furnace,Natural Gas,Fireplace with pilot (sealed),Natural Gas,Yes,CARRIER,38MARBQ24AA3,CAP**2417AL*,26000,15800,,,10,15,No,7.62,,0.485,
5150452,MB,R1N,E,2023-09-01,2023,Single Detached,252.2,One storey,2001,B1,1,1.8936,8923.1,8.923,16227.6,4507.7,94444.3,26234.7,4507.8,7958.7,0.0,0.0,0.0,211240288,Air,,7934.6,T,7.85,3.71,2.04,,,92.0,,,ESTAR,Central split system,3.04,Condensing furnace,Natural Gas,Fireplace with pilot (sealed),Natural Gas,Yes,BRYANT HEATING AND COOLING SYSTEMS,38MURAQ24AB3*,CAP**2414AL*,26800,19400,24800,2.04,8.5,15.5,No,7.854,7.268,0.88,0.815
5150453,MB,R0H,E,2023-10-01,2023,Single Detached,228.1,Two storeys,1956,B1,1,4.4704,12034.3,12.034,52810.4,14669.7,100313.3,27865.0,14669.6,0.0,0.0,0.0,0.0,208447887,Air,,15414.9,T,7.03,3.3,1.8,,,100.0,,,ESTAR,Central split system,3.43,Electric furnace,Electricity,,,Yes,CARRIER,38MURAQ24AB3,40MUAAQ24XA3,24000,19200,22600,1.91,10,17.4,Yes,7.034,6.623,0.584,0.55
5152414,MB,R5T,E,2023-12-01,2023,Single Detached,276.9,One storey,1977,B1;B2,1,2.4147,13178.3,13.178,45181.3,12550.5,92669.5,25741.7,12550.4,0.0,0.0,0.0,0.0,2109791259,Air,,12952.0,T,8.03,3.32,1.86,,,70.0,,,,Central split system,2.35,Electric furnace,Electricity,Advanced airtight wood stove,Mixed Wood,Yes,,,,,,,,,,,,,,
5154411,MB,R3K,E,2023-09-01,2023,Single Detached,202.6,One storey,1964,B1,1,2.0115,10859.4,10.859,19150.4,5319.6,83174.2,23104.1,5319.5,5331.7,0.0,0.0,0.0,207098550,Air,,8787.2,T,7.62,3.48,1.95,,,70.0,,,,Central split system,3.36,Condensing furnace,Natural Gas,,,Yes,CARRIER,38MARBQ24AA3,CAP**2417AL*,26000,15800,,,10,15,No,7.62,,0.702,
5155684,MB,R7B,E,2023-08-01,2023,Single Detached,174.7,One storey,1955,B1,1,2.2986,8644.5,8.644,17279.3,4799.8,79222.6,22006.5,4799.8,3982.5,0.0,0.0,0.0,207098695,Air,,8771.9,T,7.62,3.47,1.95,,,70.0,,,ESTAR,Central single package system,3.36,Condensing furnace,Natural Gas,,,Yes,Bryant,38MARBQ24AA3,CAP**2417AL*,26000,15800,,,10,15,No,7.62,,0.881,
5157306,MB,R2C,E,2023-10-01,2023,Single Detached,150.4,One storey,1974,B1;C1;F1;P1,1,2.6758,12977.8,12.978,20561.3,5711.5,82561.0,22933.8,5711.4,4317.8,0.0,0.0,0.0,207098550,Air,,8787.2,T,7.62,3.48,1.95,,,70.0,,,ESTAR,Central split system,3.36,Condensing furnace,Natural Gas,,,Yes,CARRIER,38MARBQ24AA3,CAP**2417AL*,26000,15800,,,10,15,No,7.62,,0.587,
5157417,MB,R3G,E,2023-10-01,2023,Single Detached,179.2,Two storeys,1910,B1;B2,1,6.6982,17312.2,17.312,40991.2,11386.5,110483.8,30690.2,11386.5,6234.2,0.0,0.0,0.0,207699104,Air,,22956.2,T,10.84,3.14,1.81,,,97.0,,,,Mini-split ductless,2.85,Condensing furnace,Natural Gas,,,Yes,LENNOX,MLB036S4M-1P,,37000,33000,36000,1.90,10.3,22.2,Yes,10.844,10.551,0.626,0.609
5158195,MB,R2N,E,2023-09-01,2023,Single Detached,307.6,One storey,1990,B1,1,1.74,10987.1,10.987,23347.7,6485.5,88740.5,24650.3,6485.6,5230.6,0.0,0.0,0.0,212427853,Air,,13837.4,T,7.33,3.36,1.82,,,86.0,,,ESTAR,Central split system,2.93,Condensing furnace,Natural Gas,Other (describe),Natural Gas,Yes,NAPOLEON,WSEHV2436RA1-N,"H,DE33(6,9)36",24000,15000,17500,1.80,8.5,17,No,7.034,5.129,0.64,0.467
5158320,MB,R2E,E,2023-09-01,2023,Single Detached,369.4,One storey,2008,B1,1,1.4267,15472.5,15.472,23195.6,6443.3,123556.5,34321.5,6443.4,14747.1,0.0,0.0,0.0,207098555,Air,,8652.0,T,7.5,3.63,2.0,,,70.0,,,,Central split system,3.36,Condensing furnace,Natural Gas,Fireplace with pilot (sealed),Natural Gas,Yes,CARRIER,38MARBQ24AA3,CNPV*2417AL*,25600,15600,,,10.5,15,No,7.503,,0.485,
5160618,MB,R3K,E,2023-08-01,2023,Single Detached,427.5,One storey,2008,B1,1,0.9959,14890.7,14.891,30968.4,8602.4,116192.3,32275.9,8602.3,9158.1,0.0,0.0,0.0,210450189,Air,,14544.5,T,11.87,3.18,1.8,,,109.0,,,,Central split system,2.64,Condensing furnace,Natural Gas,Fireplace with pilot (sealed),Natural Gas,Yes,CARRIER,38MURAQ36AB3*,CAP**3617AL*,39000,29600,35200,1.80,8.5,15.5,No,11.43,10.316,0.768,0.693
5160690,MB,R0E,E,2023-09-01,2023,Single Detached,439.3,One storey,1960,B1;B2,1,3.15,17224.3,17.224,57205.0,15890.4,103945.2,28873.9,15890.4,0.0,0.0,0.0,0.0,210426579,Air,,24615.2,T,11.72,4.23,1.96,,,92.0,,,ESTAR,Central split system,2.42,Electric furnace,Electricity,Advanced airtight wood stove,Mixed Wood,Yes,SENVILLE,SENDC-36HF-OM,SENDC-36HF-IM,40000,30400,34400,1.97,9.5,16,Yes,11.723,10.082,0.681,0.585
5160906,MB,R3R,E,2023-07-01,2023,Single Detached,169.7,Two storeys,1943,B1;B2;B3;C1;F1,1,5.0481,19784.6,19.785,25222.4,7006.3,132637.2,36844.0,7006.2,17268.2,0.0,0.0,0.0,207098550,Air,,8787.2,T,7.62,3.48,1.95,,,70.0,,,,Central split system,3.36,Condensing furnace,Natural Gas,,,Yes,CARRIER,38MARBQ24AA3,CAP**2417AL*,26000,15800,,,10,15,No,7.62,,0.385,
5161099,MB,R5N,E,2023-11-01,2023,Single Detached,267.4,One storey,1999,B1,1,1.6015,10933.2,10.933,18298.9,5083.1,80298.2,22305.2,5083.1,4583.9,0.0,0.0,0.0,206188260,Air,,9125.4,T,7.91,3.43,1.8,,,92.0,,,,Central split system,4.26,Condensing furnace,Natural Gas,,,Yes,BRYANT,38MARBQ24AA3,40MBAAQ24XA3,27000,16500,,,11.6,20,No,7.913,,0.724,
5161339,MB,R3M,E,2023-08-01,2023,Single Detached,159.3,Two storeys,1951,B1,1,4.2819,13119.8,13.12,20815.7,5782.2,94885.7,26357.3,5782.3,7191.4,0.0,0.0,0.0,207098554,Air,,8584.3,T,7.44,3.63,2.0,,,70.0,,,ESTAR,Central split system,3.36,Condensing furnace,Natural Gas,,,Yes,CARRIER,38MARBQ24AA3,CAP**3017AL*,25400,15500,,,10.5,15.5,No,7.444,,0.567,
5161453,MB,R2E,E,2023-07-01,2023,Single Detached,283.4,Two storeys,1997,B1;B2,1,2.3742,17588.5,17.588,30817.1,8560.4,123780.2,34383.7,8560.3,11856.5,0.0,0.0,0.0,211225815,Air,,11648.1,T,11.58,3.4,1.9,,,89.0,,,ESTAR,Central split system,2.96,Condensing furnace,Natural Gas,Fireplace with pilot (sealed),Natural Gas,Yes,CARRIER,38MURAQ36AB3*,CAP**4221AL*,39500,29400,35200,1.90,8.1,15.5,No,11.576,10.316,0.658,0.587
5161616,MB,R2J,E,2023-08-01,2023,Single Detached,218.0,One storey,1979,B1,1,2.3598,12630.6,12.631,15925.3,4423.7,112233.0,31176.1,4423.6,11048.7,0.0,0.0,0.0,207098550,Air,,8787.2,T,7.62,3.48,1.95,,,70.0,,,ESTAR,Central split system,3.36,Condensing furnace,Natural Gas,,,Yes,CARRIER,38MARBQ24AA3,CAP**2417AL*,26000,15800,,,10,15,No,7.62,,0.603,
5161735,MB,R3M,E,2023-10-01,2023,Single Detached,236.5,Two storeys,1951,B1;C1;F1,1,2.48,14674.2,14.674,51779.2,14383.2,103557.8,28766.3,14383.2,0.0,0.0,0.0,0.0,211644151,Air,,10185.1,T,9.96,3.02,1.8,,,70.0,,,,Central split system,2.76,Electric furnace,Electricity,,,Yes,GREE,GUD36W/A-D(U),GCAT36*/NAA,36000,23200,26000,1.80,8.5,15.2,Yes,10.551,7.62,0.719,0.519
5161801,MB,R2J,E,2023-10-01,2023,Single Detached,258.4,One storey,1977,B1,1,1.2713,11728.7,11.729,20999.8,5833.3,104184.6,28940.4,5833.4,7786.2,0.0,0.0,0.0,211644150,Air,,7182.6,T,7.03,3.08,1.8,,,90.0,,,,Central split system,3.19,Condensing furnace,Natural Gas,Fireplace with pilot (sealed),Natural Gas,Yes,GREE,GUD36W/A-D(U),GCAT24*/NAA,24000,19600,21600,1.80,8.5,15.2,Yes,7.034,6.33,0.6,0.54
5161938,MB,R3J,E,2023-07-01,2023,Single Detached,129.1,One and a half,1918,B1,1,8.0311,16682.7,16.683,9506.4,2640.7,129953.3,36098.4,2640.6,21164.6,0.0,0.0,0.0,207098550,Air,,7619.8,T,6.27,4.54,1.95,,,70.0,,,ESTAR,Central split system,3.153,Condensing furnace,Natural Gas,,,Yes,CARRIER,38MARBQ24AA3,CAP**2417AL*,26000,15800,,,10,15,No,7.62,,0.457,
5162632,MB,R2K,E,2023-07-01,2023,Single Detached,186.9,Two storeys,1977,B1,1,2.919,13055.5,13.056,19280.0,5355.6,100112.9,27809.4,5355.6,9397.3,0.0,0.0,0.0,207098550,Air,,8787.2,T,7.62,3.48,1.95,,,70.0,,,,Central split system,3.36,Condensing furnace,Natural Gas,Fireplace with pilot (unsealed),Natural Gas,Yes,CARRIER,38MARBQ24AA3,CAP**2417AL*,26000,15800,,,10,15,No,7.62,,0.584,
5162636,MB,R2V,E,2023-12-01,2023,Single Detached,245.5,Split entry/Raised base.,2004,B1,1,3.5859,17124.5,17.124,12991.8,3608.9,134465.4,37351.8,3608.9,20747.7,0.0,0.0,0.0,207098550,Air,,8787.2,T,7.62,3.48,1.92,,,70.0,,,,Central split system,3.36,Condensing furnace,Natural Gas,Fireplace with pilot (unsealed),Natural Gas,Yes,CARRIER,38MARBQ24AA3,CAP**2417AL*,26000,15800,,,10,15,No,7.62,,0.445,
5162674,MB,R3T,E,2023-08-01,2023,Single Detached,406.2,One storey,1957,B1;P1,1,8.0323,36724.4,36.724,64915.5,18032.2,218300.6,60639.5,18032.1,28031.1,0.0,0.0,0.0,208141270,Air,,19769.4,T,10.55,3.01,1.83,,,83.0,,,ESTAR,Central split system,2.85,Condensing boiler,Natural Gas,Furnace/Boiler w/ spark ignition,Natural Gas,Yes,TRANE,4TXD2036A10NU**,4MXA2036A10NU**,35000,29000,28000,1.80,9,16,Yes,10.257,8.206,0.279,0.223
5163227,MB,R2N,E,2023-10-01,2023,Double/Semi-detached,234.5,One storey,2006,B1,1,1.87,8080.3,8.08,15141.5,4206.0,78052.6,21681.5,4206.1,4061.1,0.0,0.0,0.0,212427853,Air,,13837.4,T,7.33,3.36,1.86,,,86.0,,,,Central split system,2.93,Condensing furnace,Natural Gas,Fireplace with pilot (sealed),Natural Gas,Yes,NAPOLEON,WSEHV2436RA1-N,"H,DE33(6,9)36",24000,15000,17500,1.80,8.5,17,No,7.034,5.129,0.87,0.635
5164287,MB,R7B,E,2023-08-01,2023,Single Detached,320.0,One storey,2005,B1,1,1.288,12155.1,12.155,24784.4,6884.6,101022.9,28062.1,6884.5,4838.6,0.0,0.0,0.0,210450223,Air,,11830.7,T,9.67,3.25,1.8,,,88.0,,,,Central split system,2.79,Condensing furnace,Natural Gas,Other (describe),Electricity,Yes,BRYANT HEATING AND COOLING SYSTEMS,38MURAQ30AB3*,CAP**4321AL*,33400,23200,26200,1.86,9,14.5,No,9.789,7.678,0.805,0.632
5164375,MB,R7B,D,2023-07-01,2023,Single Detached,139.1,One storey,1950,B1;B2,1,3.52,9764.4,9.764,54295.8,15082.3,101954.7,28321.0,15082.3,0.0,0.0,0.0,0.0,207613967,Air,,5500.0,F,0.0,4.051,0.0,,,0.0,,,,Central split system,3.613,Baseboard/Hydronic/Plenum(duct) htrs.,Electricity,,,Yes,SENVILLE,SENL/18CD/OY,SENL/18CD/IY,18800,11500,10100,2.10,8.7,19,No,5.51,2.96,0.564,0.303
5165003,MB,R3T,E,2023-10-01,2023,Single Detached,184.3,One storey,1975,B1,1,2.6802,13823.9,13.824,25337.9,7038.4,100271.8,27853.5,7038.4,6120.6,0.0,0.0,0.0,207826660,Air,,13897.1,T,7.62,3.69,1.95,,,82.0,,,ESTAR,Central split system,3.66,Condensing furnace,Natural Gas,,,Yes,CARRIER,38MARBQ24AA3,40MBABQ24XB3,26000,16900,21200,1.90,9.3,18.4,Yes,7.62,6.213,0.551,0.449
5166856,MB,R5G,E,2023-08-01,2023,Single Detached,152.6,One storey,1962,B1,1,2.556,9435.2,9.435,17820.2,4950.1,73714.6,20476.4,4950.0,2224.5,0.0,0.0,0.0,212404693,Air,,13810.7,T,7.33,3.36,1.82,,,86.0,,,,Central split system,2.93,Condensing furnace,Natural Gas,,,Yes,NAPOLEON,WSEHV2436RA1-N,"H,DE33(6,9)36",24000,15000,17500,1.80,8.5,17,No,7.034,5.129,0.745,0.544
5167810,MB,R2L,E,2023-09-01,2023,Single Detached,231.2,Three storeys,1915,B1;B2;C1;C2;F1;F2,1,7.7067,29044.8,29.045,116498.8,32361.0,164645.3,45735.2,32361.1,0.0,0.0,0.0,0.0,210791261,Air,,21536.6,T,13.33,3.44,1.97,,,71.0,,,,Central split system,2.18,Electric furnace,Electricity,,,Yes,DAIKIN,DZ6VSA6010A*,DV59FECD14A*,45500,34400,32400,1.97,8.1,16.1,No,13.335,9.496,0.459,0.327
5167996,MB,R3M,E,2023-10-01,2023,Single Detached,199.7,One storey,1952,B1;B2,1,3.3662,16406.9,16.407,22719.8,6311.1,114879.9,31911.3,6311.2,12682.0,0.0,0.0,0.0,207098699,Air,,8584.3,T,7.44,3.63,2.0,,,70.0,,,ESTAR,Central split system,3.36,Condensing furnace,Natural Gas,Wood fireplace,Mixed Wood,Yes,Bryant,38MARBQ24AA3,CAP**3017AL*,25400,15500,,,10.5,15.5,No,7.444,,0.454,
5168238,MB,R3T,E,2023-07-01,2023,Single Detached,428.5,Two storeys,2007,B1;P1,1,3.413,26409.1,26.409,87533.1,24314.9,135695.0,37693.4,24314.9,0.0,0.0,0.0,0.0,207436142,Air,,24717.0,T,13.48,3.37,2.01,,,81.0,,,ESTAR,Central split system,3.81,Electric furnace,Electricity,,,Yes,LENNOX,SL25XPV-024-230A**,CBA38MV-042-230*+TDR,22200,25200,19900,1.94,9.1,22.2,No,6.506,5.832,0.246,0.221
5169357,MB,R0A,E,2023-11-01,2023,Single Detached,222.0,One storey,1985,B1;B2,1,1.5756,13279.5,13.28,57685.8,16024.0,103269.0,28686.1,16024.0,0.0,0.0,0.0,0.0,211644151,Air,,10183.0,T,9.96,2.98,1.8,,,70.0,,,,Central split system,2.79,Electric furnace,Electricity,,,Yes,GREE,GUD36W/A-D(U),GCAT36*/NAA,36000,23200,26000,1.80,8.5,15.2,Yes,10.551,7.62,0.794,0.574
5169370,MB,R6P,E,2023-10-01,2023,Single Detached,281.3,One and a half,1935,B1;B2,1,2.2849,10436.1,10.436,36335.3,10093.2,83311.5,23142.3,10093.1,0.0,0.0,0.0,0.0,206249117,Air,,24371.8,T,10.26,2.97,1.8,,,80.0,,,ESTAR,Central split system,2.79,Electric furnace,Electricity,,,Yes,GREE,GUD36W/A-D(U),GUD36AH2/A-D(U),35000,29000,28000,1.80,9,16,Yes,10.257,8.206,0.983,0.786
5170114,MB,R2X,E,2023-09-01,2023,Single Detached,75.8,One storey,1945,C1;F1,1,7.5066,13432.4,13.432,34755.7,9654.4,83099.5,23083.4,9654.5,0.0,0.0,0.0,0.0,211644150,Air,,7182.6,T,6.74,3.08,1.8,,,90.0,,,,Central split system,3.19,Electric furnace,Electricity,,,Yes,GREE,GUD36W/A-D(U),GCAT24*/NAA,24000,19600,21600,1.80,8.5,15.2,Yes,7.034,6.33,0.524,0.471
5170265,MB,R6W,E,2023-10-01,2023,Single Detached,247.6,One storey,1980,B1;C1;F1,1,1.7141,11151.0,11.151,17546.4,4874.0,64333.5,17870.6,4873.9,0.0,0.0,0.0,0.0,7492838,Ground,,7619.8,F,0.0,3.6,0.0,,,0.0,,,C448,Conventional A/C,5.77,Electric furnace,Electricity,,,No,,,,,,,,,,,,,,
5170450,MB,R5K,E,2023-10-01,2023,Single Detached,294.7,One storey,2006,B1,1,1.5694,10928.7,10.929,31742.6,8817.5,79222.7,22006.5,8817.6,0.0,0.0,0.0,0.0,207706561,Air,,24615.3,T,11.72,4.23,1.96,,,92.0,,,,Central split system,2.42,Electric furnace,Electricity,,,Yes,MOOVAIR,DMA36HOS20230E7,FMA36HIAHUU230X7,40000,30400,34400,1.97,9.5,16,Yes,11.723,10.082,1.073,0.922
5172477,MB,R2H,E,2023-09-01,2023,Single Detached,208.3,Two storeys,1909,B1,1,6.325,16818.0,16.818,23270.8,6464.2,120672.8,33520.5,6464.2,11247.0,0.0,0.0,0.0,207098556,Air,,8719.7,T,7.56,3.55,2.0,,,70.0,,,ESTAR,Central split system,3.36,Condensing furnace,Natural Gas,Wood fireplace,Mixed Wood,Yes,CARRIER,38MARBQ24AA3,CAP**2417AL*,25800,15700,,,10.5,15,No,7.561,,0.45,
5173904,MB,R3T,E,2023-10-01,2023,Single Detached,204.5,One storey,1970,B1;P1,1,2.4935,11508.5,11.508,19526.0,5423.9,82260.4,22850.3,5423.9,5083.7,0.0,0.0,0.0,207098550,Air,,8787.2,T,7.62,3.48,1.95,,,70.0,,,,Central single package system,3.36,Condensing furnace,Natural Gas,,,Yes,CARRIER,38MARBQ24AA3,CAP**2417AL*,26000,15800,,,10,15,No,7.62,,0.662,
5174441,MB,R1N,E,2023-12-01,2023,Single Detached,187.1,One storey,1966,B1;B2,1,2.79,9842.4,9.842,26830.8,7453.1,98353.2,27320.6,7453.1,4608.1,0.0,0.0,0.0,212383045,Air,,11515.6,T,11.43,3.25,1.8,,,90.0,,,,Central split system,2.95,Condensing furnace,Natural Gas,,,Yes,CARRIER,38MURAQ36AB3*,CAP**3617AL*,,29600,35200,1.80,7.7,15.5,No,,10.316,,1.048
5174847,MB,R1N,E,2023-10-01,2023,Single Detached,108.0,One storey,1946,B1,1,8.33,12402.5,12.402,19885.8,5523.9,112895.4,31360.1,5523.9,10423.1,0.0,0.0,0.0,211240003,Air,,8017.0,T,7.97,3.67,1.88,,,84.0,,,,Central split system,3.19,Condensing furnace,Natural Gas,,,Yes,CARRIER,38MURAQ24AB3*,CNPV*2414AL*,,19700,23000,1.88,8.5,15.2,No,,6.741,,0.543
5175838,MB,R3Y,E,2023-09-01,2023,Single Detached,159.1,Two storeys,2003,B1,1,5.577,14616.1,14.616,18018.3,5005.1,101234.2,28120.8,5005.0,9651.7,0.0,0.0,0.0,207098551,Air,,8584.3,T,7.44,3.65,2.0,,,70.0,,,ESTAR,Central split system,3.36,Condensing furnace,Natural Gas,Fireplace with pilot (sealed),Natural Gas,Yes,CARRIER,38MARBQ24AA3,CNPV*3017AL*,25400,15500,,,10,15.5,No,7.444,,0.509,
5177613,MB,R0E,E,2023-09-01,2023,Single Detached,169.5,One storey,1988,C1;F1,1,5.22,9383.3,9.383,30582.6,8495.2,80587.9,22385.7,8495.3,0.0,0.0,0.0,0.0,210273924,Air,,24684.5,T,10.14,4.23,2.17,,,109.0,,,,Central split system,3.22,Electric furnace,Electricity,,,Yes,,,,,,,,,,,,,,
5176862,MB,R2J,E,2023-11-01,2023,Single Detached,149.6,One storey,1958,B1,1,2.8954,10723.1,10.723,16236.0,4510.0,76191.9,21164.6,4510.0,4069.5,0.0,0.0,0.0,207202382,Air,,9294.7,T,5.48,4.01,2.0,,,73.0,,,,Central split system,3.44,Condensing furnace,Natural Gas,,,Yes,Bryant,38MARBQ18AA3,CAP**2414AL*,18700,14700,,,10.5,17,No,5.48,,0.511,
5177473,MB,R1N,E,2023-09-01,2023,Single Detached,134.7,One storey,1974,B1;C1;F1,1,3.3715,8773.5,8.774,15913.2,4420.4,85723.8,23812.4,4420.3,3738.9,0.0,0.0,0.0,211240585,Air,,7934.6,T,7.85,3.71,2.04,,,92.0,,,ESTAR,Central split system,3.2,Condensing furnace,Natural Gas,,,Yes,BRYANT HEATING AND COOLING SYSTEMS,38MURAQ24AB3*,CAP**2417AL*,26800,19400,24800,2.04,8.5,15.5,No,7.854,7.268,0.895,0.828
5177952,MB,R0J,D,2023-08-01,2023,Single Detached,798.9,One storey,2010,B1,1,0.8797,20315.2,20.315,46779.3,12994.4,95235.8,26454.6,12994.3,0.0,0.0,0.0,0.0,5200598,Water,,11928.0,F,0.0,4.2,0.0,,,0.0,,,C448,Conventional A/C,3.69,Electric boiler,Electricity,Advanced airtight wood stove,Mixed Wood,Yes,,,,,,,,,,,,,,
5178485,MB,R1C,E,2023-08-01,2023,Single Detached,284.0,Two storeys,1962,B1;B2;C1;F1,1,3.7641,19799.2,19.799,13120.8,3644.7,159263.7,44240.3,3644.8,27589.9,0.0,0.0,0.0,207098555,Air,,8652.0,T,7.5,3.63,2.0,,,70.0,,,,Central split system,3.36,Condensing furnace,Natural Gas,Fireplace with pilot (sealed),Natural Gas,Yes,CARRIER,38MARBQ24AA3,CNPV*2417AL*,25600,15600,,,10.5,15,No,7.503,,0.379,
5178864,MB,R3L,E,2023-10-01,2023,Single Detached,117.2,One storey,1908,B1;B2;B3;C1;F1,1,5.75,9159.2,9.159,17497.1,4860.3,71458.8,19849.8,4860.3,2772.2,0.0,0.0,0.0,209270319,Air,,9816.1,T,5.57,3.68,2.2,,,78.0,,,,Central split system,3.07,Condensing furnace,Natural Gas,,,Yes,ECO-AIR,MOX430U-18HFN1-M,MAC-24HWDN1-MN0,19000,14700,15000,2.20,9.5,16.1,Yes,5.568,4.396,0.608,0.48
5178885,MB,R3T,E,2023-09-01,2023,Single Detached,145.7,One storey,1963,B1;C1;F1;P1,1,3.9922,20876.0,20.876,36580.3,10161.3,127853.1,35515.0,10161.2,9438.1,0.0,0.0,0.0,212427853,Air,,13837.3,T,7.33,3.36,1.82,,,86.0,,,,Central split system,2.93,Condensing furnace,Natural Gas,,,Yes,NAPOLEON,WSEHV2436RA1-N,"H,DE33(6,9)36",24000,15000,17500,1.80,8.5,17,No,7.034,5.129,0.337,0.246
5179565,MB,R3R,E,2023-11-01,2023,Single Detached,189.7,Two storeys,2003,B1;B2;B3,1,2.28,10068.6,10.069,26164.7,7268.0,86710.6,24086.5,7268.1,3488.1,0.0,0.0,0.0,212427853,Air,,13837.4,T,7.33,3.36,1.82,,,86.0,,,,Central split system,2.93,Condensing furnace,Natural Gas,,,Yes,NAPOLEON,WSEHV2436RA1-N,"H,DE33(6,9)36",24000,15000,17500,1.80,8.5,17,No,7.034,5.129,0.699,0.509
5179826,MB,R6P,E,2023-10-01,2023,Single Detached,214.0,One storey,2014,B1,1,1.1676,7562.7,7.563,23653.3,6570.4,69514.0,19309.6,6570.3,0.0,0.0,0.0,0.0,208447884,Air,,15310.9,T,9.67,3.32,1.85,,,80.0,,,ESTAR,Central single package system,2.88,Electric furnace,Electricity,,,Yes,CARRIER,38MURAQ30AB3,40MUAAQ30XA3,33000,21000,24000,1.80,8.9,16.2,Yes,9.671,7.034,1.279,0.93
5180674,MB,R2M,E,2023-12-01,2023,Single Detached,137.4,One storey,1926,B1;B2;B3;B4,1,3.7261,13052.9,13.053,24336.1,6760.1,102051.8,28347.9,6760.1,9107.6,0.0,0.0,0.0,211644150,Air,,7182.6,T,7.03,3.08,1.81,,,90.0,,,ESTAR,Central split system,3.19,Condensing furnace,Natural Gas,,,Yes,GREE,GUD36W/A-D(U),GCAT24*/NAA,24000,19600,21600,1.80,8.5,15.2,Yes,7.034,6.33,0.539,0.485
5181132,MB,R1N,E,2023-10-01,2023,Single Detached,200.8,Split level,1988,B1,1,1.81,7566.8,7.567,30348.2,8430.1,76090.3,21136.4,8430.1,0.0,0.0,0.0,0.0,208447884,Air,,16926.9,T,9.67,3.27,1.85,,,80.0,,,,Central split system,2.88,Electric furnace,Electricity,,,Yes,CARRIER,38MURAQ30AB3,40MUAAQ30XA3,33000,21000,24000,1.80,8.9,16.2,Yes,9.671,7.034,1.278,0.93
5181627,MB,R3G,E,2023-09-01,2023,Single Detached,112.0,One storey,1943,B1,1,6.033,9879.6,9.88,15341.5,4261.6,76153.3,21153.9,4261.7,3819.2,0.0,0.0,0.0,207202383,Air,,9294.7,T,5.48,4.01,2.0,,,73.0,,,ESTAR,Central split system,3.46,Condensing furnace,Natural Gas,,,Yes,Bryant,38MARBQ18AA3,CAP**2417AL*,18700,14700,,,10.5,17,No,5.48,,0.555,
5181647,MB,R2Y,E,2023-10-01,2023,Single Detached,191.9,One storey,1956,B1;B2,1,2.7337,13495.7,13.496,20362.4,5656.3,102810.7,28558.8,5656.2,10032.0,0.0,0.0,0.0,211240038,Air,,7865.4,T,7.8,3.67,1.96,,,89.0,,,ESTAR,Central split system,3.2,Condensing furnace,Natural Gas,,,Yes,CARRIER,38MURAQ24AB3*,CNPV*2417AL*,26600,19400,23800,1.96,8.5,16,No,7.796,6.975,0.578,0.517
5181649,MB,R3T,E,2023-09-01,2023,Single Detached,180.2,One storey,1965,B1,1,1.8311,11485.7,11.486,21567.2,5990.9,85591.9,23775.7,5990.9,5195.6,0.0,0.0,0.0,207098554,Air,,8584.3,T,7.44,3.63,2.0,,,70.0,,,ESTAR,Central split system,3.36,Condensing furnace,Natural Gas,,,Yes,CARRIER,38MARBQ24AA3,CAP**3017AL*,25400,15500,,,10.5,15.5,No,7.444,,0.648,
5181793,MB,R7B,E,2023-10-01,2023,Single Detached,333.4,Two storeys,2003,B1,1,2.0138,16342.9,16.343,31666.5,8796.3,79675.0,22132.1,8796.2,0.0,0.0,0.0,0.0,207312018,Ground,,20075.4,F,0.0,3.7,0.0,,,0.0,,,C448,Conventional A/C,3.6751,Baseboard/Hydronic/Plenum(duct) htrs.,Electricity,,,No,,,,,,,,,,,,,,
5182093,MB,R2N,E,2023-09-01,2023,Single Detached,324.1,Two storeys,2000,B1,1,1.5641,15651.5,15.652,50554.6,14043.1,133608.1,37113.7,14043.2,9387.9,0.0,0.0,0.0,212427853,Air,,13837.4,T,7.33,2.043,1.82,,,86.0,,,,Central split system,1.76495,Condensing furnace,Natural Gas,Fireplace with pilot (sealed),Natural Gas,Yes,NAPOLEON,WSEHV2436RA1-N,"H,DE33(6,9)36",24000,15000,17500,1.80,8.5,17,No,7.034,5.129,0.449,0.328
5182517,MB,R3N,D,2023-08-01,2023,Single Detached,236.3,Two storeys,1927,B1,1,4.77,23529.1,23.529,14499.3,4027.6,210077.7,58355.4,4027.5,38262.0,0.0,0.0,0.0,10255978,Air,,6799.2,F,0.0,3.724,0.0,,,0.0,,,,Central split system,3.153,Boiler  with spark ignition,Natural Gas,,,Yes,AMERISTAR,M4THS1524A11N**,M4MHW1524A1N0**,23200,13600,,,9,15,No,6.799,,0.289,
5183020,MB,R3T,E,2023-10-01,2023,Single Detached,227.1,Two storeys,1947,B1;C1;F1,1,2.6369,16877.7,16.878,18193.2,5053.7,123112.2,34198.1,5053.7,12805.9,0.0,0.0,0.0,212406525,Air,,7653.6,T,6.56,3.68,2.1,,,107.0,,,ESTAR,Central split system,3.41,Condensing furnace,Natural Gas,Fireplace with pilot (unsealed),Natural Gas,Yes,TRANE,4TXD2036A10NU**,"H,TG34930+TD",24000,15800,21200,1.80,8.5,15.2,No,7.034,6.213,0.417,0.368
5183349,MB,R2J,E,2023-09-01,2023,Single Detached,195.1,One storey,2004,B1,1,1.6038,9417.6,9.418,15147.7,4207.7,79379.3,22050.0,4207.8,5228.7,0.0,0.0,0.0,207098550,Air,,7000.0,T,7.5,3.48,2.0,,,70.0,,,ESTAR,Central split system,3.36,Condensing furnace,Natural Gas,,,Yes,CARRIER,38MARBQ24AA3,CAP**2417AL*,26000,15800,,,10,15,No,7.62,,0.809,
5183356,MB,R3J,E,2023-09-01,2023,Single Detached,118.0,One storey,1988,B1,1,2.7457,7480.4,7.48,12468.1,3463.4,65809.6,18280.6,3463.4,2151.4,0.0,0.0,0.0,207098550,Air,,8787.2,T,7.62,3.48,1.95,,,70.0,,,,Central split system,3.36,Condensing furnace,Natural Gas,,,Yes,CARRIER,38MARBQ24AA3,CAP**2417AL*,26000,15800,,,10,15,No,7.62,,1.019,
5183541,MB,R6P,E,2023-12-01,2023,Single Detached,247.9,One storey,1978,B1;B2,1,1.4541,12087.0,12.087,52143.2,14484.3,97736.3,27149.2,14484.3,0.0,0.0,0.0,0.0,212633393,Air,,10180.0,T,9.5,2.98,1.8,,,74.0,,,,Central split system,2.79,Electric furnace,Electricity,,,Yes,,,,,,,,,,,,,,
5184870,MB,R6W,E,2023-11-01,2023,Single Detached,280.2,One storey,1999,B1;B2,1,1.34,10038.2,10.038,13807.2,3835.4,81064.9,22518.2,3835.3,4595.6,0.0,0.0,0.0,211241626,Air,,7754.4,T,7.68,3.62,1.92,,,89.0,,,,Central split system,3.2,Condensing furnace,Natural Gas,Fireplace with pilot (unsealed),Natural Gas,Yes,BRYANT HEATING AND COOLING SYSTEMS,38MURAQ24AB3*,CAP**3017AL*,26200,19100,23400,1.92,8.5,16.5,No,7.678,6.858,0.765,0.683
5185333,MB,R0C,E,2023-10-01,2023,Single Detached,259.3,One storey,1950,B1;B2,1,2.4073,17590.1,17.59,24621.4,6839.3,123302.4,34250.9,6839.2,14345.9,0.0,0.0,0.0,207098550,Air,,8787.2,T,7.62,3.48,1.95,,,70.0,,,ESTAR,Central split system,3.36,Condensing furnace,Natural Gas,Advanced airtight wood stove,Mixed Wood,Yes,CARRIER,38MARBQ24AA3,CAP**2417AL*,26000,15800,,,10,15,No,7.62,,0.433,
5185934,MB,R0C,E,2023-11-01,2023,Single Detached,105.5,One storey,1911,C1;C2;F1;F2,1,9.19,12503.1,12.503,37948.4,10541.3,87384.9,24273.8,10541.2,0.0,0.0,0.0,0.0,210722666,Air,,16016.6,T,10.73,3.25,2.0,,,100.0,,,,Mini-split ductless,2.83,Baseboard/Hydronic/Plenum(duct) htrs.,Electricity,Advanced airtight wood stove,Mixed Wood,Yes,DAIKIN,4MXL36WVJU*,,36600,22400,36600,1.80,9,20,No,10.726,10.726,0.858,0.858
5187051,MB,R2R,E,2023-11-01,2023,Single Detached,181.9,One storey,1975,B1,1,2.72,9676.4,9.676,15905.7,4418.3,90428.2,25119.1,4418.4,5213.1,0.0,0.0,0.0,207202288,Air,,9268.7,T,5.51,4.05,2.0,,,72.0,,,,Central split system,3.53,Condensing furnace,Natural Gas,,,Yes,CARRIER,38MARBQ18AA3,CAP**2417AL*,18800,14700,,,11,17.5,No,5.51,,0.569,
5190430,MB,R3L,E,2023-10-01,2023,Single Detached,258.8,Three storeys,1913,B1;C1;C2;F1;F2,1,6.4041,29239.5,29.24,29508.2,8196.8,179204.0,49779.3,8196.7,28049.7,0.0,0.0,0.0,210450179,Air,,9864.2,T,9.67,3.45,1.8,,,88.0,,,,Central split system,2.88,Condensing furnace,Natural Gas,Advanced airtight wood stove,Mixed Wood,Yes,CARRIER,38MURAQ30AB3*,CAP**4321AL*,33400,23200,26200,1.86,9,14.5,No,9.789,7.678,0.335,0.263
5191989,MB,R3T,E,2023-11-01,2023,Single Detached,143.6,One storey,1956,B1,1,3.966,9739.9,9.74,8191.1,2275.3,86679.8,24077.9,2275.3,8975.3,0.0,0.0,0.0,207202288,Air,,5333.9,T,5.51,4.39,2.0,,,72.0,,,ESTAR,Central split system,3.4405,Condensing furnace,Natural Gas,,,Yes,CARRIER,38MARBQ18AA3,CAP**2417AL*,18800,14700,,,11,17.5,No,5.51,,0.566,
5193382,MB,R2J,E,2023-09-01,2023,Single Detached,179.7,One storey,1964,B1,1,2.3169,10737.6,10.738,19735.0,5482.0,79545.1,22096.0,5482.0,4235.9,0.0,0.0,0.0,210450179,Air,,9864.2,T,9.67,3.45,1.8,,,88.0,,,,Central split system,2.88,Condensing furnace,Natural Gas,,,Yes,CARRIER,38MURAQ30AB3*,CAP**4321AL*,33400,23200,26200,1.86,9,14.5,No,9.789,7.678,0.912,0.715
5193708,MB,R2J,E,2023-08-01,2023,"Row house, end unit",135.9,Two storeys,1960,B1,1,3.1408,9431.7,9.432,7984.5,2217.9,81979.2,22772.2,2218.1,5570.9,0.0,0.0,0.0,207098550,Air,,7619.8,T,6.27,4.54,1.95,,,70.0,,,ESTAR,Central split system,3.153,Condensing furnace,Natural Gas,,,Yes,CARRIER,38MARBQ24AA3,CAP**2417AL*,26000,15800,,,10,15,No,7.62,,0.808,
5193741,MB,R2R,E,2023-09-01,2023,Single Detached,169.9,One storey,1971,B1,1,2.3755,10216.3,10.216,16544.3,4595.7,85126.4,23646.4,4595.6,4719.5,0.0,0.0,0.0,207202288,Air,,9268.7,T,5.51,4.05,2.0,,,72.0,,,,Central split system,3.53,Condensing furnace,Natural Gas,,,Yes,CARRIER,38MARBQ18AA3,CAP**2417AL*,18800,14700,,,11,17.5,No,5.51,,0.539,
5193832,MB,R2W,E,2023-11-01,2023,Single Detached,255.8,Two storeys,1932,B1;C1;F1,1,5.9979,29356.0,29.356,51988.9,14441.5,201989.2,56108.6,14441.5,28079.1,0.0,0.0,0.0,210722666,Air,,16043.0,T,10.73,3.22,2.0,,,100.0,,,,Mini-split ductless,2.83,Boiler  with spark ignition,Natural Gas,Baseboard/Hydronic/Plenum(duct) htrs,Electricity,Yes,DAIKIN,4MXL36WVJU*,,36600,22400,36600,1.80,9,20,No,10.726,10.726,0.365,0.365
5194352,MB,R3Y,E,2023-10-01,2023,Single Detached,299.8,Two storeys,1991,B1,1,2.6736,14917.2,14.917,18298.6,5083.0,108100.7,30028.2,5083.1,11860.4,0.0,0.0,0.0,210450179,Air,,11851.2,T,9.67,3.27,1.8,,,72.0,,,,Central split system,2.79,Condensing furnace,Natural Gas,Wood fireplace,Mixed Wood,Yes,CARRIER,38MURAQ30AB3*,CAP**4321AL*,33400,23200,26200,1.86,9,14.5,No,9.789,7.678,0.656,0.515
5194594,MB,R2H,D,2023-08-01,2023,Single Detached,183.9,Split level,1913,B1;C1;F1,1,8.074,24979.9,24.98,35157.8,9766.1,158851.1,44125.7,9766.2,21015.2,0.0,0.0,0.0,7180063,Air,,14837.0,T,10.55,4.37,2.49,,,61.0,,,ESTAR,Mini-split ductless,3.26,"Boiler  with spark ignit.,vent dmpr",Natural Gas,,,Yes,LG,LMU36CHV,,36000,20000,,,8.2,21.5,No,10.551,,0.422,
1204607,MB,R2G,E,2023-10-01,2023,Single Detached,231.5,One storey,1969,B1;B2,1,2.3909,8617.1,8.617,17972.6,4992.4,72314.7,20087.6,4992.5,2502.8,0.0,0.0,0.0,212427853,Air,,13837.3,T,7.33,3.36,1.82,,,86.0,,,,Central split system,2.93,Condensing furnace,Natural Gas,Advanced airtight wood stove,Mixed Wood,Yes,NAPOLEON,WSEHV2436RA1-N,"H,DE33(6,9)36",24000,15000,17500,1.80,8.5,17,No,7.034,5.129,0.816,0.595
5196893,MB,R3Y,E,2023-09-01,2023,Single Detached,229.4,Two storeys,1986,B1,1,2.7399,14858.5,14.858,12783.8,3551.1,117193.1,32553.9,3551.1,13770.7,0.0,0.0,0.0,210450179,Air,,9671.3,T,9.67,3.976,1.8,,,88.0,,,ESTAR,Central split system,3.268,Condensing furnace,Natural Gas,Wood fireplace,Mixed Wood,Yes,CARRIER,38MURAQ30AB3*,CAP**4321AL*,33400,23200,26200,1.86,9,14.5,No,9.789,7.678,0.659,0.517
5197047,MB,R2V,E,2023-10-01,2023,Single Detached,201.4,One storey,1997,B1,1,1.8462,9626.1,9.626,17112.2,4753.4,88026.8,24452.1,4753.4,4355.9,0.0,0.0,0.0,207098550,Air,,8787.2,T,7.62,3.48,1.95,,,70.0,,,,Central split system,3.36,Condensing furnace,Natural Gas,,,Yes,CARRIER,38MARBQ24AA3,CAP**2417AL*,26000,15800,,,10,15,No,7.62,,0.792,
5197107,MB,R7B,E,2023-09-01,2023,Single Detached,190.4,One storey,1981,B1;P1,1,2.937,12718.5,12.718,41521.7,11533.9,87455.8,24293.5,11534.0,0.0,0.0,0.0,0.0,210819415,Air,,10787.7,T,8.79,3.49,1.85,,,71.0,,,,Central split system,3.25,Baseboard/Hydronic/Plenum(duct) htrs.,Electricity,,,Yes,CARRIER,38MARBQ30AA3,40MBABQ30XB3,30000,20400,19000,1.81,8.4,17.5,No,8.792,5.568,0.691,0.438
5197203,MB,R3R,E,2023-11-01,2023,"Row house, end unit",161.5,One storey,1972,B1,1,3.7633,9561.6,9.562,14346.8,3985.3,80898.7,22472.0,3985.3,3210.3,0.0,0.0,0.0,207202288,Air,,9268.7,T,5.51,4.05,2.0,,,72.0,,,,Central split system,3.53,Condensing furnace,Natural Gas,,,Yes,CARRIER,38MARBQ18AA3,CAP**2417AL*,18800,14700,,,11,17.5,No,5.51,,0.576,
5197457,MB,R2G,E,2023-10-01,2023,Single Detached,280.0,One storey,1992,B1,1,1.8352,9795.4,9.795,15833.7,4398.3,82629.9,22952.9,4398.4,5908.9,0.0,0.0,0.0,211240038,Air,,7830.3,T,7.8,3.69,1.96,,,89.0,,,ESTAR,Central split system,3.19,Condensing furnace,Natural Gas,Fireplace with pilot (sealed),Natural Gas,Yes,CARRIER,38MURAQ24AB3*,CNPV*2417AL*,26600,19400,23800,1.96,8.5,16,No,7.796,6.975,0.796,0.712
5199321,MB,R6W,E,2023-11-01,2023,Single Detached,286.8,One storey,1987,B1,1,1.4741,12894.9,12.895,34306.8,9529.7,102297.8,28416.3,9529.8,3328.4,0.0,0.0,0.0,204043222,Air,,19690.0,T,10.55,2.99,1.83,,,83.0,,,,Central split system,3.01,Condensing furnace,Natural Gas,,,Yes,GREE,GUD36W/A-D(U),GUD36A/A-D(U),36000,24400,,,10,18,No,10.551,,0.818,
5199327,MB,R2C,E,2023-10-01,2023,"Row house, end unit",170.1,One storey,1973,B1,1,2.6907,9931.7,9.932,13936.2,3871.2,82032.0,22786.8,3871.1,3493.9,0.0,0.0,0.0,207202288,Air,,9268.7,T,5.51,4.05,2.0,,,72.0,,,,Central split system,3.53,Condensing furnace,Natural Gas,,,Yes,CARRIER,38MARBQ18AA3,CAP**2417AL*,18800,14700,,,11,17.5,No,5.51,,0.555,
5199449,MB,R1C,E,2023-10-01,2023,Single Detached,302.3,One storey,2000,B1;P1,1,1.3246,11952.8,11.953,24669.8,6852.8,93349.1,25930.5,6852.8,5818.1,0.0,0.0,0.0,212427853,Air,,13837.3,T,7.33,3.36,1.82,,,86.0,,,ESTAR,Central split system,2.93,Condensing furnace,Natural Gas,Fireplace with pilot (unsealed),Natural Gas,Yes,NAPOLEON,WSEHV2436RA1-N,"H,DE33(6,9)36",24000,15000,17500,1.80,8.5,17,No,7.034,5.129,0.588,0.429
5201971,MB,R2N,E,2023-10-01,2023,Single Detached,227.4,One storey,1989,B1,1,2.0545,12176.3,12.176,18564.2,5156.8,94217.7,26171.8,5156.7,5365.9,0.0,0.0,0.0,207098550,Air,,8787.2,T,7.62,3.48,1.95,,,70.0,,,,Central split system,3.36,Condensing furnace,Natural Gas,,,Yes,CARRIER,38MARBQ24AA3,CAP**2417AL*,26000,15800,,,10,15,No,7.62,,0.626,
5203047,MB,R2W,D,2023-09-01,2023,Single Detached,315.8,Two storeys,1919,B1;B2;C1;F1,1,4.44,28666.8,28.667,32995.1,9165.4,261705.6,72696.6,9165.4,47082.3,0.0,0.0,0.0,201754308,Air,,8371.6,T,5.28,3.54,2.07,,,69.0,,,ESTAR,Mini-split ductless,2.67,Induced draft fan furnace,Natural Gas,Furnace/Boiler w/ spark ignition,Natural Gas,Yes,Mitsubishi Electric,MUZ-GE15NAH2,MSZ-GE15NA,18000,11300,,,10.8,22.7,No,5.275,,0.184,
5204386,MB,R5G,E,2023-11-01,2023,Single Detached,212.3,One storey,1999,B1;P1,1,1.5056,12636.9,12.637,18644.8,5179.2,90475.8,25132.4,5179.2,6275.9,0.0,0.0,0.0,207098550,Air,,8788.6,T,7.62,3.48,1.95,,,70.0,,,,Central split system,3.36,Condensing furnace,Natural Gas,,,Yes,CARRIER,38MARBQ24AA3,CAP**2417AL*,26000,15800,,,10,15,No,7.62,,0.603,
5207835,MB,R7B,D,2023-09-01,2023,Single Detached,170.7,One storey,1976,B1,1,2.03,8883.9,8.884,48704.8,13529.2,95125.9,26424.1,13529.3,0.0,0.0,0.0,0.0,5625780,Air,,3.5,F,0.0,4.164,0.0,,,0.0,,,,Mini-split ductless,3.268,Baseboard/Hydronic/Plenum(duct) htrs.,Electricity,,,Yes,FUJITSU,AOU12RL2,ASU12RL2,12000,8400,,,9,16,No,3.517,,0.396,
5208392,MB,R3Y,E,2023-09-01,2023,Single Detached,280.3,Two storeys,2002,B1,1,2.6027,15797.8,15.798,19971.3,5547.6,108893.2,30248.4,5547.5,11666.2,0.0,0.0,0.0,210450179,Air,,7000.0,T,9.67,3.27,1.8,,,88.0,,,ESTAR,Central split system,2.79,Condensing furnace,Natural Gas,,,Yes,CARRIER,38MURAQ30AB3*,CAP**4321AL*,33400,23200,26200,1.86,9,14.5,No,9.789,7.678,0.62,0.486
5209879,MB,R3T,E,2023-10-01,2023,Single Detached,239.3,Two storeys,1977,B1,1,1.2467,10540.4,10.54,43920.5,12200.2,95747.5,26596.7,12200.1,0.0,0.0,0.0,0.0,211624973,Air,,14222.7,T,7.03,2.043,1.86,,,91.0,,,,Central single package system,1.82015,Electric furnace,Electricity,Wood fireplace,Mixed Wood,Yes,NAPOLEON,WSEHV2436RA1-N,NPFX24A,24000,20000,22000,1.80,9,17,Yes,7.034,6.448,0.667,0.612
5211186,MB,R5N,E,2023-10-01,2023,Single Detached,283.2,One storey,2001,B1,1,1.2396,13687.8,13.688,27456.7,7626.9,110212.3,30614.8,7627.0,9479.8,0.0,0.0,0.0,211644151,Air,,10185.1,T,9.96,3.02,1.8,,,70.0,,,,Central split system,2.76,Condensing furnace,Natural Gas,Fireplace with pilot (sealed),Natural Gas,Yes,GREE,GUD36W/A-D(U),GCAT36*/NAA,36000,23200,26000,1.80,8.5,15.2,Yes,10.551,7.62,0.771,0.557
5211588,MB,R3T,E,2023-11-01,2023,Single Detached,152.8,Two storeys,1987,B1,1,4.3238,10283.8,10.284,16702.1,4639.5,77769.7,21602.9,4639.5,4360.0,0.0,0.0,0.0,207098550,Air,,8787.2,T,7.62,3.48,1.95,,,70.0,,,,Central split system,3.36,Condensing furnace,Natural Gas,,,Yes,CARRIER,38MARBQ24AA3,CAP**2417AL*,26000,15800,,,10,15,No,7.62,,0.741,
5211593,MB,R3C,E,2023-10-01,2023,Single Detached,242.5,Three storeys,1910,B1,1,9.2504,28606.0,28.606,28859.8,8016.7,177547.8,49319.2,8016.7,27636.3,0.0,0.0,0.0,211713037,Air,,9746.4,T,9.67,3.48,1.84,,,78.0,,,,Central split system,2.88,Condensing furnace,Natural Gas,,,Yes,CARRIER,38MURAQ30AB3*,CAP**4321AL*,33000,23000,26000,1.84,8.1,15.2,No,9.671,7.62,0.338,0.266
462912,MB,R2V,E,2023-11-01,2023,Single Detached,162.7,One storey,1953,B1,1,3.4017,10578.6,10.579,14918.3,4144.0,83593.4,23220.6,4143.9,3792.8,0.0,0.0,0.0,207202288,Air,,9268.7,T,5.51,4.05,2.0,,,72.0,,,,Central split system,3.53,Condensing furnace,Natural Gas,,,Yes,CARRIER,38MARBQ18AA3,CAP**2417AL*,18800,14700,,,11,17.5,No,5.51,,0.521,
5212341,MB,R2L,E,2023-12-01,2023,Detached Duplex,226.4,One storey,1957,B1,2,4.1432,18986.6,18.987,42503.4,11806.6,126548.7,35152.7,11806.5,6774.2,0.0,0.0,0.0,204722798,Air,,22788.3,T,10.67,3.18,1.94,,,97.0,,,,Mini-split ductless,3.0,Condensing furnace,Natural Gas,,,Yes,CARRIER,38MGRQ36D--3,,36400,23800,,,10.75,20.25,No,10.668,,0.562,
5212343,MB,R2V,E,2023-11-01,2023,Single Detached,192.6,One storey,1969,B1,1,2.3782,16257.8,16.258,24438.9,6788.6,120583.6,33495.7,6788.7,14147.9,0.0,0.0,0.0,207098550,Air,,8787.2,T,7.62,3.48,1.95,,,70.0,,,,Central split system,3.36,Condensing furnace,Natural Gas,,,Yes,CARRIER,38MARBQ24AA3,CAP**2417AL*,26000,15800,,,10,15,No,7.62,,0.469,
5212477,MB,R2K,E,2023-09-01,2023,Single Detached,167.7,Two storeys,2006,B1,1,3.0146,12460.4,12.46,19315.8,5365.5,90610.2,25169.7,5365.6,6973.1,0.0,0.0,0.0,207098550,Air,,8787.2,T,7.62,3.48,1.95,,,70.0,,,,Central split system,3.36,Condensing furnace,Natural Gas,,,Yes,CARRIER,38MARBQ24AA3,CAP**2417AL*,26000,15800,,,10,15,No,7.62,,0.612,
5212583,MB,R0E,E,2023-10-01,2023,Single Detached,226.4,One storey,1963,B1;B2;B3,1,1.4212,14452.6,14.453,38635.4,10732.1,90785.6,25218.4,10732.0,0.0,0.0,0.0,0.0,210426579,Air,,24615.3,T,11.72,4.58,1.96,,,92.0,,,ESTAR,Central split system,2.42,Electric furnace,Electricity,,,Yes,SENVILLE,SENDC-36HF-OM,SENDC-36HF-IM,40000,30400,34400,1.97,9.5,16,Yes,11.723,10.082,0.811,0.698
5213747,MB,R7B,E,2023-11-01,2023,Double/Semi-detached,146.3,Split level,1992,B1;C1;F1;P1,1,2.04,7346.9,7.347,10712.3,2975.7,64033.6,17787.3,2975.6,1911.4,0.0,0.0,0.0,211240616,Air,,7910.6,T,7.85,3.67,2.02,,,91.0,,,,Central split system,3.2,Condensing furnace,Natural Gas,,,Yes,BRYANT HEATING AND COOLING SYSTEMS,38MURAQ24AB3*,CAP**2417AL*,26800,19400,24400,2.02,8.5,16,No,7.854,7.151,1.069,0.973
5214518,MB,R3T,E,2023-10-01,2023,Single Detached,274.3,One storey,2004,B1,1,3.0869,14332.5,14.332,11909.0,3308.1,115879.3,32189.0,3308.1,15777.9,0.0,0.0,0.0,207098556,Air,,8719.7,T,100.0,3.55,2.0,,,70.0,,,,Central split system,2.578,Condensing furnace,Natural Gas,Fireplace with pilot (unsealed),Natural Gas,Yes,CARRIER,38MARBQ24AA3,CAP**2417AL*,25800,15700,,,10.5,15,No,7.561,,0.528,
5214622,MB,R3R,E,2023-11-01,2023,Single Detached,216.0,One storey,1980,B1,1,1.6479,10705.6,10.706,16280.0,4522.3,90504.9,25140.5,4522.3,8228.4,0.0,0.0,0.0,207202288,Air,,9268.7,T,5.51,4.05,2.0,,,72.0,,,,Central split system,3.53,Condensing furnace,Natural Gas,Fireplace with pilot (unsealed),Natural Gas,Yes,CARRIER,38MARBQ18AA3,CAP**2417AL*,18800,14700,,,11,17.5,No,5.51,,0.515,
5214644,MB,R2C,E,2023-10-01,2023,Single Detached,170.1,Two storeys,1986,B1,1,2.3171,10399.6,10.4,15324.1,4256.7,83355.8,23154.6,4256.7,4439.8,0.0,0.0,0.0,207202288,Air,,9268.7,T,5.51,4.05,2.0,,,72.0,,,,Central split system,3.53,Condensing furnace,Natural Gas,,,Yes,CARRIER,38MARBQ18AA3,CAP**2417AL*,18800,14700,,,11,17.5,No,5.51,,0.53,
5214650,MB,R3J,E,2023-10-01,2023,Single Detached,168.8,Two storeys,1950,B1,1,3.5498,15923.0,15.923,20369.9,5658.4,112617.0,31282.8,5658.4,10991.2,0.0,0.0,0.0,207202288,Air,,9268.7,T,5.51,4.05,2.0,,,72.0,,,,Central split system,3.53,Condensing furnace,Natural Gas,,,Yes,CARRIER,38MARBQ18AA3,CAP**2417AL*,18800,14700,,,11,17.5,No,5.51,,0.346,
5216388,MB,R3S,D,2023-09-01,2023,Single Detached,290.4,One storey,2006,B1,1,0.8112,10747.4,10.747,41108.5,11419.1,93380.2,25939.2,11419.0,0.0,0.0,0.0,0.0,207349916,Air,,17021.1,T,10.55,3.1,1.81,,,73.0,,,,Mini-split ductless,2.93,Electric boiler,Electricity,,,Yes,SAMSUNG,AJ036BXJ4CH,,32000,21000,26400,1.81,9,21,No,9.378,7.737,0.873,0.72
5217380,MB,R6W,E,2023-11-01,2023,Single Detached,236.1,One storey,2005,B1,1,1.24,6358.3,6.358,19412.2,5392.3,64159.2,17822.1,5392.3,0.0,0.0,0.0,0.0,212633392,Air,,7073.6,T,6.56,3.24,1.8,,,102.0,,,ESTAR,Central split system,3.52,Electric furnace,Electricity,,,Yes,GREE,FLEXX36HP230V1AO,CDP36K15P+TD,,14000,21200,1.80,8.5,15.2,No,,6.213,,0.977
5218324,MB,R3G,D,2023-09-01,2023,Single Detached,177.5,One storey,1926,B1;B2,1,7.38,16662.6,16.663,10804.6,3001.3,157173.0,43659.5,3001.4,25273.0,0.0,0.0,0.0,7159660,Air,,5568.4,F,0.0,3.724,0.0,,,0.0,,,,Mini-split ductless,3.383,Induced draft fan boiler,Natural Gas,Baseboard/Hydronic/Plenum(duct) htrs,Electricity,Yes,,,,,,,,,,,,,,
5219056,MB,R6W,E,2023-12-01,2023,Single Detached,235.1,One storey,1978,B1;C1;F1,1,2.42,11873.3,11.873,16558.1,4599.5,93221.2,25895.0,4599.5,5735.9,0.0,0.0,0.0,211240532,Air,,7925.5,T,7.85,3.68,1.98,,,89.0,,,,Central split system,3.2,Condensing furnace,Natural Gas,Fireplace with pilot (unsealed),Natural Gas,Yes,BRYANT HEATING AND COOLING SYSTEMS,38MURAQ24AB3*,CAP**2417AL*,26800,19400,24000,1.98,8.5,16.5,No,7.854,7.034,0.662,0.592
5223077,MB,R3N,E,2023-11-01,2023,Single Detached,170.4,Two storeys,1939,B1;B2;C1;F1,1,6.8218,21028.4,21.028,23992.0,6664.5,140872.0,39131.4,6664.5,19595.7,0.0,0.0,0.0,207098555,Air,,8652.0,T,7.5,3.63,2.0,,,70.0,,,,Central split system,3.36,Condensing furnace,Natural Gas,Advanced airtight wood stove,Mixed Wood,Yes,CARRIER,38MARBQ24AA3,CNPV*2417AL*,25600,15600,,,10.5,15,No,7.503,,0.357,
5224156,MB,R2M,E,2023-11-01,2023,Single Detached,376.8,Two storeys,2014,B1,1,0.92,11871.6,11.872,40046.1,11124.0,82285.5,22857.3,11124.0,0.0,0.0,0.0,0.0,212614864,Air,,10653.1,T,6.74,3.38,2.0,,,70.0,,,ESTAR,Not installed,0.0,Electric furnace,Electricity,Fireplace with spark ignit. (sealed),Natural Gas,Yes,DAIKIN,DZ6VSA241EA*,DFVE36CP1400A*,23000,16000,16100,2.00,8.6,17,Yes,6.741,4.718,0.568,0.397
5224559,MB,R2N,E,2023-10-01,2023,Single Detached,222.8,One storey,1999,B1,1,2.8988,11333.3,11.333,17591.3,4886.5,93614.4,26004.2,4886.4,5765.9,0.0,0.0,0.0,207098558,Air,,8584.3,T,7.44,3.66,2.0,,,70.0,,,,Central split system,3.36,Condensing furnace,Natural Gas,,,Yes,CARRIER,38MARBQ24AA3,CAP**3617AL*,25400,15400,,,10.5,15.5,No,7.444,,0.657,
5224587,MB,R0E,E,2023-11-01,2023,Single Detached,181.5,One storey,1967,B1;P1,1,2.6975,14057.9,14.058,41933.9,11648.4,88957.5,24710.6,11648.4,0.0,0.0,0.0,0.0,210426579,Air,,24615.3,T,11.72,4.58,1.96,,,92.0,,,ESTAR,Central split system,2.42,Electric furnace,Electricity,,,Yes,SENVILLE,SENDC-36HF-OM,SENDC-36HF-IM,40000,30400,34400,1.97,9.5,16,Yes,11.723,10.082,0.834,0.717
5224838,MB,R5G,E,2023-11-01,2023,Single Detached,202.8,One storey,1978,B1,1,2.6161,11631.6,11.632,18081.8,5022.8,88410.4,24558.6,5022.8,6770.3,0.0,0.0,0.0,207098550,Air,,8788.6,T,7.62,3.48,1.95,,,70.0,,,,Central split system,3.36,Condensing furnace,Natural Gas,Fireplace with pilot (unsealed),Natural Gas,Yes,CARRIER,38MARBQ24AA3,CAP**2417AL*,26000,15800,,,10,15,No,7.62,,0.655,
5225512,MB,R0E,E,2023-12-01,2023,Single Detached,74.7,One storey,1980,C1;F1,1,5.7837,8468.5,8.468,20890.8,5803.0,66957.2,18599.4,5803.1,0.0,0.0,0.0,0.0,207657629,Air,,11983.4,T,5.28,3.04,1.82,,,103.0,,,ESTAR,Mini-split ductless,3.11,Baseboard/Hydronic/Plenum(duct) htrs.,Electricity,,,Yes,SENVILLE,SENA/18HF/OQ,SENA/18HF/IQ,18000,15000,18000,1.80,11.3,21.5,Yes,5.275,5.275,0.623,0.623
5225526,MB,R2V,E,2023-11-01,2023,Single Detached,183.8,Two storeys,1955,B1,1,5.9683,16786.5,16.786,19526.9,5424.2,102228.7,28397.1,5424.2,7010.3,0.0,0.0,0.0,206348138,Air,,16169.9,T,8.5,5.26,1.8,,,85.0,,,ESTAR,Central split system,3.34,Condensing furnace,Natural Gas,,,Yes,CARRIER,38MARBQ24AA3,40MAHBQ24XA3,29000,21200,25000,2.21,11.4,21.5,Yes,8.499,7.327,0.506,0.436
5225564,MB,R2K,E,2023-10-01,2023,Single Detached,177.2,One storey,1954,B1,1,1.4911,11400.7,11.401,12947.8,3596.6,100511.0,27919.9,3596.7,9415.6,0.0,0.0,0.0,207098550,Air,,8787.2,T,7.62,3.48,1.92,,,70.0,,,,Central split system,3.36,Condensing furnace,Natural Gas,,,Yes,CARRIER,38MARBQ24AA3,CAP**2417AL*,26000,15800,,,10,15,No,7.62,,0.668,
1094000,MB,R3T,E,2023-11-01,2023,Single Detached,180.8,One storey,1964,B1,1,2.63,9846.0,9.846,16102.9,4473.1,82799.3,23000.0,4473.1,3581.1,0.0,0.0,0.0,207172941,Air,,8622.7,T,5.1,3.58,2.06,,,73.0,,,,Central split system,3.2,Condensing furnace,Natural Gas,,,Yes,DAIKIN,DZ17VSA181B*,CA*EA1818*4A*,17100,10800,,2.10,8.5,17.5,No,5.012,,0.509,
5226293,MB,R2V,E,2023-10-01,2023,Single Detached,310.1,Two storeys,1987,B1,1,1.9677,17083.0,17.083,41021.3,11394.9,125815.1,34948.9,11394.8,7515.6,0.0,0.0,0.0,212396767,Air,,19769.4,T,9.5,3.01,1.83,,,92.0,,,,Central split system,2.85,Condensing furnace,Natural Gas,,,Yes,,,,,,,,,,,,,,
5226318,MB,R2J,E,2023-11-01,2023,Single Detached,223.7,Two storeys,2001,B1,1,2.236,12287.2,12.287,22223.7,6173.3,93585.8,25996.3,6173.4,6584.5,0.0,0.0,0.0,210450179,Air,,11851.2,T,9.67,3.27,1.8,,,88.0,,,,Central split system,2.79,Condensing furnace,Natural Gas,Fireplace with pilot (sealed),Natural Gas,Yes,CARRIER,38MURAQ30AB3*,CAP**4321AL*,33400,23200,26200,1.86,9,14.5,No,9.789,7.678,0.797,0.625
639980,MB,R1N,E,2023-12-01,2023,Single Detached,130.8,One storey,1954,B1;B2,1,3.97,6912.8,6.913,14484.7,4023.6,80381.3,22328.3,4023.6,3114.2,0.0,0.0,0.0,212633392,Air,,7073.9,T,6.56,3.24,1.8,,,102.0,,,,Central split system,3.52,Condensing furnace,Natural Gas,,,Yes,GREE,FLEXX36HP230V1AO,CDP36K15P+TD,,14000,21200,1.80,8.5,15.2,No,,6.213,,0.899
5230119,MB,R0C,E,2023-12-01,2023,Single Detached,149.9,One storey,1978,B1,1,2.2649,9756.1,9.756,16399.3,4555.4,83354.0,23154.1,4555.3,3286.7,0.0,0.0,0.0,206188260,Air,,9125.4,T,7.91,3.43,1.8,,,92.0,,,,Central split system,4.26,Condensing furnace,Natural Gas,,,Yes,BRYANT,38MARBQ24AA3,40MBAAQ24XA3,27000,16500,,,11.6,20,No,7.913,,0.811,
5230523,MB,R2M,E,2023-11-01,2023,Single Detached,191.8,Two storeys,1965,B1,1,3.1996,11830.9,11.831,18418.4,5116.3,84748.3,23541.4,5116.2,5817.3,0.0,0.0,0.0,207098550,Air,,8787.2,T,7.62,3.48,1.95,,,70.0,,,,Central split system,3.36,Condensing furnace,Natural Gas,,,Yes,CARRIER,38MARBQ24AA3,CAP**2417AL*,26000,15800,,,10,15,No,7.62,,0.644,
5230788,MB,R2G,E,2023-11-01,2023,Single Detached,209.9,One storey,1960,B1;B2,1,2.4983,12057.0,12.057,11495.0,3193.1,99519.2,27644.4,3193.1,9666.5,0.0,0.0,0.0,210329986,Air,,8206.0,F,0.0,3.788,0.0,,,0.0,,,ESTAR,Central split system,3.222,Condensing furnace,Natural Gas,,,Yes,AIREASE,4SHP17LE130P-**A,EA(C;U)1P30A+TDR+TXV,28000,18400,14500,2.18,8,15.6,No,8.206,4.25,0.681,0.352
5231892,MB,R2N,E,2023-11-01,2023,Single Detached,321.0,Two storeys,2006,B1;B2,1,1.35,14173.5,14.174,40874.4,11354.1,125025.2,34729.5,11354.0,8466.2,0.0,0.0,0.0,211624974,Air,,11173.6,T,10.26,1.9,1.8,,,108.0,,,ESTAR,Central split system,1.75575,Condensing furnace,Natural Gas,Fireplace with pilot (unsealed),Natural Gas,Yes,NAPOLEON,WSEHV2436RA1-N,NPFX24A36A,35000,29000,28000,1.80,9,16,Yes,10.257,8.206,0.724,0.579
5231961,MB,R3J,E,2023-11-01,2023,Single Detached,189.5,One and a half,1954,B1,1,5.89,16260.8,16.261,22795.8,6332.2,108763.8,30212.4,6332.3,11621.8,0.0,0.0,0.0,207098550,Air,,8787.2,T,7.62,3.48,1.95,,,70.0,,,,Central split system,3.36,Condensing furnace,Natural Gas,,,Yes,CARRIER,38MARBQ24AA3,CAP**2417AL*,26000,15800,,,10,15,No,7.62,,0.469,
5232118,MB,R2G,E,2023-11-01,2023,Single Detached,224.0,One storey,1970,B1;B2,1,1.6885,11850.6,11.851,26585.6,7384.9,87276.3,24243.6,7385.1,3972.8,0.0,0.0,0.0,212427853,Air,,13837.3,T,7.33,3.36,1.82,,,86.0,,,,Central split system,2.93,Condensing furnace,Natural Gas,,,Yes,NAPOLEON,WSEHV2436RA1-N,"H,DE33(6,9)36",24000,15000,17500,1.80,8.5,17,No,7.034,5.129,0.594,0.433
784420,MB,R0A,E,2023-12-01,2023,Single Detached,313.8,One storey,1995,B1,1,1.45,9627.2,9.627,17743.4,4928.8,66590.4,18497.5,4928.7,1794.5,0.0,0.0,0.0,207312173,Ground,,14888.0,F,0.0,4.0,0.0,,,0.0,,,C448,Conventional A/C,5.66,Electric furnace,Electricity,Fireplace with pilot (sealed),Natural Gas,No,,,,,,,,,,,,,,
5232926,MB,R3R,E,2023-10-01,2023,Single Detached,308.3,Two storeys,1974,B1,1,1.829,23254.4,23.254,32755.7,9098.9,162088.5,45024.9,9099.0,19308.2,0.0,0.0,0.0,211225815,Air,,11648.1,T,11.58,3.4,1.9,,,89.0,,,ESTAR,Central split system,2.95,Condensing furnace,Natural Gas,,,Yes,CARRIER,38MURAQ36AB3*,CAP**4221AL*,39500,29400,35200,1.90,8.1,15.5,No,11.576,10.316,0.498,0.444
5233304,MB,R0A,E,2023-11-01,2023,Single Detached,279.2,One storey,2020,B1,1,1.1732,12466.1,12.466,24727.1,6868.7,84206.2,23390.8,6868.7,4368.1,0.0,0.0,0.0,212633393,Air,,10186.6,T,9.5,3.01,1.8,,,74.0,,,,Central split system,2.79,Condensing furnace,Natural Gas,Advanced airtight wood stove,Mixed Wood,Yes,,,,,,,,,,,,,,
5235946,MB,R2V,E,2023-11-01,2023,Single Detached,177.5,One storey,1992,B1;B2,1,1.5536,9842.3,9.842,19156.9,5321.4,87681.4,24356.1,5321.4,3439.5,0.0,0.0,0.0,212603041,Air,,10773.9,T,10.73,3.23,1.81,,,89.0,,,,Central split system,2.93,Condensing furnace,Natural Gas,,,Yes,NAPOLEON,WSEHV2436RA1-N,"H,DE37936",36000,25600,32800,1.80,8.5,17,No,10.551,9.613,1.072,0.977
5237915,MB,R2E,E,2023-10-01,2023,Single Detached,446.4,One storey,2005,B1,1,1.3117,12520.8,12.521,23391.6,6497.7,100602.3,27945.3,6497.8,8507.3,0.0,0.0,0.0,211713037,Air,,9746.4,T,9.67,3.49,1.84,,,78.0,,,,Central split system,2.88,Condensing furnace,Natural Gas,,,Yes,CARRIER,38MURAQ30AB3*,CAP**4321AL*,33000,23000,26000,1.84,8.1,15.2,No,9.671,7.62,0.772,0.609
278931,MB,R0E,E,2023-12-01,2023,Single Detached,188.0,One storey,1994,C1;F1,1,2.127,19408.3,19.408,73588.7,20441.5,122263.6,33962.4,20441.6,0.0,0.0,0.0,0.0,8908617,Air,,22967.7,T,14.07,3.23,2.02,,,75.0,,,,Mini-split ductless,2.95,Baseboard/Hydronic/Plenum(duct) htrs.,Electricity,Pellet Stove,Wood Pellets,Yes,FUJITSU,AOU45RLXFZ,,45000,28200,31400,1.88,9.2,20,No,13.188,9.202,0.68,0.474
5242531,MB,R1A,E,2023-11-01,2023,Single Detached,328.1,One storey,1962,B1;C1;C2;F1;F2,1,2.8375,17048.4,17.048,62816.7,17449.2,112628.5,31285.9,17449.3,0.0,0.0,0.0,0.0,211644151,Air,,10185.1,T,9.96,3.02,1.8,,,70.0,,,ESTAR,Central split system,2.79,Electric furnace,Electricity,Baseboard/Hydronic/Plenum(duct) htrs,Electricity,Yes,GREE,GUD36W/A-D(U),GCAT36*/NAA,36000,23200,26000,1.80,8.5,15.2,Yes,10.551,7.62,0.619,0.447
5243326,MB,R3G,E,2023-11-01,2023,Single Detached,163.8,One and a half,1940,B1;B2,1,4.61,10569.5,10.57,21759.7,6044.4,79806.6,22168.7,6044.5,3037.2,0.0,0.0,0.0,212404695,Air,,13837.3,T,7.33,3.36,1.82,,,86.0,,,,Central split system,2.93,Condensing furnace,Natural Gas,Advanced airtight wood stove,Mixed Wood,Yes,NAPOLEON,WSEHV2436RA1-N,"H,DE33(6,9)36",24000,15000,17500,1.80,8.5,17,No,7.034,5.129,0.665,0.485
5244428,MB,R6W,E,2023-11-01,2023,Single Detached,207.7,One storey,1988,B1,1,1.6673,8919.4,8.919,31780.1,8827.9,79408.8,22058.2,8827.8,0.0,0.0,0.0,0.0,212633393,Air,,10197.7,T,9.5,3.01,1.8,,,74.0,,,,Central split system,2.79,Electric furnace,Electricity,,,Yes,,,,,,,,,,,,,,
5245585,MB,R0E,E,2023-11-01,2023,Single Detached,362.5,One storey,1977,B1,1,3.7869,23584.7,23.585,46063.4,12795.5,201216.9,55894.0,12795.4,0.0,0.0,0.0,12795.4,207641335,Air,,10843.6,F,0.0,4.352,0.0,,,0.0,,,ESTAR,Mini-split ductless,4.1765,Advanced airtight wood stove,Mixed Wood,Advanced airtight wood stove,Mixed Wood,Yes,SENVILLE,SENA/36HF/MOQ,,37000,26800,25200,1.80,9.5,23.9,No,10.844,7.385,0.46,0.313
5247600,MB,R0E,E,2023-10-01,2023,Single Detached,219.9,One storey,1972,B1;B2,1,4.7894,16666.1,16.666,65076.2,18076.9,119177.4,33105.1,18076.8,1794.5,0.0,0.0,0.0,207657629,Air,,38190.9,T,5.28,3.1,1.82,,,103.0,,,ESTAR,Mini-split ductless,3.3,Baseboard/Hydronic/Plenum(duct) htrs.,Electricity,Other (describe),Natural Gas,Yes,SENVILLE,SENA/18HF/OQ,SENA/18HF/IQ,18000,15000,18000,1.80,11.3,21.5,Yes,5.275,5.275,0.317,0.317
5248527,MB,R2P,E,2023-12-01,2023,Single Detached,165.2,One storey,1977,B1;B2;B3;P1,1,2.6956,8385.0,8.385,19087.4,5302.1,77718.6,21588.7,5302.0,3462.0,0.0,0.0,0.0,211713197,Air,,9746.4,T,9.67,3.48,1.84,,,79.0,,,ESTAR,Central split system,2.88,Condensing furnace,Natural Gas,,,Yes,CARRIER,38MURAQ30AB3*,CAP**4321AL*,33000,23000,26200,1.84,8.1,15.2,No,9.671,7.678,1.153,0.916
5251724,MB,R7A,E,2023-11-01,2023,Single Detached,82.0,One storey,1999,C1;F1,1,7.4939,9363.2,9.363,25114.2,6976.2,71651.1,19903.2,6976.2,0.0,0.0,0.0,0.0,208447887,Air,,15747.3,T,7.03,3.27,1.8,,,100.0,,,ESTAR,Central split system,3.43,Electric furnace,Electricity,,,Yes,CARRIER,38MURAQ24AB3,40MUAAQ24XA3,24000,19200,22600,1.91,10,17.4,Yes,7.034,6.623,0.751,0.707
5251808,MB,R2M,D,2023-10-01,2023,Single Detached,303.7,Two storeys,1928,B1;B2;C1;F1,1,5.5,23261.1,23.261,107978.1,29994.2,248376.1,68993.9,29994.1,21878.0,0.0,0.0,4900.0,8952857,Air,,5275.3,F,0.0,4.653,0.0,,,0.0,,,ESTAR,Central split system,3.728,Condensing heater,Natural Gas,Advanced airtight wood stove,Mixed Wood,Yes,NAPOLEON,NH25-18F-O,NH25-18F-I,18000,10800,,,8.9,19.4,No,5.275,,0.227,
5252272,MB,R2V,E,2023-09-01,2023,Single Detached,232.7,Two storeys,2004,B1,1,2.0171,12397.9,12.398,22465.1,6240.4,90011.6,25003.4,6240.3,5063.1,0.0,0.0,0.0,210450189,Air,,11501.0,T,11.87,3.23,1.8,,,109.0,,,,Central split system,2.95,Condensing furnace,Natural Gas,,,Yes,CARRIER,38MURAQ36AB3*,CAP**3617AL*,39000,29600,35200,1.80,8.5,15.5,No,11.43,10.316,0.922,0.832
5252397,MB,R5A,E,2023-11-01,2023,Single Detached,184.3,One storey,1999,B1,1,2.07,8421.7,8.422,31358.0,8710.6,76536.9,21260.4,8710.6,0.0,0.0,0.0,0.0,212633393,Air,,10185.1,T,9.5,3.02,1.8,,,74.0,,,,Central split system,2.79,Electric furnace,Electricity,,,Yes,,,,,,,,,,,,,,
5256808,MB,R2E,E,2023-11-01,2023,Single Detached,347.2,One storey,2001,B1,1,1.4921,14028.4,14.028,17902.6,4973.0,109785.4,30496.2,4973.1,9594.5,0.0,0.0,0.0,212406525,Air,,7653.5,T,6.56,3.68,2.1,,,107.0,,,,Central split system,3.41,Condensing furnace,Natural Gas,,,Yes,TRANE,4TXD2036A10NU**,"H,TG34930+TD",24000,15800,21200,1.80,8.5,15.2,No,7.034,6.213,0.501,0.443
5262990,MB,R7A,E,2023-12-01,2023,Single Detached,167.5,Split entry/Raised base.,1983,B1;B2;C1;F1;P1,1,2.2502,9880.2,9.88,24820.9,6894.7,69885.6,19412.8,6894.8,0.0,0.0,0.0,0.0,8908616,Air,,10667.8,T,10.67,4.653,2.02,,,100.0,,,,Mini-split ductless,3.728,Baseboard/Hydronic/Plenum(duct) htrs.,Electricity,Fan heater units,Electricity,Yes,FUJITSU,AOU36RLXFZH,,36000,21400,36400,2.02,8.7,18,Yes,10.551,10.668,1.068,1.08
5265722,MB,R0A,E,2023-12-01,2023,Single Detached,450.6,Two storeys,2010,B1,1,2.206,16692.3,16.692,30799.0,8555.3,119226.2,33118.7,8555.3,10961.2,0.0,0.0,0.0,212633393,Air,,10183.0,T,9.5,2.98,1.8,,,74.0,,,,Central split system,2.79,Condensing furnace,Natural Gas,Fireplace with spark ignit. (sealed),Natural Gas,Yes,,,,,,,,,,,,,,
5269901,MB,R2J,E,2023-11-01,2023,Single Detached,201.5,One storey,1977,B1,1,2.7703,11881.7,11.882,23221.7,6450.5,100063.2,27795.6,6450.6,5673.9,0.0,0.0,0.0,212404693,Air,,13837.4,T,7.33,3.36,1.82,,,86.0,,,,Central split system,2.93,Condensing furnace,Natural Gas,Fireplace with pilot (sealed),Natural Gas,Yes,NAPOLEON,WSEHV2436RA1-N,"H,DE33(6,9)36",24000,15000,17500,1.80,8.5,17,No,7.034,5.129,0.592,0.432
5280215,MB,R3L,D,2023-11-01,2023,Single Detached,125.0,One storey,1926,B1;C1;F1,1,7.94,15071.8,15.072,11513.6,3198.2,137595.3,38221.2,3198.4,22017.4,0.0,0.0,0.0,8033584,Air,,6447.6,F,0.0,3.788,0.0,,,0.0,,,ESTAR,Mini-split ductless,3.9005,Boiler  with continuous pilot,Natural Gas,,,Yes,FUJITSU,AOU18RLXFZH,,18000,14200,22000,1.84,9.6,21.5,Yes,5.275,6.448,0.35,0.428
5286473,MB,R0E,D,2023-11-01,2023,Single Detached,227.3,One storey,1985,B1,1,0.9223,10414.9,10.415,25495.0,7082.0,79498.0,22083.0,7082.0,0.0,0.0,0.0,0.0,7492838,Water,,11136.7,F,0.0,2.134,0.0,,,0.0,,,,Conventional A/C,1.9501,Electric furnace,Electricity,,,No,,,,,,,,,,,,,,
5522483,MB,R3M,E,2025-10-01,2025,Single Detached,217.8,Two storeys,1911,B1;B2;C1;F1,1,1.66,14943.7,14.944,19713.0,5475.9,108059.0,30016.6,5475.9,11501.2,0.0,0.0,0.0,212427853,Air,Central split system,7000.0,T,7.33,3.36,1.82,6.7,17.0,86.0,0.0,0.0,,Central split system,2.93,Condensing furnace,Natural Gas,Advanced airtight wood stove,Mixed Wood,Yes,NAPOLEON,WSEHV2436RA1-N,"H,DE33(6,9)36",24000,15000,17500,1.80,8.5,17,No,7.034,5.129,0.471,0.343
1886893,MB,R5H,E,2024-02-01,2024,Single Detached,272.6,One storey,1965,B1;B2;P1,1,2.3757,17365.8,17.366,54955.1,15265.4,101154.1,28098.6,15265.4,0.0,0.0,0.0,0.0,202541850,Air,,10491.9,F,0.0,4.051,0.0,,,0.0,,,ESTAR,Central split system,3.498,Electric furnace,Electricity,Wood fireplace,Mixed Wood,Yes,GOODMAN,GSZC180361C*,AVPTC37C14B*,35800,22600,,,10,18,No,10.492,,0.604,
643370,MB,R3M,E,2024-02-01,2024,Single Detached,150.9,Two storeys,2008,B1,1,0.93,6303.0,6.303,24117.4,6699.3,58620.5,16283.6,6699.2,0.0,0.0,0.0,0.0,212614864,Air,,10653.1,T,6.74,3.38,2.0,,,70.0,,,ESTAR,Central split system,3.18,Electric furnace,Electricity,,,Yes,DAIKIN,DZ6VSA241EA*,DFVE36CP1400A*,23000,16000,16100,2.00,8.6,17,Yes,6.741,4.718,1.069,0.749
1897354,MB,R2R,E,2023-12-01,2023,Single Detached,210.7,One storey,1991,B1,1,1.6973,9204.6,9.205,10651.5,2958.8,97793.9,27165.2,2958.9,8454.2,0.0,0.0,0.0,212406525,Air,,7653.5,T,6.56,3.68,2.1,,,94.0,,,,Central split system,3.41,Condensing furnace,Natural Gas,,,Yes,TRANE,4TXD2036A10NU**,"H,TG34930+TD",24000,15800,21200,1.80,8.5,15.2,No,7.034,6.213,0.764,0.675
5303917,MB,R3C,E,2024-01-01,2024,Single Detached,217.6,Three storeys,1904,B1,1,3.64,12881.3,12.881,50432.5,14009.1,96269.9,26741.9,14009.0,0.0,0.0,0.0,0.0,201953308,Air,,6447.5,F,0.0,4.051,0.0,,,0.0,,,ESTAR,Central split system,3.958,Electric furnace,Electricity,,,Yes,LENNOX,XP25-024-230-**,CBA38MV-036-230*+TDR,22000,13600,,,10,22,No,6.448,,0.501,
334724,MB,R3T,E,2024-02-01,2024,Single Detached,152.3,Two storeys,1927,B1;C1;F1,1,5.06,13412.6,13.413,25427.4,7063.2,95398.8,26499.9,7063.1,7336.4,0.0,0.0,0.0,212361759,Air,,13065.1,T,7.33,3.35,1.95,,,80.0,,,,Central split system,3.2,Condensing furnace,Natural Gas,Fireplace with pilot (sealed),Natural Gas,Yes,MOOVAIR,DMA24HOS20230E7,CUB24HAC20BWT7A,25000,21000,20000,1.95,9.5,16.5,Yes,7.327,5.861,0.546,0.437
2137153,MB,R0H,N,2024-01-01,2024,Single Detached,627.1,Two storeys,2023,B1,1,1.12,18231.4,18.231,67087.2,18635.5,114206.3,31724.2,18635.4,0.0,0.0,0.0,0.0,201754495,Air,,61064.3,t,14.07,3.19,1.91,,,100.0,,,,Central split system,2.88,Electric furnace,Electricity,Wood fireplace,Mixed Wood,Yes,Mitsubishi Electric,PUZ-HA42NKA,PVA-A42AA*,48000,42000,,,11,15.3,No,14.067,,0.772,
2137153,MB,R0H,P,2024-01-01,2024,Single Detached,627.1,Two storeys,2023,B1,1,1.5,20536.4,20.536,74122.4,20589.7,121217.5,33671.8,20589.6,0.0,0.0,0.0,0.0,201754495,Air,,61064.2,t,14.07,3.19,1.91,,,100.0,,,,Central split system,2.88,Electric furnace,Electricity,Wood fireplace,Mixed Wood,Yes,Mitsubishi Electric,PUZ-HA42NKA,PVA-A42AA*,48000,42000,,,11,15.3,No,14.067,,0.685,
4331746,MB,R3M,E,2023-12-01,2023,Single Detached,246.6,Two storeys,1928,B1,1,4.6168,25645.9,25.646,89087.5,24746.7,146581.8,40717.5,24746.6,1794.5,0.0,0.0,0.0,5378527,Air,,28500.0,F,0.0,4.54,0.0,,,0.0,,,ESTAR,Mini-split ductless,3.843,Baseboard/Hydronic/Plenum(duct) htrs.,Electricity,Fireplace with pilot (sealed),Natural Gas,Yes,,,,,,,,,,,,,,
6349746,MB,R1C,E,2023-12-01,2023,Single Detached,280.7,Two storeys,1970,B1,1,1.763,16599.9,16.6,65661.8,18239.5,119380.1,33161.4,18239.6,1794.5,0.0,0.0,0.0,207641332,Air,,26038.7,T,8.21,3.48,2.11,,,68.0,,,ESTAR,Mini-split ductless,2.75,Baseboard/Hydronic/Plenum(duct) htrs.,Electricity,Fireplace with pilot (unsealed),Natural Gas,Yes,SENVILLE,SENA/30HF/MOQ,,28000,21000,19000,2.00,9.5,24.6,No,8.206,5.568,0.494,0.335
14936746,MB,R2N,E,2024-01-01,2024,Single Detached,192.5,One storey,1987,B1,1,3.2342,9721.7,9.722,24353.3,6764.9,95751.0,26597.7,6764.8,4944.2,0.0,0.0,0.0,212396763,Air,,19769.4,T,9.5,3.01,1.83,,,92.0,,,,Central split system,2.85,Condensing furnace,Natural Gas,Fireplace with pilot (unsealed),Natural Gas,Yes,TRANE,4TXD2036A10NU**,"H,TG34936+TD",36000,22000,24000,1.80,8.5,15.2,No,10.551,7.034,1.085,0.724
15160746,MB,R7A,E,2024-02-01,2024,Single Detached,162.1,One storey,1994,B1,1,2.3438,10863.2,10.863,7245.6,2012.7,102584.1,28495.8,2012.8,10943.1,0.0,0.0,0.0,210039641,Air,,5099.4,F,0.0,3.559,0.0,,,0.0,,,ESTAR,Central split system,3.3991,Condensing furnace,Natural Gas,Fireplace with spark ignit. (unsealed),Natural Gas,Yes,LENNOX,ML17XP1-018-230A**,CX35-24B+TDR,17400,11000,8400,2.08,8.1,16.4,No,5.099,2.462,0.469,0.227
753651,MB,R2W,E,2024-01-01,2024,Single Detached,169.6,Three storeys,1911,B1;B2,1,7.9269,30541.3,30.541,28675.9,7965.6,212246.7,58957.9,7965.6,36745.3,0.0,0.0,0.0,207098556,Air,,8719.7,T,7.56,3.55,2.0,,,70.0,,,,Central split system,3.36,Condensing furnace,Natural Gas,,,Yes,CARRIER,38MARBQ24AA3,CAP**2417AL*,25800,15700,,,10.5,15,No,7.561,,0.248,
9228746,MB,R4K,E,2023-12-01,2023,Single Detached,248.8,Two storeys,1939,B1,1,4.3654,15457.4,15.457,46093.1,12803.7,93727.0,26035.5,12803.7,0.0,0.0,0.0,0.0,207497902,Air,,19769.4,T,10.55,3.01,1.83,,,83.0,,,ESTAR,Central split system,2.85,Electric furnace,Electricity,,,Yes,ACD,FXD-ACD36,AH236,35000,29000,28000,1.80,9,16,Yes,10.257,8.206,0.664,0.531
12441746,MB,R2H,E,2023-11-01,2023,Single Detached,253.4,One storey,1943,B1;B2,1,2.5998,11865.3,11.865,23771.8,6603.3,89368.9,24824.9,6603.4,4951.2,0.0,0.0,0.0,211644151,Air,,10185.1,T,9.96,3.02,1.8,,,70.0,,,,Central split system,2.79,Condensing furnace,Natural Gas,Advanced airtight wood stove,Mixed Wood,Yes,GREE,GUD36W/A-D(U),GCAT36*/NAA,36000,23200,26000,1.80,8.5,15.2,Yes,10.551,7.62,0.889,0.642
5002185,MB,R3G,E,2024-01-01,2024,Single Detached,195.5,Three storeys,1909,B1,1,8.1671,24123.1,24.123,24518.8,6810.8,163139.2,45316.8,6810.9,23122.1,0.0,0.0,0.0,207098699,Air,,8584.3,T,7.44,3.63,2.0,,,70.0,,,,Central split system,3.36,Condensing furnace,Natural Gas,Wood fireplace,Mixed Wood,Yes,Bryant,38MARBQ24AA3,CAP**3017AL*,25400,15500,,,10.5,15.5,No,7.444,,0.309,
5008565,MB,R3N,E,2024-01-01,2024,Single Detached,225.6,Two storeys,1952,B1,1,3.7018,14106.5,14.106,17681.7,4911.6,99375.2,27604.4,4911.7,9766.2,0.0,0.0,0.0,207098560,Air,,7000.0,T,7.44,3.62,2.0,,,70.0,,,ESTAR,Central split system,3.36,Condensing furnace,Natural Gas,Fireplace with spark ignit. (sealed),Natural Gas,Yes,CARRIER,38MARBQ24AA3,CAP**3017AL*,25400,15500,,,10.5,15.5,No,7.444,,0.528,
5009112,MB,R3L,E,2023-12-01,2023,Single Detached,304.8,Two and a half,1912,B1;C1;F1,1,11.04,46309.3,46.309,53844.2,14956.8,300066.5,83352.5,14956.8,52875.1,0.0,0.0,0.0,209836199,Air,,21020.2,F,0.0,4.243,0.0,,,0.0,,,,Mini-split ductless,3.613,Boiler  with spark ignition,Natural Gas,Wood fireplace,Mixed Wood,Yes,Mitsubishi Electric,MXZ-3C30NA3***,,28600,17800,13400,2.51,9.3,19,No,8.382,3.927,0.181,0.085
5014286,MB,R3T,E,2024-02-01,2024,Single Detached,286.5,Two storeys,1989,B1,1,3.64,15022.8,15.023,51456.0,14293.4,97641.1,27122.7,14293.4,0.0,0.0,0.0,0.0,208141270,Air,,19769.4,T,10.55,3.01,1.83,,,83.0,,,ESTAR,Central split system,2.85,Electric furnace,Electricity,,,Yes,TRANE,4TXD2036A10NU**,4MXA2036A10NU**,35000,29000,28000,1.80,9,16,Yes,10.257,8.206,0.683,0.546
5014292,MB,R0C,E,2024-01-01,2024,Single Detached,263.7,One storey,1986,B1,1,3.49,14771.9,14.772,36096.9,10027.0,85060.9,23628.2,10027.0,0.0,0.0,0.0,0.0,205663366,Air,,12060.5,T,7.03,3.94,2.26,,,75.0,,,,Mini-split ductless,3.17,Baseboard/Hydronic/Plenum(duct) htrs.,Electricity,,,Yes,DAIKIN,3MXS24RMVJU*,,24000,15200,,,10.35,16,No,7.034,,0.476,
5016344,MB,R2E,E,2024-01-01,2024,Single Detached,235.0,One storey,1995,B1;B2,1,2.52,14288.6,14.289,21058.7,5849.7,103536.5,28760.4,5849.8,10148.1,0.0,0.0,0.0,211244669,Air,,7744.7,T,7.68,3.59,1.92,,,88.0,,,,Central split system,3.2,Condensing furnace,Natural Gas,,,Yes,KEEPRITE,DLCURAH24ABK,"EN(A,D)4X30L17**",26200,19100,23200,1.92,8.1,16.5,No,7.678,6.799,0.537,0.476
5021005,MB,R2W,E,2024-01-01,2024,Single Detached,195.9,One and a half,1907,B1,1,8.08,20037.4,20.037,21281.4,5911.5,140901.6,39139.6,5911.4,18780.7,0.0,0.0,0.0,212406525,Air,,7653.6,T,6.56,3.68,2.1,,,107.0,,,,Central split system,3.41,Condensing furnace,Natural Gas,,,Yes,TRANE,4TXD2036A10NU**,"H,TG34930+TD",24000,15800,21200,1.80,8.5,15.2,No,7.034,6.213,0.351,0.31
5029748,MB,R3G,E,2024-01-01,2024,Single Detached,183.6,Two storeys,1908,B1;B2,1,3.54,14354.6,14.355,41555.0,11543.1,89595.7,24887.9,11543.1,0.0,0.0,0.0,0.0,210299846,Air,,17488.4,T,7.62,4.14,1.9,,,100.0,,,,Central split system,2.79,Electric furnace,Electricity,,,Yes,,,,,,,,,,,,,,
5032709,MB,R0C,E,2024-01-01,2024,Single Detached,119.0,Two storeys,1914,C1;C2;F1;F2,1,5.87,10744.3,10.744,25682.8,7134.2,74597.4,20721.7,7134.2,0.0,0.0,0.0,0.0,207098442,Air,,8570.3,T,7.44,3.61,2.0,,,70.0,,,,Central split system,3.36,Electric furnace,Electricity,,,Yes,CARRIER,38MARBQ24AA3,FX4DNF025L,25400,15500,,,10.5,15.5,No,7.444,,0.693,
5037409,MB,R3T,E,2024-02-01,2024,Single Detached,237.9,Two storeys,2004,B1,1,1.06,10682.0,10.682,35300.8,9805.9,82837.7,23010.7,9805.9,0.0,0.0,0.0,0.0,208447884,Air,,17148.8,T,9.67,3.27,1.85,,,80.0,,,ESTAR,Central split system,2.88,Electric furnace,Electricity,,,Yes,CARRIER,38MURAQ30AB3,40MUAAQ30XA3,33000,21000,24000,1.80,8.9,16.2,Yes,9.671,7.034,0.905,0.658
5037821,MB,R1A,E,2024-01-01,2024,Single Detached,448.6,Two storeys,1985,B1,1,2.59,24108.3,24.108,91157.0,25321.6,139165.8,38657.5,25321.6,0.0,0.0,0.0,0.0,204436328,Air,,35742.7,T,10.55,3.23,1.97,,,74.0,,,ESTAR,Central split system,4.11,Electric furnace,Electricity,,,Yes,TEMPSTAR,,,,,,,,,,,,,
5043403,MB,R0K,E,2024-02-01,2024,Single Detached,242.7,One storey,1987,B1,1,1.14,9635.1,9.635,36713.7,10198.3,83759.0,23266.6,10198.4,0.0,0.0,0.0,0.0,210273923,Air,,10876.5,T,10.14,3.16,1.93,,,100.0,,,,Central split system,2.61,Electric furnace,Electricity,,,Yes,,,,,,,,,,,,,,
5045802,MB,R0E,E,2023-12-01,2023,Single Detached,206.7,One storey,1955,B1;C1;C2;F1;F2,1,2.0046,11558.1,11.558,38378.4,10660.8,85429.5,23730.6,10660.6,0.0,0.0,0.0,0.0,207641335,Air,,16803.7,T,10.84,3.11,1.83,,,68.0,,,ESTAR,Mini-split ductless,2.79,Electric furnace,Electricity,,,Yes,SENVILLE,SENA/36HF/MOQ,,37000,26800,25200,1.80,9.5,23.9,No,10.844,7.385,0.938,0.639
5046782,MB,R5R,E,2023-12-01,2023,Single Detached,461.2,One storey,1977,B1;B2;C1;F1,1,3.1097,20732.3,20.732,103651.7,28792.4,152289.7,42303.0,28792.5,0.0,0.0,0.0,0.0,211699898,Air,,13041.7,F,0.0,3.506,0.0,,,0.0,,,,Central split system,3.6705,Baseboard/Hydronic/Plenum(duct) htrs.,Electricity,Advanced airtight wood stove,Mixed Wood,Yes,AIREASE,4SHP22LX148P-**A,BCE7S60M*4X,44500,27200,23200,2.34,8.5,19.5,No,13.042,6.799,0.629,0.328
5069913,MB,R5K,E,2024-01-01,2024,Single Detached,238.2,Split entry/Raised base.,2008,B1;P1,1,1.22,9064.1,9.064,29294.3,8137.4,78169.1,21713.8,8137.3,0.0,0.0,0.0,0.0,211624974,Air,,11185.9,T,10.26,2.98,1.8,,,108.0,,,,Central split system,2.85,Electric furnace,Electricity,,,Yes,NAPOLEON,WSEHV2436RA1-N,NPFX24A36A,35000,29000,28000,1.80,9,16,Yes,10.257,8.206,1.132,0.905
5072100,MB,R1N,E,2024-01-01,2024,Single Detached,239.6,Two storeys,1978,B1,1,2.66,10046.9,10.047,23166.8,6435.3,96807.3,26891.1,6435.3,1794.5,0.0,6183.7,0.0,212987759,Air,,9876.8,T,9.79,3.51,1.84,,,79.0,,,,Central split system,2.88,Condensing furnace,Propane,Fireplace with pilot (sealed),Natural Gas,Yes,CARRIER,38MURAQ30AB3*,CAP**4321AL*,33400,23200,26400,1.84,8.1,15.2,No,9.789,7.737,0.974,0.77
5072918,MB,R3G,E,2024-02-01,2024,Single Detached,241.9,Three storeys,1914,B1;B2;C1;F1,1,5.5632,28768.9,28.769,54254.4,15070.8,237224.3,65896.2,15070.7,35271.1,0.0,0.0,0.0,210722666,Air,,16043.0,T,10.73,3.22,2.0,,,100.0,,,,Mini-split ductless,2.83,Boiler  with continuous pilot,Natural Gas,,,Yes,DAIKIN,4MXL36WVJU*,,36600,22400,36600,1.80,9,20,No,10.726,10.726,0.373,0.373
5074130,MB,R0E,E,2024-01-01,2024,Single Detached,173.6,Two storeys,2010,C1;F1,1,2.5525,12105.3,12.105,41741.7,11595.0,94126.6,26146.5,11595.1,0.0,0.0,0.0,0.0,207706560,Air,,16631.5,T,9.67,3.09,1.8,,,78.0,,,ESTAR,Central split system,2.77,Baseboard/Hydronic/Plenum(duct) htrs.,Electricity,Advanced airtight wood stove,Mixed Wood,Yes,MOOVAIR,DMA30HOS20230E7,FMA30HIAHUU230X7,33000,21000,24000,1.80,8.9,16.2,Yes,9.671,7.034,0.799,0.581
5080206,MB,R0M,E,2024-01-01,2024,Single Detached,515.8,Two storeys,2006,B1,1,0.9518,16458.0,16.458,37244.8,10345.9,82444.1,22901.3,10345.9,0.0,0.0,0.0,0.0,207337451,Ground,,15239.7,F,0.0,3.5,0.0,,,0.0,,,C448,Conventional A/C,4.81,Electric furnace,Electricity,,,No,,,,,,,,,,,,,,
5081485,MB,R3R,E,2024-02-01,2024,Single Detached,182.8,Split entry/Raised base.,1982,B1;P1,1,3.74,12485.6,12.486,25555.7,7098.9,96856.8,26904.9,7098.9,6705.6,0.0,0.0,0.0,212404693,Air,,13837.3,T,7.33,3.36,1.82,,,86.0,,,,Central split system,2.93,Condensing furnace,Natural Gas,Fireplace with pilot (unsealed),Natural Gas,Yes,NAPOLEON,WSEHV2436RA1-N,"H,DE33(6,9)36",24000,15000,17500,1.80,8.5,17,No,7.034,5.129,0.563,0.411
5096074,MB,R2G,E,2023-12-01,2023,Single Detached,438.8,Two storeys,1984,B1,1,2.4237,32113.5,32.114,72582.5,20162.0,221149.7,61431.0,20162.1,28706.3,0.0,0.0,1328.9,212384584,Air,,11648.1,T,11.58,3.4,1.9,,,89.0,,,,Central split system,3.11,Condensing furnace,Natural Gas,Other (describe),Electricity,Yes,KEEPRITE,DLCURAH36ABK,"EN(A,D,W)4X42L21**",39500,29600,35200,1.90,8,15.2,No,11.576,10.316,0.36,0.321
5295588,MB,R9A,E,2023-12-01,2023,Single Detached,201.4,One storey,1965,B1;P1,1,2.2625,11383.9,11.384,58274.2,16187.4,102911.0,28586.6,16187.4,0.0,0.0,0.0,0.0,208553288,Air,,11112.4,T,6.68,3.47,2.0,,,108.0,,,ESTAR,Central split system,3.88,Electric furnace,Electricity,,,Yes,RUUD,UP18AZ24AJVC,RHMVZ2421HEACA,24000,24200,24800,2.00,8.5,20,No,7.034,7.268,0.618,0.638
5096791,MB,R3L,E,2024-01-01,2024,Single Detached,104.3,One storey,1908,B1;C1;F1,1,13.6168,14015.9,14.016,16697.0,4638.1,110519.8,30700.2,4638.1,13687.1,0.0,0.0,0.0,212974627,Air,,5466.4,T,5.39,3.82,2.32,,,105.0,,,,Central split system,3.35,Furnace with spark ignition,Natural Gas,,,Yes,BRYANT HEATING AND COOLING SYSTEMS,38MURAQ18AB3*,CAP**2414AL*,18400,12400,19400,2.32,8.5,15.5,No,5.393,5.686,0.385,0.406
5107495,MB,R5H,E,2023-12-01,2023,Single Detached,233.9,One storey,1992,B1;B2;P1,1,1.8328,11738.9,11.739,58296.5,16193.6,104566.7,29046.5,16193.5,0.0,0.0,0.0,0.0,10574896,Air,,5246.0,F,0.0,3.72,0.0,,,0.0,,,,Mini-split ductless,3.383,Baseboard/Hydronic/Plenum(duct) htrs.,Electricity,Fireplace with spark ignit. (sealed),Propane,Yes,DAIKIN,RXB18AXVJU,FTXB18AXVJU,17900,10200,,,9,17,No,5.246,,0.447,
5107778,MB,R4H,E,2023-12-01,2023,Single Detached,347.2,One storey,2014,B1,1,0.664,13381.5,13.382,22163.2,6156.5,103216.0,28671.3,6156.4,9170.4,0.0,0.0,0.0,213153602,Air,,15057.4,T,9.5,3.31,1.8,,,72.0,,,,Central split system,3.41,Condensing furnace,Natural Gas,Fireplace with spark ignit. (sealed),Natural Gas,Yes,NAPOLEON,WSEHV2436RA1-N,HG34936,36000,21000,23600,1.80,8.5,15.2,No,10.551,6.916,0.788,0.517
5114416,MB,R1A,E,2024-01-01,2024,Single Detached,237.4,One storey,1981,B1;B2;P1,1,2.3806,12786.4,12.786,42907.4,11918.8,89801.5,24945.1,11918.7,0.0,0.0,0.0,0.0,208141270,Air,,19769.4,T,10.55,3.01,1.83,,,83.0,,,ESTAR,Central split system,2.85,Electric furnace,Electricity,,,Yes,TRANE,4TXD2036A10NU**,4MXA2036A10NU**,35000,29000,28000,1.80,9,16,Yes,10.257,8.206,0.802,0.642
5114426,MB,R3M,E,2023-12-01,2023,Single Detached,150.2,One storey,1955,B1,1,2.5343,10999.6,11.0,39513.6,10976.1,86685.1,24079.4,10976.2,0.0,0.0,0.0,0.0,211644151,Air,,10185.1,T,9.96,3.02,1.8,,,70.0,,,,Central split system,2.79,Electric furnace,Electricity,,,Yes,GREE,GUD36W/A-D(U),GCAT36*/NAA,36000,23200,26000,1.80,8.5,15.2,Yes,10.551,7.62,0.959,0.693
5115871,MB,R4K,E,2024-01-01,2024,Single Detached,269.8,One and a half,2002,B1,1,2.09,12323.5,12.324,39161.6,10878.3,90284.1,25079.1,10878.4,0.0,0.0,0.0,0.0,207599994,Air,,11097.1,T,6.68,3.74,2.04,,,72.0,,,,Central split system,2.76,Electric furnace,Electricity,Advanced airtight wood stove,Mixed Wood,Yes,DAIKIN,DZ17VSA301B*,DV35FECC14A*,22800,17600,,,10,18,No,6.682,,0.542,
5116631,MB,R1N,E,2023-12-01,2023,Single Detached,295.7,Two storeys,1898,B1,1,5.2415,16401.2,16.401,35550.3,9875.2,83845.4,23290.6,9875.1,0.0,0.0,0.0,0.0,5440546,Ground,,14038.1,F,0.0,3.7,0.0,,,0.0,,,C448,Conventional A/C,4.87,Electric furnace,Electricity,,,No,,,,,,,,,,,,,,
5117235,MB,R3J,E,2024-02-01,2024,Single Detached,184.1,Two storeys,1948,B1,1,4.68,15166.8,15.167,18937.9,5260.6,111194.4,30887.6,5260.6,12513.4,0.0,0.0,0.0,211241626,Air,,7744.7,T,7.68,3.59,1.92,,,89.0,,,,Central split system,3.21,Condensing furnace,Natural Gas,Fireplace with pilot (unsealed),Natural Gas,Yes,BRYANT HEATING AND COOLING SYSTEMS,38MURAQ24AB3*,CAP**3017AL*,26200,19100,23400,1.92,8.5,16.5,No,7.678,6.858,0.506,0.452
5117239,MB,R3N,E,2024-01-01,2024,Single Detached,195.1,Two storeys,1927,B1;B2;C1;F1,1,6.83,19016.4,19.016,15346.5,4263.0,151588.9,42108.4,4263.1,22286.0,0.0,0.0,0.0,206319651,Air,,12309.0,F,0.0,4.175,0.0,,,0.0,,,ESTAR,Mini-split ductless,3.3508,Induced draft fan boiler,Natural Gas,Baseboard/Hydronic/Plenum(duct) htrs,Electricity,Yes,TRANE,4TXM2336A15NU**,,42000,30000,31200,1.82,8.6,16,Yes,12.309,9.144,0.647,0.481
5119790,MB,R7B,E,2023-12-01,2023,Single Detached,200.9,One storey,1963,B1,1,3.0305,15994.2,15.994,31995.2,8887.6,119139.1,33094.5,8887.6,8786.7,0.0,0.0,0.0,212361759,Air,,13171.8,T,7.33,3.35,1.95,,,80.0,,,,Central split system,3.2,Condensing furnace,Natural Gas,,,Yes,MOOVAIR,DMA24HOS20230E7,CUB24HAC20BWT7A,25000,21000,20000,1.95,9.5,16.5,Yes,7.327,5.861,0.458,0.366
5126981,MB,R3X,E,2024-02-01,2024,Single Detached,453.3,Two storeys,2007,B1,1,1.79,19101.2,19.101,41209.1,11447.1,124054.9,34460.0,11447.0,7116.4,0.0,0.0,0.0,207436540,Air,,23747.6,T,12.9,3.22,1.93,,,83.0,,,ESTAR,Central split system,3.67,Condensing furnace,Natural Gas,Fireplace with spark ignit. (sealed),Natural Gas,Yes,LENNOX,SL25XPV-048-230A**,C35-60C+TDR+TXV,44000,42500,36200,1.92,9.5,20,No,12.895,10.609,0.675,0.555
5127667,MB,R3G,E,2024-01-01,2024,Single Detached,117.7,One and a half,1915,B1,1,16.8367,23770.6,23.771,37541.6,10428.3,151639.1,42122.3,10428.4,15789.8,0.0,0.0,0.0,212427854,Air,,13837.3,T,7.33,3.36,1.82,,,86.0,,,,Central split system,2.93,Condensing furnace,Natural Gas,Wood fireplace,Mixed Wood,Yes,NAPOLEON,WSEHV2436RA1-N,"H,DE33(6,9)36",24000,15000,17500,1.80,8.5,17,No,7.034,5.129,0.296,0.216
5155136,MB,R2H,E,2024-02-01,2024,Single Detached,215.2,Two storeys,1948,B1;B2;C1;F1,1,4.9,16738.6,16.739,80498.6,22360.9,128019.0,35561.1,22361.0,0.0,0.0,0.0,0.0,206905845,Air,,7033.7,F,0.0,4.273,0.0,,,0.0,,,ESTAR,Central split system,3.65095,Electric furnace,Electricity,Radiant floor panels,Electricity,Yes,ALLIED,4HP18V36P,BCE5V30M,23600,15900,15200,1.98,8.5,18.5,No,6.916,4.455,0.413,0.266
5130152,MB,R3R,E,2023-11-01,2023,Single Detached,349.0,Two storeys,1975,B1,1,3.3001,22504.5,22.504,87557.8,24321.8,132114.4,36698.7,24321.9,0.0,0.0,0.0,0.0,207436541,Air,,24508.4,T,13.48,3.37,2.01,,,81.0,,,,Central split system,3.88,Electric furnace,Electricity,,,Yes,LENNOX,SL25XPV-048-230A**,CBA38MV-048-230*+TDR,46000,45500,37000,1.98,9.8,21.8,No,13.481,10.844,0.599,0.482
5134044,MB,R5P,E,2024-01-01,2024,Single Detached,298.1,One storey,2013,B1,1,0.7315,9692.2,9.692,38080.5,10578.0,86923.5,24145.6,10578.1,0.0,0.0,0.0,0.0,212633393,Air,,10185.1,T,9.5,3.02,1.8,,,74.0,,,ESTAR,Central split system,2.79,Electric furnace,Electricity,Other (describe),Electricity,Yes,,,,,,,,,,,,,,
5350123,MB,R5K,E,2024-02-01,2024,Single Detached,209.5,One storey,1965,B1;B2;C1;F1,1,2.7859,15756.4,15.756,57468.1,15963.5,106360.6,29544.8,15963.5,0.0,0.0,0.0,0.0,211644151,Air,,10185.1,T,9.96,3.02,1.8,,,70.0,,,,Central split system,2.79,Electric furnace,Electricity,Wood fireplace,Mixed Wood,Yes,GREE,GUD36W/A-D(U),GCAT36*/NAA,36000,23200,26000,1.80,8.5,15.2,Yes,10.551,7.62,0.67,0.484
5141915,MB,R2K,E,2024-01-01,2024,Single Detached,280.6,One storey,2000,B1;P1,1,1.2503,11169.8,11.17,16791.0,4664.2,95481.5,26522.9,4664.2,8860.1,0.0,0.0,0.0,207098560,Air,,8584.3,T,7.44,3.62,2.0,,,70.0,,,,Central split system,3.36,Condensing furnace,Natural Gas,Fireplace with pilot (sealed),Natural Gas,Yes,CARRIER,38MARBQ24AA3,CAP**3017AL*,25400,15500,,,10.5,15.5,No,7.444,,0.666,
5141918,MB,R1A,E,2024-01-01,2024,Single Detached,163.6,One storey,1950,C1;F1,1,6.0705,22602.2,22.602,27146.9,7540.9,103804.1,28834.7,7540.9,5416.4,0.0,0.0,0.0,212427853,Air,,13837.4,T,7.33,3.36,1.82,,,86.0,,,,Central split system,2.93,Condensing furnace,Natural Gas,,,Yes,NAPOLEON,WSEHV2436RA1-N,"H,DE33(6,9)36",24000,15000,17500,1.80,8.5,17,No,7.034,5.129,0.311,0.227
5141922,MB,R3X,E,2023-11-01,2023,Single Detached,266.0,One storey,1997,B1,1,2.3022,13928.0,13.928,18533.6,5148.3,104698.9,29083.3,5148.4,9682.9,0.0,0.0,0.0,207098550,Air,,7000.0,T,7.62,3.48,1.95,,,70.0,,,ESTAR,Central single package system,3.36,Condensing furnace,Natural Gas,,,Yes,CARRIER,38MARBQ24AA3,CAP**2417AL*,26000,15800,,,10,15,No,7.62,,0.547,
5142158,MB,R0E,E,2024-02-01,2024,Single Detached,263.4,One storey,1981,C1;F1,1,3.843,20475.1,20.475,67159.8,18655.6,152598.7,42388.9,18655.7,0.0,0.0,0.0,8223.1,207335555,Air,,28710.9,T,15.83,3.04,1.8,,,81.0,,,,Central split system,2.98,Electric furnace,Electricity,Wood furnace,Mixed Wood,Yes,NAPOLEON,NS18HV48A60,NPFX48A60A,54000,44000,41000,1.80,9,16,No,15.826,12.016,0.773,0.587
5144486,MB,R0J,E,2023-12-01,2023,Single Detached,255.6,Two storeys,1979,B1,1,3.918,20634.6,20.635,72476.1,20132.4,124294.1,34526.4,20132.4,0.0,0.0,0.0,549.4,208447882,Air,,30911.6,T,14.65,3.24,1.85,,,92.0,,,ESTAR,Central split system,2.4,Electric furnace,Electricity,Adv. airtight wood stove + cat. conv.,Mixed Wood,Yes,CARRIER,38MURAQ48AB3,40MUAAQ48XA3,50000,36000,46000,1.90,9.4,15.6,Yes,14.654,13.481,0.71,0.653
5145147,MB,R2G,E,2023-12-01,2023,Single Detached,227.8,Two storeys,1962,B1;B2;B3,1,3.7942,13937.6,13.938,19086.4,5301.8,107413.2,29837.2,5301.7,11237.6,0.0,0.0,0.0,207202288,Air,,9268.7,T,5.51,4.05,2.0,,,72.0,,,,Central split system,3.53,Condensing furnace,Natural Gas,,,Yes,CARRIER,38MARBQ18AA3,CAP**2417AL*,18800,14700,,,11,17.5,No,5.51,,0.395,
5145152,MB,R2V,E,2023-12-01,2023,Single Detached,209.4,Two storeys,1994,B1,1,2.435,12510.6,12.511,21653.6,6014.9,91723.4,25478.9,6015.0,6836.4,0.0,0.0,0.0,207098550,Air,,8787.2,T,7.62,3.48,1.95,,,70.0,,,,Central split system,3.36,Condensing furnace,Natural Gas,,,Yes,CARRIER,38MARBQ24AA3,CAP**2417AL*,26000,15800,,,10,15,No,7.62,,0.609,
5146636,MB,R5N,E,2023-12-01,2023,Single Detached,275.5,One storey,1975,B1;B2;C1;F1,1,3.2974,15339.1,15.339,55455.8,15404.5,105062.6,29184.3,15404.6,0.0,0.0,0.0,0.0,213153602,Air,,15057.4,T,9.5,3.31,1.8,,,72.0,,,,Central split system,3.41,Electric furnace,Electricity,Advanced airtight wood stove,Mixed Wood,Yes,NAPOLEON,WSEHV2436RA1-N,HG34936,36000,21000,23600,1.80,8.5,15.2,No,10.551,6.916,0.688,0.451
5146641,MB,R2G,E,2024-02-01,2024,Single Detached,293.9,Split level,1975,B1;B2;B3,1,2.16,20517.5,20.518,38833.6,10787.2,129402.8,35945.5,10787.3,11757.6,0.0,0.0,0.0,213153602,Air,,15057.4,T,9.5,3.31,1.8,,,72.0,,,,Central split system,3.41,Condensing furnace,Natural Gas,Wood fireplace,Mixed Wood,Yes,NAPOLEON,WSEHV2436RA1-N,HG34936,36000,21000,23600,1.80,8.5,15.2,No,10.551,6.916,0.514,0.337
5151822,MB,R3G,E,2024-02-01,2024,Single Detached,164.0,One storey,1924,B1;B2,1,3.69,11025.2,11.025,20271.5,5631.0,89375.3,24826.7,5630.9,4278.9,0.0,0.0,0.0,212614890,Air,,10618.8,T,6.74,3.21,2.0,,,70.0,,,,Central split system,3.18,Condensing furnace,Natural Gas,Other (describe),Electricity,Yes,DAIKIN,DZ6VSA241EA*,CA*EA2422*4A*,23000,16000,16100,2.00,8.6,17,Yes,6.741,4.718,0.611,0.428
5161124,MB,R3J,E,2024-01-01,2024,Single Detached,310.7,Two storeys,1918,B1;C1;F1,1,4.57,20735.6,20.736,35316.4,9810.2,119335.3,33149.0,9810.1,10549.8,0.0,0.0,0.0,208553291,Air,,16638.4,T,9.38,3.64,2.1,,,126.0,,,,Central split system,3.92,Condensing furnace,Natural Gas,Baseboard/Hydronic/Plenum(duct) htrs,Electricity,Yes,RUUD,UP18AZ36AJVC,RHMVZ6021SEACA,36000,38000,40500,2.10,8.5,20,Yes,10.551,11.869,0.509,0.572
5162008,MB,R3K,E,2023-08-01,2023,Single Detached,335.5,Two storeys,1975,B1,1,2.6392,19985.0,19.985,53266.9,14796.5,127741.9,35484.1,14796.5,7434.8,0.0,0.0,0.0,208141271,Air,,27924.1,T,14.07,3.07,1.82,,,89.0,,,ESTAR,Central split system,3.04,Condensing furnace,Natural Gas,Wood fireplace,Mixed Wood,Yes,TRANE,4TXD2060A10NU**,4MXA2048A10NU**,48000,39500,39000,1.80,9,17,Yes,14.067,11.43,0.704,0.572
5165674,MB,R0C,E,2024-01-01,2024,Single Detached,179.2,One storey,1978,C1;C2;F1,1,4.19,12126.0,12.126,43884.2,12190.2,95620.7,26561.5,12190.1,555.0,0.0,0.0,0.0,206348137,Air,,11164.5,T,5.28,4.63,1.8,,,95.0,,,ESTAR,Mini-split ductless,3.43,Baseboard/Hydronic/Plenum(duct) htrs.,Electricity,Fireplace with spark ignit. (sealed),Natural Gas,Yes,CARRIER,38MARBQ18AA3,40MAHBQ18XA3,18000,15000,18000,1.80,11.3,21.5,Yes,5.275,5.275,0.435,0.435
5166176,MB,R0H,E,2023-12-01,2023,Single Detached,370.6,One storey,2019,B1,1,0.7146,10429.9,10.43,29491.7,8192.2,76187.6,21163.4,8192.3,0.0,0.0,0.0,0.0,207599994,Air,,11097.1,T,6.68,3.74,2.04,,,72.0,,,,Central split system,2.76,Electric furnace,Electricity,,,Yes,DAIKIN,DZ17VSA301B*,DV35FECC14A*,22800,17600,,,10,18,No,6.682,,0.641,
5167029,MB,R2G,E,2024-01-01,2024,Single Detached,255.3,One storey,1988,B1,1,1.1592,9164.5,9.164,19990.2,5552.9,86467.1,24018.8,5552.8,5510.3,0.0,0.0,0.0,211644150,Air,,7182.6,T,7.03,3.08,1.81,,,90.0,,,,Central split system,3.19,Condensing furnace,Natural Gas,,,Yes,GREE,GUD36W/A-D(U),GCAT24*/NAA,24000,19600,21600,1.80,8.5,15.2,Yes,7.034,6.33,0.767,0.691
5167998,MB,R1N,E,2023-12-01,2023,Single Detached,128.1,One storey,1956,B1;B2,1,7.6,10354.2,10.354,21524.1,5979.0,111580.2,30994.7,5978.9,10319.8,0.0,0.0,0.0,207642900,Air,,9652.9,T,7.33,3.55,1.75,,,92.0,,,ESTAR,Mini-split ductless,3.84,Furnace with continuous pilot,Natural Gas,,,Yes,BRYANT,38MGHBQ24CA3,,25000,20400,18500,1.90,10,24.6,Yes,7.327,5.422,0.708,0.524
5169050,MB,R7C,E,2024-02-01,2024,Single Detached,98.0,One storey,1998,C1;F1,1,5.32,9351.2,9.351,24319.2,6755.4,70047.6,19457.8,6755.3,0.0,0.0,0.0,0.0,206143960,Air,,13015.9,T,7.91,3.03,1.8,,,73.0,,,,Central split system,3.83,Electric furnace,Electricity,,,Yes,Ruud,RP1724HJVXA,RHMV2421MNAC,27000,18700,,,10.7,19,No,7.913,,0.846,
5171935,MB,R3X,E,2023-12-01,2023,Single Detached,271.3,One storey,2005,B1,1,1.8967,11690.2,11.69,19604.0,5445.6,88279.5,24522.3,5445.6,6470.1,0.0,0.0,0.0,207098550,Air,,8787.2,T,7.62,3.48,1.95,,,70.0,,,,Central split system,3.36,Condensing furnace,Natural Gas,,,Yes,CARRIER,38MARBQ24AA3,CAP**2417AL*,26000,15800,,,10,15,No,7.62,,0.652,
5174337,MB,R2M,E,2024-01-01,2024,Single Detached,174.6,One storey,1932,B1,1,10.4,16270.0,16.27,29314.7,8143.0,117180.8,32550.5,8143.1,8808.1,0.0,0.0,0.0,212427853,Air,,13837.4,T,7.33,3.36,1.82,,,86.0,,,,Central split system,2.93,Condensing furnace,Natural Gas,Fireplace with pilot (sealed),Natural Gas,Yes,NAPOLEON,WSEHV2436RA1-N,"H,DE33(6,9)36",24000,15000,17500,1.80,8.5,17,No,7.034,5.129,0.432,0.315
5175839,MB,R1N,E,2023-11-01,2023,Single Detached,156.0,Two storeys,1978,B1,1,4.5029,8956.5,8.956,16816.7,4671.3,79668.4,22130.3,4671.4,5210.9,0.0,0.0,0.0,211240616,Air,,7934.6,T,7.85,3.72,2.02,,,91.0,,,ESTAR,Central split system,3.2,Condensing furnace,Natural Gas,,,Yes,BRYANT HEATING AND COOLING SYSTEMS,38MURAQ24AB3*,CAP**2417AL*,26800,19400,24400,2.02,8.5,16,No,7.854,7.151,0.877,0.798
5181646,MB,R3G,E,2023-10-01,2023,Single Detached,180.0,Two storeys,1946,B1,1,7.3923,17160.8,17.161,14418.0,4005.0,126726.0,35201.9,4005.0,15887.6,0.0,0.0,0.0,212986997,Air,,5404.5,T,5.33,3.83,2.34,,,106.0,,,ESTAR,Central split system,3.35,Condensing furnace,Natural Gas,,,Yes,CARRIER,38MURAQ18AB3*,CAP**2417AL*,18200,12300,19400,2.34,8.5,16,No,5.334,5.686,0.311,0.331
5181699,MB,R0G,E,2023-11-01,2023,Single Detached,278.0,One storey,1966,B1;C1;F1,1,2.4175,11516.4,11.516,46666.8,12963.1,108020.8,30006.0,12963.2,3589.2,0.0,0.0,0.0,208447884,Air,,17296.2,T,9.67,3.26,1.85,,,80.0,,,ESTAR,Central split system,2.88,Electric furnace,Electricity,Other (describe),Electricity,Yes,CARRIER,38MURAQ30AB3,40MUAAQ30XA3,33000,21000,24000,1.80,8.9,16.2,Yes,9.671,7.034,0.84,0.611
5183343,MB,R2K,E,2023-08-01,2023,Single Detached,188.5,One storey,1962,B1,1,2.6102,12004.8,12.005,21064.2,5851.2,88408.1,24558.0,5851.2,5813.9,0.0,0.0,0.0,210450179,Air,,9864.2,T,9.67,3.45,1.8,,,88.0,,,,Central split system,2.88,Condensing furnace,Natural Gas,,,Yes,CARRIER,38MURAQ30AB3*,CAP**4321AL*,33400,23200,26200,1.86,9,14.5,No,9.789,7.678,0.815,0.64
5183363,MB,R2N,E,2023-12-01,2023,Single Detached,195.2,One storey,1985,B1;B2,1,3.3658,17418.2,17.418,32712.4,9086.9,116030.2,32230.9,9086.7,10497.3,0.0,0.0,0.0,212427853,Air,,13837.3,T,7.33,3.36,1.82,,,86.0,,,,Central split system,2.93,Condensing furnace,Natural Gas,,,Yes,NAPOLEON,WSEHV2436RA1-N,"H,DE33(6,9)36",24000,15000,17500,1.80,8.5,17,No,7.034,5.129,0.404,0.294
5183386,MB,R2J,E,2024-01-01,2024,Single Detached,156.5,Two storeys,1967,B1;C1;F1,1,2.5847,17098.5,17.098,36674.6,10187.5,122361.9,33989.7,10187.6,7108.1,0.0,0.0,0.0,210450179,Air,,9864.2,T,9.67,2.077,1.8,,,88.0,,,,Central split system,1.7592,Condensing furnace,Natural Gas,,,Yes,CARRIER,38MURAQ30AB3*,CAP**4321AL*,33400,23200,26200,1.86,9,14.5,No,9.789,7.678,0.572,0.449
5188559,MB,R2C,E,2024-02-01,2024,Single Detached,271.4,One storey,1985,B1,1,1.5476,10249.5,10.25,15915.7,4421.1,83192.3,23109.2,4421.1,6162.3,0.0,0.0,0.0,212406525,Air,,7653.6,T,6.56,3.68,2.1,,,107.0,,,,Central split system,3.41,Condensing furnace,Natural Gas,Fireplace with pilot (sealed),Natural Gas,Yes,TRANE,4TXD2036A10NU**,"H,TG34930+TD",24000,15800,21200,1.80,8.5,15.2,No,7.034,6.213,0.686,0.606
5192144,MB,R2X,E,2024-02-01,2024,Single Detached,77.1,One storey,1952,,1,4.6406,8546.8,8.547,12554.0,3487.3,67025.1,18618.2,3487.3,2573.6,0.0,0.0,0.0,207202288,Air,,9268.7,T,5.51,4.05,2.0,,,72.0,,,,Central split system,3.53,Condensing furnace,Natural Gas,,,Yes,CARRIER,38MARBQ18AA3,CAP**2417AL*,18800,14700,,,11,17.5,No,5.51,,0.645,
5192415,MB,R1N,E,2023-12-01,2023,Single Detached,316.2,One storey,1976,B1;B2;B3,1,1.02,7117.4,7.117,25963.4,7212.1,74069.6,20575.1,7212.0,0.0,0.0,0.0,0.0,208447882,Air,,29358.4,T,14.65,3.27,1.85,,,92.0,,,ESTAR,Central split system,2.4,Electric furnace,Electricity,,,Yes,CARRIER,38MURAQ48AB3,40MUAAQ48XA3,50000,36000,46000,1.90,9.4,15.6,Yes,14.654,13.481,2.059,1.894
5193674,MB,R1N,E,2023-11-01,2023,Single Detached,175.0,One storey,1972,B1,1,1.6462,8193.8,8.194,17819.6,4949.9,74459.9,20683.5,4950.0,3342.0,0.0,0.0,0.0,211240288,Air,,7934.6,T,7.85,3.71,2.04,,,92.0,,,ESTAR,Central split system,3.04,Condensing furnace,Natural Gas,,,Yes,BRYANT HEATING AND COOLING SYSTEMS,38MURAQ24AB3*,CAP**2414AL*,26800,19400,24800,2.04,8.5,15.5,No,7.854,7.268,0.959,0.887
5196473,MB,R7A,E,2024-02-01,2024,Single Detached,219.9,Two storeys,1998,,1,3.5536,27780.8,27.781,21943.0,6095.3,195400.3,54278.3,6095.3,34230.3,0.0,0.0,0.0,212404693,Air,,14099.1,T,7.33,3.33,1.82,,,86.0,,,,Central split system,2.93,Condensing furnace,Natural Gas,Fireplace with pilot (sealed),Natural Gas,Yes,NAPOLEON,WSEHV2436RA1-N,"H,DE33(6,9)36",24000,15000,17500,1.80,8.5,17,No,7.034,5.129,0.253,0.185
5196890,MB,R2N,E,2023-12-01,2023,Single Detached,185.6,One storey,1983,B1,1,1.6933,10420.8,10.421,17898.0,4971.7,89377.3,24827.2,4971.7,4601.1,0.0,0.0,0.0,207098550,Air,,8787.2,T,7.62,3.48,1.95,,,70.0,,,,Central split system,3.36,Condensing furnace,Natural Gas,,,Yes,CARRIER,38MARBQ24AA3,CAP**2417AL*,26000,15800,,,10,15,No,7.62,,0.731,
5203991,MB,R0G,E,2024-01-01,2024,Single Detached,294.2,Two storeys,1917,B1,1,13.4,30508.1,30.508,63430.1,17619.6,108387.2,30107.8,17619.6,0.0,0.0,0.0,0.0,207312017,Ground,,13660.0,F,0.0,3.8,0.0,,,0.0,,,C448,Conventional A/C,4.75,Electric furnace,Electricity,,,No,,,,,,,,,,,,,,
5204247,MB,R2M,E,2024-01-01,2024,Single Detached,93.8,One storey,1960,C1;F1,1,6.9215,11869.9,11.87,18515.2,5143.2,94644.6,26290.4,5143.1,5079.5,0.0,0.0,0.0,211644150,Air,,7182.6,T,7.03,3.08,1.81,,,90.0,,,,Central split system,3.19,Induced draft fan furnace,Natural Gas,,,Yes,GREE,GUD36W/A-D(U),GCAT24*/NAA,24000,19600,21600,1.80,8.5,15.2,Yes,7.034,6.33,0.593,0.533
5204794,MB,R2N,E,2024-01-01,2024,Single Detached,241.1,Two storeys,1988,B1;B2;B3,1,1.39,9026.0,9.026,21424.1,5951.2,83502.7,23195.4,5951.2,2581.7,0.0,0.0,0.0,207436476,Air,,18219.9,T,10.49,3.0,1.81,,,78.0,,,,Central split system,4.06,Condensing furnace,Natural Gas,,,Yes,LENNOX,SL25XPV-036-230A**,CX35-48B+TDR,35800,33400,27800,1.80,8.8,21.6,No,10.492,8.147,1.162,0.903
5212573,MB,R2E,E,2024-01-01,2024,Single Detached,321.0,Two storeys,1950,B1;C1;F1,1,2.9413,20933.2,20.933,33916.9,9421.4,121302.9,33695.5,9421.5,10462.3,0.0,0.0,0.0,213153598,Air,,15057.4,T,9.5,3.31,1.8,,,72.0,,,,Central split system,3.41,Condensing furnace,Natural Gas,,,Yes,CONTINENTAL,WSEHV2436RA1-C,HG34936,36000,21000,23600,1.80,8.5,15.2,No,10.551,6.916,0.504,0.33
5214345,MB,R2C,E,2023-12-01,2023,Single Detached,167.9,One storey,1981,B1,1,2.6389,9850.6,9.851,10689.8,2969.4,79776.7,22160.4,2969.5,6273.9,0.0,0.0,0.0,207202288,Air,,9268.7,T,5.51,4.05,2.0,,,72.0,,,,Central split system,3.53,Condensing furnace,Natural Gas,,,Yes,CARRIER,38MARBQ18AA3,CAP**2417AL*,18800,14700,,,11,17.5,No,5.51,,0.559,
5219348,MB,R2E,E,2024-01-01,2024,Single Detached,334.7,One storey,2010,C1;F1,1,2.0143,14013.0,14.013,26904.0,7473.4,99636.7,27677.1,7473.4,5970.6,0.0,0.0,0.0,206788597,Air,,18795.2,T,10.55,3.39,1.97,,,79.0,,,ESTAR,Central split system,3.47,Condensing furnace,Natural Gas,Fireplace with pilot (sealed),Natural Gas,Yes,CARRIER,25VNA436A*031*,CAP**4221AL*+UI,32800,32000,,,10.5,20.25,No,9.613,,0.686,
5221344,MB,R6W,E,2024-01-01,2024,Single Detached,218.5,One storey,1995,B1,1,1.52,10370.0,10.37,29828.2,8285.7,101116.5,28088.1,8285.6,4465.9,0.0,0.0,0.0,211240616,Air,,7925.5,T,7.85,1.7,2.02,,,91.0,,,,Central split system,3.2,Condensing furnace,Natural Gas,Fireplace with pilot (sealed),Natural Gas,Yes,BRYANT HEATING AND COOLING SYSTEMS,38MURAQ24AB3*,CAP**2417AL*,26800,19400,24400,2.02,8.5,16,No,7.854,7.151,0.757,0.69
5224578,MB,R3T,E,2023-10-01,2023,Single Detached,193.4,Two storeys,1974,B1,1,2.8473,15981.0,15.981,18983.0,5273.1,117810.2,32725.3,5273.1,12328.7,0.0,0.0,0.0,212406525,Air,,7653.6,T,6.56,3.68,2.1,,,107.0,,,,Central split system,3.41,Condensing furnace,Natural Gas,,,Yes,TRANE,4TXD2036A10NU**,"H,TG34930+TD",24000,15800,21200,1.80,8.5,15.2,No,7.034,6.213,0.44,0.389
5225077,MB,R2K,E,2023-11-01,2023,Single Detached,208.0,One storey,1955,B1,1,2.259,10496.0,10.496,15819.0,4394.2,81980.8,22772.6,4394.2,5350.3,0.0,0.0,0.0,211240038,Air,,7865.4,T,7.8,3.68,1.96,,,89.0,,,ESTAR,Central split system,3.2,Condensing furnace,Natural Gas,,,Yes,CARRIER,38MURAQ24AB3*,CNPV*2417AL*,26600,19400,23800,1.96,8.5,16,No,7.796,6.975,0.743,0.665
5225518,MB,R1A,E,2023-12-01,2023,Single Detached,321.3,Two storeys,2010,B1,1,1.2693,17398.9,17.399,30524.0,8479.0,137626.1,38229.8,8479.0,14828.7,0.0,0.0,0.0,212406530,Air,,27924.1,T,13.48,3.07,1.82,,,93.0,,,ESTAR,Central split system,3.04,Condensing furnace,Natural Gas,Fireplace with pilot (unsealed),Natural Gas,Yes,,,,,,,,,,,,,,
5225521,MB,R3R,E,2023-12-01,2023,Single Detached,157.5,One storey,1968,B1;C1;F1,1,3.9814,13181.6,13.182,19993.2,5553.7,87741.9,24372.9,5553.7,5839.2,0.0,0.0,0.0,207098550,Air,,8787.2,T,7.62,3.48,1.95,,,70.0,,,,Central split system,3.36,Condensing furnace,Natural Gas,,,Yes,CARRIER,38MARBQ24AA3,CAP**2417AL*,26000,15800,,,10,15,No,7.62,,0.578,
5225557,MB,R1C,E,2024-01-01,2024,Single Detached,273.0,One storey,1982,B1,1,3.2342,17229.3,17.229,60489.4,16802.7,109363.3,30378.9,16802.6,0.0,0.0,0.0,0.0,208447883,Air,,23931.8,T,11.72,3.38,1.9,,,88.0,,,ESTAR,Central split system,2.87,Electric furnace,Electricity,,,Yes,CARRIER,38MURAQ36AB3,40MUAAQ36XA3,40000,30400,34400,1.97,9.5,16,Yes,11.723,10.082,0.68,0.585
5226056,MB,R3Y,E,2023-12-01,2023,Single Detached,243.4,One storey,1987,B1,1,3.4529,14692.1,14.692,20972.3,5825.7,103075.6,28632.3,5825.6,9958.4,0.0,0.0,0.0,207098699,Air,,8584.3,T,7.44,3.63,2.0,,,70.0,,,ESTAR,Central split system,3.36,Condensing furnace,Natural Gas,Wood fireplace,Mixed Wood,Yes,Bryant,38MARBQ24AA3,CAP**3017AL*,25400,15500,,,10.5,15.5,No,7.444,,0.507,
5226262,MB,R1N,E,2023-12-01,2023,Single Detached,209.3,One storey,2008,B1,1,1.264,8167.5,8.168,31709.8,8808.3,80283.4,22301.1,8808.4,0.0,0.0,0.0,0.0,208447884,Air,,16926.9,T,9.67,3.27,1.85,,,80.0,,,ESTAR,Central split system,2.88,Electric furnace,Electricity,,,Yes,CARRIER,38MURAQ30AB3,40MUAAQ30XA3,33000,21000,24000,1.80,8.9,16.2,Yes,9.671,7.034,1.184,0.861
5226269,MB,R1N,E,2023-12-01,2023,Single Detached,129.0,One storey,1960,B1,1,3.9055,7795.3,7.795,13513.5,3753.8,84521.7,23478.4,3753.9,4294.5,0.0,0.0,0.0,212986857,Air,,7993.5,T,7.91,3.88,2.22,,,97.0,,,,Central split system,3.2,Induced draft fan furnace,Natural Gas,,,Yes,CARRIER,38MURAQ24AB3*,CAP**2414AL*,27000,19400,26400,2.22,8.5,16.5,No,7.913,7.737,1.015,0.993
5226448,MB,R2P,E,2023-12-01,2023,Single Detached,225.3,One storey,1976,B1,1,3.5571,14437.6,14.438,26677.2,7410.4,113471.6,31520.1,7410.3,8512.0,0.0,0.0,0.0,211644151,Air,,10185.1,T,9.96,3.02,1.8,,,70.0,,,ESTAR,Central split system,2.79,Condensing furnace,Natural Gas,Wood fireplace,Mixed Wood,Yes,GREE,GUD36W/A-D(U),GCAT36*/NAA,36000,23200,26000,1.80,8.5,15.2,Yes,10.551,7.62,0.731,0.528
5226611,MB,R1N,E,2023-11-01,2023,Single Detached,316.0,One storey,1982,B1;C1;F1,1,2.1149,10789.5,10.79,46829.2,13008.2,96551.0,26819.9,13008.2,0.0,0.0,0.0,0.0,208447884,Air,,16926.9,T,9.67,3.27,1.85,,,80.0,,,ESTAR,Central split system,2.88,Electric furnace,Electricity,,,Yes,CARRIER,38MURAQ30AB3,40MUAAQ30XA3,33000,21000,24000,1.80,8.9,16.2,Yes,9.671,7.034,0.896,0.652
5228984,MB,R4G,E,2024-01-01,2024,Single Detached,278.7,One storey,1994,B1;C1;F1,1,1.42,12586.9,12.587,36888.1,10246.8,89010.4,24725.3,10246.7,1794.5,0.0,0.0,0.0,212928695,Air,,10067.3,T,10.02,4.19,2.0,,,84.0,,,ESTAR,Central split system,2.96,Electric furnace,Electricity,Fireplace with pilot (unsealed),Natural Gas,Yes,DAIKIN,DZ6VSA361EA*,DFVE42CP1400A*,34200,23000,29000,2.00,8.6,17.5,Yes,10.023,8.499,0.796,0.675
5230479,MB,R3K,E,2024-01-01,2024,Single Detached,162.8,One storey,1961,B1,1,2.7239,10696.2,10.696,17574.8,4881.9,81823.9,22729.0,4882.0,5143.4,0.0,0.0,0.0,207098547,Air,,8787.2,T,7.44,3.63,2.0,,,71.0,,,,Central split system,3.36,Condensing furnace,Natural Gas,,,Yes,CARRIER,38MARBQ24AA3,CAP**3014AL*,25400,15600,,,10.5,15,No,7.444,,0.696,
5230547,MB,R1A,E,2024-01-01,2024,Single Detached,204.6,One storey,2003,B1,1,1.2358,8806.0,8.806,16509.3,4586.0,80875.5,22465.6,4585.9,5047.5,0.0,0.0,0.0,212633392,Air,,7064.8,T,6.56,3.23,1.8,,,102.0,,,,Central split system,3.53,Condensing furnace,Natural Gas,,,Yes,GREE,FLEXX36HP230V1AO,CDP36K15P+TD,,14000,21200,1.80,8.5,15.2,No,,6.213,,0.706
5232450,MB,R3L,E,2024-01-01,2024,Single Detached,200.8,Two and a half,1907,B1;C1;F1,1,5.43,20018.1,20.018,42442.9,11789.8,131269.6,36464.1,11789.8,12000.7,0.0,0.0,0.0,212427853,Air,,13837.4,T,7.33,3.36,1.82,,,86.0,,,,Central split system,2.93,Condensing furnace,Natural Gas,Advanced airtight wood stove,Mixed Wood,Yes,NAPOLEON,WSEHV2436RA1-N,"H,DE33(6,9)36",24000,15000,17500,1.80,8.5,17,No,7.034,5.129,0.351,0.256
5232906,MB,R3M,E,2023-12-01,2023,Single Detached,114.6,One storey,1932,B1,1,4.0942,7106.9,7.107,15501.8,4306.1,69765.7,19379.5,4306.1,2345.6,0.0,0.0,0.0,212404693,Air,,13837.3,T,7.33,3.36,1.82,,,86.0,,,ESTAR,Central split system,2.93,Condensing furnace,Natural Gas,Baseboard/Hydronic/Plenum(duct) htrs,Electricity,Yes,NAPOLEON,WSEHV2436RA1-N,"H,DE33(6,9)36",24000,15000,17500,1.80,8.5,17,No,7.034,5.129,0.99,0.722
5235667,MB,R2M,E,2024-01-01,2024,Single Detached,197.1,One storey,1964,B1;B2,1,3.7739,15246.5,15.246,33393.2,9276.0,109033.2,30287.2,9275.9,8333.1,0.0,0.0,0.0,212427853,Air,,13837.3,T,7.33,3.36,1.82,,,86.0,,,,Central split system,2.93,Condensing furnace,Natural Gas,Fireplace with spark ignit. (sealed),Natural Gas,Yes,NAPOLEON,WSEHV2436RA1-N,"H,DE33(6,9)36",24000,15000,17500,1.80,8.5,17,No,7.034,5.129,0.461,0.336
5236122,MB,R1C,E,2023-11-01,2023,Single Detached,236.1,One storey,1999,B1,1,2.5525,12053.4,12.053,17266.0,4796.1,84743.2,23540.0,4796.1,5866.7,0.0,0.0,0.0,207098699,Air,,8584.3,T,7.44,3.63,2.0,,,70.0,,,ESTAR,Central split system,3.36,Condensing furnace,Natural Gas,Wood fireplace,Mixed Wood,Yes,Bryant,38MARBQ24AA3,CAP**3017AL*,25400,15500,,,10.5,15.5,No,7.444,,0.618,
5237052,MB,R0K,E,2024-01-01,2024,Single Detached,340.7,One storey,1978,B1;C1;F1,1,2.5537,20860.9,20.861,69500.8,19305.9,118178.2,32827.5,19306.0,0.0,0.0,0.0,0.0,207706560,Air,,16896.7,T,9.67,3.09,1.8,,,78.0,,,,Central split system,2.77,Electric furnace,Electricity,Wood fireplace,Mixed Wood,Yes,MOOVAIR,DMA30HOS20230E7,FMA30HIAHUU230X7,33000,21000,24000,1.80,8.9,16.2,Yes,9.671,7.034,0.464,0.337
5240997,MB,R2M,E,2024-01-01,2024,Single Detached,482.2,Two storeys,2000,B1;B2;C1;C2;C3;F1,1,1.47,17582.6,17.583,24624.1,6840.1,70716.6,19643.7,6840.1,0.0,0.0,0.0,0.0,207312176,Ground,,13862.3,F,0.0,3.8,0.0,,,0.0,,,C448,Conventional A/C,5.66,Electric furnace,Electricity,,,No,,,,,,,,,,,,,,
5242556,MB,R3L,E,2024-01-01,2024,Single Detached,180.1,Two storeys,1946,B1;B2,1,5.4907,13268.1,13.268,18536.0,5148.9,90221.7,25061.8,5148.9,7588.7,0.0,0.0,0.0,207098699,Air,,8584.3,T,7.44,3.63,2.0,,,70.0,,,ESTAR,Central split system,3.36,Condensing furnace,Natural Gas,,,Yes,Bryant,38MARBQ24AA3,CAP**3017AL*,25400,15500,,,10.5,15.5,No,7.444,,0.561,
5243337,MB,R2P,E,2024-01-01,2024,Single Detached,320.7,Two storeys,2014,B1,1,0.69,10486.7,10.487,21931.9,6092.2,90842.3,25234.2,6092.3,5820.3,0.0,0.0,0.0,210450189,Air,,11501.0,T,11.43,3.23,1.8,,,90.0,,,,Central split system,2.95,Condensing furnace,Natural Gas,Fireplace with pilot (unsealed),Natural Gas,Yes,CARRIER,38MURAQ36AB3*,CAP**3617AL*,39000,29600,35200,1.80,8.5,15.5,No,11.43,10.316,1.09,0.984
5244786,MB,R2C,E,2023-12-01,2023,Single Detached,196.8,One storey,1966,B1,1,2.056,9770.5,9.77,15798.2,4388.4,85521.6,23756.2,4388.4,3843.9,0.0,0.0,0.0,207098699,Air,,8584.3,T,7.44,3.63,2.0,,,70.0,,,ESTAR,Central split system,3.36,Condensing furnace,Natural Gas,,,Yes,Bryant,38MARBQ24AA3,CAP**3017AL*,25400,15500,,,10.5,15.5,No,7.444,,0.762,
5247089,MB,R7A,E,2024-01-01,2024,Single Detached,201.9,One storey,2000,B1,1,3.8368,13002.3,13.002,24072.3,6686.8,108271.8,30075.7,6686.7,7265.6,0.0,0.0,0.0,212361759,Air,,13171.8,T,7.33,3.35,1.95,,,80.0,,,,Central split system,3.2,Condensing furnace,Natural Gas,Fireplace with pilot (unsealed),Natural Gas,Yes,MOOVAIR,DMA24HOS20230E7,CUB24HAC20BWT7A,25000,21000,20000,1.95,9.5,16.5,Yes,7.327,5.861,0.563,0.451
5247997,MB,R2R,E,2024-01-01,2024,Single Detached,262.6,Two storeys,1961,B1,1,1.0823,11730.4,11.73,17016.8,4726.9,93831.2,26064.4,4727.0,8121.7,0.0,0.0,0.0,212406525,Air,,7653.6,T,6.56,3.68,2.1,,,107.0,,,,Central split system,3.41,Condensing furnace,Natural Gas,,,Yes,TRANE,4TXD2036A10NU**,"H,TG34930+TD",24000,15800,21200,1.80,8.5,15.2,No,7.034,6.213,0.6,0.53
5248053,MB,R2C,E,2023-12-01,2023,Single Detached,143.5,One storey,1958,B1,1,4.3207,8976.8,8.977,12460.5,3461.3,82826.5,23007.5,3461.4,4421.1,0.0,0.0,0.0,207098550,Air,,8787.2,T,7.62,3.48,1.95,,,70.0,,,,Central split system,3.36,Condensing furnace,Natural Gas,Fireplace with pilot (unsealed),Natural Gas,Yes,CARRIER,38MARBQ24AA3,CAP**2417AL*,26000,15800,,,10,15,No,7.62,,0.849,
5248167,MB,R1C,E,2023-12-01,2023,Single Detached,328.7,One storey,1998,B1,1,2.6523,14077.9,14.078,18694.3,5192.9,132372.7,36770.5,5192.8,16002.1,0.0,0.0,0.0,212633392,Air,,7064.8,T,6.56,3.23,1.8,,,102.0,,,ESTAR,Central split system,3.52,Furnace with continuous pilot,Natural Gas,Fireplace with pilot (sealed),Natural Gas,Yes,GREE,FLEXX36HP230V1AO,CDP36K15P+TD,,14000,21200,1.80,8.5,15.2,No,,6.213,,0.441
5250436,MB,R3P,E,2024-01-01,2024,Single Detached,258.0,One storey,1986,B1,1,2.4524,12083.9,12.084,30959.1,8599.8,91354.4,25376.4,8599.8,3803.6,0.0,0.0,0.0,212396763,Air,,19769.4,T,9.5,3.01,1.83,,,92.0,,,,Central split system,2.85,Condensing furnace,Natural Gas,Wood fireplace,Mixed Wood,Yes,TRANE,4TXD2036A10NU**,"H,TG34936+TD",36000,22000,24000,1.80,8.5,15.2,No,10.551,7.034,0.873,0.582
5250636,MB,R0K,E,2024-01-01,2024,Single Detached,135.4,One storey,1951,B1;C1;F1,1,1.72,7818.7,7.819,30875.0,8576.5,64752.0,17986.8,8576.5,0.0,0.0,0.0,0.0,212348050,Air,,15733.2,T,7.62,3.26,1.9,,,93.0,,,,Central split system,2.93,Electric furnace,Electricity,,,Yes,LENNOX,MLB024S4S-1P,MMA024SM4-*P,26000,16900,21200,1.90,9.1,18.4,Yes,7.62,6.213,0.975,0.795
5251035,MB,R3G,E,2024-01-01,2024,Single Detached,250.8,Three storeys,1913,B1,1,5.6703,23901.0,23.901,16582.5,4606.3,178414.1,49559.9,4606.4,31721.6,0.0,0.0,0.0,212633393,Air,,9261.0,T,9.5,3.976,1.8,,,74.0,,,ESTAR,Central split system,3.176,Condensing furnace,Natural Gas,Baseboard/Hydronic/Plenum(duct) htrs,Electricity,Yes,,,,,,,,,,,,,,
5252185,MB,R4A,E,2023-12-01,2023,Single Detached,393.8,One storey,2015,B1,1,1.0612,12579.9,12.58,29423.6,8173.3,100361.2,27878.3,8173.4,6503.4,0.0,0.0,0.0,210720629,Air,,17387.9,T,10.43,3.38,2.0,,,74.0,,,ESTAR,Central split system,3.94,Condensing furnace,Natural Gas,Fireplace with pilot (sealed),Natural Gas,Yes,CARRIER,25VNA436A*031*,CAP**3717AL*+UI,35600,31600,26200,2.00,9.5,18.5,No,10.433,7.678,0.829,0.61
5253406,MB,R3T,E,2023-11-01,2023,Single Detached,179.1,Two storeys,1995,B1,1,2.2529,11444.1,11.444,17273.7,4798.3,89506.9,24863.2,4798.4,5081.7,0.0,0.0,0.0,207098550,Air,,8787.2,T,7.62,3.48,1.95,,,70.0,,,ESTAR,Central split system,3.36,Condensing furnace,Natural Gas,,,Yes,CARRIER,38MARBQ24AA3,CAP**2417AL*,26000,15800,,,10,15,No,7.62,,0.666,
5253410,MB,R0H,E,2023-12-01,2023,Single Detached,267.8,One storey,1978,B1;B2;P1,1,2.4185,14581.0,14.581,67279.8,18689.0,113463.4,31517.9,18689.0,0.0,0.0,0.0,0.0,208447896,Air,,15415.0,T,7.03,3.3,1.8,,,100.0,,,ESTAR,Central split system,3.43,Electric furnace,Electricity,Wood fireplace,Mixed Wood,Yes,BRYANT,38MURAQ24AB3,40MUAAQ24XA3,24000,19200,22600,1.91,10,17.4,Yes,7.034,6.623,0.482,0.454
5253704,MB,R0E,E,2024-02-01,2024,Single Detached,130.2,One storey,2013,C1;F1,1,3.2938,11510.0,11.51,33517.6,9310.5,84986.2,23607.5,9310.6,0.0,0.0,0.0,0.0,207706560,Air,,16709.2,T,9.67,3.09,1.8,,,78.0,,,,Central split system,2.77,Electric furnace,Electricity,,,Yes,MOOVAIR,DMA30HOS20230E7,FMA30HIAHUU230X7,33000,21000,24000,1.80,8.9,16.2,Yes,9.671,7.034,0.84,0.611
5256082,MB,R4H,E,2024-01-01,2024,Single Detached,221.5,One storey,2018,C1;F1,1,1.61,9046.4,9.046,9664.9,2684.7,74661.5,20739.5,2684.7,3884.2,0.0,0.0,0.0,210435437,Air,,9419.6,T,10.49,4.19,2.08,,,89.0,,,,Central split system,3.66,Condensing furnace,Natural Gas,Fireplace with pilot (sealed),Natural Gas,Yes,Mitsubishi Electric,PUZ-HA30NKA*,PAA-A30AA1,35400,23200,35400,1.75,8.9,18,Yes,10.375,10.375,1.147,1.147
5256783,MB,R3N,E,2023-12-01,2023,Single Detached,223.7,Two storeys,1948,B1;C1;F1,1,7.5173,25698.7,25.699,28625.9,7951.7,155404.6,43168.3,7951.7,21470.7,0.0,0.0,0.0,210450179,Air,,9864.2,T,9.67,3.45,1.8,,,88.0,,,,Central split system,2.88,Condensing furnace,Natural Gas,,,Yes,CARRIER,38MURAQ30AB3*,CAP**4321AL*,33400,23200,26200,1.86,9,14.5,No,9.789,7.678,0.381,0.299
5256900,MB,R2G,E,2024-01-01,2024,Single Detached,227.7,One storey,1974,B1;B2,1,2.55,16699.9,16.7,23924.9,6645.9,125174.7,34771.0,6645.9,12950.9,0.0,0.0,0.0,207098699,Air,,8584.3,T,7.44,3.63,2.0,,,70.0,,,,Central split system,3.36,Condensing furnace,Natural Gas,,,Yes,Bryant,38MARBQ24AA3,CAP**3017AL*,25400,15500,,,10.5,15.5,No,7.444,,0.446,
5260962,MB,R0G,E,2024-01-01,2024,Single Detached,294.3,One storey,1963,B1;B2,1,1.3376,17334.1,17.334,30718.9,8533.1,84993.8,23609.6,8533.1,0.0,0.0,0.0,0.0,7487663,Ground,,11690.0,F,0.0,4.3,0.0,,,0.0,,,C448,Conventional A/C,5.92,Electric furnace,Electricity,,,No,,,,,,,,,,,,,,
5272174,MB,R0A,E,2024-01-01,2024,Single Detached,307.9,One storey,1992,B1,1,1.2349,11883.7,11.884,38213.8,10615.0,94008.9,26113.8,10615.1,1794.5,0.0,0.0,0.0,212633393,Air,,10185.1,T,9.5,3.02,1.8,,,74.0,,,,Central single package system,2.79,Electric furnace,Electricity,Fireplace with pilot (sealed),Natural Gas,Yes,,,,,,,,,,,,,,
5264062,MB,R1N,E,2023-12-01,2023,Single Detached,201.7,One storey,2004,B1,1,2.761,8747.9,8.748,18384.5,5106.8,85523.2,23756.6,5106.7,3099.5,0.0,0.0,0.0,210450223,Air,,9876.8,T,9.67,3.49,1.8,,,88.0,,,ESTAR,Central split system,2.88,Condensing furnace,Natural Gas,,,Yes,BRYANT HEATING AND COOLING SYSTEMS,38MURAQ30AB3*,CAP**4321AL*,33400,23200,26200,1.86,9,14.5,No,9.789,7.678,1.119,0.878
5269902,MB,R3W,E,2024-01-01,2024,"Row house, middle unit",175.2,Two storeys,1997,B1,1,3.8901,11466.6,11.467,19270.4,5352.9,88658.0,24627.4,5352.8,6593.7,0.0,0.0,0.0,207098550,Air,,8787.2,T,7.62,3.48,1.95,,,70.0,,,,Central split system,3.36,Induced draft fan furnace,Natural Gas,,,Yes,CARRIER,38MARBQ24AA3,CAP**2417AL*,26000,15800,,,10,15,No,7.62,,0.665,
5269921,MB,R7A,E,2024-02-01,2024,Single Detached,194.6,Two storeys,1911,B1,1,6.5221,16322.2,16.322,27846.3,7735.1,111663.4,31017.9,7735.1,10135.1,0.0,0.0,0.0,210450239,Air,,11481.1,T,11.43,3.22,1.8,,,90.0,,,ESTAR,Central split system,2.95,Condensing furnace,Natural Gas,,,Yes,BRYANT HEATING AND COOLING SYSTEMS,38MURAQ36AB3*,CAP**3617AL*,39000,29600,35200,1.80,8.5,15.5,No,11.43,10.316,0.7,0.632
5363641,MB,R1N,E,2024-01-01,2024,Single Detached,164.0,Two storeys,1983,C1;F1,1,4.1749,10679.7,10.68,16693.4,4637.1,92319.2,25644.4,4637.0,8250.6,0.0,0.0,0.0,211240616,Air,,7934.6,T,7.85,3.72,2.02,,,91.0,,,ESTAR,Central split system,3.21,Condensing furnace,Natural Gas,Wood fireplace,Mixed Wood,Yes,BRYANT HEATING AND COOLING SYSTEMS,38MURAQ24AB3*,CAP**2417AL*,26800,19400,24400,2.02,8.5,16,No,7.854,7.151,0.735,0.67
5273099,MB,R1N,E,2024-02-01,2024,Single Detached,241.5,One storey,1994,B1;C1;F1,1,1.5906,9068.6,9.069,13252.4,3681.3,71687.7,19913.4,3681.1,3418.6,0.0,0.0,0.0,212633393,Air,,10198.3,T,9.5,5.9,1.8,,,74.0,,,,Central split system,2.79,Condensing furnace,Natural Gas,Fireplace with spark ignit. (unsealed),Natural Gas,Yes,,,,,,,,,,,,,,
5273785,MB,R3N,E,2023-12-01,2023,Single Detached,297.0,Two storeys,1961,B1,1,3.0196,17513.1,17.513,19442.1,5400.6,120228.9,33397.2,5400.6,12502.3,0.0,0.0,0.0,212976794,Air,,11147.5,T,11.08,3.59,2.02,,,91.0,,,ESTAR,Central split system,3.11,Condensing furnace,Natural Gas,,,Yes,BRYANT HEATING AND COOLING SYSTEMS,38MURAQ36AB3*,CAP**4821AL*,37800,29000,34600,2.02,8.5,16.5,No,11.078,10.14,0.633,0.579
5275651,MB,R7A,E,2024-01-01,2024,Single Detached,295.5,One storey,1997,B1,1,2.0752,12987.8,12.988,45422.8,12617.5,89836.4,24954.8,12617.6,0.0,0.0,0.0,0.0,208447883,Air,,23801.2,T,11.72,3.37,1.9,,,88.0,,,ESTAR,Central split system,2.87,Electric furnace,Electricity,Advanced airtight wood stove,Mixed Wood,Yes,CARRIER,38MURAQ36AB3,40MUAAQ36XA3,40000,30400,34400,1.97,9.5,16,Yes,11.723,10.082,0.903,0.776
5276869,MB,R5A,E,2023-12-01,2023,Single Detached,396.3,One storey,2005,B1,1,1.79,16570.9,16.571,34121.9,9478.4,122606.0,34057.5,9478.4,10070.9,0.0,0.0,0.0,212633393,Air,,10185.1,T,9.5,3.02,1.8,,,74.0,,,,Central split system,2.79,Condensing furnace,Natural Gas,Baseboard/Hydronic/Plenum(duct) htrs,Electricity,Yes,,,,,,,,,,,,,,
230935,MB,R2J,E,2023-12-01,2023,Single Detached,171.2,One storey,1961,B1,1,2.2372,9968.6,9.969,22627.5,6285.5,80055.5,22237.8,6285.6,2724.5,0.0,0.0,0.0,212633393,Air,,10185.1,T,9.5,3.02,1.8,,,74.0,,,ESTAR,Central split system,2.79,Condensing furnace,Natural Gas,,,Yes,,,,,,,,,,,,,,
5280999,MB,R3T,E,2024-02-01,2024,Single Detached,229.0,One storey,1972,B1,1,3.0213,11548.8,11.549,18981.3,5272.6,92573.2,25715.0,5272.5,7313.7,0.0,0.0,0.0,207098556,Air,,8719.7,T,7.56,3.55,2.0,,,70.0,,,,Central split system,3.36,Condensing furnace,Natural Gas,,,Yes,CARRIER,38MARBQ24AA3,CAP**2417AL*,25800,15700,,,10.5,15,No,7.561,,0.655,
5282111,MB,R7A,E,2024-01-01,2024,Single Detached,303.9,One storey,1983,B1,1,1.3723,11768.6,11.769,23694.3,6581.8,85895.3,23860.0,6581.7,4345.3,0.0,0.0,0.0,211227700,Air,,11627.9,T,11.58,3.39,1.9,,,89.0,,,,Central split system,2.95,Condensing furnace,Natural Gas,,,Yes,BRYANT HEATING AND COOLING SYSTEMS,38MURAQ36AB3*,CAP**4221AL*,39500,29400,35200,1.90,8.1,15.5,No,11.576,10.316,0.984,0.877
5282118,MB,R5G,E,2024-01-01,2024,Single Detached,289.4,One storey,1984,B1,1,2.2644,14196.0,14.196,28837.8,8010.6,117204.3,32557.0,8010.6,9410.9,0.0,0.0,0.0,212633393,Air,,10186.6,T,9.5,3.01,1.8,,,74.0,,,,Central split system,2.79,Condensing furnace,Natural Gas,Fireplace with spark ignit. (sealed),Natural Gas,Yes,,,,,,,,,,,,,,
5284138,MB,R5N,E,2024-01-01,2024,Single Detached,245.3,One storey,2005,B1,1,1.9173,10946.2,10.946,17587.7,4885.5,91509.0,25419.4,4885.6,8109.5,0.0,0.0,0.0,211239688,Air,,7924.3,T,7.85,3.7,2.02,,,91.0,,,,Central split system,3.21,Condensing furnace,Natural Gas,Fireplace with pilot (unsealed),Natural Gas,Yes,CARRIER,38MURAQ24AB3*,CAP**2417AL*,26800,19400,24400,2.02,8.5,16,No,7.854,7.151,0.718,0.653
5285200,MB,R3T,E,2023-12-01,2023,Single Detached,265.6,Two storeys,2000,B1;P1,1,2.3497,13728.9,13.729,34367.8,9546.7,130107.9,36141.4,9546.7,10171.2,0.0,0.0,0.0,207098556,Air,,8719.7,T,7.56,2.115,2.0,,,70.0,,,,Central split system,1.8144,Condensing furnace,Natural Gas,,,Yes,CARRIER,38MARBQ24AA3,CAP**2417AL*,25800,15700,,,10.5,15,No,7.561,,0.551,
5286563,MB,R7B,E,2024-01-01,2024,Single Detached,337.1,Two storeys,1967,B1,1,2.9778,19571.6,19.572,27825.9,7729.5,130134.4,36148.7,7729.5,13192.3,0.0,0.0,0.0,213077636,Air,,11187.1,T,11.14,3.6,2.04,,,91.0,,,,Central split system,3.11,Condensing furnace,Natural Gas,Fireplace with pilot (unsealed),Natural Gas,Yes,CARRIER,38MURAQ36AB3*,CAP**4321AL*,38000,29000,34800,2.04,8.5,16.5,No,11.137,10.199,0.569,0.521
279946,MB,R3R,E,2024-01-01,2024,Single Detached,235.7,One storey,1966,B1,1,3.4041,16246.7,16.247,23552.4,6542.4,121207.7,33669.1,6542.3,11797.3,0.0,0.0,0.0,207098556,Air,,8719.7,T,7.56,3.55,2.0,,,70.0,,,,Central split system,3.36,Condensing furnace,Natural Gas,,,Yes,CARRIER,38MARBQ24AA3,CAP**2417AL*,25800,15700,,,10.5,15,No,7.561,,0.465,
5286645,MB,R2N,E,2023-12-01,2023,Single Detached,241.6,Two storeys,1995,B1,1,2.5711,21043.6,21.044,26953.8,7487.2,143783.3,39940.1,7487.3,17144.6,0.0,0.0,0.0,210450179,Air,,9864.2,T,9.67,3.45,1.8,,,88.0,,,,Central split system,2.88,Condensing furnace,Natural Gas,Fireplace with spark ignit. (sealed),Natural Gas,Yes,CARRIER,38MURAQ30AB3*,CAP**4321AL*,33400,23200,26200,1.86,9,14.5,No,9.789,7.678,0.465,0.365
5286666,MB,R6W,E,2024-01-01,2024,Single Detached,254.1,One storey,1986,B1,1,1.5108,10963.5,10.964,22702.4,6306.3,94350.9,26208.8,6306.2,6304.2,0.0,0.0,0.0,212633393,Air,,10197.7,T,9.5,3.01,1.8,,,74.0,,,,Central split system,2.79,Condensing furnace,Natural Gas,Fireplace with pilot (sealed),Natural Gas,Yes,,,,,,,,,,,,,,
5286708,MB,R2V,E,2024-01-01,2024,Single Detached,154.5,Two storeys,1950,B1,1,3.0489,11650.6,11.651,16624.9,4618.1,92279.0,25633.3,4618.1,5505.0,0.0,0.0,0.0,207098699,Air,,8584.3,T,7.44,3.63,2.0,,,70.0,,,ESTAR,Central split system,3.36,Condensing furnace,Natural Gas,,,Yes,Bryant,38MARBQ24AA3,CAP**3017AL*,25400,15500,,,10.5,15.5,No,7.444,,0.639,
5289054,MB,R7B,E,2024-01-01,2024,Single Detached,241.3,One storey,1996,B1,1,2.7821,15080.7,15.081,22918.5,6366.3,106031.5,29453.4,6366.2,7776.7,0.0,0.0,0.0,210450223,Air,,9847.2,T,9.67,3.41,1.8,,,88.0,,,,Central split system,2.88,Condensing furnace,Natural Gas,Wood fireplace,Mixed Wood,Yes,BRYANT HEATING AND COOLING SYSTEMS,38MURAQ30AB3*,CAP**4321AL*,33400,23200,26200,1.86,9,14.5,No,9.789,7.678,0.649,0.509
5290701,MB,R2C,E,2023-12-01,2023,Single Detached,161.5,One storey,1971,B1,1,2.5457,8116.9,8.117,13547.9,3763.3,72199.2,20055.5,3763.4,3157.5,0.0,0.0,0.0,207202270,Air,,9294.7,T,5.48,4.01,2.0,,,73.0,,,ESTAR,Central split system,3.44,Condensing furnace,Natural Gas,,,Yes,CARRIER,38MARBQ18AA3,CAP**2414AL*,18700,14700,,,10.5,17,No,5.48,,0.675,
5292842,MB,R3G,E,2024-01-01,2024,Single Detached,165.7,One and a half,1949,B1,1,4.0764,13161.1,13.161,19080.6,5300.2,98156.1,27265.8,5300.3,6737.8,0.0,0.0,0.0,207098550,Air,,8787.2,T,7.62,3.48,1.92,,,70.0,,,,Central split system,3.36,Condensing furnace,Natural Gas,,,Yes,CARRIER,38MARBQ24AA3,CAP**2417AL*,26000,15800,,,10,15,No,7.62,,0.579,
5293592,MB,R0E,E,2024-01-01,2024,Single Detached,222.2,One storey,1982,B1,1,1.6283,16567.2,16.567,48671.0,13519.8,97788.0,27163.6,13519.8,0.0,0.0,0.0,0.0,210426579,Air,,24601.6,T,11.72,4.58,1.96,,,92.0,,,ESTAR,Central split system,2.42,Electric furnace,Electricity,,,Yes,SENVILLE,SENDC-36HF-OM,SENDC-36HF-IM,40000,30400,34400,1.97,9.5,16,Yes,11.723,10.082,0.708,0.609
5293681,MB,R3R,E,2023-12-01,2023,Single Detached,178.9,One storey,1979,B1,1,1.5829,11315.8,11.316,17265.8,4796.1,84784.9,23551.5,4796.1,6133.4,0.0,0.0,0.0,207202288,Air,,9268.7,T,5.51,4.05,2.0,,,72.0,,,,Central split system,3.53,Condensing furnace,Natural Gas,,,Yes,CARRIER,38MARBQ18AA3,CAP**2417AL*,18800,14700,,,11,17.5,No,5.51,,0.487,
5295116,MB,R3T,E,2024-02-01,2024,Single Detached,273.5,One storey,1997,B1,1,1.5896,14297.9,14.298,21392.7,5942.5,111657.0,31016.1,5942.5,9341.7,0.0,0.0,0.0,207098550,Air,,8787.2,T,7.62,3.48,1.95,,,70.0,,,,Central split system,3.36,Condensing furnace,Natural Gas,,,Yes,CARRIER,38MARBQ24AA3,CAP**2417AL*,26000,15800,,,10,15,No,7.62,,0.533,
5296456,MB,R3Y,E,2024-02-01,2024,Single Detached,266.6,Two storeys,1988,B1,1,3.1309,18439.8,18.44,37141.2,10317.1,119374.9,33160.0,10317.0,9794.0,0.0,0.0,0.0,213153602,Air,,15057.4,T,9.5,3.31,1.81,,,72.0,,,,Central split system,3.41,Condensing furnace,Natural Gas,Wood fireplace,Mixed Wood,Yes,NAPOLEON,WSEHV2436RA1-N,HG34936,36000,21000,23600,1.80,8.5,15.2,No,10.551,6.916,0.572,0.375
5299140,MB,R3T,E,2024-02-01,2024,Single Detached,183.3,One storey,1962,B1,1,2.34,8650.8,8.651,20777.8,5771.7,79786.0,22163.0,5771.7,3197.0,0.0,0.0,0.0,212633393,Air,,10185.1,T,9.5,3.02,1.8,,,74.0,,,,Central split system,2.79,Condensing furnace,Natural Gas,,,Yes,,,,,,,,,,,,,,
5300106,MB,R3M,D,2023-12-01,2023,Single Detached,361.6,Two and a half,1913,B1;B2;C1;F1,1,7.6229,40910.3,40.91,45060.1,12516.8,247917.2,68866.4,12516.8,42854.8,0.0,0.0,0.0,201851579,Air,,14866.0,T,10.55,4.79,2.47,,,62.0,,,,Mini-split ductless,2.83,Condensing boiler,Natural Gas,Fireplace with pilot (sealed),Natural Gas,Yes,DAIKIN,4MXS36RMVJU,,36000,22000,,,12.2,17.7,No,10.551,,0.258,
5300131,MB,R5K,E,2024-01-01,2024,Single Detached,299.6,One storey,2013,B1,1,1.5505,10894.8,10.895,43318.1,12032.9,89561.5,24878.4,12032.9,0.0,0.0,0.0,0.0,212633393,Air,,10185.1,T,9.5,3.02,1.8,,,74.0,,,,Central split system,2.79,Electric furnace,Electricity,,,Yes,,,,,,,,,,,,,,
5304030,MB,R2M,E,2024-01-01,2024,Single Detached,164.6,One storey,1969,B1,1,2.2278,9093.5,9.094,14567.7,4046.6,70907.4,19696.7,4046.7,3257.8,0.0,0.0,0.0,207202288,Air,,9268.7,T,5.51,4.05,2.0,,,72.0,,,,Central split system,3.53,Condensing furnace,Natural Gas,,,Yes,CARRIER,38MARBQ18AA3,CAP**2417AL*,18800,14700,,,11,17.5,No,5.51,,0.606,
5304045,MB,R5T,D,2023-12-01,2023,Single Detached,309.1,One storey,2020,B1,1,0.7974,14436.7,14.437,43761.0,12155.9,88531.2,24592.2,12155.9,0.0,0.0,0.0,0.0,201754495,Air,,16000.0,T,14.07,4.916,1.91,,,100.0,,,,Central split system,3.188,Electric furnace,Electricity,,,Yes,Mitsubishi Electric,PUZ-HA42NKA,PVA-A42AA*,48000,42000,,,11,15.3,No,14.067,,0.974,
5308215,MB,R2J,E,2024-01-01,2024,Single Detached,304.0,One storey,1998,B1,1,2.3278,12776.6,12.777,26137.4,7260.4,91677.9,25466.3,7260.3,5361.4,0.0,0.0,0.0,212427853,Air,,13837.4,T,7.33,3.36,1.82,,,86.0,,,,Central split system,2.93,Condensing furnace,Natural Gas,,,Yes,NAPOLEON,WSEHV2436RA1-N,"H,DE33(6,9)36",24000,15000,17500,1.80,8.5,17,No,7.034,5.129,0.551,0.401
5308871,MB,R5A,E,2024-02-01,2024,Single Detached,328.0,Two storeys,2011,B1,1,0.85,9891.6,9.892,35556.8,9877.0,86154.7,23932.1,9877.0,0.0,0.0,0.0,0.0,212633393,Air,,10185.1,T,9.5,3.02,1.8,,,74.0,,,,Central split system,2.79,Electric furnace,Electricity,Wood fireplace,Mixed Wood,Yes,,,,,,,,,,,,,,
5308946,MB,R2V,E,2024-01-01,2024,Single Detached,164.7,One storey,1968,B1,1,2.4758,9651.2,9.651,14948.3,4152.3,73896.9,20527.1,4152.3,3817.5,0.0,0.0,0.0,207202269,Air,,8715.3,T,5.28,3.96,2.0,,,71.0,,,,Central split system,3.53,Condensing furnace,Natural Gas,,,Yes,CARRIER,38MARBQ18AA3,CAP**1917AL*,18000,13900,,,10.5,17,No,5.275,,0.547,
5308999,MB,R3R,E,2024-02-01,2024,Single Detached,229.2,One storey,1994,B1,1,4.1686,16404.7,16.405,21158.2,5877.3,107872.3,29964.8,5877.3,11460.9,0.0,0.0,0.0,207098556,Air,,8719.7,T,7.56,3.55,2.0,,,70.0,,,,Central split system,3.36,Condensing furnace,Natural Gas,,,Yes,CARRIER,38MARBQ24AA3,CAP**2417AL*,25800,15700,,,10.5,15,No,7.561,,0.461,
5313868,MB,R2K,E,2024-01-01,2024,Single Detached,316.2,Two storeys,1915,B1;B2;C1;F1,1,3.4554,27060.5,27.06,33999.2,9444.3,181421.7,50395.3,9444.2,27493.0,0.0,0.0,0.0,10064019,Air,,12207.6,T,7.62,4.4,1.81,,,70.0,,,,Mini-split ductless,2.64,"Boiler  with spark ignit.,vent dmpr",Natural Gas,,,Yes,TOSOT,TM24H4O,,26000,16600,,,11,21,No,7.62,,0.282,
5313881,MB,R2P,E,2024-01-01,2024,Single Detached,116.9,One storey,1986,B1,1,2.209,8098.8,8.099,13068.7,3630.2,70330.7,19536.5,3630.3,3378.9,0.0,0.0,0.0,207202288,Air,,7000.0,T,5.51,4.05,2.0,,,72.0,,,,Central split system,3.53,Condensing furnace,Natural Gas,,,Yes,CARRIER,38MARBQ18AA3,CAP**2417AL*,18800,14700,,,11,17.5,No,5.51,,0.68,
5314039,MB,R0C,D,2024-01-01,2024,Single Detached,112.0,One storey,1969,C1;F1,1,5.32,8429.9,8.43,7654.4,2126.2,88309.3,24530.6,2126.1,8916.7,0.0,0.0,0.0,211734644,Air,,5275.3,F,0.0,3.559,0.0,,,0.0,,,ESTAR,Central split system,3.399,Condensing furnace,Natural Gas,Baseboard/Hydronic/Plenum(duct) htrs,Electricity,Yes,AIREASE,4SHP17LE118P-**A,EAH1P24B*+TDR+TXV,18000,11200,8400,2.10,8.1,16.4,No,5.275,2.462,0.626,0.292
5314797,MB,R3T,E,2024-02-01,2024,Single Detached,203.2,Two storeys,1952,B1;B2;C1;F1,1,6.368,22031.3,22.031,45593.0,12664.8,134406.0,37335.3,12664.8,9692.9,0.0,0.0,0.0,212396767,Air,,19769.4,T,9.5,3.01,1.83,,,92.0,,,,Central split system,1.75575,Condensing furnace,Natural Gas,,,Yes,,,,,,,,,,,,,,
5314867,MB,R0A,E,2024-02-01,2024,Single Detached,356.7,One storey,2012,B1,1,0.9409,12229.3,12.229,43834.3,12176.3,95225.6,26451.8,12176.2,0.0,0.0,0.0,0.0,212633393,Air,,10185.1,T,9.5,3.02,1.8,,,74.0,,,,Central split system,2.79,Electric furnace,Electricity,,,Yes,,,,,,,,,,,,,,
5315272,MB,R2C,E,2024-02-01,2024,Single Detached,216.0,Two storeys,2014,B1,1,0.87,8697.3,8.697,19454.4,5404.0,79179.9,21994.6,5403.9,3287.5,0.0,0.0,0.0,212614890,Air,,10618.8,T,6.74,3.21,2.0,,,70.0,,,ESTAR,Central split system,3.18,Condensing furnace,Natural Gas,,,Yes,DAIKIN,DZ6VSA241EA*,CA*EA2422*4A*,23000,16000,16100,2.00,8.6,17,Yes,6.741,4.718,0.775,0.543
5316920,MB,R6W,E,2024-02-01,2024,Single Detached,205.5,One storey,2001,B1,1,2.0111,10063.8,10.064,22440.5,6233.5,81200.1,22555.8,6233.4,3573.6,0.0,0.0,0.0,212633393,Air,,10197.7,T,9.5,3.01,1.8,,,74.0,,,,Central split system,2.79,Condensing furnace,Natural Gas,,,Yes,,,,,,,,,,,,,,
5317262,MB,R3P,E,2024-02-01,2024,Single Detached,242.1,Two storeys,1992,B1,1,3.1206,14487.3,14.487,34520.1,9589.0,114943.0,31928.9,9589.0,6524.5,0.0,0.0,0.0,212396767,Air,,19769.4,T,9.5,3.01,1.83,,,92.0,,,,Central split system,1.75575,Condensing furnace,Natural Gas,Fireplace with pilot (sealed),Natural Gas,Yes,,,,,,,,,,,,,,
5317919,MB,R0K,D,2024-01-01,2024,Single Detached,116.3,One and a half,2023,,1,1.62,5999.5,6.0,25766.6,7157.4,70657.7,19627.3,7157.6,0.0,0.0,0.0,0.0,204711112,Air,,8792.1,F,0.0,1.98,0.0,,,0.0,,,,Mini-split ductless,3.843,Electric boiler,Electricity,Baseboard/Hydronic/Plenum(duct) htrs,Electricity,Yes,CARRIER,38MGRQ30D--3,,30000,23000,19000,1.70,8.7,18.5,No,8.792,5.568,1.465,0.928
5318136,MB,R6W,D,2024-01-01,2024,Single Detached,318.1,One storey,2009,B1,1,1.22,12601.5,12.602,61035.3,16954.4,106927.6,29702.3,16954.3,0.0,0.0,0.0,0.0,207641332,Air,,8206.0,F,0.0,3.45,0.0,,,0.0,,,,Mini-split ductless,4.257,Electric furnace,Electricity,Advanced airtight wood stove,Mixed Wood,Yes,SENVILLE,SENA/30HF/MOQ,,28000,21000,19000,2.00,9.5,24.6,No,8.206,5.568,0.651,0.442
5318415,MB,R5K,E,2024-02-01,2024,Single Detached,303.3,Two storeys,1991,B1;B2;C1;F1,1,1.48,16038.0,16.038,27118.4,7532.9,119772.1,33270.3,7532.8,10934.3,0.0,0.0,0.0,212633393,Air,,10185.1,T,9.5,3.02,1.8,,,74.0,,,,Central split system,2.79,Condensing furnace,Natural Gas,Fireplace with pilot (sealed),Natural Gas,Yes,,,,,,,,,,,,,,
5323413,MB,R0A,D,2024-01-01,2024,Single Detached,470.4,Two storeys,2020,B1,1,0.55,13015.3,13.015,44201.1,12278.2,92996.1,25832.5,12278.2,0.0,0.0,0.0,0.0,209553704,Air,,16998.1,F,0.0,3.461,0.0,,,0.0,,,,Central split system,3.153,Electric furnace,Electricity,,,Yes,KEEPRITE,NXH630GKP**,FEM4X30**BL,29000,17800,,,8.2,15,No,8.499,,0.653,
2109958,MB,R2E,D,2024-01-01,2024,Single Detached,573.1,One storey,2023,B1,1,0.8,9732.9,9.733,30153.9,8376.2,67389.4,18719.4,8376.2,0.0,0.0,0.0,0.0,201754495,Air,,30532.1,T,14.07,3.19,1.91,,,100.0,,,,Central split system,2.88,Electric furnace,Electricity,Other (describe),Electricity,Yes,Mitsubishi Electric,PUZ-HA42NKA,PVA-A42AA*,48000,42000,,,11,15.3,No,14.067,,1.445,
5329454,MB,R3T,E,2024-03-01,2024,Single Detached,187.1,One storey,1957,B1;C1;F1,1,4.59,11066.8,11.067,22957.5,6377.1,88729.5,24647.3,6377.0,3433.9,0.0,0.0,0.0,213153602,Air,,15057.4,T,9.5,3.31,1.8,,,72.0,,,,Central split system,3.41,Condensing furnace,Natural Gas,Wood fireplace,Mixed Wood,Yes,NAPOLEON,WSEHV2436RA1-N,HG34936,36000,21000,23600,1.80,8.5,15.2,No,10.551,6.916,0.953,0.625
5340197,MB,R1A,E,2024-01-01,2024,Single Detached,251.8,One storey,1972,B1,1,1.6128,9440.3,9.44,29416.8,8171.4,84100.6,23361.5,8171.5,0.0,0.0,0.0,0.0,207436328,Air,,17871.5,T,10.55,3.23,1.97,,,74.0,,,ESTAR,Central split system,4.11,Electric furnace,Electricity,Wood fireplace,Mixed Wood,Yes,LENNOX,SL25XPV-036-230A**,CBA38MV-036-230*+TDR,36000,34000,26600,1.92,9.1,22,No,10.551,7.796,1.118,0.826
5340878,MB,R2C,E,2024-02-01,2024,Single Detached,232.3,Two storeys,2005,B1,1,1.6576,12345.4,12.345,23444.7,6512.5,90512.1,25142.5,6512.6,5844.5,0.0,0.0,0.0,211624973,Air,,14222.7,T,7.03,3.36,1.86,,,91.0,,,ESTAR,Central split system,3.41,Condensing furnace,Natural Gas,Fireplace with pilot (unsealed),Natural Gas,Yes,NAPOLEON,WSEHV2436RA1-N,NPFX24A,24000,20000,22000,1.80,9,17,Yes,7.034,6.448,0.57,0.522
5342691,MB,R0C,N,2023-12-01,2023,Apartment,1658.6,Two storeys,2023,C1;C2;F1;F2,16,2.66,61038.0,61.038,134203.9,37279.2,569996.2,158333.5,37279.2,0.0,0.0,0.0,0.0,205724747,Air,,84404.5,F,0.0,4.029,0.0,,,0.0,,,,Mini-split ductless,3.6268,Baseboard/Hydronic/Plenum(duct) htrs.,Electricity,,,Yes,PERFECTAIRE,3PAMSH18B-SZO,3PAMSH18B-SZW,18000,10500,10100,1.84,8.7,18.3,No,5.275,2.96,0.086,0.048
5342691,MB,R0C,P,2023-12-01,2023,Apartment,1658.6,Two storeys,2023,C1;C2;F1;F2,16,3.0,64292.8,64.293,148367.4,41213.5,583284.2,162024.7,41213.4,0.0,0.0,0.0,0.0,205724747,Air,,84404.5,F,0.0,4.029,0.0,,,0.0,,,,Mini-split ductless,3.6268,Baseboard/Hydronic/Plenum(duct) htrs.,Electricity,,,Yes,PERFECTAIRE,3PAMSH18B-SZO,3PAMSH18B-SZW,18000,10500,10100,1.84,8.7,18.3,No,5.275,2.96,0.082,0.046
5346180,MB,R0C,N,2023-12-01,2023,Apartment,1658.6,Two storeys,2023,C1;C2;F1;F2,16,2.96,60957.0,60.957,132006.5,36668.8,568735.8,157983.4,36668.9,0.0,0.0,0.0,0.0,205724747,Air,,84404.5,F,0.0,4.029,0.0,,,0.0,,,,Mini-split ductless,3.6268,Baseboard/Hydronic/Plenum(duct) htrs.,Electricity,,,Yes,PERFECTAIRE,3PAMSH18B-SZO,3PAMSH18B-SZW,18000,10500,10100,1.84,8.7,18.3,No,5.275,2.96,0.087,0.049
5346180,MB,R0C,P,2023-12-01,2023,Apartment,1658.6,Two storeys,2023,C1;C2;F1;F2,16,3.0,64292.8,64.293,148159.9,41155.9,583515.0,162088.8,41155.9,0.0,0.0,0.0,0.0,205724747,Air,,84404.5,F,0.0,4.029,0.0,,,0.0,,,,Mini-split ductless,3.6268,Baseboard/Hydronic/Plenum(duct) htrs.,Electricity,,,Yes,PERFECTAIRE,3PAMSH18B-SZO,3PAMSH18B-SZW,18000,10500,10100,1.84,8.7,18.3,No,5.275,2.96,0.082,0.046
5347623,MB,R2N,E,2024-02-01,2024,Single Detached,175.7,One storey,1986,B1,1,2.0839,12288.7,12.289,32458.3,9016.3,116727.5,32424.6,9016.2,10352.9,0.0,0.0,0.0,207202288,Air,,9268.7,T,5.51,2.303,2.0,,,72.0,,,,Central split system,1.83395,Condensing furnace,Natural Gas,Fireplace with pilot (unsealed),Natural Gas,Yes,CARRIER,38MARBQ18AA3,CAP**2417AL*,18800,14700,,,11,17.5,No,5.51,,0.448,
5356169,MB,R2P,E,2024-02-01,2024,Single Detached,230.7,Split entry/Raised base.,1975,B1;P1,1,2.0294,14189.6,14.19,43668.7,12130.3,123635.4,34343.4,12130.4,7078.7,0.0,0.0,0.0,208447885,Air,,11838.9,T,5.57,2.111,2.0,,,94.0,,,ESTAR,Central split system,1.8466,Condensing furnace,Natural Gas,,,Yes,CARRIER,38MURAQ18AB3,40MUAAQ18XA3,19000,13500,16500,2.04,9.3,18,Yes,5.568,4.836,0.392,0.341
1898355,MB,R2V,E,2024-04-01,2024,Single Detached,152.0,One storey,1948,B1;B2;C1;F1,1,4.75,12823.4,12.823,18453.3,5126.0,91896.4,25527.0,5125.9,7745.3,0.0,0.0,0.0,211239688,Air,,7924.3,T,7.85,3.7,2.02,,,91.0,,,,Central split system,3.21,Condensing furnace,Natural Gas,,,Yes,CARRIER,38MURAQ24AB3*,CAP**2417AL*,26800,19400,24400,2.02,8.5,16,No,7.854,7.151,0.612,0.558
1911685,MB,R3E,E,2024-05-01,2024,Single Detached,161.6,One storey,1957,B1,1,4.2807,11179.2,11.179,17125.9,4757.2,80771.4,22436.7,4757.3,4563.4,0.0,0.0,0.0,206903156,Air,,9187.5,T,7.03,3.57,1.91,,,59.0,,,ESTAR,Central split system,4.0,Condensing furnace,Natural Gas,,,Yes,DUCANE,4HP18V36P,E*1P23B+H4TXV01,23200,15100,14300,1.91,8.1,19,No,6.799,4.191,0.608,0.375
5394627,MB,R4A,E,2024-04-01,2024,Single Detached,360.2,One storey,1981,B1,1,1.5,13633.2,13.633,22138.9,6149.7,95275.3,26465.6,6149.8,6689.8,0.0,0.0,0.0,212976441,Air,,9864.2,T,9.79,3.51,1.86,,,79.0,,,,Central split system,2.88,Condensing furnace,Natural Gas,Fireplace with spark ignit. (sealed),Natural Gas,Yes,CARRIER,38MURAQ30AB3*,CAP**3721AL*,33400,23200,26400,1.86,8.5,15.2,No,9.789,7.737,0.718,0.568
1937476,MB,R3T,E,2024-04-01,2024,Single Detached,169.7,One storey,1954,B1;B2;B3,1,5.49,8809.5,8.81,27127.5,7535.5,71460.7,19850.4,7535.6,0.0,0.0,0.0,0.0,211259279,Air,,24171.3,T,11.72,3.4,2.0,,,95.0,,,,Central split system,3.77,Electric furnace,Electricity,,,Yes,Mitsubishi Electric,PUZ-HA36NKA,PVA-A36AA*,40000,24600,38000,2.00,10,18.2,Yes,11.723,11.137,1.331,1.264
1089353,MB,R2V,E,2024-03-01,2024,Single Detached,336.0,Two storeys,1986,B1;B2,1,3.71,18428.3,18.428,40294.8,11193.1,120564.5,33490.4,11193.1,6804.2,0.0,0.0,0.0,209251548,Air,,23966.5,T,13.63,3.59,2.18,,,78.0,,,,Central split system,4.41,Condensing furnace,Natural Gas,Fireplace with spark ignit. (sealed),Natural Gas,Yes,CARRIER,25VNA448A*031*,CNPV*4821AL*+UI,46500,43500,36400,2.18,8.5,21,No,13.628,10.668,0.74,0.579
1951806,MB,R2N,E,2024-03-01,2024,Single Detached,292.1,Two storeys,1947,B1;C1;F1,1,4.9054,25029.3,25.029,117390.8,32608.8,168827.5,46896.9,32608.9,0.0,0.0,0.0,0.0,10064019,Air,,12207.6,F,0.0,2.25,0.0,,,0.0,,,,Mini-split ductless,2.64,Baseboard/Hydronic/Plenum(duct) htrs.,Electricity,Wood fireplace,Mixed Wood,Yes,TOSOT,TM24H4O,,26000,16600,,,11,21,No,7.62,,0.304,
1955520,MB,R3J,E,2024-01-01,2024,Detached Duplex,284.2,Two storeys,1918,B1;C1;C2;F1;F2,2,3.35,20297.0,20.297,68551.6,19042.3,135866.2,37740.9,19042.4,0.0,0.0,0.0,0.0,213153602,Air,,19243.3,T,9.5,3.29,1.8,,,72.0,,,,Central split system,3.18,Electric furnace,Electricity,Forced air furnace,Electricity,Yes,NAPOLEON,WSEHV2436RA1-N,HG34936,36000,21000,23600,1.80,8.5,15.2,No,10.551,6.916,0.52,0.341
1959480,MB,R2H,E,2024-05-01,2024,Single Detached,225.2,Two storeys,1948,B1;C1;F1,1,6.93,21851.7,21.852,26070.8,7241.9,133812.9,37170.5,7242.0,16649.9,0.0,0.0,0.0,210450179,Air,,9864.2,T,9.79,3.51,1.86,,,78.0,,,,Central split system,2.88,Condensing furnace,Natural Gas,,,Yes,CARRIER,38MURAQ30AB3*,CAP**4321AL*,33400,23200,26200,1.86,9,14.5,No,9.789,7.678,0.448,0.351
1964443,MB,R2Y,E,2024-05-01,2024,Single Detached,222.8,One storey,1968,B1,1,3.76,13519.0,13.519,42580.5,11828.0,88688.0,24635.8,11828.2,0.0,0.0,0.0,0.0,208141269,Air,,15266.1,T,7.03,3.59,2.1,,,100.0,,,,Central split system,3.41,Electric furnace,Electricity,,,Yes,TRANE,4TXD2036A10NU**,4MXA2024A10NU**,24000,20000,22000,1.80,9,17,Yes,7.034,6.448,0.52,0.477
1993123,MB,R3C,E,2024-05-01,2024,Single Detached,298.3,One storey,1915,B1;B2,1,5.87,37974.5,37.974,41381.3,11494.9,303272.9,84243.1,11494.8,56017.9,0.0,0.0,0.0,205663360,Air,,14866.0,T,10.55,4.79,2.47,,,0.0,,,,Mini-split ductless,2.84,Boiler  with continuous pilot,Natural Gas,Wood fireplace,Mixed Wood,Yes,DAIKIN,4MXS36RMVJU*,,36000,22000,,,12.2,17.7,No,10.551,,0.278,
2004891,MB,R3G,E,2024-04-01,2024,Single Detached,251.1,Two and a half,1913,B1,1,11.58,39615.4,39.615,35272.0,9797.9,317493.9,88193.5,9797.9,63112.4,0.0,0.0,0.0,207642882,Air,,11568.7,T,8.79,3.66,1.9,,,98.0,,,,Mini-split ductless,3.67,Boiler  with continuous pilot,Natural Gas,,,Yes,CARRIER,38MGHBQ30DA3,,30000,29000,25200,1.80,9.8,26,Yes,8.792,7.385,0.222,0.186
2007094,MB,R4A,E,2024-04-01,2024,Single Detached,278.3,Two storeys,1970,B1;B2;C1;F1,1,3.31,17915.4,17.915,34408.6,9558.0,111977.0,31105.0,9558.1,8675.3,0.0,0.0,0.0,213153602,Air,,15057.4,T,9.5,3.31,1.8,,,72.0,,,,Central split system,3.41,Condensing furnace,Natural Gas,Wood fireplace,Mixed Wood,Yes,NAPOLEON,WSEHV2436RA1-N,HG34936,36000,21000,23600,1.80,8.5,15.2,No,10.551,6.916,0.589,0.386
2009783,MB,R3J,E,2024-02-01,2024,Single Detached,205.4,One storey,1958,B1,1,2.79,10748.3,10.748,37211.2,10336.5,82662.6,22962.0,10336.5,0.0,0.0,0.0,0.0,206223052,Air,,24171.3,T,11.14,3.4,2.0,,,100.0,,,,Central split system,3.77,Electric furnace,Electricity,,,Yes,,,,,,,,,,,,,,
2014332,MB,R0E,E,2024-03-01,2024,Single Detached,344.7,One storey,1974,B1;B2;B3;B4,1,1.37,12467.6,12.468,17604.6,4890.2,62675.4,17410.0,4890.3,0.0,0.0,0.0,0.0,207312227,Ground,,10580.0,F,0.0,4.9,0.0,,,0.0,,,C448,Conventional A/C,6.0,Electric furnace,Electricity,Wood furnace,Mixed Wood,No,,,,,,,,,,,,,,
4529746,MB,R0C,E,2024-02-01,2024,Single Detached,154.6,One storey,1981,C1;F1,1,5.9709,13554.3,13.554,34812.8,9670.3,112029.5,31119.6,9670.4,0.0,0.0,0.0,8204.0,203363531,Air,,10550.6,F,0.0,4.115,0.0,,,0.0,,,ESTAR,Mini-split ductless,4.073,Baseboard/Hydronic/Plenum(duct) htrs.,Electricity,Advanced airtight wood stove,Mixed Wood,Yes,,,,,,,,,,,,,,
14666746,MB,R2J,E,2024-03-01,2024,Single Detached,132.9,One storey,1963,B1,1,2.6591,7379.7,7.38,15370.9,4269.7,77500.4,21528.1,4269.8,1952.0,0.0,0.0,0.0,212633393,Air,,10185.1,T,9.5,3.02,1.8,,,74.0,,,,Central split system,2.79,Condensing furnace,Natural Gas,,,Yes,,,,,,,,,,,,,,
10532746,MB,R3G,E,2024-03-01,2024,Detached Duplex,294.9,Two and a half,1914,B1,2,4.8,24233.5,24.234,47354.1,13154.0,129994.2,36109.8,13154.0,14328.2,0.0,0.0,0.0,201771988,Air,,18243.4,T,0.82,3.37,2.04,,,100.0,,,,Mini-split ductless,3.11,Condensing boiler,Natural Gas,,,Yes,LENNOX,MLA030S4M-1P,,28000,18000,,,10.4,22,No,8.206,,0.339,
5613746,MB,R3G,E,2024-04-01,2024,Single Detached,226.4,Two storeys,1906,B1;B2,1,6.45,15986.5,15.986,24911.5,6919.9,113302.0,31473.0,6920.1,9585.6,0.0,0.0,0.0,212361760,Air,,10891.7,T,9.67,3.25,1.85,,,81.0,,,,Central split system,2.76,Condensing furnace,Natural Gas,,,Yes,MOOVAIR,DMA30HOS20230E7,CUB36HAC20CWT7A,33000,22600,27000,1.85,9.7,15.5,Yes,9.671,7.913,0.605,0.495
5018580,MB,R3M,E,2024-04-01,2024,Single Detached,536.9,One storey,1966,B1;B2;B3,1,2.01,20001.9,20.002,55975.7,15548.9,128530.7,35703.3,15549.0,7124.5,0.0,0.0,0.0,212427853,Air,,27674.7,T,7.33,3.36,1.82,,,86.0,,,,Central split system,2.93,Condensing furnace,Natural Gas,Fireplace with spark ignit. (sealed),Natural Gas,Yes,NAPOLEON,WSEHV2436RA1-N,"H,DE33(6,9)36",24000,15000,17500,1.80,8.5,17,No,7.034,5.129,0.352,0.256
5008573,MB,R3R,E,2024-03-01,2024,Single Detached,332.7,One storey,1987,B1,1,1.9715,17222.4,17.222,23462.3,6517.4,119328.5,33147.1,6517.3,13796.2,0.0,0.0,0.0,208157170,Air,,8831.1,T,8.38,3.66,1.83,,,112.0,,,,Central single package system,2.88,Condensing furnace,Natural Gas,Fireplace with spark ignit. (unsealed),Natural Gas,Yes,NAPOLEON,NS18HV24A36,"H,DE33(6,9)36",28600,19400,,,10,17.5,No,8.382,,0.487,
5015645,MB,R3C,E,2024-05-01,2024,Single Detached,303.0,Two storeys,1931,B1,1,3.8407,24311.5,24.312,35157.5,9766.1,167962.8,46656.7,9766.2,20941.3,0.0,0.0,0.0,212604432,Air,,15454.2,T,10.43,4.0,1.85,,,99.0,,,,Mini-split ductless,2.8,Boiler  with continuous pilot,Natural Gas,,,Yes,DAIKIN,4MXLH36WVJU*,,35600,22200,35200,1.80,8.3,18,No,10.433,10.316,0.429,0.424
5019419,MB,R5M,E,2024-03-01,2024,Single Detached,222.4,One storey,1969,B1,1,2.09,14182.7,14.183,47540.3,13205.7,93295.4,25915.6,13205.7,0.0,0.0,0.0,0.0,213153602,Air,,15057.4,T,9.5,3.31,1.8,,,72.0,,,,Central split system,3.41,Electric furnace,Electricity,Advanced airtight wood stove,Mixed Wood,Yes,NAPOLEON,WSEHV2436RA1-N,HG34936,36000,21000,23600,1.80,8.5,15.2,No,10.551,6.916,0.744,0.488
1175434,MB,R2M,E,2024-01-01,2024,Single Detached,241.0,One and a half,1938,B1;C1;F1,1,3.22,15030.3,15.03,56283.6,15634.5,100045.8,27790.7,15634.6,0.0,0.0,0.0,0.0,213153602,Air,,15057.4,T,9.5,3.31,1.8,,,72.0,,,,Central split system,3.41,Electric furnace,Electricity,Adv. airtight wood stove + cat. conv.,Mixed Wood,Yes,NAPOLEON,WSEHV2436RA1-N,HG34936,36000,21000,23600,1.80,8.5,15.2,No,10.551,6.916,0.702,0.46
5024206,MB,R2P,E,2024-02-01,2024,Single Detached,210.4,One storey,1975,B1;P1,1,1.04,9290.2,9.29,25320.9,7033.6,71576.6,19882.5,7033.7,0.0,0.0,0.0,0.0,213361583,Air,,17283.6,T,10.43,5.9,2.0,,,73.0,,,,Central split system,10.0,Electric furnace,Electricity,,,Yes,CARRIER,25VNA436A*031*,"FE4BN(B,X)C36L*+UI",35600,32000,26400,1.98,8.5,19.5,No,10.433,7.737,1.123,0.833
5032693,MB,R5R,E,2024-03-01,2024,Single Detached,168.3,Two storeys,1921,B1;B2;C1;F1,1,8.74,16729.8,16.73,60496.7,16804.8,108592.0,30164.7,16804.9,0.0,0.0,0.0,0.0,212633393,Air,,10185.1,T,9.5,3.02,1.8,,,74.0,,,,Central split system,2.79,Electric furnace,Electricity,,,Yes,,,,,,,,,,,,,,
5035784,MB,R2C,E,2024-05-01,2024,Single Detached,112.9,One storey,1980,B1,1,2.91,8107.2,8.107,16021.7,4450.5,70049.6,19458.4,4450.6,2315.6,0.0,0.0,0.0,212851768,Air,,10302.9,T,9.5,3.23,1.8,,,86.0,,,,Central split system,2.93,Condensing furnace,Natural Gas,,,Yes,,,,,,,,,,,,,,
5035076,MB,R2H,E,2024-04-01,2024,Single Detached,212.4,Two storeys,1948,B1;C1;F1,1,3.51,13921.9,13.922,25502.8,7084.2,99531.1,27647.7,7084.2,7160.6,0.0,0.0,0.0,212614891,Air,,10618.8,T,6.74,3.21,2.0,,,70.0,,,,Central split system,3.18,Condensing furnace,Natural Gas,,,Yes,DAIKIN,DZ6VSA241EA*,CA*EA2422*4A*,23000,16000,16100,2.00,8.6,17,Yes,6.741,4.718,0.484,0.339
5048567,MB,R0E,E,2024-04-01,2024,Single Detached,300.1,Two storeys,1973,B1;B2,1,2.26,15675.8,15.676,50950.3,14153.0,99260.6,27572.6,14152.9,0.0,0.0,0.0,0.0,8103542,Air,,8795.1,T,8.8,4.8,2.75,,,69.0,,,,Mini-split ductless,3.19,Electric furnace,Electricity,Advanced airtight wood stove,Mixed Wood,Yes,DAIKIN,2MXS18NMVJU,,18900,12000,,,10.7,18.9,No,5.539,,0.353,
5057709,MB,R3E,E,2024-05-01,2024,Single Detached,255.8,Two storeys,1927,B1,1,6.925,24623.0,24.623,42898.9,11916.5,181611.7,50448.1,11916.5,22632.4,0.0,0.0,0.0,208786091,Air,,15540.1,T,8.79,3.32,1.84,,,76.0,,,,Mini-split ductless,2.97,Boiler  with continuous pilot,Natural Gas,,,Yes,GREE,GWHD(30)ND3MO,,30000,27200,22800,1.84,10,21,Yes,8.792,6.682,0.357,0.271
5059817,MB,R3R,E,2024-02-01,2024,Single Detached,163.4,One storey,1965,B1;C1;F1,1,3.0912,9116.4,9.116,23852.0,6625.6,71862.9,19962.1,6625.6,0.0,0.0,0.0,0.0,212614864,Air,,10653.1,T,6.74,3.38,2.0,,,70.0,,,ESTAR,Central split system,3.18,Electric furnace,Electricity,,,Yes,DAIKIN,DZ6VSA241EA*,DFVE36CP1400A*,23000,16000,16100,2.00,8.6,17,Yes,6.741,4.718,0.739,0.518
5063853,MB,R3N,E,2024-03-01,2024,Single Detached,137.7,One storey,1929,B1,1,4.057,11301.0,11.301,18542.7,5150.8,83464.3,23184.7,5150.9,5274.5,0.0,0.0,0.0,207202288,Air,,9268.7,T,5.51,4.05,2.0,,,72.0,,,,Central split system,3.53,Condensing furnace,Natural Gas,,,Yes,CARRIER,38MARBQ18AA3,CAP**2417AL*,18800,14700,,,11,17.5,No,5.51,,0.488,
5074134,MB,R5N,E,2023-12-01,2023,Single Detached,226.3,One storey,2005,B1,1,1.5789,9958.2,9.958,24596.1,6832.3,93564.6,25990.4,6832.3,5620.6,0.0,0.0,0.0,213153602,Air,,15057.4,T,9.5,3.31,1.8,,,72.0,,,ESTAR,Central split system,3.41,Condensing furnace,Natural Gas,Fireplace with pilot (unsealed),Natural Gas,Yes,NAPOLEON,WSEHV2436RA1-N,HG34936,36000,21000,23600,1.80,8.5,15.2,No,10.551,6.916,1.059,0.695
5084844,MB,R2K,E,2024-01-01,2024,Single Detached,167.1,One and a half,1922,B1;B2;B3;B4,1,4.06,15724.4,15.724,22066.0,6129.5,107423.6,29840.1,6129.5,11366.5,0.0,0.0,0.0,208157170,Air,,8831.1,T,8.38,3.66,1.83,,,112.0,,,,Central split system,2.88,Condensing furnace,Natural Gas,Radiant floor panels,Electricity,Yes,NAPOLEON,NS18HV24A36,"H,DE33(6,9)36",28600,19400,,,10,17.5,No,8.382,,0.533,
5085109,MB,R0G,E,2024-03-01,2024,Single Detached,289.4,One storey,1994,B1,1,2.8349,12473.5,12.474,23480.1,6522.3,100924.3,28034.8,6522.3,5877.5,0.0,0.0,0.0,209270321,Air,,10889.3,T,9.67,3.29,1.85,,,81.0,,,,Central split system,2.76,Condensing furnace,Natural Gas,,,Yes,ECO-AIR,MOD30U-30HFN1-MR0(X),MAC-36HWFN1-M,33000,22600,27000,1.85,9.7,15.5,Yes,9.671,7.913,0.775,0.634
5085147,MB,R0G,E,2024-03-01,2024,Single Detached,205.9,One storey,1973,B1;B2;B3,1,2.89,14092.0,14.092,53538.8,14872.0,97989.8,27219.6,14872.1,0.0,0.0,0.0,0.0,207335553,Air,,19760.3,T,10.55,3.01,1.83,,,83.0,,,,Central split system,2.85,Electric furnace,Electricity,,,Yes,NAPOLEON,NS18HV24A36,NPFX24A36A,35000,29000,28000,1.80,9,16,No,10.257,8.206,0.728,0.582
5089162,MB,R2L,E,2024-01-01,2024,Single Detached,176.9,Two storeys,1911,B1,1,10.0314,21390.4,21.39,49198.8,13666.4,131889.1,36636.2,13666.5,10219.8,0.0,0.0,0.0,202521824,Air,,23894.3,T,10.73,3.4,2.0,,,100.0,,,ESTAR,Mini-split ductless,3.04,Condensing furnace,Natural Gas,,,Yes,DAIKIN,4MXL36TVJU,,34400,22400,,,11.2,21.7,No,10.082,,0.471,
5089643,MB,R2L,E,2024-04-01,2024,Single Detached,141.6,Two storeys,1946,B1,1,6.3685,15034.0,15.034,20563.2,5712.0,104323.4,28979.0,5712.0,10821.2,0.0,0.0,0.0,211239696,Air,,8042.2,T,7.97,3.61,1.9,,,85.0,,,,Central split system,3.21,Condensing furnace,Natural Gas,,,Yes,CARRIER,38MURAQ24AB3*,CAP**2417AL*,,19600,23200,1.90,8.5,15.5,No,,6.799,,0.452
5092353,MB,R5N,E,2024-02-01,2024,Single Detached,359.3,One storey,1979,B1,1,3.5816,23607.7,23.608,118694.9,32971.1,169393.7,47054.2,32971.1,0.0,0.0,0.0,0.0,212633393,Air,,10185.1,T,9.5,3.02,1.8,,,74.0,,,,Central split system,2.79,Electric furnace,Electricity,Wood fireplace,Hardwood,Yes,,,,,,,,,,,,,,
5096131,MB,R5K,E,2024-03-01,2024,Single Detached,226.7,One storey,1978,B1,1,2.8343,12682.0,12.682,26305.9,7307.3,93708.9,26030.5,7307.3,4181.1,0.0,0.0,0.0,213153602,Air,,15057.4,T,9.5,3.31,1.8,,,72.0,,,,Central split system,3.41,Condensing furnace,Natural Gas,Wood furnace,Mixed Wood,Yes,NAPOLEON,WSEHV2436RA1-N,HG34936,36000,21000,23600,1.80,8.5,15.2,No,10.551,6.916,0.832,0.545
5102342,MB,R0K,E,2024-03-01,2024,Single Detached,159.3,One storey,1981,B1,1,2.85,7963.9,7.964,28411.9,7892.3,82185.2,22829.4,7892.3,2026.1,0.0,0.0,0.0,207768730,Air,,16209.8,T,8.21,3.12,1.84,,,89.0,,,,Mini-split ductless,2.75,Baseboard/Hydronic/Plenum(duct) htrs.,Electricity,Fireplace with pilot (unsealed),Natural Gas,Yes,LENNOX,MLB030S4M-1P,,28000,26600,25000,1.80,10.6,23,Yes,8.206,7.327,1.03,0.92
5110519,MB,R6W,E,2024-05-01,2024,Single Detached,210.7,Two storeys,1972,B1;B2;P1;P2,1,2.98,10873.7,10.874,23419.1,6505.4,87538.0,24316.3,6505.3,4959.5,0.0,0.0,0.0,211377917,Air,,14998.2,T,9.73,3.49,2.0,,,71.0,,,,Central split system,2.78,Condensing furnace,Natural Gas,Fireplace with pilot (sealed),Natural Gas,Yes,YORK,HMH72B341,XAHB36DXXN1+TXV,33200,25200,23600,2.00,8.1,17,Yes,9.73,6.916,0.895,0.636
5115208,MB,R6P,E,2024-04-01,2024,Single Detached,217.8,Split entry/Raised base.,2002,B1;B2,1,1.22,11845.5,11.846,50874.4,14131.9,99558.8,27655.4,14131.8,0.0,0.0,0.0,0.0,212633393,Air,,10197.7,T,9.5,3.01,7.8,,,74.0,,,,Central split system,2.79,Electric furnace,Electricity,,,Yes,,,,,,,,,,,,,,
5402359,MB,R0J,E,2024-04-01,2024,Single Detached,196.6,One storey,1994,B1,1,1.1013,8739.0,8.739,31578.3,8771.8,77178.5,21438.6,8771.7,0.0,0.0,0.0,0.0,208141270,Air,,19855.3,T,10.55,3.03,1.83,,,83.0,,,ESTAR,Central split system,2.85,Baseboard/Hydronic/Plenum(duct) htrs.,Electricity,,,Yes,TRANE,4TXD2036A10NU**,4MXA2036A10NU**,35000,29000,28000,1.80,9,16,Yes,10.257,8.206,1.174,0.939
5128824,MB,R2P,E,2024-04-01,2024,Single Detached,258.1,One storey,1972,B1,1,2.746,11416.7,11.417,19979.6,5549.9,98762.7,27434.3,5550.0,8771.7,0.0,0.0,0.0,207098550,Air,,8787.2,T,7.62,3.48,1.95,,,70.0,,,,Central split system,3.36,Condensing furnace,Natural Gas,Fireplace with pilot (unsealed),Natural Gas,Yes,CARRIER,38MARBQ24AA3,CAP**2417AL*,26000,15800,,,10,15,No,7.62,,0.667,
5129895,MB,R0J,E,2024-03-01,2024,Single Detached,219.8,One storey,1970,B1,1,2.9783,16227.9,16.228,67270.3,18686.3,113048.2,31402.5,18686.3,0.0,0.0,0.0,0.0,207768730,Air,,16624.5,T,8.21,3.13,1.84,,,89.0,,,ESTAR,Mini-split ductless,2.75,Baseboard/Hydronic/Plenum(duct) htrs.,Electricity,,,Yes,LENNOX,MLB030S4M-1P,,28000,26600,25000,1.80,10.6,23,Yes,8.206,7.327,0.506,0.451
5131363,MB,R2H,E,2024-03-01,2024,Single Detached,212.0,One and a half,1948,B1;C1;F1,1,5.67,14891.5,14.892,26534.9,7370.9,103230.2,28675.3,7370.9,7689.0,0.0,0.0,0.0,210450223,Air,,9864.2,T,9.67,3.45,1.8,,,88.0,,,,Central split system,2.88,Condensing furnace,Natural Gas,Fireplace with spark ignit. (sealed),Natural Gas,Yes,BRYANT HEATING AND COOLING SYSTEMS,38MURAQ30AB3*,CAP**4321AL*,33400,23200,26200,1.86,9,14.5,No,9.789,7.678,0.657,0.516
5131861,MB,R3G,E,2023-12-01,2023,Single Detached,159.3,Two storeys,1920,B1,1,10.4,21080.2,21.08,24863.0,6906.4,138354.6,38432.1,6906.4,18652.6,0.0,0.0,0.0,207098695,Air,,8787.2,T,7.62,3.48,1.95,,,70.0,,,ESTAR,Central split system,3.36,Condensing furnace,Natural Gas,,,Yes,Bryant,38MARBQ24AA3,CAP**2417AL*,26000,15800,,,10,15,No,7.62,,0.361,
5140889,MB,R6M,E,2024-05-01,2024,Single Detached,198.1,One storey,1977,B1,1,1.1881,8782.8,8.783,27145.3,7540.4,71137.5,19760.6,7540.3,0.0,0.0,0.0,0.0,9607174,Air,,10374.7,F,0.0,4.352,0.0,,,0.0,,,ESTAR,Central split system,3.383,Electric furnace,Electricity,,,Yes,,,,,,,,,,,,,,
5145125,MB,R3M,E,2024-03-01,2024,Single Detached,160.3,Two storeys,1956,B1,1,3.7749,9911.6,9.912,20112.2,5586.8,77919.2,21644.4,5586.7,3129.5,0.0,0.0,0.0,212427853,Air,,13837.3,T,7.33,3.36,1.82,,,86.0,,,,Central split system,2.93,Condensing furnace,Natural Gas,,,Yes,NAPOLEON,WSEHV2436RA1-N,"H,DE33(6,9)36",24000,15000,17500,1.80,8.5,17,No,7.034,5.129,0.71,0.517
5147321,MB,R5R,E,2024-05-01,2024,Single Detached,388.3,Two storeys,1979,C1;F1,1,2.7509,28466.2,28.466,95113.6,26420.7,152661.2,42406.2,26420.8,0.0,0.0,0.0,0.0,211624973,Air,,28445.7,T,7.03,3.36,1.86,,,91.0,,,,Central split system,3.41,Electric furnace,Electricity,Same as Type 1 heating system,Electricity,Yes,NAPOLEON,WSEHV2436RA1-N,NPFX24A,24000,20000,22000,1.80,9,17,Yes,7.034,6.448,0.247,0.226
5155539,MB,R0E,E,2024-04-01,2024,Single Detached,442.3,One storey,1973,B1;C1;C2;F1,1,4.6746,22714.9,22.715,103471.8,28742.4,150597.3,41832.9,28742.5,0.0,0.0,0.0,0.0,211624974,Air,,11177.1,T,10.26,2.99,1.8,,,108.0,,,,Central split system,2.85,Electric furnace,Electricity,Wood fireplace,Mixed Wood,Yes,NAPOLEON,WSEHV2436RA1-N,NPFX24A36A,35000,29000,28000,1.80,9,16,Yes,10.257,8.206,0.452,0.361
5161676,MB,R3M,E,2024-03-01,2024,Single Detached,345.9,One storey,1960,B1;B2,1,3.3584,25208.2,25.208,53193.3,14776.0,162934.4,45259.9,14776.0,15523.5,0.0,0.0,0.0,212396763,Air,,19769.4,T,9.5,3.01,1.83,,,92.0,,,,Central split system,2.85,Condensing furnace,Natural Gas,,,Yes,TRANE,4TXD2036A10NU**,"H,TG34936+TD",36000,22000,24000,1.80,8.5,15.2,No,10.551,7.034,0.419,0.279
5162235,MB,R3R,E,2024-05-01,2024,Single Detached,154.9,One storey,1972,B1,1,2.29,10300.5,10.3,22473.7,6242.7,79581.6,22106.2,6242.8,3279.7,0.0,0.0,0.0,212404693,Air,,13837.4,T,7.33,3.36,1.82,,,86.0,,,,Central split system,2.93,Condensing furnace,Natural Gas,,,Yes,NAPOLEON,WSEHV2436RA1-N,"H,DE33(6,9)36",24000,15000,17500,1.80,8.5,17,No,7.034,5.129,0.683,0.498
5162521,MB,R0E,E,2024-06-01,2024,Single Detached,213.7,One storey,1982,B1;B2,1,2.6501,15323.0,15.323,61600.9,17111.5,109070.5,30297.6,17111.5,0.0,0.0,0.0,0.0,212384834,Air,,11501.0,T,11.43,3.55,2.0,,,89.0,,,,Central split system,3.11,Electric furnace,Electricity,Advanced airtight wood stove,Mixed Wood,Yes,KEEPRITE,DLCURAH36ABK,FJMA4*42L*C*,39000,29200,34800,2.00,8.1,16,No,11.43,10.199,0.746,0.666
5165118,MB,R0E,E,2024-05-01,2024,Single Detached,479.5,Two storeys,1992,B1,1,1.6772,21270.1,21.27,54380.5,15105.8,100892.0,28025.8,15106.0,0.0,0.0,0.0,0.0,207318098,Ground,,10550.6,F,0.0,3.7,0.0,,,0.0,,,C448,Conventional A/C,4.72,Baseboard/Hydronic/Plenum(duct) htrs.,Electricity,Wood fireplace,Mixed Wood,No,,,,,,,,,,,,,,
5166467,MB,R0A,E,2024-04-01,2024,Single Detached,479.5,One and a half,1920,C1;F1,1,2.7942,24898.1,24.898,83765.4,23268.4,136344.1,37873.7,23268.2,0.0,0.0,0.0,0.0,205724738,Air,,28560.1,T,15.83,3.04,1.8,,,81.0,,,,Central split system,2.98,Electric furnace,Electricity,Wood fireplace,Mixed Wood,Yes,GREE,GUD60W/A-D(U),GUD60A/A-D(U),54000,37200,,,10,17,No,15.826,,0.636,
5166853,MB,R2V,E,2024-03-01,2024,Single Detached,109.4,One storey,1922,B1;B2;B3,1,8.22,12116.6,12.117,23908.9,6641.4,92631.9,25731.3,6641.4,4087.3,0.0,0.0,0.0,212404693,Air,,13837.4,T,7.33,3.36,1.82,,,86.0,,,,Central split system,2.93,Condensing furnace,Natural Gas,,,Yes,NAPOLEON,WSEHV2436RA1-N,"H,DE33(6,9)36",24000,15000,17500,1.80,8.5,17,No,7.034,5.129,0.581,0.423
5169339,MB,R5R,E,2024-02-01,2024,Single Detached,359.7,Two storeys,1992,B1;B2,1,1.5546,16798.3,16.798,36384.8,10107.0,81819.4,22727.8,10107.0,0.0,0.0,0.0,0.0,202350097,Ground,,13280.0,F,0.0,3.4,0.0,,,0.0,,,C448,Conventional A/C,4.84,Electric furnace,Electricity,,,No,,,,,,,,,,,,,,
5169517,MB,R3C,E,2024-06-01,2024,Single Detached,188.7,Two storeys,1900,B1;B2;B3,1,5.37,15246.2,15.246,57556.7,15988.1,103398.4,28722.0,15988.2,0.0,0.0,0.0,0.0,207768730,Air,,16042.7,T,8.21,3.11,1.84,,,89.0,,,,Mini-split ductless,2.75,Electric boiler,Electricity,Wood fireplace,Mixed Wood,Yes,LENNOX,MLB030S4M-1P,,28000,26600,25000,1.80,10.6,23,Yes,8.206,7.327,0.538,0.481
5175822,MB,R2C,E,2024-02-01,2024,Single Detached,75.9,One storey,1912,C1;F1,1,9.7457,10407.0,10.407,13319.3,3699.8,73268.7,20352.6,3699.8,3295.3,0.0,0.0,0.0,207202250,Air,,9222.9,T,5.45,4.0,2.0,,,73.0,,,ESTAR,Central split system,3.45,Condensing furnace,Natural Gas,,,Yes,CARRIER,38MARBQ18AA3,CAP**2414AL*,18600,14600,,,10.5,17,No,5.451,,0.524,
5175845,MB,R3T,E,2024-02-01,2024,Single Detached,232.5,Two storeys,1947,B1;B2,1,4.4996,17488.3,17.488,15094.0,4192.8,130017.5,36116.3,4192.8,16414.0,0.0,0.0,0.0,211263284,Air,,5525.3,T,5.45,3.81,2.26,,,101.0,,,ESTAR,Central split system,3.34,Condensing furnace,Natural Gas,,,Yes,KEEPRITE,DLCURAH18ABK,"EN(A,D)4X24L17**",18600,12500,18900,2.26,8.5,15.5,No,5.451,5.539,0.312,0.317
5175848,MB,R0K,E,2023-12-01,2023,Single Detached,669.9,One storey,1960,B1;B2,1,1.9192,28051.1,28.051,34521.1,9589.3,218747.5,60763.7,9589.2,36204.5,0.0,0.0,0.0,207098695,Air,,8771.9,T,7.62,3.47,1.95,,,70.0,,,ESTAR,Central split system,3.36,Condensing furnace,Natural Gas,Furnace/Boiler w/ spark ignition,Natural Gas,Yes,Bryant,38MARBQ24AA3,CAP**2417AL*,26000,15800,,,10,15,No,7.62,,0.272,
5181700,MB,R7A,E,2024-04-01,2024,Single Detached,283.1,One storey,1973,B1;C1;F1;P1,1,2.5227,18185.5,18.186,77007.5,21391.1,126707.4,35196.8,21391.3,0.0,0.0,0.0,0.0,212925868,Air,,8323.2,T,8.38,3.19,1.95,,,100.0,,,ESTAR,Mini-split ductless,2.09,Baseboard/Hydronic/Plenum(duct) htrs.,Electricity,Advanced airtight wood stove,Mixed Wood,Yes,Mitsubishi Electric,MXZ-3C30NAHZ4-**,,28600,18000,28600,1.80,10,18,Yes,8.382,8.382,0.461,0.461
5182517,MB,R3N,E,2024-05-01,2024,Single Detached,236.3,Two storeys,1927,B1,1,4.85,19382.3,19.382,14821.7,4117.2,176308.5,48975.0,4117.3,29376.6,0.0,0.0,0.0,10255978,Air,,6799.2,F,0.0,3.724,0.0,,,0.0,,,,Central split system,3.153,Boiler  with spark ignition,Natural Gas,,,Yes,AMERISTAR,M4THS1524A11N**,M4MHW1524A1N0**,23200,13600,,,9,15,No,6.799,,0.351,
5183295,MB,R3G,E,2024-03-01,2024,Single Detached,186.2,Three storeys,1911,B1;C1;F1,1,6.401,37249.0,37.249,60980.9,16939.3,235263.3,65351.4,16939.3,35401.9,0.0,0.0,0.0,210722666,Air,,16043.0,T,10.73,3.22,2.0,,,100.0,,,,Mini-split ductless,2.83,Boiler  with spark ignition,Natural Gas,,,Yes,DAIKIN,4MXL36WVJU*,,36600,22400,36600,1.80,9,20,No,10.726,10.726,0.288,0.288
5183338,MB,R0J,E,2024-04-01,2024,Single Detached,452.2,Three storeys,1918,B1;B2,1,2.7743,32477.1,32.477,74030.7,20564.2,119069.4,33075.1,20564.3,0.0,0.0,0.0,0.0,207312174,Ground,,16239.9,F,0.0,3.7,0.0,,,0.0,,,C448,Conventional A/C,5.33,Electric furnace,Electricity,,,No,,,,,,,,,,,,,,
5185769,MB,R2G,E,2024-05-01,2024,Single Detached,982.3,Two storeys,2003,B1;C1;F1,1,1.95,35177.5,35.178,72252.9,20070.4,129612.2,36003.7,20070.4,0.0,0.0,0.0,0.0,207312018,Ground,,15972.4,F,0.0,3.7,0.0,,,0.0,,,C448,Conventional A/C,5.01,Baseboard/Hydronic/Plenum(duct) htrs.,Electricity,Other (describe),Electricity,No,,,,,,,,,,,,,,
5188173,MB,R0G,E,2024-02-01,2024,Single Detached,247.2,One storey,2022,B1,1,1.1133,8674.4,8.674,17489.9,4858.3,72690.9,20192.1,4858.4,3038.6,0.0,0.0,0.0,211467985,Air,,12341.2,T,9.96,3.68,2.17,,,55.0,,,ESTAR,Central split system,3.52,Condensing furnace,Natural Gas,,,Yes,LENNOX,EL22XPV-036-230A**,CX35-48B+TDR,34000,22600,18700,2.18,8.8,20,No,9.964,5.48,1.149,0.632
603529,MB,R7B,E,2024-05-01,2024,Single Detached,207.0,Split level,1983,B1;P1,1,2.97,12962.3,12.962,24526.2,6812.9,97423.5,27062.3,6812.8,4838.6,0.0,0.0,0.0,210450179,Air,,11830.7,T,9.67,3.25,1.8,,,88.0,,,ESTAR,Central split system,2.79,Condensing furnace,Natural Gas,Wood fireplace,Mixed Wood,Yes,CARRIER,38MURAQ30AB3*,CAP**4321AL*,33400,23200,26200,1.86,9,14.5,No,9.789,7.678,0.755,0.592
5190632,MB,R2X,E,2024-05-01,2024,Single Detached,156.8,One storey,2013,B1,1,0.9479,6027.2,6.027,12710.8,3530.8,65699.8,18250.1,3530.9,1809.5,0.0,0.0,0.0,211644151,Air,,10185.1,T,9.96,3.02,1.8,,,70.0,,,,Central split system,2.79,Condensing furnace,Natural Gas,,,Yes,GREE,GUD36W/A-D(U),GCAT36*/NAA,36000,23200,26000,1.80,8.5,15.2,Yes,10.551,7.62,1.75,1.264
5193661,MB,R2J,E,2024-01-01,2024,Single Detached,249.5,One storey,1974,B1;C1;F1,1,1.745,12391.9,12.392,22065.0,6129.2,92213.7,25615.1,6129.2,5431.4,0.0,0.0,0.0,211226406,Air,,11353.6,T,11.28,3.23,1.8,,,91.0,,,,Central split system,2.95,Condensing furnace,Natural Gas,Fireplace with pilot (sealed),Natural Gas,Yes,KEEPRITE,DLCURAH36ABK,EA*4X36L21A*,38500,29400,35200,1.80,8,16,No,11.283,10.316,0.911,0.832
5193681,MB,R3G,E,2024-03-01,2024,Detached Duplex,289.3,Three storeys,1909,B1;B2,2,7.3398,34493.8,34.494,48570.2,13491.8,263254.5,73126.8,13491.8,41207.0,0.0,0.0,0.0,207642891,Air,,14036.6,T,10.67,3.54,1.8,,,98.0,,,ESTAR,Central split system,3.98,Boiler  with continuous pilot,Natural Gas,Wood fireplace,Mixed Wood,Yes,CARRIER,38MGHBQ36DA3,,37000,33000,36000,1.90,10.3,22.2,Yes,10.844,10.551,0.314,0.306
5196845,MB,R2N,E,2024-03-01,2024,Single Detached,253.9,One storey,1987,B1,1,1.8186,10674.5,10.674,20789.1,5774.8,94239.0,26177.7,5774.8,4791.7,0.0,0.0,0.0,212427853,Air,,13837.3,T,7.33,3.36,1.82,,,86.0,,,,Central split system,2.93,Condensing furnace,Natural Gas,Fireplace with pilot (unsealed),Natural Gas,Yes,NAPOLEON,WSEHV2436RA1-N,"H,DE33(6,9)36",24000,15000,17500,1.80,8.5,17,No,7.034,5.129,0.659,0.48
5197151,MB,R7B,E,2024-05-01,2024,Single Detached,246.3,One storey,1961,B1,1,2.7847,16272.4,16.272,22029.1,6119.2,130046.8,36124.4,6119.2,14784.3,0.0,0.0,0.0,207436239,Air,,6347.3,T,6.33,3.11,1.83,,,94.0,,,,Central split system,4.45,Condensing furnace,Natural Gas,,,Yes,LENNOX,SL25XPV-024-230A**,CX35-36B+TDR,21600,24200,20400,1.84,9.2,23,No,6.33,5.979,0.389,0.367
5207981,MB,R1A,E,2023-12-01,2023,Single Detached,290.5,Two storeys,1987,B1;B2,1,2.1524,18915.5,18.916,30764.3,8545.7,137810.9,38281.1,8545.6,16413.2,0.0,0.0,0.0,211226027,Air,,11353.6,T,11.28,3.35,1.86,,,90.0,,,ESTAR,Central split system,3.11,Condensing furnace,Natural Gas,Fireplace with pilot (sealed),Natural Gas,Yes,CARRIER,38MURAQ36AB3*,CNPV*4221AL*,38500,29400,35000,1.86,7.7,16,No,11.283,10.257,0.597,0.542
5208443,MB,R2K,E,2024-04-01,2024,Single Detached,164.0,One storey,1950,B1;B2,1,4.3743,11824.8,11.825,19016.1,5282.3,83261.2,23128.3,5282.3,5595.6,0.0,0.0,0.0,207172938,Air,,8622.7,T,5.1,3.58,2.06,,,73.0,,,,Central split system,3.2,Condensing furnace,Natural Gas,,,Yes,DAIKIN,DZ17VSA181B*,CA*EA1818*4A*,17100,10800,,2.10,8.5,17.5,No,5.012,,0.424,
5211139,MB,R3G,E,2024-04-01,2024,Single Detached,256.7,Two and a half,1906,B1;B2;C1;F1,1,6.91,24973.1,24.973,49720.2,13811.3,156752.2,43542.6,13811.2,14494.6,0.0,0.0,0.0,207699104,Air,,22956.2,T,10.84,3.14,1.81,,,97.0,,,,Mini-split ductless,2.85,Induced draft fan boiler,Natural Gas,,,Yes,LENNOX,MLB036S4M-1P,,37000,33000,36000,1.90,10.3,22.2,Yes,10.844,10.551,0.434,0.422
5211709,MB,R3L,E,2024-02-01,2024,Single Detached,191.7,Two storeys,1941,B1,1,6.2572,17620.3,17.62,22589.3,6274.9,114105.9,31696.3,6274.8,13111.8,0.0,0.0,0.0,207098550,Air,,8787.2,T,7.62,3.48,1.95,,,70.0,,,,Central split system,3.36,Condensing furnace,Natural Gas,,,Yes,CARRIER,38MARBQ24AA3,CAP**2417AL*,26000,15800,,,10,15,No,7.62,,0.432,
5212036,MB,R3L,E,2024-05-01,2024,Single Detached,169.8,One storey,1950,B1;C1;F1,1,6.964,15049.7,15.05,14935.5,4148.8,117121.5,32534.0,4148.6,12259.3,0.0,0.0,0.0,213153602,Air,,9495.5,T,9.5,3.976,1.8,,,72.0,,,,Central split system,3.176,Condensing furnace,Natural Gas,,,Yes,NAPOLEON,WSEHV2436RA1-N,HG34936,36000,21000,23600,1.80,8.5,15.2,No,10.551,6.916,0.701,0.46
5212611,MB,R3J,E,2024-03-01,2024,Single Detached,209.6,One storey,1953,B1,1,4.1534,18235.3,18.235,30553.3,8487.1,144751.4,40209.0,8487.0,18810.7,0.0,0.0,0.0,213076369,Air,,7000.0,T,7.85,3.92,2.26,,,99.0,,,,Central split system,3.2,Induced draft fan furnace,Natural Gas,Baseboard/Hydronic/Plenum(duct) htrs,Electricity,Yes,CARRIER,38MURAQ24AB3*,CAP**2417AL*,26800,19400,26600,2.26,8.5,16.5,No,7.854,7.796,0.431,0.428
5217746,MB,R2M,E,2024-04-01,2024,Single Detached,185.9,One and a half,1949,B1;B2,1,3.66,13598.5,13.598,16328.3,4535.7,100016.3,27782.5,4535.6,7733.1,0.0,0.0,0.0,213076371,Air,,7924.3,T,7.85,3.92,2.26,,,99.0,,,,Central split system,3.2,Condensing furnace,Natural Gas,Baseboard/Hydronic/Plenum(duct) htrs,Electricity,Yes,BRYANT HEATING AND COOLING SYSTEMS,38MURAQ24AB3*,CAP**2417AL*,26800,19400,26600,2.26,8.5,16.5,No,7.854,7.796,0.578,0.573
5225530,MB,R3J,E,2024-03-01,2024,Single Detached,162.7,One storey,1952,B1,1,3.6813,12376.8,12.377,19651.9,5458.9,93393.4,25942.8,5458.9,5016.7,0.0,0.0,0.0,207202288,Air,,9268.7,T,5.51,4.05,2.0,,,72.0,,,ESTAR,Central split system,3.53,Condensing furnace,Natural Gas,,,Yes,CARRIER,38MARBQ18AA3,CAP**2417AL*,18800,14700,,,11,17.5,No,5.51,,0.445,
5226100,MB,R2Y,E,2024-05-01,2024,Single Detached,265.1,Two storeys,1988,B1,1,2.4757,16863.5,16.864,18821.5,5228.2,123602.2,34334.2,5228.4,13642.9,0.0,0.0,0.0,212442669,Air,,8206.0,F,0.0,4.104,0.0,,,0.0,,,ESTAR,Central split system,3.32665,Condensing furnace,Natural Gas,Wood fireplace,Mixed Wood,Yes,LENNOX,EL17XP1-030-230A**,CHX35-30B-**-*+TDR,28000,17800,13700,2.08,8,15.8,No,8.206,4.015,0.487,0.238
5228264,MB,R3T,E,2024-04-01,2024,Single Detached,217.6,One storey,1994,B1,1,2.4314,12824.5,12.824,27890.2,7747.3,102193.3,28387.3,7747.3,5463.4,0.0,0.0,0.0,213153602,Air,,15057.4,T,9.5,3.31,1.81,,,72.0,,,,Central split system,3.41,Induced draft fan furnace,Natural Gas,,,Yes,NAPOLEON,WSEHV2436RA1-N,HG34936,36000,21000,23600,1.80,8.5,15.2,No,10.551,6.916,0.823,0.539
5230108,MB,R3P,E,2024-05-01,2024,Single Detached,214.9,One storey,2004,B1,1,1.5881,7727.2,7.727,19032.2,5286.8,73831.7,20509.0,5286.7,2583.6,0.0,0.0,0.0,212404693,Air,,13837.4,T,7.33,3.36,1.82,,,86.0,,,,Central split system,2.93,Condensing furnace,Natural Gas,,,Yes,NAPOLEON,WSEHV2436RA1-N,"H,DE33(6,9)36",24000,15000,17500,1.80,8.5,17,No,7.034,5.129,0.91,0.664
5230470,MB,R3X,E,2024-03-01,2024,Single Detached,266.3,Two storeys,2002,B1,1,2.1217,15378.1,15.378,18604.1,5167.8,116241.6,32289.6,5167.8,11718.7,0.0,0.0,0.0,212406525,Air,,7653.6,T,6.56,3.68,2.1,,,107.0,,,,Central split system,3.41,Condensing furnace,Natural Gas,,,Yes,TRANE,4TXD2036A10NU**,"H,TG34930+TD",24000,15800,21200,1.80,8.5,15.2,No,7.034,6.213,0.457,0.404
5230506,MB,R3K,E,2024-03-01,2024,Single Detached,261.5,Two storeys,1961,B1;C1;F1,1,2.5795,18306.4,18.306,11020.8,3061.4,137628.2,38230.4,3061.4,22164.3,0.0,0.0,0.0,212406525,Air,,7653.5,T,6.56,3.68,2.1,,,94.0,,,,Central split system,3.41,Condensing furnace,Natural Gas,,,Yes,TRANE,4TXD2036A10NU**,"H,TG34930+TD",24000,15800,21200,1.80,8.5,15.2,No,7.034,6.213,0.384,0.339
5233807,MB,R0A,E,2024-05-01,2024,Single Detached,663.4,Two storeys,2021,B1,1,0.6494,22641.4,22.641,59930.1,16647.4,111347.3,30930.1,16647.4,0.0,0.0,0.0,0.0,212633393,Air,,20370.2,T,9.5,3.02,1.8,,,74.0,,,,Central split system,2.79,Electric furnace,Electricity,Other (describe),Electricity,Yes,,,,,,,,,,,,,,
5234341,MB,R2N,E,2024-03-01,2024,Single Detached,242.9,One storey,1988,B1,1,1.8018,9434.8,9.435,32639.6,9066.6,81032.5,22509.2,9066.7,0.0,0.0,0.0,0.0,208141269,Air,,15266.1,T,7.03,3.59,2.1,,,100.0,,,ESTAR,Central split system,3.41,Electric furnace,Electricity,,,Yes,TRANE,4TXD2036A10NU**,4MXA2024A10NU**,24000,20000,22000,1.80,9,17,Yes,7.034,6.448,0.746,0.683
5234376,MB,R2V,E,2024-04-01,2024,Single Detached,215.5,One storey,1999,B1,1,1.878,10648.8,10.649,22579.8,6272.2,88216.8,24504.9,6272.3,5431.2,0.0,0.0,0.0,212427853,Air,,13837.4,T,7.33,3.36,1.82,,,86.0,,,,Central split system,2.93,Condensing furnace,Natural Gas,Fireplace with pilot (sealed),Natural Gas,Yes,NAPOLEON,WSEHV2436RA1-N,"H,DE33(6,9)36",24000,15000,17500,1.80,8.5,17,No,7.034,5.129,0.661,0.482
5235948,MB,R2G,E,2024-05-01,2024,Single Detached,302.7,One storey,1981,B1,1,2.4828,13859.1,13.859,21139.2,5872.0,102567.9,28491.3,5872.0,8515.1,0.0,0.0,0.0,207098550,Air,,8787.2,T,7.62,3.48,1.95,,,70.0,,,,Central split system,3.36,Condensing furnace,Natural Gas,Advanced airtight wood stove,Hardwood,Yes,CARRIER,38MARBQ24AA3,CAP**2417AL*,26000,15800,,,10,15,No,7.62,,0.55,
5236351,MB,R0E,E,2024-03-01,2024,Single Detached,288.5,Two storeys,1980,B1,1,1.6819,14193.7,14.194,53499.0,14861.0,100757.0,27988.3,14861.0,0.0,0.0,0.0,0.0,208447893,Air,,17264.2,T,9.67,3.26,1.85,,,80.0,,,ESTAR,Central split system,2.88,Electric furnace,Electricity,Advanced airtight wood stove,Mixed Wood,Yes,BRYANT,38MURAQ30AB3,40MUAAQ30XA3,33000,21000,24000,1.80,8.9,16.2,Yes,9.671,7.034,0.681,0.496
5237225,MB,R5G,E,2024-03-01,2024,Single Detached,295.8,One storey,2006,B1,1,1.1039,11773.1,11.773,23582.9,6550.9,84570.8,23492.1,6550.9,3633.4,0.0,0.0,0.0,210273923,Air,,10893.1,T,10.14,3.14,1.93,,,100.0,,,,Central split system,2.61,Condensing furnace,Natural Gas,,,Yes,,,,,,,,,,,,,,
5238171,MB,R6W,E,2024-05-01,2024,Single Detached,269.9,One storey,1989,B1;B2,1,0.99,9568.2,9.568,32320.3,8977.9,78378.8,21772.1,8977.8,0.0,0.0,0.0,0.0,212633393,Air,,10197.7,T,9.5,3.01,1.8,,,74.0,,,,Central split system,2.79,Electric furnace,Electricity,,,Yes,,,,,,,,,,,,,,
5246984,MB,R3G,E,2024-04-01,2024,Single Detached,237.3,Three storeys,1913,B1;C1;F1,1,6.6542,36772.8,36.773,61310.2,17030.7,257113.9,71421.1,17030.7,41491.2,0.0,0.0,0.0,213153602,Air,,15057.4,T,9.5,3.31,1.8,,,72.0,,,,Central split system,3.41,Condensing furnace,Natural Gas,,,Yes,NAPOLEON,WSEHV2436RA1-N,HG34936,36000,21000,23600,1.80,8.5,15.2,No,10.551,6.916,0.287,0.188
5241090,MB,R1N,E,2024-05-01,2024,Single Detached,195.3,One and a half,1984,B1,1,4.29,12798.1,12.798,54539.9,15150.1,101701.5,28250.6,15150.1,0.0,0.0,0.0,0.0,208447884,Air,,16926.9,T,9.67,3.27,1.85,,,80.0,,,,Central split system,2.88,Electric furnace,Electricity,Other (describe),Electricity,Yes,CARRIER,38MURAQ30AB3,40MUAAQ30XA3,33000,21000,24000,1.80,8.9,16.2,Yes,9.671,7.034,0.756,0.55
5243963,MB,R3J,E,2024-02-01,2024,Single Detached,189.8,Two storeys,1927,B1,1,2.5788,11948.1,11.948,21290.0,5913.9,96470.1,26797.5,5913.9,7399.8,0.0,0.0,0.0,210450179,Air,,9864.2,T,9.67,3.45,1.8,,,88.0,,,,Central split system,2.88,Condensing furnace,Natural Gas,,,Yes,CARRIER,38MURAQ30AB3*,CAP**4321AL*,33400,23200,26200,1.86,9,14.5,No,9.789,7.678,0.819,0.643
5245564,MB,R0C,E,2024-02-01,2024,Single Detached,492.4,One storey,1982,B1,1,2.5403,20793.4,20.793,81326.9,22591.0,140464.9,39018.3,22591.0,2664.7,0.0,0.0,0.0,207335555,Air,,29054.1,T,15.83,3.05,1.8,,,81.0,,,,Central split system,2.98,Electric furnace,Electricity,Fireplace with pilot (unsealed),Natural Gas,Yes,NAPOLEON,NS18HV48A60,NPFX48A60A,54000,44000,41000,1.80,9,16,No,15.826,12.016,0.761,0.578
5246070,MB,R0A,E,2024-05-01,2024,Single Detached,292.4,One storey,2010,B1;B2;P1;P2,1,2.1792,13966.3,13.966,47285.5,13135.0,94856.9,26349.3,13135.1,0.0,0.0,0.0,0.0,208141271,Air,,27924.1,T,14.07,3.07,1.82,,,89.0,,,,Central single package system,3.04,Electric furnace,Electricity,,,Yes,TRANE,4TXD2060A10NU**,4MXA2048A10NU**,48000,39500,39000,1.80,9,17,Yes,14.067,11.43,1.007,0.818
5246470,MB,R2J,E,2024-01-01,2024,Single Detached,199.1,One storey,1955,B1;B2,1,2.8157,16138.1,16.138,55622.5,15450.8,111236.1,30899.2,15451.0,0.0,0.0,0.0,0.0,213153601,Air,,14222.7,T,6.56,3.36,1.86,,,98.0,,,ESTAR,Central split system,3.41,Electric furnace,Electricity,,,Yes,NAPOLEON,WSEHV2436RA1-N,HG34936+TD,24000,14000,21200,1.80,8.5,15.2,No,7.034,6.213,0.436,0.385
5246476,MB,R2C,E,2023-12-01,2023,Single Detached,163.1,One storey,2008,B1,1,1.9889,9205.9,9.206,14718.2,4088.4,72852.3,20236.9,4088.4,3329.5,0.0,0.0,0.0,207098699,Air,,8584.3,T,7.44,3.63,2.0,,,70.0,,,ESTAR,Central split system,3.36,Condensing furnace,Natural Gas,,,Yes,Bryant,38MARBQ24AA3,CAP**3017AL*,25400,15500,,,10.5,15.5,No,7.444,,0.809,
5247994,MB,R0K,E,2024-04-01,2024,Single Detached,177.9,One storey,1977,B1,1,2.04,8615.5,8.616,33204.4,9223.5,77877.1,21632.7,9223.4,0.0,0.0,0.0,0.0,207768731,Air,,16319.4,T,8.21,3.14,1.85,,,89.0,,,,Mini-split ductless,3.728,Baseboard/Hydronic/Plenum(duct) htrs.,Electricity,,,Yes,LENNOX,MLB030S4M-1P,,28000,27000,25000,1.80,9.5,20,Yes,8.206,7.327,0.952,0.85
251821,MB,R2V,E,2024-02-01,2024,Single Detached,254.9,One storey,1961,B1,1,2.2719,19768.5,19.768,23288.8,6469.2,145539.5,40428.0,6469.2,19171.3,0.0,0.0,0.0,212633392,Air,,7064.8,T,6.56,3.23,1.8,,,102.0,,,,Central split system,3.52,Condensing furnace,Natural Gas,,,Yes,GREE,FLEXX36HP230V1AO,CDP36K15P+TD,,14000,21200,1.80,8.5,15.2,No,,6.213,,0.314
5248192,MB,R2G,E,2024-04-01,2024,Single Detached,233.8,One storey,1983,B1;C1;F1,1,2.734,15119.6,15.12,27487.1,7635.4,107103.9,29751.3,7635.3,7308.4,0.0,0.0,0.0,212427854,Air,,13837.3,T,7.33,3.36,1.82,,,86.0,,,,Central split system,2.93,Condensing furnace,Natural Gas,Wood fireplace,Mixed Wood,Yes,NAPOLEON,WSEHV2436RA1-N,"H,DE33(6,9)36",24000,15000,17500,1.80,8.5,17,No,7.034,5.129,0.465,0.339
5249187,MB,R0G,E,2024-04-01,2024,Single Detached,311.3,One and a half,2012,B1,1,0.71,9007.7,9.008,32732.3,9092.4,81111.0,22531.0,9092.3,0.0,0.0,0.0,0.0,208447887,Air,,15681.1,T,7.03,3.27,1.8,,,100.0,,,,Central split system,3.43,Electric furnace,Electricity,,,Yes,CARRIER,38MURAQ24AB3,40MUAAQ24XA3,24000,19200,22600,1.91,10,17.4,Yes,7.034,6.623,0.781,0.735
5253390,MB,R3Y,E,2024-02-01,2024,Single Detached,285.4,Two storeys,1997,B1,1,2.0779,17069.6,17.07,24488.2,6802.3,132946.1,36929.8,6802.3,14092.1,0.0,0.0,0.0,210450223,Air,,9864.2,T,9.67,3.45,1.8,,,88.0,,,ESTAR,Central split system,2.88,Condensing furnace,Natural Gas,Fireplace with pilot (sealed),Natural Gas,Yes,BRYANT HEATING AND COOLING SYSTEMS,38MURAQ30AB3*,CAP**4321AL*,33400,23200,26200,1.86,9,14.5,No,9.789,7.678,0.573,0.45
5253546,MB,R6P,E,2023-11-01,2023,Single Detached,204.9,One storey,1997,B1,1,2.9461,10374.8,10.375,33717.3,9366.0,78511.1,21808.8,9365.9,0.0,0.0,0.0,0.0,212633393,Air,,10197.7,T,9.5,3.01,1.8,,,74.0,,,,Central split system,2.79,Electric furnace,Electricity,,,Yes,,,,,,,,,,,,,,
5253593,MB,R2M,E,2024-03-01,2024,Single Detached,138.1,Two storeys,1948,B1,1,5.8887,14771.8,14.772,18911.0,5253.1,97390.6,27053.2,5253.1,9187.6,0.0,0.0,0.0,207202277,Air,,9222.9,T,5.45,4.0,2.0,,,73.0,,,ESTAR,Central split system,3.44,Condensing furnace,Natural Gas,,,Yes,CARRIER,38MARBQ18AA3,CAP**2417AL*,18600,14600,,,10.5,17,No,5.451,,0.369,
5253724,MB,R2C,E,2024-04-01,2024,Single Detached,238.2,One storey,1980,B1;P1,1,2.3881,11844.4,11.844,29468.0,8185.6,99040.4,27511.4,8185.6,4335.3,0.0,0.0,0.0,212361760,Air,,13500.0,T,9.67,3.25,1.85,,,81.0,,,,Central split system,2.76,Condensing furnace,Natural Gas,Fireplace with spark ignit. (sealed),Natural Gas,Yes,MOOVAIR,DMA30HOS20230E7,CUB36HAC20CWT7A,33000,22600,27000,1.85,9.7,15.5,Yes,9.671,7.913,0.817,0.668
5253829,MB,R3Y,E,2024-03-01,2024,Single Detached,239.3,Two storeys,2003,B1,1,2.44,11300.9,11.301,20934.3,5815.1,92267.8,25630.1,5815.0,6297.6,0.0,0.0,0.0,212614884,Air,,10618.8,T,6.74,3.21,2.0,,,70.0,,,ESTAR,Central split system,3.18,Condensing furnace,Natural Gas,Fireplace with pilot (unsealed),Natural Gas,Yes,DAIKIN,DZ6VSA241EA*,CA*EA2422*4A*,23000,16000,16100,2.00,8.6,17,Yes,6.741,4.718,0.596,0.418
81770,MB,R2H,E,2024-03-01,2024,Single Detached,166.2,One storey,1953,B1;B2,1,2.3783,10090.4,10.09,24043.2,6678.7,87955.9,24432.4,6678.7,4855.0,0.0,0.0,0.0,212361759,Air,,13065.1,T,7.33,3.35,1.95,,,80.0,,,,Central split system,3.2,Condensing furnace,Natural Gas,,,Yes,MOOVAIR,DMA24HOS20230E7,CUB24HAC20BWT7A,25000,21000,20000,1.95,9.5,16.5,Yes,7.327,5.861,0.726,0.581
5257391,MB,R0A,E,2024-04-01,2024,Single Detached,228.2,One storey,1975,B1,1,1.3,12506.1,12.506,45534.1,12648.5,90872.5,25242.6,12648.4,0.0,0.0,0.0,0.0,212633393,Air,,10186.6,T,9.5,3.01,1.8,,,74.0,,,,Central split system,2.79,Electric furnace,Electricity,,,Yes,,,,,,,,,,,,,,
5260853,MB,R0E,E,2024-03-01,2024,Single Detached,177.6,One storey,2011,C1;F1,1,2.8929,13033.9,13.034,41625.5,11562.7,96450.6,26792.0,11562.9,0.0,0.0,0.0,0.0,211644151,Air,,10177.2,T,9.96,3.02,1.8,,,70.0,,,,Central split system,2.79,Electric furnace,Electricity,,,Yes,GREE,GUD36W/A-D(U),GCAT36*/NAA,36000,23200,26000,1.80,8.5,15.2,Yes,10.551,7.62,0.809,0.585
5262394,MB,R2E,E,2024-05-01,2024,Single Detached,289.7,Two storeys,1990,B1,1,2.29,14244.7,14.245,25941.2,7205.9,105315.3,29254.5,7205.9,8839.2,0.0,0.0,0.0,212633393,Air,,10185.1,T,9.5,3.02,1.8,,,74.0,,,,Central split system,2.79,Condensing furnace,Natural Gas,Fireplace with pilot (unsealed),Natural Gas,Yes,,,,,,,,,,,,,,
5263468,MB,R3J,E,2024-03-01,2024,Single Detached,189.4,One storey,1954,B1,1,6.0,13345.0,13.345,26858.2,7460.7,94939.7,26372.3,7460.6,5370.6,0.0,0.0,0.0,212427853,Air,,13837.4,T,7.33,3.36,1.82,,,86.0,,,,Central split system,2.93,Heater w/ Induced draft fan,Natural Gas,,,Yes,NAPOLEON,WSEHV2436RA1-N,"H,DE33(6,9)36",24000,15000,17500,1.80,8.5,17,No,7.034,5.129,0.527,0.384
5267999,MB,R4K,E,2024-05-01,2024,Single Detached,500.9,One storey,1985,B1;C1;F1,1,1.7,17973.4,17.973,64494.3,17915.2,117599.7,32666.8,17915.1,0.0,0.0,0.0,0.0,213250281,Air,,25837.7,T,14.95,3.11,1.86,,,76.0,,,,Central split system,3.04,Electric furnace,Electricity,Wood fireplace,Mixed Wood,Yes,,,,,,,,,,,,,,
5269162,MB,R3G,E,2024-05-01,2024,Single Detached,196.2,Two storeys,1894,B1,1,5.77,20308.6,20.309,76242.8,21178.7,120472.4,33464.8,21178.8,0.0,0.0,0.0,0.0,207436541,Air,,24508.3,T,13.48,3.34,1.98,,,80.0,,,,Central split system,3.88,Electric furnace,Electricity,Baseboard/Hydronic/Plenum(duct) htrs,Electricity,Yes,LENNOX,SL25XPV-048-230A**,CBA38MV-048-230*+TDR,46000,45500,37000,1.98,9.8,21.8,No,13.481,10.844,0.664,0.534
5269920,MB,R3T,E,2024-03-01,2024,Single Detached,208.3,One storey,1961,B1;B2,1,3.1443,15752.7,15.753,20551.5,5708.8,121860.2,33850.3,5708.7,13677.3,0.0,0.0,0.0,212406525,Air,,7653.6,T,6.56,3.68,2.1,,,107.0,,,,Central split system,3.41,Condensing furnace,Natural Gas,,,Yes,TRANE,4TXD2036A10NU**,"H,TG34930+TD",24000,15800,21200,1.80,8.5,15.2,No,7.034,6.213,0.447,0.394
5278454,MB,R0E,E,2024-05-01,2024,Single Detached,245.6,One storey,2020,C1;F1,1,1.0989,10449.3,10.449,34581.0,9605.9,88658.3,24627.5,9605.9,0.0,0.0,0.0,0.0,211624973,Air,,11177.1,T,10.26,2.99,1.8,,,108.0,,,,Central split system,2.85,Electric furnace,Electricity,,,Yes,NAPOLEON,WSEHV2436RA1-N,NPFX24A,24000,20000,22000,1.80,9,17,Yes,7.034,6.448,0.673,0.617
5280191,MB,R0A,E,2024-03-01,2024,Single Detached,302.9,One storey,1992,B1;C1;F1,1,1.4459,12597.2,12.597,22478.8,6244.2,102792.4,28553.7,6244.2,6144.5,0.0,0.0,0.0,212633393,Air,,10185.1,T,9.5,3.02,1.8,,,74.0,,,,Central single package system,2.79,Condensing furnace,Natural Gas,Fireplace with pilot (sealed),Natural Gas,Yes,,,,,,,,,,,,,,
5280270,MB,R1N,E,2024-02-01,2024,Single Detached,282.1,One storey,1978,B1,1,1.8769,10621.7,10.622,18411.6,5114.4,95624.5,26562.6,5114.5,8830.1,0.0,0.0,0.0,212633392,Air,,7073.9,T,6.56,3.24,1.8,,,102.0,,,ESTAR,Central split system,3.52,Condensing furnace,Natural Gas,Fireplace with spark ignit. (sealed),Natural Gas,Yes,GREE,FLEXX36HP230V1AO,CDP36K15P+TD,,14000,21200,1.80,8.5,15.2,No,,6.213,,0.585
5280306,MB,R0C,E,2024-02-01,2024,Single Detached,230.4,One storey,1978,B1,1,1.0794,10523.9,10.524,30054.2,8348.5,77793.5,21609.5,8348.4,0.0,0.0,0.0,0.0,207599994,Air,,11097.1,T,6.68,3.74,2.04,,,72.0,,,ESTAR,Central split system,2.76,Electric furnace,Electricity,,,Yes,DAIKIN,DZ17VSA301B*,DV35FECC14A*,22800,17600,,,10,18,No,6.682,,0.635,
5280407,MB,R2N,E,2024-01-01,2024,Single Detached,279.0,One storey,1986,B1,1,3.5718,15392.6,15.393,27665.2,7684.8,106722.7,29645.4,7684.8,9094.2,0.0,0.0,0.0,212633393,Air,,10185.1,T,9.5,3.02,1.8,,,74.0,,,,Central split system,2.79,Condensing furnace,Natural Gas,Wood fireplace,Mixed Wood,Yes,,,,,,,,,,,,,,
5280489,MB,R3L,E,2024-03-01,2024,Single Detached,112.5,One and a half,1911,B1,1,14.9385,19246.5,19.246,21727.8,6035.5,111937.3,31093.9,6035.6,12444.5,0.0,0.0,0.0,209270314,Air,,12351.5,T,7.5,4.68,2.2,,,72.0,,,,Central split system,2.76,Condensing furnace,Natural Gas,,,Yes,ECO-AIR,MOX430U-24HFN1-MR0,MAC-24HWDN1-MN0,25600,22000,18500,2.20,9.8,15.7,Yes,7.503,5.422,0.39,0.282
5280537,MB,R2G,E,2024-02-01,2024,Single Detached,199.9,One storey,1991,B1,1,2.1358,11109.6,11.11,17485.0,4857.0,81914.9,22754.3,4857.0,4799.5,0.0,0.0,0.0,207098699,Air,,8584.3,T,7.44,3.63,2.0,,,70.0,,,ESTAR,Central split system,3.36,Condensing furnace,Natural Gas,,,Yes,Bryant,38MARBQ24AA3,CAP**3017AL*,25400,15500,,,10.5,15.5,No,7.444,,0.67,
5281986,MB,R7A,E,2024-05-01,2024,Single Detached,143.2,One and a half,1946,B1;C1;F1,1,3.96,13197.5,13.198,14361.1,3989.2,111643.3,31012.3,3989.2,14193.7,0.0,0.0,0.0,212361758,Air,,9888.5,T,5.57,3.69,2.2,,,78.0,,,,Central split system,3.07,Condensing furnace,Natural Gas,Fireplace with pilot (unsealed),Natural Gas,Yes,MOOVAIR,DMA18HOS20230E7,CUB24HAC20BWT7A,19000,14700,15000,2.20,9.5,16.1,Yes,5.568,4.396,0.422,0.333
5284793,MB,R2N,E,2024-05-01,2024,Single Detached,160.2,One storey,1980,B1;B2,1,1.81,8607.2,8.607,13728.8,3813.6,70206.7,19502.0,3813.6,3123.1,0.0,0.0,0.0,212406525,Air,,7653.6,T,6.56,3.68,2.1,,,107.0,,,,Central split system,3.41,Condensing furnace,Natural Gas,Wood fireplace,Mixed Wood,Yes,TRANE,4TXD2036A10NU**,"H,TG34930+TD",24000,15800,21200,1.80,8.5,15.2,No,7.034,6.213,0.817,0.722
5287358,MB,R3L,E,2024-05-01,2024,Single Detached,259.4,Two storeys,2010,B1,1,1.4449,10104.3,10.104,16469.1,4574.8,81043.2,22512.2,4574.8,4070.0,0.0,0.0,0.0,212976441,Air,,9864.2,T,9.79,3.51,1.86,,,79.0,,,,Central split system,2.88,Condensing furnace,Natural Gas,,,Yes,CARRIER,38MURAQ30AB3*,CAP**3721AL*,33400,23200,26400,1.86,8.5,15.2,No,9.789,7.737,0.969,0.766
5286973,MB,R2K,E,2024-04-01,2024,Single Detached,178.6,One storey,1963,B1,1,2.0191,8257.6,8.258,15046.2,4179.5,74172.0,20603.5,4179.5,3580.9,0.0,0.0,0.0,211239688,Air,,7924.3,T,7.85,3.7,2.02,,,91.0,,,ESTAR,Central split system,3.21,Condensing furnace,Natural Gas,,,Yes,CARRIER,38MURAQ24AB3*,CAP**2417AL*,26800,19400,24400,2.02,8.5,16,No,7.854,7.151,0.951,0.866
5287190,MB,R6M,E,2024-04-01,2024,Single Detached,268.2,Two storeys,1998,B1,1,3.136,14785.3,14.785,17563.8,4878.9,129713.1,36031.7,4878.9,17804.3,0.0,0.0,0.0,212851768,Air,,10292.4,T,9.5,3.22,1.8,,,86.0,,,,Central split system,2.93,Condensing furnace,Natural Gas,,,Yes,,,,,,,,,,,,,,
5287193,MB,R6T,E,2024-02-01,2024,Single Detached,222.1,One storey,1960,B1,1,1.9997,10387.6,10.388,33261.1,9239.3,79305.2,22029.4,9239.2,0.0,0.0,0.0,0.0,212633393,Air,,10197.7,T,9.5,3.01,1.8,,,74.0,,,,Central split system,2.79,Electric furnace,Electricity,,,Yes,,,,,,,,,,,,,,
5287224,MB,R2M,E,2024-02-01,2024,Single Detached,231.5,One storey,1974,B1,1,3.3446,15838.1,15.838,23821.1,6617.0,117775.2,32715.6,6617.0,13008.7,0.0,0.0,0.0,212406525,Air,,7653.6,T,6.56,3.68,2.1,,,107.0,,,,Central split system,3.41,Condensing furnace,Natural Gas,,,Yes,TRANE,4TXD2036A10NU**,"H,TG34930+TD",24000,15800,21200,1.80,8.5,15.2,No,7.034,6.213,0.444,0.392
5287677,MB,R0A,E,2024-04-01,2024,Single Detached,365.5,One storey,2000,B1;B2,1,0.9766,14110.4,14.11,31443.2,8734.3,113604.7,31557.1,8734.2,9805.9,0.0,0.0,0.0,212633393,Air,,10185.1,T,9.5,3.02,1.8,,,74.0,,,,Central single package system,2.79,Condensing furnace,Natural Gas,Fireplace with spark ignit. (sealed),Natural Gas,Yes,,,,,,,,,,,,,,
5287778,MB,R1N,E,2024-04-01,2024,Single Detached,212.9,One storey,1982,B1,1,1.9404,9412.6,9.413,19569.7,5436.1,93375.6,25937.9,5436.2,6963.9,0.0,0.0,0.0,211240616,Air,,7934.6,T,7.85,3.72,2.02,,,91.0,,,ESTAR,Central split system,3.21,Condensing furnace,Natural Gas,,,Yes,BRYANT HEATING AND COOLING SYSTEMS,38MURAQ24AB3*,CAP**2417AL*,26800,19400,24400,2.02,8.5,16,No,7.854,7.151,0.834,0.76
5287780,MB,R1N,E,2024-04-01,2024,Single Detached,161.2,One storey,1985,B1,1,3.3712,8059.2,8.059,16015.9,4448.9,76208.4,21169.2,4448.9,3832.3,0.0,0.0,0.0,211240522,Air,,7816.5,T,7.74,3.81,2.18,,,98.0,,,ESTAR,Central split system,3.05,Condensing furnace,Natural Gas,,,Yes,BRYANT HEATING AND COOLING SYSTEMS,38MURAQ24AB3*,CAP**2417AL*,26400,19300,26000,2.18,8.5,15.5,No,7.737,7.62,0.96,0.945
5287816,MB,R4K,E,2024-02-01,2024,Single Detached,133.6,One storey,1982,B1,1,3.1419,11268.0,11.268,31783.2,8828.7,81689.3,22691.7,8828.7,0.0,0.0,0.0,0.0,213613329,Air,,10653.1,T,6.74,3.38,2.0,,,70.0,,,ESTAR,Central split system,3.18,Electric furnace,Electricity,Advanced airtight wood stove,Mixed Wood,Yes,DAIKIN,DZ6VSA241EA*,DFVE36CP1400B*,23000,16000,16100,2.00,8.6,17,Yes,6.741,4.718,0.598,0.419
5328971,MB,R1N,E,2024-05-01,2024,Single Detached,236.7,One storey,1984,B1,1,2.166,8670.3,8.67,16068.8,4463.6,88713.3,24642.8,4463.6,5038.1,0.0,0.0,0.0,211240616,Air,,7934.6,T,7.85,3.72,2.02,,,91.0,,,ESTAR,Central split system,3.21,Condensing furnace,Natural Gas,,,Yes,BRYANT HEATING AND COOLING SYSTEMS,38MURAQ24AB3*,CAP**2417AL*,26800,19400,24400,2.02,8.5,16,No,7.854,7.151,0.906,0.825
5289055,MB,R3L,E,2024-05-01,2024,Single Detached,306.8,One storey,1951,B1;B2;C1;F1;P1;P2,1,5.1592,22701.3,22.701,32331.7,8981.1,153382.4,42606.6,8981.2,17411.3,0.0,0.0,0.0,211644151,Air,,10185.1,T,9.96,3.02,1.8,,,70.0,,,,Central split system,2.79,Condensing furnace,Natural Gas,Baseboard/Hydronic/Plenum(duct) htrs,Electricity,Yes,GREE,GUD36W/A-D(U),GCAT36*/NAA,36000,23200,26000,1.80,8.5,15.2,Yes,10.551,7.62,0.465,0.336
5289512,MB,R6T,E,2024-02-01,2024,Single Detached,337.4,One and a half,1950,B1,1,1.9889,14807.9,14.808,30762.0,8545.1,109448.9,30402.7,8545.1,9239.0,0.0,0.0,0.0,212851768,Air,,15672.9,T,6.74,3.44,1.82,,,105.0,,,,Central split system,3.16,Condensing boiler,Natural Gas,Fireplace with pilot (unsealed),Natural Gas,Yes,,,,,,,,,,,,,,
5290442,MB,R0A,E,2024-04-01,2024,Single Detached,310.5,One storey,1998,B1,1,1.763,10083.1,10.083,39187.2,10885.4,87941.8,24428.5,10885.4,0.0,0.0,0.0,0.0,212633393,Air,,10185.1,T,9.5,3.02,1.8,,,74.0,,,,Central split system,2.79,Electric furnace,Electricity,,,Yes,,,,,,,,,,,,,,
5292820,MB,R3P,E,2024-03-01,2024,Single Detached,331.4,Two storeys,1976,B1,1,2.9492,21260.3,21.26,54373.5,15103.9,128704.6,35751.6,15103.7,7615.9,0.0,0.0,0.0,212396768,Air,,28560.0,T,14.95,3.04,1.8,,,86.0,,,,Central split system,2.98,Condensing furnace,Natural Gas,,,Yes,,,,,,,,,,,,,,
5293686,MB,R2N,E,2024-02-01,2024,Single Detached,286.2,One storey,1987,B1,1,2.302,13355.8,13.356,19198.3,5332.9,101464.3,28184.8,5332.8,7689.0,0.0,0.0,0.0,207098556,Air,,8719.7,T,7.56,3.55,2.0,,,70.0,,,,Central split system,3.36,Condensing furnace,Natural Gas,Wood fireplace,Mixed Wood,Yes,CARRIER,38MARBQ24AA3,CAP**2417AL*,25800,15700,,,10.5,15,No,7.561,,0.566,
5293690,MB,R5M,E,2024-04-01,2024,Single Detached,348.0,One storey,2005,B1,1,1.8236,13489.7,13.49,56181.5,15606.1,103857.7,28849.6,15606.0,0.0,0.0,0.0,0.0,212633393,Air,,10183.0,T,9.5,2.98,1.8,,,74.0,,,,Central split system,2.79,Electric furnace,Electricity,Wood fireplace,Mixed Wood,Yes,,,,,,,,,,,,,,
5294207,MB,R3G,E,2024-06-01,2024,Single Detached,220.1,Two and a half,1911,B1,1,11.0,27316.8,27.317,32737.7,9093.9,169896.7,47193.9,9094.0,25820.5,0.0,0.0,0.0,212361760,Air,,10891.7,T,9.67,3.25,1.85,,,81.0,,,,Central split system,2.76,Condensing furnace,Natural Gas,,,Yes,MOOVAIR,DMA30HOS20230E7,CUB36HAC20CWT7A,33000,22600,27000,1.85,9.7,15.5,Yes,9.671,7.913,0.354,0.29
5295515,MB,R2P,E,2024-05-01,2024,Single Detached,264.2,One storey,1971,B1;B2,1,1.7923,10367.3,10.367,26440.6,7344.7,89725.8,24924.0,7344.8,4722.8,0.0,0.0,0.0,212427854,Air,,13837.4,T,7.33,3.36,1.82,,,86.0,,,,Central split system,2.93,Condensing furnace,Natural Gas,,,Yes,NAPOLEON,WSEHV2436RA1-N,"H,DE33(6,9)36",24000,15000,17500,1.80,8.5,17,No,7.034,5.129,0.678,0.495
5295869,MB,R5N,E,2024-04-01,2024,Single Detached,848.4,Two and a half,2004,B1,1,1.4165,23629.9,23.63,37967.5,10546.6,89369.4,24825.0,10546.5,0.0,0.0,0.0,0.0,213154451,Ground,,26000.0,F,0.0,4.57,0.0,,,0.0,,,C448,Conventional A/C,3.8,Electric furnace,Electricity,,,No,,,,,,,,,,,,,,
5297071,MB,R2N,E,2024-06-01,2024,Single Detached,208.9,One storey,2005,B1,1,1.7254,10508.2,10.508,17556.0,4876.7,77844.2,21623.6,4876.7,4051.1,0.0,0.0,0.0,212361758,Air,,9816.1,T,5.57,3.68,2.2,,,78.0,,,,Central split system,3.07,Condensing furnace,Natural Gas,,,Yes,MOOVAIR,DMA18HOS20230E7,CUB24HAC20BWT7A,19000,14700,15000,2.20,9.5,16.1,Yes,5.568,4.396,0.53,0.418
5297456,MB,R2Y,E,2024-04-01,2024,Single Detached,217.8,One storey,1965,B1,1,4.0544,12996.6,12.997,21523.2,5978.7,92613.0,25726.0,5978.7,6909.2,0.0,0.0,0.0,211713197,Air,,9746.4,T,9.67,3.47,1.87,,,79.0,,,,Central split system,2.88,Condensing furnace,Natural Gas,,,Yes,CARRIER,38MURAQ30AB3*,CAP**4321AL*,33000,23000,26200,1.84,8.1,15.2,No,9.671,7.678,0.744,0.591
5299866,MB,R0K,E,2024-04-01,2024,Single Detached,186.2,Split entry/Raised base.,1976,B1;B2,1,2.48,11454.5,11.454,42236.2,11732.4,97116.1,26976.9,11732.3,0.0,0.0,0.0,0.0,208447884,Air,,17296.2,T,9.67,3.26,1.85,,,80.0,,,,Central split system,2.88,Electric furnace,Electricity,Baseboard/Hydronic/Plenum(duct) htrs,Electricity,Yes,CARRIER,38MURAQ30AB3,40MUAAQ30XA3,33000,21000,24000,1.80,8.9,16.2,Yes,9.671,7.034,0.844,0.614
5300139,MB,R2J,E,2024-03-01,2024,Single Detached,95.9,One storey,1939,B1;C1;F1,1,7.7,8197.0,8.197,25069.0,6963.7,71252.2,19792.4,6963.7,0.0,0.0,0.0,0.0,208141269,Air,,15266.1,T,7.03,3.59,2.1,,,100.0,,,,Central split system,3.41,Electric furnace,Electricity,,,Yes,TRANE,4TXD2036A10NU**,4MXA2024A10NU**,24000,20000,22000,1.80,9,17,Yes,7.034,6.448,0.858,0.787
5302291,MB,R2K,E,2024-03-01,2024,Single Detached,174.2,One storey,2005,B1;P1,1,1.1893,8634.8,8.635,18497.3,5138.2,82657.8,22960.7,5138.1,3446.1,0.0,0.0,0.0,212361760,Air,,10891.7,T,9.67,3.25,1.85,,,81.0,,,,Central split system,2.76,Condensing furnace,Natural Gas,,,Yes,MOOVAIR,DMA30HOS20230E7,CUB36HAC20CWT7A,33000,22600,27000,1.85,9.7,15.5,Yes,9.671,7.913,1.12,0.916
5303095,MB,R3P,E,2024-04-01,2024,Single Detached,426.9,Two storeys,1937,B1;B2,1,2.59,24305.8,24.306,26083.2,7245.4,158265.1,43962.9,7245.3,22374.6,0.0,0.0,0.0,212614921,Air,,10067.3,T,10.02,4.19,2.04,,,84.0,,,,Central split system,2.96,Condensing furnace,Natural Gas,Fireplace with spark ignit. (sealed),Natural Gas,Yes,DAIKIN,DZ6VSA361EA*,CA*EA4830*4A*,34200,23000,29000,2.00,8.6,17.5,Yes,10.023,8.499,0.412,0.35
5305004,MB,R0G,E,2024-04-01,2024,Single Detached,241.4,One and a half,1919,B1,1,2.71,16354.8,16.355,22088.5,6135.7,109046.6,30291.0,6135.9,11159.3,0.0,0.0,0.0,213076369,Air,,7935.8,T,7.85,3.92,2.26,,,99.0,,,,Central split system,3.2,Condensing furnace,Natural Gas,,,Yes,CARRIER,38MURAQ24AB3*,CAP**2417AL*,26800,19400,26600,2.26,8.5,16.5,No,7.854,7.796,0.48,0.477
5305048,MB,R4G,E,2024-04-01,2024,Single Detached,289.7,One storey,1999,B1;B2,1,1.4317,14489.4,14.489,35685.3,9912.7,112331.5,31203.4,9912.6,8392.3,0.0,0.0,0.0,213153602,Air,,15057.4,T,9.5,3.31,1.8,,,72.0,,,,Central split system,3.41,Condensing furnace,Natural Gas,,,Yes,NAPOLEON,WSEHV2436RA1-N,HG34936,36000,21000,23600,1.80,8.5,15.2,No,10.551,6.916,0.728,0.477
5307992,MB,R2N,E,2024-01-01,2024,Single Detached,234.6,One storey,1986,B1,1,1.5314,12178.9,12.179,26404.9,7334.8,100116.7,27810.4,7334.8,7393.1,0.0,0.0,0.0,212633393,Air,,10185.1,T,9.5,3.02,1.8,,,74.0,,,ESTAR,Central split system,2.79,Condensing furnace,Natural Gas,Fireplace with pilot (sealed),Natural Gas,Yes,,,,,,,,,,,,,,
5308095,MB,R0H,E,2024-04-01,2024,Single Detached,196.0,Two storeys,1946,B1,1,8.1874,20968.7,20.969,102474.4,28465.3,149329.6,41480.8,28465.2,0.0,0.0,0.0,0.0,208447884,Air,,16926.9,T,9.67,3.27,1.85,,,80.0,,,ESTAR,Central split system,2.88,Electric furnace,Electricity,Other (describe),Electricity,Yes,CARRIER,38MURAQ30AB3,40MUAAQ30XA3,33000,21000,24000,1.80,8.9,16.2,Yes,9.671,7.034,0.461,0.335
5308350,MB,R5G,E,2024-03-01,2024,Single Detached,185.3,Two storeys,1975,B1,1,1.9277,11312.4,11.312,23261.6,6461.6,86066.7,23907.6,6461.7,4840.9,0.0,0.0,0.0,212633393,Air,,10185.1,T,9.5,3.02,1.8,,,74.0,,,,Central split system,2.79,Condensing furnace,Natural Gas,,,Yes,,,,,,,,,,,,,,
5313450,MB,R5G,E,2024-03-01,2024,Single Detached,272.3,One storey,2001,B1,1,1.4382,14641.4,14.641,20893.6,5803.8,114292.7,31748.2,5803.9,11862.6,0.0,0.0,0.0,212633393,Air,,7000.0,T,9.5,3.02,1.8,,,74.0,,,,Central split system,2.79,Condensing furnace,Natural Gas,Fireplace with pilot (sealed),Natural Gas,Yes,,,,,,,,,,,,,,
5308383,MB,R3G,E,2024-03-01,2024,Single Detached,142.1,Two storeys,1910,B1,1,5.6292,15746.6,15.747,20356.1,5654.5,113790.4,31608.7,5654.5,13136.5,0.0,0.0,0.0,210450179,Air,,7000.0,T,9.67,3.27,1.8,,,72.0,,,ESTAR,Central split system,2.79,Condensing furnace,Natural Gas,,,Yes,CARRIER,38MURAQ30AB3*,CAP**4321AL*,33400,23200,26200,1.86,9,14.5,No,9.789,7.678,0.622,0.488
5308487,MB,R5A,E,2024-04-01,2024,Single Detached,385.0,Two storeys,1964,B1,1,2.8739,17317.8,17.318,34411.7,9558.9,108833.7,30231.8,9559.0,7209.8,0.0,0.0,0.0,212361761,Air,,21041.6,T,11.43,3.94,2.0,,,82.0,,,,Central single package system,2.34,Condensing furnace,Natural Gas,Wood fireplace,Mixed Wood,Yes,MOOVAIR,DMA36HOS20230E7,CUB36HAC20CWT7A,39000,33000,32000,2.00,10,15.2,Yes,11.43,9.378,0.66,0.542
5308919,MB,R0C,E,2024-03-01,2024,Single Detached,200.5,One storey,1963,B1;B2,1,1.8234,14679.8,14.68,59745.2,16596.0,105921.5,29422.9,16596.0,0.0,0.0,0.0,0.0,212361760,Air,,10891.7,T,9.67,3.25,1.85,,,81.0,,,,Central split system,2.76,Electric furnace,Electricity,,,Yes,MOOVAIR,DMA30HOS20230E7,CUB36HAC20CWT7A,33000,22600,27000,1.85,9.7,15.5,Yes,9.671,7.913,0.659,0.539
5308931,MB,R3T,E,2024-03-01,2024,Single Detached,233.6,Two storeys,1976,B1,1,2.2973,14292.6,14.293,31757.2,8821.5,90643.5,25179.0,8821.5,6910.9,0.0,0.0,0.0,213153602,Air,,15057.4,T,9.5,3.31,1.8,,,72.0,,,,Central split system,3.41,Condensing furnace,Natural Gas,,,Yes,NAPOLEON,WSEHV2436RA1-N,HG34936,36000,21000,23600,1.80,8.5,15.2,No,10.551,6.916,0.738,0.484
5309091,MB,R3T,E,2024-05-01,2024,Single Detached,206.2,One storey,1947,B1,1,1.94,11399.5,11.4,41261.4,11461.6,85801.0,23833.8,11461.5,0.0,0.0,0.0,0.0,212633393,Air,,10185.1,T,9.5,3.02,1.8,,,74.0,,,,Central split system,2.79,Electric furnace,Electricity,,,Yes,,,,,,,,,,,,,,
5309122,MB,R3P,E,2024-04-01,2024,Single Detached,247.2,One storey,2002,B1,1,2.5888,14554.6,14.555,18966.2,5268.4,118751.1,32986.7,5268.4,15207.6,0.0,0.0,0.0,211239680,Air,,7924.3,T,7.85,3.67,1.98,,,89.0,,,,Central split system,3.21,Condensing furnace,Natural Gas,Fireplace with spark ignit. (sealed),Natural Gas,Yes,CARRIER,38MURAQ24AB3*,CAP**2417AL*,26800,19400,24000,1.98,8.5,16.5,No,7.854,7.034,0.54,0.483
5309208,MB,R0J,E,2024-03-01,2024,Single Detached,252.2,One storey,2011,B1;B2;P1,1,3.9024,12380.9,12.381,35599.8,9888.9,83124.5,23090.3,9889.0,0.0,0.0,0.0,0.0,208447882,Air,,30033.5,T,14.65,3.26,1.85,,,92.0,,,ESTAR,Central split system,2.4,Electric furnace,Electricity,Advanced airtight wood stove,Mixed Wood,Yes,CARRIER,38MURAQ48AB3,40MUAAQ48XA3,50000,36000,46000,1.90,9.4,15.6,Yes,14.654,13.481,1.184,1.089
5310175,MB,R3Y,E,2024-03-01,2024,Single Detached,210.1,One storey,1997,B1,1,1.5642,8895.7,8.896,24640.0,6844.5,80449.3,22347.2,6844.5,3391.7,0.0,0.0,0.0,210532940,Air,,13281.1,T,7.97,3.12,2.28,,,74.0,,,,Central split system,4.22,Induced draft fan furnace,Natural Gas,,,Yes,CARRIER,25VNA424A*031*,CAP**2417AL*+UI,,25400,20200,2.28,10,19.5,No,,5.92,,0.665
5310379,MB,R3R,E,2024-05-01,2024,"Row house, middle unit",211.5,One storey,1997,B1;B2,1,4.8157,8563.2,8.563,19954.5,5543.0,73413.0,20392.7,5543.1,2540.3,0.0,0.0,0.0,212396763,Air,,18950.3,T,9.5,2.87,1.83,,,92.0,,,,Central split system,2.85,Condensing furnace,Natural Gas,Fireplace with spark ignit. (sealed),Natural Gas,Yes,TRANE,4TXD2036A10NU**,"H,TG34936+TD",36000,22000,24000,1.80,8.5,15.2,No,10.551,7.034,1.232,0.821
5310405,MB,R0A,E,2024-03-01,2024,Single Detached,221.1,One and a half,1929,B1;C1;F1,1,2.8559,20347.4,20.347,36000.6,10000.2,79190.5,21997.5,10000.4,0.0,0.0,0.0,0.0,207318097,Water,,10400.0,F,0.0,4.2,0.0,,,0.0,,,C448,Conventional A/C,5.77,Baseboard/Hydronic/Plenum(duct) htrs.,Electricity,,,No,,,,,,,,,,,,,,
5313068,MB,R0M,E,2024-04-01,2024,Single Detached,308.2,One storey,2003,B1,1,0.9182,8275.3,8.275,14374.8,3993.0,59960.3,16655.8,3993.1,0.0,0.0,0.0,0.0,207312176,Ground,,13860.0,F,0.0,3.8,0.0,,,0.0,,,C448,Conventional A/C,5.66,Electric furnace,Electricity,,,No,,,,,,,,,,,,,,
5313533,MB,R3T,E,2024-04-01,2024,Single Detached,221.4,One storey,1987,B1,1,1.4839,11390.1,11.39,28539.5,7927.7,92950.7,25819.8,7927.6,3595.6,0.0,0.0,0.0,212396763,Air,,19769.4,T,9.5,3.1,1.83,,,92.0,,,ESTAR,Central split system,2.85,Condensing furnace,Natural Gas,,,Yes,TRANE,4TXD2036A10NU**,"H,TG34936+TD",36000,22000,24000,1.80,8.5,15.2,No,10.551,7.034,0.926,0.618
5313625,MB,R0E,E,2024-03-01,2024,Single Detached,153.2,One storey,1999,C1;F1,1,1.7739,8764.2,8.764,27649.4,7680.5,80234.9,22287.7,7680.3,0.0,0.0,0.0,0.0,208141270,Air,,19811.0,T,10.55,3.02,1.83,,,83.0,,,ESTAR,Central split system,2.85,Electric furnace,Electricity,,,Yes,TRANE,4TXD2036A10NU**,4MXA2036A10NU**,35000,29000,28000,1.80,9,16,Yes,10.257,8.206,1.17,0.936
5314794,MB,R4H,E,2024-02-01,2024,Single Detached,480.2,One storey,2004,B1,1,0.9249,19670.4,19.67,86288.2,23969.1,135253.8,37570.8,23969.1,0.0,0.0,0.0,0.0,213153602,Air,,15057.4,T,9.5,3.31,1.8,,,72.0,,,,Central split system,3.41,Electric furnace,Electricity,Forced air furnace,Electricity,Yes,NAPOLEON,WSEHV2436RA1-N,HG34936,36000,21000,23600,1.80,8.5,15.2,No,10.551,6.916,0.536,0.352
5314849,MB,R0A,E,2024-03-01,2024,Single Detached,260.9,One storey,2004,B1,1,1.6086,11020.4,11.02,26632.7,7398.0,91933.4,25537.3,7398.1,5343.4,0.0,0.0,0.0,212633393,Air,,10185.1,T,9.5,3.02,1.8,,,74.0,,,,Central split system,2.79,Condensing furnace,Natural Gas,,,Yes,,,,,,,,,,,,,,
616752,MB,R3Y,E,2024-04-01,2024,Single Detached,220.0,Two storeys,1987,B1,1,2.053,11844.3,11.844,11245.8,3123.9,98654.3,27404.2,3123.9,11265.9,0.0,0.0,0.0,212396763,Air,,7000.0,T,9.5,3.01,1.83,,,92.0,,,,Central split system,2.85,Condensing furnace,Natural Gas,,,Yes,TRANE,4TXD2036A10NU**,"H,TG34936+TD",36000,22000,24000,1.80,8.5,15.2,No,10.551,7.034,0.891,0.594
5315370,MB,R3P,E,2024-04-01,2024,Single Detached,243.0,Two storeys,1987,B1,1,3.3325,16038.7,16.039,31706.2,8807.3,143909.4,39975.2,8807.3,14122.6,0.0,0.0,0.0,212396763,Air,,19769.4,T,9.5,1.912,1.83,,,92.0,,,,Central split system,1.75575,Condensing furnace,Natural Gas,Advanced airtight wood stove,Mixed Wood,Yes,TRANE,4TXD2036A10NU**,"H,TG34936+TD",36000,22000,24000,1.80,8.5,15.2,No,10.551,7.034,0.658,0.439
5315390,MB,R0G,E,2024-04-01,2024,Single Detached,261.9,One and a half,1989,B1;B2,1,2.47,11376.0,11.376,33187.5,9218.8,83004.7,23057.0,9219.0,0.0,0.0,0.0,0.0,207706561,Air,,24615.3,T,11.72,4.23,1.96,,,92.0,,,,Central split system,2.42,Electric furnace,Electricity,Wood fireplace,Mixed Wood,Yes,MOOVAIR,DMA36HOS20230E7,FMA36HIAHUU230X7,40000,30400,34400,1.97,9.5,16,Yes,11.723,10.082,1.03,0.886
5315396,MB,R2E,E,2024-05-01,2024,Single Detached,248.1,One storey,1970,B1;B2,1,3.0948,16498.4,16.498,37335.5,10371.1,111123.7,30867.9,10370.9,7580.3,0.0,0.0,0.0,213153602,Air,,15057.4,T,9.5,3.31,1.81,,,72.0,,,,Central split system,3.41,Condensing furnace,Natural Gas,Other (describe),Electricity,Yes,NAPOLEON,WSEHV2436RA1-N,HG34936,36000,21000,23600,1.80,8.5,15.2,No,10.551,6.916,0.639,0.419
5316929,MB,R6P,E,2024-05-01,2024,Single Detached,205.2,One storey,1983,,1,1.7292,12320.7,12.321,38484.4,10690.2,90370.7,25103.2,10690.1,0.0,0.0,0.0,2038.6,208447883,Air,,24039.3,T,11.72,3.39,1.9,,,88.0,,,,Central split system,2.87,Electric furnace,Electricity,Wood fireplace,Mixed Wood,Yes,CARRIER,38MURAQ36AB3,40MUAAQ36XA3,40000,30400,34400,1.97,9.5,16,Yes,11.723,10.082,0.951,0.818
5316957,MB,R6P,E,2024-03-01,2024,Single Detached,238.0,One storey,2010,B1,1,1.2356,8736.1,8.736,24436.5,6788.0,71812.7,19948.1,6788.1,0.0,0.0,0.0,0.0,208130405,Air,,24635.2,T,11.72,4.58,1.96,,,92.0,,,,Central split system,2.42,Electric furnace,Electricity,Wood fireplace,Mixed Wood,Yes,ECO-AIR,MOE31U-36HFN1-M,MVC-36HWFN1-M,40000,30400,34400,1.97,9.5,16,Yes,11.723,10.082,1.342,1.154
5317771,MB,R0A,E,2024-03-01,2024,Single Detached,252.7,Two storeys,1975,B1,1,1.988,12512.3,12.512,46922.2,13034.0,92046.8,25568.8,13034.0,0.0,0.0,0.0,0.0,212633393,Air,,10185.1,T,9.5,3.02,1.8,,,74.0,,,,Central split system,2.79,Electric furnace,Electricity,Wood fireplace,Mixed Wood,Yes,,,,,,,,,,,,,,
5317919,MB,R0K,E,2024-05-01,2024,Single Detached,116.3,One and a half,2023,,1,1.91,6223.2,6.223,25070.5,6964.1,70455.8,19571.2,6963.9,0.0,0.0,0.0,0.0,204711112,Air,,8792.1,F,0.0,1.98,0.0,,,0.0,,,,Mini-split ductless,3.843,Electric boiler,Electricity,Baseboard/Hydronic/Plenum(duct) htrs,Electricity,Yes,CARRIER,38MGRQ30D--3,,30000,23000,19000,1.70,8.7,18.5,No,8.792,5.568,1.413,0.895
5318054,MB,R2L,E,2024-03-01,2024,Single Detached,183.8,Two storeys,1923,B1;B2;B3;C1;F1,1,6.0022,33368.3,33.368,54189.2,15052.7,196872.1,54687.1,15052.6,24446.0,0.0,0.0,0.0,213153602,Air,,15057.4,T,9.5,3.31,1.81,,,72.0,,,,Central split system,3.41,Condensing furnace,Natural Gas,Fireplace with pilot (unsealed),Natural Gas,Yes,NAPOLEON,WSEHV2436RA1-N,HG34936,36000,21000,23600,1.80,8.5,15.2,No,10.551,6.916,0.316,0.207
5318136,MB,R6W,E,2024-04-01,2024,Single Detached,318.1,One storey,2009,B1,1,0.56,11676.7,11.677,45929.7,12758.4,92804.6,25779.3,12758.4,0.0,0.0,0.0,0.0,212633393,Air,,10197.7,T,9.5,3.01,1.8,,,74.0,,,,Central split system,2.79,Electric furnace,Electricity,Advanced airtight wood stove,Mixed Wood,Yes,,,,,,,,,,,,,,
5319345,MB,R0G,E,2024-04-01,2024,Single Detached,254.0,One storey,1959,C1;F1,1,11.311,25192.5,25.192,108113.3,30031.7,158269.9,43964.2,30031.6,0.0,0.0,0.0,0.0,208447887,Air,,15681.1,T,7.03,3.27,1.8,,,100.0,,,ESTAR,Central split system,3.43,Electric furnace,Electricity,Advanced airtight wood stove,Mixed Wood,Yes,CARRIER,38MURAQ24AB3,40MUAAQ24XA3,24000,19200,22600,1.91,10,17.4,Yes,7.034,6.623,0.279,0.263
5319372,MB,R2K,E,2024-04-01,2024,Single Detached,233.3,One storey,1948,B1,1,2.6868,12233.9,12.234,26369.3,7324.9,100874.3,28020.9,7324.8,7490.1,0.0,0.0,0.0,212633393,Air,,10185.1,T,9.5,3.02,1.8,,,74.0,,,ESTAR,Central split system,2.79,Condensing furnace,Natural Gas,Fireplace with pilot (sealed),Natural Gas,Yes,,,,,,,,,,,,,,
5319459,MB,R0A,E,2024-02-01,2024,Single Detached,210.8,One storey,2006,B1,1,1.543,11016.6,11.017,30985.6,8607.2,78097.3,21693.9,8607.3,0.0,0.0,0.0,0.0,206799411,Air,,10304.4,T,10.26,3.23,1.8,,,80.0,,,ESTAR,Central split system,2.93,Baseboard/Hydronic/Plenum(duct) htrs.,Electricity,Other (describe),Electricity,Yes,GE Appliances,AUH2436ZGDA*,UUY36ZGDAB*,35000,29000,28000,1.80,9,16,Yes,10.257,8.206,0.931,0.745
5320137,MB,R2E,E,2024-03-01,2024,Single Detached,368.1,One storey,2000,B1,1,2.5699,16256.5,16.256,33229.9,9230.6,108342.5,30095.4,9230.6,7282.0,0.0,0.0,0.0,213153602,Air,,15057.4,T,9.5,3.31,1.81,,,72.0,,,,Central split system,3.41,Condensing furnace,Natural Gas,Other (describe),Electricity,Yes,NAPOLEON,WSEHV2436RA1-N,HG34936,36000,21000,23600,1.80,8.5,15.2,No,10.551,6.916,0.649,0.425
790816,MB,R2G,E,2024-03-01,2024,Single Detached,169.2,One storey,1955,B1;B2,1,2.5037,12754.4,12.754,28288.6,7858.0,93672.3,26020.3,7858.1,5490.6,0.0,0.0,0.0,212404693,Air,,13837.3,T,7.33,3.36,1.82,,,86.0,,,ESTAR,Central split system,2.93,Condensing furnace,Natural Gas,,,Yes,NAPOLEON,WSEHV2436RA1-N,"H,DE33(6,9)36",24000,15000,17500,1.80,8.5,17,No,7.034,5.129,0.551,0.402
5321176,MB,R2V,E,2024-04-01,2024,Single Detached,142.8,Two storeys,1940,B1;B2;C1;F1,1,7.2691,20915.9,20.916,40191.7,11164.5,132285.0,36746.1,11164.5,13039.5,0.0,0.0,0.0,213153602,Air,,15057.4,T,9.5,3.31,1.81,,,72.0,,,,Central split system,3.41,Induced draft fan furnace,Natural Gas,Other (describe),Electricity,Yes,NAPOLEON,WSEHV2436RA1-N,HG34936,36000,21000,23600,1.80,8.5,15.2,No,10.551,6.916,0.504,0.331
5321883,MB,R6W,E,2024-04-01,2024,Single Detached,315.8,Two storeys,1907,B1,1,3.5,16390.1,16.39,28842.3,8011.8,111883.8,31079.1,8011.7,9873.4,0.0,0.0,0.0,212633393,Air,,10197.7,T,9.5,3.01,1.8,,,74.0,,,,Central split system,2.79,Condensing furnace,Natural Gas,,,Yes,,,,,,,,,,,,,,
5325250,MB,R0H,E,2024-02-01,2024,Single Detached,336.8,One storey,1999,B1;C1;F1,1,1.1885,10302.1,10.302,61989.1,17219.3,113171.6,31436.8,17219.3,0.0,0.0,0.0,0.0,208447884,Air,,16926.9,T,9.67,3.27,1.85,,,80.0,,,ESTAR,Central split system,2.88,Electric furnace,Electricity,,,Yes,CARRIER,38MURAQ30AB3,40MUAAQ30XA3,33000,21000,24000,1.80,8.9,16.2,Yes,9.671,7.034,0.939,0.683
5325491,MB,R2V,E,2024-02-01,2024,Single Detached,209.5,One storey,1973,B1,1,2.4274,11745.6,11.746,19425.1,5395.9,86140.9,23928.2,5395.9,5731.4,0.0,0.0,0.0,207098550,Air,,8787.2,T,7.62,3.48,1.92,,,70.0,,,,Central split system,3.36,Condensing furnace,Natural Gas,,,Yes,CARRIER,38MARBQ24AA3,CAP**2417AL*,26000,15800,,,10,15,No,7.62,,0.649,
5326613,MB,R3J,E,2024-04-01,2024,Single Detached,118.5,One storey,1913,B1;C1;F1,1,7.9148,12240.9,12.241,19515.5,5421.0,97037.2,26955.0,5421.2,5973.1,0.0,0.0,0.0,207098550,Air,,8787.2,T,7.62,3.48,1.95,,,70.0,,,,Central split system,3.36,Condensing furnace,Natural Gas,,,Yes,CARRIER,38MARBQ24AA3,CAP**2417AL*,26000,15800,,,10,15,No,7.62,,0.622,
5327240,MB,R3T,E,2024-05-01,2024,Single Detached,347.8,One storey,2000,B1,1,1.9327,14175.3,14.175,31967.8,8880.0,94580.5,26272.6,8880.1,6897.0,0.0,0.0,0.0,213153602,Air,,15057.4,T,9.5,3.31,1.81,,,72.0,,,,Central split system,3.41,Condensing furnace,Natural Gas,Wood fireplace,Mixed Wood,Yes,NAPOLEON,WSEHV2436RA1-N,HG34936,36000,21000,23600,1.80,8.5,15.2,No,10.551,6.916,0.744,0.488
5331073,MB,R6T,E,2024-05-01,2024,Single Detached,426.4,Two storeys,2014,B1;C1;F1,1,1.767,16070.2,16.07,74469.3,20686.1,122025.0,33896.1,20686.0,0.0,0.0,0.0,0.0,212851768,Air,,10292.4,T,9.5,3.22,1.8,,,86.0,,,,Central split system,2.93,Electric furnace,Electricity,,,Yes,,,,,,,,,,,,,,
772691,MB,R2W,E,2024-05-01,2024,Single Detached,145.9,One storey,1928,B1,1,4.6711,11956.3,11.956,23287.4,6468.8,95098.4,26416.4,6468.7,4485.9,0.0,0.0,0.0,212361759,Air,,13065.1,T,7.33,3.35,1.95,,,80.0,,,ESTAR,Central split system,3.2,Condensing furnace,Natural Gas,,,Yes,MOOVAIR,DMA24HOS20230E7,CUB24HAC20BWT7A,25000,21000,20000,1.95,9.5,16.5,Yes,7.327,5.861,0.613,0.49
5335531,MB,R3Y,E,2024-04-01,2024,Single Detached,216.3,One storey,2000,B1,1,1.5552,9213.2,9.213,14456.5,4015.7,76186.3,21163.0,4015.9,4711.4,0.0,0.0,0.0,211239688,Air,,7000.0,T,7.85,3.7,2.02,,,91.0,,,ESTAR,Central split system,3.21,Condensing furnace,Natural Gas,,,Yes,CARRIER,38MURAQ24AB3*,CAP**2417AL*,26800,19400,24400,2.02,8.5,16,No,7.854,7.151,0.853,0.776
5335605,MB,R0A,E,2024-04-01,2024,Single Detached,202.1,One storey,1964,B1,1,1.1759,7575.0,7.575,25266.6,7018.6,71615.0,19893.2,7018.7,0.0,0.0,0.0,0.0,212361760,Air,,10891.7,T,9.67,3.25,1.85,,,81.0,,,,Central split system,2.76,Electric furnace,Electricity,,,Yes,MOOVAIR,DMA30HOS20230E7,CUB36HAC20CWT7A,33000,22600,27000,1.85,9.7,15.5,Yes,9.671,7.913,1.277,1.045
5337365,MB,R2H,E,2024-05-01,2024,Single Detached,141.7,Two storeys,1912,B1;B2,1,6.86,15899.2,15.899,37219.4,10338.8,110050.5,30569.8,10338.7,7575.1,0.0,0.0,0.0,213153602,Air,,15057.4,T,9.5,3.31,1.8,,,72.0,,,,Central split system,3.41,Condensing furnace,Natural Gas,,,Yes,NAPOLEON,WSEHV2436RA1-N,HG34936,36000,21000,23600,1.80,8.5,15.2,No,10.551,6.916,0.664,0.435
5345043,MB,R1C,E,2024-04-01,2024,Single Detached,225.0,Two storeys,1941,B1;C1;F1,1,2.49,12299.3,12.299,24896.3,6915.7,92615.2,25726.7,6915.6,5873.1,0.0,0.0,0.0,212633393,Air,,11064.3,T,9.5,3.02,1.8,,,74.0,,,,Central split system,2.79,Condensing furnace,Natural Gas,,,Yes,,,,,,,,,,,,,,
5343489,MB,R2M,E,2024-04-01,2024,Single Detached,173.9,One storey,1960,B1;B2;P1,1,4.5295,11816.2,11.816,24783.4,6884.3,91378.9,25383.2,6884.2,3682.3,0.0,0.0,0.0,213153602,Air,,15057.4,T,9.5,3.31,1.8,,,72.0,,,,Central split system,3.41,Condensing furnace,Natural Gas,Wood fireplace,Mixed Wood,Yes,NAPOLEON,WSEHV2436RA1-N,HG34936,36000,21000,23600,1.80,8.5,15.2,No,10.551,6.916,0.893,0.585
5345625,MB,R2V,E,2024-03-01,2024,Single Detached,210.7,One storey,2005,B1,1,2.4711,11157.3,11.157,16979.9,4716.7,85454.0,23737.4,4716.7,6593.7,0.0,0.0,0.0,211239688,Air,,7924.3,T,7.85,3.7,2.02,,,91.0,,,,Central split system,3.21,Condensing furnace,Natural Gas,,,Yes,CARRIER,38MURAQ24AB3*,CAP**2417AL*,26800,19400,24400,2.02,8.5,16,No,7.854,7.151,0.704,0.641
5345627,MB,R6M,E,2024-03-01,2024,Single Detached,365.5,One storey,2001,B1,1,1.4386,12244.1,12.244,25802.9,7167.5,112671.8,31298.0,7167.6,8144.2,0.0,0.0,0.0,212851768,Air,,10292.4,T,9.5,3.22,1.8,,,86.0,,,,Central split system,2.93,Condensing furnace,Natural Gas,Wood fireplace,Mixed Wood,Yes,,,,,,,,,,,,,,
5346957,MB,R5G,E,2024-04-01,2024,Single Detached,249.8,One storey,1994,B1;C1;F1;P1,1,1.24,12591.3,12.591,19605.0,5445.9,81797.2,22721.6,5445.9,8192.8,0.0,0.0,0.0,212633392,Air,,7000.0,T,100.0,3.23,1.8,,,102.0,,,,Central split system,3.52,Condensing furnace,Natural Gas,Fireplace with pilot (sealed),Natural Gas,Yes,GREE,FLEXX36HP230V1AO,CDP36K15P+TD,,14000,21200,1.80,8.5,15.2,No,,6.213,,0.493
5346965,MB,R2E,E,2024-03-01,2024,Single Detached,526.3,One storey,2012,B1;B2,1,0.8,20540.6,20.541,35717.2,9921.5,91167.1,25324.4,9921.5,1794.5,0.0,0.0,0.0,207312174,Ground,,16236.1,F,0.0,3.7,0.0,,,0.0,,,C448,Conventional A/C,5.33,Electric furnace,Electricity,Fireplace with pilot (sealed),Natural Gas,No,,,,,,,,,,,,,,
5347440,MB,R2V,E,2024-02-01,2024,Single Detached,206.0,Two storeys,2005,B1,1,2.0006,11762.9,11.763,19295.3,5359.8,89373.1,24826.1,5359.8,6835.3,0.0,0.0,0.0,207098550,Air,,8787.2,T,7.62,3.48,1.95,,,70.0,,,ESTAR,Central split system,3.36,Condensing furnace,Natural Gas,,,Yes,CARRIER,38MARBQ24AA3,CAP**2417AL*,26000,15800,,,10,15,No,7.62,,0.648,
5347497,MB,R2G,E,2024-04-01,2024,Single Detached,196.1,One storey,1978,B1,1,2.324,11437.0,11.437,17201.9,4778.3,90641.0,25178.3,4778.4,4678.6,0.0,0.0,0.0,207098699,Air,,8584.3,T,7.44,3.63,2.0,,,70.0,,,ESTAR,Central split system,3.36,Condensing furnace,Natural Gas,Wood fireplace,Mixed Wood,Yes,Bryant,38MARBQ24AA3,CAP**3017AL*,25400,15500,,,10.5,15.5,No,7.444,,0.651,
5347510,MB,R2J,E,2024-03-01,2024,Single Detached,204.7,One storey,1980,B1,1,3.4944,11697.2,11.697,17138.7,4760.8,98039.1,27233.3,4760.9,6865.3,0.0,0.0,0.0,211241626,Air,,7744.7,T,7.68,3.59,1.92,,,89.0,,,ESTAR,Central split system,3.21,Condensing furnace,Natural Gas,Wood fireplace,Mixed Wood,Yes,BRYANT HEATING AND COOLING SYSTEMS,38MURAQ24AB3*,CAP**3017AL*,26200,19100,23400,1.92,8.5,16.5,No,7.678,6.858,0.656,0.586
5347643,MB,R3T,E,2024-04-01,2024,Single Detached,250.0,One storey,1970,B1;B2,1,3.05,15382.5,15.382,34633.6,9620.5,98484.7,27357.1,9620.6,4984.2,0.0,0.0,0.0,211377661,Air,,25689.0,T,9.96,3.75,2.06,,,71.0,,,,Central split system,3.08,Condensing furnace,Natural Gas,,,Yes,YORK,HMH72B341,XAFB36DXXN1+TXV,33400,25000,23400,2.04,8.5,17.5,Yes,9.789,6.858,0.636,0.446
5350310,MB,R0A,E,2024-05-01,2024,Single Detached,248.0,One storey,2013,B1,1,1.8508,10044.9,10.045,37053.6,10292.7,83598.6,23222.0,10292.9,0.0,0.0,0.0,0.0,212633393,Air,,10185.1,T,9.5,3.02,1.8,,,74.0,,,,Central split system,2.79,Electric furnace,Electricity,,,Yes,,,,,,,,,,,,,,
1135653,MB,R1N,E,2024-04-01,2024,Single Detached,241.3,One storey,1990,B1;P1,1,3.0202,11643.7,11.644,24808.1,6891.2,107333.6,29815.1,6891.2,7280.1,0.0,0.0,0.0,212633393,Air,,10198.3,T,6.86,3.0,1.8,,,74.0,,,ESTAR,Central split system,2.79,Condensing furnace,Natural Gas,Fireplace with spark ignit. (sealed),Natural Gas,Yes,,,,,,,,,,,,,,
5352382,MB,R3G,E,2024-03-01,2024,Single Detached,185.4,Three storeys,1913,B1,1,6.479,21120.7,21.121,25226.7,7007.5,140585.5,39051.8,7007.6,19504.0,0.0,0.0,0.0,207098550,Air,,8787.2,T,7.62,3.48,1.95,,,70.0,,,ESTAR,Central split system,3.36,Condensing furnace,Natural Gas,,,Yes,CARRIER,38MARBQ24AA3,CAP**2417AL*,26000,15800,,,10,15,No,7.62,,0.361,
5352734,MB,R1N,E,2024-03-01,2024,Single Detached,225.7,One storey,1965,B1,1,2.5667,9061.1,9.061,17114.2,4754.0,97237.4,27010.6,4753.9,6695.1,0.0,0.0,0.0,211239688,Air,,7934.6,T,7.85,3.72,2.02,,,91.0,,,,Central split system,3.21,Condensing furnace,Natural Gas,Fireplace with pilot (sealed),Natural Gas,Yes,CARRIER,38MURAQ24AB3*,CAP**2417AL*,26800,19400,24400,2.02,8.5,16,No,7.854,7.151,0.867,0.789
5352892,MB,R3T,E,2024-05-01,2024,"Row house, end unit",135.0,Two storeys,1984,B1;B2,1,3.3145,11756.6,11.757,22901.1,6361.5,88543.1,24595.5,6361.4,3502.3,0.0,0.0,0.0,212404693,Air,,13837.4,T,7.33,3.36,1.82,,,86.0,,,,Central split system,2.93,Condensing furnace,Natural Gas,,,Yes,NAPOLEON,WSEHV2436RA1-N,"H,DE33(6,9)36",24000,15000,17500,1.80,8.5,17,No,7.034,5.129,0.598,0.436
5355198,MB,R3T,E,2024-05-01,2024,Single Detached,184.1,One and a half,1950,B1,1,2.9968,11499.2,11.499,22639.8,6288.9,88607.9,24613.5,6288.9,5177.5,0.0,0.0,0.0,212633393,Air,,10185.1,T,9.5,3.02,1.8,,,74.0,,,,Central split system,2.79,Condensing furnace,Natural Gas,,,Yes,,,,,,,,,,,,,,
5355249,MB,R2V,E,2024-04-01,2024,Single Detached,238.0,One storey,1965,B1;B2,1,2.4961,16049.9,16.05,33795.0,9387.6,107601.5,29889.5,9387.6,7863.7,0.0,0.0,0.0,213153602,Air,,15057.4,T,9.5,3.31,1.8,,,72.0,,,,Central split system,3.41,Condensing furnace,Natural Gas,,,Yes,NAPOLEON,WSEHV2436RA1-N,HG34936,36000,21000,23600,1.80,8.5,15.2,No,10.551,6.916,0.657,0.431
5359356,MB,R4G,E,2024-03-01,2024,Single Detached,288.2,Two storeys,1991,B1,1,3.0489,18073.9,18.074,27196.1,7554.5,119581.0,33217.2,7554.5,13143.4,0.0,0.0,0.0,212976792,Air,,11147.5,T,11.08,3.59,2.02,,,91.0,,,,Central split system,3.11,Condensing furnace,Natural Gas,,,Yes,CARRIER,38MURAQ36AB3*,CAP**4821AL*,37800,29000,34600,2.02,8.5,16.5,No,11.078,10.14,0.613,0.561
5363044,MB,R1N,E,2024-03-01,2024,Single Detached,282.0,One storey,1951,B1,1,6.3853,15370.2,15.37,12851.5,3569.9,156910.5,43586.6,3570.0,24928.8,0.0,0.0,0.0,212633393,Air,,9261.0,T,9.5,3.976,1.8,,,74.0,,,,Central split system,3.176,Condensing furnace,Natural Gas,Fireplace with pilot (unsealed),Natural Gas,Yes,,,,,,,,,,,,,,
5363049,MB,R3Y,E,2024-04-01,2024,Single Detached,346.4,Two storeys,2009,B1,1,1.5604,13052.4,13.052,19821.0,5505.9,103769.9,28825.2,5505.9,10273.1,0.0,0.0,0.0,212614921,Air,,10065.2,T,10.02,4.17,2.04,,,84.0,,,,Central split system,2.96,Condensing furnace,Natural Gas,Fireplace with pilot (unsealed),Natural Gas,Yes,DAIKIN,DZ6VSA361EA*,CA*EA4830*4A*,34200,23000,29000,2.00,8.6,17.5,Yes,10.023,8.499,0.768,0.651
5363238,MB,R2J,E,2024-05-01,2024,Double/Semi-detached,164.8,One storey,1977,B1,1,2.4113,7083.2,7.083,13930.6,3869.6,66243.0,18401.0,3869.8,1893.3,0.0,0.0,0.0,212633393,Air,,10185.1,T,9.5,3.02,1.8,,,74.0,,,,Central split system,2.79,Condensing furnace,Natural Gas,,,Yes,,,,,,,,,,,,,,
5363445,MB,R3R,E,2024-05-01,2024,Single Detached,289.3,Two storeys,2005,B1,1,2.3672,14184.5,14.184,28968.2,8046.8,119200.9,33111.6,8046.7,11550.9,0.0,0.0,0.0,212633393,Air,,10185.1,T,9.5,3.02,1.8,,,74.0,,,ESTAR,Central split system,2.79,Condensing furnace,Natural Gas,Fireplace with pilot (sealed),Natural Gas,Yes,,,,,,,,,,,,,,
5366407,MB,R2K,E,2024-04-01,2024,Single Detached,170.4,Two storeys,1946,B1;C1;F1,1,7.9706,20262.0,20.262,26008.7,7224.7,132452.7,36792.7,7224.8,16820.1,0.0,0.0,0.0,211713197,Air,,9746.4,T,9.67,3.47,1.84,,,79.0,,,,Central split system,2.88,Condensing furnace,Natural Gas,,,Yes,CARRIER,38MURAQ30AB3*,CAP**4321AL*,33000,23000,26200,1.84,8.1,15.2,No,9.671,7.678,0.477,0.379
5366646,MB,R2N,E,2024-05-01,2024,Single Detached,302.5,Two storeys,1999,B1;B2,1,2.0,14847.8,14.848,18524.4,5145.7,108647.3,30180.0,5145.6,11370.4,0.0,0.0,0.0,212427853,Air,,7000.0,T,7.33,3.36,1.82,,,86.0,,,,Central split system,2.93,Condensing furnace,Natural Gas,Fireplace with spark ignit. (sealed),Natural Gas,Yes,NAPOLEON,WSEHV2436RA1-N,"H,DE33(6,9)36",24000,15000,17500,1.80,8.5,17,No,7.034,5.129,0.474,0.345
5367279,MB,R3M,E,2024-05-01,2024,Single Detached,151.1,Two storeys,1961,B1,1,4.7,13751.1,13.751,25985.5,7218.3,85516.8,23754.9,7218.1,3832.5,0.0,0.0,0.0,213153602,Air,,15057.4,T,9.5,3.31,1.81,,,72.0,,,,Central split system,3.41,Condensing furnace,Natural Gas,,,Yes,NAPOLEON,WSEHV2436RA1-N,HG34936,36000,21000,23600,1.80,8.5,15.2,No,10.551,6.916,0.767,0.503
5369537,MB,R2M,E,2024-04-01,2024,Single Detached,179.0,One storey,1973,B1;B2;B3,1,1.69,9187.4,9.187,20061.9,5572.8,74144.3,20595.8,5572.8,2440.9,0.0,0.0,0.0,213153602,Air,,15057.4,T,9.5,3.3,1.8,,,72.0,,,,Central split system,3.41,Condensing furnace,Natural Gas,,,Yes,NAPOLEON,WSEHV2436RA1-N,HG34936,36000,21000,23600,1.80,8.5,15.2,No,10.551,6.916,1.148,0.753
5369802,MB,R3G,E,2024-04-01,2024,Single Detached,152.0,Two storeys,1905,B1;C1;F1,1,7.1895,19143.0,19.143,31271.5,8686.6,116105.2,32251.7,8686.5,10922.0,0.0,0.0,0.0,212361759,Air,,13065.1,T,7.33,3.35,1.95,,,80.0,,,,Central split system,3.2,Condensing furnace,Natural Gas,,,Yes,MOOVAIR,DMA24HOS20230E7,CUB24HAC20BWT7A,25000,21000,20000,1.95,9.5,16.5,Yes,7.327,5.861,0.383,0.306
5370086,MB,R3J,E,2024-04-01,2024,Single Detached,79.1,One storey,1918,B1;C1;F1,1,7.4701,8852.4,8.852,15569.5,4324.9,80204.0,22279.1,4324.8,2426.4,0.0,0.0,0.0,212386846,Air,,13065.1,T,7.33,3.35,1.95,,,80.0,,,ESTAR,Central split system,3.2,Condensing furnace,Natural Gas,,,Yes,ATK,ACI-AUO24SHP-M,ACI-BCO24CP17,25000,21000,20000,1.95,9.5,16.5,No,7.327,5.861,0.828,0.662
5370691,MB,R4H,E,2024-04-01,2024,Single Detached,251.6,One storey,2009,B1,1,1.39,9962.9,9.963,20297.8,5638.3,80039.1,22233.3,5638.4,3034.5,0.0,0.0,0.0,213153602,Air,,15057.4,T,9.5,3.31,1.8,,,72.0,,,,Central split system,3.41,Condensing furnace,Natural Gas,Fireplace with spark ignit. (sealed),Natural Gas,Yes,NAPOLEON,WSEHV2436RA1-N,HG34936,36000,21000,23600,1.80,8.5,15.2,No,10.551,6.916,1.059,0.694
5370813,MB,R1N,E,2024-05-01,2024,Single Detached,258.7,One storey,1967,B1;C1;F1,1,2.47,8770.0,8.77,19429.3,5397.1,65231.0,18119.9,5397.0,0.0,0.0,0.0,0.0,207318098,Ground,,10550.0,F,0.0,3.7,0.0,,,0.0,,,C448,Conventional A/C,4.72,Electric furnace,Electricity,,,No,,,,,,,,,,,,,,
5371134,MB,R0G,E,2024-05-01,2024,Single Detached,335.3,One storey,2015,B1,1,1.0955,9828.4,9.828,39973.3,11103.8,88607.8,24613.5,11103.7,0.0,0.0,0.0,0.0,208130406,Air,,29039.8,T,14.65,3.13,1.9,,,92.0,,,,Central split system,2.4,Electric furnace,Electricity,,,Yes,ECO-AIR,MOE30U-48HFN1-M-[X1],MVC-48HWFN1-M,50000,36000,46000,1.90,9.4,15.6,Yes,14.654,13.481,1.491,1.372
5371249,MB,R0G,E,2024-04-01,2024,Single Detached,343.3,One storey,1988,B1,1,1.6347,13773.9,13.774,31731.6,8814.4,99035.2,27510.0,8814.5,5639.8,0.0,0.0,0.0,213153602,Air,,15057.4,T,9.5,3.31,1.8,,,72.0,,,,Central split system,3.41,Condensing furnace,Natural Gas,,,Yes,NAPOLEON,WSEHV2436RA1-N,HG34936,36000,21000,23600,1.80,8.5,15.2,No,10.551,6.916,0.766,0.502
5371758,MB,R3Y,E,2024-05-01,2024,Single Detached,262.3,Two storeys,1987,B1,1,2.88,13411.7,13.412,18330.5,5091.8,93536.6,25982.6,5091.7,6417.0,0.0,0.0,0.0,212614930,Air,,10067.3,T,10.02,4.19,2.0,,,84.0,,,,Central split system,2.96,Condensing furnace,Natural Gas,Wood fireplace,Mixed Wood,Yes,DAIKIN,DZ6VSA361EA*,CA*EA4830*4A*,34200,23000,29000,2.00,8.6,17.5,Yes,10.023,8.499,0.747,0.634
5372073,MB,R1N,E,2024-05-01,2024,Single Detached,202.1,One storey,2010,B1,1,2.162,8739.9,8.74,41941.7,11650.6,89291.2,24803.3,11650.6,0.0,0.0,0.0,0.0,212633393,Air,,10198.3,T,9.5,3.0,1.8,,,74.0,,,ESTAR,Central split system,2.79,Electric furnace,Electricity,,,Yes,,,,,,,,,,,,,,
5372086,MB,R1N,E,2024-03-01,2024,Single Detached,284.3,Two storeys,1985,B1;B2,1,2.2663,11939.5,11.94,19785.0,5495.9,119439.0,33177.8,5495.9,12617.6,0.0,0.0,0.0,212633392,Air,,7073.9,T,6.56,3.24,1.8,,,102.0,,,ESTAR,Central split system,3.52,Condensing furnace,Natural Gas,Advanced airtight wood stove,Mixed Wood,Yes,GREE,FLEXX36HP230V1AO,CDP36K15P+TD,,14000,21200,1.80,8.5,15.2,No,,6.213,,0.52
5372103,MB,R0G,E,2024-04-01,2024,Single Detached,396.6,One storey,2021,B1;P1,1,0.9888,13466.7,13.467,41395.2,11498.8,89699.8,24916.8,11498.7,0.0,0.0,0.0,0.0,212633393,Air,,10171.0,T,9.5,3.03,1.8,,,74.0,,,,Central split system,2.79,Electric furnace,Electricity,,,Yes,,,,,,,,,,,,,,
5372125,MB,R2V,E,2024-04-01,2024,Single Detached,170.2,One and a half,1940,B1,1,4.7095,15726.1,15.726,31087.0,8635.3,111598.8,30999.9,8635.3,9663.4,0.0,0.0,0.0,212361759,Air,,13065.1,T,7.33,3.35,1.95,,,80.0,,,,Central split system,3.2,Condensing furnace,Natural Gas,Fireplace with pilot (sealed),Natural Gas,Yes,MOOVAIR,DMA24HOS20230E7,CUB24HAC20BWT7A,25000,21000,20000,1.95,9.5,16.5,Yes,7.327,5.861,0.466,0.373
5372504,MB,R1N,E,2024-04-01,2024,Single Detached,182.7,One storey,1976,B1;P1,1,3.629,10802.9,10.803,20239.1,5622.0,110281.1,30633.9,5622.0,9333.4,0.0,0.0,0.0,212633392,Air,,7073.9,T,6.56,3.24,1.8,,,102.0,,,ESTAR,Central split system,3.52,Condensing furnace,Natural Gas,Wood fireplace,Mixed Wood,Yes,GREE,FLEXX36HP230V1AO,CDP36K15P+TD,,14000,21200,1.80,8.5,15.2,No,,6.213,,0.575
5372506,MB,R1N,E,2024-03-01,2024,Single Detached,359.6,Two storeys,1994,B1,1,2.0864,13820.8,13.821,59989.5,16663.9,112495.4,31249.0,16664.0,0.0,0.0,0.0,0.0,208447910,Air,,24043.6,T,11.72,3.39,1.9,,,88.0,,,,Central split system,2.87,Electric furnace,Electricity,Wood fireplace,Mixed Wood,Yes,Weathermaker,38MURAQ36AB3,40MUAAQ36XA3,40000,30400,34400,1.97,9.5,16,Yes,11.723,10.082,0.848,0.729
5373106,MB,R1N,E,2024-05-01,2024,Single Detached,341.3,Two storeys,1984,B1,1,1.758,11776.9,11.777,59802.6,16612.0,109573.5,30437.3,16612.1,0.0,0.0,0.0,0.0,212633393,Air,,10198.3,T,9.5,3.0,1.8,,,74.0,,,ESTAR,Central split system,2.79,Electric furnace,Electricity,,,Yes,,,,,,,,,,,,,,
5373826,MB,R2C,E,2024-04-01,2024,Single Detached,222.9,Two storeys,2007,B1,1,1.7773,11653.1,11.653,22597.2,6277.1,91075.5,25299.0,6277.0,5777.5,0.0,0.0,0.0,212633393,Air,,10185.1,T,9.5,3.02,1.8,,,74.0,,,ESTAR,Central split system,2.79,Condensing furnace,Natural Gas,Fireplace with spark ignit. (sealed),Natural Gas,Yes,,,,,,,,,,,,,,
5373879,MB,R2X,E,2024-03-01,2024,Single Detached,175.2,One storey,1957,B1,1,3.7439,10056.3,10.056,14900.3,4139.0,83084.2,23079.1,4138.9,5131.2,0.0,0.0,0.0,213076371,Air,,7924.3,T,7.85,3.92,2.26,,,99.0,,,ESTAR,Central split system,3.2,Condensing furnace,Natural Gas,,,Yes,BRYANT HEATING AND COOLING SYSTEMS,38MURAQ24AB3*,CAP**2417AL*,26800,19400,26600,2.26,8.5,16.5,No,7.854,7.796,0.781,0.775
5373892,MB,R2H,E,2024-04-01,2024,Single Detached,119.3,One storey,1945,B1;B2,1,3.2821,7907.4,7.907,10007.3,2779.8,66317.9,18421.8,2779.7,3245.9,0.0,0.0,0.0,212974627,Air,,5466.4,T,5.39,3.82,2.32,,,105.0,,,ESTAR,Central split system,3.35,Condensing furnace,Natural Gas,,,Yes,BRYANT HEATING AND COOLING SYSTEMS,38MURAQ18AB3*,CAP**2414AL*,18400,12400,19400,2.32,8.5,15.5,No,5.393,5.686,0.682,0.719
5373972,MB,R1N,E,2024-05-01,2024,Single Detached,214.6,One storey,1984,B1;P1,1,2.3542,7951.9,7.952,32767.1,9102.0,79653.7,22126.2,9102.0,0.0,0.0,0.0,0.0,212633393,Air,,10198.3,T,9.5,3.0,1.8,,,74.0,,,ESTAR,Central split system,2.79,Electric furnace,Electricity,Wood fireplace,Mixed Wood,Yes,,,,,,,,,,,,,,
5373979,MB,R3R,E,2024-04-01,2024,Single Detached,189.2,One storey,1973,B1;B2,1,2.6456,10739.9,10.74,15610.7,4336.3,89058.1,24738.6,4336.4,4868.9,0.0,0.0,0.0,211239688,Air,,7924.3,T,7.85,3.7,2.02,,,91.0,,,ESTAR,Central split system,3.21,Condensing furnace,Natural Gas,,,Yes,CARRIER,38MURAQ24AB3*,CAP**2417AL*,26800,19400,24400,2.02,8.5,16,No,7.854,7.151,0.731,0.666
5374059,MB,R3J,E,2024-04-01,2024,Single Detached,173.1,One and a half,1948,B1,1,5.3404,14477.0,14.477,20791.9,5775.6,102365.3,28435.0,5775.6,10002.9,0.0,0.0,0.0,207098550,Air,,8787.2,T,7.62,3.48,1.95,,,70.0,,,,Central split system,3.36,Condensing furnace,Natural Gas,,,Yes,CARRIER,38MARBQ24AA3,CAP**2417AL*,26000,15800,,,10,15,No,7.62,,0.526,
5374125,MB,R3N,E,2024-05-01,2024,Single Detached,173.7,One and a half,1948,B1;B2,1,6.05,19430.0,19.43,75253.2,20903.8,119934.8,33315.5,20903.8,0.0,0.0,0.0,0.0,213153602,Air,,15057.4,T,9.5,3.31,1.8,,,72.0,,,,Central split system,3.41,Electric furnace,Electricity,Wood fireplace,Mixed Wood,Yes,NAPOLEON,WSEHV2436RA1-N,HG34936,36000,21000,23600,1.80,8.5,15.2,No,10.551,6.916,0.543,0.356
5374233,MB,R3N,E,2024-06-01,2024,Single Detached,183.2,Two storeys,1924,B1;C1;F1,1,4.6,15225.1,15.225,31692.8,8803.6,100648.4,27958.1,8803.7,6359.2,0.0,0.0,0.0,210722666,Air,,16043.0,T,10.73,3.22,2.0,,,100.0,,,,Mini-split ductless,2.83,Condensing boiler,Natural Gas,Baseboard/Hydronic/Plenum(duct) htrs,Electricity,Yes,DAIKIN,4MXL36WVJU*,,36600,22400,36600,1.80,9,20,No,10.726,10.726,0.705,0.705
5374695,MB,R1N,E,2024-06-01,2024,Single Detached,273.9,One storey,1982,B1,1,1.9,7774.2,7.774,31242.5,8678.5,77481.5,21522.8,8678.7,0.0,0.0,0.0,0.0,208447884,Air,,16926.9,T,9.67,3.27,1.85,,,80.0,,,,Central split system,2.88,Electric furnace,Electricity,Wood fireplace,Mixed Wood,Yes,CARRIER,38MURAQ30AB3,40MUAAQ30XA3,33000,21000,24000,1.80,8.9,16.2,Yes,9.671,7.034,1.244,0.905
5375597,MB,R2C,E,2024-05-01,2024,Single Detached,221.1,One storey,1995,B1;B2,1,1.79,9711.2,9.711,19688.2,5469.0,82801.7,23000.7,5468.9,2633.6,0.0,0.0,0.0,213153602,Air,,15057.4,T,9.5,3.31,1.8,,,72.0,,,,Central split system,3.41,Condensing furnace,Natural Gas,,,Yes,NAPOLEON,WSEHV2436RA1-N,HG34936,36000,21000,23600,1.80,8.5,15.2,No,10.551,6.916,1.086,0.712
5375598,MB,R2J,E,2024-04-01,2024,Single Detached,196.8,One storey,1990,B1,1,2.53,10387.2,10.387,25215.6,7004.4,102917.5,28588.4,7004.5,6167.3,0.0,0.0,0.0,213076371,Air,,7924.3,T,7.85,2.254,2.26,,,99.0,,,,Central split system,1.796,Condensing furnace,Natural Gas,Fireplace with pilot (unsealed),Natural Gas,Yes,BRYANT HEATING AND COOLING SYSTEMS,38MURAQ24AB3*,CAP**2417AL*,26800,19400,26600,2.26,8.5,16.5,No,7.854,7.796,0.756,0.751
5068979,MB,R0E,E,2024-03-01,2024,Single Detached,235.6,One storey,1989,B1,1,1.2351,10082.1,10.082,40195.0,11165.4,86166.0,23935.2,11165.4,0.0,0.0,0.0,0.0,208141271,Air,,28068.6,T,14.07,3.07,1.82,,,89.0,,,,Central split system,3.04,Electric furnace,Electricity,,,Yes,TRANE,4TXD2060A10NU**,4MXA2048A10NU**,48000,39500,39000,1.80,9,17,Yes,14.067,11.43,1.395,1.134
5376147,MB,R7A,E,2024-03-01,2024,Single Detached,534.2,One storey,2007,B1,1,1.296,20032.1,20.032,28867.6,8018.8,135180.1,37550.3,8019.0,16430.1,0.0,0.0,0.0,211227680,Air,,11334.2,T,11.28,3.32,1.86,,,90.0,,,,Central split system,2.95,Condensing furnace,Natural Gas,Fireplace with pilot (sealed),Natural Gas,Yes,BRYANT HEATING AND COOLING SYSTEMS,38MURAQ36AB3*,CAP**4221AL*,38500,29400,35000,1.86,8.1,15.5,No,11.283,10.257,0.563,0.512
5376438,MB,R2K,E,2024-05-01,2024,Single Detached,154.5,One storey,1959,B1;B2,1,3.7935,13128.4,13.128,24020.9,6672.5,106264.9,29518.3,6672.6,7548.7,0.0,0.0,0.0,213153602,Air,,15057.4,T,9.5,3.31,1.8,,,72.0,,,,Central split system,3.41,Condensing furnace,Natural Gas,,,Yes,NAPOLEON,WSEHV2436RA1-N,HG34936,36000,21000,23600,1.80,8.5,15.2,No,10.551,6.916,0.804,0.527
5378050,MB,R0J,E,2024-05-01,2024,Single Detached,235.9,Two storeys,1982,B1,1,3.8547,18184.0,18.184,68120.9,18922.6,113976.2,31660.3,18922.7,0.0,0.0,0.0,0.0,207642891,Air,,7000.0,T,10.67,3.38,1.8,,,98.0,,,,Mini-split ductless,3.98,Baseboard/Hydronic/Plenum(duct) htrs.,Electricity,Adv. airtight wood stove + cat. conv.,Mixed Wood,Yes,CARRIER,38MGHBQ36DA3,,37000,33000,36000,1.90,10.3,22.2,Yes,10.844,10.551,0.596,0.58
5378390,MB,R1N,E,2024-05-01,2024,Single Detached,223.6,One storey,2003,C1;F1,1,2.2823,23217.2,23.217,96859.4,26905.6,148744.6,41318.3,26905.5,0.0,0.0,0.0,0.0,212633392,Air,,7073.9,T,6.56,3.24,1.8,,,102.0,,,ESTAR,Central split system,3.52,Electric furnace,Electricity,,,Yes,GREE,FLEXX36HP230V1AO,CDP36K15P+TD,,14000,21200,1.80,8.5,15.2,No,,6.213,,0.268
5379133,MB,R2L,E,2024-04-01,2024,Single Detached,138.3,One storey,2000,B1,1,2.6005,8125.0,8.125,11842.8,3289.7,66685.3,18523.8,3289.7,2733.9,0.0,0.0,0.0,212406525,Air,,7653.6,T,6.56,3.68,2.1,,,107.0,,,,Central split system,3.41,Condensing furnace,Natural Gas,,,Yes,TRANE,4TXD2036A10NU**,"H,TG34930+TD",24000,15800,21200,1.80,8.5,15.2,No,7.034,6.213,0.866,0.765
5379135,MB,R0K,E,2024-05-01,2024,Single Detached,325.4,Two storeys,1989,C1;F1,1,6.9592,29865.8,29.866,110549.3,30708.4,177986.8,49441.2,30708.3,0.0,0.0,0.0,2309.5,208447893,Air,,33224.5,T,9.67,3.35,1.85,,,80.0,,,,Central split system,2.62,Electric furnace,Electricity,Advanced airtight wood stove,Mixed Wood,Yes,BRYANT,38MURAQ30AB3,40MUAAQ30XA3,33000,21000,24000,1.80,8.9,16.2,Yes,9.671,7.034,0.324,0.236
5379884,MB,R0E,N,2023-10-01,2023,Single Detached,190.1,One storey,2023,B1,1,0.86,6270.6,6.271,22769.9,6325.0,66526.1,18479.6,6325.1,0.0,0.0,0.0,0.0,207335553,Air,,19733.1,T,10.55,3.0,1.83,,,83.0,,,,Central split system,2.85,Electric furnace,Electricity,Advanced airtight wood stove,Mixed Wood,Yes,NAPOLEON,NS18HV24A36,NPFX24A36A,35000,29000,28000,1.80,9,16,No,10.257,8.206,1.636,1.309
5379884,MB,R0E,P,2023-10-01,2023,Single Detached,190.1,One storey,2023,B1,1,1.5,6870.2,6.87,25126.8,6979.7,68800.4,19111.4,6979.8,0.0,0.0,0.0,0.0,207335553,Air,,19733.1,T,10.55,3.0,1.83,,,83.0,,,,Central split system,2.85,Electric furnace,Electricity,Advanced airtight wood stove,Mixed Wood,Yes,NAPOLEON,NS18HV24A36,NPFX24A36A,35000,29000,28000,1.80,9,16,No,10.257,8.206,1.493,1.194
5379940,MB,R2J,E,2024-05-01,2024,Single Detached,213.6,One storey,1956,B1;C1;F1,1,4.18,11976.1,11.976,23698.8,6583.1,93286.9,25913.2,6583.1,6033.7,0.0,0.0,0.0,212427853,Air,,13837.3,T,7.33,3.36,1.82,,,86.0,,,,Central split system,2.93,Condensing furnace,Natural Gas,Fireplace with pilot (sealed),Natural Gas,Yes,NAPOLEON,WSEHV2436RA1-N,"H,DE33(6,9)36",24000,15000,17500,1.80,8.5,17,No,7.034,5.129,0.587,0.428
5406674,MB,R5H,E,2024-06-01,2024,Single Detached,188.3,Two storeys,1994,B1;P1,1,1.9419,11660.4,11.66,28545.7,7929.4,73128.8,20313.7,7929.5,0.0,0.0,0.0,0.0,207706561,Air,,7000.0,T,11.72,4.23,1.96,,,92.0,,,,Central split system,2.42,Electric furnace,Electricity,,,Yes,MOOVAIR,DMA36HOS20230E7,FMA36HIAHUU230X7,40000,30400,34400,1.97,9.5,16,Yes,11.723,10.082,1.005,0.865
5380432,MB,R6T,E,2024-05-01,2024,Single Detached,234.8,Two storeys,1970,B1,1,5.86,15016.5,15.016,49929.7,13869.5,97853.8,27181.8,13869.6,0.0,0.0,0.0,0.0,212633393,Air,,10197.7,T,9.5,3.01,1.8,,,74.0,,,,Central split system,2.79,Electric furnace,Electricity,Advanced airtight wood stove,Mixed Wood,Yes,,,,,,,,,,,,,,
5380660,MB,R3P,E,2024-05-01,2024,Single Detached,459.8,Two storeys,1987,B1,1,2.0069,21908.3,21.908,40039.3,11122.1,152498.7,42361.1,11122.0,15522.9,0.0,0.0,0.0,213153602,Air,,15057.4,T,9.5,3.31,1.81,,,72.0,,,,Central split system,3.41,Induced draft fan furnace,Natural Gas,Baseboard/Hydronic/Plenum(duct) htrs,Electricity,Yes,NAPOLEON,WSEHV2436RA1-N,HG34936,36000,21000,23600,1.80,8.5,15.2,No,10.551,6.916,0.482,0.316
5381439,MB,R6T,E,2024-05-01,2024,Single Detached,273.0,One storey,2021,B1,1,0.43,5959.9,5.96,22827.2,6340.9,62472.0,17353.5,6340.9,0.0,0.0,0.0,0.0,212633393,Air,,10174.5,T,9.5,3.02,1.8,,,74.0,,,,Central split system,2.79,Electric furnace,Electricity,,,Yes,,,,,,,,,,,,,,
5381514,MB,R6P,E,2024-04-01,2024,Single Detached,110.0,One storey,2012,C1;F1,1,3.5,17029.2,17.029,71126.5,19757.5,115557.3,32099.5,19757.4,0.0,0.0,0.0,0.0,212633393,Air,,10197.7,T,9.5,3.01,1.8,,,74.0,,,,Central split system,2.79,Electric furnace,Electricity,,,Yes,,,,,,,,,,,,,,
5381663,MB,R6W,E,2024-05-01,2024,Single Detached,379.3,Two storeys,2004,B1,1,1.1692,12436.5,12.436,25398.3,7055.1,99884.8,27746.0,7055.1,7789.0,0.0,0.0,0.0,212633393,Air,,10197.7,T,9.5,3.01,1.8,,,74.0,,,,Central split system,2.79,Condensing furnace,Natural Gas,Fireplace with pilot (sealed),Natural Gas,Yes,,,,,,,,,,,,,,
5382326,MB,R0J,D,2024-03-01,2024,Single Detached,197.1,One storey,1972,B1;C1;F1,1,2.7437,16333.1,16.333,8896.1,2471.2,140135.0,38926.7,2471.1,23097.1,0.0,0.0,0.0,203163518,Air,,6330.3,F,0.0,3.863,0.0,,,0.0,,,,Central split system,3.038,Condensing furnace,Natural Gas,,,Yes,PAYNE HEATING AND COOLING,PH14NB024*0**A*,CNPV*2417AL*,21600,13000,,,8.2,14,No,6.33,,0.388,
5382348,MB,R7A,N,2024-02-01,2024,"Row house, end unit",126.1,One storey,2024,B1,1,2.2689,4818.7,4.819,13449.8,3736.1,54772.5,15214.7,3736.1,0.0,0.0,0.0,0.0,205724747,Air,,5275.3,F,0.0,3.626,0.0,,,0.0,,,,Central split system,3.6268,Baseboard/Hydronic/Plenum(duct) htrs.,Electricity,,,Yes,PERFECTAIRE,3PAMSH18B-SZO,3PAMSH18B-SZW,18000,10500,10100,1.84,8.7,18.3,No,5.275,2.96,1.095,0.614
5382348,MB,R7A,P,2024-02-01,2024,"Row house, end unit",126.1,One storey,2024,B1,1,3.5,5531.0,5.531,16071.6,4464.4,57259.1,15905.4,4464.5,0.0,0.0,0.0,0.0,205724747,Air,,5275.3,F,0.0,3.626,0.0,,,0.0,,,ESTAR,Central split system,3.6268,Baseboard/Hydronic/Plenum(duct) htrs.,Electricity,,,Yes,PERFECTAIRE,3PAMSH18B-SZO,3PAMSH18B-SZW,18000,10500,10100,1.84,8.7,18.3,No,5.275,2.96,0.954,0.535
5382355,MB,R7A,N,2024-02-01,2024,"Row house, end unit",126.1,One storey,2024,B1,1,2.7459,5308.0,5.308,15721.4,4367.1,56930.3,15814.1,4367.0,0.0,0.0,0.0,0.0,205724747,Air,,14630.1,F,0.0,3.626,0.0,,,0.0,,,,Mini-split ductless,3.6268,Baseboard/Hydronic/Plenum(duct) htrs.,Electricity,,,Yes,PERFECTAIRE,3PAMSH18B-SZO,3PAMSH18B-SZW,18000,10500,10100,1.84,8.7,18.3,No,5.275,2.96,0.994,0.558
5382355,MB,R7A,P,2024-02-01,2024,"Row house, end unit",126.1,One storey,2024,B1,1,3.5,5531.0,5.531,16462.7,4573.0,57649.6,16013.9,4573.1,0.0,0.0,0.0,0.0,205724747,Air,,14630.1,F,0.0,3.626,0.0,,,0.0,,,ESTAR,Mini-split ductless,3.6268,Baseboard/Hydronic/Plenum(duct) htrs.,Electricity,,,Yes,PERFECTAIRE,3PAMSH18B-SZO,3PAMSH18B-SZW,18000,10500,10100,1.84,8.7,18.3,No,5.275,2.96,0.954,0.535
5382966,MB,R2G,E,2024-04-01,2024,Single Detached,186.2,One storey,1964,B1,1,2.2377,10780.5,10.78,19260.9,5350.3,91274.0,25354.1,5350.3,4613.1,0.0,0.0,0.0,212361759,Air,,13065.1,T,7.33,3.35,1.95,,,80.0,,,,Central split system,3.2,Condensing furnace,Natural Gas,,,Yes,MOOVAIR,DMA24HOS20230E7,CUB24HAC20BWT7A,25000,21000,20000,1.95,9.5,16.5,Yes,7.327,5.861,0.68,0.544
5383254,MB,R4A,E,2024-05-01,2024,Single Detached,440.5,One storey,2006,B1;C1;F1,1,0.89,12424.9,12.425,28710.9,7975.3,96361.6,26767.3,7975.3,4365.6,0.0,0.0,0.0,213153602,Air,,15057.4,T,9.5,3.31,1.8,,,72.0,,,,Central split system,3.41,Condensing furnace,Natural Gas,Fireplace with spark ignit. (sealed),Natural Gas,Yes,NAPOLEON,WSEHV2436RA1-N,HG34936,36000,21000,23600,1.80,8.5,15.2,No,10.551,6.916,0.849,0.557
5383854,MB,R2G,E,2024-06-01,2024,Single Detached,143.3,Two storeys,1945,B1;C1;F1,1,6.8528,16834.2,16.834,15130.7,4203.0,125651.0,34903.3,4203.1,15926.5,0.0,0.0,0.0,213076382,Air,,5466.4,T,5.39,3.86,2.34,,,105.0,,,,Central split system,3.34,Condensing furnace,Natural Gas,,,Yes,CARRIER,38MURAQ18AB3*,CAP**2417AL*,18400,12400,19500,2.34,8.5,16,No,5.393,5.715,0.32,0.339
5384625,MB,R0G,E,2024-05-01,2024,Single Detached,349.8,Two storeys,1979,B1;B2;C1;F1,1,2.24,27540.6,27.541,38120.3,10589.1,173667.9,48241.5,10589.0,24727.4,0.0,0.0,0.0,212633393,Air,,10197.7,T,9.5,3.01,1.8,,,74.0,,,,Central split system,2.79,Condensing furnace,Natural Gas,,,Yes,,,,,,,,,,,,,,
5384773,MB,R4L,E,2024-03-01,2024,Single Detached,257.6,One storey,2005,B1;C1;F1,1,3.1581,12235.4,12.235,42896.9,11915.9,89566.4,24879.8,11915.9,0.0,0.0,0.0,0.0,212633393,Air,,99999.7,T,9.5,3.02,1.8,,,74.0,,,,Central split system,2.79,Electric furnace,Electricity,,,Yes,,,,,,,,,,,,,,
5385248,MB,R6W,E,2024-05-01,2024,Single Detached,219.5,Two storeys,2016,,1,1.1508,9249.4,9.249,24669.2,6852.6,73965.3,20546.1,6852.6,0.0,0.0,0.0,0.0,208130405,Air,,24635.3,T,11.72,4.23,1.96,,,92.0,,,,Central split system,2.42,Electric furnace,Electricity,Baseboard/Hydronic/Plenum(duct) htrs,Electricity,Yes,ECO-AIR,MOE31U-36HFN1-M,MVC-36HWFN1-M,40000,30400,34400,1.97,9.5,16,Yes,11.723,10.082,1.267,1.09
5387551,MB,R0G,D,2024-04-01,2024,Single Detached,375.6,Two storeys,2015,B1,1,0.9854,10536.1,10.536,52896.2,14693.5,101654.3,28237.5,14693.5,0.0,0.0,0.0,0.0,200089908,Air,,7000.0,F,0.0,2.8,0.0,,,0.0,,,,Central split system,3.038,Electric furnace,Electricity,,,Yes,,,,,,,,,,,,,,
5390258,MB,R0E,D,2024-04-01,2024,Single Detached,132.3,One storey,2022,B1,1,1.73,6970.9,6.971,22864.9,6351.4,64431.4,17897.8,6351.4,0.0,0.0,0.0,0.0,205309938,Air,,10333.4,T,7.33,3.11,1.75,,,62.0,,,ESTAR,Mini-split ductless,3.48,Baseboard/Hydronic/Plenum(duct) htrs.,Electricity,Advanced airtight wood stove,Mixed Wood,Yes,NAPOLEON,NH21-24F-O,NH25-24F-I,25000,15300,,,9.3,19.8,No,7.327,,1.051,
5391528,MB,R0C,E,2024-05-01,2024,Single Detached,195.0,One storey,1989,B1,1,3.52,14450.1,14.45,26120.5,7255.8,118208.9,32836.1,7255.9,9950.1,0.0,0.0,0.0,211644151,Air,,10185.1,T,9.96,3.02,1.8,,,70.0,,,,Central split system,2.79,Condensing furnace,Natural Gas,Fireplace with pilot (sealed),Natural Gas,Yes,GREE,GUD36W/A-D(U),GCAT36*/NAA,36000,23200,26000,1.80,8.5,15.2,Yes,10.551,7.62,0.73,0.527
5392081,MB,R3X,E,2024-05-01,2024,Single Detached,212.2,Two storeys,2001,B1,1,2.4075,13431.9,13.432,18750.9,5208.6,102816.2,28560.3,5208.7,10437.6,0.0,0.0,0.0,211239688,Air,,7924.3,T,7.85,3.7,2.02,,,91.0,,,,Central split system,3.21,Condensing furnace,Natural Gas,,,Yes,CARRIER,38MURAQ24AB3*,CAP**2417AL*,26800,19400,24400,2.02,8.5,16,No,7.854,7.151,0.585,0.532
5392830,MB,R3L,N,2024-04-01,2024,Single Detached,302.1,Two storeys,2024,B1,1,0.27,7500.5,7.5,21275.1,5909.8,66655.8,18515.6,5909.8,0.0,0.0,0.0,0.0,207657377,Air,,27045.7,T,11.14,3.46,2.1,,,110.0,,,,Central split system,3.12,Electric furnace,Electricity,,,Yes,FUJITSU,AOUH36LMAH1,AMUG36LMAS,36000,25600,42000,1.84,10.4,17.1,No,10.551,12.309,1.407,1.641
5392830,MB,R3L,P,2024-04-01,2024,Single Detached,302.1,Two storeys,2024,B1,1,1.5,9616.4,9.616,28523.3,7923.2,73465.2,20407.2,7923.1,0.0,0.0,0.0,0.0,207657377,Air,,27045.7,T,11.14,3.46,2.1,,,110.0,,,,Central split system,3.12,Electric furnace,Electricity,,,Yes,FUJITSU,AOUH36LMAH1,AMUG36LMAS,36000,25600,42000,1.84,10.4,17.1,No,10.551,12.309,1.097,1.28
5394292,MB,R3M,D,2024-04-01,2024,Single Detached,340.9,Two and a half,1924,B1,1,8.02,38737.7,38.738,5058.2,1405.1,311551.0,86542.6,1405.0,71575.9,0.0,0.0,0.0,201754429,Air,,5040.8,F,0.0,4.352,0.0,,,0.0,,,,Mini-split ductless,3.636,Induced draft fan boiler,Natural Gas,,,Yes,Mitsubishi Electric,MUZ-GE18NAH,MSZ-GE18NA,21600,13400,,,9.5,19.2,No,6.33,,0.163,
5396259,MB,R7A,N,2024-04-01,2024,Apartment,845.8,Three storeys,2024,B1,8,1.1,15906.1,15.906,51177.9,14216.2,273743.7,76040.5,14216.2,0.0,0.0,0.0,0.0,208815368,Air,,94020.1,T,5.28,3.06,1.84,,,98.0,,,,Mini-split ductless,3.17,Baseboard/Hydronic/Plenum(duct) htrs.,Electricity,,,Yes,PERFECTAIRE,3PAMSHH18-SZO,3PAMSHH18-UVW,18000,11100,17200,1.89,10.6,22,Yes,5.275,5.041,0.332,0.317
5396259,MB,R7A,P,2024-04-01,2024,Apartment,845.8,Three storeys,2024,B1,8,2.5,22352.0,22.352,74454.7,20682.0,295586.1,82107.9,20682.1,0.0,0.0,0.0,0.0,208815368,Air,,94020.1,T,5.28,3.06,1.84,,,98.0,,,,Mini-split ductless,3.17,Baseboard/Hydronic/Plenum(duct) htrs.,Electricity,,,Yes,PERFECTAIRE,3PAMSHH18-SZO,3PAMSHH18-UVW,18000,11100,17200,1.89,10.6,22,Yes,5.275,5.041,0.236,0.226
5396319,MB,R3J,D,2024-04-01,2024,Single Detached,358.0,Two and a half,1912,B1,1,6.86,34256.7,34.257,21256.6,5904.7,272868.5,75797.4,5904.8,54609.9,0.0,0.0,0.0,8103870,Air,,10140.3,F,0.0,3.461,0.0,,,0.0,,,,Mini-split ductless,3.038,"Boiler  with spark ignit.,vent dmpr",Natural Gas,Wood fireplace,Mixed Wood,Yes,,,,,,,,,,,,,,
5397462,MB,R3J,D,2024-05-01,2024,Single Detached,175.1,Two storeys,1919,B1;B2;B3,1,13.16,30901.5,30.902,8959.4,2488.7,259888.2,72191.7,2488.6,53929.6,0.0,0.0,0.0,10255980,Air,,3809.9,F,0.0,3.724,0.0,,,0.0,,,,Mini-split ductless,3.498,"Boiler  with spark ignit.,vent dmpr",Natural Gas,Advanced airtight wood stove,Mixed Wood,Yes,,,,,,,,,,,,,,
5397692,MB,R1N,D,2024-05-01,2024,Single Detached,207.0,One storey,1947,B1;C1;C2;F1,1,8.34,12308.4,12.308,71698.3,19916.4,115651.1,32125.6,19916.3,0.0,0.0,0.0,0.0,201977889,Air,,8390.0,F,0.0,3.863,0.0,,,0.0,,,,Central split system,3.038,Electric furnace,Electricity,Other (describe),Mixed Wood,Yes,PAYNE HEATING AND COOLING,PH14NB030*0**A*,PF4MNP030L*,28600,17100,,,8.2,14,No,8.382,,0.681,
5402805,MB,R0A,N,2024-05-01,2024,Single Detached,278.4,One storey,2024,B1,1,1.19,6048.0,6.048,16636.1,4621.2,62730.8,17425.4,4621.1,0.0,0.0,0.0,0.0,201924997,Air,,6740.6,F,0.0,3.675,0.0,,,0.0,,,,Central split system,3.475,Electric furnace,Electricity,Wood fireplace,Mixed Wood,Yes,LENNOX,XP21-024-230-**,CBA38MV-042-230*+TDR,23000,14600,11200,2.32,7.7,17.8,No,6.741,3.282,1.115,0.543
5402805,MB,R0A,P,2024-05-01,2024,Single Detached,278.4,One storey,2024,B1,1,1.5,6774.2,6.774,20449.6,5680.5,66371.7,18436.7,5680.6,0.0,0.0,0.0,0.0,201924997,Air,,6740.6,F,0.0,3.675,0.0,,,0.0,,,,Central split system,3.475,Electric furnace,Electricity,Wood fireplace,Mixed Wood,Yes,LENNOX,XP21-024-230-**,CBA38MV-042-230*+TDR,23000,14600,11200,2.32,7.7,17.8,No,6.741,3.282,0.995,0.485
5162008,MB,R3K,D,2024-05-01,2024,Single Detached,286.2,Two storeys,1975,B1,1,3.1367,19086.5,19.086,106124.8,29479.3,151011.7,41948.0,29479.4,0.0,0.0,0.0,0.0,208141271,Air,,27924.0,T,14.07,1.934,1.82,,,89.0,,,ESTAR,Central split system,3.04,Electric furnace,Electricity,Wood fireplace,Mixed Wood,Yes,TRANE,4TXD2060A10NU**,4MXA2048A10NU**,48000,39500,39000,1.80,9,17,Yes,14.067,11.43,0.737,0.599
5438143,MB,R0A,D,2021-11-01,2021,Single Detached,316.5,Two storeys,1989,B1,1,1.9858,15868.0,15.868,53334.0,14815.1,100745.0,27984.9,14815.1,0.0,0.0,0.0,0.0,8858355,Air,,13774.3,F,0.0,4.653,0.0,,,0.0,,,ESTAR,Mini-split ductless,4.073,Electric furnace,Electricity,Advanced airtight wood stove,Mixed Wood,Yes,SENVILLE,SENA/30HF/MOZ,,28000,17200,,,9.2,23,No,8.206,,0.517,
5406263,MB,R2G,E,2024-05-01,2024,Single Detached,236.8,One storey,1982,B1,1,1.5587,10232.0,10.232,22698.9,6305.3,84532.4,23481.4,6305.3,3893.6,0.0,0.0,0.0,212361759,Air,,13065.1,T,7.33,3.35,1.95,,,80.0,,,,Central split system,3.2,Condensing furnace,Natural Gas,,,Yes,MOOVAIR,DMA24HOS20230E7,CUB24HAC20BWT7A,25000,21000,20000,1.95,9.5,16.5,Yes,7.327,5.861,0.716,0.573
5407702,MB,R3Y,N,2024-05-01,2024,Single Detached,284.4,Two storeys,2024,B1,1,1.17,10582.9,10.583,25890.0,7191.7,81807.1,22724.4,7191.7,3617.5,0.0,0.0,0.0,213613866,Air,,23931.9,T,10.61,3.38,1.9,,,98.0,,,,Central split system,2.87,Condensing furnace,Natural Gas,Other (describe),Electricity,Yes,,,,,,,,,,,,,,
5407702,MB,R3Y,P,2024-05-01,2024,Single Detached,284.4,Two storeys,2024,B1,1,1.5,11139.6,11.14,27091.3,7525.4,83715.7,23254.5,7525.3,3823.4,0.0,0.0,0.0,213613866,Air,,23931.9,T,10.61,3.38,1.9,,,98.0,,,,Central split system,2.87,Condensing furnace,Natural Gas,Other (describe),Electricity,Yes,,,,,,,,,,,,,,
5408543,MB,R3R,N,2024-05-01,2024,Detached Duplex,585.6,Two storeys,2024,B1,2,0.51,12131.2,12.131,22898.7,6360.8,95875.3,26632.2,6360.9,3659.2,0.0,0.0,0.0,212925464,Air,,31127.4,T,10.55,3.5,2.12,,,66.0,,,ESTAR,Mini-split ductless,2.69,Condensing boiler,Natural Gas,,,Yes,Mitsubishi Electric,MXZ-4C36NA4-**,,36000,22400,16900,2.39,9.8,19.2,No,10.551,4.953,0.87,0.408
5408543,MB,R3R,P,2024-05-01,2024,Detached Duplex,585.6,Two storeys,2024,B1,2,1.5,15696.5,15.696,30275.7,8410.0,107309.8,29808.5,8410.1,4935.9,0.0,0.0,0.0,212925464,Air,,31127.3,T,10.55,3.5,2.12,,,66.0,,,ESTAR,Mini-split ductless,2.69,Condensing boiler,Natural Gas,,,Yes,Mitsubishi Electric,MXZ-4C36NA4-**,,36000,22400,16900,2.39,9.8,19.2,No,10.551,4.953,0.672,0.316
5409107,MB,R7A,N,2023-04-01,2023,Apartment,2032.9,Three storeys,2023,,18,0.7,31085.7,31.086,62861.0,17461.5,560501.3,155696.1,17461.5,0.0,0.0,0.0,0.0,207613967,Air,,99995.9,T,5.51,3.71,2.18,,,64.0,,,,Mini-split ductless,3.04,Baseboard/Hydronic/Plenum(duct) htrs.,Electricity,,,Yes,SENVILLE,SENL/18CD/OY,SENL/18CD/IY,18800,11500,10100,2.10,8.7,19,No,5.51,2.96,0.177,0.095
5409107,MB,R7A,P,2023-04-01,2023,Apartment,2032.9,Three storeys,2023,,18,1.5,38816.7,38.817,84361.9,23434.0,580084.1,161135.8,23434.1,0.0,0.0,0.0,0.0,207613967,Air,,99995.9,T,5.51,3.71,2.18,,,64.0,,,,Mini-split ductless,3.04,Baseboard/Hydronic/Plenum(duct) htrs.,Electricity,,,Yes,SENVILLE,SENL/18CD/OY,SENL/18CD/IY,18800,11500,10100,2.10,8.7,19,No,5.51,2.96,0.142,0.076
5409177,MB,R0M,N,2023-07-01,2023,Single Detached,297.3,One storey,2023,B1,1,0.6756,7479.0,7.479,22065.0,6129.2,64740.0,17983.5,6129.2,0.0,0.0,0.0,0.0,206767756,Air,,7000.0,F,0.0,3.826,0.0,,,0.0,,,,Central split system,3.4106,Electric furnace,Electricity,,,Yes,BRYANT HEATING AND COOLING SYSTEMS,288BNV036*0**C*,"FE4AN(B,F)003L+UI",32800,24000,,,8.1,16.5,No,9.613,,1.285,
5409177,MB,R0M,P,2023-07-01,2023,Single Detached,297.3,One storey,2023,B1,1,0.6756,7479.0,7.479,22065.0,6129.2,64740.0,17983.5,6129.2,0.0,0.0,0.0,0.0,206767756,Air,,7000.0,F,0.0,3.826,0.0,,,0.0,,,,Central split system,3.4106,Electric furnace,Electricity,,,Yes,BRYANT HEATING AND COOLING SYSTEMS,288BNV036*0**C*,"FE4AN(B,F)003L+UI",32800,24000,,,8.1,16.5,No,9.613,,1.285,
5409405,MB,R0G,D,2022-09-01,2022,Single Detached,537.6,Two storeys,1999,B1,1,1.4376,20985.9,20.986,45630.3,12675.2,96043.8,26679.0,12675.1,0.0,0.0,0.0,0.0,207312176,Ground,,13862.3,F,0.0,3.8,0.0,,,0.0,,,C448,Conventional A/C,5.29,Electric furnace,Electricity,,,No,,,,,,,,,,,,,,
5409407,MB,R0G,D,2022-05-01,2022,Single Detached,567.8,Two storeys,2006,B1,1,0.4525,15429.8,15.43,36212.7,10059.2,88203.1,24501.1,10059.2,0.0,0.0,0.0,0.0,4702471,Ground,,17000.0,F,0.0,3.1,0.0,,,0.0,,,,Conventional A/C,3.4635,Electric furnace,Electricity,,,Yes,,,,,,,,,,,,,,
5409435,MB,R9A,D,2023-02-01,2023,Single Detached,191.5,One storey,1980,B1;B2;P1,1,2.2584,12195.6,12.196,73003.1,20278.8,119448.8,33180.5,20278.8,0.0,0.0,0.0,0.0,202606683,Air,,7033.7,F,0.0,4.54,0.0,,,0.0,,,,Mini-split ductless,3.613,Baseboard/Hydronic/Plenum(duct) htrs.,Electricity,,,Yes,SENVILLE,SENL/09CD/OX,SENL/09CD/IX,10000,6000,,,8.1,18.9,No,2.931,,0.24,
5381720,MB,R4A,E,2024-07-01,2024,Single Detached,295.3,Two storeys,2004,C1;F1,1,1.91,17388.9,17.389,55780.7,15494.8,110558.5,30710.9,15494.8,0.0,0.0,0.0,322.2,208447883,Air,,25450.0,T,11.72,3.44,1.9,,,88.0,,,,Central split system,3.13,Electric furnace,Electricity,Wood fireplace insert,Mixed Wood,Yes,CARRIER,38MURAQ36AB3,40MUAAQ36XA3,40000,30400,34400,1.97,9.5,16,Yes,11.723,10.082,0.674,0.58
1904592,MB,R2J,E,2024-07-01,2024,Single Detached,351.9,Two storeys,1998,B1,1,1.72,13504.2,13.504,24877.4,6910.4,107599.7,29889.0,6910.3,6161.2,0.0,0.0,0.0,213153598,Air,,15057.4,T,9.5,3.31,1.8,,,72.0,,,,Central split system,3.41,Condensing furnace,Natural Gas,Fireplace with pilot (unsealed),Natural Gas,Yes,CONTINENTAL,WSEHV2436RA1-C,HG34936,36000,21000,23600,1.80,8.5,15.2,No,10.551,6.916,0.781,0.512
5452863,MB,R0E,E,2024-10-01,2024,Single Detached,171.8,One storey,1970,B1;C1;F1,1,1.3852,8169.8,8.17,22781.4,6328.2,69313.1,19253.8,6328.1,0.0,0.0,0.0,0.0,212386846,Air,,13020.9,T,7.33,3.35,1.95,,,80.0,,,,Central split system,3.2,Electric furnace,Electricity,,,Yes,ATK,ACI-AUO24SHP-M,ACI-BCO24CP17,25000,21000,20000,1.95,9.5,16.5,No,7.327,5.861,0.897,0.717
5392613,MB,R3R,E,2024-08-01,2024,Single Detached,286.5,Two storeys,1981,B1;B2;B3;C1;F1,1,3.25,17206.2,17.206,42415.2,11782.1,114530.1,31814.2,11782.0,6647.6,0.0,0.0,0.0,212928556,Air,,20833.0,T,11.14,3.0,1.85,,,83.0,,,,Central split system,2.34,Condensing furnace,Natural Gas,Advanced airtight wood stove,Mixed Wood,Yes,MOOVAIR,DMA36HOS20230E7,CUB36HAC20BWT7A,38000,27400,31600,1.85,8.6,15.5,Yes,11.137,9.261,0.647,0.538
5262600,MB,R2J,E,2024-06-01,2024,Single Detached,200.1,One storey,1963,B1;B2;B3,1,3.97,13281.0,13.281,18130.1,5036.2,91122.9,25312.1,5036.2,8016.2,0.0,0.0,0.0,213076395,Air,,7924.3,T,7.85,3.81,2.12,,,94.0,,,,Central split system,3.2,Condensing furnace,Natural Gas,Wood fireplace,Mixed Wood,Yes,CARRIER,38MURAQ24AB3*,CNPV*2417AL*,26800,19400,25400,2.12,8.5,16.5,No,7.854,7.444,0.591,0.561
1965827,MB,R3M,E,2024-07-01,2024,Single Detached,312.2,Two storeys,1922,B1;B2;B3;B4,1,6.42,25814.5,25.814,17069.5,4741.6,177595.0,49332.3,4741.4,35120.8,0.0,0.0,0.0,10062014,Air,,10550.6,F,0.0,4.375,0.0,0.0,,0.0,,,,Mini-split ductless,3.958,Condensing boiler,Natural Gas,Fireplace with pilot (unsealed),Natural Gas,Yes,LENNOX,MPB036S4M-1P,,36000,24600,,,9,22.5,No,10.551,,0.409,
5455559,MB,R3L,E,2024-10-01,2024,Single Detached,146.9,One storey,1951,B1;B2,1,3.3291,9296.5,9.296,17331.7,4814.4,80600.8,22389.3,4814.5,5177.5,0.0,0.0,0.0,212633393,Air,,10185.1,T,9.5,3.02,1.8,,,74.0,,,,Central single package system,2.79,Condensing furnace,Natural Gas,,,Yes,,,,,,,,,,,,,,
19708746,MB,R5R,E,2024-09-01,2024,Single Detached,282.9,One storey,1985,B1,1,2.76,11297.7,11.298,35759.9,9933.4,82590.4,22942.0,9933.4,0.0,0.0,0.0,0.0,214095454,Air,Central split system,6794.6,T,6.62,3.64,2.1,7.8,19.0,73.0,0.0,0.0,,Central split system,3.2,Electric furnace,Electricity,Advanced airtight wood stove,Mixed Wood,Yes,RUUD,RD17AZ24AJ3N,RH3VZ3617STACN,24000,18700,16700,2.10,9.5,17,No,7.034,4.894,0.623,0.433
5000373,MB,R3N,E,2024-07-01,2024,Single Detached,160.8,One storey,1953,B1,1,2.9,9477.0,9.477,20155.6,5598.8,79276.8,22021.5,5598.9,3241.7,0.0,0.0,0.0,212633393,Air,,10185.1,T,9.5,3.02,1.8,15.88,,74.0,,,,Central split system,2.79,Condensing furnace,Natural Gas,,,Yes,,,,,,,,,,,,,,
531094,MB,R2M,E,2024-10-01,2024,Single Detached,248.4,One and a half,1940,B1;B2;B3;C1;F1,1,6.77,29263.4,29.263,59515.8,16532.3,215767.1,59935.8,16532.4,26949.7,0.0,0.0,0.0,212633393,Air,,10185.1,T,9.5,3.02,1.8,,,74.0,,,,Central split system,2.79,Condensing furnace,Natural Gas,Wood fireplace,Mixed Wood,Yes,,,,,,,,,,,,,,
5008965,MB,R3G,E,2024-10-01,2024,Single Detached,214.8,Two and a half,1913,B1,1,9.27,25242.3,25.242,13867.0,3852.0,183915.5,51088.0,3852.0,34789.7,0.0,0.0,0.0,5454434,Air,,8909.3,F,0.0,3.461,0.0,,,0.0,,,,Mini-split ductless,3.268,Condensing boiler,Natural Gas,Wood fireplace,Mixed Wood,Yes,MS8 SERIES,MS8-ZO-30P4*,,30400,16500,,,8.2,16,No,8.909,,0.353,
5011333,MB,R3C,E,2024-06-01,2024,Single Detached,320.1,Two and a half,1906,B1;C1;F1,1,5.51,30050.1,30.05,43336.1,12037.9,204360.4,56767.2,12037.9,31682.8,0.0,0.0,0.0,210800989,Air,,13236.0,T,7.03,3.18,1.81,,,83.0,,,ESTAR,Mini-split ductless,2.6,Induced draft fan boiler,Natural Gas,Fan heater units,Electricity,Yes,DAIKIN,3MXL24WMVJU*,,24000,15200,20000,1.80,8.8,16.5,No,7.034,5.861,0.234,0.195
1104112,MB,R3P,E,2024-09-01,2024,Single Detached,279.6,Two storeys,1937,B1;B2,1,7.09,21844.9,21.845,45897.5,12749.4,127264.9,35351.6,12749.5,9449.2,0.0,0.0,0.0,212928556,Air,,20833.0,T,11.14,3.0,1.85,,,83.0,,,,Central split system,2.34,Condensing furnace,Natural Gas,,,Yes,MOOVAIR,DMA36HOS20230E7,CUB36HAC20BWT7A,38000,27400,31600,1.85,8.6,15.5,Yes,11.137,9.261,0.51,0.424
5427957,MB,R0K,E,2024-07-01,2024,Single Detached,139.0,One storey,2010,C1;F1,1,1.69,5689.2,5.689,17865.9,4962.8,66102.4,18361.9,4962.8,0.0,0.0,0.0,0.0,207768730,Air,,16209.8,T,8.21,3.12,1.84,,,89.0,,,,Mini-split ductless,2.75,Baseboard/Hydronic/Plenum(duct) htrs.,Electricity,,,Yes,LENNOX,MLB030S4M-1P,,28000,26600,25000,1.80,10.6,23,Yes,8.206,7.327,1.442,1.288
5021389,MB,R0K,E,2024-07-01,2024,Single Detached,206.8,Two storeys,1930,B1;B2;C1;F1,1,5.61,14884.2,14.884,59572.7,16548.1,110237.6,30621.8,16548.2,0.0,0.0,0.0,0.0,207768730,Air,,16209.8,T,8.21,3.12,1.84,,,89.0,,,,Mini-split ductless,2.75,Electric boiler,Electricity,Baseboard/Hydronic/Plenum(duct) htrs,Electricity,Yes,LENNOX,MLB030S4M-1P,,28000,26600,25000,1.80,10.6,23,Yes,8.206,7.327,0.551,0.492
5026085,MB,R5G,E,2024-09-01,2024,Single Detached,151.7,One storey,1975,B1,1,2.18,10345.5,10.346,13988.9,3885.8,80253.0,22292.7,3885.9,3169.7,0.0,0.0,0.0,213076371,Air,,7925.5,T,7.85,3.92,2.25,,,99.0,,,,Central split system,3.2,Condensing furnace,Natural Gas,,,Yes,BRYANT HEATING AND COOLING SYSTEMS,38MURAQ24AB3*,CAP**2417AL*,26800,19400,26600,2.26,8.5,16.5,No,7.854,7.796,0.759,0.754
5032333,MB,R3G,E,2024-07-01,2024,Single Detached,256.1,Three storeys,1916,B1,1,7.5824,32548.0,32.548,68866.4,19129.7,203447.0,56513.5,19129.6,24143.5,0.0,0.0,0.0,207642889,Air,,30532.0,T,14.65,3.37,1.85,,,96.0,,,,Mini-split ductless,3.34,Boiler  with continuous pilot,Natural Gas,Wood fireplace,Mixed Wood,Yes,CARRIER,38MGHBQ48EA3,,49000,36000,42500,2.00,9,20.9,Yes,14.36,12.456,0.441,0.383
5032417,MB,R3C,E,2024-09-01,2024,Single Detached,280.2,Three storeys,1902,B1,1,3.39,16593.6,16.594,40659.8,11294.5,119462.4,33184.3,11294.5,5956.2,0.0,0.0,0.0,206414274,Air,,26995.3,T,15.83,3.04,1.8,,,75.0,,,,Central split system,2.93,Condensing furnace,Natural Gas,,,Yes,TOSOT,TU60-48WADU,TUD60-24AH2ADU,54000,44000,41000,1.80,9,16,Yes,15.826,12.016,0.954,0.724
5445515,MB,R0A,E,2024-09-01,2024,Single Detached,192.4,One storey,1978,B1;B2;B3,1,2.58,10854.1,10.854,22574.9,6270.9,86801.3,24111.7,6270.9,4619.5,0.0,0.0,0.0,212633393,Air,,10185.1,T,9.5,3.02,1.8,,,74.0,,,,Central split system,2.79,Condensing furnace,Natural Gas,,,Yes,,,,,,,,,,,,,,
5036545,MB,R7A,E,2024-08-01,2024,Single Detached,267.7,Two storeys,1975,B1;B2,1,2.1,17088.8,17.089,103285.8,28690.7,148559.9,41267.0,28690.8,0.0,0.0,0.0,0.0,212361759,Air,,7000.0,T,7.33,3.35,1.95,,,80.0,,,,Central split system,3.2,Electric furnace,Electricity,,,Yes,MOOVAIR,DMA24HOS20230E7,CUB24HAC20BWT7A,25000,21000,20000,1.95,9.5,16.5,Yes,7.327,5.861,0.429,0.343
5041096,MB,R9A,E,2024-08-01,2024,Single Detached,288.1,One storey,2003,B1,1,3.1026,14609.3,14.609,27537.7,7649.4,71437.9,19844.0,7649.5,0.0,0.0,0.0,0.0,207312176,Ground,,13860.0,F,0.0,3.8,0.0,,,0.0,,,C448,Conventional A/C,5.66,Electric furnace,Electricity,,,No,,,,,,,,,,,,,,
5045728,MB,R0E,E,2024-08-01,2024,Single Detached,201.7,Two storeys,1968,B1,1,1.99,10803.3,10.803,38469.9,10686.2,85318.5,23699.8,10686.2,0.0,0.0,0.0,0.0,210273923,Air,,10882.9,T,10.14,3.16,1.93,,,100.0,,,,Central split system,2.61,Electric furnace,Electricity,,,Yes,,,,,,,,,,,,,,
5053140,MB,R3X,E,2024-08-01,2024,Single Detached,243.3,Two storeys,1994,B1,1,2.5067,13938.2,13.938,45929.2,12758.2,93085.2,25857.2,12758.2,0.0,0.0,0.0,0.0,208447883,Air,,23931.9,T,11.72,3.38,1.9,,,88.0,,,,Central single package system,2.87,Electric furnace,Electricity,Fireplace with spark ignit. (sealed),Natural Gas,Yes,CARRIER,38MURAQ36AB3,40MUAAQ36XA3,40000,30400,34400,1.97,9.5,16,Yes,11.723,10.082,0.841,0.723
1129193,MB,R3L,E,2024-06-01,2024,Single Detached,144.2,Two storeys,1910,B1,1,7.8,14773.2,14.773,12055.9,3348.9,115091.6,31970.1,3348.9,16776.2,0.0,0.0,0.0,202564919,Air,,6857.8,F,0.0,3.863,0.0,,,0.0,,,,Not installed,0.0,Condensing furnace,Natural Gas,,,Yes,LENNOX,ML14XP1-024-230A**,C35-24B+TDR+TXV,22400,14500,,,8.2,14,No,6.565,,0.444,
5060175,MB,R3P,E,2024-09-01,2024,Single Detached,299.9,Two storeys,1983,B1,1,2.9726,14964.1,14.964,33805.0,9390.4,106711.9,29642.4,9390.4,4876.4,0.0,0.0,0.0,207436491,Air,,18092.7,T,10.43,3.02,1.81,,,76.0,,,ESTAR,Central split system,4.21,Condensing furnace,Natural Gas,,,Yes,LENNOX,SL25XPV-036-230A**,CX35-48C+TDR,35600,33200,27400,1.82,8.8,22,No,10.433,8.03,0.697,0.537
5177681,MB,R3J,E,2024-07-01,2024,Single Detached,81.7,One storey,1947,B1;B2,1,6.7705,10485.2,10.485,23051.3,6403.2,81763.3,22712.2,6403.1,3388.4,0.0,0.0,0.0,212614884,Air,,10618.8,T,6.74,3.21,2.0,,,70.0,,,ESTAR,Central split system,3.18,Condensing furnace,Natural Gas,,,Yes,DAIKIN,DZ6VSA241EA*,CA*EA2422*4A*,23000,16000,16100,2.00,8.6,17,Yes,6.741,4.718,0.643,0.45
5072331,MB,R3G,E,2024-07-01,2024,Single Detached,187.3,Two storeys,1912,B1;C1;F1,1,4.9486,17582.2,17.582,88228.5,24508.1,135100.2,37528.1,24508.3,0.0,0.0,0.0,0.0,210299846,Air,,7033.7,T,7.62,3.826,1.9,,,100.0,,,ESTAR,Central split system,3.3255,Electric furnace,Electricity,,,Yes,,,,,,,,,,,,,,
97537,MB,R3G,E,2024-10-01,2024,Single Detached,232.9,Three storeys,1909,B1;C1;F1,1,7.5317,26997.8,26.998,47204.1,13112.4,185765.1,51601.8,13112.3,23468.8,0.0,0.0,0.0,210722666,Air,,16043.0,T,10.73,3.22,2.0,,,100.0,,,,Mini-split ductless,2.83,Boiler  with spark ignition,Natural Gas,,,Yes,DAIKIN,4MXL36WVJU*,,36600,22400,36600,1.80,9,20,No,10.726,10.726,0.397,0.397
5082222,MB,R3P,E,2024-08-01,2024,Single Detached,325.5,One storey,1985,B1,1,2.2791,13786.7,13.787,29571.4,8214.3,112221.5,31172.9,8214.2,6659.5,0.0,0.0,0.0,212427853,Air,,13837.3,T,7.33,3.36,1.82,,,86.0,,,,Central split system,2.93,Condensing furnace,Natural Gas,Wood fireplace,Mixed Wood,Yes,NAPOLEON,WSEHV2436RA1-N,"H,DE33(6,9)36",24000,15000,17500,1.80,8.5,17,No,7.034,5.129,0.51,0.372
5087223,MB,R3N,E,2024-09-01,2024,Single Detached,207.5,Two storeys,1950,B1,1,2.7497,12812.6,12.813,24020.4,6672.4,93395.1,25943.3,6672.3,5057.8,0.0,0.0,0.0,211226406,Air,,11353.6,T,11.28,3.23,1.8,,,91.0,,,,Central split system,2.95,Condensing furnace,Natural Gas,,,Yes,KEEPRITE,DLCURAH36ABK,EA*4X36L21A*,38500,29400,35200,1.80,8,16,No,11.283,10.316,0.881,0.805
5432787,MB,R1N,E,2024-08-01,2024,Single Detached,350.0,One storey,1992,B1,1,1.64,9965.0,9.965,26647.1,7402.0,97640.3,27122.5,7402.0,4565.6,0.0,0.0,0.0,212633393,Air,,10198.3,T,9.5,3.0,1.8,,,74.0,,,,Central split system,2.79,Condensing furnace,Natural Gas,Wood fireplace,Mixed Wood,Yes,,,,,,,,,,,,,,
5092943,MB,R2M,E,2024-06-01,2024,"Row house, end unit",156.9,Two storeys,1976,B1,1,2.5851,8138.6,8.139,25349.1,7041.5,69921.8,19422.9,7041.4,0.0,0.0,0.0,0.0,207641335,Air,,16741.7,T,10.84,3.11,1.83,,,68.0,,,ESTAR,Mini-split ductless,2.79,Baseboard/Hydronic/Plenum(duct) htrs.,Electricity,,,Yes,SENVILLE,SENA/36HF/MOQ,,37000,26800,25200,1.80,9.5,23.9,No,10.844,7.385,1.332,0.907
5094716,MB,R0G,E,2024-07-01,2024,Single Detached,290.7,Two storeys,1973,B1;B2;B3;B4,1,2.5,19279.9,19.28,80223.8,22284.6,126687.9,35191.4,22284.6,0.0,0.0,0.0,0.0,213153602,Air,,14930.8,T,9.5,3.32,1.8,,,72.0,,,ESTAR,Central split system,3.41,Electric furnace,Electricity,Advanced airtight wood stove,Mixed Wood,Yes,NAPOLEON,WSEHV2436RA1-N,HG34936,36000,21000,23600,1.80,8.5,15.2,No,10.551,6.916,0.547,0.359
5099754,MB,R0G,E,2024-07-01,2024,Single Detached,375.2,One and a half,1930,B1;B2;C1;C2;F1,1,2.3,19130.9,19.131,72129.9,20036.2,117701.6,32695.2,20036.3,0.0,0.0,0.0,0.0,213153602,Air,,14930.8,T,9.5,3.32,1.8,,,72.0,,,ESTAR,Central split system,3.41,Electric furnace,Electricity,Baseboard/Hydronic/Plenum(duct) htrs,Electricity,Yes,NAPOLEON,WSEHV2436RA1-N,HG34936,36000,21000,23600,1.80,8.5,15.2,No,10.551,6.916,0.551,0.362
5097075,MB,R3G,E,2024-09-01,2024,Single Detached,183.6,Two storeys,1921,B1;P1;P2,1,10.4,19966.9,19.967,14394.3,3998.4,149333.5,41481.9,3998.4,24938.8,0.0,0.0,0.0,208130238,Air,,7033.7,F,0.0,3.976,0.0,,,0.0,,,,Mini-split ductless,3.498,Condensing boiler,Natural Gas,,,Yes,Ameristar,M4THS1724A11N**,M4MHW1724A1N0**,24000,19200,15000,1.80,8.5,18,No,7.034,4.396,0.352,0.22
5101628,MB,R3X,E,2024-07-01,2024,Single Detached,221.8,One storey,2003,B1,1,1.123,9609.2,9.609,17278.1,4799.5,72120.4,20033.6,4799.5,2977.8,0.0,0.0,0.0,207098550,Air,,8787.2,T,7.62,3.48,1.95,15.0,,70.0,,,,Central split system,3.36,Condensing furnace,Natural Gas,,,Yes,CARRIER,38MARBQ24AA3,CAP**2417AL*,26000,15800,,,10,15,No,7.62,,0.793,
5110046,MB,R2L,E,2024-10-01,2024,Single Detached,253.8,Two storeys,1924,B1,1,3.3933,22816.3,22.816,43821.5,12172.7,142814.3,39671.0,12172.6,14369.8,0.0,0.0,0.0,209447989,Air,,16538.2,T,7.44,3.1,1.86,,,102.0,,,,Central split system,3.23,Condensing furnace,Natural Gas,,,Yes,Mitsubishi Electric,PUZ-HA24NHA*,PAA-A24BA1,25400,16000,25400,1.80,9.3,15.6,Yes,7.444,7.444,0.326,0.326
5115135,MB,R5N,E,2024-09-01,2024,Single Detached,276.0,One storey,1988,B1;B2,1,1.17,11687.6,11.688,32639.1,9066.5,80577.2,22382.7,9066.5,0.0,0.0,0.0,0.0,210273924,Air,,24542.7,T,10.14,4.23,2.17,,,109.0,,,,Central split system,3.22,Electric furnace,Electricity,Advanced airtight wood stove,Mixed Wood,Yes,,,,,,,,,,,,,,
5443787,MB,R0J,E,2024-09-01,2024,Single Detached,374.0,Two storeys,1983,B1;P1,1,1.4429,15738.3,15.738,58139.2,16149.9,107697.5,29916.2,16149.9,0.0,0.0,0.0,0.0,208447882,Air,,30105.9,T,14.65,3.26,1.85,,,92.0,,,,Central split system,2.4,Electric furnace,Electricity,Wood fireplace,Mixed Wood,Yes,CARRIER,38MURAQ48AB3,40MUAAQ48XA3,50000,36000,46000,1.90,9.4,15.6,Yes,14.654,13.481,0.931,0.857
5124345,MB,R0C,E,2024-06-01,2024,Single Detached,221.7,One and a half,1946,B1;B2,1,6.82,34457.8,34.458,141677.8,39355.3,185997.7,51666.4,39355.3,0.0,0.0,0.0,0.0,211624974,Air,,11167.5,T,10.26,3.0,1.8,,,108.0,,,,Central split system,2.85,Baseboard/Hydronic/Plenum(duct) htrs.,Electricity,Fan heater units,Electricity,Yes,NAPOLEON,WSEHV2436RA1-N,NPFX24A36A,35000,29000,28000,1.80,9,16,Yes,10.257,8.206,0.298,0.238
5457491,MB,R0K,E,2024-10-01,2024,Single Detached,217.7,Two and a half,1912,B1;C1;F1,1,6.7294,22853.5,22.854,125324.4,34812.6,171337.8,47594.2,34812.5,0.0,0.0,0.0,0.0,212633392,Air,,7844.0,T,6.56,3.34,1.8,,,102.0,,,,Central split system,3.63,Electric furnace,Electricity,Baseboard/Hydronic/Plenum(duct) htrs,Electricity,Yes,GREE,FLEXX36HP230V1AO,CDP36K15P+TD,,14000,21200,1.80,8.5,15.2,No,,6.213,,0.272
5135439,MB,R0C,E,2024-08-01,2024,Single Detached,239.2,One storey,1984,B1;B2,1,1.72,9687.0,9.687,34331.7,9536.7,82931.7,23036.8,9536.7,0.0,0.0,0.0,0.0,211624978,Air,,11192.7,T,10.26,2.98,1.8,,,108.0,,,,Central split system,2.85,Electric furnace,Electricity,,,Yes,CONTINENTAL,WSEHV2436RA1-C,CPFX24A36A,35000,29000,28000,1.80,9,16,Yes,10.257,8.206,1.059,0.847
5137028,MB,R0K,E,2024-07-01,2024,Single Detached,232.1,One storey,1998,B1,1,1.4966,6767.3,6.767,22452.8,6236.9,69173.6,19215.0,6237.0,0.0,0.0,0.0,0.0,207642893,Air,,14099.3,T,10.73,3.43,1.81,,,98.0,,,,Mini-split ductless,3.65,Baseboard/Hydronic/Plenum(duct) htrs.,Electricity,Fireplace with spark ignit. (sealed),Propane,Yes,CARRIER,38MGHBQ36DA3,,37000,34000,34400,1.80,10.15,20.6,Yes,10.844,10.082,1.602,1.49
5157958,MB,R1N,E,2024-06-01,2024,Single Detached,221.1,One storey,1993,B1;P1,1,3.172,10544.3,10.544,20307.4,5641.0,114331.3,31758.9,5640.9,10697.6,0.0,0.0,0.0,211244088,Air,,7875.7,T,7.8,3.71,1.96,,,89.0,,,ESTAR,Central split system,3.2,Condensing furnace,Natural Gas,Fireplace with pilot (sealed),Natural Gas,Yes,BRYANT HEATING AND COOLING SYSTEMS,38MURAQ24AB3*,CNPV*2417AL*,26600,19400,23800,1.96,8.5,16,No,7.796,6.975,0.739,0.662
5162210,MB,R3K,E,2024-07-01,2024,Single Detached,219.7,Split level,1969,B1;B2;P1,1,2.3131,12177.0,12.177,20157.0,5599.2,86439.6,24011.2,5599.2,5606.2,0.0,0.0,0.0,212976442,Air,,9862.1,T,9.79,3.48,1.86,,,0.79,,,,Central split system,2.88,Condensing furnace,Natural Gas,,,Yes,BRYANT HEATING AND COOLING SYSTEMS,38MURAQ30AB3*,CAP**3721AL*,33400,23200,26400,1.86,8.5,15.2,No,9.789,7.737,0.804,0.635
5162655,MB,R5A,E,2024-10-01,2024,Single Detached,193.1,One storey,1985,B1;B2,1,2.5217,10607.6,10.608,14604.2,4056.8,78248.1,21735.8,4056.7,5156.4,0.0,0.0,0.0,213076371,Air,,7924.3,T,7.85,3.92,2.26,,,99.0,,,,Central split system,3.2,Condensing furnace,Natural Gas,Wood fireplace,Mixed Wood,Yes,BRYANT HEATING AND COOLING SYSTEMS,38MURAQ24AB3*,CAP**2417AL*,26800,19400,26600,2.26,8.5,16.5,No,7.854,7.796,0.74,0.735
5164234,MB,R3M,E,2024-10-01,2024,Single Detached,198.4,Two storeys,1913,B1,1,5.24,20520.3,20.52,27877.5,7743.8,141894.9,39415.6,7743.7,19107.1,0.0,0.0,0.0,212976484,Air,,9864.2,T,9.79,3.51,1.86,,,79.0,,,,Central split system,2.88,Condensing furnace,Natural Gas,,,Yes,BRYANT HEATING AND COOLING SYSTEMS,38MURAQ30AB3*,CAP**4321AL*,33400,23200,26400,1.86,8.1,15.2,No,9.789,7.737,0.477,0.377
5164375,MB,R7B,E,2024-06-01,2024,Single Detached,139.1,One storey,1950,B1;B2,1,2.66,9123.5,9.124,51473.9,14298.4,98801.3,27445.0,14298.4,0.0,0.0,0.0,0.0,207613967,Air,,5500.0,F,0.0,4.051,0.0,,,0.0,,,,Central split system,3.613,Baseboard/Hydronic/Plenum(duct) htrs.,Electricity,,,Yes,SENVILLE,SENL/18CD/OY,SENL/18CD/IY,18800,11500,10100,2.10,8.7,19,No,5.51,2.96,0.604,0.324
5167244,MB,R3M,E,2024-01-01,2024,Single Detached,461.7,Two storeys,1931,B1;B2,1,4.7904,44542.4,44.542,47016.6,13060.3,281342.4,78151.3,13060.4,51173.5,0.0,0.0,0.0,213369609,Air,,14222.7,T,6.56,3.36,1.86,,,98.0,,,ESTAR,Central split system,3.41,Condensing furnace,Natural Gas,Wood fireplace,Mixed Wood,Yes,,,,,,,,,,,,,,
5174487,MB,R3L,E,2024-08-01,2024,Single Detached,185.9,One and a half,1947,B1;B2;C1;F1,1,5.12,17510.9,17.511,30613.7,8503.9,110198.1,30610.8,8504.0,9426.7,0.0,0.0,0.0,212361759,Air,,13065.1,T,7.33,3.35,1.95,,,80.0,,,,Central split system,3.2,Condensing furnace,Natural Gas,Wood furnace,Mixed Wood,Yes,MOOVAIR,DMA24HOS20230E7,CUB24HAC20BWT7A,25000,21000,20000,1.95,9.5,16.5,Yes,7.327,5.861,0.418,0.335
5174927,MB,R7A,E,2024-08-01,2024,Single Detached,166.4,One and a half,1913,B1;B2;B3,1,4.9187,11722.6,11.723,23503.7,6528.9,84498.7,23472.0,6528.9,4133.9,0.0,0.0,0.0,212361759,Air,,13171.8,T,7.33,3.35,1.95,,,80.0,,,,Central split system,3.2,Condensing furnace,Natural Gas,,,Yes,MOOVAIR,DMA24HOS20230E7,CUB24HAC20BWT7A,25000,21000,20000,1.95,9.5,16.5,Yes,7.327,5.861,0.625,0.5
5176070,MB,R2E,E,2024-09-01,2024,Single Detached,250.4,One storey,1977,B1;B2;B3;B4;P1,1,2.04,14064.3,14.064,56555.1,15709.9,105818.5,29394.3,15709.8,0.0,0.0,0.0,0.0,123456789,Air,,7033.7,F,0.0,4.164,0.0,,,0.0,,,ESTAR,Central split system,3.383,Electric furnace,Electricity,Wood fireplace,Mixed Wood,Yes,,,,,,,,,,,,,,
5182974,MB,R7A,E,2024-08-01,2024,Single Detached,135.6,One storey,1956,B1,1,4.32,11364.7,11.365,36095.0,10026.5,80527.3,22368.9,10026.5,0.0,0.0,0.0,0.0,208447885,Air,,11900.1,T,5.57,3.53,2.0,,,94.0,,,,Central split system,3.64,Electric furnace,Electricity,,,Yes,CARRIER,38MURAQ18AB3,40MUAAQ18XA3,19000,13500,16500,2.04,9.3,18,Yes,5.568,4.836,0.49,0.425
5183368,MB,R2V,E,2024-10-01,2024,Single Detached,222.4,One storey,1960,B1,1,1.6291,10612.8,10.613,22404.7,6223.6,83432.0,23175.7,6223.7,4364.8,0.0,0.0,0.0,212633393,Air,,10185.1,T,9.5,3.02,1.8,,,74.0,,,,Central split system,2.79,Condensing furnace,Natural Gas,,,Yes,,,,,,,,,,,,,,
5190582,MB,R0G,E,2024-10-01,2024,Single Detached,217.4,One storey,1996,B1,1,1.37,8226.5,8.226,26544.1,7373.4,72748.6,20208.1,7373.4,0.0,0.0,0.0,0.0,208447893,Air,,16812.0,T,9.67,3.28,1.85,,,80.0,,,,Central split system,2.88,Electric furnace,Electricity,Other (describe),Electricity,Yes,BRYANT,38MURAQ30AB3,40MUAAQ30XA3,33000,21000,24000,1.80,8.9,16.2,Yes,9.671,7.034,1.176,0.855
5190611,MB,R3R,E,2024-10-01,2024,Single Detached,139.8,Two storeys,1946,B1,1,4.37,14297.4,14.297,32149.6,8930.5,75795.6,21054.5,8930.6,0.0,0.0,0.0,0.0,207318097,Ground,,7619.8,F,0.0,3.6,0.0,,,0.0,,,C448,Conventional A/C,4.54,Electric furnace,Electricity,,,No,,,,,,,,,,,,,,
5196433,MB,R2M,E,2024-07-01,2024,Single Detached,291.7,Two storeys,1989,B1,1,2.9,15105.0,15.105,27978.6,7771.9,113070.7,31408.8,7772.0,8265.9,0.0,0.0,0.0,212633393,Air,,10185.1,T,9.5,3.02,1.8,,,74.0,,,,Central split system,2.79,Condensing furnace,Natural Gas,Fireplace with spark ignit. (sealed),Natural Gas,Yes,,,,,,,,,,,,,,
5196898,MB,R3K,E,2024-06-01,2024,Single Detached,180.8,One storey,1960,B1,1,3.4532,11129.4,11.129,17587.3,4885.4,93054.1,25848.6,4885.3,8587.8,0.0,0.0,0.0,207436239,Air,,6358.2,T,6.33,3.1,1.83,,,94.0,,,,Central split system,4.45,Condensing furnace,Natural Gas,Fireplace with pilot (unsealed),Natural Gas,Yes,LENNOX,SL25XPV-024-230A**,CX35-36B+TDR,21600,24200,20400,1.84,9.2,23,No,6.33,5.979,0.569,0.537
5197044,MB,R3T,E,2024-10-01,2024,Single Detached,304.5,Two storeys,1985,B1;B2,1,2.9905,19820.5,19.82,76291.8,21192.3,124224.3,34507.0,21192.4,0.0,0.0,0.0,0.0,211644151,Air,,10185.1,T,9.96,3.02,1.8,,,70.0,,,,Central split system,2.79,Electric furnace,Electricity,Wood fireplace,Mixed Wood,Yes,GREE,GUD36W/A-D(U),GCAT36*/NAA,36000,23200,26000,1.80,8.5,15.2,Yes,10.551,7.62,0.532,0.384
5202758,MB,R0G,E,2024-11-01,2024,Single Detached,217.1,One storey,1973,B1,1,2.4906,11615.2,11.615,39396.4,10943.5,83398.0,23166.3,10943.4,0.0,0.0,0.0,0.0,208447893,Air,,16891.1,T,9.67,3.28,1.85,,,80.0,,,ESTAR,Central split system,2.88,Electric furnace,Electricity,,,Yes,BRYANT,38MURAQ30AB3,40MUAAQ30XA3,33000,21000,24000,1.80,8.9,16.2,Yes,9.671,7.034,0.833,0.606
5206460,MB,R2G,E,2024-07-01,2024,Single Detached,190.4,One storey,1983,B1;B2,1,1.5157,7503.9,7.504,12954.8,3598.6,80197.0,22277.1,3598.6,2410.3,0.0,0.0,0.0,207098550,Air,,8787.2,T,7.62,3.48,1.95,,,70.0,,,,Central split system,3.36,Condensing furnace,Natural Gas,,,Yes,CARRIER,38MARBQ24AA3,CAP**2417AL*,26000,15800,,,10,15,No,7.62,,1.015,
5209455,MB,R2Y,E,2024-07-01,2024,Single Detached,184.8,One storey,1961,B1;C1;F1,1,2.67,8563.5,8.564,25822.5,7173.0,72969.9,20269.6,7173.1,0.0,0.0,0.0,0.0,210791258,Air,,11131.4,T,6.68,3.4,1.95,,,72.0,,,,Central split system,2.61,Electric furnace,Electricity,,,Yes,DAIKIN,DZ6VSA3010A*,DV35FECC14A*,22800,17600,16900,1.95,8.2,17.1,No,6.682,4.953,0.78,0.578
5210611,MB,R2W,E,2024-08-01,2024,Single Detached,350.3,Two storeys,1987,B1;C1;F1,1,4.24,23293.4,23.293,76882.2,21356.3,129558.9,35988.9,21356.3,0.0,0.0,0.0,0.0,206249118,Air,,26995.4,T,15.83,3.04,1.8,,,75.0,,,,Central split system,2.93,Electric furnace,Electricity,Wood fireplace,Mixed Wood,Yes,GREE,GUD60W/A-D(U),GUD60AH2/A-D(U),54000,44000,41000,1.80,9,16,Yes,15.826,12.016,0.679,0.516
5212338,MB,R3M,E,2024-10-01,2024,Single Detached,194.3,Two storeys,1950,B1,1,6.4374,14723.5,14.724,17428.4,4841.3,99146.9,27541.0,4841.1,9833.1,0.0,0.0,0.0,212986857,Air,,7983.3,T,7.91,3.88,2.22,,,97.0,,,,Central split system,3.2,Condensing furnace,Natural Gas,,,Yes,CARRIER,38MURAQ24AB3*,CAP**2414AL*,27000,19400,26400,2.22,8.5,16.5,No,7.913,7.737,0.537,0.525
5212863,MB,R3N,E,2024-08-01,2024,Single Detached,130.8,One storey,1951,B1;B2;B3,1,2.8701,7735.2,7.735,14158.5,3932.9,72362.4,20100.8,3933.1,2942.5,0.0,0.0,0.0,210365427,Air,,9298.3,T,5.71,3.6,2.19,,,74.0,,,,Central split system,3.0,Condensing furnace,Natural Gas,,,Yes,Dettson,MHD-18,MHD-CC2.0-17.5-M,19500,13000,14600,2.20,9.5,15.2,Yes,5.715,4.279,0.739,0.553
5212912,MB,R2Y,E,2024-10-01,2024,Single Detached,151.5,One storey,1948,B1;B2;C1;F1,1,4.6169,13028.7,13.029,18172.8,5048.0,90837.0,25232.7,5048.1,7595.6,0.0,0.0,0.0,207202288,Air,,8879.8,T,5.51,4.05,2.0,,,72.0,,,,Central split system,3.53,Condensing furnace,Natural Gas,,,Yes,CARRIER,38MARBQ18AA3,CAP**2417AL*,18800,14700,,,11,17.5,No,5.51,,0.423,
5213224,MB,R2M,E,2024-08-01,2024,Single Detached,347.1,Two storeys,1927,B1;B2;C1;F1,1,5.4702,28023.9,28.024,34418.3,9560.7,192929.2,53591.9,9560.6,27421.9,0.0,0.0,0.0,212361760,Air,,10891.7,T,9.67,3.25,1.85,,,81.0,,,,Central single package system,2.76,Condensing furnace,Natural Gas,Fireplace with spark ignit. (sealed),Natural Gas,Yes,MOOVAIR,DMA30HOS20230E7,CUB36HAC20CWT7A,33000,22600,27000,1.85,9.7,15.5,Yes,9.671,7.913,0.345,0.282
5214113,MB,R0G,E,2024-11-01,2024,Single Detached,278.6,One storey,1987,B1,1,0.56,8049.0,8.049,27644.0,7679.0,75284.3,20912.5,7679.0,0.0,0.0,0.0,0.0,208447884,Air,,17296.2,T,9.67,3.26,1.85,,,80.0,,,ESTAR,Central split system,2.88,Electric furnace,Electricity,,,Yes,CARRIER,38MURAQ30AB3,40MUAAQ30XA3,33000,21000,24000,1.80,8.9,16.2,Yes,9.671,7.034,1.202,0.874
5428147,MB,R0J,E,2024-07-01,2024,Single Detached,346.0,One storey,2009,B1,1,0.6568,11112.9,11.113,36989.1,10274.8,85622.3,23784.2,10274.8,0.0,0.0,0.0,0.0,212633393,Air,,10171.0,T,9.5,3.03,1.8,,,74.0,,,,Central split system,2.79,Electric furnace,Electricity,Advanced airtight wood stove,Mixed Wood,Yes,,,,,,,,,,,,,,
5221024,MB,R0E,E,2024-06-01,2024,Single Detached,79.3,One storey,1976,C1;F1,1,7.9619,7283.2,7.283,17996.1,4999.0,63544.6,17651.4,4998.9,0.0,0.0,0.0,0.0,8908615,Air,,21044.0,T,10.67,3.52,2.02,20.0,,100.0,,,,Mini-split ductless,3.29,Baseboard/Hydronic/Plenum(duct) htrs.,Electricity,,,Yes,FUJITSU,AOU36RLXFZH,,36000,21400,36400,2.02,9.5,20.5,Yes,10.551,10.668,1.449,1.465
5222999,MB,R2K,E,2024-08-01,2024,Single Detached,170.5,One storey,1956,B1,1,3.71,11335.7,11.336,24117.4,6699.3,84612.9,23503.8,6699.2,3967.0,0.0,0.0,0.0,212361759,Air,,13065.1,T,7.33,3.35,1.95,,,80.0,,,,Central split system,3.2,Condensing furnace,Natural Gas,,,Yes,MOOVAIR,DMA24HOS20230E7,CUB24HAC20BWT7A,25000,21000,20000,1.95,9.5,16.5,Yes,7.327,5.861,0.646,0.517
5223011,MB,R0C,E,2024-07-01,2024,Single Detached,263.7,One storey,1997,B1;C1;F1,1,1.81,12882.6,12.883,37769.4,10491.6,94343.5,26206.7,10491.5,0.0,0.0,1898.1,0.0,210273923,Air,,10891.7,T,10.14,3.15,1.93,,,100.0,,,,Central split system,2.61,Electric furnace,Electricity,Fireplace with spark ignit. (sealed),Propane,Yes,,,,,,,,,,,,,,
5225544,MB,R0E,E,2024-10-01,2024,Single Detached,155.4,One storey,1940,B1;C1;F1,1,7.4498,17467.3,17.467,47774.1,13270.7,95322.1,26478.6,13270.7,0.0,0.0,0.0,0.0,213732655,Air,,16235.4,T,8.21,3.17,1.81,,,90.0,,,,Mini-split ductless,2.84,Baseboard/Hydronic/Plenum(duct) htrs.,Electricity,,,Yes,SENVILLE,SENA-28HF-MOB,,28000,26800,25000,1.80,10.05,21.5,Yes,8.206,7.327,0.47,0.419
5225567,MB,R5K,E,2024-07-01,2024,Single Detached,160.9,One storey,1979,B1,1,2.07,8848.2,8.848,26807.6,7446.6,72052.6,20014.8,7446.7,0.0,0.0,0.0,0.0,211239221,Air,,7000.0,T,7.74,3.59,1.92,,,88.0,,,,Central split system,3.21,Electric furnace,Electricity,,,Yes,BRYANT HEATING AND COOLING SYSTEMS,38MURAQ24AB3*,FJ4DN*B24L*,26400,19200,23400,1.92,9,16,No,7.737,6.858,0.874,0.775
5226615,MB,R0H,E,2024-04-01,2024,Single Detached,189.6,Two storeys,1904,B1;C1;F1,1,13.8437,27642.4,27.642,49207.3,13668.8,181814.8,50504.5,13668.7,0.0,0.0,23508.5,0.0,213153602,Air,,15057.4,T,9.5,3.31,1.8,,,72.0,,,ESTAR,Central split system,3.41,Condensing furnace,Propane,,,Yes,NAPOLEON,WSEHV2436RA1-N,HG34936,36000,21000,23600,1.80,8.5,15.2,No,10.551,6.916,0.382,0.25
5227867,MB,R6M,E,2024-10-01,2024,Single Detached,375.7,One storey,1995,B1;B2,1,0.79,9387.1,9.387,22075.5,6132.1,85466.3,23740.8,6132.0,3358.4,0.0,0.0,0.0,210273923,Air,,10880.5,T,10.14,3.16,1.93,,,100.0,,,ESTAR,Central split system,2.61,Condensing furnace,Natural Gas,Fireplace with spark ignit. (sealed),Natural Gas,Yes,,,,,,,,,,,,,,
5228318,MB,R0C,E,2024-07-01,2024,Single Detached,194.2,One storey,1941,B1;B2;C1;F1,1,5.23,12410.1,12.41,39975.5,11104.4,87781.3,24383.9,11104.5,0.0,0.0,0.0,0.0,213153602,Air,,15501.4,T,9.5,3.27,1.8,,,72.0,,,,Central split system,3.41,Electric furnace,Electricity,,,Yes,NAPOLEON,WSEHV2436RA1-N,HG34936,36000,21000,23600,1.80,8.5,15.2,No,10.551,6.916,0.85,0.557
5232364,MB,R2C,E,2024-10-01,2024,Single Detached,128.9,One storey,1956,B1,1,3.8833,11168.4,11.168,18578.0,5160.6,81716.7,22699.3,5160.6,5082.3,0.0,0.0,0.0,207098550,Air,,8787.2,T,7.62,3.48,1.95,,,70.0,,,,Central split system,3.36,Condensing furnace,Natural Gas,,,Yes,CARRIER,38MARBQ24AA3,CAP**2417AL*,26000,15800,,,10,15,No,7.62,,0.682,
5243782,MB,R2M,E,2024-07-01,2024,Single Detached,194.5,One storey,1962,B1,1,3.43,8700.1,8.7,15602.5,4334.1,68886.1,19135.2,4333.9,2285.6,0.0,0.0,0.0,212427853,Air,,13837.4,T,7.33,3.36,1.82,,,86.0,,,,Central split system,2.93,Condensing furnace,Natural Gas,,,Yes,NAPOLEON,WSEHV2436RA1-N,"H,DE33(6,9)36",24000,15000,17500,1.80,8.5,17,No,7.034,5.129,0.808,0.59
5247910,MB,R2R,E,2024-06-01,2024,Single Detached,207.8,One storey,1984,B1,1,2.2108,9361.9,9.362,14298.8,3971.9,86087.6,23913.4,3972.0,7008.7,0.0,0.0,0.0,211239688,Air,,7924.3,T,7.85,3.7,2.02,,,91.0,,,ESTAR,Central split system,3.21,Condensing furnace,Natural Gas,Fireplace with pilot (sealed),Natural Gas,Yes,CARRIER,38MURAQ24AB3*,CAP**2417AL*,26800,19400,24400,2.02,8.5,16,No,7.854,7.151,0.839,0.764
5410559,MB,R0G,E,2024-06-01,2024,Single Detached,245.8,One storey,1980,B1,1,2.2341,13132.2,13.132,47050.2,13069.6,94637.5,26288.4,13069.5,0.0,0.0,0.0,0.0,212633393,Air,,10191.8,T,9.5,3.01,1.8,,,74.0,,,ESTAR,Central split system,2.79,Electric furnace,Electricity,Advanced airtight wood stove,Mixed Wood,Yes,,,,,,,,,,,,,,
5253658,MB,R2H,E,2024-09-01,2024,Single Detached,119.0,One and a half,1945,B1,1,5.5256,9274.9,9.275,17294.6,4804.1,71521.3,19867.2,4804.2,2680.3,0.0,0.0,0.0,213153602,Air,,15057.4,T,9.5,3.31,1.8,,,72.0,,,,Central split system,3.41,Condensing furnace,Natural Gas,,,Yes,NAPOLEON,WSEHV2436RA1-N,HG34936,36000,21000,23600,1.80,8.5,15.2,No,10.551,6.916,1.138,0.746
5254788,MB,R3T,E,2024-05-01,2024,Single Detached,204.7,Two storeys,1952,B1;B2,1,6.06,18829.2,18.829,25797.2,7165.9,135620.9,37672.8,7165.9,17327.4,0.0,0.0,0.0,212976018,Air,,7744.7,T,7.68,3.73,2.08,,,95.0,,,ESTAR,Central split system,3.2,Condensing furnace,Natural Gas,,,Yes,CARRIER,38MURAQ24AB3*,CAP**3017AL*,26200,19100,25000,2.08,8.5,17,No,7.678,7.327,0.408,0.389
5254941,MB,R2K,E,2024-06-01,2024,Single Detached,130.5,One storey,1954,,1,9.66,15293.5,15.294,27718.0,7699.5,93155.4,25876.7,7699.5,5384.5,0.0,0.0,0.0,207098699,Air,,17000.0,T,7.44,3.71,2.0,,,70.0,,,ESTAR,Central split system,3.29,Condensing furnace,Natural Gas,Wood fireplace,Hardwood,Yes,Bryant,38MARBQ24AA3,CAP**3017AL*,25400,15500,,,10.5,15.5,No,7.444,,0.487,
5257704,MB,R3R,E,2023-12-01,2023,Single Detached,220.9,One storey,1961,B1;B2;B3;C1;F1,1,3.5064,13705.5,13.706,19080.2,5300.1,88551.5,24597.8,5300.0,5717.8,0.0,0.0,0.0,210471683,Air,,8467.4,T,6.68,3.38,1.9,,,55.0,,,,Central split system,3.2,Condensing furnace,Natural Gas,Wood fireplace,Mixed Wood,Yes,BRYANT HEATING AND COOLING SYSTEMS,288BNV024B0**A*,CAP**2417AL*+UI,22800,16100,12700,1.90,7.8,15.5,No,6.682,3.722,0.488,0.272
5262339,MB,R1N,E,2024-10-01,2024,Single Detached,167.4,One storey,1962,B1;B2;B3;C1;F1,1,2.48,8169.8,8.17,7089.7,1969.4,94191.1,26164.4,1969.5,11728.4,0.0,0.0,0.0,210039601,Air,,4923.6,F,0.0,4.54,0.0,,,0.0,,,,Central split system,3.452,Condensing furnace,Natural Gas,,,Yes,LENNOX,ML17XP1-018-230A**,CX35-24B+TDR,17400,11000,8400,2.06,8.1,16,No,5.099,2.462,0.624,0.301
5268004,MB,R2H,E,2024-10-01,2024,Single Detached,140.8,One storey,1925,B1;B2,1,4.24,10075.2,10.075,14427.6,4007.7,73922.5,20534.2,4007.8,3522.5,0.0,0.0,0.0,207202362,Air,,9222.9,T,5.45,4.0,2.0,,,73.0,,,,Central split system,3.45,Condensing furnace,Natural Gas,,,Yes,Bryant,38MARBQ18AA3,CAP**2414AL*,18600,14600,,,10.5,17,No,5.451,,0.541,
5269931,MB,R7N,E,2024-10-01,2024,Single Detached,170.8,One storey,1982,B1,1,1.6807,7443.2,7.443,22541.0,6261.4,54771.9,15214.5,6261.4,0.0,0.0,0.0,0.0,207436166,Air,,6529.9,T,6.51,3.2,1.87,,,95.0,,,,Central split system,4.64,Electric furnace,Electricity,,,Yes,LENNOX,SL25XPV-024-230A**,CBA38MV-030-230*+TDR,22200,25200,21200,1.88,9.2,22.8,No,6.506,6.213,0.874,0.835
5269934,MB,R0C,E,2024-10-01,2024,Single Detached,194.7,One storey,1988,B1,1,1.8074,9271.1,9.271,27180.5,7550.2,73316.2,20365.8,7550.3,0.0,0.0,0.0,0.0,213153601,Air,,14509.1,T,6.56,3.34,1.86,,,98.0,,,,Central split system,3.41,Electric furnace,Electricity,,,Yes,NAPOLEON,WSEHV2436RA1-N,HG34936+TD,24000,14000,21200,1.80,8.5,15.2,No,7.034,6.213,0.759,0.67
5277251,MB,R3R,E,2024-10-01,2024,Single Detached,252.9,Two storeys,1990,B1,1,2.2917,16544.7,16.545,27584.8,7662.5,126199.7,35055.8,7662.6,12068.2,0.0,0.0,0.0,212633393,Air,,10185.1,T,9.5,3.02,1.8,,,74.0,,,ESTAR,Central split system,2.79,Condensing furnace,Natural Gas,Fireplace with pilot (unsealed),Natural Gas,Yes,,,,,,,,,,,,,,
5281774,MB,R0C,E,2024-06-01,2024,Single Detached,391.2,Two storeys,2012,B1,1,1.0661,14437.1,14.437,52072.5,14464.7,103594.1,28776.4,14464.8,0.0,0.0,0.0,0.0,208141271,Air,,28279.6,T,14.07,3.08,1.82,,,89.0,,,,Central split system,3.04,Electric furnace,Electricity,,,Yes,TRANE,4TXD2060A10NU**,4MXA2048A10NU**,48000,39500,39000,1.80,9,17,Yes,14.067,11.43,0.974,0.792
5283019,MB,R0G,E,2024-07-01,2024,Single Detached,199.9,One storey,1982,C1;F1,1,1.08,14739.8,14.74,37600.6,10444.7,88463.0,24573.3,10444.8,0.0,0.0,0.0,0.0,212633393,Air,,7000.0,T,9.5,3.01,1.8,,,74.0,,,,Central split system,2.79,Electric furnace,Electricity,,,Yes,,,,,,,,,,,,,,
5284049,MB,R3J,E,2024-07-01,2024,Single Detached,133.0,Two storeys,1958,B1,1,4.3965,15385.1,15.385,27861.5,7739.4,108475.7,30132.4,7739.2,9621.7,0.0,0.0,0.0,212633393,Air,,10185.1,T,9.5,3.02,1.8,,,74.0,,,ESTAR,Central split system,2.79,Condensing furnace,Natural Gas,,,Yes,,,,,,,,,,,,,,
5284783,MB,R5M,E,2024-06-01,2024,Single Detached,326.3,One storey,2013,B1,1,0.93,13044.0,13.044,46941.0,13039.3,96953.9,26931.9,13039.3,0.0,0.0,0.0,0.0,213153602,Air,,15057.4,T,9.5,3.31,1.8,,,72.0,,,,Central split system,3.41,Electric furnace,Electricity,Advanced airtight wood stove,Mixed Wood,Yes,NAPOLEON,WSEHV2436RA1-N,HG34936,36000,21000,23600,1.80,8.5,15.2,No,10.551,6.916,0.809,0.53
5456557,MB,R7A,E,2024-10-01,2024,Single Detached,218.3,One storey,1970,B1,1,6.1619,16943.7,16.944,59058.0,16405.1,104896.4,29138.1,16405.1,0.0,0.0,0.0,0.0,207699104,Air,,23389.9,T,10.84,3.14,1.81,,,97.0,,,,Mini-split ductless,2.85,Baseboard/Hydronic/Plenum(duct) htrs.,Electricity,,,Yes,LENNOX,MLB036S4M-1P,,37000,33000,36000,1.90,10.3,22.2,Yes,10.844,10.551,0.64,0.623
5286649,MB,R0G,E,2024-07-01,2024,Single Detached,208.5,One storey,2012,B1,1,1.2946,7011.5,7.012,22281.9,6189.5,68167.3,18935.5,6189.5,0.0,0.0,0.0,0.0,212633392,Air,,7073.6,T,6.56,3.24,1.8,,,102.0,,,,Central split system,3.52,Electric furnace,Electricity,,,Yes,GREE,FLEXX36HP230V1AO,CDP36K15P+TD,,14000,21200,1.80,8.5,15.2,No,,6.213,,0.886
5286672,MB,R3N,E,2024-10-01,2024,Single Detached,280.2,One storey,1957,B1;C1;F1,1,4.0032,18261.8,18.262,24200.2,6722.3,119834.0,33287.5,6722.3,14250.7,0.0,0.0,0.0,207098550,Air,,8787.2,T,7.62,3.48,1.95,,,70.0,,,,Central split system,3.36,Condensing furnace,Natural Gas,,,Yes,CARRIER,38MARBQ24AA3,CAP**2417AL*,26000,15800,,,10,15,No,7.62,,0.417,
5289523,MB,R6P,E,2024-08-01,2024,Single Detached,279.5,One and a half,1995,C1;C2;F1;F2,1,2.3605,22313.0,22.313,92599.1,25722.2,139557.7,38766.3,25722.2,0.0,0.0,0.0,0.0,205756419,Air,,18950.2,T,10.55,2.96,1.83,,,83.0,,,,Central split system,3.01,Electric furnace,Electricity,Wood furnace,Mixed Wood,Yes,,,,,,,,,,,,,,
5304031,MB,R3P,E,2024-10-01,2024,Single Detached,453.1,One storey,1986,B1,1,2.2917,17432.7,17.433,29667.8,8241.1,121268.3,33685.9,8241.2,10624.8,0.0,0.0,0.0,213077331,Air,,11501.0,T,11.43,3.28,1.82,,,90.0,,,,Central split system,2.95,Condensing furnace,Natural Gas,,,Yes,CARRIER,38MURAQ36AB3*,CAP**3617AL*,39000,29600,35400,1.82,8.1,15.2,No,11.43,10.375,0.656,0.595
5307995,MB,R1N,E,2024-06-01,2024,Single Detached,262.0,One storey,1981,B1,1,2.8745,10444.9,10.445,23886.5,6635.2,104146.7,28929.9,6635.1,6897.0,0.0,0.0,0.0,212976483,Air,,9876.8,T,9.79,3.54,1.86,,,79.0,,,ESTAR,Central split system,2.88,Condensing furnace,Natural Gas,Wood fireplace,Mixed Wood,Yes,CARRIER,38MURAQ30AB3*,CAP**4321AL*,33400,23200,26400,1.86,8.1,15.2,No,9.789,7.737,0.937,0.741
5308937,MB,R2W,E,2024-08-01,2024,Single Detached,128.5,One storey,1908,B1;C1;C2;F1;F2,1,2.5477,10359.4,10.359,37521.1,10422.6,85828.5,23841.4,10422.6,0.0,0.0,0.0,0.0,211624974,Air,,11185.9,T,10.26,2.98,1.8,,,108.0,,,,Central split system,2.85,Electric furnace,Electricity,,,Yes,NAPOLEON,WSEHV2436RA1-N,NPFX24A36A,35000,29000,28000,1.80,9,16,Yes,10.257,8.206,0.99,0.792
5311112,MB,R3M,E,2024-06-01,2024,Single Detached,153.7,Two storeys,1951,B1;B2,1,4.8332,19885.9,19.886,36505.3,10140.4,118035.8,32788.0,10140.4,9474.2,0.0,0.0,0.0,212427853,Air,,13837.4,T,7.33,3.36,1.82,,,86.0,,,,Central split system,2.93,Condensing furnace,Natural Gas,,,Yes,NAPOLEON,WSEHV2436RA1-N,"H,DE33(6,9)36",24000,15000,17500,1.80,8.5,17,No,7.034,5.129,0.354,0.258
5311891,MB,R3M,E,2024-09-01,2024,Single Detached,199.8,Two storeys,1911,B1;C1;F1,1,5.88,17572.1,17.572,29276.6,8132.5,116371.0,32325.5,8132.6,11159.5,0.0,0.0,0.0,210450189,Air,,11501.0,T,11.43,3.23,1.8,,,90.0,,,,Central split system,2.95,Condensing furnace,Natural Gas,,,Yes,CARRIER,38MURAQ36AB3*,CAP**3617AL*,39000,29600,35200,1.80,8.5,15.5,No,11.43,10.316,0.65,0.587
5312288,MB,R0G,E,2024-09-01,2024,Single Detached,324.5,One storey,1972,B1,1,1.8389,10582.0,10.582,35787.4,9941.0,81861.0,22739.3,9940.9,0.0,0.0,0.0,0.0,213081459,Air,,20290.5,T,17.29,3.32,1.91,,,92.0,,,,Central split system,2.54,Electric furnace,Electricity,Wood fireplace,Mixed Wood,Yes,ECO-AIR,MOE30U-55HFN1-M,MVC-60HWFN1-M,59000,42000,48500,1.91,9.4,15.3,Yes,17.291,14.214,1.634,1.343
5312728,MB,R0J,E,2024-09-01,2024,Single Detached,280.6,Two storeys,1977,C1;F1,1,2.3451,17644.8,17.645,67894.5,18859.7,116748.2,32430.3,18859.6,0.0,0.0,0.0,0.0,207742547,Air,,10843.6,T,10.84,4.916,1.93,,,98.0,,,ESTAR,Mini-split ductless,3.935,Baseboard/Hydronic/Plenum(duct) htrs.,Electricity,Wood fireplace,Mixed Wood,Yes,MOOVAIR,DMA36HOM25230X3,,37000,33000,36000,1.90,10.3,22.2,Yes,10.844,10.551,0.615,0.598
5313540,MB,R2K,E,2024-07-01,2024,Single Detached,129.4,One storey,1950,B1,1,5.1712,8838.4,8.838,13224.0,3673.4,83309.3,23141.7,3673.4,4369.8,0.0,0.0,0.0,212975628,Air,,7924.3,T,7.85,3.94,2.3,,,100.0,,,,Central split system,3.2,Condensing furnace,Natural Gas,,,Yes,CARRIER,38MURAQ24AB3*,CAP**2414AL*,26800,19400,27000,2.30,8.5,16.5,No,7.854,7.913,0.889,0.895
5313546,MB,R0E,E,2024-10-01,2024,Single Detached,253.0,Two storeys,1993,C1;F1,1,2.0724,17352.6,17.353,54456.5,15126.9,106974.2,29715.3,15126.8,0.0,0.0,0.0,0.0,213153602,Air,,15057.4,T,9.5,3.31,1.8,,,72.0,,,,Central split system,3.41,Electric furnace,Electricity,,,Yes,NAPOLEON,WSEHV2436RA1-N,HG34936,36000,21000,23600,1.80,8.5,15.2,No,10.551,6.916,0.608,0.399
5314039,MB,R0C,E,2024-09-01,2024,Single Detached,112.0,One storey,1969,C1;F1,1,4.63,7028.9,7.029,7560.1,2100.0,78873.3,21909.4,2100.0,6442.6,0.0,0.0,0.0,211734644,Air,,5275.3,F,0.0,3.559,0.0,,,0.0,,,ESTAR,Central split system,3.399,Condensing furnace,Natural Gas,Baseboard/Hydronic/Plenum(duct) htrs,Electricity,Yes,AIREASE,4SHP17LE118P-**A,EAH1P24B*+TDR+TXV,18000,11200,8400,2.10,8.1,16.4,No,5.275,2.462,0.751,0.35
5315545,MB,R0G,E,2024-08-01,2024,Single Detached,226.2,One storey,2004,B1,1,1.85,9706.1,9.706,33895.8,9415.6,81158.9,22544.3,9415.6,0.0,0.0,0.0,0.0,212633392,Air,,7075.0,T,6.56,3.24,1.8,,,102.0,,,,Central split system,3.52,Electric furnace,Electricity,,,Yes,GREE,FLEXX36HP230V1AO,CDP36K15P+TD,,14000,21200,1.80,8.5,15.2,No,,6.213,,0.64
5316936,MB,R6P,E,2024-06-01,2024,Single Detached,249.5,One storey,1975,B1,1,1.7056,11460.8,11.461,37552.2,10431.3,83948.0,23319.1,10431.2,0.0,0.0,0.0,0.0,208447893,Air,,16935.7,T,9.67,3.27,1.85,,,80.0,,,,Central split system,2.88,Electric furnace,Electricity,,,Yes,BRYANT,38MURAQ30AB3,40MUAAQ30XA3,33000,21000,24000,1.80,8.9,16.2,Yes,9.671,7.034,0.844,0.614
5316960,MB,R6P,E,2024-06-01,2024,Single Detached,216.8,Two storeys,1955,B1;C1;F1,1,3.565,13548.9,13.549,42266.6,11740.8,95519.5,26533.4,11740.9,0.0,0.0,0.0,1856.4,212633393,Air,,10197.7,T,9.5,3.1,1.8,,,74.0,,,,Central split system,2.79,Electric furnace,Electricity,Advanced airtight wood stove,Mixed Wood,Yes,,,,,,,,,,,,,,
5316967,MB,R2G,E,2024-10-01,2024,Single Detached,187.2,Split level,1976,B1;B2,1,2.4377,11813.4,11.813,5175.6,1437.7,118416.5,32893.7,1437.8,16285.4,0.0,0.0,0.0,207436239,Air,,6358.2,T,6.33,3.1,1.83,,,94.0,,,ESTAR,Central split system,4.45,Condensing furnace,Natural Gas,Wood fireplace,Hardwood,Yes,LENNOX,SL25XPV-024-230A**,CX35-36B+TDR,21600,24200,20400,1.84,9.2,23,No,6.33,5.979,0.536,0.506
5317762,MB,R3P,E,2024-07-01,2024,Single Detached,279.0,Two storeys,1984,B1,1,2.9528,13670.0,13.67,21151.5,5875.5,110421.2,30672.8,5875.3,9722.6,0.0,0.0,0.0,207436476,Air,,7000.0,T,10.49,3.0,1.81,,,78.0,,,,Central single package system,3.96,Condensing furnace,Natural Gas,,,Yes,LENNOX,SL25XPV-036-230A**,CX35-48B+TDR,35800,33400,27800,1.80,8.8,21.6,No,10.492,8.147,0.768,0.596
5319359,MB,R3L,E,2024-08-01,2024,Single Detached,202.4,Two storeys,1946,B1;B2,1,2.4274,13718.4,13.718,17104.8,4751.4,91367.2,25380.0,4751.4,8065.6,0.0,0.0,0.0,213076371,Air,,7924.3,T,7.85,3.92,2.26,,,99.0,,,ESTAR,Central split system,3.2,Condensing furnace,Natural Gas,,,Yes,BRYANT HEATING AND COOLING SYSTEMS,38MURAQ24AB3*,CAP**2417AL*,26800,19400,26600,2.26,8.5,16.5,No,7.854,7.796,0.573,0.568
5320275,MB,R2J,E,2024-06-01,2024,Single Detached,246.2,One storey,1968,B1;B2;C1;F1,1,2.7665,14398.9,14.399,19181.8,5328.3,109584.9,30440.5,5328.4,12085.4,0.0,0.0,0.0,212406525,Air,,7653.6,T,6.56,3.68,2.1,,,107.0,,,,Central split system,3.41,Condensing furnace,Natural Gas,Wood fireplace,Mixed Wood,Yes,TRANE,4TXD2036A10NU**,"H,TG34930+TD",24000,15800,21200,1.80,8.5,15.2,No,7.034,6.213,0.488,0.431
5321502,MB,R0A,E,2024-11-01,2024,Single Detached,193.4,Two storeys,1950,B1,1,5.2674,14170.8,14.171,46002.5,12778.6,92512.5,25698.1,12778.7,0.0,0.0,0.0,0.0,212633392,Air,,7075.0,T,6.56,3.24,1.8,,,102.0,,,,Central split system,3.52,Electric furnace,Electricity,,,Yes,GREE,FLEXX36HP230V1AO,CDP36K15P+TD,,14000,21200,1.80,8.5,15.2,No,,6.213,,0.438
5323413,MB,R0A,E,2024-08-01,2024,Single Detached,470.4,Two storeys,2020,B1,1,0.4573,13015.2,13.015,44138.8,12260.9,92916.1,25810.2,12260.9,0.0,0.0,0.0,0.0,209553704,Air,,16998.1,F,0.0,3.461,0.0,,,0.0,,,,Central split system,3.153,Electric furnace,Electricity,,,Yes,KEEPRITE,NXH630GKP**,FEM4X30**BL,29000,17800,,,8.2,15,No,8.499,,0.653,
5325561,MB,R3L,E,2024-10-01,2024,Single Detached,200.3,One storey,1951,B1;B2;B3;B4;C1;F1,1,2.76,11609.4,11.609,17357.0,4821.4,84252.6,23403.7,4821.4,5812.0,0.0,0.0,0.0,211239688,Air,,7924.3,T,7.85,3.7,2.02,,,91.0,,,,Central split system,3.21,Condensing furnace,Natural Gas,,,Yes,CARRIER,38MURAQ24AB3*,CAP**2417AL*,26800,19400,24400,2.02,8.5,16,No,7.854,7.151,0.677,0.616
5325761,MB,R1N,E,2024-07-01,2024,Single Detached,292.2,One storey,1992,B1,1,2.4907,8775.4,8.775,23839.1,6622.0,99947.9,27763.5,6622.0,5975.9,0.0,0.0,0.0,213077333,Air,,11498.4,T,11.43,3.13,1.82,,,90.0,,,,Central split system,2.95,Condensing furnace,Natural Gas,Fireplace with pilot (unsealed),Natural Gas,Yes,BRYANT HEATING AND COOLING SYSTEMS,38MURAQ36AB3*,CAP**3617AL*,39000,29600,35400,1.82,8.1,15.2,No,11.43,10.375,1.302,1.182
578666,MB,R3X,E,2024-07-01,2024,Single Detached,292.9,Two storeys,2008,B1;B2,1,3.2286,14159.6,14.16,27500.2,7639.0,105363.2,29267.8,7639.0,9135.4,0.0,0.0,0.0,210450191,Air,,11498.3,T,11.43,3.25,1.8,,,90.0,,,,Not installed,0.0,Condensing furnace,Natural Gas,Advanced airtight wood stove,Mixed Wood,Yes,CARRIER,38MURAQ36AB3*,CAP**3621AL*,39000,29600,35400,1.80,8.5,15.5,No,11.43,10.375,0.807,0.733
5326715,MB,R0C,E,2024-07-01,2024,Single Detached,176.2,Two storeys,1898,B1,1,5.0231,13365.0,13.365,46302.5,12861.9,91427.9,25396.8,12861.8,0.0,0.0,0.0,0.0,212396763,Air,,19769.4,T,9.5,3.01,1.83,,,92.0,,,,Central split system,2.85,Electric furnace,Electricity,,,Yes,TRANE,4TXD2036A10NU**,"H,TG34936+TD",36000,22000,24000,1.80,8.5,15.2,No,10.551,7.034,0.789,0.526
5327308,MB,R1N,E,2024-08-01,2024,Single Detached,117.1,One storey,1954,B1;B2;C1;F1,1,7.41,7549.8,7.55,11365.6,3157.1,82771.0,22992.1,3157.2,4550.3,0.0,0.0,0.0,212974640,Air,,5411.6,T,5.33,3.8,2.34,,,106.0,,,,Central split system,3.19,Condensing furnace,Natural Gas,,,Yes,BRYANT HEATING AND COOLING SYSTEMS,38MURAQ18AB3*,CAP**2417AL*,18200,12300,19400,2.34,8.5,16.5,No,5.334,5.686,0.706,0.753
5328180,MB,R1N,E,2024-09-01,2024,Single Detached,281.2,One storey,1983,B1;B2,1,1.94,7622.4,7.622,24046.5,6679.6,82450.6,22903.1,6679.8,2412.0,0.0,0.0,0.0,212633393,Air,,10198.3,T,9.5,3.0,1.8,,,74.0,,,,Central split system,2.79,Condensing furnace,Natural Gas,Wood fireplace,Mixed Wood,Yes,,,,,,,,,,,,,,
5328234,MB,R6T,E,2024-08-01,2024,Single Detached,213.9,One storey,1979,B1,1,2.58,9466.2,9.466,35169.7,9769.4,82504.4,22918.1,9769.5,0.0,0.0,0.0,0.0,212633393,Air,,10197.7,T,9.5,3.01,1.8,,,74.0,,,,Central split system,2.79,Electric furnace,Electricity,Advanced airtight wood stove,Mixed Wood,Yes,,,,,,,,,,,,,,
5328836,MB,R3R,E,2024-06-01,2024,Single Detached,204.8,One storey,1970,B1;B2;B3,1,3.4116,17617.5,17.618,30543.8,8484.5,128771.6,35770.2,8484.5,11335.9,0.0,0.0,0.0,212633393,Air,,10185.1,T,9.5,3.02,1.8,,,74.0,,,ESTAR,Central split system,2.79,Condensing furnace,Natural Gas,Advanced airtight wood stove,Mixed Wood,Yes,,,,,,,,,,,,,,
5329421,MB,R0E,E,2024-06-01,2024,Single Detached,298.2,One storey,2001,B1;B2,1,1.68,14192.5,14.192,30101.4,8361.6,75343.2,20928.8,8361.5,0.0,0.0,0.0,0.0,207312017,Water,,13657.1,F,0.0,3.8,0.0,,,0.0,,,C448,Conventional A/C,4.75,Baseboard/Hydronic/Plenum(duct) htrs.,Electricity,,,No,,,,,,,,,,,,,,
5331065,MB,R3J,E,2024-06-01,2024,Single Detached,168.0,One storey,1914,B1,1,3.43,9596.5,9.596,16699.4,4638.8,84247.7,23402.3,4638.6,6632.0,0.0,0.0,0.0,212406525,Air,,7653.5,T,6.56,3.68,2.1,,,107.0,,,,Central split system,3.41,Condensing furnace,Natural Gas,,,Yes,TRANE,4TXD2036A10NU**,"H,TG34930+TD",24000,15800,21200,1.80,8.5,15.2,No,7.034,6.213,0.733,0.647
5332708,MB,R0K,E,2024-06-01,2024,Single Detached,96.7,Two storeys,1977,C1;F1,1,6.67,11416.7,11.417,36786.7,10218.6,83764.9,23268.2,10218.7,0.0,0.0,0.0,0.0,207335553,Air,,19855.3,T,10.55,3.03,1.83,,,83.0,,,,Central split system,2.85,Electric furnace,Electricity,,,Yes,NAPOLEON,NS18HV24A36,NPFX24A36A,35000,29000,28000,1.80,9,16,No,10.257,8.206,0.898,0.719
5332994,MB,R3N,E,2024-06-01,2024,Single Detached,284.2,One storey,1955,B1;B2,1,3.3539,18138.4,18.138,36379.5,10105.5,120035.1,33343.4,10105.6,10527.3,0.0,0.0,0.0,213153602,Air,,15057.4,T,9.5,3.31,1.8,,,72.0,,,ESTAR,Central split system,3.41,Condensing furnace,Natural Gas,,,Yes,NAPOLEON,WSEHV2436RA1-N,HG34936,36000,21000,23600,1.80,8.5,15.2,No,10.551,6.916,0.582,0.381
5333519,MB,R3G,E,2024-06-01,2024,Detached Duplex,157.8,Two storeys,1905,B1;C1;F1,2,5.5492,14023.7,14.024,30184.3,8384.6,108814.7,30226.5,8384.5,6232.3,0.0,0.0,0.0,213153602,Air,,15057.4,T,9.5,3.31,1.8,,,72.0,,,,Central split system,3.41,Condensing furnace,Natural Gas,,,Yes,NAPOLEON,WSEHV2436RA1-N,HG34936,36000,21000,23600,1.80,8.5,15.2,No,10.551,6.916,0.752,0.493
5335530,MB,R3G,E,2024-09-01,2024,Single Detached,131.9,Two storeys,1911,B1,1,11.1779,20391.5,20.392,26681.6,7411.6,135445.1,37623.9,7411.7,17413.2,0.0,0.0,0.0,211239688,Air,,7924.3,T,7.85,3.7,2.02,,,91.0,,,,Central split system,3.21,Condensing furnace,Natural Gas,,,Yes,CARRIER,38MURAQ24AB3*,CAP**2417AL*,26800,19400,24400,2.02,8.5,16,No,7.854,7.151,0.385,0.351
5335539,MB,R4J,E,2024-10-01,2024,Single Detached,196.4,One storey,1974,B1;C1;F1,1,2.5565,14966.3,14.966,21924.9,6090.3,103879.0,28855.5,6090.3,9955.9,0.0,0.0,0.0,207098556,Air,,8719.7,T,7.56,3.55,2.0,,,70.0,,,,Central split system,3.36,Condensing furnace,Natural Gas,,,Yes,CARRIER,38MARBQ24AA3,CAP**2417AL*,25800,15700,,,10.5,15,No,7.561,,0.505,
5340955,MB,R0C,E,2024-07-01,2024,Single Detached,246.1,One storey,1921,C1;C2;F1;F2,1,3.3,19527.2,19.527,57010.4,15836.3,109075.6,30299.0,15836.2,0.0,0.0,0.0,0.0,207699109,Air,,17073.0,T,14.51,3.37,1.99,,,96.0,,,,Central split system,3.16,Baseboard/Hydronic/Plenum(duct) htrs.,Electricity,,,Yes,LENNOX,MLB048S4M-2P,,49000,36000,43500,2.00,9.4,21.35,Yes,14.36,12.749,0.735,0.653
5341108,MB,R5T,E,2024-08-01,2024,Single Detached,266.7,One storey,2004,B1,1,1.6204,9252.1,9.252,35265.6,9796.1,80446.3,22346.4,9796.2,0.0,0.0,0.0,0.0,211644151,Air,,10183.0,T,9.96,2.98,1.8,,,70.0,,,,Central split system,2.79,Electric furnace,Electricity,Wood fireplace,Mixed Wood,Yes,GREE,GUD36W/A-D(U),GCAT36*/NAA,36000,23200,26000,1.80,8.5,15.2,Yes,10.551,7.62,1.14,0.824
5341117,MB,R3R,E,2024-09-01,2024,Single Detached,177.0,One storey,1969,B1;C1;C2;F1,1,3.2451,10864.2,10.864,23154.2,6431.8,84720.6,23533.7,6431.7,4727.8,0.0,0.0,0.0,212614884,Air,,10205.9,T,6.74,3.15,2.0,,,70.0,,,,Central split system,3.18,Condensing furnace,Natural Gas,,,Yes,DAIKIN,DZ6VSA241EA*,CA*EA2422*4A*,23000,16000,16100,2.00,8.6,17,Yes,6.741,4.718,0.62,0.434
5343388,MB,R3L,E,2024-09-01,2024,Single Detached,176.2,One and a half,1948,B1,1,4.09,11206.9,11.207,16685.5,4634.9,82538.3,22927.5,4634.8,5559.5,0.0,0.0,0.0,211240533,Air,,7924.3,T,7.85,3.67,1.98,,,89.0,,,,Central split system,3.21,Condensing furnace,Natural Gas,,,Yes,PAYNE HEATING AND COOLING,38MURAQ24AB3*,CAP**2417AL*,26800,19400,24000,1.98,8.5,16.5,No,7.854,7.034,0.701,0.628
5345641,MB,R0G,E,2024-06-01,2024,Single Detached,279.8,One storey,1975,B1,1,1.931,18763.7,18.764,76446.5,21235.3,126577.9,35160.8,21235.4,0.0,0.0,0.0,0.0,212633393,Air,,10197.7,T,9.5,3.01,1.8,,,74.0,,,,Central split system,2.79,Electric furnace,Electricity,Other (describe),Electricity,Yes,,,,,,,,,,,,,,
5347410,MB,R2K,E,2024-02-01,2024,Single Detached,225.7,Two storeys,1995,B1,1,2.45,11861.4,11.861,20191.3,5608.7,86187.8,23941.2,5608.7,5169.8,0.0,0.0,0.0,210450223,Air,,9864.2,T,9.79,3.51,1.86,,,78.0,,,ESTAR,Central split system,2.88,Condensing furnace,Natural Gas,,,Yes,BRYANT HEATING AND COOLING SYSTEMS,38MURAQ30AB3*,CAP**4321AL*,33400,23200,26200,1.86,9,14.5,No,9.789,7.678,0.825,0.647
5347663,MB,R3X,E,2024-06-01,2024,Single Detached,297.0,Two storeys,2004,B1,1,3.5554,15482.8,15.483,29053.3,8070.4,107386.2,29829.7,8070.3,8930.6,0.0,0.0,0.0,213153602,Air,,15057.4,T,9.5,3.31,1.8,,,72.0,,,,Central split system,3.41,Condensing furnace,Natural Gas,Fireplace with pilot (sealed),Natural Gas,Yes,NAPOLEON,WSEHV2436RA1-N,HG34936,36000,21000,23600,1.80,8.5,15.2,No,10.551,6.916,0.681,0.447
5347669,MB,R1A,E,2024-07-01,2024,Single Detached,393.9,Two storeys,1970,B1,1,4.9751,34822.9,34.823,302365.7,83991.1,531540.2,147651.2,83991.2,50290.1,0.0,0.0,0.0,207683241,Air,,12952.0,T,10.84,4.33,1.93,,,97.0,,,,Mini-split ductless,2.8,Condensing furnace,Natural Gas,Fireplace with spark ignit. (sealed),Natural Gas,Yes,NAPOLEON,NDHAM-36-O,,37000,35000,36000,1.90,9.7,20,Yes,10.844,10.551,0.311,0.303
5347691,MB,R0E,E,2024-06-01,2024,Single Detached,228.2,One storey,1974,B1;C1;F1,1,2.5508,14972.8,14.973,41594.1,11554.0,90253.2,25070.5,11554.0,0.0,0.0,0.0,0.0,210426579,Air,,24601.6,T,11.72,4.23,1.96,,,92.0,,,,Central split system,2.42,Electric furnace,Electricity,,,Yes,SENVILLE,SENDC-36HF-OM,SENDC-36HF-IM,40000,30400,34400,1.97,9.5,16,Yes,11.723,10.082,0.783,0.673
5347737,MB,R2K,E,2024-09-01,2024,Single Detached,220.9,One storey,1960,B1,1,2.55,15830.1,15.83,29173.4,8103.8,126644.3,35179.3,8103.7,11330.4,0.0,0.0,0.0,213153602,Air,,10773.9,T,9.5,3.31,1.8,,,72.0,,,ESTAR,Central split system,3.41,Condensing furnace,Natural Gas,,,Yes,NAPOLEON,WSEHV2436RA1-N,HG34936,36000,21000,23600,1.80,8.5,15.2,No,10.551,6.916,0.666,0.437
5349808,MB,R3N,E,2024-07-01,2024,Single Detached,309.4,Two storeys,1970,B1;B2;C1;F1,1,2.36,16250.1,16.25,30839.1,8566.5,111673.2,31020.6,8566.5,9510.1,0.0,0.0,0.0,213153602,Air,,12966.6,T,9.5,3.69,1.8,,,72.0,,,,Central split system,3.41,Condensing furnace,Natural Gas,Wood fireplace insert,Mixed Wood,Yes,NAPOLEON,WSEHV2436RA1-N,HG34936,36000,21000,23600,1.80,8.5,15.2,No,10.551,6.916,0.649,0.426
5350130,MB,R0G,E,2024-06-01,2024,Single Detached,201.4,One storey,1978,B1;P1,1,2.2974,12714.6,12.715,48745.8,13540.6,94299.0,26194.4,13540.7,0.0,0.0,0.0,0.0,212633393,Air,,10191.8,T,9.5,3.01,1.8,,,74.0,,,,Central split system,2.79,Electric furnace,Electricity,,,Yes,,,,,,,,,,,,,,
5411610,MB,R0G,E,2024-06-01,2024,Single Detached,259.7,One storey,2013,B1,1,0.9959,9473.2,9.473,29431.6,8175.5,78115.4,21698.9,8175.6,0.0,0.0,0.0,0.0,212633393,Air,,10197.7,T,9.5,3.01,1.8,,,74.0,,,,Central split system,2.79,Electric furnace,Electricity,Other (describe),Electricity,Yes,,,,,,,,,,,,,,
5426613,MB,R1N,E,2024-06-01,2024,Single Detached,165.6,Two storeys,1910,B1,1,4.1443,15862.6,15.863,100797.9,27999.6,146592.2,40720.4,27999.7,0.0,0.0,0.0,0.0,212633392,Air,,7073.9,T,6.56,3.24,1.8,,,102.0,,,ESTAR,Central split system,3.52,Electric furnace,Electricity,,,Yes,GREE,FLEXX36HP230V1AO,CDP36K15P+TD,,14000,21200,1.80,8.5,15.2,No,,6.213,,0.392
668032,MB,R2N,E,2024-05-01,2024,Single Detached,244.7,One storey,1990,B1,1,1.7581,10624.2,10.624,18628.3,5174.6,93988.9,26108.2,5174.5,5421.4,0.0,0.0,0.0,211241626,Air,,7744.7,T,7.68,3.59,1.92,,,89.0,,,ESTAR,Central split system,3.21,Condensing furnace,Natural Gas,Wood fireplace,Mixed Wood,Yes,BRYANT HEATING AND COOLING SYSTEMS,38MURAQ24AB3*,CAP**3017AL*,26200,19100,23400,1.92,8.5,16.5,No,7.678,6.858,0.723,0.645
5354270,MB,R3V,E,2024-07-01,2024,Single Detached,343.6,Two storeys,1941,B1;C1;F1,1,2.5251,16778.3,16.778,17497.8,4860.5,126259.3,35072.3,4860.6,16151.0,0.0,0.0,0.0,212633393,Air,,10185.1,T,9.5,3.02,1.8,,,74.0,,,,Central split system,2.79,Condensing furnace,Natural Gas,,,Yes,,,,,,,,,,,,,,
5354906,MB,R6M,E,2024-08-01,2024,Single Detached,130.7,One storey,1948,B1,1,6.9829,14212.6,14.213,70641.2,19622.7,115842.4,32178.7,19622.7,0.0,0.0,0.0,0.0,212633392,Air,,7073.6,T,6.56,3.24,1.8,,,102.0,,,,Central split system,3.52,Electric furnace,Electricity,,,Yes,GREE,FLEXX36HP230V1AO,CDP36K15P+TD,,14000,21200,1.80,8.5,15.2,No,,6.213,,0.437
5357548,MB,R3P,E,2024-08-01,2024,Single Detached,369.5,Two storeys,2000,B1,1,2.5436,18148.6,18.149,35282.7,9800.8,119701.5,33250.7,9800.9,10720.6,0.0,0.0,0.0,210607416,Air,,17141.0,T,13.04,3.31,1.82,,,57.0,,,ESTAR,Central split system,3.52,Condensing furnace,Natural Gas,Fireplace with pilot (sealed),Natural Gas,Yes,GOODMAN,GSZV904810A*,CA*F4961*6D*+MBVC2001**-1A*+TX,44500,27000,25400,1.82,8.2,19,No,13.042,7.444,0.719,0.41
5357584,MB,R4H,E,2024-09-01,2024,Single Detached,366.4,One storey,2013,B1,1,1.3123,12533.6,12.534,22582.3,6272.9,100383.3,27884.5,6272.8,9107.0,0.0,0.0,0.0,213770265,Air,,13627.8,F,0.0,3.6,0.0,,,0.0,,,,Central split system,3.843,Condensing furnace,Natural Gas,Fireplace with spark ignit. (sealed),Natural Gas,Yes,CARRIER,25VNA448A*031*,CAP**4821AL*+UI,46500,43500,36400,2.26,9,20.5,No,13.628,10.668,1.087,0.851
5359422,MB,R3R,E,2024-07-01,2024,Single Detached,257.8,One storey,1946,B1;C1;F1,1,2.8225,17746.2,17.746,35603.6,9890.0,112999.1,31388.9,9890.1,8326.5,0.0,0.0,0.0,210692720,Air,,16070.0,T,9.96,3.17,1.8,,,71.0,,,,Central split system,3.52,Condensing furnace,Natural Gas,,,Yes,GOODMAN,GSZV903610A*,CA*F3743*6D*+TXV,34000,21600,24400,1.80,8.2,19,No,9.964,7.151,0.561,0.403
5361170,MB,R6P,E,2024-11-01,2024,Single Detached,402.8,Two storeys,1984,C1;F1,1,1.06,16079.4,16.079,26728.6,7424.7,102509.5,28475.1,7424.8,7095.9,0.0,0.0,0.0,211717298,Air,,10021.0,T,9.96,3.01,1.8,,,75.0,,,,Central split system,2.79,Condensing furnace,Natural Gas,Advanced airtight wood stove,Mixed Wood,Yes,GREE,FLEXX36HP230V1AO,FLEXX36C,36000,23200,26000,1.80,8.5,15.2,No,10.551,7.62,0.656,0.474
5361278,MB,R2M,E,2024-07-01,2024,Single Detached,179.6,One storey,1969,B1;P1,1,4.2748,12617.8,12.618,23928.8,6646.9,100237.9,27844.1,6647.0,5737.8,0.0,0.0,0.0,212614884,Air,,10618.8,T,6.74,3.21,2.0,,,70.0,,,,Central split system,3.18,Condensing furnace,Natural Gas,,,Yes,DAIKIN,DZ6VSA241EA*,CA*EA2422*4A*,23000,16000,16100,2.00,8.6,17,Yes,6.741,4.718,0.534,0.374
5362997,MB,R0G,E,2024-05-01,2024,Single Detached,180.1,One storey,1960,B1;B2;P1,1,1.5204,11214.3,11.214,44573.3,12381.6,93285.5,25912.8,12381.5,0.0,0.0,0.0,0.0,211239688,Air,,7934.0,T,7.85,3.72,2.02,,,91.0,,,ESTAR,Central split system,3.21,Electric furnace,Electricity,,,Yes,CARRIER,38MURAQ24AB3*,CAP**2417AL*,26800,19400,24400,2.02,8.5,16,No,7.854,7.151,0.7,0.638
5416591,MB,R2R,E,2024-06-01,2024,Single Detached,139.9,One storey,1973,B1,1,2.4302,7069.9,7.07,18013.5,5003.8,72651.6,20181.2,5003.9,2217.8,0.0,0.0,0.0,212633393,Air,,10185.1,T,9.5,3.02,1.8,,,74.0,,,ESTAR,Central split system,2.79,Condensing furnace,Natural Gas,,,Yes,,,,,,,,,,,,,,
5365453,MB,R0E,E,2024-10-01,2024,Single Detached,155.0,One storey,1986,C1;F1,1,3.83,11686.5,11.686,38913.6,10809.4,92325.2,25646.1,10809.5,0.0,0.0,0.0,0.0,211644151,Air,,10177.2,T,9.96,3.02,1.8,,,70.0,,,,Central split system,2.79,Electric furnace,Electricity,,,Yes,GREE,GUD36W/A-D(U),GCAT36*/NAA,36000,23200,26000,1.80,8.5,15.2,Yes,10.551,7.62,0.903,0.652
5365471,MB,R5T,E,2024-08-01,2024,Single Detached,234.2,One storey,1972,B1;B2,1,1.82,12489.4,12.489,21276.1,5910.1,106956.8,29710.5,5910.0,8691.7,0.0,0.0,0.0,212633393,Air,,10185.1,T,9.5,3.02,1.8,,,74.0,,,,Central split system,2.79,Condensing furnace,Natural Gas,,,Yes,,,,,,,,,,,,,,
5365532,MB,R3G,E,2024-11-01,2024,Single Detached,168.7,Two and a half,1913,B1;B2;C1;F1,1,8.58,22264.1,22.264,34381.2,9550.4,139972.1,38881.4,9550.4,16748.2,0.0,0.0,0.0,209270320,Air,,13065.1,T,7.33,3.35,1.95,,,80.0,,,,Central split system,3.2,Condensing furnace,Natural Gas,,,Yes,ECO-AIR,MOD30-24HFN1-MW,MAC-24HWDN1-MN0,25000,21000,20000,1.95,9.5,16.5,Yes,7.327,5.861,0.329,0.263
5366483,MB,R3M,E,2024-07-01,2024,Single Detached,161.3,One and a half,1948,B1;B2;B3,1,3.14,13883.3,13.883,28241.0,7844.8,94611.4,26281.2,7844.8,5993.7,0.0,0.0,0.0,211911381,Air,,13065.1,T,7.33,3.35,1.95,,,80.0,,,,Central split system,3.2,Condensing furnace,Natural Gas,,,Yes,MITS AIR,MOD30-24HFN1-MW,MAC-24HWDN1-MN0,25000,21000,20000,1.95,9.5,16.5,No,7.327,5.861,0.528,0.422
588354,MB,R2N,E,2024-10-01,2024,Single Detached,419.8,Split level,1986,B1;B2;C1;F1,1,1.9673,20699.5,20.7,67597.6,18777.3,119724.8,33257.2,18777.4,0.0,0.0,0.0,0.0,206249118,Air,,15895.9,T,15.83,3.29,1.8,,,75.0,,,,Central single package system,2.93,Electric furnace,Electricity,Wood fireplace,Hardwood,Yes,GREE,GUD60W/A-D(U),GUD60AH2/A-D(U),54000,44000,41000,1.80,9,16,Yes,15.826,12.016,0.765,0.58
5367281,MB,R3P,E,2024-09-01,2024,Single Detached,237.1,One storey,1974,B1;C1;F1,1,4.9499,15133.7,15.134,30542.3,8484.0,100092.2,27803.6,8484.0,6503.1,0.0,0.0,0.0,213153602,Air,,15057.4,T,9.5,3.31,1.81,,,72.0,,,ESTAR,Central split system,3.41,Condensing furnace,Natural Gas,Other (describe),Electricity,Yes,NAPOLEON,WSEHV2436RA1-N,HG34936,36000,21000,23600,1.80,8.5,15.2,No,10.551,6.916,0.697,0.457
1193639,MB,R2V,E,2024-06-01,2024,Single Detached,262.1,One storey,1988,B1,1,1.6282,10067.4,10.067,19338.4,5371.8,88752.3,24653.6,5371.7,6622.3,0.0,0.0,0.0,207098556,Air,,8730.6,T,7.56,3.56,2.0,,,70.0,,,,Central split system,3.36,Condensing furnace,Natural Gas,,,Yes,CARRIER,38MARBQ24AA3,CAP**2417AL*,25800,15700,,,10.5,15,No,7.561,,0.751,
5436472,MB,R0C,E,2024-07-01,2024,Single Detached,152.9,One storey,1985,B1,1,2.2053,7173.9,7.174,17336.3,4815.7,63658.8,17683.1,4815.6,0.0,0.0,0.0,0.0,206221558,Air,,10550.6,F,0.0,4.95,0.0,,,0.0,,,ESTAR,Mini-split ductless,3.351,Baseboard/Hydronic/Plenum(duct) htrs.,Electricity,,,Yes,TRANE,4TXM2330A14NU**,,36000,29000,28200,1.82,8.6,16,Yes,10.551,8.265,1.471,1.152
5368577,MB,R7B,E,2024-09-01,2024,Single Detached,258.0,Two storeys,1984,B1;C1;F1,1,2.2286,13383.7,13.384,29950.7,8319.7,91471.9,25409.1,8319.8,3978.1,0.0,0.0,0.0,207436490,Air,,18271.7,T,10.43,3.04,1.82,,,77.0,,,,Central split system,4.18,Condensing furnace,Natural Gas,,,Yes,LENNOX,SL25XPV-036-230A**,CX35-48C+TDR,35600,33200,27600,1.82,8.8,22,No,10.433,8.089,0.78,0.604
5370361,MB,R0A,E,2024-07-01,2024,Single Detached,267.7,One storey,2023,B1,1,0.7563,9367.2,9.367,12757.8,3543.9,55129.7,15313.9,3543.9,0.0,0.0,0.0,0.0,7492838,Ground,,7619.8,F,0.0,3.6,0.0,,,0.0,,,C448,Conventional A/C,4.54,Baseboard/Hydronic/Plenum(duct) htrs.,Electricity,,,No,,,,,,,,,,,,,,
5371787,MB,R3X,E,2024-06-01,2024,Single Detached,194.4,Two storeys,2023,B1,1,1.0743,9658.0,9.658,20170.5,5603.0,77623.9,21562.4,5603.1,3374.7,0.0,0.0,0.0,212361759,Air,,13065.1,T,7.33,3.35,1.95,,,80.0,,,ESTAR,Central split system,3.2,Condensing furnace,Natural Gas,,,Yes,MOOVAIR,DMA24HOS20230E7,CUB24HAC20BWT7A,25000,21000,20000,1.95,9.5,16.5,Yes,7.327,5.861,0.759,0.607
5371810,MB,R1N,E,2024-06-01,2024,Single Detached,197.3,One storey,1978,B1,1,2.9378,9758.8,9.759,19547.5,5429.9,92696.4,25749.2,5429.8,7623.7,0.0,0.0,0.0,213076371,Air,,7934.6,T,7.85,3.92,2.26,,,99.0,,,ESTAR,Central split system,3.2,Condensing furnace,Natural Gas,Wood fireplace,Mixed Wood,Yes,BRYANT HEATING AND COOLING SYSTEMS,38MURAQ24AB3*,CAP**2417AL*,26800,19400,26600,2.26,8.5,16.5,No,7.854,7.796,0.805,0.799
5372095,MB,R3R,E,2024-06-01,2024,Single Detached,246.3,One storey,1964,B1;P1,1,4.549,15459.0,15.459,17985.8,4996.1,108841.4,30234.0,4996.2,9108.1,0.0,0.0,0.0,212614930,Air,,10067.3,T,10.02,4.19,2.0,,,84.0,,,ESTAR,Central split system,2.96,Induced draft fan furnace,Natural Gas,,,Yes,DAIKIN,DZ6VSA361EA*,CA*EA4830*4A*,34200,23000,29000,2.00,8.6,17.5,Yes,10.023,8.499,0.648,0.55
5372098,MB,R1N,E,2024-07-01,2024,Single Detached,215.5,One storey,1999,B1,1,2.1495,9912.0,9.912,13844.6,3845.8,84610.6,23503.1,3845.9,4108.6,0.0,0.0,0.0,213076371,Air,,7924.3,T,7.85,3.92,2.26,,,99.0,,,ESTAR,Central split system,3.2,Condensing furnace,Natural Gas,,,Yes,BRYANT HEATING AND COOLING SYSTEMS,38MURAQ24AB3*,CAP**2417AL*,26800,19400,26600,2.26,8.5,16.5,No,7.854,7.796,0.792,0.786
5372105,MB,R0M,E,2024-09-01,2024,Single Detached,203.2,One storey,2001,C1;F1,1,1.4206,10028.6,10.029,30702.4,8528.5,67027.2,18618.8,8528.4,0.0,0.0,0.0,0.0,211378935,Air,,9905.8,T,9.91,4.461,2.1,,,70.0,,,,Central split system,3.556,Electric furnace,Electricity,,,Yes,YORK,HMH72B341,JHVTB36DBCC2N1,33800,25200,23800,2.10,8.5,18.5,Yes,9.906,6.975,0.988,0.696
5372250,MB,R0G,E,2024-09-01,2024,Single Detached,320.6,Two storeys,1998,B1;B2,1,2.7867,20948.2,20.948,18194.2,5054.0,174607.8,48502.6,5053.9,30272.2,0.0,0.0,0.0,211644151,Air,,10185.1,T,9.96,3.02,1.8,,,70.0,,,,Central single package system,2.76,Condensing furnace,Natural Gas,Fireplace with spark ignit. (sealed),Natural Gas,Yes,GREE,GUD36W/A-D(U),GCAT36*/NAA,36000,23200,26000,1.80,8.5,15.2,Yes,10.551,7.62,0.504,0.364
5372953,MB,R1N,E,2024-05-01,2024,Single Detached,171.8,One storey,1979,B1,1,2.3042,7480.5,7.48,17814.6,4948.5,78067.5,21685.6,4948.7,3900.6,0.0,0.0,0.0,212633392,Air,,7073.9,T,6.56,3.24,1.8,,,102.0,,,ESTAR,Central split system,3.52,Condensing furnace,Natural Gas,,,Yes,GREE,FLEXX36HP230V1AO,CDP36K15P+TD,,14000,21200,1.80,8.5,15.2,No,,6.213,,0.831
5373099,MB,R1N,E,2024-08-01,2024,Single Detached,207.8,One storey,1991,B1;P1,1,2.453,7403.1,7.403,22088.6,6135.8,79856.4,22182.5,6135.9,3423.1,0.0,0.0,0.0,212633393,Air,,10198.3,T,9.5,3.0,1.8,,,74.0,,,ESTAR,Central split system,2.79,Condensing furnace,Natural Gas,Advanced airtight wood stove,Mixed Wood,Yes,,,,,,,,,,,,,,
5373275,MB,R0C,E,2024-10-01,2024,Single Detached,189.2,Two storeys,1993,C1;F1,1,3.9952,14421.3,14.421,49293.2,13692.7,103643.8,28790.2,13692.6,0.0,0.0,0.0,1745.8,210722666,Air,,15997.0,T,10.73,3.26,2.0,,,100.0,,,,Mini-split ductless,2.83,Baseboard/Hydronic/Plenum(duct) htrs.,Electricity,Advanced airtight wood stove,Mixed Wood,Yes,DAIKIN,4MXL36WVJU*,,36600,22400,36600,1.80,9,20,No,10.726,10.726,0.744,0.744
5141924,MB,R0E,E,2024-06-01,2024,"Row house, middle unit",114.1,Two storeys,1965,B1,1,9.5688,10835.4,10.835,31014.6,8615.2,76148.0,21152.4,8615.3,0.0,0.0,0.0,0.0,213386472,Air,,15669.9,T,7.03,3.22,1.91,,,100.0,,,,Central split system,3.23,Electric furnace,Electricity,,,Yes,SENVILLE,SENDC-24HF-OM,SENDC-24HF-IM,24000,19200,22600,1.91,10,17.4,Yes,7.034,6.623,0.649,0.611
5373873,MB,R2C,E,2024-07-01,2024,Single Detached,225.0,One storey,1984,B1;B2,1,2.7736,14880.2,14.88,20042.9,5567.5,116409.8,32336.3,5567.5,13849.6,0.0,0.0,0.0,213785019,Air,,7971.5,F,0.0,4.66,0.0,,,0.0,,,ESTAR,Central split system,3.772,Condensing furnace,Natural Gas,Fireplace with pilot (sealed),Natural Gas,Yes,CARRIER,25VNA424A*031*,CAP**2417AL*+UI,27200,25200,20200,2.28,10,19.5,No,7.972,5.92,0.536,0.398
5373920,MB,R1N,E,2024-06-01,2024,Single Detached,229.7,One storey,1973,B1,1,2.3656,7268.4,7.268,17746.7,4929.7,79873.4,22187.2,4929.8,4268.4,0.0,0.0,0.0,212633393,Air,,7073.9,T,6.56,3.24,1.8,,,102.0,,,ESTAR,Central split system,3.52,Condensing furnace,Natural Gas,,,Yes,,,,,,,,,,,,,,
5373973,MB,R1N,E,2024-06-01,2024,Single Detached,124.1,One storey,1960,B1,1,3.3156,6157.7,6.158,9566.8,2657.5,73613.6,20448.4,2657.5,2572.0,0.0,0.0,0.0,211260403,Air,,5561.9,T,5.48,3.81,2.28,,,102.0,,,ESTAR,Central split system,3.36,Condensing furnace,Natural Gas,,,Yes,BRYANT HEATING AND COOLING SYSTEMS,38MURAQ18AB3*,CAP**2417AL*,18700,12500,19100,2.28,8.5,15.5,No,5.48,5.598,0.89,0.909
5373987,MB,R0E,E,2024-08-01,2024,Single Detached,159.4,Two storeys,1986,B1,1,4.7353,11128.2,11.128,52368.1,14546.8,105609.1,29336.1,14546.8,0.0,0.0,0.0,0.0,208447884,Air,,26014.2,T,9.67,2.081,1.85,,,80.0,,,ESTAR,Central split system,1.767,Electric furnace,Electricity,Wood fireplace,Mixed Wood,Yes,CARRIER,38MURAQ30AB3,40MUAAQ30XA3,33000,21000,24000,1.80,8.9,16.2,Yes,9.671,7.034,0.869,0.632
5374018,MB,R0K,E,2024-09-01,2024,Single Detached,175.7,One storey,1965,B1,1,1.81,8328.5,8.328,35922.1,9978.4,80403.8,22334.6,9978.4,0.0,0.0,0.0,0.0,205724747,Air,,5275.3,F,0.0,4.502,0.0,,,0.0,,,,Mini-split ductless,3.533,Baseboard/Hydronic/Plenum(duct) htrs.,Electricity,,,Yes,PERFECTAIRE,3PAMSH18B-SZO,3PAMSH18B-SZW,18000,10500,10100,1.84,8.7,18.3,No,5.275,2.96,0.633,0.355
5374370,MB,R3P,E,2024-08-01,2024,Single Detached,379.6,One storey,1951,B1,1,4.8532,28721.6,28.722,56268.8,15630.3,158274.8,43965.6,15630.4,14617.6,0.0,0.0,0.0,212361760,Air,,23956.7,T,9.67,3.31,1.85,,,81.0,,,,Central split system,2.97,Condensing furnace,Natural Gas,Same as Type 1 heating system,Natural Gas,Yes,MOOVAIR,DMA30HOS20230E7,CUB36HAC20CWT7A,33000,22600,27000,1.85,9.7,15.5,Yes,9.671,7.913,0.337,0.276
5048206,MB,R2J,E,2024-09-01,2024,Single Detached,168.6,One storey,1956,B1,1,3.0687,15215.6,15.216,31029.7,8619.4,119030.3,33064.2,8619.5,9025.1,0.0,0.0,0.0,212404693,Air,,13837.3,T,7.33,3.36,1.82,,,86.0,,,ESTAR,Central split system,2.93,Condensing furnace,Natural Gas,Fireplace with pilot (sealed),Natural Gas,Yes,NAPOLEON,WSEHV2436RA1-N,"H,DE33(6,9)36",24000,15000,17500,1.80,8.5,17,No,7.034,5.129,0.462,0.337
5375449,MB,R0K,E,2024-11-01,2024,Single Detached,395.9,Two storeys,1890,B1;B2,1,2.56,21786.9,21.787,37699.6,10472.2,81921.6,22756.2,10472.3,0.0,0.0,0.0,0.0,207312173,Ground,,13833.0,F,0.0,4.6,0.0,,,0.0,,,C448,Conventional A/C,7.18,Baseboard/Hydronic/Plenum(duct) htrs.,Electricity,Wood fireplace insert,Mixed Wood,No,,,,,,,,,,,,,,
5376937,MB,R4J,E,2024-08-01,2024,Single Detached,382.8,One storey,1978,B1;B2;B3;C1;F1,1,2.59,18037.7,18.038,32162.3,8934.0,117863.5,32740.1,8934.0,7658.7,0.0,0.0,0.0,213153602,Air,,15057.4,T,9.5,3.31,1.8,,,72.0,,,,Central split system,3.41,Condensing furnace,Natural Gas,Wood fireplace,Mixed Wood,Yes,NAPOLEON,WSEHV2436RA1-N,HG34936,36000,21000,23600,1.80,8.5,15.2,No,10.551,6.916,0.585,0.383
5377145,MB,R3J,E,2024-07-01,2024,Single Detached,230.1,One storey,1964,B1;B2,1,3.15,11268.6,11.269,24375.2,6770.9,91320.3,25367.0,6770.9,5675.6,0.0,0.0,0.0,211644151,Air,,10185.1,T,9.96,3.02,1.8,,,70.0,,,,Central split system,2.79,Condensing furnace,Natural Gas,Wood fireplace insert,Mixed Wood,Yes,GREE,GUD36W/A-D(U),GCAT36*/NAA,36000,23200,26000,1.80,8.5,15.2,Yes,10.551,7.62,0.936,0.676
5377904,MB,R5K,E,2024-07-01,2024,Single Detached,250.9,One storey,1975,B1;B2;B3;C1;F1,1,1.29,17155.9,17.156,31118.1,8644.0,75381.2,20939.4,8644.0,0.0,0.0,0.0,0.0,207318098,Ground,,10550.6,F,0.0,3.7,0.0,,,0.0,,,C448,Conventional A/C,4.72,Electric furnace,Electricity,,,No,,,,,,,,,,,,,,
5377933,MB,R3E,E,2024-08-01,2024,Single Detached,109.8,One storey,1912,B1,1,4.7934,10158.6,10.159,14986.4,4162.9,79070.5,21964.2,4162.8,5407.8,0.0,0.0,0.0,213076369,Air,,7924.3,T,7.85,3.92,2.26,,,99.0,,,,Central split system,3.2,Condensing furnace,Natural Gas,,,Yes,CARRIER,38MURAQ24AB3*,CAP**2417AL*,26800,19400,26600,2.26,8.5,16.5,No,7.854,7.796,0.773,0.767
5379115,MB,R2H,E,2024-10-01,2024,Single Detached,177.9,One and a half,1948,B1,1,7.45,16339.5,16.34,33170.7,9214.2,109223.0,30340.0,9214.2,8430.9,0.0,0.0,0.0,209447989,Air,,16538.3,T,7.44,3.1,1.86,,,102.0,,,,Central split system,3.23,Condensing furnace,Natural Gas,Fireplace with pilot (sealed),Natural Gas,Yes,Mitsubishi Electric,PUZ-HA24NHA*,PAA-A24BA1,25400,16000,25400,1.80,9.3,15.6,Yes,7.444,7.444,0.456,0.456
5379140,MB,R0A,E,2024-11-01,2024,Single Detached,178.9,Two storeys,1940,B1;C1;F1,1,5.3259,17794.2,17.794,67247.3,18680.0,113529.1,31536.1,18679.9,0.0,0.0,0.0,0.0,212633393,Air,,10200.0,T,9.5,3.0,1.8,,,74.0,,,,Central split system,2.79,Electric furnace,Electricity,,,Yes,,,,,,,,,,,,,,
5379588,MB,R0E,E,2024-07-01,2024,Single Detached,187.9,One storey,1998,B1,1,1.8498,8100.5,8.1,19298.8,5360.8,81890.7,22747.6,5360.9,2409.5,0.0,0.0,0.0,213153602,Air,,15192.2,T,9.5,3.3,1.8,,,72.0,,,,Central split system,3.41,Condensing furnace,Natural Gas,,,Yes,NAPOLEON,WSEHV2436RA1-N,HG34936,36000,21000,23600,1.80,8.5,15.2,No,10.551,6.916,1.302,0.854
5379689,MB,R6M,E,2024-08-01,2024,Single Detached,141.3,One storey,1950,B1,1,3.76,8142.2,8.142,17806.5,4946.3,69948.1,19430.2,4946.2,2042.0,0.0,0.0,0.0,212633393,Air,,10197.7,T,9.5,3.01,1.8,,,74.0,,,,Central split system,2.79,Condensing furnace,Natural Gas,,,Yes,,,,,,,,,,,,,,
110364,MB,R3G,E,2024-09-01,2024,Single Detached,110.8,One storey,1927,B1,1,4.38,7697.6,7.698,13037.4,3621.5,65783.5,18273.3,3621.4,2088.6,0.0,0.0,0.0,212386846,Air,,13065.1,T,7.33,3.35,1.95,,,80.0,,,,Central split system,3.2,Condensing furnace,Natural Gas,,,Yes,ATK,ACI-AUO24SHP-M,ACI-BCO24CP17,25000,21000,20000,1.95,9.5,16.5,No,7.327,5.861,0.952,0.761
5380033,MB,R1N,E,2024-06-01,2024,Single Detached,131.7,One storey,1984,B1,1,5.9398,10824.8,10.825,21417.4,5949.3,117581.2,32661.7,5949.2,13369.3,0.0,0.0,0.0,212633392,Air,,7073.9,T,6.56,3.24,1.8,,,102.0,,,ESTAR,Central split system,3.52,Condensing furnace,Natural Gas,Fireplace with pilot (sealed),Natural Gas,Yes,GREE,FLEXX36HP230V1AO,CDP36K15P+TD,,14000,21200,1.80,8.5,15.2,No,,6.213,,0.574
5380119,MB,R3R,E,2024-07-01,2024,Single Detached,213.3,One storey,1974,B1,1,1.6691,9959.2,9.959,14836.8,4121.4,84758.3,23544.2,4121.4,4039.8,0.0,0.0,0.0,212406525,Air,,7653.6,T,6.56,3.68,2.1,,,107.0,,,,Central split system,3.41,Condensing furnace,Natural Gas,,,Yes,TRANE,4TXD2036A10NU**,"H,TG34930+TD",24000,15800,21200,1.80,8.5,15.2,No,7.034,6.213,0.706,0.624
5381229,MB,R0C,E,2024-09-01,2024,Single Detached,204.9,One storey,1980,B1,1,1.21,8070.6,8.071,31022.6,8617.5,77402.1,21500.8,8617.6,0.0,0.0,0.0,0.0,211624978,Air,,11153.7,T,10.26,3.01,1.8,,,108.0,,,,Central split system,2.85,Electric furnace,Electricity,,,Yes,CONTINENTAL,WSEHV2436RA1-C,CPFX24A36A,35000,29000,28000,1.80,9,16,Yes,10.257,8.206,1.271,1.017
5382174,MB,R6W,E,2024-07-01,2024,Single Detached,215.3,One storey,2001,B1,1,1.06,6761.4,6.761,24555.6,6821.1,70048.0,19457.9,6821.2,0.0,0.0,0.0,0.0,212633393,Air,,10197.7,T,9.5,3.01,1.8,,,74.0,,,,Central split system,2.79,Electric furnace,Electricity,Advanced airtight wood stove,Mixed Wood,Yes,,,,,,,,,,,,,,
5382326,MB,R0J,E,2024-07-01,2024,Single Detached,197.1,One storey,1972,B1;C1;F1,1,1.0087,13817.5,13.818,9217.7,2560.5,123837.6,34399.6,2560.6,18427.6,0.0,0.0,0.0,203163518,Air,,6330.3,F,0.0,3.863,0.0,,,0.0,,,,Central split system,3.038,Condensing furnace,Natural Gas,,,Yes,PAYNE HEATING AND COOLING,PH14NB024*0**A*,CNPV*2417AL*,21600,13000,,,8.2,14,No,6.33,,0.458,
5383044,MB,R2M,E,2024-08-01,2024,Single Detached,122.4,One storey,1949,B1;B2;B3;B4,1,5.15,10200.2,10.2,21071.7,5853.3,85777.2,23827.2,5853.4,2951.7,0.0,0.0,0.0,213153602,Air,,15057.4,T,9.5,3.31,1.8,,,72.0,,,,Central split system,3.41,Condensing furnace,Natural Gas,Other (describe),Electricity,Yes,NAPOLEON,WSEHV2436RA1-N,HG34936,36000,21000,23600,1.80,8.5,15.2,No,10.551,6.916,1.034,0.678
5383573,MB,R5M,E,2024-07-01,2024,Single Detached,289.3,One storey,1984,B1,1,1.15,10133.9,10.134,33874.7,9409.7,81620.9,22672.7,9409.8,0.0,0.0,0.0,0.0,206249117,Air,,18611.8,T,10.26,2.99,1.8,,,80.0,,,,Central split system,2.92,Electric furnace,Electricity,,,Yes,GREE,GUD36W/A-D(U),GUD36AH2/A-D(U),35000,29000,28000,1.80,9,16,Yes,10.257,8.206,1.012,0.81
5383669,MB,R7B,E,2024-08-01,2024,Single Detached,197.9,One storey,1972,B1;B2,1,1.86,7835.1,7.835,29076.8,8077.0,75415.8,20949.0,8077.0,0.0,0.0,0.0,0.0,212976484,Air,,9847.2,T,9.79,3.47,1.86,,,79.0,,,,Central split system,2.88,Electric furnace,Electricity,,,Yes,BRYANT HEATING AND COOLING SYSTEMS,38MURAQ30AB3*,CAP**4321AL*,33400,23200,26400,1.86,8.1,15.2,No,9.789,7.737,1.249,0.987
5383902,MB,R2H,E,2024-08-01,2024,Single Detached,156.9,Two storeys,1948,B1;B2,1,5.5003,13010.1,13.01,19661.4,5461.5,95676.7,26577.1,5461.4,8154.8,0.0,0.0,0.0,212406525,Air,,7653.6,T,6.56,3.68,2.1,,,107.0,,,ESTAR,Central split system,3.41,Condensing furnace,Natural Gas,,,Yes,TRANE,4TXD2036A10NU**,"H,TG34930+TD",24000,15800,21200,1.80,8.5,15.2,No,7.034,6.213,0.541,0.478
5384249,MB,R3V,E,2024-08-01,2024,Single Detached,670.1,One storey,1999,B1;B2,1,1.1214,17652.9,17.653,33520.5,9311.3,132526.8,36813.3,9311.2,13918.4,0.0,0.0,0.0,212633393,Air,,10185.1,T,9.5,3.02,1.8,,,74.0,,,,Central single package system,2.79,Condensing furnace,Natural Gas,Fireplace with spark ignit. (sealed),Natural Gas,Yes,,,,,,,,,,,,,,
5384645,MB,R2N,E,2024-07-01,2024,Single Detached,316.5,Two storeys,2013,B1,1,1.3989,13060.3,13.06,50327.1,13979.9,98186.6,27274.3,13979.8,0.0,0.0,0.0,0.0,212633393,Air,,10185.1,T,9.5,3.02,1.8,,,74.0,,,,Central split system,2.79,Electric furnace,Electricity,Wood fireplace,Mixed Wood,Yes,,,,,,,,,,,,,,
5385039,MB,R0A,E,2024-11-01,2024,Mobile Home,89.1,One storey,1989,C1;F1,1,7.5307,9286.6,9.287,23985.0,6662.6,71509.1,19863.8,6662.6,0.0,0.0,0.0,0.0,212633393,Air,,10200.0,T,9.5,3.0,1.8,,,74.0,,,,Central split system,2.79,Electric furnace,Electricity,,,Yes,,,,,,,,,,,,,,
5386003,MB,R3X,E,2024-09-01,2024,Single Detached,278.9,One storey,1994,B1,1,2.0959,11538.8,11.539,24619.8,6838.9,99960.3,27767.0,6838.9,8007.0,0.0,0.0,0.0,212633393,Air,,10185.1,T,9.5,3.02,1.8,,,74.0,,,,Central split system,2.79,Condensing furnace,Natural Gas,Fireplace with pilot (unsealed),Natural Gas,Yes,,,,,,,,,,,,,,
5386235,MB,R0G,E,2024-09-01,2024,Single Detached,263.8,Two storeys,1975,B1,1,3.1861,17069.9,17.07,64800.9,18000.4,109809.2,30502.8,18000.4,0.0,0.0,0.0,0.0,212633392,Air,,7075.0,T,6.56,3.24,1.8,,,102.0,,,ESTAR,Central split system,3.52,Electric furnace,Electricity,Advanced airtight wood stove,Mixed Wood,Yes,GREE,FLEXX36HP230V1AO,CDP36K15P+TD,,14000,21200,1.80,8.5,15.2,No,,6.213,,0.364
5386633,MB,R0C,E,2024-07-01,2024,Single Detached,100.8,One storey,1980,C1;F1,1,13.24,12685.0,12.685,44362.9,12323.1,89337.3,24816.1,12323.2,0.0,0.0,0.0,0.0,210426579,Air,,24579.9,T,11.72,4.23,1.96,,,92.0,,,,Central split system,2.42,Electric furnace,Electricity,,,Yes,SENVILLE,SENDC-36HF-OM,SENDC-36HF-IM,40000,30400,34400,1.97,9.5,16,Yes,11.723,10.082,0.924,0.795
5386655,MB,R6W,E,2024-08-01,2024,Single Detached,274.3,Two storeys,1995,B1,1,4.5996,17862.2,17.862,28431.0,7897.6,133499.4,37083.5,7897.6,13592.9,0.0,0.0,0.0,212633393,Air,,10197.7,T,9.5,3.01,1.8,,,74.0,,,,Central split system,2.79,Induced draft fan furnace,Natural Gas,Fireplace with spark ignit. (sealed),Natural Gas,Yes,,,,,,,,,,,,,,
5387135,MB,R2N,E,2024-07-01,2024,Single Detached,217.5,Two storeys,1996,B1,1,1.594,10416.2,10.416,38250.2,10625.1,92813.1,25781.6,10625.1,1794.5,0.0,0.0,0.0,212384834,Air,,11498.4,T,11.43,3.36,2.0,,,89.0,,,,Central split system,3.11,Electric furnace,Electricity,Fireplace with pilot (sealed),Natural Gas,Yes,KEEPRITE,DLCURAH36ABK,FJMA4*42L*C*,39000,29200,34800,2.00,8.1,16,No,11.43,10.199,1.097,0.979
5444001,MB,R6P,E,2024-09-01,2024,Single Detached,291.7,One storey,1978,B1,1,2.4995,12204.5,12.204,34989.2,9719.3,81138.7,22538.7,9719.2,0.0,0.0,0.0,0.0,208130405,Air,,24635.3,T,11.72,4.23,1.96,,,92.0,,,,Central split system,2.42,Electric furnace,Electricity,Baseboard/Hydronic/Plenum(duct) htrs,Electricity,Yes,ECO-AIR,MOE31U-36HFN1-M,MVC-36HWFN1-M,40000,30400,34400,1.97,9.5,16,Yes,11.723,10.082,0.961,0.826
5387729,MB,R0C,E,2024-10-01,2024,Single Detached,282.5,Two storeys,1992,B1;C1;F1,1,2.45,10105.1,10.105,43515.8,12087.8,90230.3,25064.2,12087.9,0.0,0.0,0.0,0.0,211624978,Air,,11162.8,T,10.26,3.0,1.8,,,108.0,,,,Central split system,2.85,Electric furnace,Electricity,,,Yes,CONTINENTAL,WSEHV2436RA1-C,CPFX24A36A,35000,29000,28000,1.80,9,16,Yes,10.257,8.206,1.015,0.812
5387908,MB,R0H,E,2024-09-01,2024,Single Detached,223.4,One storey,1983,B1;C1;F1,1,4.0494,12136.0,12.136,58981.6,16383.9,107792.2,29942.5,16384.0,0.0,0.0,0.0,0.0,212633393,Air,,10198.3,T,9.5,3.0,1.8,,,74.0,,,ESTAR,Central split system,2.79,Electric furnace,Electricity,,,Yes,,,,,,,,,,,,,,
5388591,MB,R3P,E,2024-06-01,2024,Single Detached,222.5,Two storeys,1989,B1,1,2.76,11901.5,11.902,22678.7,6299.7,90896.2,25249.1,6299.8,6482.6,0.0,0.0,0.0,212614884,Air,,10618.8,T,6.74,3.21,2.0,,,70.0,,,,Central split system,3.18,Condensing furnace,Natural Gas,Fireplace with pilot (unsealed),Natural Gas,Yes,DAIKIN,DZ6VSA241EA*,CA*EA2422*4A*,23000,16000,16100,2.00,8.6,17,Yes,6.741,4.718,0.566,0.396
361221,MB,R2M,E,2024-09-01,2024,Single Detached,192.0,One storey,1961,B1;B2;B3,1,2.4196,9008.4,9.008,16991.1,4719.8,78294.9,21748.8,4719.8,4175.9,0.0,0.0,0.0,212633392,Air,,7064.8,T,6.56,3.23,1.8,,,102.0,,,,Central split system,3.52,Condensing furnace,Natural Gas,,,Yes,GREE,FLEXX36HP230V1AO,CDP36K15P+TD,,14000,21200,1.80,8.5,15.2,No,,6.213,,0.69
5388700,MB,R3T,E,2024-10-01,2024,Single Detached,255.5,One storey,1994,B1,1,1.702,10431.2,10.431,37536.8,10427.0,98001.7,27222.9,10427.0,3885.0,0.0,0.0,0.0,212633393,Air,,10185.1,T,9.5,1.916,1.8,,,74.0,,,,Central split system,1.749,Condensing furnace,Natural Gas,,,Yes,,,,,,,,,,,,,,
5388731,MB,R6M,E,2024-07-01,2024,Single Detached,186.6,One storey,1972,B1;B2,1,1.8446,15086.5,15.086,30377.9,8438.4,129838.1,36066.4,8438.4,12248.2,0.0,0.0,0.0,212851768,Air,,10292.4,T,9.5,3.22,1.8,,,86.0,,,,Central split system,2.93,Condensing furnace,Natural Gas,,,Yes,,,,,,,,,,,,,,
5388746,MB,R7A,E,2024-09-01,2024,Single Detached,229.0,One storey,1987,B1,1,1.13,9406.4,9.406,19690.5,5469.6,73140.0,20316.8,5469.8,2529.2,0.0,0.0,0.0,212361759,Air,,13171.8,T,7.33,3.35,1.95,,,80.0,,,,Central split system,3.2,Condensing furnace,Natural Gas,,,Yes,MOOVAIR,DMA24HOS20230E7,CUB24HAC20BWT7A,25000,21000,20000,1.95,9.5,16.5,Yes,7.327,5.861,0.779,0.623
5389412,MB,R3T,E,2024-09-01,2024,Single Detached,182.4,One storey,1953,B1;B2,1,4.46,11701.6,11.702,16400.9,4555.8,95527.5,26535.6,4555.9,7131.7,0.0,0.0,0.0,212361366,Air,,10185.1,T,9.96,3.02,1.8,,,70.0,,,,Central split system,2.79,Condensing furnace,Natural Gas,,,Yes,TOSOT,TU36-24WADU,TCAT36F/NAA,36000,23200,26000,1.80,8.5,15.2,No,10.551,7.62,0.902,0.651
5389711,MB,R3X,E,2024-06-01,2024,Single Detached,201.0,Two storeys,2023,B1,1,1.53,9971.8,9.972,21928.7,6091.4,84171.0,23381.0,6091.4,4347.0,0.0,0.0,0.0,211644151,Air,,10185.1,T,9.96,3.02,1.8,,,70.0,,,,Central single package system,2.76,Condensing furnace,Natural Gas,,,Yes,GREE,GUD36W/A-D(U),GCAT36*/NAA,36000,23200,26000,1.80,8.5,15.2,Yes,10.551,7.62,1.058,0.764
5390476,MB,R3R,E,2024-06-01,2024,Single Detached,248.2,One storey,2003,B1,1,1.4,10571.5,10.572,24263.4,6739.9,82822.6,23006.5,6739.8,3120.0,0.0,0.0,0.0,213613863,Air,,17148.8,T,9.09,3.27,1.85,,,85.0,,,,Central split system,2.88,Condensing furnace,Natural Gas,,,Yes,,,,,,,,,,,,,,
397605,MB,R2H,E,2024-07-01,2024,Single Detached,160.2,Two storeys,1949,B1,1,5.3935,14999.9,15.0,26175.0,7270.9,96415.8,26782.4,7270.9,6772.3,0.0,0.0,0.0,212361759,Air,,13065.1,T,7.33,3.35,1.95,,,80.0,,,,Central split system,3.2,Condensing furnace,Natural Gas,,,Yes,MOOVAIR,DMA24HOS20230E7,CUB24HAC20BWT7A,25000,21000,20000,1.95,9.5,16.5,Yes,7.327,5.861,0.488,0.391
5392037,MB,R3X,E,2024-11-01,2024,Single Detached,303.3,Two storeys,2003,B1,1,1.6873,15231.7,15.232,27362.9,7600.9,104710.1,29086.4,7600.9,8237.0,0.0,0.0,0.0,212596402,Air,,10185.1,T,9.96,3.02,1.8,,,70.0,,,,Central split system,2.79,Condensing furnace,Natural Gas,,,Yes,GE Appliances,AUH2436ZGDA*,NCCC36BT4**,36000,23200,26000,1.80,8.5,15.2,No,10.551,7.62,0.693,0.5
5392400,MB,R1N,E,2024-08-01,2024,Single Detached,275.1,One storey,1991,B1,1,2.66,11211.6,11.212,34219.7,9505.5,133325.0,37035.0,9505.6,14074.8,0.0,0.0,0.0,212633393,Air,,10198.3,T,9.5,3.0,1.8,,,74.0,,,,Central split system,2.79,Boiler  with continuous pilot,Natural Gas,,,Yes,,,,,,,,,,,,,,
5392568,MB,R3P,E,2024-08-01,2024,Single Detached,463.3,One storey,2000,B1,1,1.82,16086.6,16.087,25197.6,6999.4,113529.2,31536.1,6999.5,10604.5,0.0,0.0,0.0,213077357,Air,,11353.6,T,11.28,3.53,2.0,,,91.0,,,,Central split system,3.11,Condensing furnace,Natural Gas,Fireplace with pilot (sealed),Natural Gas,Yes,CARRIER,38MURAQ36AB3*,CAP**3717AL*,38500,29400,35200,2.00,8.5,15.5,No,11.283,10.316,0.701,0.641
5392689,MB,R0A,E,2024-06-01,2024,Single Detached,452.3,One storey,1998,B1,1,1.0567,14743.8,14.744,29750.1,8264.0,109877.1,30521.7,8264.0,8897.0,0.0,0.0,0.0,212633393,Air,,10185.1,T,9.5,3.02,1.8,,,74.0,,,,Central split system,2.79,Condensing furnace,Natural Gas,Fireplace with spark ignit. (sealed),Natural Gas,Yes,,,,,,,,,,,,,,
5393454,MB,R1C,E,2024-07-01,2024,Single Detached,327.8,One storey,1987,B1;B2,1,1.48,13523.5,13.524,21400.3,5944.6,106924.5,29701.5,5944.5,11073.4,0.0,0.0,0.0,212406525,Air,,7653.6,T,6.56,3.68,2.1,,,107.0,,,,Central split system,3.41,Condensing furnace,Natural Gas,Wood fireplace insert,Mixed Wood,Yes,TRANE,4TXD2036A10NU**,"H,TG34930+TD",24000,15800,21200,1.80,8.5,15.2,No,7.034,6.213,0.52,0.459
5393456,MB,R2K,E,2024-06-01,2024,Single Detached,142.4,One storey,1972,B1,1,3.09,9964.5,9.964,20975.7,5826.6,86688.9,24080.4,5826.7,2980.3,0.0,0.0,0.0,213153602,Air,,15057.4,T,9.5,3.31,1.8,,,72.0,,,,Central split system,3.41,Condensing furnace,Natural Gas,Wood fireplace,Mixed Wood,Yes,NAPOLEON,WSEHV2436RA1-N,HG34936,36000,21000,23600,1.80,8.5,15.2,No,10.551,6.916,1.059,0.694
1097711,MB,R2V,E,2024-09-01,2024,Single Detached,234.7,Two storeys,1941,B1;C1;F1,1,3.73,14414.2,14.414,27705.4,7696.0,94780.6,26328.2,7695.9,5437.0,0.0,0.0,0.0,213153602,Air,,15056.5,T,9.5,3.31,1.8,,,72.0,,,,Central split system,3.41,Condensing furnace,Natural Gas,,,Yes,NAPOLEON,WSEHV2436RA1-N,HG34936,36000,21000,23600,1.80,8.5,15.2,No,10.551,6.916,0.732,0.48
5393523,MB,R0E,E,2024-10-01,2024,Single Detached,91.7,One storey,1962,B1,1,4.7963,10135.4,10.135,29997.8,8332.8,84040.6,23344.8,8332.8,0.0,0.0,0.0,2586.4,213732650,Air,,7064.8,T,5.86,3.3,1.93,,,100.0,,,,Mini-split ductless,3.07,Baseboard/Hydronic/Plenum(duct) htrs.,Electricity,Advanced airtight wood stove,Mixed Wood,Yes,SENVILLE,SENA-18HF-MOB,,20000,15000,19700,1.90,9.8,22,Yes,5.861,5.774,0.578,0.57
5394196,MB,R0C,E,2024-07-01,2024,Single Detached,178.9,One storey,2000,C1;F1,1,2.96,11449.6,11.45,40452.5,11236.9,90845.9,25235.2,11236.8,0.0,0.0,0.0,0.0,208447884,Air,,17432.7,T,9.67,3.26,1.85,,,80.0,,,,Central split system,2.88,Baseboard/Hydronic/Plenum(duct) htrs.,Electricity,Advanced airtight wood stove,Mixed Wood,Yes,CARRIER,38MURAQ30AB3,40MUAAQ30XA3,33000,21000,24000,1.80,8.9,16.2,Yes,9.671,7.034,0.845,0.614
5394292,MB,R3M,E,2024-08-01,2024,Single Detached,340.9,Two and a half,1924,B1,1,7.87,38589.8,38.59,5121.6,1422.7,312236.2,86733.0,1422.8,71879.5,0.0,0.0,0.0,201754429,Air,,5040.8,F,0.0,4.352,0.0,,,0.0,,,,Mini-split ductless,3.636,Induced draft fan boiler,Natural Gas,,,Yes,Mitsubishi Electric,MUZ-GE18NAH,MSZ-GE18NA,21600,13400,,,9.5,19.2,No,6.33,,0.164,
5394865,MB,R4A,E,2024-06-01,2024,Single Detached,246.8,One storey,2023,B1,1,1.2419,6442.3,6.442,24082.2,6689.6,68900.6,19139.2,6689.5,0.0,0.0,0.0,0.0,211644151,Air,,10008.4,T,9.96,3.02,1.81,,,75.0,,,,Central split system,2.79,Electric furnace,Electricity,,,Yes,GREE,GUD36W/A-D(U),GCAT36*/NAA,36000,23200,26000,1.80,8.5,15.2,Yes,10.551,7.62,1.638,1.183
5395213,MB,R5A,E,2024-09-01,2024,Single Detached,289.5,Two storeys,1992,B1,1,2.1077,13350.4,13.35,49589.0,13774.8,99182.3,27550.9,13774.8,0.0,0.0,0.0,0.0,212633393,Air,,10185.1,T,9.5,3.02,1.8,,,74.0,,,,Central split system,2.79,Electric furnace,Electricity,Wood fireplace,Mixed Wood,Yes,,,,,,,,,,,,,,
5395579,MB,R0E,E,2024-06-01,2024,Single Detached,465.1,One storey,2010,B1,1,0.8355,11781.8,11.782,48564.9,13490.4,102924.8,28590.5,13490.4,0.0,0.0,1794.5,0.0,212633392,Air,,7064.8,T,6.56,3.23,1.81,,,102.0,,,,Central split system,3.52,Electric furnace,Electricity,Other (describe),Electricity,Yes,GREE,FLEXX36HP230V1AO,CDP36K15P+TD,,14000,21200,1.80,8.5,15.2,No,,6.213,,0.527
5396089,MB,R0A,E,2024-07-01,2024,Single Detached,214.4,One storey,1993,B1,1,2.81,10002.6,10.003,20455.2,5682.0,88655.0,24626.6,5682.0,3436.7,0.0,0.0,0.0,212633393,Air,,10185.1,T,9.5,3.02,1.8,,,74.0,,,,Central split system,2.79,Condensing furnace,Natural Gas,Advanced airtight wood stove,Mixed Wood,Yes,,,,,,,,,,,,,,
5396154,MB,R3R,E,2024-07-01,2024,Single Detached,182.7,Two storeys,1978,B1;B2;B3;C1;F1,1,3.13,11766.8,11.767,24289.2,6747.1,97031.9,26953.5,6747.0,5496.2,0.0,0.0,0.0,213153602,Air,,15057.4,T,9.5,3.31,1.8,,,72.0,,,,Central split system,3.41,Condensing furnace,Natural Gas,Fireplace with pilot (sealed),Natural Gas,Yes,NAPOLEON,WSEHV2436RA1-N,HG34936,36000,21000,23600,1.80,8.5,15.2,No,10.551,6.916,0.897,0.588
5413928,MB,R0E,E,2024-06-01,2024,Single Detached,351.3,One storey,2011,B1,1,1.0792,17342.1,17.342,46555.7,12932.2,114683.9,31856.9,12932.3,0.0,0.0,0.0,4999.2,209836198,Air,,23630.3,T,7.33,4.07,2.31,,,72.0,,,,Mini-split ductless,3.98,Baseboard/Hydronic/Plenum(duct) htrs.,Electricity,Advanced airtight wood stove,Mixed Wood,Yes,Mitsubishi Electric,MXZ-3C24NA3***,,25000,14600,10400,2.36,9.5,20,No,7.327,3.048,0.422,0.176
5397692,MB,R1N,E,2024-08-01,2024,Single Detached,207.0,One storey,1947,B1;C1;C2;F1,1,5.02,8121.0,8.121,33564.2,9323.5,77981.2,21661.6,9323.4,0.0,0.0,0.0,0.0,201977889,Air,,8390.0,F,0.0,3.863,0.0,,,0.0,,,,Central split system,3.038,Electric furnace,Electricity,Other (describe),Mixed Wood,Yes,PAYNE HEATING AND COOLING,PH14NB030*0**A*,PF4MNP030L*,28600,17100,,,8.2,14,No,8.382,,1.032,
5399024,MB,R6W,E,2024-06-01,2024,Single Detached,237.5,One storey,1998,B1,1,1.9653,11054.3,11.054,17971.2,4992.0,109926.3,30535.3,4992.0,7469.2,0.0,0.0,0.0,212633393,Air,,10197.7,T,9.5,3.01,1.8,,,74.0,,,,Central split system,2.79,Induced draft fan furnace,Natural Gas,Furnace/Boiler w/ spark ignition,Natural Gas,Yes,,,,,,,,,,,,,,
5399584,MB,R2P,E,2024-09-01,2024,Single Detached,275.3,Two storeys,1998,B1,1,1.5173,12825.3,12.825,25513.8,7087.2,98612.8,27392.7,7087.3,6071.2,0.0,0.0,0.0,212396507,Air,,20033.8,T,11.43,3.92,2.0,,,82.0,,,,Central split system,2.34,Condensing furnace,Natural Gas,Fireplace with pilot (unsealed),Natural Gas,Yes,Panasonic,CU-HE36YAHK6,CS-HE36YAC6,39000,33000,32000,2.00,10,15.2,Yes,11.43,9.378,0.891,0.731
5399870,MB,R0E,E,2024-07-01,2024,Single Detached,400.3,One and a half,1988,B1;C1;F1,1,2.0543,24758.2,24.758,77684.8,21579.3,138267.4,38407.9,21579.3,0.0,0.0,0.0,0.0,210025752,Air,,20311.3,T,17.29,3.32,1.91,,,92.0,,,,Central split system,2.54,Electric furnace,Electricity,Wood fireplace,Mixed Wood,Yes,CARRIER,38MURAQ60AB3,40MUAAQ60XA3,59000,42000,48500,1.91,9.4,15.3,Yes,17.291,14.214,0.698,0.574
5401141,MB,R5K,E,2024-10-01,2024,Single Detached,128.0,One storey,1933,B1;C1;F1,1,10.2794,15154.2,15.154,61650.7,17125.3,107654.4,29904.2,17125.4,0.0,0.0,0.0,0.0,212386846,Air,,13065.1,T,7.33,3.35,1.95,,,80.0,,,,Central split system,3.2,Electric furnace,Electricity,,,Yes,ATK,ACI-AUO24SHP-M,ACI-BCO24CP17,25000,21000,20000,1.95,9.5,16.5,No,7.327,5.861,0.483,0.387
5401358,MB,R7B,E,2024-08-01,2024,Single Detached,206.0,One storey,1970,B1,1,3.66,10458.4,10.458,24706.9,6863.1,83255.2,23126.6,6863.1,3800.9,0.0,0.0,0.0,212361759,Air,,13171.8,T,7.33,3.35,1.95,,,80.0,,,,Central split system,3.2,Condensing furnace,Natural Gas,,,Yes,MOOVAIR,DMA24HOS20230E7,CUB24HAC20BWT7A,25000,21000,20000,1.95,9.5,16.5,Yes,7.327,5.861,0.701,0.56
5403227,MB,R0C,E,2024-08-01,2024,Single Detached,339.1,One storey,2004,B1,1,1.18,12742.8,12.743,53462.9,14850.9,101278.3,28133.1,14851.0,0.0,0.0,0.0,0.0,212396763,Air,,19769.4,T,9.5,3.01,1.83,,,92.0,,,,Central split system,2.85,Electric furnace,Electricity,Baseboard/Hydronic/Plenum(duct) htrs,Electricity,Yes,TRANE,4TXD2036A10NU**,"H,TG34936+TD",36000,22000,24000,1.80,8.5,15.2,No,10.551,7.034,0.828,0.552
5438143,MB,R0A,E,2024-08-01,2024,Single Detached,316.5,Two storeys,1989,B1,1,2.0042,14984.0,14.984,49069.7,13630.6,96249.2,26736.1,13630.7,0.0,0.0,0.0,0.0,8858355,Air,,13774.2,F,0.0,4.653,0.0,,,0.0,,,ESTAR,Mini-split ductless,4.073,Electric furnace,Electricity,Advanced airtight wood stove,Mixed Wood,Yes,SENVILLE,SENA/30HF/MOZ,,28000,17200,,,9.2,23,No,8.206,,0.548,
5403912,MB,R2M,E,2024-09-01,2024,Single Detached,181.5,One storey,1960,B1,1,2.529,10184.7,10.185,38493.4,10692.7,83407.9,23169.0,10692.6,0.0,0.0,0.0,0.0,212633393,Air,,10183.0,T,9.5,2.98,1.8,,,74.0,,,,Central split system,2.79,Electric furnace,Electricity,,,Yes,,,,,,,,,,,,,,
5403919,MB,R6P,E,2024-07-01,2024,Single Detached,221.4,Two storeys,1899,B1,1,4.0253,13456.5,13.456,34676.5,9632.4,90351.9,25098.0,9632.3,0.0,0.0,0.0,2366.7,206788575,Air,,17125.8,T,10.43,3.31,1.96,,,73.0,,,,Central split system,4.04,Electric furnace,Electricity,Adv. airtight wood stove + cat. conv.,Mixed Wood,Yes,CARRIER,25VNA436A*031*,"FE4AN(B,F)003L+UI",35600,32200,26600,1.96,9,19.5,No,10.433,7.796,0.775,0.579
5406241,MB,R0C,E,2024-07-01,2024,Single Detached,485.1,Two storeys,2003,B1,1,0.7544,15582.5,15.582,51549.8,14319.5,101011.3,28058.9,14319.6,0.0,0.0,0.0,0.0,211624974,Air,,11153.7,T,10.26,3.01,1.8,,,108.0,,,,Central split system,2.85,Electric furnace,Electricity,Same as Type 1 heating system,Electricity,Yes,NAPOLEON,WSEHV2436RA1-N,NPFX24A36A,35000,29000,28000,1.80,9,16,Yes,10.257,8.206,0.658,0.527
5406259,MB,R6W,E,2024-06-01,2024,Single Detached,204.4,Two storeys,2011,B1,1,1.1539,10136.3,10.136,20417.6,5671.6,89997.1,24999.4,5671.7,5582.0,0.0,0.0,0.0,212633393,Air,,10197.7,T,9.5,3.01,1.8,,,74.0,,,,Central split system,2.79,Condensing furnace,Natural Gas,Fireplace with pilot (sealed),Natural Gas,Yes,,,,,,,,,,,,,,
5406304,MB,R6P,E,2024-11-01,2024,Single Detached,224.9,One storey,1989,B1;B2,1,1.19,11058.2,11.058,43452.7,12070.3,88518.7,24588.7,12070.4,0.0,0.0,0.0,0.0,212633393,Air,,10197.7,T,9.5,3.01,1.8,,,74.0,,,,Central split system,2.79,Electric furnace,Electricity,,,Yes,,,,,,,,,,,,,,
5407186,MB,R2M,E,2024-07-01,2024,Single Detached,261.2,Two storeys,1981,B1,1,3.6751,15867.4,15.867,27952.3,7764.6,109583.8,30440.2,7764.5,10070.6,0.0,0.0,0.0,212633393,Air,,10185.1,T,9.5,3.02,1.8,,,74.0,,,ESTAR,Central split system,2.79,Condensing furnace,Natural Gas,Wood fireplace,Mixed Wood,Yes,,,,,,,,,,,,,,
5407527,MB,R3M,E,2024-08-01,2024,Single Detached,270.1,Two storeys,1926,B1,1,4.7721,26936.8,26.937,48090.5,13358.6,168918.2,46922.1,13358.4,19585.2,0.0,0.0,0.0,208447887,Air,Central split system,15575.3,T,7.03,3.29,1.8,0.0,0.0,100.0,0.0,0.0,ESTAR,Central split system,3.43,Condensing boiler,Natural Gas,Fireplace with spark ignit. (sealed),Natural Gas,Yes,CARRIER,38MURAQ24AB3,40MUAAQ24XA3,24000,19200,22600,1.91,10,17.4,Yes,7.034,6.623,0.261,0.246
5408090,MB,R0G,E,2024-09-01,2024,Single Detached,215.8,One storey,1985,B1,1,1.8344,10100.5,10.1,22582.4,6272.9,80517.0,22366.0,6272.8,3358.4,0.0,0.0,0.0,212633393,Air,,10185.1,T,9.5,3.02,1.8,,,74.0,,,,Central split system,2.79,Condensing furnace,Natural Gas,,,Yes,,,,,,,,,,,,,,
5408938,MB,R6W,E,2024-10-01,2024,Single Detached,168.5,One storey,2008,B1,1,2.398,9230.1,9.23,31826.8,8840.8,78775.8,21882.3,8840.9,0.0,0.0,0.0,0.0,207497902,Air,,19690.0,T,10.26,2.99,1.83,,,83.0,,,,Central split system,2.85,Electric furnace,Electricity,Baseboard/Hydronic/Plenum(duct) htrs,Electricity,Yes,ACD,FXD-ACD36,AH236,35000,29000,28000,1.80,9,16,Yes,10.257,8.206,1.111,0.889
5409367,MB,R0E,E,2024-06-01,2024,Single Detached,120.7,One storey,1954,C1;F1,1,7.3864,14039.1,14.039,40464.6,11240.3,99806.3,27724.2,11240.4,0.0,0.0,0.0,2742.5,213732653,Air,,16365.1,T,8.21,3.17,1.81,,,90.0,,,,Mini-split ductless,2.84,Baseboard/Hydronic/Plenum(duct) htrs.,Electricity,Advanced airtight wood stove,Mixed Wood,Yes,SENVILLE,SENA-28HF-MOB,,28000,26600,25000,1.80,10.6,23,Yes,8.206,7.327,0.585,0.522
5409400,MB,R6M,E,2024-11-01,2024,Single Detached,130.7,One storey,1955,B1;B2,1,4.3675,13840.2,13.84,25662.0,7128.4,106615.7,29615.7,7128.4,9787.0,0.0,0.0,0.0,212633393,Air,,7000.0,T,9.5,3.01,1.8,,,74.0,,,,Central split system,2.79,Condensing furnace,Natural Gas,,,Yes,,,,,,,,,,,,,,
5409553,MB,R2N,E,2024-10-01,2024,Single Detached,259.9,One storey,1993,B1,1,2.9753,11932.8,11.933,17508.0,4863.4,86935.2,24148.9,4863.4,6527.0,0.0,0.0,0.0,211239688,Air,,7924.3,T,7.85,3.7,2.02,,,91.0,,,,Central split system,3.21,Condensing furnace,Natural Gas,,,Yes,CARRIER,38MURAQ24AB3*,CAP**2417AL*,26800,19400,24400,2.02,8.5,16,No,7.854,7.151,0.658,0.599
5409558,MB,R2P,E,2024-08-01,2024,Single Detached,214.3,Two storeys,1986,B1;B2,1,3.6183,12445.7,12.446,24352.2,6764.6,87219.2,24227.7,6764.5,4841.7,0.0,0.0,0.0,212361759,Air,,13065.1,T,7.33,3.35,1.95,,,80.0,,,,Central split system,3.2,Condensing furnace,Natural Gas,Wood fireplace,Mixed Wood,Yes,MOOVAIR,DMA24HOS20230E7,CUB24HAC20BWT7A,25000,21000,20000,1.95,9.5,16.5,Yes,7.327,5.861,0.589,0.471
5411454,MB,R3G,E,2024-08-01,2024,Single Detached,132.8,Two storeys,1923,B1,1,7.78,18457.9,18.458,74182.1,20606.3,120781.5,33550.7,20606.3,0.0,0.0,0.0,0.0,207699104,Air,,22956.3,T,10.84,3.14,1.81,,,97.0,,,,Mini-split ductless,2.85,Electric boiler,Electricity,Baseboard/Hydronic/Plenum(duct) htrs,Electricity,Yes,LENNOX,MLB036S4M-1P,,37000,33000,36000,1.90,10.3,22.2,Yes,10.844,10.551,0.587,0.572
5411915,MB,R0H,N,2024-05-01,2024,Single Detached,825.5,One storey,2024,B1;B2,1,0.58,17214.9,17.215,70044.8,19457.0,116475.8,32354.6,19457.1,0.0,0.0,0.0,0.0,210998548,Air,,20627.5,F,0.0,3.397,0.0,,,0.0,,,,Central split system,2.954,Electric furnace,Electricity,Same as Type 1 heating system,Electricity,Yes,BRYANT HEATING AND COOLING SYSTEMS,215SAN048**AA*,FJ4DN*C48L*,46500,29000,22000,2.16,7.5,14.3,No,13.628,6.448,0.792,0.375
5411915,MB,R0H,P,2024-05-01,2024,Single Detached,825.5,One storey,2024,B1;B2,1,1.5,20702.1,20.702,88472.7,24575.9,134625.0,37396.1,24576.0,0.0,0.0,0.0,0.0,210998548,Air,,20627.5,F,0.0,3.397,0.0,,,0.0,,,,Central split system,2.954,Electric furnace,Electricity,Advanced airtight wood stove,Mixed Wood,Yes,BRYANT HEATING AND COOLING SYSTEMS,215SAN048**AA*,FJ4DN*C48L*,46500,29000,22000,2.16,7.5,14.3,No,13.628,6.448,0.658,0.311
5412615,MB,R0E,D,2024-06-01,2024,Single Detached,380.6,One storey,2022,B1;B2,1,0.98,17748.7,17.749,38126.4,10590.8,85364.2,23712.5,10590.6,0.0,0.0,0.0,0.0,9057064,Air,,12207.0,T,8.21,4.13,1.81,,,65.0,,,,Mini-split ductless,2.64,Electric boiler,Electricity,Advanced airtight wood stove,Mixed Wood,Yes,TRANE,4TXM2221A13N0**,,28000,16800,,,10.2,20.5,No,8.206,,0.462,
5453115,MB,R0E,E,2024-10-01,2024,Single Detached,128.2,One storey,1965,C1;F1,1,8.9542,11925.0,11.925,36847.0,10235.4,86963.9,24156.8,10235.4,0.0,0.0,0.0,0.0,213732656,Air,,23760.9,T,10.55,3.42,2.0,,,102.0,,,,Mini-split ductless,2.93,Baseboard/Hydronic/Plenum(duct) htrs.,Electricity,,,Yes,SENVILLE,SENA-36HF-MOB,,36000,27400,37000,2.00,10.9,22.4,Yes,10.551,10.844,0.885,0.909
5413622,MB,R6P,E,2024-08-01,2024,Single Detached,227.9,One storey,2008,B1,1,1.9511,8598.1,8.598,31266.1,8685.1,78113.7,21698.4,8685.1,0.0,0.0,0.0,0.0,212633393,Air,,10183.0,T,9.5,2.98,1.8,,,74.0,,,,Central split system,2.79,Electric furnace,Electricity,,,Yes,,,,,,,,,,,,,,
5414159,MB,R6W,N,2024-06-01,2024,Single Detached,303.1,One storey,2024,B1,1,0.58,6682.6,6.683,25014.3,6948.5,67503.4,18751.1,6948.4,0.0,0.0,0.0,0.0,211257309,Air,,29057.9,T,14.65,3.14,1.9,,,92.0,,,ESTAR,Central split system,2.4,Electric furnace,Electricity,Fireplace with spark ignit. (sealed),Natural Gas,Yes,MITS AIR,MOE30U-48HFN1-M-[X1],MVC-48HWFN1-M,50000,36000,46000,1.90,9.4,15.6,No,14.654,13.481,2.193,2.017
5414159,MB,R6W,P,2024-06-01,2024,Single Detached,303.1,One storey,2024,B1,1,1.5,7722.3,7.722,28683.4,7967.7,71051.9,19736.8,7967.6,0.0,0.0,0.0,0.0,211257309,Air,,29057.9,T,14.65,3.14,1.9,,,92.0,,,ESTAR,Central split system,2.4,Electric furnace,Electricity,Fireplace with spark ignit. (sealed),Natural Gas,Yes,MITS AIR,MOE30U-48HFN1-M-[X1],MVC-48HWFN1-M,50000,36000,46000,1.90,9.4,15.6,No,14.654,13.481,1.898,1.746
5414187,MB,R2H,E,2024-09-01,2024,Single Detached,216.9,Two storeys,1909,B1,1,5.2852,16530.0,16.53,17966.2,4990.7,115584.6,32107.1,4990.6,13961.8,0.0,0.0,0.0,213076371,Air,,7924.3,T,7.85,3.92,2.26,,,99.0,,,ESTAR,Central split system,3.2,Condensing furnace,Natural Gas,Fireplace with pilot (sealed),Natural Gas,Yes,BRYANT HEATING AND COOLING SYSTEMS,38MURAQ24AB3*,CAP**2417AL*,26800,19400,26600,2.26,8.5,16.5,No,7.854,7.796,0.475,0.472
5416194,MB,R3G,D,2024-06-01,2024,Single Detached,249.7,Two storeys,1925,B1,1,6.15,25274.3,25.274,30423.4,8451.0,154917.5,43033.0,8450.9,21577.7,0.0,0.0,0.0,210722661,Air,,12529.9,T,7.03,3.8,2.17,,,78.0,,,,Mini-split ductless,2.92,"Boiler  with spark ignit.,vent dmpr",Natural Gas,Wood fireplace,Mixed Wood,Yes,DAIKIN,3MXS24WMVJU*,,24000,15500,18900,1.80,9.7,18,No,7.034,5.539,0.278,0.219
5417296,MB,R7A,E,2024-10-01,2024,Single Detached,126.9,One storey,1960,B1,1,5.17,8030.3,8.03,13686.2,3801.8,69014.5,19170.8,3801.7,3213.6,0.0,0.0,0.0,211240616,Air,,7000.0,T,7.85,3.67,2.02,,,91.0,,,,Central split system,3.21,Condensing furnace,Natural Gas,,,Yes,BRYANT HEATING AND COOLING SYSTEMS,38MURAQ24AB3*,CAP**2417AL*,26800,19400,24400,2.02,8.5,16,No,7.854,7.151,0.978,0.89
5418243,MB,R0G,E,2024-11-01,2024,Single Detached,176.5,One storey,1975,B1,1,2.0396,7141.7,7.142,19486.5,5413.0,72137.7,20038.4,5413.1,2004.2,0.0,0.0,0.0,212404693,Air,,13596.7,T,7.33,3.38,1.82,,,86.0,,,,Central split system,2.93,Condensing furnace,Natural Gas,,,Yes,NAPOLEON,WSEHV2436RA1-N,"H,DE33(6,9)36",24000,15000,17500,1.80,8.5,17,No,7.034,5.129,0.985,0.718
5420824,MB,R0C,E,2024-10-01,2024,Single Detached,276.9,One storey,2002,B1,1,2.1958,14202.7,14.203,30653.8,8515.0,109164.1,30323.6,8515.1,9057.9,0.0,0.0,0.0,212633393,Air,,10185.1,T,9.5,3.02,1.8,,,74.0,,,,Central split system,2.79,Condensing furnace,Natural Gas,Fireplace with spark ignit. (sealed),Natural Gas,Yes,,,,,,,,,,,,,,
5421354,MB,R6M,N,2024-06-01,2024,"Row house, end unit",264.0,Three storeys,2024,B1,1,1.06,7468.0,7.468,25287.8,7024.4,67955.1,18876.6,7024.5,0.0,0.0,0.0,0.0,210998853,Air,,9905.8,F,0.0,3.713,0.0,,,0.0,,,,Central split system,3.2542,Electric furnace,Electricity,,,Yes,KEEPRITE,N4H5S36*K*AAA*,FJMA4*42L*C*,33800,20400,15700,1.98,7.8,15.2,No,9.906,4.601,1.326,0.616
5421354,MB,R6M,P,2024-06-01,2024,"Row house, end unit",264.0,Three storeys,2024,B1,1,1.5,8145.3,8.145,28917.6,8032.7,71512.5,19864.7,8032.8,0.0,0.0,0.0,0.0,210998853,Air,,9905.8,F,0.0,3.713,0.0,,,0.0,,,,Central split system,3.2542,Electric furnace,Electricity,,,Yes,KEEPRITE,N4H5S36*K*AAA*,FJMA4*42L*C*,33800,20400,15700,1.98,7.8,15.2,No,9.906,4.601,1.216,0.565
5421423,MB,R6M,N,2024-06-01,2024,"Row house, middle unit",206.9,Two storeys,2023,B1,1,1.35,4201.4,4.201,8339.9,2316.7,51428.2,14285.7,2316.7,0.0,0.0,0.0,0.0,210998853,Air,,9905.8,F,0.0,3.713,0.0,,,0.0,,,,Central split system,3.2542,Electric furnace,Electricity,,,Yes,KEEPRITE,N4H5S36*K*AAA*,FJMA4*42L*C*,33800,20400,15700,1.98,7.8,15.2,No,9.906,4.601,2.358,1.095
5421423,MB,R6M,P,2024-06-01,2024,"Row house, middle unit",206.9,Two storeys,2023,B1,1,1.5,4241.5,4.242,8420.3,2339.0,51516.4,14310.2,2338.9,0.0,0.0,0.0,0.0,210998853,Air,,9905.8,F,0.0,3.713,0.0,,,0.0,,,,Central split system,3.2542,Electric furnace,Electricity,,,Yes,KEEPRITE,N4H5S36*K*AAA*,FJMA4*42L*C*,33800,20400,15700,1.98,7.8,15.2,No,9.906,4.601,2.335,1.085
5421436,MB,R6M,N,2024-06-01,2024,"Row house, middle unit",209.2,Two storeys,2023,B1,1,1.86,4476.5,4.476,10241.5,2844.9,52665.5,14629.4,2845.0,0.0,0.0,0.0,0.0,210998853,Air,,9905.8,F,0.0,3.713,0.0,,,0.0,,,,Central split system,3.2542,Electric furnace,Electricity,,,Yes,KEEPRITE,N4H5S36*K*AAA*,FJMA4*42L*C*,33800,20400,15700,1.98,7.8,15.2,No,9.906,4.601,2.213,1.028
5421436,MB,R6M,P,2024-06-01,2024,"Row house, middle unit",209.2,Two storeys,2023,B1,1,1.5,4273.8,4.274,9488.8,2635.8,51933.7,14426.1,2635.9,0.0,0.0,0.0,0.0,210998853,Air,,9905.8,F,0.0,3.713,0.0,,,0.0,,,,Central split system,3.2542,Electric furnace,Electricity,,,Yes,KEEPRITE,N4H5S36*K*AAA*,FJMA4*42L*C*,33800,20400,15700,1.98,7.8,15.2,No,9.906,4.601,2.318,1.077
5421548,MB,R5K,E,2024-08-01,2024,Single Detached,300.3,Two storeys,2009,B1,1,1.2458,14221.2,14.221,56000.7,15555.9,101356.6,28154.8,15556.0,0.0,0.0,0.0,0.0,212633393,Air,,10185.1,T,9.5,3.02,1.8,,,74.0,,,,Central split system,2.79,Electric furnace,Electricity,,,Yes,,,,,,,,,,,,,,
5421579,MB,R6M,N,2024-06-01,2024,"Row house, middle unit",209.3,Two storeys,2024,B1,1,1.59,4302.9,4.303,9555.7,2654.4,51995.1,14443.2,2654.5,0.0,0.0,0.0,0.0,210998853,Air,,9905.8,F,0.0,3.713,0.0,,,0.0,,,,Central split system,3.2542,Electric furnace,Electricity,,,Yes,KEEPRITE,N4H5S36*K*AAA*,FJMA4*42L*C*,33800,20400,15700,1.98,7.8,15.2,No,9.906,4.601,2.302,1.069
5421579,MB,R6M,P,2024-06-01,2024,"Row house, middle unit",209.3,Two storeys,2024,B1,1,2.5,5320.4,5.32,13783.2,3828.7,56002.0,15556.2,3828.6,0.0,0.0,0.0,0.0,210998853,Air,,9905.8,F,0.0,3.713,0.0,,,0.0,,,,Central split system,3.2542,Electric furnace,Electricity,,,Yes,KEEPRITE,N4H5S36*K*AAA*,FJMA4*42L*C*,33800,20400,15700,1.98,7.8,15.2,No,9.906,4.601,1.862,0.865
5421595,MB,R6M,N,2024-06-01,2024,"Row house, middle unit",206.9,Two storeys,2024,B1,1,1.42,4110.4,4.11,7899.3,2194.3,50643.8,14067.8,2194.2,0.0,0.0,0.0,0.0,210998853,Air,,9905.8,F,0.0,3.713,0.0,,,0.0,,,,Central split system,3.2542,Electric furnace,Electricity,,,Yes,KEEPRITE,N4H5S36*K*AAA*,FJMA4*42L*C*,33800,20400,15700,1.98,7.8,15.2,No,9.906,4.601,2.41,1.119
5421595,MB,R6M,P,2024-06-01,2024,"Row house, middle unit",206.9,Two storeys,2024,B1,1,1.5,4241.5,4.242,8420.6,2339.1,51117.7,14199.5,2339.2,0.0,0.0,0.0,0.0,210998853,Air,,9905.8,F,0.0,3.713,0.0,,,0.0,,,,Central split system,3.2542,Electric furnace,Electricity,,,Yes,KEEPRITE,N4H5S36*K*AAA*,FJMA4*42L*C*,33800,20400,15700,1.98,7.8,15.2,No,9.906,4.601,2.335,1.085
5421691,MB,R6M,N,2024-06-01,2024,"Row house, end unit",264.0,Three storeys,2024,B1,1,1.21,8010.3,8.01,28597.5,7943.8,71137.3,19760.5,7944.0,0.0,0.0,0.0,0.0,210998853,Air,,9905.8,F,0.0,3.713,0.0,,,0.0,,,,Central split system,3.2542,Electric furnace,Electricity,,,Yes,KEEPRITE,N4H5S36*K*AAA*,FJMA4*42L*C*,33800,20400,15700,1.98,7.8,15.2,No,9.906,4.601,1.237,0.574
5421691,MB,R6M,P,2024-06-01,2024,"Row house, end unit",264.0,Three storeys,2024,B1,1,1.5,8191.4,8.191,29120.7,8089.1,71678.1,19910.7,8089.2,0.0,0.0,0.0,0.0,210998853,Air,,9905.8,F,0.0,3.713,0.0,,,0.0,,,,Central split system,3.2542,Electric furnace,Electricity,,,Yes,KEEPRITE,N4H5S36*K*AAA*,FJMA4*42L*C*,33800,20400,15700,1.98,7.8,15.2,No,9.906,4.601,1.209,0.562
5422342,MB,R0E,D,2024-06-01,2024,Single Detached,276.9,One storey,2020,C1;F1,1,2.0011,21531.9,21.532,48389.4,13441.6,108130.0,30036.4,13441.5,0.0,0.0,0.0,0.0,201754323,Air,,41173.9,T,11.14,3.7,1.83,,,100.0,,,,Central split system,3.47,Electric furnace,Electricity,Wood fireplace,Mixed Wood,Yes,Mitsubishi Electric,PUZ-HA36NHA5,PVA-A36AA*,38000,29000,,,11,17.8,No,11.137,,0.517,
5422342,MB,R0E,E,2024-10-01,2024,Single Detached,276.9,One storey,2020,C1;F1,1,2.1837,22040.4,22.04,49596.7,13777.0,109322.1,30367.5,13777.1,0.0,0.0,0.0,0.0,201754323,Air,,41173.9,T,11.14,3.7,1.83,,,100.0,,,,Central split system,3.47,Electric furnace,Electricity,Wood fireplace,Mixed Wood,Yes,Mitsubishi Electric,PUZ-HA36NHA5,PVA-A36AA*,38000,29000,,,11,17.8,No,11.137,,0.505,
5422983,MB,R3L,E,2024-09-01,2024,Single Detached,203.6,One and a half,1951,B1;B2;B3,1,2.48,12373.6,12.374,46076.9,12799.2,95193.8,26442.9,12799.3,0.0,0.0,0.0,0.0,211644151,Air,,10185.1,T,9.96,3.02,1.8,,,70.0,,,,Central split system,2.74,Electric furnace,Electricity,,,Yes,GREE,GUD36W/A-D(U),GCAT36*/NAA,36000,23200,26000,1.80,8.5,15.2,Yes,10.551,7.62,0.853,0.616
5424235,MB,R2J,E,2024-09-01,2024,Single Detached,226.8,Two storeys,1968,B1;B2;B3,1,1.8,12461.1,12.461,52761.8,14656.2,99580.7,27661.5,14656.2,0.0,0.0,0.0,0.0,207699104,Air,,38999.0,T,10.84,3.13,1.81,,,97.0,,,,Mini-split ductless,2.8,Baseboard/Hydronic/Plenum(duct) htrs.,Electricity,Wood fireplace insert,Mixed Wood,Yes,LENNOX,MLB036S4M-1P,,37000,33000,36000,1.90,10.3,22.2,Yes,10.844,10.551,0.87,0.847
5424811,MB,R2M,D,2024-07-01,2024,Single Detached,210.5,One storey,2016,B1,1,1.5675,6535.4,6.535,21586.7,5996.4,68708.5,19085.8,5996.4,0.0,0.0,0.0,0.0,9626232,Air,,7033.7,F,0.0,3.544,0.0,,,0.0,,,,Central split system,3.153,Electric furnace,Electricity,,,Yes,,,,,,,,,,,,,,
5425305,MB,R2V,E,2024-10-01,2024,Single Detached,213.2,One and a half,1923,B1;B2,1,3.78,14455.9,14.456,26177.9,7271.7,99027.3,27507.8,7271.7,7784.0,0.0,0.0,0.0,211911382,Air,,10891.7,T,9.67,3.25,1.85,,,81.0,,,,Central split system,2.76,Condensing furnace,Natural Gas,Radiant floor panels,Electricity,Yes,MITS AIR,MOD30U-30HFN1-MR0(X),MAC-36HWDN1-MN0,33000,22600,27000,1.85,9.7,15.5,No,9.671,7.913,0.669,0.547
5425567,MB,R5K,E,2024-10-01,2024,Single Detached,322.6,One storey,1980,B1,1,3.23,15214.4,15.214,45428.3,12619.1,94098.6,26138.7,12619.0,0.0,0.0,0.0,0.0,213160482,Air,,10891.7,T,9.67,3.25,1.85,,,81.0,,,,Central split system,2.76,Electric furnace,Electricity,Advanced airtight wood stove,Mixed Wood,Yes,Dettson,EVD-30-O,MAC36H2124E,33000,22600,27000,1.85,9.7,15.5,Yes,9.671,7.913,0.636,0.52
5426879,MB,R3L,D,2024-07-01,2024,Single Detached,175.7,Two storeys,1946,B1;B2,1,5.3028,16452.6,16.453,40231.7,11175.6,123717.0,34366.1,11175.6,7115.6,0.0,0.0,0.0,204344220,Air,,18842.0,T,10.55,2.93,1.82,,,78.0,,,,Central split system,2.12,Induced draft fan boiler,Natural Gas,,,Yes,TOSOT,TM36H5O,,36000,29000,28200,1.82,8.6,16,Yes,10.551,8.265,0.641,0.502
5427247,MB,R7B,N,2024-05-01,2024,Double/Semi-detached,110.5,One storey,2024,B1;P1,1,1.2754,2813.9,2.814,6449.0,1791.4,50116.6,13921.4,1791.4,0.0,0.0,0.0,0.0,211177538,Air,,8117.2,T,5.6,3.15,1.88,,,64.0,,,,Mini-split ductless,2.72,Baseboard/Hydronic/Plenum(duct) htrs.,Electricity,,,Yes,TOSOT,TW18HXCA5DO,TW18HXCA5DI,19100,15300,11800,1.75,8.5,17.5,No,5.598,3.458,1.989,1.229
5427247,MB,R7B,P,2024-05-01,2024,Double/Semi-detached,110.5,One storey,2024,B1;P1,1,1.5,2928.6,2.929,6781.2,1883.7,50423.9,14006.8,1883.6,0.0,0.0,0.0,0.0,211177538,Air,,8117.2,T,5.6,3.15,1.88,,,64.0,,,,Mini-split ductless,2.72,Baseboard/Hydronic/Plenum(duct) htrs.,Electricity,,,Yes,TOSOT,TW18HXCA5DO,TW18HXCA5DI,19100,15300,11800,1.75,8.5,17.5,No,5.598,3.458,1.911,1.181
5427748,MB,R7B,N,2024-05-01,2024,Double/Semi-detached,103.3,One storey,2024,B1;P1,1,1.1612,2823.3,2.823,7156.6,1988.0,50593.3,14053.8,1988.1,0.0,0.0,0.0,0.0,211177538,Air,,8117.2,T,5.6,3.15,1.88,,,64.0,,,,Mini-split ductless,2.72,Baseboard/Hydronic/Plenum(duct) htrs.,Electricity,,,Yes,TOSOT,TW18HXCA5DO,TW18HXCA5DI,19100,15300,11800,1.75,8.5,17.5,No,5.598,3.458,1.983,1.225
5427748,MB,R7B,P,2024-05-01,2024,Double/Semi-detached,103.3,One storey,2024,B1;P1,1,1.5,2948.1,2.948,7510.7,2086.3,50921.2,14144.9,2086.4,0.0,0.0,0.0,0.0,211177538,Air,,8117.2,T,5.6,3.15,1.88,,,64.0,,,,Mini-split ductless,2.72,Baseboard/Hydronic/Plenum(duct) htrs.,Electricity,,,Yes,TOSOT,TW18HXCA5DO,TW18HXCA5DI,19100,15300,11800,1.75,8.5,17.5,No,5.598,3.458,1.899,1.173
5427756,MB,R0A,N,2024-07-01,2024,"Row house, end unit",248.5,One storey,2024,B1,1,1.26,6242.8,6.243,6402.1,1778.4,63159.5,17544.4,1778.3,4230.9,0.0,0.0,0.0,210318533,Air,,4865.0,F,0.0,3.6,0.0,,,0.0,,,,Central split system,3.146,Condensing furnace,Natural Gas,,,Yes,GOODMAN,GSZB401810A*,CAPTA2422*4A*,16600,10000,8000,2.00,7.5,14.3,No,4.865,2.345,0.779,0.376
5427756,MB,R0A,P,2024-07-01,2024,"Row house, end unit",248.5,One storey,2024,B1,1,2.5,7319.5,7.32,6348.2,1763.4,68973.2,19159.4,1763.3,5896.2,0.0,0.0,0.0,210318533,Air,,4865.0,F,0.0,3.6,0.0,,,0.0,,,,Central split system,3.146,Condensing furnace,Natural Gas,,,Yes,GOODMAN,GSZB401810A*,CAPTA2422*4A*,16600,10000,8000,2.00,7.5,14.3,No,4.865,2.345,0.665,0.32
5427768,MB,R0A,N,2024-07-01,2024,"Row house, middle unit",251.0,One storey,2024,B1,1,1.26,5047.9,5.048,5357.3,1488.2,55194.1,15331.8,1488.1,2210.6,0.0,0.0,0.0,210318533,Air,,4865.0,F,0.0,3.6,0.0,,,0.0,,,,Central split system,3.146,Condensing furnace,Natural Gas,,,Yes,GOODMAN,GSZB401810A*,CAPTA2422*4A*,16600,10000,8000,2.00,7.5,14.3,No,4.865,2.345,0.964,0.464
5427768,MB,R0A,P,2024-07-01,2024,"Row house, middle unit",251.0,One storey,2024,B1,1,2.5,6362.3,6.362,5518.0,1532.8,61790.0,17164.0,1532.8,4055.9,0.0,0.0,0.0,210318533,Air,,4865.0,F,0.0,3.6,0.0,,,0.0,,,,Central split system,3.146,Condensing furnace,Natural Gas,,,Yes,GOODMAN,GSZB401810A*,CAPTA2422*4A*,16600,10000,8000,2.00,7.5,14.3,No,4.865,2.345,0.765,0.369
5427769,MB,R0A,N,2024-07-01,2024,"Row house, middle unit",251.0,One storey,2024,B1,1,1.27,5322.8,5.323,5395.3,1498.7,56798.3,15777.4,1498.6,2663.9,0.0,0.0,0.0,210318533,Air,,4865.0,F,0.0,3.6,0.0,,,0.0,,,,Central split system,3.146,Condensing furnace,Natural Gas,Other (describe),Electricity,Yes,GOODMAN,GSZB401810A*,CAPTA2422*4A*,16600,10000,8000,2.00,7.5,14.3,No,4.865,2.345,0.914,0.44
5427769,MB,R0A,P,2024-07-01,2024,"Row house, middle unit",251.0,One storey,2024,B1,1,2.5,6361.4,6.361,5527.8,1535.5,61825.5,17173.9,1535.6,4061.1,0.0,0.0,0.0,210318533,Air,,4865.0,F,0.0,3.6,0.0,,,0.0,,,,Central split system,3.146,Condensing furnace,Natural Gas,Other (describe),Electricity,Yes,GOODMAN,GSZB401810A*,CAPTA2422*4A*,16600,10000,8000,2.00,7.5,14.3,No,4.865,2.345,0.765,0.369
5427770,MB,R0A,N,2024-07-01,2024,"Row house, end unit",248.5,One storey,2024,B1,1,1.32,6297.1,6.297,6194.5,1720.7,63859.6,17738.9,1720.6,4481.7,0.0,0.0,0.0,210318533,Air,,4865.0,F,0.0,3.6,0.0,,,0.0,,,,Central split system,3.146,Condensing furnace,Natural Gas,,,Yes,GOODMAN,GSZB401810A*,CAPTA2422*4A*,16600,10000,8000,2.00,7.5,14.3,No,4.865,2.345,0.773,0.372
5427770,MB,R0A,P,2024-07-01,2024,"Row house, end unit",248.5,One storey,2024,B1,1,2.5,7319.5,7.32,6368.8,1769.1,69059.1,19183.2,1769.2,5911.4,0.0,0.0,0.0,210318533,Air,,4865.0,F,0.0,3.6,0.0,,,0.0,,,,Central split system,3.146,Condensing furnace,Natural Gas,,,Yes,GOODMAN,GSZB401810A*,CAPTA2422*4A*,16600,10000,8000,2.00,7.5,14.3,No,4.865,2.345,0.665,0.32
5428364,MB,R0H,E,2024-10-01,2024,Single Detached,211.9,One storey,1979,B1;B2;C1;F1,1,1.7548,6885.5,6.886,20051.1,5569.8,66073.7,18354.0,5569.8,0.0,0.0,0.0,0.0,207657343,Air,,12968.7,T,10.84,4.36,1.92,,,92.0,,,,Mini-split ductless,2.8,Baseboard/Hydronic/Plenum(duct) htrs.,Electricity,,,Yes,PERFECTAIRE,3PAMS36-HH-MZO4,,37000,35000,34400,1.80,9.85,19.5,Yes,10.844,10.082,1.575,1.464
5428904,MB,R3J,E,2024-10-01,2024,Single Detached,155.9,One and a half,1941,B1,1,5.75,12904.3,12.904,40771.2,11325.4,86731.9,24092.4,11325.4,0.0,0.0,0.0,0.0,207172948,Air,,8622.7,T,5.1,3.58,2.06,,,73.0,,,,Central split system,3.2,Electric furnace,Electricity,,,Yes,DAIKIN,DZ17VSA181B*,CA*EA1818*4A*+MBVC1200**-1A*,17100,10800,,2.10,8.5,17.5,No,5.012,,0.388,
5430002,MB,R3P,E,2024-10-01,2024,Single Detached,316.0,Two storeys,1988,B1,1,3.0339,17842.0,17.842,46288.2,12857.9,125416.8,34838.3,12857.9,8181.7,0.0,0.0,0.0,207706562,Air,,29488.7,T,14.65,3.15,1.9,,,92.0,,,,Central split system,2.4,Condensing furnace,Natural Gas,Fireplace with pilot (unsealed),Natural Gas,Yes,MOOVAIR,DMA48HOS20230E7,FMA48HIAHUU230X7,50000,36000,46000,1.90,9.4,15.6,Yes,14.654,13.481,0.821,0.756
5432800,MB,R0G,N,2024-07-01,2024,Single Detached,369.6,One storey,2024,B1,1,0.59,7700.8,7.701,33568.4,9324.6,77474.6,21520.9,9324.5,0.0,0.0,0.0,0.0,211624974,Air,,11174.5,T,10.26,2.99,1.8,,,108.0,,,,Central split system,2.85,Electric furnace,Electricity,Baseboard/Hydronic/Plenum(duct) htrs,Electricity,Yes,NAPOLEON,WSEHV2436RA1-N,NPFX24A36A,35000,29000,28000,1.80,9,16,Yes,10.257,8.206,1.332,1.066
5432800,MB,R0G,P,2024-07-01,2024,Single Detached,369.6,One storey,2024,B1,1,1.5,8923.8,8.924,39077.8,10855.0,82839.9,23011.3,10855.1,0.0,0.0,0.0,0.0,211624974,Air,,11174.5,T,10.26,2.99,1.8,,,108.0,,,,Central split system,2.85,Electric furnace,Electricity,Baseboard/Hydronic/Plenum(duct) htrs,Electricity,Yes,NAPOLEON,WSEHV2436RA1-N,NPFX24A36A,35000,29000,28000,1.80,9,16,Yes,10.257,8.206,1.149,0.92
5433407,MB,R0K,N,2024-07-01,2024,Single Detached,337.4,One storey,2024,B1,1,0.3324,7730.3,7.73,27935.9,7760.0,69513.6,19309.5,7760.1,0.0,0.0,0.0,0.0,208447884,Air,,17343.9,T,9.67,3.26,1.85,,,80.0,,,,Central split system,2.88,Electric furnace,Electricity,Baseboard/Hydronic/Plenum(duct) htrs,Electricity,Yes,CARRIER,38MURAQ30AB3,40MUAAQ30XA3,33000,21000,24000,1.80,8.9,16.2,Yes,9.671,7.034,1.251,0.91
5433407,MB,R0K,P,2024-07-01,2024,Single Detached,337.4,One storey,2024,B1,1,1.5,9757.2,9.757,35071.2,9742.1,76433.8,21231.8,9742.0,0.0,0.0,0.0,0.0,208447884,Air,,17343.9,T,9.67,3.26,1.85,,,80.0,,,,Central split system,2.88,Electric furnace,Electricity,Baseboard/Hydronic/Plenum(duct) htrs,Electricity,Yes,CARRIER,38MURAQ30AB3,40MUAAQ30XA3,33000,21000,24000,1.80,8.9,16.2,Yes,9.671,7.034,0.991,0.721
5434150,MB,R7A,N,2024-07-01,2024,Single Detached,466.3,One storey,2024,B1,1,0.343,8067.7,8.068,15174.3,4215.1,57383.2,15939.9,4215.0,0.0,0.0,0.0,0.0,207312018,Water,,20080.0,F,0.0,3.7,0.0,,,0.0,,,,Conventional A/C,5.01,Baseboard/Hydronic/Plenum(duct) htrs.,Electricity,Advanced airtight wood stove,Mixed Wood,No,,,,,,,,,,,,,,
5434150,MB,R7A,P,2024-07-01,2024,Single Detached,466.3,One storey,2024,B1,1,1.5,10345.9,10.346,19130.2,5314.0,61145.5,16985.0,5313.9,0.0,0.0,0.0,0.0,207312018,Water,,20080.0,F,0.0,3.7,0.0,,,0.0,,,,Conventional A/C,5.01,Baseboard/Hydronic/Plenum(duct) htrs.,Electricity,Advanced airtight wood stove,Mixed Wood,No,,,,,,,,,,,,,,
5434403,MB,R0J,N,2024-08-01,2024,Single Detached,180.0,One storey,2024,B1,1,0.8084,6374.6,6.375,25355.7,7043.3,67690.4,18803.0,7043.4,0.0,0.0,0.0,0.0,211624974,Air,,11115.9,T,10.26,3.03,1.8,,,108.0,,,,Central split system,2.85,Electric furnace,Electricity,,,Yes,NAPOLEON,WSEHV2436RA1-N,NPFX24A36A,35000,29000,28000,1.80,9,16,Yes,10.257,8.206,1.609,1.287
5434403,MB,R0J,P,2024-08-01,2024,Single Detached,180.0,One storey,2024,B1,1,1.5,6842.8,6.843,26849.9,7458.4,69150.7,19208.7,7458.4,0.0,0.0,0.0,0.0,211624974,Air,,11115.9,T,10.26,3.03,1.8,,,108.0,,,,Central split system,2.85,Electric furnace,Electricity,,,Yes,NAPOLEON,WSEHV2436RA1-N,NPFX24A36A,35000,29000,28000,1.80,9,16,Yes,10.257,8.206,1.499,1.199
5437828,MB,R3T,E,2024-09-01,2024,Single Detached,162.3,Two storeys,1985,B1,1,1.7084,8141.7,8.142,17714.1,4920.6,72676.9,20188.2,4920.6,2492.5,0.0,0.0,0.0,211644151,Air,,10185.1,T,9.96,3.02,1.8,,,70.0,,,ESTAR,Central split system,2.79,Condensing furnace,Natural Gas,,,Yes,GREE,GUD36W/A-D(U),GCAT36*/NAA,36000,23200,26000,1.80,8.5,15.2,Yes,10.551,7.62,1.296,0.936
5437978,MB,R3G,D,2024-08-01,2024,Single Detached,254.2,Two and a half,1910,B1;B2;C1;F1,1,14.43,51744.9,51.745,86731.5,24092.3,345663.1,96018.3,24092.1,56190.7,0.0,0.0,0.0,207641339,Air,,23013.7,T,14.65,3.09,1.8,,,72.0,,,,Mini-split ductless,2.85,Boiler  with spark ignition,Natural Gas,Radiant floor panels,Electricity,Yes,SENVILLE,SENA/48HF/MOQ,,50000,36000,33000,1.70,9.7,20.5,No,14.654,9.671,0.283,0.187
5438585,MB,R0C,N,2024-07-01,2024,Single Detached,225.5,One storey,2024,B1,1,0.62,4840.1,4.84,14022.1,3895.1,59165.0,16434.9,3895.0,0.0,0.0,0.0,0.0,206223044,Air,,16538.3,T,7.62,3.23,1.91,,,100.0,,,,Central split system,3.35,Electric furnace,Electricity,,,Yes,,,,,,,,,,,,,,
5438585,MB,R0C,P,2024-07-01,2024,Single Detached,225.5,One storey,2024,B1,1,1.5,5432.4,5.432,15961.0,4433.6,60995.7,16943.4,4433.6,0.0,0.0,0.0,0.0,206223044,Air,,16538.3,T,7.62,3.23,1.91,,,100.0,,,,Central split system,3.35,Electric furnace,Electricity,,,Yes,,,,,,,,,,,,,,
5438661,MB,R0M,N,2024-08-01,2024,Single Detached,391.3,One storey,2024,B1;B2,1,0.6093,10159.6,10.16,39005.0,10834.8,86859.9,24127.9,10834.8,0.0,0.0,0.0,0.0,212940804,Air,,25865.3,T,14.95,3.09,1.8,,,78.0,,,,Central split system,2.41,Electric furnace,Electricity,Advanced airtight wood stove,Mixed Wood,Yes,CENTURY,A-VCD48SA-1,MCD48C1A,51000,32000,40000,1.80,9,14.3,No,14.947,11.723,1.471,1.154
5438661,MB,R0M,P,2024-08-01,2024,Single Detached,391.3,One storey,2024,B1;B2,1,1.5,11289.5,11.29,43307.1,12029.8,90973.9,25270.7,12029.8,0.0,0.0,0.0,0.0,212940804,Air,,25865.3,T,14.95,3.09,1.8,,,78.0,,,,Central split system,2.41,Electric furnace,Electricity,Advanced airtight wood stove,Mixed Wood,Yes,CENTURY,A-VCD48SA-1,MCD48C1A,51000,32000,40000,1.80,9,14.3,No,14.947,11.723,1.324,1.038
5123441,MB,R3G,E,2024-11-01,2024,Single Detached,157.8,Two storeys,1983,B1,1,8.3605,18105.5,18.106,27762.1,7711.8,127561.7,35434.1,7711.7,12296.5,0.0,0.0,0.0,211911382,Air,,10891.7,T,9.67,3.25,1.85,,,81.0,,,ESTAR,Central split system,2.76,Condensing furnace,Natural Gas,,,Yes,MITS AIR,MOD30U-30HFN1-MR0(X),MAC-36HWDN1-MN0,33000,22600,27000,1.85,9.7,15.5,No,9.671,7.913,0.534,0.437
5441980,MB,R4G,N,2024-08-01,2024,Single Detached,360.8,One storey,2024,B1,1,0.88,6644.4,6.644,21303.9,5917.8,54031.0,15008.7,5917.8,0.0,0.0,0.0,0.0,211245977,Air,,7626.9,T,7.56,3.63,1.92,,,89.0,,,,Central split system,3.21,Electric furnace,Electricity,Other (describe),Electricity,Yes,KEEPRITE,DLCURAH24ABK,FVM4X24***L,25800,19000,23000,1.92,8.5,17,No,7.561,6.741,1.138,1.014
5441980,MB,R4G,P,2024-08-01,2024,Single Detached,360.8,One storey,2024,B1,1,1.5,7449.1,7.449,24194.2,6720.7,56827.9,15785.7,6720.6,0.0,0.0,0.0,0.0,211245977,Air,,7626.9,T,7.56,3.63,1.92,,,89.0,,,,Central split system,3.21,Electric furnace,Electricity,Other (describe),Electricity,Yes,KEEPRITE,DLCURAH24ABK,FVM4X24***L,25800,19000,23000,1.92,8.5,17,No,7.561,6.741,1.015,0.905
5442195,MB,R5H,N,2024-07-01,2024,Attached Duplex,190.3,Two storeys,2024,B1,2,1.27,4385.4,4.385,4430.2,1230.6,60254.4,16737.5,1230.6,0.0,0.0,0.0,0.0,210992202,Air,,11109.4,T,5.48,3.97,2.4,,,105.0,,,,Central split system,3.51,Electric furnace,Electricity,,,Yes,YORK,,,,,,,,14,,,,,
5442195,MB,R5H,P,2024-07-01,2024,Attached Duplex,190.3,Two storeys,2024,B1,2,2.5,5938.4,5.938,7093.0,1970.3,62670.8,17408.7,1970.3,0.0,0.0,0.0,0.0,210992202,Air,,11109.4,T,5.48,3.97,2.4,,,105.0,,,,Central split system,3.51,Electric furnace,Electricity,,,Yes,YORK,,,,,,,,14,,,,,
5442197,MB,R5H,N,2024-07-01,2024,Attached Duplex,190.3,Two storeys,2024,B1,2,1.32,4425.9,4.426,4483.6,1245.5,60304.7,16751.4,1245.6,0.0,0.0,0.0,0.0,210992202,Air,,11109.4,T,5.48,3.97,2.4,,,105.0,,,,Central split system,3.51,Electric furnace,Electricity,,,Yes,YORK,,,,,,,,14,,,,,
5442197,MB,R5H,P,2024-07-01,2024,Attached Duplex,190.3,Two storeys,2024,B1,2,2.5,5948.1,5.948,7110.7,1975.2,62686.8,17413.1,1975.3,0.0,0.0,0.0,0.0,210992202,Air,,11109.4,T,5.48,3.97,2.4,,,105.0,,,,Central split system,3.51,Electric furnace,Electricity,,,Yes,YORK,,,,,,,,14,,,,,
5442199,MB,R5H,N,2024-08-01,2024,Attached Duplex,190.3,Two storeys,2024,B1,2,1.36,4427.1,4.427,4459.5,1238.8,60286.1,16746.3,1238.6,0.0,0.0,0.0,0.0,210992202,Air,,11109.4,T,5.48,3.97,2.4,,,105.0,,,,Central split system,3.51,Electric furnace,Electricity,,,Yes,YORK,,,,,,,,14,,,,,
5442199,MB,R5H,P,2024-08-01,2024,Attached Duplex,190.3,Two storeys,2024,B1,2,2.5,5948.1,5.948,7110.7,1975.2,62686.8,17413.1,1975.3,0.0,0.0,0.0,0.0,210992202,Air,,11109.4,T,5.48,3.97,2.4,,,105.0,,,,Central split system,3.51,Electric furnace,Electricity,,,Yes,YORK,,,,,,,,14,,,,,
5442206,MB,R5H,N,2024-08-01,2024,Attached Duplex,190.3,Two storeys,2024,B1,2,1.26,4306.3,4.306,4274.2,1187.3,60117.2,16699.4,1187.2,0.0,0.0,0.0,0.0,210992202,Air,,11109.4,T,5.48,3.97,2.4,,,105.0,,,,Central split system,3.51,Electric furnace,Electricity,,,Yes,YORK,,,,,,,,14,,,,,
5442206,MB,R5H,P,2024-08-01,2024,Attached Duplex,190.3,Two storeys,2024,B1,2,2.5,5948.1,5.948,7110.7,1975.2,62686.8,17413.1,1975.3,0.0,0.0,0.0,0.0,210992202,Air,,11109.4,T,5.48,3.97,2.4,,,105.0,,,,Central split system,3.51,Electric furnace,Electricity,,,Yes,YORK,,,,,,,,14,,,,,
5442208,MB,R5H,N,2024-08-01,2024,Attached Duplex,188.5,Two storeys,2024,B1,2,1.2,5192.0,5.192,7178.2,1994.0,62473.9,17354.0,1993.9,0.0,0.0,0.0,0.0,210992202,Air,,11109.4,T,5.48,3.97,2.4,,,105.0,,,,Central split system,3.51,Electric furnace,Electricity,,,Yes,YORK,,,,,,,,14,,,,,
5442208,MB,R5H,P,2024-08-01,2024,Attached Duplex,188.5,Two storeys,2024,B1,2,2.5,6960.6,6.961,10539.8,2927.7,65563.4,18212.2,2927.8,0.0,0.0,0.0,0.0,210992202,Air,,11109.4,T,5.48,3.97,2.4,,,105.0,,,,Central split system,3.51,Electric furnace,Electricity,,,Yes,YORK,,,,,,,,14,,,,,
5442210,MB,R5H,N,2024-07-01,2024,Attached Duplex,188.5,Two storeys,2024,B1,2,1.06,5125.3,5.125,7118.5,1977.4,62413.2,17337.1,1977.2,0.0,0.0,0.0,0.0,210992202,Air,,11109.4,T,5.48,3.97,2.4,,,105.0,,,,Central split system,3.51,Electric furnace,Electricity,,,Yes,YORK,,,,,,,,14,,,,,
5442210,MB,R5H,P,2024-07-01,2024,Attached Duplex,188.5,Two storeys,2024,B1,2,2.5,6953.9,6.954,10526.4,2924.0,65551.1,18208.8,2923.9,0.0,0.0,0.0,0.0,210992202,Air,,11109.4,T,5.48,3.97,2.4,,,105.0,,,,Central split system,3.51,Electric furnace,Electricity,,,Yes,YORK,,,,,,,,14,,,,,
5443999,MB,R3M,D,2024-09-01,2024,Single Detached,222.3,Two storeys,1933,B1;P1,1,3.8888,13822.8,13.823,18061.3,5017.1,108674.9,30187.7,5017.0,9973.7,0.0,0.0,0.0,10064017,Air,Ductless Mini- or Multi-split system,8892.9,T,5.57,4.4,2.01,0.0,0.0,70.0,0.0,0.0,,Ductless Mini- or Multi-split system,2.83,Condensing boiler,Natural Gas,Fireplace with pilot (sealed),Natural Gas,Yes,TOSOT,TM18H4O,,19000,12800,,,11,22,No,5.568,,0.403,
5443999,MB,R3M,E,2024-10-01,2024,Single Detached,222.3,Two storeys,1933,B1;P1,1,3.8955,13757.9,13.758,17955.9,4987.8,108138.6,30038.7,4987.8,9853.1,0.0,0.0,0.0,10064017,Air,Ductless Mini- or Multi-split system,8892.9,T,5.57,4.4,2.01,0.0,0.0,70.0,0.0,0.0,,Ductless Mini- or Multi-split system,2.83,Condensing boiler,Natural Gas,Fireplace with pilot (sealed),Natural Gas,Yes,TOSOT,TM18H4O,,19000,12800,,,11,22,No,5.568,,0.405,
5444414,MB,R0J,N,2024-08-01,2024,Single Detached,229.4,Two storeys,2024,,1,0.9473,5205.0,5.205,10320.5,2866.8,56876.2,15799.1,2867.0,0.0,0.0,0.0,0.0,211624974,Air,,11115.9,T,10.26,3.03,1.8,,,108.0,,,ESTAR,Central split system,2.85,Electric furnace,Electricity,,,Yes,NAPOLEON,WSEHV2436RA1-N,NPFX24A36A,35000,29000,28000,1.80,9,16,Yes,10.257,8.206,1.971,1.577
5444414,MB,R0J,P,2024-08-01,2024,Single Detached,229.4,Two storeys,2024,,1,1.5,5805.6,5.806,12209.0,3391.4,58591.6,16275.6,3391.4,0.0,0.0,0.0,0.0,211624974,Air,,11115.9,T,10.26,3.03,1.8,,,108.0,,,ESTAR,Central split system,2.85,Electric furnace,Electricity,,,Yes,NAPOLEON,WSEHV2436RA1-N,NPFX24A36A,35000,29000,28000,1.80,9,16,Yes,10.257,8.206,1.767,1.413
5444784,MB,R2G,D,2024-09-01,2024,Single Detached,389.4,Two storeys,1917,B1,1,6.54,42984.2,42.984,20592.1,5720.1,397050.1,110292.6,5720.0,89604.9,0.0,0.0,0.0,201847009,Air,,10550.6,F,0.0,4.051,0.0,,,0.0,,,,Mini-split ductless,3.561,Boiler  with continuous pilot,Natural Gas,Wood fireplace,Mixed Wood,Yes,CARRIER,38MHRBQ18AA3,40MHHQ18---3,18000,11400,,,8.3,18.1,No,5.275,,0.123,
5445406,MB,R3Y,N,2024-09-01,2024,Single Detached,302.2,Two storeys,2024,B1,1,1.07,10713.2,10.713,22728.5,6313.5,83366.7,23157.6,6313.4,4648.9,0.0,0.0,0.0,213080636,Air,,11353.6,T,11.28,3.37,1.88,,,91.0,,,,Central split system,3.11,Condensing furnace,Natural Gas,,,Yes,ARCOAIRE,DLCURAH36ABK,"EN(A,D,W)4X48L21**",38500,29400,35200,2.00,8.1,15.2,No,11.283,10.316,1.053,0.963
5445406,MB,R3Y,P,2024-09-01,2024,Single Detached,302.2,Two storeys,2024,B1,1,1.5,11101.2,11.101,23016.6,6393.6,84804.1,23556.9,6393.7,4970.9,0.0,0.0,0.0,213080636,Air,,11353.6,T,11.28,3.37,1.88,,,91.0,,,,Central split system,3.11,Condensing furnace,Natural Gas,,,Yes,ARCOAIRE,DLCURAH36ABK,"EN(A,D,W)4X48L21**",38500,29400,35200,2.00,8.1,15.2,No,11.283,10.316,1.016,0.929
5445499,MB,R4G,N,2024-09-01,2024,Single Detached,279.1,Two storeys,2024,B1,1,0.57,7746.9,7.747,23092.3,6414.6,66826.5,18563.1,6414.5,0.0,0.0,0.0,0.0,210998840,Air,,9964.4,F,0.0,3.6,0.0,,,0.0,,,,Central split system,3.146,Electric furnace,Electricity,Fireplace with spark ignit. (sealed),Natural Gas,Yes,KEEPRITE,N4H5S36*K*AAA*,FJMA4*36L*B*,34000,20400,15800,2.02,7.5,14.3,No,9.964,4.631,1.286,0.598
5445499,MB,R4G,P,2024-09-01,2024,Single Detached,279.1,Two storeys,2024,B1,1,1.5,9072.4,9.072,29310.2,8141.8,72902.5,20250.9,8141.7,0.0,0.0,0.0,0.0,210998840,Air,,9964.4,F,0.0,3.6,0.0,,,0.0,,,,Central split system,3.146,Electric furnace,Electricity,Fireplace with spark ignit. (sealed),Natural Gas,Yes,KEEPRITE,N4H5S36*K*AAA*,FJMA4*36L*B*,34000,20400,15800,2.02,7.5,14.3,No,9.964,4.631,1.098,0.51
5445504,MB,R2V,N,2024-09-01,2024,Single Detached,304.1,Two storeys,2024,B1,1,0.66,10525.9,10.526,21445.5,5957.1,84795.1,23554.4,5957.3,5487.0,0.0,0.0,0.0,212987219,Air,,10158.4,T,10.08,3.3,1.76,,,82.0,,,,Central split system,2.72,Condensing furnace,Natural Gas,Other (describe),Electricity,Yes,CARRIER,38MURAQ30AB3*,CAP**3017AL*,34400,23600,28400,1.76,8.1,14.5,No,10.082,8.323,0.958,0.791
5445504,MB,R2V,P,2024-09-01,2024,Single Detached,304.1,Two storeys,2024,B1,1,1.5,12086.7,12.087,22786.7,6329.7,92107.5,25585.6,6329.8,7175.6,0.0,0.0,0.0,212987219,Air,,10158.4,T,10.08,3.3,1.76,,,82.0,,,,Central split system,2.72,Condensing furnace,Natural Gas,Other (describe),Electricity,Yes,CARRIER,38MURAQ30AB3*,CAP**3017AL*,34400,23600,28400,1.76,8.1,14.5,No,10.082,8.323,0.834,0.689
5445514,MB,R3W,N,2024-09-01,2024,Single Detached,247.8,Two storeys,2024,B1,1,1.06,9247.6,9.248,10664.5,2962.4,86797.8,24110.7,2962.5,9422.3,0.0,0.0,0.0,212987219,Air,,7000.0,T,10.08,3.3,1.76,,,82.0,,,,Central split system,2.72,Condensing furnace,Natural Gas,Other (describe),Electricity,Yes,CARRIER,38MURAQ30AB3*,CAP**3017AL*,34400,23600,28400,1.76,8.1,14.5,No,10.082,8.323,1.09,0.9
5445514,MB,R3W,P,2024-09-01,2024,Single Detached,247.8,Two storeys,2024,B1,1,1.5,9549.4,9.549,10846.9,3013.1,87952.1,24431.3,3013.1,9694.2,0.0,0.0,0.0,212987219,Air,,7000.0,T,10.08,3.3,1.76,,,82.0,,,,Central split system,2.72,Condensing furnace,Natural Gas,Other (describe),Electricity,Yes,CARRIER,38MURAQ30AB3*,CAP**3017AL*,34400,23600,28400,1.76,8.1,14.5,No,10.082,8.323,1.056,0.872
5446220,MB,R2M,D,2024-09-01,2024,Single Detached,210.8,One storey,1956,B1,1,2.205,11181.6,11.182,38182.6,10606.4,83970.1,23325.2,10606.5,0.0,0.0,0.0,0.0,202463634,Air,,32368.6,T,5.28,3.45,2.0,,,100.0,,,,Central split system,2.93,Baseboard/Hydronic/Plenum(duct) htrs.,Electricity,,,Yes,CARRIER,38MPRAQ18AA3,40MPHAQ18XA3,18000,12300,16400,1.95,12,26.2,No,5.275,4.806,0.472,0.43
5447104,MB,R0A,D,2024-09-01,2024,Single Detached,96.3,One storey,2014,C1;F1,1,5.3,8032.7,8.033,19098.8,5305.3,65797.2,18277.1,5305.3,0.0,0.0,0.0,0.0,207571421,Air,,9125.3,T,8.5,3.02,1.81,,,87.0,,,,Mini-split ductless,3.29,Baseboard/Hydronic/Plenum(duct) htrs.,Electricity,Advanced airtight wood stove,Mixed Wood,Yes,,,,,,,,,,,,,,
5450479,MB,R3Y,N,2024-09-01,2024,Single Detached,379.5,One storey,2024,B1;B2,1,0.53,10502.6,10.503,26155.7,7265.5,85343.6,23706.7,7265.6,4477.0,0.0,0.0,0.0,215389781,Air,Central split system,11421.3,T,11.28,3.17,1.8,0.0,0.0,91.0,0.0,0.0,,Central split system,3.2,Condensing furnace,Natural Gas,Fan heater units,Electricity,Yes,KEEPRITE,DLCURAH36ABK,EA*4X36L17A*,38500,29600,35200,1.80,8.1,15.2,No,11.283,10.316,1.074,0.982
5450479,MB,R3Y,P,2024-09-01,2024,Single Detached,379.5,One storey,2024,B1;B2,1,1.5,12259.1,12.259,32682.5,9078.5,97909.1,27197.2,9078.7,6175.0,0.0,0.0,0.0,215389781,Air,Central split system,11421.3,T,11.28,2.69,1.8,0.0,0.0,91.0,0.0,0.0,,Central split system,3.2,Condensing furnace,Natural Gas,Fan heater units,Electricity,Yes,KEEPRITE,DLCURAH36ABK,EA*4X36L17A*,38500,29600,35200,1.80,8.1,15.2,No,11.283,10.316,0.92,0.842
5453101,MB,R0G,N,2024-09-01,2024,Single Detached,395.1,One storey,2023,B1,1,0.52,6973.4,6.973,19333.9,5370.6,73770.1,20491.9,5370.6,1980.8,0.0,0.0,0.0,212404693,Air,,13596.7,T,7.33,3.38,1.82,,,86.0,,,,Central split system,2.93,Condensing furnace,Natural Gas,,,Yes,NAPOLEON,WSEHV2436RA1-N,"H,DE33(6,9)36",24000,15000,17500,1.80,8.5,17,No,7.034,5.129,1.009,0.735
5453101,MB,R0G,P,2024-09-01,2024,Single Detached,395.1,One storey,2023,B1,1,1.5,8333.5,8.334,22685.6,6301.6,80682.8,22412.1,6301.7,3042.0,0.0,0.0,0.0,212404693,Air,,13596.7,T,7.33,3.38,1.82,,,86.0,,,,Central split system,2.93,Condensing furnace,Natural Gas,,,Yes,NAPOLEON,WSEHV2436RA1-N,"H,DE33(6,9)36",24000,15000,17500,1.80,8.5,17,No,7.034,5.129,0.844,0.615
5453861,MB,R5L,D,2024-10-01,2024,Single Detached,354.8,One storey,1980,B1,1,2.8465,20193.8,20.194,79338.4,22038.6,126765.6,35212.9,22038.5,0.0,0.0,0.0,0.0,206414357,Air,Central split system,8030.1,F,0.0,3.559,0.0,0.0,0.0,0.0,0.0,0.0,,Central split system,3.038,Electric furnace,Electricity,Wood fireplace,Mixed Wood,Yes,RUNTRU,A4HP4030A1,4MXCB004AC6HCA+TXV,27000,15800,,,8.2,14,No,7.913,,0.392,
16462746,MB,R2V,D,2024-10-01,2024,Single Detached,223.1,One storey,2001,B1,1,2.09,9216.2,9.216,17398.0,4832.8,78499.5,21805.6,4832.8,3877.5,0.0,0.0,0.0,20798550,Air,,8720.0,T,7.56,3.48,3.56,,,70.0,,,ESTAR,Central split system,3.36,Condensing furnace,Natural Gas,,,Yes,,,,,,,,,,,,,,
5456023,MB,R0C,N,2024-09-01,2024,Single Detached,217.0,One storey,2024,C1;F1,1,0.71,9042.5,9.042,18117.6,5032.7,73677.6,20466.2,5032.8,0.0,0.0,0.0,0.0,208447884,Air,,17148.7,T,9.67,3.27,1.85,,,80.0,,,,Central split system,2.88,Electric furnace,Electricity,,,Yes,CARRIER,38MURAQ30AB3,40MUAAQ30XA3,33000,21000,24000,1.80,8.9,16.2,Yes,9.671,7.034,1.07,0.778
5456023,MB,R0C,P,2024-09-01,2024,Single Detached,217.0,One storey,2024,C1;F1,1,1.5,9640.8,9.641,19885.2,5523.7,75264.2,20906.9,5523.7,0.0,0.0,0.0,0.0,208447884,Air,,17148.7,T,9.67,3.27,1.85,,,80.0,,,,Central split system,2.88,Electric furnace,Electricity,,,Yes,CARRIER,38MURAQ30AB3,40MUAAQ30XA3,33000,21000,24000,1.80,8.9,16.2,Yes,9.671,7.034,1.003,0.73
5459151,MB,R0G,N,2024-10-01,2024,Attached Duplex,226.6,One storey,2024,B1,2,0.7655,4386.1,4.386,8543.6,2373.2,62305.2,17307.1,2373.4,0.0,0.0,0.0,0.0,211264978,Air,Central split system,11125.6,T,5.48,3.95,2.4,0.0,0.0,105.0,0.0,0.0,,Central split system,3.51,Electric furnace,Electricity,,,Yes,KEEPRITE,DLCURAH18ABK,"FM(C,U)4Z18**AL*",18700,12500,19800,2.40,9,17,No,5.48,5.803,1.249,1.323
5459151,MB,R0G,P,2024-10-01,2024,Attached Duplex,226.6,One storey,2024,B1,2,1.5,4926.9,4.927,9926.8,2757.5,63620.7,17672.6,2757.5,0.0,0.0,0.0,0.0,211264978,Air,Central split system,11125.6,T,5.48,3.95,2.4,0.0,0.0,105.0,0.0,0.0,,Central split system,3.51,Electric furnace,Electricity,,,Yes,KEEPRITE,DLCURAH18ABK,"FM(C,U)4Z18**AL*",18700,12500,19800,2.40,9,17,No,5.48,5.803,1.112,1.178
5459164,MB,R0G,N,2024-10-01,2024,Attached Duplex,226.6,One storey,2024,B1,2,1.0326,4598.2,4.598,9090.7,2525.2,62819.2,17449.9,2525.3,0.0,0.0,0.0,0.0,211264978,Air,Central split system,11125.6,T,5.48,3.95,2.4,0.0,0.0,105.0,0.0,0.0,,Central split system,3.51,Electric furnace,Electricity,,,Yes,KEEPRITE,DLCURAH18ABK,"FM(C,U)4Z18**AL*",18700,12500,19800,2.40,9,17,No,5.48,5.803,1.192,1.262
5459164,MB,R0G,P,2024-10-01,2024,Attached Duplex,226.6,One storey,2024,B1,2,1.5,4855.8,4.856,9717.6,2699.4,63425.5,17618.3,2699.5,0.0,0.0,0.0,0.0,211264978,Air,Central split system,11125.6,T,5.48,3.95,2.4,0.0,0.0,105.0,0.0,0.0,,Central split system,3.51,Electric furnace,Electricity,,,Yes,KEEPRITE,DLCURAH18ABK,"FM(C,U)4Z18**AL*",18700,12500,19800,2.40,9,17,No,5.48,5.803,1.129,1.195
5460847,MB,R5H,N,2024-10-01,2024,Attached Duplex,188.7,Two storeys,2024,B1,2,1.2292,4687.8,4.688,7743.1,2150.9,63167.4,17546.6,2150.9,0.0,0.0,0.0,0.0,210992202,Air,Central split system,11109.4,T,5.48,3.97,2.4,0.0,0.0,105.0,0.0,0.0,,Central split system,3.51,Electric furnace,Electricity,,,Yes,YORK,,,,,,,,14,,,,,
5460847,MB,R5H,P,2024-10-01,2024,Attached Duplex,188.7,Two storeys,2024,B1,2,2.5,5880.5,5.88,10655.2,2959.8,65865.6,18296.1,2959.7,0.0,0.0,0.0,0.0,210992202,Air,Central split system,11109.4,T,5.48,3.97,2.4,0.0,0.0,105.0,0.0,0.0,,Central split system,3.51,Electric furnace,Electricity,,,Yes,YORK,,,,,,,,14,,,,,
5460848,MB,R5H,N,2024-10-01,2024,Attached Duplex,190.3,Two storeys,2024,B1,2,1.6076,4049.9,4.05,5210.1,1447.3,61027.1,16952.1,1447.2,0.0,0.0,0.0,0.0,210992202,Air,Central split system,11109.4,T,5.48,3.97,2.4,0.0,0.0,105.0,0.0,0.0,,Central split system,3.51,Electric furnace,Electricity,,,Yes,YORK,,,,,,,,14,,,,,
5460848,MB,R5H,P,2024-10-01,2024,Attached Duplex,190.3,Two storeys,2024,B1,2,2.5,4972.9,4.973,7344.3,2040.1,62958.0,17488.5,2040.0,0.0,0.0,0.0,0.0,210992202,Air,Central split system,11109.4,T,5.48,3.97,2.4,0.0,0.0,105.0,0.0,0.0,,Central split system,3.51,Electric furnace,Electricity,,,Yes,YORK,,,,,,,,14,,,,,
5460849,MB,R5H,N,2024-10-01,2024,Attached Duplex,190.3,Two storeys,2024,B1,2,1.5817,3990.0,3.99,5057.9,1405.0,60890.3,16914.1,1405.0,0.0,0.0,0.0,0.0,210992202,Air,Central split system,11109.4,T,5.48,3.97,2.4,0.0,0.0,105.0,0.0,0.0,,Central split system,3.51,Electric furnace,Electricity,,,Yes,YORK,,,,,,,,14,,,,,
5460849,MB,R5H,P,2024-10-01,2024,Attached Duplex,190.3,Two storeys,2024,B1,2,2.5,4980.2,4.98,7362.0,2045.0,62974.1,17492.9,2045.0,0.0,0.0,0.0,0.0,210992202,Air,Central split system,11109.4,T,5.48,3.97,2.4,0.0,0.0,105.0,0.0,0.0,,Central split system,3.51,Electric furnace,Electricity,,,Yes,YORK,,,,,,,,14,,,,,
5460850,MB,R5H,N,2024-10-01,2024,Attached Duplex,190.3,Two storeys,2024,B1,2,1.4169,3833.8,3.834,4708.3,1307.9,60572.5,16825.8,1307.8,0.0,0.0,0.0,0.0,210992202,Air,Central split system,11109.4,T,5.48,3.97,2.4,0.0,0.0,105.0,0.0,0.0,,Central split system,3.51,Electric furnace,Electricity,,,Yes,YORK,,,,,,,,14,,,,,
5460850,MB,R5H,P,2024-10-01,2024,Attached Duplex,190.3,Two storeys,2024,B1,2,2.5,4980.2,4.98,7362.0,2045.0,62974.1,17492.9,2045.0,0.0,0.0,0.0,0.0,210992202,Air,Central split system,11109.4,T,5.48,3.97,2.4,0.0,0.0,105.0,0.0,0.0,,Central split system,3.51,Electric furnace,Electricity,,,Yes,YORK,,,,,,,,14,,,,,
5460851,MB,R5H,N,2024-10-01,2024,Attached Duplex,190.3,Two storeys,2024,B1,2,1.2122,3792.2,3.792,4672.5,1297.9,60527.3,16813.3,1297.8,0.0,0.0,0.0,0.0,210992202,Air,Central split system,11109.4,T,5.48,3.97,2.4,0.0,0.0,105.0,0.0,0.0,,Central split system,3.51,Electric furnace,Electricity,,,Yes,YORK,,,,,,,,14,,,,,
5460851,MB,R5H,P,2024-10-01,2024,Attached Duplex,190.3,Two storeys,2024,B1,2,2.5,4980.2,4.98,7362.0,2045.0,62974.1,17492.9,2045.0,0.0,0.0,0.0,0.0,210992202,Air,Central split system,11109.4,T,5.48,3.97,2.4,0.0,0.0,105.0,0.0,0.0,,Central split system,3.51,Electric furnace,Electricity,,,Yes,YORK,,,,,,,,14,,,,,
5460852,MB,R5H,N,2024-10-01,2024,Attached Duplex,188.5,Two storeys,2024,B1,2,1.1011,4530.8,4.531,7314.2,2031.7,62791.5,17442.2,2031.7,0.0,0.0,0.0,0.0,210992202,Air,Central split system,11109.4,T,5.48,3.97,2.4,0.0,0.0,105.0,0.0,0.0,,Central split system,3.51,Electric furnace,Electricity,,,Yes,YORK,,,,,,,,14,,,,,
5460852,MB,R5H,P,2024-10-01,2024,Attached Duplex,188.5,Two storeys,2024,B1,2,2.5,5884.0,5.884,10664.3,2962.3,65874.1,18298.5,2962.2,0.0,0.0,0.0,0.0,210992202,Air,Central split system,11109.4,T,5.48,3.97,2.4,0.0,0.0,105.0,0.0,0.0,,Central split system,3.51,Electric furnace,Electricity,,,Yes,YORK,,,,,,,,14,,,,,
5462303,MB,R0E,N,2024-10-01,2024,Single Detached,325.2,Two storeys,2024,B1,1,1.69,11942.9,11.943,13043.5,3623.2,97255.5,27015.6,3623.1,11332.3,0.0,0.0,0.0,207555019,Air,Central split system,9964.4,F,0.0,4.051,0.0,0.0,0.0,0.0,0.0,0.0,,Central split system,3.556,Condensing furnace,Natural Gas,Advanced airtight wood stove,Mixed Wood,Yes,DUCANE,4HP18V36P,EAC4X48C,34000,22200,,,10,18.5,No,9.964,,0.834,
5462303,MB,R0E,P,2024-10-01,2024,Single Detached,325.2,Two storeys,2024,B1,1,2.5,12914.3,12.914,13269.7,3686.1,103149.4,28652.8,3686.1,12926.8,0.0,0.0,0.0,207555019,Air,Central split system,9964.4,F,0.0,4.051,0.0,0.0,0.0,0.0,0.0,0.0,,Central split system,3.556,Condensing furnace,Natural Gas,Advanced airtight wood stove,Mixed Wood,Yes,DUCANE,4HP18V36P,EAC4X48C,34000,22200,,,10,18.5,No,9.964,,0.772,
5462930,MB,R3N,D,2024-10-01,2024,Single Detached,209.1,One and a half,1922,B1,1,5.7804,20603.7,20.604,16534.2,4592.9,189085.6,52524.2,4592.8,32269.1,0.0,0.0,0.0,4397405,Air,Ductless Mini- or Multi-split system,3487.5,F,0.0,1.86,0.0,0.0,0.0,0.0,0.0,0.0,,Ductless Mini- or Multi-split system,3.498,Boiler  with spark ignition,Natural Gas,,,Yes,FUJITSU,AOU24RLXFZ,,24000,14100,11900,1.86,8.7,18.5,No,7.034,3.488,0.341,0.169
5463715,MB,R2E,N,2024-10-01,2024,Single Detached,746.8,Two storeys,2024,B1,1,0.47,16268.3,16.268,28055.5,7793.3,101818.7,28283.2,7793.4,7294.5,0.0,0.0,0.0,206841164,Air,,16716.1,T,13.48,3.94,3.85,,,54.0,,,,Central split system,3.14,Condensing furnace,Natural Gas,Fireplace with spark ignit. (sealed),Natural Gas,Yes,LENNOX,EL18XPV-048-230A**,CX35-49C+TDR,46000,31200,25200,1.92,8.1,18.4,No,13.481,7.385,0.829,0.454
5463715,MB,R2E,P,2024-10-01,2024,Single Detached,746.8,Two storeys,2024,B1,1,1.5,20300.0,20.3,30880.3,8577.9,119195.6,33110.2,8577.8,11419.8,0.0,0.0,0.0,206841164,Air,,16716.1,T,13.48,3.94,3.85,,,54.0,,,,Central split system,3.14,Condensing furnace,Natural Gas,Fireplace with spark ignit. (sealed),Natural Gas,Yes,LENNOX,EL18XPV-048-230A**,CX35-49C+TDR,46000,31200,25200,1.92,8.1,18.4,No,13.481,7.385,0.664,0.364
1916241,MB,R3G,E,2024-11-01,2024,Single Detached,184.5,One and a half,1911,B1;C1;F1,1,4.87,13754.8,13.755,25560.6,7100.2,109493.8,30415.2,7100.3,9808.7,0.0,0.0,0.0,211644151,Air,,10185.1,T,9.96,3.02,1.8,,,70.0,,,,Central split system,2.79,Condensing furnace,Natural Gas,,,Yes,GREE,GUD36W/A-D(U),GCAT36*/NAA,36000,23200,26000,1.80,8.5,15.2,Yes,10.551,7.62,0.767,0.554
552140,MB,R3T,E,2024-11-01,2024,Single Detached,227.6,One storey,1985,B1,1,2.8343,11748.8,11.749,11019.6,3061.0,96041.5,26678.4,3061.1,9299.5,0.0,0.0,0.0,214715516,Air,,8206.0,F,0.0,3.713,0.0,,,0.0,,,ESTAR,Central single package system,3.342,Condensing furnace,Natural Gas,Fireplace with spark ignit. (unsealed),Natural Gas,Yes,AIREASE,4SHP17LE130P-**A,7EC36BX-0*+TDR,28000,18400,14500,2.28,8.1,16,No,8.206,4.25,0.698,0.362
13763746,MB,R3M,E,2024-12-01,2024,Single Detached,144.2,Two storeys,1914,B1;B2;B3,1,4.76,13118.1,13.118,27490.6,7636.3,79035.7,21954.5,7636.4,5197.8,0.0,0.0,0.0,212427853,Air,,13837.4,T,7.33,3.36,1.82,,,86.0,,,,Central split system,2.93,Condensing furnace,Natural Gas,,,Yes,NAPOLEON,WSEHV2436RA1-N,"H,DE33(6,9)36",24000,15000,17500,1.80,8.5,17,No,7.034,5.129,0.536,0.391
5059549,MB,R0G,E,2024-12-01,2024,Single Detached,181.4,Two storeys,1947,B1,1,4.45,15111.7,15.112,59047.0,16402.1,104435.7,29010.1,16402.1,0.0,0.0,0.0,0.0,207699009,Air,,16824.2,T,9.67,3.09,1.8,,,78.0,,,,Central split system,2.77,Electric furnace,Electricity,,,Yes,MDV,MOD30U-30HFN1-MR0(X),MVC-30HWFN1-M,33000,21000,24000,1.80,8.9,16.2,Yes,9.671,7.034,0.64,0.465
5082956,MB,R2V,E,2024-12-01,2024,Single Detached,201.8,One storey,2003,B1;P1,1,1.6,9496.3,9.496,20421.5,5672.7,83790.2,23275.2,5672.8,4880.6,0.0,0.0,0.0,212925910,Air,,10420.4,T,9.96,3.32,1.95,,,70.0,,,ESTAR,Central split system,2.94,Condensing furnace,Natural Gas,,,Yes,GREE,GUD36W/A-D(U),"D(A,C,E)36B34+TDR",36000,22000,24000,1.80,8.5,15.2,No,10.551,7.034,1.111,0.741
5121517,MB,R0G,E,2024-12-01,2024,Single Detached,149.5,Two storeys,1920,B1;B2;B3,1,9.92,17778.4,17.778,67508.9,18752.6,113473.7,31520.7,18752.7,0.0,0.0,0.0,0.0,208447896,Air,Central split system,15496.7,T,7.03,3.3,1.8,0.0,0.0,100.0,0.0,0.0,ESTAR,Central split system,3.43,Electric furnace,Electricity,,,Yes,BRYANT,38MURAQ24AB3,40MUAAQ24XA3,24000,19200,22600,1.91,10,17.4,Yes,7.034,6.623,0.396,0.373
5478399,MB,R0G,E,2024-12-01,2024,Single Detached,171.5,One storey,1975,B1,1,1.9157,7942.8,7.943,12253.5,3403.8,71881.3,19967.2,3403.6,3411.7,0.0,0.0,0.0,213076382,Air,Central split system,5473.1,T,5.39,3.84,2.34,8.05,16.0,105.0,0.0,0.0,ESTAR,Central split system,3.34,Condensing furnace,Natural Gas,,,Yes,CARRIER,38MURAQ18AB3*,CAP**2417AL*,18400,12400,19500,2.34,8.5,16,No,5.393,5.715,0.679,0.72
5138020,MB,R3M,E,2024-12-01,2024,Single Detached,169.4,Two storeys,1948,B1;C1;F1,1,5.7423,13036.7,13.037,23012.5,6392.4,117506.7,32641.0,6392.6,13018.4,0.0,0.0,0.0,207436231,Air,Central split system,6358.2,T,6.33,3.11,1.84,8.05,22.4,95.0,0.0,0.0,,Central split system,4.09,Condensing furnace,Natural Gas,Fireplace with spark ignit. (sealed),Natural Gas,Yes,LENNOX,SL25XPV-024-230A**,CX35-36B+TDR,21600,24200,20600,1.84,9.1,22.4,No,6.33,6.037,0.486,0.463
5154114,MB,R3K,E,2024-11-01,2024,Single Detached,271.0,Split level,1962,B1;B2;B3;B4;P1,1,2.86,18171.8,18.172,41864.2,11629.0,124073.6,34465.2,11629.0,9762.9,0.0,0.0,0.0,210722666,Air,Ductless Mini- or Multi-split system,28573.0,T,10.73,3.35,2.0,0.0,0.0,100.0,0.0,0.0,,Ductless Mini- or Multi-split system,2.96,Boiler  with continuous pilot,Natural Gas,,,Yes,DAIKIN,4MXL36WVJU*,,36600,22400,36600,1.80,9,20,No,10.726,10.726,0.59,0.59
5171892,MB,R0G,E,2024-11-01,2024,Single Detached,315.3,One storey,1965,B1;B2,1,2.0118,11471.2,11.471,41526.9,11535.3,76891.9,21359.0,11535.4,0.0,0.0,0.0,0.0,207436541,Air,,26322.4,T,13.48,3.31,1.98,,,80.0,,,,Central split system,3.44,Electric furnace,Electricity,,,Yes,LENNOX,SL25XPV-048-230A**,CBA38MV-048-230*+TDR,46000,45500,37000,1.98,9.8,21.8,No,13.481,10.844,1.175,0.945
5175790,MB,R1A,E,2024-11-01,2024,Single Detached,400.1,Two storeys,1997,B1,1,1.7359,15112.8,15.113,19698.6,5471.9,113627.4,31563.4,5472.0,12986.8,0.0,0.0,0.0,212406525,Air,Central split system,7653.6,T,6.56,3.68,2.1,7.0,15.2,107.0,0.0,0.0,ESTAR,Central split system,3.41,Condensing furnace,Natural Gas,Fireplace with pilot (sealed),Natural Gas,Yes,TRANE,4TXD2036A10NU**,"H,TG34930+TD",24000,15800,21200,1.80,8.5,15.2,No,7.034,6.213,0.465,0.411
5231267,MB,R5M,E,2024-11-01,2024,Single Detached,326.7,One storey,1993,B1,1,2.2,15074.6,15.075,51341.1,14261.5,98311.1,27308.9,14261.5,0.0,0.0,0.0,0.0,213153602,Air,Central split system,15057.4,T,9.5,3.31,1.8,7.0,15.2,72.0,0.0,0.0,,Central split system,3.41,Electric furnace,Electricity,Fireplace with spark ignit. (sealed),Propane,Yes,NAPOLEON,WSEHV2436RA1-N,HG34936,36000,21000,23600,1.80,8.5,15.2,No,10.551,6.916,0.7,0.459
5239247,MB,R2C,E,2024-11-01,2024,Single Detached,122.2,One storey,1985,B1;B2,1,1.15,6436.9,6.437,10353.4,2876.0,67982.8,18884.3,2875.9,3172.8,0.0,0.0,0.0,212974640,Air,Central split system,5404.5,T,5.33,3.82,2.34,7.95,0.0,106.0,0.0,0.0,,Central split system,3.19,Condensing furnace,Natural Gas,,,Yes,BRYANT HEATING AND COOLING SYSTEMS,38MURAQ18AB3*,CAP**2417AL*,18200,12300,19400,2.34,8.5,16.5,No,5.334,5.686,0.829,0.883
5254578,MB,R2H,E,2024-12-01,2024,Single Detached,263.6,One storey,1960,B1,1,3.9634,17383.1,17.383,20957.2,5821.5,160203.0,44501.2,5821.4,23260.2,0.0,0.0,0.0,207643071,Air,Ductless Mini- or Multi-split system,5568.3,F,0.0,3.675,0.0,0.0,0.0,0.0,0.0,0.0,ESTAR,Ductless Mini- or Multi-split system,3.843,Boiler  with continuous pilot,Natural Gas,Fireplace with spark ignit. (unsealed),Natural Gas,Yes,KEEPRITE,DLCMRBH18BAK,,19000,14400,12600,2.00,10.2,21,No,5.568,3.693,0.32,0.212
5271385,MB,R3N,E,2024-11-01,2024,Single Detached,195.0,Two storeys,1945,B1;C1;F1,1,3.69,13561.3,13.561,44670.3,12408.5,90457.0,25127.1,12408.4,0.0,0.0,0.0,0.0,213153602,Air,,15057.4,T,9.5,3.31,1.8,,,72.0,,,,Central split system,3.41,Electric furnace,Electricity,Advanced airtight wood stove,Mixed Wood,Yes,NAPOLEON,WSEHV2436RA1-N,HG34936,36000,21000,23600,1.80,8.5,15.2,No,10.551,6.916,0.778,0.51
5271402,MB,R2V,E,2024-11-01,2024,Single Detached,59.8,One storey,1946,C1;C2;F1,1,6.7621,5887.7,5.888,9457.8,2627.2,59287.8,16469.0,2627.2,0.0,0.0,0.0,0.0,210722665,Air,Ductless Mini- or Multi-split system,14289.0,T,7.03,3.59,2.02,0.0,0.0,90.0,0.0,0.0,,Ductless Mini- or Multi-split system,2.92,Baseboard/Hydronic/Plenum(duct) htrs.,Electricity,Baseboard/Hydronic/Plenum(duct) htrs,Electricity,Yes,DAIKIN,3MXL24WMVJU*,,24000,15500,21600,1.80,9.7,18,Yes,7.034,6.33,1.195,1.075
5275873,MB,R3R,E,2024-10-01,2024,Single Detached,325.6,Two storeys,1955,B1;B2;C1;F1,1,4.3,25627.5,25.628,96467.7,26796.8,135131.1,37536.7,26796.9,0.0,0.0,0.0,0.0,209852087,Air,Central split system,25740.7,T,11.72,3.46,1.9,0.0,0.0,88.0,0.0,0.0,ESTAR,Central split system,3.04,Electric furnace,Electricity,Fireplace with spark ignit. (sealed),Natural Gas,Yes,KEEPRITE,DLCURAH36ABK,DLFUAAH36XAK,40000,30400,34400,1.97,9.5,16,Yes,11.723,10.082,0.457,0.393
5283987,MB,R0E,E,2024-11-01,2024,Single Detached,205.1,One storey,1967,B1,1,2.4584,9983.3,9.983,35177.1,9771.5,81108.2,22530.2,9771.5,0.0,0.0,0.0,0.0,213153602,Air,,15192.2,T,9.5,3.3,1.8,,,72.0,,,,Central split system,3.41,Electric furnace,Electricity,,,Yes,NAPOLEON,WSEHV2436RA1-N,HG34936,36000,21000,23600,1.80,8.5,15.2,No,10.551,6.916,1.057,0.693
568959,MB,R1N,E,2024-12-01,2024,Single Detached,275.7,One storey,1992,B1,1,2.0,8295.4,8.295,23369.9,6491.7,98071.6,27242.3,6491.7,4827.0,0.0,0.0,0.0,212633393,Air,,10198.3,T,9.5,3.0,1.8,,,74.0,,,,Central split system,2.79,Condensing furnace,Natural Gas,Fireplace with pilot (sealed),Natural Gas,Yes,,,,,,,,,,,,,,
5305050,MB,R3T,E,2024-10-01,2024,Single Detached,164.9,One storey,1949,B1,1,3.0771,8075.4,8.075,12331.0,3425.3,79023.6,21951.2,3425.3,6182.3,0.0,0.0,0.0,213076382,Air,,5465.2,T,5.39,3.39,2.34,,,105.0,,,,Central split system,3.34,Condensing furnace,Natural Gas,Fireplace with pilot (sealed),Natural Gas,Yes,CARRIER,38MURAQ18AB3*,CAP**2417AL*,18400,12400,19500,2.34,8.5,16,No,5.393,5.715,0.668,0.708
5307749,MB,R0G,E,2024-12-01,2024,Single Detached,194.1,One storey,1988,B1,1,1.78,9169.8,9.17,20568.2,5713.4,90575.2,25160.0,5713.4,6851.2,0.0,0.0,0.0,207657627,Air,,7140.1,T,3.52,3.19,1.97,,,92.0,,,,Mini-split ductless,3.618,Furnace with continuous pilot,Natural Gas,,,Yes,SENVILLE,SENA/09HF/OQ,SENA/09HF/IQ,12000,9500,10600,2.00,11.5,28.1,Yes,3.517,3.107,0.384,0.339
5312612,MB,R2H,E,2024-11-01,2024,Single Detached,229.2,Two storeys,1988,B1,1,2.44,11011.6,11.012,22332.2,6203.4,81577.3,22660.5,6203.4,3715.3,0.0,0.0,0.0,210435438,Air,,20354.7,T,10.37,4.07,2.08,,,90.0,,,,Central split system,3.66,Condensing furnace,Natural Gas,,,Yes,Mitsubishi Electric,PUZ-HA30NKA*,PAA-A30BA1,35400,23200,35400,1.75,8.9,18,Yes,10.375,10.375,0.942,0.942
5317760,MB,R0A,E,2024-12-01,2024,Single Detached,192.2,One storey,1964,B1,1,1.9385,7206.0,7.206,22158.5,6155.2,68675.2,19076.6,6155.3,0.0,0.0,0.0,0.0,212633393,Air,,10185.1,T,9.5,3.02,1.8,,,74.0,,,,Central split system,2.79,Electric furnace,Electricity,,,Yes,,,,,,,,,,,,,,
5345648,MB,R3G,E,2024-11-01,2024,Single Detached,271.1,Three storeys,1907,B1,1,4.3823,26424.2,26.424,58989.9,16386.2,161574.3,44882.1,16386.2,15690.4,0.0,0.0,0.0,213153602,Air,,16600.3,T,9.5,3.22,1.8,,,72.0,,,,Central split system,3.01,Condensing furnace,Natural Gas,Baseboard/Hydronic/Plenum(duct) htrs,Electricity,Yes,NAPOLEON,WSEHV2436RA1-N,HG34936,36000,21000,23600,1.80,8.5,15.2,No,10.551,6.916,0.399,0.262
5365526,MB,R5M,E,2024-11-01,2024,Single Detached,194.2,One storey,1989,B1,1,1.377,7772.5,7.772,25784.7,7162.5,72416.7,20115.9,7162.6,0.0,0.0,0.0,0.0,212925910,Air,,10420.4,T,9.96,3.32,1.95,,,70.0,,,,Central split system,2.94,Electric furnace,Electricity,Forced air furnace,Electricity,Yes,GREE,GUD36W/A-D(U),"D(A,C,E)36B34+TDR",36000,22000,24000,1.80,8.5,15.2,No,10.551,7.034,1.357,0.905
5376038,MB,R2M,E,2024-11-01,2024,Single Detached,190.1,Two storeys,1919,B1,1,4.8772,14924.8,14.925,25452.1,7070.1,103497.7,28749.6,7070.1,8608.1,0.0,0.0,0.0,212633393,Air,,10185.1,T,9.5,3.02,1.8,,,74.0,,,,Central split system,2.79,Condensing furnace,Natural Gas,,,Yes,,,,,,,,,,,,,,
5377937,MB,R3Y,E,2024-11-01,2024,Single Detached,223.7,One storey,1997,B1,1,2.1324,10934.1,10.934,16531.5,4592.1,89177.3,24771.7,4592.0,7498.1,0.0,0.0,0.0,211239688,Air,,7924.3,T,7.85,3.7,2.02,,,91.0,,,,Central split system,3.21,Condensing furnace,Natural Gas,Fireplace with pilot (sealed),Natural Gas,Yes,CARRIER,38MURAQ24AB3*,CAP**2417AL*,26800,19400,24400,2.02,8.5,16,No,7.854,7.151,0.718,0.654
5378052,MB,R0C,E,2024-11-01,2024,Single Detached,128.3,One storey,1965,C1;F1,1,8.6886,15582.3,15.582,38780.0,10772.3,98820.0,27450.2,10772.3,2840.9,0.0,0.0,0.0,208786090,Air,,16572.9,T,7.03,3.89,2.1,,,90.0,,,ESTAR,Mini-split ductless,3.6,Baseboard/Hydronic/Plenum(duct) htrs.,Electricity,Fireplace with spark ignit. (sealed),Natural Gas,Yes,GREE,GWHD(24)ND3MO,,24000,23600,21600,2.10,10,21,Yes,7.034,6.33,0.451,0.406
5383206,MB,R3L,E,2024-11-01,2024,Single Detached,151.5,Two storeys,1911,B1;B2,1,7.39,17370.6,17.371,18884.4,5245.7,118777.5,32994.0,5245.6,15282.1,0.0,0.0,0.0,213076380,Air,,7924.3,T,7.85,3.92,2.26,,,99.0,,,,Central split system,3.2,Condensing furnace,Natural Gas,Baseboard/Hydronic/Plenum(duct) htrs,Electricity,Yes,TEMPSTAR,DLCURAH24ABK,EA*4X24L17A*,26800,19400,26600,2.26,8.5,16.5,No,7.854,7.796,0.452,0.449
5383900,MB,R1A,E,2024-11-01,2024,Single Detached,279.2,Two storeys,1986,B1;B2,1,3.08,19963.3,19.963,36816.2,10226.8,129969.4,36102.9,10226.7,10896.2,0.0,0.0,0.0,213153602,Air,,15057.4,T,9.5,3.31,1.8,,,72.0,,,,Central split system,3.41,Condensing furnace,Natural Gas,Wood fireplace,Mixed Wood,Yes,NAPOLEON,WSEHV2436RA1-N,HG34936,36000,21000,23600,1.80,8.5,15.2,No,10.551,6.916,0.528,0.346
5386640,MB,R6W,E,2024-12-01,2024,Single Detached,232.3,Two storeys,2018,,1,1.69,11062.1,11.062,40532.7,11259.2,85667.6,23796.7,11259.3,0.0,0.0,0.0,0.0,213485863,Air,,14147.1,T,11.43,2.94,1.8,,,97.0,,,,Central split system,2.4,Electric furnace,Electricity,Other (describe),Electricity,Yes,ECO-AIR,MOX630-36HFN1-M3X,MVC-36HWFN1-M,39000,31800,38000,1.80,9.5,16.3,Yes,11.43,11.137,1.033,1.007
5387014,MB,R0K,E,2024-11-01,2024,Single Detached,171.5,One storey,1967,B1;B2;B3,1,1.22,8086.2,8.086,31492.8,8748.1,78307.3,21752.2,8748.1,0.0,0.0,0.0,0.0,207683238,Air,,16131.5,T,8.21,3.17,1.81,,,90.0,,,,Mini-split ductless,2.84,Baseboard/Hydronic/Plenum(duct) htrs.,Electricity,,,Yes,NAPOLEON,NDHAM-28-O,,28000,25600,25000,1.80,9.8,22.6,Yes,8.206,7.327,1.015,0.906
5388020,MB,R0K,E,2024-12-01,2024,Single Detached,124.7,One storey,1970,C1;F1,1,3.6,11066.4,11.066,25557.2,7099.3,74857.5,20793.9,7099.2,0.0,0.0,0.0,0.0,207683241,Air,,12929.7,T,10.84,4.33,1.93,,,97.0,,,,Mini-split ductless,2.8,Baseboard/Hydronic/Plenum(duct) htrs.,Electricity,,,Yes,NAPOLEON,NDHAM-36-O,,37000,35000,36000,1.90,9.7,20,Yes,10.844,10.551,0.98,0.953
5396197,MB,R0A,E,2024-11-01,2024,Single Detached,192.3,One storey,2009,B1,1,1.23,7346.1,7.346,23785.1,6607.0,71101.3,19750.5,6607.0,0.0,0.0,0.0,0.0,212633393,Air,,10185.1,T,9.5,3.02,1.8,,,74.0,,,,Central split system,2.79,Electric furnace,Electricity,,,Yes,,,,,,,,,,,,,,
5397494,MB,R2M,E,2024-11-01,2024,Single Detached,199.7,Split level,1969,B1;B2;P1,1,2.7029,11230.8,11.231,23140.6,6428.0,92509.0,25697.2,6428.1,4499.5,0.0,0.0,0.0,211644151,Air,,10185.1,T,9.96,3.02,1.8,,,70.0,,,,Central single package system,2.76,Condensing furnace,Natural Gas,,,Yes,GREE,GUD36W/A-D(U),GCAT36*/NAA,36000,23200,26000,1.80,8.5,15.2,Yes,10.551,7.62,0.939,0.678
5399377,MB,R3G,E,2024-11-01,2024,Single Detached,234.3,Two and a half,1913,B1;C1;F1,1,7.36,33579.6,33.58,49026.6,13618.6,217911.9,60531.6,13618.7,33563.9,0.0,0.0,0.0,211644153,Air,,15308.3,T,15.53,3.08,1.8,,,75.0,,,,Central split system,2.64,Condensing furnace,Natural Gas,Other (describe),Electricity,Yes,GREE,GUD60W/A-D(U),GCAT60*/NAA,53000,44500,37200,1.80,8.5,15.2,No,15.533,10.902,0.463,0.325
5408487,MB,R5H,E,2024-12-01,2024,Single Detached,120.2,One storey,1999,C1;F1,1,5.5769,16441.9,16.442,43297.6,12027.2,89436.6,24843.7,12027.3,0.0,0.0,0.0,0.0,208447887,Air,Central split system,15557.4,T,7.03,3.29,1.8,8.0,17.4,100.0,0.0,0.0,ESTAR,Central split system,3.43,Electric furnace,Electricity,Fireplace with spark ignit. (sealed),Propane,Yes,CARRIER,38MURAQ24AB3,40MUAAQ24XA3,24000,19200,22600,1.91,10,17.4,Yes,7.034,6.623,0.428,0.403
5416194,MB,R3G,E,2024-12-01,2024,Single Detached,249.7,Two storeys,1925,B1,1,5.87,25602.9,25.603,30647.8,8513.3,157150.3,43653.2,8513.4,22145.7,0.0,0.0,0.0,210722661,Air,,12529.9,T,7.03,3.8,2.17,,,78.0,,,,Mini-split ductless,2.92,"Boiler  with spark ignit.,vent dmpr",Natural Gas,Wood fireplace,Mixed Wood,Yes,DAIKIN,3MXS24WMVJU*,,24000,15500,18900,1.80,9.7,18,No,7.034,5.539,0.275,0.216
5418047,MB,R1A,E,2024-12-01,2024,Single Detached,256.9,One storey,1964,B1,1,2.99,13882.2,13.882,31225.7,8673.9,96074.4,26687.5,8674.0,4899.5,0.0,0.0,0.0,213732653,Air,Ductless Mini- or Multi-split system,16258.4,T,8.21,3.17,1.81,0.0,0.0,90.0,0.0,0.0,ESTAR,Ductless Mini- or Multi-split system,2.84,Condensing furnace,Natural Gas,Baseboard/Hydronic/Plenum(duct) htrs,Electricity,Yes,SENVILLE,SENA-28HF-MOB,,28000,26600,25000,1.80,10.6,23,Yes,8.206,7.327,0.591,0.528
5424811,MB,R2M,E,2024-12-01,2024,Single Detached,210.5,One storey,2016,B1,1,1.4145,6527.4,6.527,21489.5,5969.4,68600.6,19055.9,5969.2,0.0,0.0,0.0,0.0,9626232,Air,,7033.7,F,0.0,3.544,0.0,,,0.0,,,,Central split system,3.153,Electric furnace,Electricity,,,Yes,,,,,,,,,,,,,,
5427248,MB,R3R,E,2024-11-01,2024,Single Detached,299.5,Two storeys,1977,B1,1,4.5259,24571.8,24.572,57563.2,15989.9,164532.0,45703.7,15989.9,13305.7,0.0,0.0,3672.3,212633393,Air,Coils Only,20370.2,T,9.5,3.02,1.8,7.0,15.2,74.0,0.0,0.0,,Coils Only,2.79,Condensing furnace,Natural Gas,Wood fireplace,Hardwood,Yes,,,,,,,,,,,,,,
5428063,MB,R2W,E,2024-12-01,2024,Single Detached,158.8,Two storeys,1914,B1,1,8.77,19768.2,19.768,19783.1,5495.3,128483.5,35690.1,5495.3,17196.8,0.0,0.0,0.0,213076371,Air,Central split system,7924.3,T,7.85,3.92,2.26,8.35,16.5,99.0,0.0,0.0,,Central split system,3.2,Condensing furnace,Natural Gas,,,Yes,BRYANT HEATING AND COOLING SYSTEMS,38MURAQ24AB3*,CAP**2417AL*,26800,19400,26600,2.26,8.5,16.5,No,7.854,7.796,0.397,0.394
5431736,MB,R3R,E,2024-12-01,2024,"Row house, end unit",126.2,One storey,1974,B1,1,3.6638,6748.2,6.748,11160.8,3100.2,63387.8,17607.9,3100.3,1683.3,0.0,0.0,0.0,213153602,Air,Central split system,15057.4,T,9.5,3.31,1.8,7.0,15.2,72.0,0.0,0.0,ESTAR,Central split system,3.41,Condensing furnace,Natural Gas,,,Yes,NAPOLEON,WSEHV2436RA1-N,HG34936,36000,21000,23600,1.80,8.5,15.2,No,10.551,6.916,1.563,1.025
5440329,MB,R2J,E,2024-11-01,2024,Single Detached,405.8,One storey,2022,B1;B2;C1;F1,1,0.88,10624.1,10.624,20389.7,5663.9,79691.1,22136.6,5663.9,3627.8,0.0,0.0,0.0,212633393,Air,,10185.1,T,9.5,3.02,1.8,,,74.0,,,,Central split system,2.79,Condensing furnace,Natural Gas,Fireplace with spark ignit. (sealed),Natural Gas,Yes,,,,,,,,,,,,,,
5448318,MB,R5G,E,2024-11-01,2024,Single Detached,520.7,One storey,2017,B1,1,0.32,8561.2,8.561,19128.0,5313.4,69634.8,19343.2,5313.4,2291.7,0.0,0.0,0.0,212633393,Air,Central split system,12547.0,T,9.5,3.49,1.8,7.0,15.2,74.0,0.0,0.0,,Central split system,3.41,Condensing furnace,Natural Gas,Fireplace with spark ignit. (sealed),Natural Gas,Yes,,,,,,,,,,,,,,
5466635,MB,R0E,N,2024-08-01,2024,Single Detached,255.6,One storey,2024,B1,1,0.52,5938.5,5.938,24173.7,6715.0,67679.0,18799.9,6715.1,0.0,0.0,0.0,0.0,210798386,Air,,18340.0,T,11.72,3.18,1.85,,,68.0,,,,Central split system,2.52,Electric furnace,Electricity,Radiant floor panels,Electricity,Yes,AMANA,ASZS604210A*,AHVE42CP1400A*,40000,25600,27400,1.90,8.1,16.7,No,11.723,8.03,1.974,1.352
5466635,MB,R0E,P,2024-08-01,2024,Single Detached,255.6,One storey,2024,B1,1,1.5,6794.7,6.795,27151.9,7542.3,70600.4,19611.4,7542.3,0.0,0.0,0.0,0.0,210798386,Air,,18340.0,T,11.72,3.18,1.85,,,68.0,,,,Central split system,2.52,Electric furnace,Electricity,Radiant floor panels,Electricity,Yes,AMANA,ASZS604210A*,AHVE42CP1400A*,40000,25600,27400,1.90,8.1,16.7,No,11.723,8.03,1.725,1.182
5466896,MB,R2L,D,2024-11-01,2024,Single Detached,186.9,Two storeys,1927,B1,1,9.89,21830.3,21.83,41087.9,11413.4,131587.9,36552.5,11413.4,12528.2,0.0,0.0,0.0,201835693,Air,,14168.4,T,10.55,3.35,1.96,,,59.0,,,,Mini-split ductless,2.84,Condensing heater,Natural Gas,,,Yes,KEEPRITE,DLCMRAH36DAK,,36000,23600,26200,1.80,8.6,21.4,No,10.551,7.678,0.483,0.352
5468387,MB,R0H,N,2024-10-01,2024,Single Detached,309.4,One storey,2024,B1,1,0.82,6872.6,6.873,20980.1,5827.9,66466.7,18463.1,5827.8,0.0,0.0,0.0,0.0,211624974,Air,Central split system,11200.3,T,10.26,2.97,1.8,0.0,0.0,108.0,0.0,0.0,,Central split system,2.85,Electric furnace,Electricity,,,Yes,NAPOLEON,WSEHV2436RA1-N,NPFX24A36A,35000,29000,28000,1.80,9,16,Yes,10.257,8.206,1.493,1.194
5468387,MB,R0H,P,2024-10-01,2024,Single Detached,309.4,One storey,2024,B1,1,1.5,7687.8,7.688,23646.1,6568.4,68980.0,19161.3,6568.4,0.0,0.0,0.0,0.0,211624974,Air,Central split system,11200.3,T,10.26,2.97,1.8,0.0,0.0,108.0,0.0,0.0,,Central split system,2.85,Electric furnace,Electricity,,,Yes,NAPOLEON,WSEHV2436RA1-N,NPFX24A36A,35000,29000,28000,1.80,9,16,Yes,10.257,8.206,1.334,1.067
5468488,MB,R4H,N,2024-11-01,2024,Single Detached,340.0,One storey,2024,B1;B2,1,0.91,8341.0,8.341,16810.4,4669.6,69011.2,19169.9,4669.5,2477.8,0.0,0.0,0.0,215389781,Air,Central split system,11421.3,T,11.28,3.17,1.8,0.0,0.0,91.0,0.0,0.0,,Central split system,3.2,Condensing furnace,Natural Gas,Other (describe),Electricity,Yes,KEEPRITE,DLCURAH36ABK,EA*4X36L17A*,38500,29600,35200,1.80,8.1,15.2,No,11.283,10.316,1.353,1.237
5468488,MB,R4H,P,2024-11-01,2024,Single Detached,340.0,One storey,2024,B1;B2,1,1.5,8966.5,8.966,17826.9,4952.0,70997.4,19721.7,4952.0,2766.4,0.0,0.0,0.0,215389781,Air,Central split system,11421.3,T,11.28,3.17,1.8,0.0,0.0,91.0,0.0,0.0,,Central split system,3.2,Condensing furnace,Natural Gas,Other (describe),Electricity,Yes,KEEPRITE,DLCURAH36ABK,EA*4X36L17A*,38500,29600,35200,1.80,8.1,15.2,No,11.283,10.316,1.258,1.151
5470571,MB,R5G,N,2024-11-01,2024,Apartment Row,1459.8,Three storeys,2024,,12,0.5,24538.2,24.538,60124.7,16701.4,427422.6,118729.4,16701.5,0.0,0.0,0.0,0.0,210410122,Air,Ductless Mini- or Multi-split system,69049.5,T,3.52,3.11,1.75,0.0,0.0,70.0,0.0,0.0,,Ductless Mini- or Multi-split system,2.6,Baseboard/Hydronic/Plenum(duct) htrs.,Electricity,Forced air furnace,Electricity,Yes,ACD,CHD12KCH17S-O,CHD12KCH17S-I,12000,9700,8500,1.80,8.5,17.5,No,3.517,2.491,0.143,0.102
5470571,MB,R5G,P,2024-11-01,2024,Apartment Row,1459.8,Three storeys,2024,,12,2.5,43250.4,43.25,116053.8,32237.4,478972.5,133049.0,32237.5,0.0,0.0,0.0,0.0,210410122,Air,Ductless Mini- or Multi-split system,69049.4,T,3.52,3.11,1.75,0.0,0.0,70.0,0.0,0.0,,Ductless Mini- or Multi-split system,2.6,Baseboard/Hydronic/Plenum(duct) htrs.,Electricity,Forced air furnace,Electricity,Yes,ACD,CHD12KCH17S-O,CHD12KCH17S-I,12000,9700,8500,1.80,8.5,17.5,No,3.517,2.491,0.081,0.058
5470917,MB,R0C,D,2024-11-01,2024,Single Detached,145.7,One storey,2009,C1;F1,1,2.01,8340.5,8.34,17966.9,4990.8,66074.7,18354.2,4990.9,0.0,0.0,0.0,0.0,206382713,Air,Central split system,7268.1,F,0.0,4.615,0.0,0.0,0.0,0.0,0.0,0.0,,Central split system,3.613,Baseboard/Hydronic/Plenum(duct) htrs.,Electricity,,,Yes,,,,,,,,,,,,,,
5474653,MB,R5A,D,2024-12-01,2024,Single Detached,330.4,One storey,1999,B1,1,2.16,15626.4,15.626,22782.2,6328.4,66258.5,18405.3,6328.4,0.0,0.0,0.0,0.0,207312176,Ground,Ground source heat pump,13660.0,F,0.0,3.8,0.0,0.0,0.0,0.0,0.0,0.0,,Conventional A/C,5.66,Electric furnace,Electricity,Adv. airtight wood stove + cat. conv.,Mixed Wood,No,,,,,,,,,,,,,,
5475312,MB,R3X,D,2024-12-01,2024,Single Detached,195.3,Two storeys,2023,B1,1,1.685,9336.1,9.336,20875.3,5798.7,83951.1,23319.9,5798.7,4080.6,0.0,0.0,0.0,211644151,Air,Coils Only,10008.4,T,9.96,3.02,1.8,7.0,15.2,75.0,0.0,0.0,,Coils Only,2.79,Condensing furnace,Natural Gas,,,Yes,GREE,GUD36W/A-D(U),GCAT36*/NAA,36000,23200,26000,1.80,8.5,15.2,Yes,10.551,7.62,1.13,0.816
5476405,MB,R0H,N,2024-11-01,2024,Single Detached,501.0,One storey,2024,B1,1,0.52,9566.5,9.566,11024.9,3062.5,51930.9,14425.4,3062.5,0.0,0.0,0.0,0.0,207312172,Water,,12690.0,F,0.0,4.9,0.0,,,0.0,,,C448,Conventional A/C,7.15,Electric furnace,Electricity,Advanced airtight wood stove,Mixed Wood,No,,,,,,,,,,,,,,
5476405,MB,R0H,P,2024-11-01,2024,Single Detached,501.0,One storey,2024,B1,1,1.5,11921.6,11.922,14069.5,3908.2,54886.4,15246.3,3908.1,0.0,0.0,0.0,0.0,207312172,Water,,12690.0,F,0.0,4.9,0.0,,,0.0,,,C448,Conventional A/C,7.15,Electric furnace,Electricity,Advanced airtight wood stove,Mixed Wood,No,,,,,,,,,,,,,,
5477578,MB,R0J,N,2024-11-01,2024,Single Detached,252.5,Two storeys,2024,B1,1,0.91,8922.1,8.922,40478.2,11244.0,84247.2,23402.2,11244.0,0.0,0.0,0.0,0.0,208613224,Air,Central split system,6740.6,F,0.0,3.724,0.0,0.0,0.0,0.0,0.0,0.0,,Central split system,3.383,Electric furnace,Electricity,,,Yes,YORK,YHG24B21,JHETB24CBAS2N1,23000,14800,,,9,17,No,6.741,,0.755,
5477578,MB,R0J,P,2024-11-01,2024,Single Detached,252.5,Two storeys,2024,B1,1,1.5,9775.4,9.775,45437.9,12621.7,89147.1,24763.3,12621.8,0.0,0.0,0.0,0.0,208613224,Air,Central split system,6740.6,F,0.0,3.724,0.0,0.0,0.0,0.0,0.0,0.0,,Central split system,3.383,Electric furnace,Electricity,,,Yes,YORK,YHG24B21,JHETB24CBAS2N1,23000,14800,,,9,17,No,6.741,,0.69,
5477823,MB,R2W,N,2024-11-01,2024,Single Detached,516.1,Two storeys,2024,C1;F1,1,0.7,15909.8,15.91,32192.9,8942.5,107068.1,29741.4,8942.6,4523.9,0.0,0.0,0.0,211644151,Air,Central split system,30025.4,T,9.96,3.02,1.8,7.0,15.2,75.0,0.0,0.0,,Central split system,2.79,Condensing furnace,Natural Gas,,,Yes,GREE,GUD36W/A-D(U),GCAT36*/NAA,36000,23200,26000,1.80,8.5,15.2,Yes,10.551,7.62,0.663,0.479
5477823,MB,R2W,P,2024-11-01,2024,Single Detached,516.1,Two storeys,2024,C1;F1,1,1.5,17549.3,17.549,35752.5,9931.3,112471.6,31242.4,9931.5,5123.1,0.0,0.0,0.0,211644151,Air,Central split system,30025.4,T,9.96,3.02,1.8,7.0,15.2,75.0,0.0,0.0,,Central split system,2.79,Condensing furnace,Natural Gas,,,Yes,GREE,GUD36W/A-D(U),GCAT36*/NAA,36000,23200,26000,1.80,8.5,15.2,Yes,10.551,7.62,0.601,0.434
5477940,MB,R3L,N,2024-12-01,2024,Single Detached,321.1,Two storeys,2024,B1,1,0.41,8324.6,8.325,32790.9,9108.7,77234.3,21454.1,9108.7,0.0,0.0,0.0,0.0,210998829,Air,Central split system,8206.0,F,0.0,3.713,0.0,0.0,0.0,0.0,0.0,0.0,,Central split system,3.254,Electric furnace,Electricity,,,Yes,KEEPRITE,N4H5S30*K*AAA*,FJMA4*36L*B*,28000,17200,13100,2.12,7.8,15.2,No,8.206,3.839,0.986,0.461
5477940,MB,R3L,P,2024-12-01,2024,Single Detached,321.1,Two storeys,2024,B1,1,1.5,10072.5,10.072,41837.9,11621.7,86108.7,23919.3,11621.8,0.0,0.0,0.0,0.0,210998829,Air,Central split system,8206.0,F,0.0,3.713,0.0,0.0,0.0,0.0,0.0,0.0,,Central split system,3.254,Electric furnace,Electricity,,,Yes,KEEPRITE,N4H5S30*K*AAA*,FJMA4*36L*B*,28000,17200,13100,2.12,7.8,15.2,No,8.206,3.839,0.815,0.381
5478249,MB,R0K,N,2024-06-01,2024,Single Detached,138.2,One storey,2024,,1,6.35,8163.3,8.163,33249.8,9236.1,74888.6,20802.6,9236.2,0.0,0.0,0.0,0.0,207796633,Air,Central single package system,5275.3,F,0.0,4.051,0.0,0.0,0.0,0.0,0.0,0.0,,Central single package system,3.36,Electric boiler,Electricity,,,Yes,PERFECTAIRE,3PAMSHH18-SZO,3PAMSDH18,19000,15000,17700,1.85,9.5,18,Yes,5.568,5.187,0.682,0.635
5478249,MB,R0K,P,2024-06-01,2024,Single Detached,138.2,One storey,2024,,1,10.35,9927.0,9.927,42651.3,11847.7,84251.3,23403.3,11847.6,0.0,0.0,0.0,0.0,207796633,Air,Central single package system,5275.3,F,0.0,4.051,0.0,0.0,0.0,0.0,0.0,0.0,,Central single package system,3.36,Electric boiler,Electricity,,,Yes,PERFECTAIRE,3PAMSHH18-SZO,3PAMSDH18,19000,15000,17700,1.85,9.5,18,Yes,5.568,5.187,0.561,0.523
5490918,MB,R2M,E,2025-01-01,2025,Single Detached,120.9,One and a half,1949,B1,1,8.1147,12793.7,12.794,23592.5,6553.5,85722.8,23812.1,6553.4,4688.6,0.0,0.0,0.0,212386846,Air,Central split system,13065.1,T,7.33,3.35,1.95,0.0,0.0,80.0,0.0,0.0,,Central split system,3.2,Condensing furnace,Natural Gas,,,Yes,ATK,ACI-AUO24SHP-M,ACI-BCO24CP17,25000,21000,20000,1.95,9.5,16.5,No,7.327,5.861,0.573,0.458
4018746,MB,R3M,E,2025-05-01,2025,Single Detached,379.5,Two storeys,1913,B1,1,4.1728,25004.6,25.005,35027.7,9730.0,171408.3,47613.8,9730.1,22584.6,0.0,0.0,0.0,211644151,Air,,10008.4,T,9.96,3.02,1.8,,,75.0,,,,Central split system,2.79,Condensing furnace,Natural Gas,,,Yes,GREE,GUD36W/A-D(U),GCAT36*/NAA,36000,23200,26000,1.80,8.5,15.2,Yes,10.551,7.62,0.422,0.305
16457746,MB,R2P,E,2025-05-01,2025,Single Detached,175.3,Two storeys,1991,B1;B2,1,4.12,13759.3,13.759,23548.1,6541.2,101428.2,28174.7,6541.2,9088.4,0.0,0.0,0.0,212976483,Air,Central split system,9864.2,T,9.79,3.51,1.86,7.25,15.2,79.0,0.0,0.0,,Central split system,2.88,Condensing furnace,Natural Gas,Fireplace with pilot (unsealed),Natural Gas,Yes,CARRIER,38MURAQ30AB3*,CAP**4321AL*,33400,23200,26400,1.86,8.1,15.2,No,9.789,7.737,0.711,0.562
5000113,MB,R2H,E,2025-03-01,2025,Single Detached,160.5,Two storeys,1910,B1,1,6.371,16067.4,16.067,28940.5,8039.1,121850.8,33847.7,8039.2,12652.0,0.0,0.0,0.0,212633393,Air,,10185.1,T,9.5,3.02,1.8,,,74.0,,,,Central split system,2.79,Condensing furnace,Natural Gas,,,Yes,,,,,,,,,,,,,,
5015567,MB,R7N,E,2025-02-01,2025,Single Detached,374.7,Two storeys,1985,B1;C1;F1,1,1.4517,15156.6,15.157,53794.8,14943.1,103875.5,28854.5,14943.2,0.0,0.0,0.0,0.0,208447882,Air,,29899.0,T,14.65,3.26,1.85,,,92.0,,,,Central split system,2.4,Electric furnace,Electricity,,,Yes,CARRIER,38MURAQ48AB3,40MUAAQ48XA3,50000,36000,46000,1.90,9.4,15.6,Yes,14.654,13.481,0.967,0.889
5019348,MB,R2K,E,2025-05-01,2025,Single Detached,176.7,One and a half,1946,B1;B2;C1;F1,1,6.78,15535.9,15.536,33130.2,9202.9,116434.3,32343.1,9202.9,9250.4,0.0,0.0,0.0,8033586,Air,Ductless Mini- or Multi-split system,32554.9,T,7.33,3.38,2.09,8.1,20.0,102.0,0.0,0.0,ESTAR,Ductless Mini- or Multi-split system,3.6,Boiler  with continuous pilot,Natural Gas,Other (describe),Electricity,Yes,FUJITSU,AOU24RLXFZH,,24000,15400,25600,2.06,10,20,Yes,7.034,7.503,0.453,0.483
5019422,MB,R2E,E,2025-04-01,2025,Single Detached,217.8,Two storeys,1975,B1;B2;B3;B4,1,2.41,14581.4,14.581,23653.3,6570.4,107952.4,29987.0,6570.3,7978.7,0.0,0.0,0.0,212976452,Air,Central split system,9864.2,T,9.79,3.51,1.86,7.25,15.2,79.0,0.0,0.0,,Central split system,2.88,Condensing furnace,Natural Gas,Wood fireplace,Mixed Wood,Yes,KEEPRITE,DLCURAH30ABK,EA*4X37L21A*,33400,23200,26400,1.86,8.5,15.2,No,9.789,7.737,0.671,0.531
5022449,MB,R3Y,E,2025-05-01,2025,Single Detached,377.9,One storey,2004,B1,1,1.87,15806.5,15.806,22437.9,6232.8,117984.5,32773.7,6232.8,12613.4,0.0,0.0,0.0,208157170,Air,,8831.1,T,8.38,3.66,1.83,,,112.0,,,,Central split system,2.88,Condensing furnace,Natural Gas,Fireplace with spark ignit. (sealed),Natural Gas,Yes,NAPOLEON,NS18HV24A36,"H,DE33(6,9)36",28600,19400,,,10,17.5,No,8.382,,0.53,
5507478,MB,R0G,E,2025-03-01,2025,Single Detached,276.1,One storey,1993,B1;B2;B3,1,1.66,11690.5,11.69,30659.2,8516.5,81707.2,22696.6,8516.5,0.0,0.0,0.0,0.0,212361761,Air,Coils Only,21041.6,T,11.43,4.68,2.0,8.0,15.2,82.0,0.0,0.0,ESTAR,Coils Only,2.34,Electric furnace,Electricity,Fireplace with spark ignit. (sealed),Propane,Yes,MOOVAIR,DMA36HOS20230E7,CUB36HAC20CWT7A,39000,33000,32000,2.00,10,15.2,Yes,11.43,9.378,0.978,0.802
5030087,MB,R3T,E,2025-04-01,2025,Single Detached,182.7,Two storeys,1947,B1;C1;C2;F1,1,3.88,15153.3,15.153,25382.4,7050.7,108130.9,30036.6,7050.6,7664.8,0.0,0.0,0.0,208101911,Air,,10891.7,T,9.67,3.25,1.85,,,81.0,,,ESTAR,Central split system,2.76,Condensing furnace,Natural Gas,,,Yes,MDV,MOD30U-30HFN1-MR0(X),MAC-36HWDN1-MN0,33000,22600,27000,1.85,9.7,15.5,Yes,9.671,7.913,0.638,0.522
5032570,MB,R0E,E,2025-04-01,2025,Single Detached,165.0,One storey,1973,C1;F1,1,2.72,10236.1,10.236,19759.0,5488.7,81244.0,22568.0,5488.7,0.0,0.0,0.0,3509.2,210191037,Air,Ductless Mini- or Multi-split system,7019.3,T,4.1,3.91,2.27,8.2,23.0,76.0,0.0,0.0,ESTAR,Ductless Mini- or Multi-split system,3.07,Baseboard/Hydronic/Plenum(duct) htrs.,Electricity,Advanced airtight wood stove,Wood Pellets,Yes,FUJITSU,AOUH12LMBH1,ASUH12LMAS,12000,8500,10300,2.18,11,23,Yes,3.517,3.019,0.344,0.295
5034410,MB,R3L,E,2025-03-01,2025,Single Detached,158.0,Two storeys,1909,B1;B2,1,6.88,10053.7,10.054,27858.8,7738.6,75868.4,21074.7,7738.7,0.0,0.0,0.0,0.0,210299846,Air,,52354.2,T,7.62,4.07,1.9,,,100.0,,,,Central split system,2.79,Electric furnace,Electricity,,,Yes,,,,,,,,,,,,,,
5039851,MB,R3G,E,2025-05-01,2025,Single Detached,176.8,Two storeys,1913,B1;P1,1,6.4965,16963.8,16.964,21543.2,5984.3,121129.3,33647.3,5984.2,14787.6,0.0,0.0,0.0,216581392,Air,Central split system,7064.8,T,7.03,3.17,1.75,6.8,15.8,83.0,0.0,0.0,ESTAR,Central split system,3.42,Condensing furnace,Natural Gas,Fireplace with pilot (sealed),Natural Gas,Yes,LENNOX,EL18KSLV-024-230A**,"CK40[C,U]T-24B-**+TDR",24000,19000,20000,1.75,8.5,15.8,Yes,7.034,5.861,0.415,0.346
5040854,MB,R0G,E,2025-03-01,2025,Single Detached,219.5,Two storeys,1911,B1;B2;C1;F1,1,4.02,16507.6,16.508,37271.2,10353.2,100967.0,28046.6,10353.1,4706.7,0.0,0.0,0.0,212361761,Air,,20990.0,T,11.43,3.94,2.0,,,82.0,,,,Central split system,2.34,Condensing furnace,Natural Gas,Wood fireplace,Mixed Wood,Yes,MOOVAIR,DMA36HOS20230E7,CUB36HAC20CWT7A,39000,33000,32000,2.00,10,15.2,Yes,11.43,9.378,0.692,0.568
5044582,MB,R2H,E,2025-03-01,2025,Single Detached,184.1,One storey,1972,B1;B2,1,2.24,6261.5,6.262,24176.8,6715.8,63788.9,17719.3,6715.9,1794.5,0.0,0.0,0.0,206223044,Air,,50091.1,T,7.62,3.23,1.91,,,100.0,,,,Central split system,3.35,Electric furnace,Electricity,Fireplace with pilot (sealed),Natural Gas,Yes,,,,,,,,,,,,,,
5059803,MB,R1N,E,2025-04-01,2025,Single Detached,183.1,One storey,1954,B1;B2;C1;F1,1,4.0553,10859.2,10.859,58231.3,16175.5,116892.1,32470.3,16175.4,0.0,0.0,0.0,418.6,212633393,Air,,10198.3,T,9.5,1.908,1.8,,,74.0,,,,Central split system,1.749,Electric boiler,Electricity,Forced air furnace,Electricity,Yes,,,,,,,,,,,,,,
5083088,MB,R6T,E,2025-01-01,2025,Single Detached,215.7,One and a half,1933,B1;C1;F1,1,3.51,14313.1,14.313,55331.0,15369.8,103406.5,28724.3,15369.8,0.0,0.0,0.0,0.0,211624974,Air,,11199.7,T,10.26,2.97,1.8,,,108.0,,,ESTAR,Central split system,2.85,Electric furnace,Electricity,Baseboard/Hydronic/Plenum(duct) htrs,Electricity,Yes,NAPOLEON,WSEHV2436RA1-N,NPFX24A36A,35000,29000,28000,1.80,9,16,Yes,10.257,8.206,0.717,0.573
5101684,MB,R3R,E,2025-01-01,2025,Single Detached,212.0,Two storeys,1970,B1;B2;C1;F1,1,5.5688,21021.8,21.022,75401.5,20945.0,136607.5,37946.8,20944.9,3589.2,0.0,0.0,0.0,211273652,Air,Central split system,20354.7,T,9.96,3.7,2.27,0.0,0.0,94.0,0.0,0.0,,Central split system,3.77,Electric furnace,Electricity,Fireplace with pilot (sealed),Natural Gas,Yes,,,,,,,,,,,,,,
5107774,MB,R3X,E,2024-12-01,2024,Single Detached,319.1,Two storeys,2002,B1,1,2.0325,15423.2,15.423,25161.5,6989.4,120426.2,33452.0,6989.2,12669.0,0.0,0.0,0.0,211295841,Air,,9746.4,T,9.67,3.47,1.84,,,79.0,,,,Central split system,2.88,Condensing furnace,Natural Gas,Fireplace with pilot (sealed),Natural Gas,Yes,BRYANT HEATING AND COOLING SYSTEMS,38MURAQ30AB3*,CAP**3721AL*,33000,23000,26200,1.84,8.1,15.2,No,9.671,7.678,0.627,0.498
5200076,MB,R3N,E,2025-03-01,2025,Single Detached,249.8,One storey,1948,B1;B2;B3;B4;C1;F1,1,1.48,9753.1,9.753,27295.9,7582.3,78203.6,21723.4,7582.3,0.0,0.0,0.0,0.0,207436166,Air,,6534.9,T,6.51,3.22,1.88,,,95.0,,,,Central split system,4.22,Electric furnace,Electricity,,,Yes,LENNOX,SL25XPV-024-230A**,CBA38MV-030-230*+TDR,22200,25200,21200,1.88,9.2,22.8,No,6.506,6.213,0.667,0.637
5225555,MB,R2P,E,2025-03-01,2025,Single Detached,194.7,One storey,1992,B1,1,2.52,9200.7,9.201,18589.7,5163.8,81934.4,22759.7,5163.9,2738.9,0.0,0.0,0.0,210568229,Air,,13065.1,T,7.33,3.35,1.95,,,80.0,,,,Central split system,3.2,Condensing furnace,Natural Gas,,,Yes,COMFORT-AIRE,A-VCD24SA-1,MCD18/24B1A,25000,21000,20000,1.95,9.5,16.5,Yes,7.327,5.861,0.796,0.637
5242684,MB,R0C,E,2025-05-01,2025,Single Detached,308.5,One and a half,1952,B1;B2;C1;F1,1,4.32,21786.6,21.787,66456.1,18460.2,114458.4,31794.3,18460.1,0.0,0.0,0.0,0.0,212361761,Air,Central split system,21041.6,T,11.43,4.68,2.0,8.0,15.2,82.0,0.0,0.0,ESTAR,Central split system,2.34,Electric furnace,Electricity,Baseboard/Hydronic/Plenum(duct) htrs,Electricity,Yes,MOOVAIR,DMA36HOS20230E7,CUB36HAC20CWT7A,39000,33000,32000,2.00,10,15.2,Yes,11.43,9.378,0.525,0.43
5242753,MB,R3J,E,2025-01-01,2025,Single Detached,186.4,One storey,1949,B1;C1;F1,1,2.58,9536.9,9.537,27286.5,7579.6,75683.5,21023.4,7579.5,0.0,0.0,0.0,0.0,212614864,Air,,10653.1,T,6.74,3.38,2.0,,,70.0,,,,Central split system,3.18,Electric furnace,Electricity,,,Yes,DAIKIN,DZ6VSA241EA*,DFVE36CP1400A*,23000,16000,16100,2.00,8.6,17,Yes,6.741,4.718,0.707,0.495
5243777,MB,R0L,E,2024-12-01,2024,Single Detached,247.0,One storey,1979,B1,1,1.719,6030.6,6.031,27262.4,7572.9,74260.2,20628.0,7572.8,0.0,0.0,0.0,0.0,211624978,Air,,18628.8,T,10.26,3.02,1.8,,,108.0,,,ESTAR,Central split system,2.85,Electric furnace,Electricity,,,Yes,CONTINENTAL,WSEHV2436RA1-C,CPFX24A36A,35000,29000,28000,1.80,9,16,Yes,10.257,8.206,1.701,1.361
1134425,MB,R2K,E,2025-01-01,2025,Single Detached,203.3,One storey,1958,B1;B2,1,3.31,13184.6,13.185,25862.5,7184.1,94711.6,26309.0,7184.2,6401.2,0.0,0.0,0.0,214328315,Air,Central split system,10773.9,T,6.86,3.23,1.81,6.7,17.0,140.0,0.0,0.0,,Central split system,2.93,Condensing furnace,Natural Gas,Advanced airtight wood stove,Hardwood,Yes,,,,,,,,,,,,,,
5253329,MB,R3G,E,2025-03-01,2025,Single Detached,216.2,Three storeys,1907,B1;C1;F1,1,11.2211,45693.1,45.693,54577.0,15160.4,257061.1,71406.4,15160.4,41127.3,0.0,0.0,0.0,213153602,Air,Central split system,12232.2,T,9.5,3.7,1.81,7.0,15.2,72.0,0.0,0.0,,Central split system,3.41,Condensing furnace,Natural Gas,,,Yes,NAPOLEON,WSEHV2436RA1-N,HG34936,36000,21000,23600,1.80,8.5,15.2,No,10.551,6.916,0.231,0.151
5263082,MB,R2N,E,2024-12-01,2024,Single Detached,164.2,One storey,1987,B1;B2,1,1.51,7583.6,7.584,17184.3,4773.5,72001.9,20000.7,4773.4,2355.0,0.0,0.0,0.0,212386846,Air,,13065.1,T,7.33,3.35,1.95,,,80.0,,,,Central split system,3.2,Condensing furnace,Natural Gas,,,Yes,ATK,ACI-AUO24SHP-M,ACI-BCO24CP17,25000,21000,20000,1.95,9.5,16.5,No,7.327,5.861,0.966,0.773
5267849,MB,R2G,E,2025-02-01,2025,Single Detached,206.4,One storey,1984,B1;B2;B3,1,1.66,9803.7,9.804,37370.8,10380.9,98269.5,27297.3,10380.9,3353.6,0.0,0.0,0.0,213153602,Air,,15057.4,T,9.5,2.025,1.8,,,72.0,,,,Central split system,1.82,Condensing furnace,Natural Gas,Advanced airtight wood stove,Mixed Wood,Yes,NAPOLEON,WSEHV2436RA1-N,HG34936,36000,21000,23600,1.80,8.5,15.2,No,10.551,6.916,1.076,0.705
5280098,MB,R3E,E,2025-01-01,2025,Single Detached,128.7,One storey,1910,C1;C2;C3;C4;F1;F2;F3;F4,1,8.9097,15911.5,15.912,18629.0,5174.8,110582.8,30717.7,5174.8,9166.7,0.0,0.0,0.0,213153602,Air,,7000.0,T,9.5,3.31,1.8,,,72.0,,,,Central split system,3.41,Condensing furnace,Natural Gas,Advanced airtight wood stove,Mixed Wood,Yes,NAPOLEON,WSEHV2436RA1-N,HG34936,36000,21000,23600,1.80,8.5,15.2,No,10.551,6.916,0.663,0.435
5284128,MB,R2H,E,2025-05-01,2025,Single Detached,206.0,One and a half,1924,B1;C1;F1,1,5.2017,23139.8,23.14,18474.1,5131.7,210329.2,58425.2,5131.7,40792.5,0.0,0.0,0.0,210722661,Air,,11095.7,F,0.0,4.322,0.0,,,0.0,,,ESTAR,Mini-split ductless,3.591,Boiler  with continuous pilot,Natural Gas,,,Yes,DAIKIN,3MXS24WMVJU*,,24000,15500,18900,1.80,9.7,18,No,7.034,5.539,0.304,0.239
5286852,MB,R0E,E,2025-01-01,2025,Single Detached,183.3,One storey,1980,B1,1,5.3979,13457.3,13.457,31026.8,8618.6,81652.4,22681.4,8618.7,0.0,0.0,0.0,1132.2,210426579,Air,,24615.2,T,11.72,4.58,1.96,,,92.0,,,ESTAR,Central split system,2.42,Electric furnace,Electricity,Advanced airtight wood stove,Mixed Wood,Yes,SENVILLE,SENDC-36HF-OM,SENDC-36HF-IM,40000,30400,34400,1.97,9.5,16,Yes,11.723,10.082,0.871,0.749
5287176,MB,R2G,E,2025-03-01,2025,Single Detached,285.8,One storey,1960,B1;B2;B3;B4;B5;B6,1,2.4708,16517.7,16.518,29857.0,8293.7,131432.3,36509.3,8293.7,15427.3,0.0,0.0,0.0,212633393,Air,,10214.4,T,9.5,3.02,1.8,,,74.0,,,,Central split system,2.79,Condensing furnace,Natural Gas,Fireplace with pilot (unsealed),Natural Gas,Yes,,,,,,,,,,,,,,
5287203,MB,R0G,E,2025-04-01,2025,Single Detached,209.9,One storey,1975,B1;B2;C1;C2;F1;F2,1,1.7051,12095.7,12.096,43129.1,11980.4,91539.8,25427.9,11980.4,0.0,0.0,0.0,0.0,211624974,Air,,11199.7,T,10.26,2.97,1.8,,,108.0,,,ESTAR,Central split system,2.85,Electric furnace,Electricity,,,Yes,NAPOLEON,WSEHV2436RA1-N,NPFX24A36A,35000,29000,28000,1.80,9,16,Yes,10.257,8.206,0.848,0.678
5294272,MB,R3N,E,2025-02-01,2025,Single Detached,170.8,One storey,1956,B1;B2,1,5.3,14681.9,14.682,29082.7,8078.6,108113.0,30031.6,8078.7,9399.5,0.0,0.0,0.0,212633393,Air,,10185.1,T,9.5,3.02,1.8,,,74.0,,,,Central split system,2.79,Condensing furnace,Natural Gas,,,Yes,,,,,,,,,,,,,,
5297372,MB,R2V,E,2025-04-01,2025,Single Detached,188.8,One storey,1986,B1,1,2.4059,10896.1,10.896,23661.5,6572.7,92349.5,25652.8,6572.6,3485.9,0.0,0.0,0.0,213153602,Air,Coils Only,15057.4,T,9.5,3.31,1.8,7.0,15.2,72.0,0.0,0.0,,Coils Only,3.41,Condensing furnace,Natural Gas,Wood fireplace,Mixed Wood,Yes,NAPOLEON,WSEHV2436RA1-N,HG34936,36000,21000,23600,1.80,8.5,15.2,No,10.551,6.916,0.968,0.635
5304045,MB,R5T,E,2025-03-01,2025,Single Detached,309.1,One storey,2020,B1,1,0.7885,12149.6,12.15,32143.0,8928.7,76916.9,21366.0,8928.7,0.0,0.0,0.0,0.0,201754495,Air,,13500.0,T,14.07,4.916,1.91,,,100.0,,,,Central split system,3.188,Electric furnace,Electricity,,,Yes,Mitsubishi Electric,PUZ-HA42NKA,PVA-A42AA*,48000,42000,,,11,15.3,No,14.067,,1.158,
5315574,MB,R3J,E,2025-01-01,2025,Single Detached,195.3,One storey,1959,B1;B2,1,5.07,18898.3,18.898,31533.4,8759.3,122702.8,34084.4,8759.2,12581.2,0.0,0.0,0.0,210450189,Air,,11501.0,T,11.43,3.23,1.8,,,90.0,,,,Central split system,2.95,Condensing furnace,Natural Gas,,,Yes,CARRIER,38MURAQ36AB3*,CAP**3617AL*,39000,29600,35200,1.80,8.5,15.5,No,11.43,10.316,0.605,0.546
5321962,MB,R6W,E,2025-01-01,2025,Single Detached,327.6,One storey,2009,B1,1,1.45,11051.7,11.052,40629.5,11286.1,85012.1,23614.7,11285.9,0.0,0.0,0.0,0.0,212633393,Air,,10197.7,T,9.5,3.01,1.8,,,74.0,,,,Central split system,2.79,Electric furnace,Electricity,,,Yes,,,,,,,,,,,,,,
5329228,MB,R3T,E,2025-01-01,2025,Single Detached,233.6,One storey,1979,B1;B2;B3;P1;P2,1,2.812,10915.8,10.916,22190.4,6164.0,88821.6,24672.9,6163.9,3180.9,0.0,0.0,0.0,213153602,Air,Coils Only,15057.4,T,9.5,3.31,1.8,7.0,15.2,72.0,0.0,0.0,,Coils Only,3.41,Condensing furnace,Natural Gas,Wood fireplace,Mixed Wood,Yes,NAPOLEON,WSEHV2436RA1-N,HG34936,36000,21000,23600,1.80,8.5,15.2,No,10.551,6.916,0.967,0.634
5335564,MB,R0C,E,2025-02-01,2025,Single Detached,272.6,One storey,1973,B1;B2;B3,1,3.22,13247.8,13.248,52133.8,14481.7,98607.1,27391.1,14481.8,0.0,0.0,0.0,0.0,213153598,Air,,15057.4,T,9.5,3.31,1.8,,,72.0,,,,Central split system,3.41,Electric furnace,Electricity,Wood fireplace,Mixed Wood,Yes,CONTINENTAL,WSEHV2436RA1-C,HG34936,36000,21000,23600,1.80,8.5,15.2,No,10.551,6.916,0.796,0.522
5347712,MB,R5G,E,2025-04-01,2025,Single Detached,268.5,One storey,1960,B1;B2,1,1.6803,13479.0,13.479,44385.8,12329.5,90169.1,25047.2,12329.5,0.0,0.0,0.0,0.0,206223052,Air,,24121.7,T,11.14,3.4,2.0,,,100.0,,,ESTAR,Central split system,3.77,Electric furnace,Electricity,Advanced airtight wood stove,Mixed Wood,Yes,,,,,,,,,,,,,,
5354959,MB,R2M,E,2025-03-01,2025,Single Detached,137.4,Two storeys,1913,B1,1,11.9277,23011.9,23.012,32268.5,8963.5,140025.5,38896.3,8963.7,16941.2,0.0,0.0,0.0,210450189,Air,,11501.0,T,11.43,3.23,1.8,,,90.0,,,,Central split system,2.95,Condensing furnace,Natural Gas,,,Yes,CARRIER,38MURAQ36AB3*,CAP**3617AL*,39000,29600,35200,1.80,8.5,15.5,No,11.43,10.316,0.497,0.448
1206408,MB,R3G,E,2025-04-01,2025,Single Detached,155.6,Two storeys,1911,B1,1,8.07,18465.2,18.465,29495.1,8193.1,125298.1,34805.3,8193.1,13884.3,0.0,0.0,0.0,213369385,Air,Central split system,10008.4,T,9.09,3.1,1.8,0.0,0.0,80.0,0.0,0.0,ESTAR,Central split system,2.56,Condensing furnace,Natural Gas,,,Yes,MOOVAIR,DMA30HOS20230E7,CUB36HAC20BWT7A,31000,19600,22600,1.80,8.5,15.2,Yes,9.085,6.623,0.492,0.359
5366570,MB,R0K,E,2025-03-01,2025,Single Detached,220.5,One storey,1945,B1,1,4.53,13877.5,13.878,22680.8,6300.3,66903.3,18584.4,6300.3,0.0,0.0,0.0,0.0,207335144,Ground,,11195.3,F,0.0,4.0,0.0,,,0.0,,,C448,Conventional A/C,5.66,Electric furnace,Electricity,Baseboard/Hydronic/Plenum(duct) htrs,Electricity,No,,,,,,,,,,,,,,
5367722,MB,R2C,E,2025-01-01,2025,Single Detached,154.4,One storey,1958,B1;B2;B3,1,2.79,10216.8,10.217,12432.4,3453.5,87717.0,24366.0,3453.4,6504.8,0.0,0.0,0.0,212975086,Air,Central split system,5404.5,T,5.33,3.82,2.34,8.0,16.0,106.0,0.0,0.0,,Central split system,3.35,Condensing furnace,Natural Gas,,,Yes,KEEPRITE,DLCURAH18ABK,EA*4X24L17A*,18200,12300,19400,2.34,8.5,16,No,5.334,5.686,0.522,0.556
5369801,MB,R3N,E,2025-03-01,2025,Single Detached,158.4,Two storeys,1944,B1,1,4.7539,10621.8,10.622,25289.0,7024.8,83346.3,23151.9,7024.8,3385.9,0.0,0.0,0.0,205756419,Air,,19769.4,T,10.55,3.01,1.83,,,83.0,,,,Central split system,3.01,Condensing furnace,Natural Gas,,,Yes,,,,,,,,,,,,,,
5370853,MB,R6P,E,2025-01-01,2025,Single Detached,330.8,One storey,1988,B1,1,1.23,12018.7,12.019,46972.1,13047.9,91335.8,25371.3,13047.9,0.0,0.0,0.0,0.0,207497903,Air,,27655.7,T,14.07,3.06,1.82,,,89.0,,,,Central split system,3.04,Electric furnace,Electricity,,,Yes,ACD,FXD-ACD60,AH248,48000,39500,39000,1.80,9,17,Yes,14.067,11.43,1.17,0.951
5374264,MB,R3T,E,2025-06-01,2025,Single Detached,187.5,Two storeys,1951,B1;C1;C2;F1;F2,1,6.88,17936.1,17.936,32222.6,8950.8,132665.9,36851.9,8950.9,12509.5,0.0,0.0,0.0,212633393,Air,,10185.1,T,9.5,3.02,1.8,,,74.0,,,,Central split system,2.79,Condensing furnace,Natural Gas,Wood fireplace,Mixed Wood,Yes,,,,,,,,,,,,,,
5375595,MB,R5N,E,2025-04-01,2025,Single Detached,438.7,One storey,2012,B1,1,0.6955,11718.6,11.719,34984.8,9718.1,88583.6,24606.8,9718.1,0.0,0.0,0.0,0.0,213386473,Air,,29488.8,T,14.65,3.15,1.9,,,92.0,,,ESTAR,Central split system,2.4,Electric furnace,Electricity,Fireplace with spark ignit. (sealed),Propane,Yes,SENVILLE,SENDC-48HF-OM,SENDC-48HF-IM,50000,36000,46000,1.90,9.4,15.6,Yes,14.654,13.481,1.25,1.15
5379936,MB,R3T,E,2025-02-01,2025,Single Detached,227.7,One storey,1954,B1,1,5.9699,13453.8,13.454,26982.2,7495.1,99267.1,27574.4,7495.1,7443.4,0.0,0.0,0.0,212633393,Air,,10185.1,T,9.5,3.02,1.8,,,74.0,,,,Central split system,2.79,Condensing furnace,Natural Gas,Wood fireplace,Mixed Wood,Yes,,,,,,,,,,,,,,
5381342,MB,R3N,E,2025-02-01,2025,Single Detached,134.0,One storey,1926,B1;B2;C1;F1,1,7.79,20233.6,20.234,91765.7,25490.7,136189.8,37830.8,25490.8,0.0,0.0,0.0,0.0,213153602,Air,,15057.4,T,9.5,3.31,1.8,,,72.0,,,,Central split system,3.41,Electric furnace,Electricity,,,Yes,NAPOLEON,WSEHV2436RA1-N,HG34936,36000,21000,23600,1.80,8.5,15.2,No,10.551,6.916,0.521,0.342
5382971,MB,R0G,E,2025-03-01,2025,Single Detached,165.9,One storey,1957,B1,1,1.6059,6363.5,6.364,21930.5,6091.9,68262.5,18962.0,6091.7,0.0,0.0,0.0,0.0,212348050,Air,,15389.5,T,7.62,3.26,1.9,,,93.0,,,ESTAR,Central split system,2.93,Electric furnace,Electricity,,,Yes,LENNOX,MLB024S4S-1P,MMA024SM4-*P,26000,16900,21200,1.90,9.1,18.4,Yes,7.62,6.213,1.197,0.976
5383749,MB,R3M,E,2025-01-01,2025,Single Detached,166.0,Two storeys,1941,B1;B2;C1;F1,1,4.77,15076.0,15.076,24795.5,6887.7,101534.1,28204.1,6887.8,5572.8,0.0,0.0,0.0,213076391,Air,,16399.1,T,5.39,3.86,2.34,,,105.0,,,,Central split system,3.34,Condensing furnace,Natural Gas,,,Yes,KEEPRITE,DLCURAH18ABK,EA*4X24L17A*,18400,12400,19500,2.34,8.5,16,No,5.393,5.715,0.358,0.379
5501940,MB,R0G,E,2025-03-01,2025,Single Detached,207.4,One storey,1980,B1,1,2.5384,10987.9,10.988,20137.0,5593.7,91079.4,25300.0,5593.7,7082.6,0.0,0.0,0.0,212633392,Air,Coils Only,7064.8,T,6.56,3.23,1.8,0.0,0.0,102.0,0.0,0.0,,Coils Only,3.52,Condensing furnace,Natural Gas,Fireplace with pilot (unsealed),Natural Gas,Yes,GREE,FLEXX36HP230V1AO,CDP36K15P+TD,,14000,21200,1.80,8.5,15.2,No,,6.213,,0.565
5384137,MB,R2L,E,2025-04-01,2025,Single Detached,140.2,Split entry/Raised base.,1977,B1;P1;P2,1,2.77,9177.4,9.177,11735.9,3260.0,75157.0,20877.1,3260.0,5200.6,0.0,0.0,0.0,212974627,Air,,5466.4,T,5.39,3.82,2.32,,,105.0,,,,Central split system,3.52,Condensing furnace,Natural Gas,,,Yes,BRYANT HEATING AND COOLING SYSTEMS,38MURAQ18AB3*,CAP**2414AL*,18400,12400,19400,2.32,8.5,15.5,No,5.393,5.686,0.588,0.62
1119644,MB,R3R,E,2025-04-01,2025,Single Detached,154.8,One storey,1979,B1,1,1.54,8946.3,8.946,21080.2,5855.7,78704.7,21862.6,5855.6,3156.7,0.0,0.0,0.0,212361759,Air,,13065.1,T,7.33,3.35,1.95,,,80.0,,,ESTAR,Central split system,3.2,Condensing furnace,Natural Gas,,,Yes,MOOVAIR,DMA24HOS20230E7,CUB24HAC20BWT7A,25000,21000,20000,1.95,9.5,16.5,Yes,7.327,5.861,0.819,0.655
5388483,MB,R2H,E,2024-11-01,2024,Single Detached,135.5,One storey,1926,B1;B2,1,6.1928,12572.3,12.572,23426.0,6507.3,99337.1,27593.9,6507.3,8491.5,0.0,0.0,0.0,212633393,Air,,7000.0,T,9.5,2.98,1.8,,,74.0,,,,Central split system,2.79,Condensing furnace,Natural Gas,Wood fireplace,Mixed Wood,Yes,,,,,,,,,,,,,,
5396202,MB,R3L,E,2025-01-01,2025,Single Detached,141.9,One storey,1930,B1;C1;F1,1,2.3151,6170.5,6.17,10021.5,2783.8,61131.4,16981.1,2783.6,1530.6,0.0,0.0,0.0,211644150,Air,Coils Only,7000.0,T,7.03,3.08,1.8,7.0,15.2,90.0,0.0,0.0,,Coils Only,3.19,Condensing furnace,Natural Gas,,,Yes,GREE,GUD36W/A-D(U),GCAT24*/NAA,24000,19600,21600,1.80,8.5,15.2,Yes,7.034,6.33,1.14,1.026
5400645,MB,R0A,E,2025-02-01,2025,Single Detached,283.4,One and a half,1956,B1;C1;F1,1,4.3003,21614.7,21.615,88314.8,24532.1,134599.9,37389.2,24532.1,0.0,0.0,0.0,0.0,212633393,Air,,10185.1,T,9.5,3.02,1.8,,,74.0,,,,Central split system,2.79,Electric furnace,Electricity,,,Yes,,,,,,,,,,,,,,
5162008,MB,R3K,E,2025-06-01,2025,Single Detached,286.2,Two storeys,1975,B1,1,3.0852,18786.5,18.786,103929.8,28869.6,148821.0,41339.5,28869.7,0.0,0.0,0.0,0.0,208141271,Air,,27924.1,T,14.07,1.934,1.82,,,89.0,,,ESTAR,Central split system,3.04,Electric furnace,Electricity,Wood fireplace,Mixed Wood,Yes,TRANE,4TXD2060A10NU**,4MXA2048A10NU**,48000,39500,39000,1.80,9,17,Yes,14.067,11.43,0.749,0.608
5405691,MB,R0A,E,2025-03-01,2025,Single Detached,386.2,Two storeys,1924,B1;C1;C2;F1;F2,1,6.554,38970.4,38.97,142423.9,39562.5,194402.2,54001.0,39562.5,0.0,0.0,0.0,0.0,212633393,Air,,10186.6,T,9.5,3.01,1.8,,,74.0,,,,Central split system,2.79,Electric furnace,Electricity,Wood fireplace,Mixed Wood,Yes,,,,,,,,,,,,,,
5406388,MB,R6P,E,2025-05-01,2025,Single Detached,278.1,One storey,2012,B1,1,0.88,8101.6,8.102,23603.6,6556.6,74816.7,20782.6,6556.7,0.0,0.0,0.0,0.0,212633393,Air,,10191.8,T,9.5,3.01,1.8,,,74.0,,,,Central split system,2.79,Electric furnace,Electricity,,,Yes,,,,,,,,,,,,,,
5409337,MB,R6P,E,2025-03-01,2025,Single Detached,238.1,Two storeys,1915,B1;C1;F1,1,2.7476,10430.7,10.431,30241.6,8400.5,78328.3,21758.0,8400.6,0.0,0.0,0.0,0.0,213485863,Air,,14147.1,T,11.43,2.94,1.8,,,97.0,,,,Central split system,2.4,Electric furnace,Electricity,Baseboard/Hydronic/Plenum(duct) htrs,Electricity,Yes,ECO-AIR,MOX630-36HFN1-M3X,MVC-36HWFN1-M,39000,31800,38000,1.80,9.5,16.3,Yes,11.43,11.137,1.096,1.068
5409385,MB,R0E,E,2025-01-01,2025,Single Detached,157.7,One storey,1973,C1;F1,1,5.9675,10618.8,10.619,32537.5,9038.3,83795.5,23276.7,9038.4,0.0,0.0,0.0,0.0,208447884,Air,,17148.7,T,9.67,3.27,1.85,,,80.0,,,ESTAR,Central split system,2.88,Electric furnace,Electricity,,,Yes,CARRIER,38MURAQ30AB3,40MUAAQ30XA3,33000,21000,24000,1.80,8.9,16.2,Yes,9.671,7.034,0.911,0.662
5412615,MB,R0E,E,2025-01-01,2025,Single Detached,380.6,One storey,2022,B1;B2,1,0.97,17451.9,17.452,36734.0,10204.0,84026.9,23341.0,10204.0,0.0,0.0,0.0,0.0,9057064,Air,,12207.0,T,8.21,4.13,1.81,,,65.0,,,,Mini-split ductless,2.64,Electric boiler,Electricity,Advanced airtight wood stove,Mixed Wood,Yes,TRANE,4TXM2221A13N0**,,28000,16800,,,10.2,20.5,No,8.206,,0.47,
5429389,MB,R3Y,E,2025-02-01,2025,Single Detached,192.1,One storey,1987,B1;P1,1,2.6188,10966.9,10.967,23022.6,6395.2,83202.3,23111.9,6395.3,4078.4,0.0,0.0,0.0,212920610,Air,,10773.9,T,10.73,3.23,1.81,,,89.0,,,ESTAR,Central split system,2.93,Condensing furnace,Natural Gas,Wood fireplace,Mixed Wood,Yes,NAPOLEON,WSEHV2436RA1-N,"H,DE37936",36000,25600,32800,1.80,8.5,17,No,10.551,9.613,0.962,0.877
5430007,MB,R3R,E,2024-12-01,2024,Single Detached,235.5,One storey,1978,B1,1,1.9067,11635.6,11.636,18165.2,5045.9,83333.6,23148.4,5045.9,5574.5,0.0,0.0,0.0,213076371,Air,,7924.3,T,7.85,3.92,2.26,,,99.0,,,,Central split system,3.2,Condensing furnace,Natural Gas,Wood fireplace,Mixed Wood,Yes,BRYANT HEATING AND COOLING SYSTEMS,38MURAQ24AB3*,CAP**2417AL*,26800,19400,26600,2.26,8.5,16.5,No,7.854,7.796,0.675,0.67
5433432,MB,R3L,E,2025-05-01,2025,Single Detached,123.9,One storey,1924,B1;B2,1,4.0994,10771.1,10.771,8655.6,2404.4,93485.2,25968.3,2404.5,11375.1,0.0,0.0,0.0,214710252,Air,,5099.4,F,0.0,4.104,0.0,,,0.0,,,ESTAR,Central split system,3.351,Condensing furnace,Natural Gas,Wood fireplace,Mixed Wood,Yes,DUCANE,4HP17L18P-**A,7EC24BX-0*+TDR,17400,11000,8400,2.06,8.1,16,No,5.099,2.462,0.473,0.229
5434300,MB,R2M,E,2025-05-01,2025,Double/Semi-detached,160.0,Two storeys,1979,B1,1,4.1715,10675.2,10.675,19364.4,5379.0,90987.5,25274.5,5378.9,4238.9,0.0,0.0,0.0,212633393,Air,,10185.1,T,9.5,3.02,1.8,,,74.0,,,,Central split system,2.79,Condensing furnace,Natural Gas,Wood fireplace,Mixed Wood,Yes,,,,,,,,,,,,,,
5435456,MB,R0C,E,2025-04-01,2025,Single Detached,176.0,One storey,1972,B1,1,2.44,9797.6,9.798,32683.4,9078.8,78998.8,21944.3,9078.7,0.0,0.0,0.0,0.0,211806987,Air,,6388.9,F,0.0,3.826,0.0,,,0.0,,,ESTAR,Central split system,3.314,Electric furnace,Electricity,,,Yes,LENNOX,EL17XP1-024-230A**,CBA38MV-030-230*+TDR,21800,14000,10800,2.18,8.1,16.4,No,6.389,3.165,0.652,0.323
5435733,MB,R7B,E,2024-12-01,2024,Single Detached,203.7,One storey,1972,B1,1,2.3615,8884.5,8.884,31819.5,8838.8,77762.3,21600.8,8839.0,0.0,0.0,0.0,0.0,212361759,Air,,12184.1,T,7.33,3.19,1.95,,,80.0,,,,Central split system,3.2,Electric furnace,Electricity,,,Yes,MOOVAIR,DMA24HOS20230E7,CUB24HAC20BWT7A,25000,21000,20000,1.95,9.5,16.5,Yes,7.327,5.861,0.825,0.66
5436324,MB,R2J,E,2025-02-01,2025,Single Detached,268.3,Two storeys,1976,B1;B2,1,3.9379,17282.2,17.282,29268.9,8130.3,113834.6,31621.0,8130.3,10904.3,0.0,0.0,0.0,212614912,Air,Central split system,10618.8,T,6.74,3.21,2.0,7.0,17.0,70.0,0.0,0.0,,Central split system,3.18,Condensing furnace,Natural Gas,Wood fireplace,Hardwood,Yes,DAIKIN,DZ6VSA241EA*,CA*EA3026*4A*,23000,16000,16100,2.00,8.6,17,Yes,6.741,4.718,0.39,0.273
5437823,MB,R3R,E,2024-12-01,2024,Single Detached,293.1,Two storeys,1977,B1,1,2.5784,16193.7,16.194,12232.7,3398.0,123523.0,34312.2,3398.1,18291.3,0.0,0.0,0.0,214250635,Air,Central split system,9202.4,F,0.0,4.054,0.0,0.0,0.0,0.0,6.75,20.0,ESTAR,Central split system,3.831,Condensing furnace,Natural Gas,Wood fireplace,Mixed Wood,Yes,,,,,,,,,,,,,,
5439482,MB,R5K,E,2024-12-01,2024,Single Detached,289.4,One storey,1979,B1;C1;F1,1,2.0464,10369.2,10.369,16021.0,4450.3,62045.9,17235.1,4450.3,0.0,0.0,0.0,0.0,207318098,Ground,,14360.0,F,0.0,4.72,0.0,,,0.0,,,C448,Conventional A/C,3.7,Baseboard/Hydronic/Plenum(duct) htrs.,Electricity,,,No,,,,,,,,,,,,,,
5442545,MB,R0C,E,2025-03-01,2025,Single Detached,242.1,One storey,1991,B1,1,1.1,8335.2,8.335,32460.8,9017.0,79861.5,22183.9,9017.0,0.0,0.0,0.0,0.0,213153598,Air,,15501.4,T,9.5,3.27,1.8,,,72.0,,,,Central split system,3.41,Electric furnace,Electricity,,,Yes,CONTINENTAL,WSEHV2436RA1-C,HG34936,36000,21000,23600,1.80,8.5,15.2,No,10.551,6.916,1.266,0.83
5445616,MB,R3R,E,2025-02-01,2025,Single Detached,184.6,One storey,1970,B1;B2,1,3.3925,11332.7,11.333,23734.4,6592.9,90117.9,25033.0,6592.8,5458.4,0.0,0.0,0.0,213160480,Air,,13065.1,T,7.33,3.35,1.95,,,80.0,,,,Central split system,3.2,Condensing furnace,Natural Gas,Fireplace with pilot (sealed),Natural Gas,Yes,Dettson,EVD-24-O,MAC24H1718E,25000,21000,20000,1.95,9.5,16.5,Yes,7.327,5.861,0.647,0.517
735384,MB,R3G,E,2025-02-01,2025,Single Detached,202.4,Two storeys,1910,B1;C1;F1,1,6.1106,18579.2,18.579,27314.7,7587.5,120267.5,33407.9,7587.6,13099.5,0.0,0.0,0.0,210450200,Air,Central split system,11353.6,T,11.28,3.45,1.94,7.0,15.5,90.0,0.0,0.0,ESTAR,Central split system,3.11,Condensing furnace,Natural Gas,,,Yes,CARRIER,38MURAQ36AB3*,CNPV*4217AL*,38500,29400,35000,1.94,8.5,15.5,No,11.283,10.257,0.607,0.552
5447102,MB,R0A,E,2024-12-01,2024,Single Detached,311.4,One storey,2011,B1,1,1.97,14951.8,14.952,38381.9,10661.7,85252.8,23681.5,10661.8,0.0,0.0,0.0,0.0,210273924,Air,,24542.7,T,10.14,4.23,2.17,,,109.0,,,,Central split system,3.22,Electric furnace,Electricity,,,Yes,,,,,,,,,,,,,,
5447154,MB,R3G,E,2025-04-01,2025,Single Detached,180.3,One storey,1948,B1,1,4.4584,13498.4,13.498,44051.7,12236.7,92658.8,25738.8,12236.8,0.0,0.0,0.0,0.0,207699104,Air,,22956.3,T,10.84,3.14,1.81,,,97.0,,,,Mini-split ductless,2.85,Baseboard/Hydronic/Plenum(duct) htrs.,Electricity,Wood fireplace,Hardwood,Yes,LENNOX,MLB036S4M-1P,,37000,33000,36000,1.90,10.3,22.2,Yes,10.844,10.551,0.803,0.782
16462746,MB,R2V,E,2025-05-01,2025,Single Detached,223.1,One storey,2001,B1,1,1.73,7950.2,7.95,16143.6,4484.4,73511.8,20420.1,4484.5,2920.6,0.0,0.0,0.0,20798550,Air,,8720.0,T,7.56,3.48,3.56,,,70.0,,,ESTAR,Central split system,3.36,Condensing furnace,Natural Gas,,,Yes,,,,,,,,,,,,,,
5460613,MB,R3X,E,2025-03-01,2025,Single Detached,250.1,Two storeys,2007,B1,1,2.0396,13090.3,13.09,33046.7,9179.7,97252.9,27014.9,9179.8,4484.8,0.0,0.0,0.0,212928556,Air,Central split system,20833.0,T,11.14,3.0,1.85,7.0,15.5,83.0,0.0,0.0,ESTAR,Central split system,2.34,Condensing furnace,Natural Gas,,,Yes,MOOVAIR,DMA36HOS20230E7,CUB36HAC20BWT7A,38000,27400,31600,1.85,8.6,15.5,Yes,11.137,9.261,0.851,0.707
5467623,MB,R3T,E,2025-05-01,2025,Single Detached,171.1,One storey,1947,B1;C1;F1,1,5.2788,9737.9,9.738,29474.1,8187.3,80319.6,22311.2,8187.3,0.0,0.0,0.0,0.0,212361759,Air,Coils Only,13065.1,T,7.33,3.35,1.95,7.7,16.5,80.0,0.0,0.0,ESTAR,Coils Only,3.2,Electric furnace,Electricity,,,Yes,MOOVAIR,DMA24HOS20230E7,CUB24HAC20BWT7A,25000,21000,20000,1.95,9.5,16.5,Yes,7.327,5.861,0.752,0.602
5064247,MB,R5L,E,2025-01-01,2025,Single Detached,383.4,Two storeys,1983,B1;B2;C1;C2;F1;F2,1,1.54,15059.4,15.059,59649.1,16569.3,109066.8,30296.6,16569.3,0.0,0.0,0.0,0.0,211644151,Air,Central split system,10008.4,T,9.96,3.02,1.8,7.0,15.2,75.0,0.0,0.0,,Central split system,2.79,Electric furnace,Electricity,Wood fireplace,Mixed Wood,Yes,GREE,GUD36W/A-D(U),GCAT36*/NAA,36000,23200,26000,1.80,8.5,15.2,Yes,10.551,7.62,0.701,0.506
5053818,MB,R3T,E,2025-03-01,2025,Single Detached,197.1,One storey,1953,B1,1,3.4543,12690.8,12.691,24284.2,6745.7,93839.7,26066.8,6745.6,6423.4,0.0,0.0,0.0,213369385,Air,Central split system,10008.4,T,9.09,3.1,1.8,6.6,15.2,80.0,0.0,0.0,ESTAR,Central split system,2.56,Condensing furnace,Natural Gas,,,Yes,MOOVAIR,DMA30HOS20230E7,CUB36HAC20BWT7A,31000,19600,22600,1.80,8.5,15.2,Yes,9.085,6.623,0.716,0.522
5474653,MB,R5A,E,2025-04-01,2025,Single Detached,330.4,One storey,1999,B1,1,1.7116,15160.2,15.16,22158.0,6155.0,65639.5,18233.3,6155.0,0.0,0.0,0.0,0.0,207312176,Ground,Ground source heat pump,13660.0,F,0.0,3.8,0.0,0.0,0.0,0.0,0.0,0.0,,Conventional A/C,5.66,Electric furnace,Electricity,Adv. airtight wood stove + cat. conv.,Mixed Wood,No,,,,,,,,,,,,,,
5474940,MB,R3K,E,2025-02-01,2025,Single Detached,164.8,One storey,1964,B1;P1,1,4.1787,10969.2,10.969,31806.0,8835.1,77944.4,21651.4,8835.1,0.0,0.0,0.0,0.0,207826665,Air,Central split system,13894.8,T,7.62,3.69,1.95,7.5,18.4,82.0,0.0,0.0,ESTAR,Central split system,3.66,Electric furnace,Electricity,,,Yes,BRYANT,38MARBQ24AA3,40MBABQ24XB3,26000,16900,21200,1.90,9.3,18.4,Yes,7.62,6.213,0.695,0.566
5478818,MB,R4A,E,2025-05-01,2025,Single Detached,398.1,One storey,1985,B1,1,2.7233,18908.0,18.908,78800.4,21889.2,125822.2,34950.9,21889.1,0.0,0.0,0.0,0.0,206249117,Air,Central split system,18611.7,T,10.26,2.99,1.8,7.0,16.0,80.0,0.0,0.0,ESTAR,Central split system,2.93,Electric furnace,Electricity,Wood fireplace,Mixed Wood,Yes,GREE,GUD36W/A-D(U),GUD36AH2/A-D(U),35000,29000,28000,1.80,9,16,Yes,10.257,8.206,0.542,0.434
5480208,MB,R6W,N,2024-11-01,2024,Apartment,520.4,One storey,2024,B1;P1,5,2.34,12347.0,12.347,40782.3,11328.5,168921.7,46923.1,11328.4,0.0,0.0,0.0,0.0,208447885,Air,Central split system,58912.3,T,5.57,3.55,2.0,0.0,0.0,94.0,0.0,0.0,,Central split system,3.64,Electric furnace,Electricity,,,Yes,CARRIER,38MURAQ18AB3,40MUAAQ18XA3,19000,13500,16500,2.04,9.3,18,Yes,5.568,4.836,0.451,0.392
5480208,MB,R6W,P,2024-11-01,2024,Apartment,520.4,One storey,2024,B1;P1,5,2.5,12645.9,12.646,41760.4,11600.2,169860.1,47183.7,11600.1,0.0,0.0,0.0,0.0,208447885,Air,Central split system,58912.2,T,5.57,3.55,2.0,0.0,0.0,94.0,0.0,0.0,,Central split system,3.64,Electric furnace,Electricity,,,Yes,CARRIER,38MURAQ18AB3,40MUAAQ18XA3,19000,13500,16500,2.04,9.3,18,Yes,5.568,4.836,0.44,0.382
5480223,MB,R0G,N,2024-11-01,2024,Single Detached,189.5,One storey,2024,B1,1,0.58,5255.9,5.256,15075.5,4187.7,57756.9,16043.7,4187.8,0.0,0.0,0.0,0.0,211239228,Air,Central split system,7806.5,T,7.74,3.59,1.92,0.0,0.0,88.0,0.0,0.0,,Central split system,3.21,Electric furnace,Electricity,,,Yes,KEEPRITE,DLCURAH24ABK,FJMA4*24L*B*,26400,19200,23400,1.92,9,16,No,7.737,6.858,1.472,1.305
5480223,MB,R0G,P,2024-11-01,2024,Single Detached,189.5,One storey,2024,B1,1,1.5,5734.8,5.735,16446.0,4568.4,59085.8,16412.9,4568.4,0.0,0.0,0.0,0.0,211239228,Air,Central split system,7806.5,T,7.74,3.59,1.92,0.0,0.0,88.0,0.0,0.0,,Central split system,3.21,Electric furnace,Electricity,,,Yes,KEEPRITE,DLCURAH24ABK,FJMA4*24L*B*,26400,19200,23400,1.92,9,16,No,7.737,6.858,1.349,1.196
5480236,MB,R0C,D,2025-01-01,2025,Single Detached,335.1,Two storeys,1985,B1;B2;C1;C2;F1;F2,1,2.88,24120.0,24.12,122641.5,34067.4,171884.6,47746.1,34067.2,0.0,0.0,0.0,0.0,202566187,Air,Central split system,9554.1,F,0.0,3.724,0.0,0.0,0.0,0.0,0.0,0.0,,Central split system,3.153,Baseboard/Hydronic/Plenum(duct) htrs.,Electricity,Wood fireplace,Mixed Wood,Yes,LENNOX,ML14XP1-036-230A**,CBA27UHE-036-230*+TDR,32600,21600,,,9,15,No,9.554,,0.396,
5483205,MB,R0G,N,2024-12-01,2024,Single Detached,262.1,One storey,2024,B1,1,0.66,6588.0,6.588,19133.5,5314.9,64648.7,17958.1,5314.8,0.0,0.0,0.0,0.0,210568233,Air,Central split system,15500.0,T,7.03,3.21,1.91,0.0,0.0,100.0,0.0,0.0,,Central split system,3.23,Baseboard/Hydronic/Plenum(duct) htrs.,Electricity,,,Yes,COMFORT-AIRE,A-VCD24SA-1,B-VCD24SA-1,24000,19200,22600,1.91,10,17.4,Yes,7.034,6.623,1.068,1.005
5483205,MB,R0G,P,2024-12-01,2024,Single Detached,262.1,One storey,2024,B1,1,1.5,7263.4,7.263,21297.0,5915.9,66695.1,18526.6,5915.9,0.0,0.0,0.0,0.0,210568233,Air,Central split system,15500.0,T,7.03,3.21,1.91,0.0,0.0,100.0,0.0,0.0,,Central split system,3.23,Baseboard/Hydronic/Plenum(duct) htrs.,Electricity,,,Yes,COMFORT-AIRE,A-VCD24SA-1,B-VCD24SA-1,24000,19200,22600,1.91,10,17.4,Yes,7.034,6.623,0.968,0.912
5482698,MB,R4K,N,2024-08-01,2024,Single Detached,334.1,Two storeys,2024,B1,1,0.56,12174.2,12.174,42824.7,11895.8,86454.3,24015.3,11895.9,0.0,0.0,0.0,0.0,206223059,Air,Central split system,30532.1,T,14.07,3.34,2.05,0.0,0.0,100.0,0.0,0.0,,Central split system,3.11,Baseboard/Hydronic/Plenum(duct) htrs.,Electricity,Advanced airtight wood stove,Mixed Wood,Yes,,,,,,,,,,,,,,
5482698,MB,R4K,P,2024-08-01,2024,Single Detached,334.1,Two storeys,2024,B1,1,1.5,13899.1,13.899,48916.8,13588.1,92466.8,25685.4,13588.2,0.0,0.0,0.0,0.0,206223059,Air,Central split system,30532.1,T,14.07,3.34,2.05,0.0,0.0,100.0,0.0,0.0,,Central split system,3.11,Baseboard/Hydronic/Plenum(duct) htrs.,Electricity,Advanced airtight wood stove,Mixed Wood,Yes,,,,,,,,,,,,,,
5483095,MB,R3X,E,2025-04-01,2025,Single Detached,189.9,Two storeys,2024,B1,1,1.3428,8152.1,8.152,18030.9,5008.6,72759.4,20211.1,5008.7,2887.8,0.0,0.0,0.0,212386844,Air,Coils Only,10891.7,T,9.67,3.25,1.85,7.7,15.5,81.0,0.0,0.0,,Coils Only,2.76,Condensing furnace,Natural Gas,,,Yes,ATK,ACI-AUO30SHP-M,ACI-CCO36CP21,33000,22600,27000,1.85,9.7,15.5,No,9.671,7.913,1.186,0.971
5483438,MB,R0C,N,2024-12-01,2024,Single Detached,420.4,One and a half,2024,C1;F1,1,0.76,16160.0,16.16,56523.4,15701.1,112079.3,31133.4,15701.0,0.0,0.0,0.0,0.0,211624980,Air,Central split system,26067.2,T,15.83,3.06,1.8,0.0,0.0,70.0,0.0,0.0,ESTAR,Central split system,2.98,Electric furnace,Electricity,Radiant floor panels,Electricity,Yes,CONTINENTAL,WSEHV4860RA1-C,CPFX48A60A,54000,44000,41000,1.80,9,16,Yes,15.826,12.016,0.979,0.744
5483438,MB,R0C,P,2024-12-01,2024,Single Detached,420.4,One and a half,2024,C1;F1,1,1.5,17531.2,17.531,62539.0,17372.1,117777.9,32716.3,17372.1,0.0,0.0,0.0,0.0,211624980,Air,Central split system,26067.2,T,15.83,3.06,1.8,0.0,0.0,70.0,0.0,0.0,ESTAR,Central split system,2.98,Electric furnace,Electricity,Radiant floor panels,Electricity,Yes,CONTINENTAL,WSEHV4860RA1-C,CPFX48A60A,54000,44000,41000,1.80,9,16,Yes,15.826,12.016,0.903,0.685
5483785,MB,R3N,D,2025-01-01,2025,Single Detached,193.9,One storey,1965,B1,1,2.3,6533.9,6.534,19251.3,5347.6,65356.8,18154.8,5347.5,0.0,0.0,0.0,0.0,205663366,Air,Compact Ducted Mini- or Multi-split system,12060.5,T,7.03,3.94,2.26,0.0,0.0,75.0,0.0,0.0,,Compact Ducted Mini- or Multi-split system,3.17,Baseboard/Hydronic/Plenum(duct) htrs.,Electricity,,,Yes,DAIKIN,3MXS24RMVJU*,,24000,15200,,,10.35,16,No,7.034,,1.076,
5484500,MB,R0G,D,2025-01-01,2025,Single Detached,129.8,Two storeys,2016,C1;F1,1,2.436,8056.7,8.057,26174.0,7270.6,73311.9,20364.6,7270.6,0.0,0.0,0.0,0.0,207641348,Air,Compact Ducted Mini- or Multi-split system,8939.5,T,7.33,3.47,2.0,8.8,19.2,108.0,0.0,0.0,ESTAR,Compact Ducted Mini- or Multi-split system,3.39,Baseboard/Hydronic/Plenum(duct) htrs.,Electricity,Advanced airtight wood stove,Hardwood,Yes,SENVILLE,SENA/24HF/OQ,SENA/24HF/ID,25000,21000,27000,2.00,10.5,19.2,Yes,7.327,7.913,0.909,0.982
5488084,MB,R0K,D,2025-01-01,2025,Single Detached,151.5,One storey,1975,C1;F1,1,9.183,24715.6,24.716,118661.1,32961.7,168948.3,46930.5,32961.7,0.0,0.0,0.0,0.0,211312075,Air,Central split system,3956.5,F,0.0,3.2,0.0,0.0,0.0,0.0,0.0,0.0,,Central split system,2.647,Baseboard/Hydronic/Plenum(duct) htrs.,Electricity,Wood fireplace,Mixed Wood,No,,,,,,,,,,,,,,
5488406,MB,R7A,D,2025-02-01,2025,Double/Semi-detached,110.8,One storey,2016,,1,2.3937,4898.6,4.899,17171.4,4769.9,60234.8,16732.0,4769.8,0.0,0.0,0.0,0.0,200059136,Air,Ductless Mini- or Multi-split system,5275.3,F,0.0,4.164,0.0,0.0,0.0,0.0,0.0,0.0,,Ductless Mini- or Multi-split system,3.268,Baseboard/Hydronic/Plenum(duct) htrs.,Electricity,,,Yes,,,,,,,,,,,,,,
5489523,MB,R7B,D,2025-02-01,2025,Double/Semi-detached,125.2,One storey,2014,B1;P1,1,1.6936,4667.5,4.668,15271.0,4242.0,60785.1,16884.9,4242.0,0.0,0.0,0.0,0.0,5557261,Air,Ductless Mini- or Multi-split system,3516.9,F,0.0,3.976,0.0,0.0,0.0,0.0,0.0,0.0,,Ductless Mini- or Multi-split system,3.268,Baseboard/Hydronic/Plenum(duct) htrs.,Electricity,,,Yes,,,,,,,,,,,,,,
5489642,MB,R7B,D,2025-02-01,2025,Single Detached,224.3,One storey,1954,B1,1,2.8963,10683.0,10.683,12537.8,3482.8,89862.5,24962.0,3482.8,9537.3,0.0,0.0,0.0,9920041,Air,Ductless Mini- or Multi-split system,3516.9,F,0.0,4.54,0.0,0.0,0.0,0.0,0.0,0.0,,Ductless Mini- or Multi-split system,3.958,Condensing furnace,Natural Gas,,,Yes,LENNOX,MLA012S4S-1P,MWMA012S4-2P,12000,7800,,,9.1,19.9,No,3.517,,0.329,
5537033,MB,R3M,D,2025-02-01,2025,Single Detached,279.5,Two storeys,1945,B1;B2,1,6.6833,28857.5,28.858,58132.5,16148.0,214135.2,59482.5,16148.2,27106.6,0.0,0.0,0.0,207349916,Air,Ductless Mini- or Multi-split system,17314.3,T,10.55,3.1,1.81,7.5,21.0,73.0,0.0,0.0,ESTAR,Ductless Mini- or Multi-split system,2.93,Boiler  with spark ignition,Natural Gas,Fireplace with pilot (sealed),Natural Gas,Yes,SAMSUNG,AJ036BXJ4CH,,32000,21000,26400,1.81,9,21,No,9.378,7.737,0.325,0.268
5490431,MB,R5H,N,2025-01-01,2025,Attached Duplex,190.4,Two storeys,2024,B1,2,1.6224,5302.6,5.303,12873.4,3576.0,69699.5,19361.1,3575.9,0.0,0.0,0.0,0.0,10255976,Air,Central split system,3809.9,F,0.0,3.724,0.0,0.0,0.0,0.0,0.0,0.0,,Central split system,3.164,Electric furnace,Electricity,,,Yes,AMERISTAR,M4THS1512A11N**,M4MHW1512A1N0**,13000,8100,,,9,15,No,3.81,,0.719,
5490431,MB,R5H,P,2025-01-01,2025,Attached Duplex,190.4,Two storeys,2024,B1,2,2.5,6356.3,6.356,17409.2,4835.9,74037.7,20566.2,4835.9,0.0,0.0,0.0,0.0,10255976,Air,Central split system,3809.9,F,0.0,3.724,0.0,0.0,0.0,0.0,0.0,0.0,,Central split system,3.164,Electric furnace,Electricity,,,Yes,AMERISTAR,M4THS1512A11N**,M4MHW1512A1N0**,13000,8100,,,9,15,No,3.81,,0.599,
5490492,MB,R5H,N,2025-01-01,2025,Attached Duplex,190.4,Two storeys,2024,B1,2,2.3129,5271.1,5.271,11280.9,3133.6,68385.1,18996.0,3133.6,0.0,0.0,0.0,0.0,10255976,Air,Central split system,3809.9,F,0.0,3.724,0.0,0.0,0.0,0.0,0.0,0.0,,Central split system,3.164,Electric furnace,Electricity,,,Yes,AMERISTAR,M4THS1512A11N**,M4MHW1512A1N0**,13000,8100,,,9,15,No,3.81,,0.723,
5490492,MB,R5H,P,2025-01-01,2025,Attached Duplex,190.4,Two storeys,2024,B1,2,2.5,5295.2,5.295,11201.4,3111.5,68325.4,18979.4,3111.4,0.0,0.0,0.0,0.0,10255976,Air,Central split system,3809.9,F,0.0,3.724,0.0,0.0,0.0,0.0,0.0,0.0,,Central split system,3.164,Electric furnace,Electricity,,,Yes,AMERISTAR,M4THS1512A11N**,M4MHW1512A1N0**,13000,8100,,,9,15,No,3.81,,0.72,
5490493,MB,R5H,N,2025-01-01,2025,Attached Duplex,188.7,Two storeys,2024,B1,2,1.6875,5279.4,5.279,12789.8,3552.8,69625.0,19340.4,3552.8,0.0,0.0,0.0,0.0,10255976,Air,Central split system,3809.9,F,0.0,3.724,0.0,0.0,0.0,0.0,0.0,0.0,,Central split system,3.164,Electric furnace,Electricity,,,Yes,AMERISTAR,M4THS1512A11N**,M4MHW1512A1N0**,13000,8100,,,9,15,No,3.81,,0.722,
5490493,MB,R5H,P,2025-01-01,2025,Attached Duplex,188.7,Two storeys,2024,B1,2,2.5,6335.8,6.336,17341.4,4817.1,73973.4,20548.3,4817.0,0.0,0.0,0.0,0.0,10255976,Air,Central split system,3809.9,F,0.0,3.724,0.0,0.0,0.0,0.0,0.0,0.0,,Central split system,3.164,Electric furnace,Electricity,,,Yes,AMERISTAR,M4THS1512A11N**,M4MHW1512A1N0**,13000,8100,,,9,15,No,3.81,,0.601,
5490495,MB,R5H,N,2025-01-01,2025,Attached Duplex,188.7,Two storeys,2024,B1,2,1.6991,5582.4,5.582,15605.6,4334.9,72072.3,20020.2,4335.0,0.0,0.0,0.0,0.0,212365501,Air,Central split system,3575.5,F,0.0,3.976,0.0,0.0,0.0,0.0,6.59,15.5,,Central split system,3.291,Electric furnace,Electricity,,,Yes,RunTru,M4TVS1712A11NA,M4MVW1712A1N0A,12200,6900,,,8.5,17,No,3.575,,0.64,
5490495,MB,R5H,P,2025-01-01,2025,Attached Duplex,188.7,Two storeys,2024,B1,2,2.5,6328.4,6.328,18753.1,5209.2,75106.2,20863.0,5209.2,0.0,0.0,0.0,0.0,212365501,Air,Central split system,3575.5,F,0.0,3.976,0.0,0.0,0.0,0.0,6.59,15.5,,Central split system,3.291,Electric furnace,Electricity,,,Yes,RunTru,M4TVS1712A11NA,M4MVW1712A1N0A,12200,6900,,,8.5,17,No,3.575,,0.565,
5490497,MB,R5H,N,2025-01-01,2025,Attached Duplex,190.4,Two storeys,2024,B1,2,2.1585,4929.5,4.93,10990.4,3052.9,67740.0,18816.8,3052.8,0.0,0.0,0.0,0.0,212365501,Air,Central split system,3575.5,F,0.0,3.976,0.0,0.0,0.0,0.0,6.59,15.5,,Central split system,3.291,Electric furnace,Electricity,,,Yes,RunTru,M4TVS1712A11NA,M4MVW1712A1N0A,12200,6900,,,8.5,17,No,3.575,,0.725,
5490497,MB,R5H,P,2025-01-01,2025,Attached Duplex,190.4,Two storeys,2024,B1,2,2.5,5291.6,5.292,12426.0,3451.7,69095.7,19193.4,3451.7,0.0,0.0,0.0,0.0,212365501,Air,Central split system,3575.5,F,0.0,3.976,0.0,0.0,0.0,0.0,6.59,15.5,,Central split system,3.291,Electric furnace,Electricity,,,Yes,RunTru,M4TVS1712A11NA,M4MVW1712A1N0A,12200,6900,,,8.5,17,No,3.575,,0.676,
5490498,MB,R5H,N,2025-01-01,2025,Attached Duplex,188.7,Two storeys,2024,B1,2,1.7566,5374.4,5.374,14407.6,4002.1,70916.6,19699.2,4002.3,0.0,0.0,0.0,0.0,212365501,Air,Central split system,3575.5,F,0.0,3.976,0.0,0.0,0.0,0.0,6.59,15.5,,Central split system,3.291,Electric furnace,Electricity,,,Yes,RunTru,M4TVS1712A11NA,M4MVW1712A1N0A,12200,6900,,,8.5,17,No,3.575,,0.665,
5490498,MB,R5H,P,2025-01-01,2025,Attached Duplex,188.7,Two storeys,2024,B1,2,2.5,6328.4,6.328,18760.1,5211.2,75101.7,20861.8,5211.2,0.0,0.0,0.0,0.0,212365501,Air,Central split system,3575.5,F,0.0,3.976,0.0,0.0,0.0,0.0,6.59,15.5,,Central split system,3.291,Electric furnace,Electricity,,,Yes,RunTru,M4TVS1712A11NA,M4MVW1712A1N0A,12200,6900,,,8.5,17,No,3.575,,0.565,
5491921,MB,R1A,N,2025-01-01,2025,Single Detached,289.8,One storey,2024,B1,1,0.74,7793.0,7.793,11115.7,3087.7,73585.4,20440.6,3087.8,5249.2,0.0,0.0,0.0,215322711,Air,Central split system,8088.7,F,0.0,3.598,0.0,0.0,0.0,0.0,5.81,14.3,,Central split system,3.146,Condensing furnace,Natural Gas,,,Yes,GOODMAN,GLZS4BA3010A*,CA*TA3626*3A*,27600,17000,14400,2.00,7.5,14.3,No,8.089,4.22,1.038,0.542
5491921,MB,R1A,P,2025-01-01,2025,Single Detached,289.8,One storey,2024,B1,1,1.5,8490.2,8.49,11295.4,3137.6,76844.0,21345.7,3137.5,6137.3,0.0,0.0,0.0,215322711,Air,Central split system,8088.7,F,0.0,3.598,0.0,0.0,0.0,0.0,5.81,14.3,,Central split system,3.146,Condensing furnace,Natural Gas,,,Yes,GOODMAN,GLZS4BA3010A*,CA*TA3626*3A*,27600,17000,14400,2.00,7.5,14.3,No,8.089,4.22,0.953,0.497
2133307,MB,R3X,D,2025-02-01,2025,Single Detached,184.0,Two storeys,2023,B1,1,1.9366,8313.2,8.313,19232.4,5342.4,75526.9,20979.9,5342.3,3213.9,0.0,0.0,0.0,212361366,Air,Coils Only,10008.4,T,9.96,3.02,1.8,7.0,15.2,75.0,0.0,0.0,,Coils Only,2.79,Condensing furnace,Natural Gas,,,Yes,TOSOT,TU36-24WADU,TCAT36F/NAA,36000,23200,26000,1.80,8.5,15.2,No,10.551,7.62,1.269,0.917
5493877,MB,R0C,N,2025-01-01,2025,Single Detached,378.8,One storey,2024,B1,1,0.56,7183.5,7.184,19276.6,5354.7,66634.1,18509.6,5354.8,0.0,0.0,0.0,0.0,210568227,Air,Central split system,24625.6,T,11.72,4.23,1.96,0.0,0.0,92.0,0.0,0.0,ESTAR,Central split system,2.42,Electric furnace,Electricity,Wood fireplace,Mixed Wood,Yes,COMFORT-AIRE,A-VCD36SA-1,B-VCD36SA-1,40000,30400,34400,1.97,9.5,16,Yes,11.723,10.082,1.632,1.403
5493877,MB,R0C,P,2025-01-01,2025,Single Detached,378.8,One storey,2024,B1,1,1.5,9008.0,9.008,24886.2,6912.9,71811.9,19947.9,6912.8,0.0,0.0,0.0,0.0,210568227,Air,Central split system,24625.6,T,11.72,4.23,1.96,0.0,0.0,92.0,0.0,0.0,ESTAR,Central split system,2.42,Electric furnace,Electricity,Wood fireplace,Mixed Wood,Yes,COMFORT-AIRE,A-VCD36SA-1,B-VCD36SA-1,40000,30400,34400,1.97,9.5,16,Yes,11.723,10.082,1.301,1.119
5494083,MB,R2V,N,2025-02-01,2025,Single Detached,190.4,Two storeys,2024,B1,1,0.77,6662.4,6.662,11917.6,3310.5,62977.1,17493.8,3310.6,2438.6,0.0,0.0,0.0,213076369,Air,Central split system,7924.3,T,7.85,3.92,2.26,8.35,16.5,99.0,0.0,0.0,,Central split system,3.2,Condensing furnace,Natural Gas,,,Yes,CARRIER,38MURAQ24AB3*,CAP**2417AL*,26800,19400,26600,2.26,8.5,16.5,No,7.854,7.796,1.179,1.17
5494083,MB,R2V,P,2025-02-01,2025,Single Detached,190.4,Two storeys,2024,B1,1,1.5,7416.2,7.416,12728.8,3535.8,65673.0,18242.6,3535.9,2975.3,0.0,0.0,0.0,213076369,Air,Central split system,7924.3,T,7.85,3.92,2.26,8.35,16.5,99.0,0.0,0.0,,Central split system,3.2,Condensing furnace,Natural Gas,,,Yes,CARRIER,38MURAQ24AB3*,CAP**2417AL*,26800,19400,26600,2.26,8.5,16.5,No,7.854,7.796,1.059,1.051
5494815,MB,R0E,N,2025-02-01,2025,Attached Triplex,366.0,Two storeys,2024,B1;P1,3,1.1714,7536.2,7.536,17750.7,4930.8,97408.5,27058.1,4930.9,0.0,0.0,0.0,0.0,211264978,Air,Central split system,16650.8,T,5.48,3.98,2.4,8.25,17.0,105.0,0.0,0.0,,Central split system,3.51,Electric furnace,Electricity,,,Yes,KEEPRITE,DLCURAH18ABK,"FM(C,U)4Z18**AL*",18700,12500,19800,2.40,9,17,No,5.48,5.803,0.727,0.77
5494815,MB,R0E,P,2025-02-01,2025,Attached Triplex,366.0,Two storeys,2024,B1;P1,3,2.5,10242.9,10.243,25192.9,6998.1,104517.3,29032.8,6998.1,0.0,0.0,0.0,0.0,211264978,Air,Central split system,16650.8,T,5.48,3.98,2.4,8.25,17.0,105.0,0.0,0.0,,Central split system,3.51,Electric furnace,Electricity,,,Yes,KEEPRITE,DLCURAH18ABK,"FM(C,U)4Z18**AL*",18700,12500,19800,2.40,9,17,No,5.48,5.803,0.535,0.567
5495523,MB,R0E,N,2025-02-01,2025,Attached Triplex,404.6,Two storeys,2024,B1;P1,3,1.3773,7870.7,7.871,15034.4,4176.3,95155.0,26432.2,4176.1,0.0,0.0,0.0,0.0,211264978,Air,Central split system,16650.8,T,5.48,3.98,2.4,8.25,17.0,105.0,0.0,0.0,,Central split system,3.51,Electric furnace,Electricity,,,Yes,KEEPRITE,DLCURAH18ABK,"FM(C,U)4Z18**AL*",18700,12500,19800,2.40,9,17,No,5.48,5.803,0.696,0.737
5495523,MB,R0E,P,2025-02-01,2025,Attached Triplex,404.6,Two storeys,2024,B1;P1,3,2.5,10457.4,10.457,21820.0,6061.2,101526.7,28202.1,6061.2,0.0,0.0,0.0,0.0,211264978,Air,Central split system,16650.8,T,5.48,3.98,2.4,8.25,17.0,105.0,0.0,0.0,,Central split system,3.51,Electric furnace,Electricity,,,Yes,KEEPRITE,DLCURAH18ABK,"FM(C,U)4Z18**AL*",18700,12500,19800,2.40,9,17,No,5.48,5.803,0.524,0.555
5495524,MB,R0E,N,2025-02-01,2025,Attached Triplex,404.6,Two storeys,2024,B1;P1,3,1.5898,8045.2,8.045,15311.9,4253.3,95444.0,26512.4,4253.4,0.0,0.0,0.0,0.0,211264978,Air,Central split system,16650.8,T,5.48,3.98,2.4,8.25,17.0,105.0,0.0,0.0,,Central split system,3.51,Electric furnace,Electricity,,,Yes,KEEPRITE,DLCURAH18ABK,"FM(C,U)4Z18**AL*",18700,12500,19800,2.40,9,17,No,5.48,5.803,0.681,0.721
5495524,MB,R0E,P,2025-02-01,2025,Attached Triplex,404.6,Two storeys,2024,B1;P1,3,2.5,10457.4,10.457,21820.1,6061.2,101526.8,28202.1,6061.2,0.0,0.0,0.0,0.0,211264978,Air,Central split system,16650.8,T,5.48,3.98,2.4,8.25,17.0,105.0,0.0,0.0,,Central split system,3.51,Electric furnace,Electricity,,,Yes,KEEPRITE,DLCURAH18ABK,"FM(C,U)4Z18**AL*",18700,12500,19800,2.40,9,17,No,5.48,5.803,0.524,0.555
5495525,MB,R0E,N,2025-02-01,2025,Attached Triplex,366.0,Two storeys,2024,B1;P1,3,1.3706,7787.9,7.788,18344.7,5095.8,97989.6,27219.6,5095.9,0.0,0.0,0.0,0.0,211264978,Air,Central split system,16650.8,T,5.48,3.98,2.4,8.25,17.0,105.0,0.0,0.0,,Central split system,3.51,Electric furnace,Electricity,,,Yes,KEEPRITE,DLCURAH18ABK,"FM(C,U)4Z18**AL*",18700,12500,19800,2.40,9,17,No,5.48,5.803,0.704,0.745
5495525,MB,R0E,P,2025-02-01,2025,Attached Triplex,366.0,Two storeys,2024,B1;P1,3,2.5,10242.9,10.243,25192.9,6998.1,104517.3,29032.8,6998.1,0.0,0.0,0.0,0.0,211264978,Air,Central split system,16650.8,T,5.48,3.98,2.4,8.25,17.0,105.0,0.0,0.0,,Central split system,3.51,Electric furnace,Electricity,,,Yes,KEEPRITE,DLCURAH18ABK,"FM(C,U)4Z18**AL*",18700,12500,19800,2.40,9,17,No,5.48,5.803,0.535,0.567
5495537,MB,R5G,N,2025-02-01,2025,Apartment Row,1842.9,Three storeys,2024,,21,0.7257,29486.5,29.486,61715.5,17143.3,674173.3,187271.9,17143.5,0.0,0.0,0.0,0.0,210410122,Air,Ductless Mini- or Multi-split system,99995.8,T,3.52,3.11,1.75,7.2,0.0,70.0,0.0,0.0,,Ductless Mini- or Multi-split system,2.6,Baseboard/Hydronic/Plenum(duct) htrs.,Electricity,Forced air furnace,Electricity,Yes,ACD,CHD12KCH17S-O,CHD12KCH17S-I,12000,9700,8500,1.80,8.5,17.5,No,3.517,2.491,0.119,0.084
5495537,MB,R5G,P,2025-02-01,2025,Apartment Row,1842.9,Three storeys,2024,,21,2.5,47043.9,47.044,110794.9,30776.6,718506.5,199586.7,30776.6,0.0,0.0,0.0,0.0,210410122,Air,Ductless Mini- or Multi-split system,99995.8,T,3.52,3.11,1.75,7.2,0.0,70.0,0.0,0.0,,Ductless Mini- or Multi-split system,2.6,Baseboard/Hydronic/Plenum(duct) htrs.,Electricity,Forced air furnace,Electricity,Yes,ACD,CHD12KCH17S-O,CHD12KCH17S-I,12000,9700,8500,1.80,8.5,17.5,No,3.517,2.491,0.075,0.053
5026530,MB,R2K,D,2025-02-01,2025,Single Detached,192.5,One and a half,1927,B1,1,5.58,15699.3,15.699,50152.9,13931.5,103972.8,28881.6,13931.5,1794.5,0.0,0.0,0.0,208447887,Air,Central split system,15575.3,T,7.03,3.29,1.8,0.0,0.0,100.0,0.0,0.0,,Central split system,3.42,Electric furnace,Electricity,Fireplace with pilot (unsealed),Natural Gas,Yes,CARRIER,38MURAQ24AB3,40MUAAQ24XA3,24000,19200,22600,1.91,10,17.4,Yes,7.034,6.623,0.448,0.422
13758746,MB,R2J,D,2025-03-01,2025,Single Detached,309.8,One storey,1974,B1,1,1.97,14945.7,14.946,23659.4,6572.1,112273.3,31187.3,6572.0,10382.0,0.0,0.0,0.0,207098550,Air,Central split system,8787.2,T,8.79,3.48,1.95,0.0,0.0,70.0,0.0,0.0,ESTAR,Central split system,3.36,Condensing furnace,Natural Gas,Wood fireplace,Mixed Wood,Yes,CARRIER,38MARBQ24AA3,CAP**2417AL*,26000,15800,,,10,15,No,7.62,,0.51,
5500017,MB,R3Y,N,2025-02-01,2025,Single Detached,190.4,Two storeys,2024,B1,1,0.91,6841.0,6.841,12311.5,3419.9,63343.6,17595.6,3420.0,2602.2,0.0,0.0,0.0,213076369,Air,Central split system,7924.3,T,7.85,3.92,2.26,8.35,16.5,99.0,0.0,0.0,,Central split system,3.2,Condensing furnace,Natural Gas,,,Yes,CARRIER,38MURAQ24AB3*,CAP**2417AL*,26800,19400,26600,2.26,8.5,16.5,No,7.854,7.796,1.148,1.14
5500017,MB,R3Y,P,2025-02-01,2025,Single Detached,190.4,Two storeys,2024,B1,1,1.5,7428.2,7.428,12929.5,3591.6,65422.2,18173.0,3591.4,3038.1,0.0,0.0,0.0,213076369,Air,Central split system,7924.3,T,7.85,3.92,2.26,8.35,16.5,99.0,0.0,0.0,,Central split system,3.2,Condensing furnace,Natural Gas,,,Yes,CARRIER,38MURAQ24AB3*,CAP**2417AL*,26800,19400,26600,2.26,8.5,16.5,No,7.854,7.796,1.057,1.049
5500024,MB,R3Y,N,2025-02-01,2025,Single Detached,190.0,Two storeys,2024,B1,1,1.42,7800.9,7.801,18235.9,5065.6,68936.2,19149.1,5065.6,2611.7,0.0,0.0,0.0,212386846,Air,Coils Only,13065.1,T,7.33,3.35,1.95,7.7,16.5,80.0,0.0,0.0,,Coils Only,3.2,Condensing furnace,Natural Gas,,,Yes,ATK,ACI-AUO24SHP-M,ACI-BCO24CP17,25000,21000,20000,1.95,9.5,16.5,No,7.327,5.861,0.939,0.751
5500024,MB,R3Y,P,2025-02-01,2025,Single Detached,190.0,Two storeys,2024,B1,1,1.5,7744.4,7.744,18045.3,5012.6,68668.8,19074.8,5012.5,2587.5,0.0,0.0,0.0,212386846,Air,Coils Only,13065.1,T,7.33,3.35,1.95,7.7,16.5,80.0,0.0,0.0,,Coils Only,3.2,Condensing furnace,Natural Gas,,,Yes,ATK,ACI-AUO24SHP-M,ACI-BCO24CP17,25000,21000,20000,1.95,9.5,16.5,No,7.327,5.861,0.946,0.757
5500089,MB,R0C,N,2025-02-01,2025,Single Detached,270.7,One storey,2024,C1;F1,1,2.05,12078.5,12.078,40566.5,11268.6,97006.5,26946.5,11268.7,0.0,0.0,0.0,0.0,201977890,Air,Central split system,9905.8,F,0.0,3.461,0.0,0.0,0.0,0.0,0.0,0.0,,Central split system,3.038,Baseboard/Hydronic/Plenum(duct) htrs.,Electricity,Radiant floor panels,Electricity,Yes,PAYNE HEATING AND COOLING,PH14NB036*0**B*,PF4MNP036L*,33800,20800,,,8.2,14,No,9.906,,0.82,
5500089,MB,R0C,P,2025-02-01,2025,Single Detached,270.7,One storey,2024,C1;F1,1,2.5,13247.3,13.247,47687.9,13246.7,103672.8,28798.2,13246.8,0.0,0.0,0.0,0.0,201977890,Air,Central split system,9905.8,F,0.0,3.461,0.0,0.0,0.0,0.0,0.0,0.0,,Central split system,3.038,Baseboard/Hydronic/Plenum(duct) htrs.,Electricity,Radiant floor panels,Electricity,Yes,PAYNE HEATING AND COOLING,PH14NB036*0**B*,PF4MNP036L*,33800,20800,,,8.2,14,No,9.906,,0.748,
5500236,MB,R0L,N,2025-02-01,2025,Single Detached,403.2,Two storeys,2024,B1,1,1.16,12045.2,12.045,54750.8,15208.7,97253.7,27015.1,15208.7,0.0,0.0,0.0,0.0,206414274,Air,Central split system,7000.0,T,15.83,3.06,1.8,7.0,16.0,75.0,0.0,0.0,,Central split system,2.93,Electric furnace,Electricity,,,Yes,TOSOT,TU60-48WADU,TUD60-24AH2ADU,54000,44000,41000,1.80,9,16,Yes,15.826,12.016,1.314,0.998
5500236,MB,R0L,P,2025-02-01,2025,Single Detached,403.2,Two storeys,2024,B1,1,1.5,13032.3,13.032,59846.7,16624.2,102294.1,28415.3,16624.3,0.0,0.0,0.0,0.0,206414274,Air,Central split system,7000.0,T,15.83,3.06,1.8,7.0,16.0,75.0,0.0,0.0,,Central split system,2.93,Electric furnace,Electricity,,,Yes,TOSOT,TU60-48WADU,TUD60-24AH2ADU,54000,44000,41000,1.80,9,16,Yes,15.826,12.016,1.214,0.922
5501644,MB,R3P,E,2025-05-01,2025,Single Detached,502.9,Two storeys,1968,B1;B2,1,2.6269,23606.1,23.606,42808.6,11891.4,130931.7,36370.2,11891.5,11291.2,0.0,0.0,0.0,213815731,Air,Central split system,20686.1,T,10.02,3.69,2.0,7.0,17.5,84.0,0.0,0.0,ESTAR,Central split system,3.05,Condensing furnace,Natural Gas,Fireplace with spark ignit. (sealed),Natural Gas,Yes,DAIKIN,DZ6VSA361EA*,CA*EA4830*4A*+MBVK16CP1X00A*,34200,23000,29000,2.00,8.6,17.5,Yes,10.023,8.499,0.425,0.36
5502174,MB,R2V,N,2025-03-01,2025,Single Detached,200.6,Two storeys,2024,B1,1,1.67,8174.8,8.175,8753.9,2431.7,72827.1,20229.9,2431.7,6226.2,0.0,0.0,0.0,214279872,Air,Central split system,7795.7,F,0.0,4.35,0.0,0.0,0.0,0.0,7.36,16.5,,Central split system,3.411,Condensing furnace,Natural Gas,,,Yes,KEEPRITE,DLCURAH24ABK,EA*4X24L17A*,26600,19400,24800,2.04,9.5,16.5,No,7.796,7.268,0.954,0.889
5502174,MB,R2V,P,2025-03-01,2025,Single Detached,200.6,Two storeys,2024,B1,1,2.0,8544.9,8.545,9023.8,2506.6,74438.8,20677.6,2506.7,6605.3,0.0,0.0,0.0,214279872,Air,Central split system,7795.7,F,0.0,4.35,0.0,0.0,0.0,0.0,7.36,16.5,,Central split system,3.411,Condensing furnace,Natural Gas,,,Yes,KEEPRITE,DLCURAH24ABK,EA*4X24L17A*,26600,19400,24800,2.04,9.5,16.5,No,7.796,7.268,0.912,0.851
5506388,MB,R6W,N,2025-03-01,2025,Double/Semi-detached,183.8,Two storeys,2024,B1,1,1.32,6393.0,6.393,18924.3,5256.8,61632.0,17120.1,5256.7,0.0,0.0,0.0,0.0,211245977,Air,Central split system,7636.6,T,7.56,3.66,1.92,7.65,17.0,89.0,0.0,0.0,,Central split system,3.21,Electric furnace,Electricity,,,Yes,KEEPRITE,DLCURAH24ABK,FVM4X24***L,25800,19000,23000,1.92,8.5,17,No,7.561,6.741,1.183,1.054
5506388,MB,R6W,P,2025-03-01,2025,Double/Semi-detached,183.8,Two storeys,2024,B1,1,1.5,6374.0,6.374,18747.7,5207.7,61472.9,17075.9,5207.8,0.0,0.0,0.0,0.0,211245977,Air,Central split system,7636.6,T,7.56,3.66,1.92,7.65,17.0,89.0,0.0,0.0,,Central split system,3.21,Electric furnace,Electricity,,,Yes,KEEPRITE,DLCURAH24ABK,FVM4X24***L,25800,19000,23000,1.92,8.5,17,No,7.561,6.741,1.186,1.058
5506390,MB,R6W,N,2025-03-01,2025,Double/Semi-detached,182.6,Two storeys,2024,B1,1,1.49,6576.6,6.577,20572.4,5714.6,63072.1,17520.2,5714.5,0.0,0.0,0.0,0.0,211245977,Air,Central split system,7636.6,T,7.56,3.66,1.92,7.65,17.0,89.0,0.0,0.0,,Central split system,3.21,Electric furnace,Electricity,,,Yes,KEEPRITE,DLCURAH24ABK,FVM4X24***L,25800,19000,23000,1.92,8.5,17,No,7.561,6.741,1.15,1.025
5506390,MB,R6W,P,2025-03-01,2025,Double/Semi-detached,182.6,Two storeys,2024,B1,1,2.5,7416.9,7.417,23675.6,6576.6,66098.3,18360.8,6576.7,0.0,0.0,0.0,0.0,211245977,Air,Central split system,7636.6,T,7.56,3.66,1.92,7.65,17.0,89.0,0.0,0.0,,Central split system,3.21,Electric furnace,Electricity,,,Yes,KEEPRITE,DLCURAH24ABK,FVM4X24***L,25800,19000,23000,1.92,8.5,17,No,7.561,6.741,1.019,0.909
5506763,MB,R0K,N,2025-03-01,2025,Single Detached,331.3,Two storeys,2024,B1;B2,1,1.54,14241.7,14.242,21452.7,5959.1,63673.9,17687.3,5959.2,0.0,0.0,0.0,0.0,207312017,Ground,Ground source heat pump,13657.1,F,0.0,3.8,0.0,0.0,0.0,0.0,0.0,0.0,,Conventional A/C,4.75,Electric furnace,Electricity,Fireplace with spark ignit. (sealed),Propane,No,,,,,,,,,,,,,,
5506763,MB,R0K,P,2025-03-01,2025,Single Detached,331.3,Two storeys,2024,B1;B2,1,2.5,16197.6,16.198,23593.6,6553.8,65679.9,18244.6,6553.9,0.0,0.0,0.0,0.0,207312017,Ground,Ground source heat pump,16500.0,F,0.0,3.8,0.0,0.0,0.0,0.0,0.0,0.0,,Conventional A/C,4.75,Electric furnace,Electricity,Fireplace with spark ignit. (sealed),Propane,No,,,,,,,,,,,,,,
5507416,MB,R3Y,N,2025-03-01,2025,Double/Semi-detached,190.9,Two storeys,2025,B1,1,2.03,6738.5,6.738,9937.8,2760.5,60655.5,16848.9,2760.6,2412.8,0.0,0.0,0.0,214279872,Air,Central split system,7795.7,F,0.0,4.35,0.0,0.0,0.0,0.0,7.36,16.5,,Central split system,3.411,Condensing furnace,Natural Gas,,,Yes,KEEPRITE,DLCURAH24ABK,EA*4X24L17A*,26600,19400,24800,2.04,9.5,16.5,No,7.796,7.268,1.157,1.079
5507416,MB,R3Y,P,2025-03-01,2025,Double/Semi-detached,190.9,Two storeys,2024,B1,1,2.5,7359.6,7.36,10644.7,2956.9,62874.0,17465.1,2957.0,2853.1,0.0,0.0,0.0,214279872,Air,Central split system,7795.7,F,0.0,4.35,0.0,0.0,0.0,0.0,7.36,16.5,,Central split system,3.411,Condensing furnace,Natural Gas,,,Yes,KEEPRITE,DLCURAH24ABK,EA*4X24L17A*,26600,19400,24800,2.04,9.5,16.5,No,7.796,7.268,1.059,0.988
1965827,MB,R3M,D,2025-04-01,2025,Single Detached,312.2,Two storeys,1922,B1;B2;B3;B4,1,6.42,25707.3,25.707,17131.3,4758.7,177399.1,49277.9,4758.6,35038.9,0.0,0.0,0.0,10062014,Air,Ductless Mini- or Multi-split system,10550.6,F,0.0,4.375,0.0,0.0,0.0,0.0,0.0,0.0,,Ductless Mini- or Multi-split system,3.958,Condensing boiler,Natural Gas,Fireplace with pilot (unsealed),Natural Gas,Yes,LENNOX,MPB036S4M-1P,,36000,24600,,,9,22.5,No,10.551,,0.41,
5510964,MB,R6W,N,2025-03-01,2025,Apartment,1239.4,Three storeys,2025,,14,2.78,39309.5,39.31,108688.4,30191.5,474385.9,131774.9,30191.4,0.0,0.0,0.0,0.0,208447885,Air,Central split system,99995.6,T,5.57,3.42,2.0,7.6,18.0,94.0,0.0,0.0,ESTAR,Central split system,3.3,Electric furnace,Electricity,Baseboard/Hydronic/Plenum(duct) htrs,Electricity,Yes,CARRIER,38MURAQ18AB3,40MUAAQ18XA3,19000,13500,16500,2.04,9.3,18,Yes,5.568,4.836,0.142,0.123
5510964,MB,R6W,P,2025-03-01,2025,Apartment,1239.4,Three storeys,2025,,14,3.5,43942.3,43.942,123937.8,34427.4,488655.3,135738.7,34427.5,0.0,0.0,0.0,0.0,208447885,Air,Central split system,99995.6,T,5.57,3.42,2.0,7.6,18.0,94.0,0.0,0.0,ESTAR,Central split system,3.3,Electric furnace,Electricity,Baseboard/Hydronic/Plenum(duct) htrs,Electricity,Yes,CARRIER,38MURAQ18AB3,40MUAAQ18XA3,19000,13500,16500,2.04,9.3,18,Yes,5.568,4.836,0.127,0.11
5511384,MB,R0A,N,2025-04-01,2025,Single Detached,412.8,One storey,2024,B1;B2,1,0.8452,8721.9,8.722,15649.9,4347.2,56969.3,15824.9,4347.3,0.0,0.0,0.0,0.0,207318097,Ground,Ground source heat pump,7619.8,F,0.0,3.6,0.0,0.0,0.0,0.0,0.0,0.0,C448,Conventional A/C,4.54,Electric furnace,Electricity,,,No,,,,,,,,,,,,,,
5511384,MB,R0A,P,2025-04-01,2025,Single Detached,412.8,One storey,2023,B1;B2,1,1.5,9696.5,9.696,17281.7,4800.5,58540.2,16261.3,4800.6,0.0,0.0,0.0,0.0,207318097,Ground,Ground source heat pump,7619.8,F,0.0,3.6,0.0,0.0,0.0,0.0,0.0,0.0,C448,Conventional A/C,4.54,Electric furnace,Electricity,,,No,,,,,,,,,,,,,,
5400645,MB,R0A,D,2025-02-01,2025,Single Detached,283.4,One and a half,1956,B1;C1;F1,1,4.3003,21680.0,21.68,88900.5,24694.8,135197.8,37555.2,24694.9,0.0,0.0,0.0,0.0,212633393,Air,Central split system,10185.1,T,9.5,3.02,1.8,0.0,0.0,74.0,0.0,0.0,,Central split system,2.79,Electric furnace,Electricity,,,Yes,,,,,,,,,,,,,,
5513142,MB,R0K,N,2025-03-01,2025,Single Detached,176.9,One storey,2025,B1,1,1.14,4562.6,4.563,13110.2,3641.8,56655.6,15737.8,3641.7,0.0,0.0,0.0,0.0,206414273,Air,Central split system,18622.6,T,10.26,3.0,1.8,7.0,16.0,80.0,0.0,0.0,,Central split system,2.93,Electric furnace,Electricity,,,Yes,TOSOT,TU36-24WADU,TUD36-24AH2ADU,35000,29000,28000,1.80,9,16,Yes,10.257,8.206,2.248,1.799
5513142,MB,R0K,P,2025-03-01,2025,Single Detached,176.9,One storey,2025,B1,1,1.5,4710.3,4.71,13608.1,3780.1,57133.0,15870.4,3780.0,0.0,0.0,0.0,0.0,206414273,Air,Central split system,18622.6,T,10.26,3.0,1.8,7.0,16.0,80.0,0.0,0.0,,Central split system,2.93,Electric furnace,Electricity,,,Yes,TOSOT,TU36-24WADU,TUD36-24AH2ADU,35000,29000,28000,1.80,9,16,Yes,10.257,8.206,2.178,1.742
5513248,MB,R0C,N,2025-03-01,2025,Single Detached,264.6,One storey,2025,C1;F1,1,1.09,11244.7,11.245,27295.7,7582.2,82430.1,22897.4,7582.3,0.0,0.0,0.0,0.0,207256441,Air,Central split system,18624.0,T,10.26,3.01,1.8,7.0,16.0,80.0,0.0,0.0,ESTAR,Central split system,2.93,Electric furnace,Electricity,Baseboard/Hydronic/Plenum(duct) htrs,Electricity,Yes,GREE,FLEXX36HP230V1AO,FLEXX36HP230V1BH,35000,29000,28000,1.80,9,16,Yes,10.257,8.206,0.912,0.73
5513248,MB,R0C,P,2025-03-01,2025,Single Detached,264.6,One storey,2025,C1;F1,1,1.5,11607.1,11.607,28497.7,7916.1,83522.0,23200.7,7916.2,0.0,0.0,0.0,0.0,207256441,Air,Central split system,18624.0,T,10.26,3.01,1.8,7.0,16.0,80.0,0.0,0.0,ESTAR,Central split system,2.93,Electric furnace,Electricity,Baseboard/Hydronic/Plenum(duct) htrs,Electricity,Yes,GREE,FLEXX36HP230V1AO,FLEXX36HP230V1BH,35000,29000,28000,1.80,9,16,Yes,10.257,8.206,0.884,0.707
5513286,MB,R0A,N,2025-03-01,2025,Single Detached,167.2,One storey,2025,C1;F1,1,0.45,6195.0,6.195,10089.5,2802.7,62847.3,17457.7,2802.8,0.0,0.0,0.0,0.0,210791258,Air,Central single package system,11134.9,T,6.68,3.4,1.95,6.6,17.1,72.0,0.0,0.0,,Central single package system,2.61,Electric furnace,Electricity,,,Yes,DAIKIN,DZ6VSA3010A*,DV35FECC14A*,22800,17600,16900,1.95,8.2,17.1,No,6.682,4.953,1.079,0.799
5513286,MB,R0A,P,2025-03-01,2025,Single Detached,167.2,One storey,2025,C1;F1,1,1.5,6776.7,6.777,11536.9,3204.7,64141.6,17817.3,3204.7,0.0,0.0,0.0,0.0,210791258,Air,Central single package system,11134.9,T,6.68,3.4,1.95,6.6,17.1,72.0,0.0,0.0,,Central single package system,2.61,Electric furnace,Electricity,,,Yes,DAIKIN,DZ6VSA3010A*,DV35FECC14A*,22800,17600,16900,1.95,8.2,17.1,No,6.682,4.953,0.986,0.731
5517190,MB,R0E,D,2025-04-01,2025,Single Detached,241.8,One storey,1972,B1;C1;F1;P1,1,2.56,15638.3,15.638,48112.1,13364.6,96195.1,26721.1,13364.6,0.0,0.0,0.0,0.0,7937663,Air,Central split system,19767.9,T,5.28,3.56,2.07,0.0,0.0,85.0,0.0,0.0,,Central split system,3.59,Electric boiler,Electricity,Wood fireplace,Mixed Wood,Yes,FUJITSU,AOU18RLB,ASU18RLB,18000,11500,,,10.6,19,No,5.275,,0.337,
5517266,MB,R0A,D,2025-04-01,2025,Single Detached,356.4,One storey,2023,B1;B2,1,0.86,8990.7,8.991,18968.4,5269.0,73669.4,20463.9,5268.9,2604.7,0.0,0.0,0.0,211624974,Air,Central split system,18611.7,T,10.26,2.99,1.8,7.0,16.0,80.0,0.0,0.0,ESTAR,Central split system,2.93,Condensing boiler,Natural Gas,Other (describe),Electricity,Yes,NAPOLEON,WSEHV2436RA1-N,NPFX24A36A,35000,29000,28000,1.80,9,16,Yes,10.257,8.206,1.141,0.913
5517781,MB,R2M,N,2025-04-01,2025,Single Detached,272.8,One storey,2024,B1,1,0.18,4512.2,4.512,15384.4,4273.5,56251.2,15625.5,4273.4,0.0,0.0,0.0,0.0,202606684,Air,Ductless Mini- or Multi-split system,3516.9,F,0.0,3.899,0.0,0.0,0.0,0.0,6.43,19.0,,Ductless Mini- or Multi-split system,3.711,Baseboard/Hydronic/Plenum(duct) htrs.,Electricity,Baseboard/Hydronic/Plenum(duct) htrs,Electricity,Yes,SENVILLE,SENL/12CD/OX,SENL/12CD/IX,12000,7500,,,8.3,19,No,3.517,,0.779,
5517781,MB,R2M,P,2025-04-01,2025,Single Detached,272.8,One storey,2024,B1,1,1.5,5702.5,5.702,21367.6,5935.5,62105.9,17251.8,5935.6,0.0,0.0,0.0,0.0,202606684,Air,Ductless Mini- or Multi-split system,3516.9,F,0.0,3.899,0.0,0.0,0.0,0.0,6.43,19.0,,Ductless Mini- or Multi-split system,3.711,Baseboard/Hydronic/Plenum(duct) htrs.,Electricity,Baseboard/Hydronic/Plenum(duct) htrs,Electricity,Yes,SENVILLE,SENL/12CD/OX,SENL/12CD/IX,12000,7500,,,8.3,19,No,3.517,,0.617,
5519183,MB,R0E,D,2025-04-01,2025,Single Detached,212.0,Two storeys,1955,C1;F1,1,5.33,23286.3,23.286,168009.4,46669.7,220943.8,61373.8,46669.5,0.0,0.0,1794.5,0.0,207643071,Air,Ductless Mini- or Multi-split system,5568.3,F,0.0,4.515,0.0,0.0,0.0,0.0,7.7,21.0,ESTAR,Ductless Mini- or Multi-split system,3.952,Electric furnace,Electricity,Fireplace with pilot (sealed),Propane,Yes,KEEPRITE,DLCMRBH18BAK,,19000,14400,12600,2.00,10.2,21,No,5.568,3.693,0.239,0.159
5521212,MB,R7A,N,2025-04-01,2025,Attached Duplex,183.6,Three storeys,2025,C1;F1,2,2.0943,6401.7,6.402,13744.1,3817.8,74103.8,20584.6,3817.8,0.0,0.0,0.0,0.0,211177538,Air,Ductless Mini- or Multi-split system,13827.4,T,5.6,3.13,1.88,0.0,0.0,64.0,0.0,0.0,,Ductless Mini- or Multi-split system,2.68,Baseboard/Hydronic/Plenum(duct) htrs.,Electricity,,,Yes,TOSOT,TW18HXCA5DO,TW18HXCA5DI,19100,15300,11800,1.75,8.5,17.5,No,5.598,3.458,0.874,0.54
5521212,MB,R7A,P,2025-04-01,2025,Attached Duplex,183.6,Three storeys,2025,C1;F1,2,2.5,7129.7,7.13,16417.3,4560.4,76461.4,21239.4,4560.3,0.0,0.0,0.0,0.0,211177538,Air,Ductless Mini- or Multi-split system,13827.4,T,5.6,3.13,1.88,0.0,0.0,64.0,0.0,0.0,,Ductless Mini- or Multi-split system,2.68,Baseboard/Hydronic/Plenum(duct) htrs.,Electricity,,,Yes,TOSOT,TW18HXCA5DO,TW18HXCA5DI,19100,15300,11800,1.75,8.5,17.5,No,5.598,3.458,0.785,0.485
5521218,MB,R7A,N,2025-04-01,2025,Attached Duplex,183.6,Three storeys,2025,C1;F1,2,2.07,5436.2,5.436,9289.3,2580.4,69714.5,19365.3,2580.3,0.0,0.0,0.0,0.0,211177538,Air,Ductless Mini- or Multi-split system,13827.4,T,5.6,3.13,1.88,0.0,0.0,64.0,0.0,0.0,,Ductless Mini- or Multi-split system,2.68,Baseboard/Hydronic/Plenum(duct) htrs.,Electricity,,,Yes,TOSOT,TW18HXCA5DO,TW18HXCA5DI,19100,15300,11800,1.75,8.5,17.5,No,5.598,3.458,1.03,0.636
5521218,MB,R7A,P,2025-04-01,2025,Attached Duplex,183.6,Three storeys,2025,C1;F1,2,2.5,5995.8,5.996,11286.1,3135.1,71488.5,19858.1,3135.0,0.0,0.0,0.0,0.0,211177538,Air,Ductless Mini- or Multi-split system,13827.4,T,5.6,3.13,1.88,0.0,0.0,64.0,0.0,0.0,,Ductless Mini- or Multi-split system,2.68,Baseboard/Hydronic/Plenum(duct) htrs.,Electricity,,,Yes,TOSOT,TW18HXCA5DO,TW18HXCA5DI,19100,15300,11800,1.75,8.5,17.5,No,5.598,3.458,0.934,0.577
5521219,MB,R7A,N,2025-04-01,2025,Attached Duplex,183.6,Three storeys,2025,C1;F1,2,2.1434,5613.0,5.613,9914.2,2754.0,70255.2,19515.5,2753.9,0.0,0.0,0.0,0.0,211177538,Air,Ductless Mini- or Multi-split system,13827.4,T,5.6,3.13,1.88,0.0,0.0,64.0,0.0,0.0,,Ductless Mini- or Multi-split system,2.68,Baseboard/Hydronic/Plenum(duct) htrs.,Electricity,,,Yes,TOSOT,TW18HXCA5DO,TW18HXCA5DI,19100,15300,11800,1.75,8.5,17.5,No,5.598,3.458,0.997,0.616
5521219,MB,R7A,P,2025-04-01,2025,Attached Duplex,183.6,Three storeys,2025,C1;F1,2,2.5,6002.6,6.003,11238.8,3121.9,71438.8,19844.3,3122.0,0.0,0.0,0.0,0.0,211177538,Air,Ductless Mini- or Multi-split system,13827.4,T,5.6,3.13,1.88,0.0,0.0,64.0,0.0,0.0,,Ductless Mini- or Multi-split system,2.68,Baseboard/Hydronic/Plenum(duct) htrs.,Electricity,,,Yes,TOSOT,TW18HXCA5DO,TW18HXCA5DI,19100,15300,11800,1.75,8.5,17.5,No,5.598,3.458,0.933,0.576
5521222,MB,R7A,N,2025-04-01,2025,Attached Duplex,184.5,Three storeys,2025,C1;F1,2,2.2323,6301.1,6.301,12570.8,3491.9,72609.8,20169.6,3492.0,0.0,0.0,0.0,0.0,211177538,Air,Ductless Mini- or Multi-split system,13827.4,T,5.6,3.13,1.88,0.0,0.0,64.0,0.0,0.0,,Ductless Mini- or Multi-split system,2.68,Baseboard/Hydronic/Plenum(duct) htrs.,Electricity,,,Yes,TOSOT,TW18HXCA5DO,TW18HXCA5DI,19100,15300,11800,1.75,8.5,17.5,No,5.598,3.458,0.888,0.549
5521222,MB,R7A,P,2025-04-01,2025,Attached Duplex,184.5,Three storeys,2025,C1;F1,2,2.5,7002.3,7.002,15172.1,4214.5,74883.2,20801.1,4214.5,0.0,0.0,0.0,0.0,211177538,Air,Ductless Mini- or Multi-split system,13827.4,T,5.6,3.13,1.88,0.0,0.0,64.0,0.0,0.0,,Ductless Mini- or Multi-split system,2.68,Baseboard/Hydronic/Plenum(duct) htrs.,Electricity,,,Yes,TOSOT,TW18HXCA5DO,TW18HXCA5DI,19100,15300,11800,1.75,8.5,17.5,No,5.598,3.458,0.799,0.494
5521283,MB,R3P,D,2025-05-01,2025,Single Detached,417.8,Two storeys,1989,B1,1,2.3611,14943.7,14.944,22454.3,6237.4,114860.8,31906.0,6237.3,12855.9,0.0,0.0,0.0,211624987,Air,Central split system,13393.6,T,13.33,3.02,1.8,6.5,15.0,72.0,0.0,0.0,,Central split system,3.08,Condensing furnace,Natural Gas,Fireplace with pilot (sealed),Natural Gas,Yes,GREE,FLEXX60HP230V1AO,FLEXX48C,,28200,,,8.5,15,No,,,,
5523958,MB,R0A,D,2025-05-01,2025,Single Detached,87.4,One storey,1988,C1;F1,1,8.66,10419.0,10.419,32417.8,9005.0,77068.3,21408.0,9005.1,0.0,0.0,0.0,0.0,10574896,Air,Ductless Mini- or Multi-split system,5250.0,F,0.0,3.72,0.0,0.0,0.0,0.0,0.0,0.0,,Ductless Mini- or Multi-split system,3.383,Baseboard/Hydronic/Plenum(duct) htrs.,Electricity,Wood fireplace,Mixed Wood,Yes,DAIKIN,RXB18AXVJU,FTXB18AXVJU,17900,10200,,,9,17,No,5.246,,0.504,
5524097,MB,R6W,N,2025-04-01,2025,Single Detached,321.7,Two storeys,2025,B1,1,0.75,7930.9,7.931,26559.9,7377.8,69951.0,19431.0,7377.8,0.0,0.0,0.0,0.0,212384858,Air,Central split system,11515.1,T,11.43,3.26,1.8,0.0,16.5,89.0,0.0,0.0,,Central split system,3.11,Electric furnace,Electricity,,,Yes,KEEPRITE,DLCURAH36ABK,FVM4X36***L,39000,29400,35000,1.80,8,16.5,No,11.43,10.257,1.441,1.293
5524097,MB,R6W,P,2025-04-01,2025,Single Detached,321.7,Two storeys,2025,B1,1,1.5,9015.4,9.015,30324.8,8423.6,73605.0,20446.0,8423.7,0.0,0.0,0.0,0.0,212384858,Air,Central split system,11515.1,T,11.43,3.26,1.8,0.0,16.5,89.0,0.0,0.0,,Central split system,3.11,Electric furnace,Electricity,,,Yes,KEEPRITE,DLCURAH36ABK,FVM4X36***L,39000,29400,35000,1.80,8,16.5,No,11.43,10.257,1.268,1.138
5524245,MB,R0A,N,2025-04-01,2025,Detached Duplex,422.6,One storey,2025,B1,2,0.53,10140.3,10.14,29149.8,8097.2,85608.1,23780.2,8097.3,0.0,0.0,0.0,0.0,213617713,Air,Central split system,30469.4,T,15.83,3.19,1.91,7.9,15.4,88.0,0.0,0.0,ESTAR,Central split system,2.88,Electric furnace,Electricity,Wood fireplace,Mixed Wood,Yes,Mitsubishi Electric,PUZ-HA42NKA2***,PVA-A42AA*,54000,38500,48000,1.90,9.3,15.4,Yes,15.826,14.067,1.561,1.387
5524245,MB,R0A,P,2025-04-01,2025,Detached Duplex,422.6,One storey,2025,B1,2,1.5,12617.5,12.618,36809.7,10225.0,92895.5,25804.5,10225.1,0.0,0.0,0.0,0.0,213617713,Air,Central split system,30469.4,T,15.83,3.19,1.91,7.9,15.4,88.0,0.0,0.0,ESTAR,Central split system,2.88,Electric furnace,Electricity,Wood fireplace,Mixed Wood,Yes,Mitsubishi Electric,PUZ-HA42NKA2***,PVA-A42AA*,54000,38500,48000,1.90,9.3,15.4,Yes,15.826,14.067,1.254,1.115
5525327,MB,R7C,N,2025-04-01,2025,Apartment,1721.6,Three storeys,2025,B1;P1,17,0.75,30492.7,30.493,84524.7,23479.3,560682.8,155746.5,23479.4,0.0,0.0,0.0,0.0,208447824,Air,Ductless Mini- or Multi-split system,90670.3,T,3.52,3.04,1.81,6.9,21.4,67.0,0.0,0.0,,Ductless Mini- or Multi-split system,2.56,Baseboard/Hydronic/Plenum(duct) htrs.,Electricity,,,Yes,CARRIER,38MHRCQ12AA3,40MHHAQ12XA3,12000,7000,8000,1.79,9.2,21.4,No,3.517,2.345,0.115,0.077
5525327,MB,R7C,P,2025-04-01,2025,Apartment,1721.6,Three storeys,2025,B1;P1,17,1.5,37342.4,37.342,108434.6,30121.0,581993.1,161666.0,30121.1,0.0,0.0,0.0,0.0,208447824,Air,Ductless Mini- or Multi-split system,90670.3,T,3.52,3.04,1.81,6.9,21.4,67.0,0.0,0.0,,Ductless Mini- or Multi-split system,2.56,Baseboard/Hydronic/Plenum(duct) htrs.,Electricity,,,Yes,CARRIER,38MHRCQ12AA3,40MHHAQ12XA3,12000,7000,8000,1.79,9.2,21.4,No,3.517,2.345,0.094,0.063
5530428,MB,R0K,N,2025-05-01,2025,Single Detached,298.2,One storey,2025,B1,1,0.58,6430.7,6.431,11368.1,3157.8,51822.0,14395.1,3157.8,0.0,0.0,0.0,0.0,203470605,Ground,Ground source heat pump,10667.8,F,0.0,3.6,0.0,0.0,0.0,0.0,0.0,0.0,,Conventional A/C,4.69,Electric furnace,Electricity,,,No,,,,,,,,,,,,,,
5530428,MB,R0K,P,2025-05-01,2025,Single Detached,298.2,One storey,2025,B1,1,1.5,7358.3,7.358,12733.4,3537.1,53143.6,14762.2,3537.0,0.0,0.0,0.0,0.0,203470605,Ground,Ground source heat pump,10667.8,F,0.0,3.6,0.0,0.0,0.0,0.0,0.0,0.0,,Conventional A/C,4.69,Electric furnace,Electricity,,,No,,,,,,,,,,,,,,
5530530,MB,R3J,N,2025-05-01,2025,Single Detached,373.8,Two storeys,2025,B1;C1;F1,1,1.24,10647.8,10.648,28675.2,7965.4,80255.3,22293.3,7965.3,0.0,0.0,0.0,0.0,213617713,Air,Central split system,32250.7,T,15.83,3.34,1.91,7.9,15.4,88.0,0.0,0.0,ESTAR,Central split system,3.06,Electric furnace,Electricity,,,Yes,Mitsubishi Electric,PUZ-HA42NKA2***,PVA-A42AA*,54000,38500,48000,1.90,9.3,15.4,Yes,15.826,14.067,1.486,1.321
5530530,MB,R3J,P,2025-05-01,2025,Single Detached,373.8,Two storeys,2025,B1;C1;F1,1,1.5,10831.3,10.831,29077.6,8077.2,80665.2,22407.2,8077.3,0.0,0.0,0.0,0.0,213617713,Air,Central split system,32250.7,T,15.83,3.34,1.91,7.9,15.4,88.0,0.0,0.0,ESTAR,Central split system,3.06,Electric furnace,Electricity,,,Yes,Mitsubishi Electric,PUZ-HA42NKA2***,PVA-A42AA*,54000,38500,48000,1.90,9.3,15.4,Yes,15.826,14.067,1.461,1.299
5530753,MB,R4H,P,2025-05-01,2025,Single Detached,388.2,One storey,2025,B1,1,1.5,9930.5,9.93,35708.6,9919.1,70864.4,19684.7,9919.2,0.0,0.0,0.0,0.0,211624974,Air,Central split system,18611.8,T,10.26,2.99,1.8,7.0,16.0,80.0,0.0,0.0,ESTAR,Central split system,2.93,Electric furnace,Electricity,Baseboard/Hydronic/Plenum(duct) htrs,Electricity,Yes,NAPOLEON,WSEHV2436RA1-N,NPFX24A36A,35000,29000,28000,1.80,9,16,Yes,10.257,8.206,1.033,0.826
5532607,MB,R3W,N,2025-05-01,2025,Single Detached,210.9,Two storeys,2025,B1,1,1.4,7839.9,7.84,8031.1,2230.9,69910.5,19419.7,2230.9,4965.0,0.0,0.0,0.0,214279864,Air,Central split system,7795.7,F,0.0,4.35,0.0,0.0,0.0,0.0,7.36,16.5,,Central split system,3.411,Condensing furnace,Natural Gas,,,Yes,CARRIER,38MURAQ24AB3*,CAP**2417AL*,26600,19400,24800,2.04,9.5,16.5,No,7.796,7.268,0.994,0.927
5532607,MB,R3W,P,2025-05-01,2025,Single Detached,210.9,Two storeys,2025,B1,1,1.5,7867.5,7.868,8032.1,2231.2,69964.4,19434.7,2231.1,4978.7,0.0,0.0,0.0,214279864,Air,Central split system,7795.7,F,0.0,4.35,0.0,0.0,0.0,0.0,7.36,16.5,,Central split system,3.411,Condensing furnace,Natural Gas,,,Yes,CARRIER,38MURAQ24AB3*,CAP**2417AL*,26600,19400,24800,2.04,9.5,16.5,No,7.796,7.268,0.991,0.924
5533559,MB,R1N,N,2025-05-01,2025,Single Detached,362.3,Two storeys,2024,C1;F1,1,0.81,10929.9,10.93,31572.0,8770.1,83766.9,23268.8,8770.1,0.0,0.0,0.0,0.0,212633393,Air,Central split system,10198.3,T,9.5,3.0,1.8,7.0,15.2,74.0,0.0,0.0,,Central split system,2.79,Electric furnace,Electricity,Advanced airtight wood stove,Mixed Wood,Yes,,,,,,,,,,,,,,
5533559,MB,R1N,P,2025-05-01,2025,Single Detached,362.3,Two storeys,2024,C1;F1,1,1.5,12105.1,12.105,36100.2,10027.9,88010.3,24447.5,10027.9,0.0,0.0,0.0,0.0,212633393,Air,Central split system,10198.3,T,9.5,3.0,1.8,7.0,15.2,74.0,0.0,0.0,,Central split system,2.79,Electric furnace,Electricity,Advanced airtight wood stove,Mixed Wood,Yes,,,,,,,,,,,,,,
5534247,MB,R5M,N,2025-05-01,2025,Single Detached,316.1,One storey,2025,B1,1,0.72,8852.3,8.852,31050.1,8625.1,76136.9,21149.3,8625.1,0.0,0.0,0.0,0.0,211624973,Air,Central split system,14222.7,T,7.03,3.22,1.8,7.0,17.0,91.0,0.0,0.0,ESTAR,Central split system,3.52,Electric furnace,Electricity,Baseboard/Hydronic/Plenum(duct) htrs,Electricity,Yes,NAPOLEON,WSEHV2436RA1-N,NPFX24A,24000,20000,22000,1.80,9,17,Yes,7.034,6.448,0.795,0.728
5534247,MB,R5M,P,2025-05-01,2025,Single Detached,316.1,One storey,2025,B1,1,1.5,10088.2,10.088,35222.7,9784.2,80178.7,22272.0,9784.2,0.0,0.0,0.0,0.0,211624973,Air,Central split system,14222.7,T,7.03,3.22,1.8,7.0,17.0,91.0,0.0,0.0,ESTAR,Central split system,3.52,Electric furnace,Electricity,Baseboard/Hydronic/Plenum(duct) htrs,Electricity,Yes,NAPOLEON,WSEHV2436RA1-N,NPFX24A,24000,20000,22000,1.80,9,17,Yes,7.034,6.448,0.697,0.639
5534754,MB,R0G,N,2025-05-01,2025,Detached Triplex,346.8,One storey,2025,B1,3,1.6322,8920.7,8.921,24797.9,6888.4,105917.7,29421.8,6888.4,0.0,0.0,0.0,0.0,217123542,Air,Central split system,33058.4,T,5.57,3.37,2.04,9.3,18.0,86.0,0.0,0.0,,Central split system,3.26,Electric furnace,Electricity,,,Yes,Sinclair,,,,,,,,13.4,,,,,
5534754,MB,R0G,P,2025-05-01,2025,Detached Triplex,346.8,One storey,2025,B1,3,1.5,8517.6,8.518,23446.2,6512.9,104741.0,29095.0,6512.8,0.0,0.0,0.0,0.0,217123542,Air,Central split system,33058.4,T,5.57,3.37,2.04,9.3,18.0,86.0,0.0,0.0,,Central split system,3.26,Electric furnace,Electricity,,,Yes,Sinclair,,,,,,,,13.4,,,,,
1911684,MB,R7B,E,2025-11-01,2025,Single Detached,214.0,Two storeys,1972,B1,1,1.7767,12217.5,12.218,26680.2,7411.2,98317.1,27310.5,7411.2,4319.8,0.0,0.0,0.0,216623453,Air,Coils Only,13690.2,T,7.33,3.03,1.8,7.0,16.0,84.0,0.0,0.0,,Coils Only,2.8,Condensing furnace,Natural Gas,,,Yes,MOOVAIR,MSHMA24R2AN1,GCHMA24RBAS1,25000,19700,21000,1.80,9.5,16,Yes,7.327,6.154,0.6,0.504
5396854,MB,R5M,E,2025-12-01,2025,Single Detached,576.0,Three storeys,1979,B1,1,2.87,26244.1,26.244,94909.1,26363.8,146485.3,40690.7,26363.8,0.0,0.0,0.0,0.0,215735317,Air,Ductless Mini- or Multi-split system,23586.1,T,10.55,3.61,2.0,8.5,23.0,100.0,0.0,0.0,ESTAR,Ductless Mini- or Multi-split system,3.15,Electric furnace,Electricity,,,Yes,SENVILLE,SENA-36HF-MOA,,36000,38000,36000,2.00,10.7,23,Yes,10.551,10.551,0.402,0.402
1937947,MB,R0C,E,2025-07-01,2025,Single Detached,384.1,One storey,1988,B1,1,1.39,10827.2,10.827,31907.0,8863.1,82291.8,22859.0,8863.1,0.0,0.0,0.0,0.0,210273924,Air,Central split system,24542.7,T,10.14,4.24,2.17,7.1,18.5,109.0,0.0,0.0,ESTAR,Central split system,3.22,Electric furnace,Electricity,,,Yes,,,,,,,,,,,,,,
1959483,MB,R5N,E,2025-09-01,2025,Single Detached,267.9,Two storeys,1985,B1;C1;F1,1,3.32,19485.5,19.486,31353.2,8709.3,80452.8,22348.2,8709.2,0.0,0.0,0.0,0.0,214796668,Water,,13950.2,F,0.0,4.1,0.0,,,0.0,,,C448,Conventional A/C,5.66,Baseboard/Hydronic/Plenum(duct) htrs.,Electricity,,,No,,,,,,,,,,,,,,
1969474,MB,R3T,E,2025-11-01,2025,Single Detached,196.1,One storey,1953,B1,1,4.14,16050.2,16.05,32000.1,8889.0,109323.8,30368.0,8889.0,8921.5,0.0,0.0,0.0,210365428,Air,,14950.4,T,7.21,3.47,2.08,,,93.0,,,ESTAR,Central split system,3.09,Condensing furnace,Natural Gas,Wood fireplace,Mixed Wood,Yes,Dettson,MHD-24,MHD-CC2.0-17.5-M,24600,22000,23000,2.08,9.8,15.2,Yes,7.21,6.741,0.449,0.42
781121,MB,R7C,E,2025-11-01,2025,Single Detached,340.6,Two storeys,1982,B1,1,2.42,19922.0,19.922,45822.0,12728.4,115426.0,32063.0,12728.4,8704.5,0.0,0.0,0.0,204043222,Air,,19855.3,T,10.55,3.03,1.83,,,83.0,,,,Central split system,3.01,Condensing furnace,Natural Gas,Fireplace with pilot (sealed),Natural Gas,Yes,GREE,GUD36W/A-D(U),GUD36A/A-D(U),36000,24400,,,10,18,No,10.551,,0.53,
1992181,MB,R3T,E,2025-12-01,2025,Single Detached,159.8,Two storeys,1977,B1;B2;B3,1,2.14,8474.9,8.475,17411.9,4836.7,73110.0,20308.5,4836.7,2683.1,0.0,0.0,0.0,212386846,Air,,13065.1,T,7.33,3.35,1.95,,,80.0,,,,Central single package system,3.2,Condensing furnace,Natural Gas,,,Yes,ATK,ACI-AUO24SHP-M,ACI-BCO24CP17,25000,21000,20000,1.95,9.5,16.5,No,7.327,5.861,0.865,0.692
7533746,MB,R2E,E,2025-12-01,2025,Single Detached,239.2,One storey,1960,B1,1,2.7894,15303.3,15.303,32946.8,9152.0,104663.1,29073.3,9152.0,5368.9,0.0,0.0,1896.4,208447893,Air,,17148.6,T,9.67,3.27,1.85,,,80.0,,,ESTAR,Central split system,2.88,Condensing furnace,Natural Gas,Wood fireplace,Mixed Wood,Yes,BRYANT,38MURAQ30AB3,40MUAAQ30XA3,33000,21000,24000,1.80,8.9,16.2,Yes,9.671,7.034,0.632,0.46
17229746,MB,R0A,E,2025-06-01,2025,Single Detached,278.8,One storey,2011,B1,1,1.16,9812.6,9.813,37534.6,10426.4,83580.8,23217.1,10426.5,0.0,0.0,0.0,0.0,212633393,Air,,10185.1,T,9.5,3.02,1.8,,,74.0,,,,Central split system,2.79,Electric furnace,Electricity,Advanced airtight wood stove,Mixed Wood,Yes,,,,,,,,,,,,,,
5004725,MB,R3N,E,2025-07-01,2025,Single Detached,211.1,One storey,1960,B1;B2,1,3.34,11565.9,11.566,24014.0,6670.6,98702.3,27417.5,6670.6,5068.4,0.0,0.0,0.0,212633393,Air,,10185.1,T,9.5,3.02,1.8,,,74.0,,,,Central split system,2.79,Condensing furnace,Natural Gas,,,Yes,,,,,,,,,,,,,,
5009038,MB,R2M,E,2025-09-01,2025,Single Detached,231.4,Two storeys,1964,B1;C1;F1,1,1.44,10492.9,10.493,20529.2,5702.6,83474.3,23187.5,5702.5,4472.5,0.0,0.0,0.0,212977017,Air,,10099.8,T,10.02,3.4,1.84,,,77.0,,,,Central split system,2.88,Condensing furnace,Natural Gas,Wood fireplace,Mixed Wood,Yes,TEMPSTAR,DLCURAH30ABK,EA*4X36L21A*,34200,23200,26400,1.84,8.1,15.2,No,10.023,7.737,0.955,0.737
5555179,MB,R2M,E,2025-08-01,2025,Single Detached,186.8,One and a half,1944,B1;B2,1,5.5213,18102.4,18.102,31934.0,8870.6,125198.4,34777.6,8870.6,11197.0,0.0,0.0,0.0,212386846,Air,,13065.1,T,7.33,3.35,1.95,,,80.0,,,,Central split system,3.2,Condensing furnace,Natural Gas,,,Yes,ATK,ACI-AUO24SHP-M,ACI-BCO24CP17,25000,21000,20000,1.95,9.5,16.5,No,7.327,5.861,0.405,0.324
5020129,MB,R3P,E,2025-07-01,2025,Single Detached,272.3,Two storeys,1998,B1,1,2.2448,13758.5,13.758,33696.7,9360.3,120046.1,33346.4,9360.4,7176.7,0.0,0.0,0.0,213613861,Air,,23931.8,T,10.61,3.38,1.9,,,98.0,,,,Central split system,2.87,Induced draft fan furnace,Natural Gas,Fireplace with pilot (unsealed),Natural Gas,Yes,,,,,,,,,,,,,,
5020736,MB,R2W,E,2025-11-01,2025,Single Detached,186.0,One and a half,1944,B1;B2,1,4.04,12361.9,12.362,28393.2,7887.1,92139.3,25594.5,7887.0,4830.0,0.0,0.0,0.0,216623460,Air,Central split system,13472.2,T,7.33,3.02,1.8,0.0,16.0,84.0,0.0,0.0,ESTAR,Central split system,2.8,Condensing furnace,Natural Gas,,,Yes,MOOVAIR,MSHMA24R2AN1,GUHMA24RBAS1,25000,19700,21000,1.80,9.5,16,Yes,7.327,6.154,0.593,0.498
5032763,MB,R2V,E,2025-06-01,2025,Single Detached,243.2,One storey,1973,B1,1,1.82,10223.4,10.223,20636.7,5732.5,79608.0,22113.5,5732.5,3133.4,0.0,0.0,0.0,213153602,Air,Coils Only,15057.4,T,9.5,3.31,1.8,7.0,15.2,72.0,0.0,0.0,ESTAR,Coils Only,3.41,Condensing furnace,Natural Gas,,,Yes,NAPOLEON,WSEHV2436RA1-N,HG34936,36000,21000,23600,1.80,8.5,15.2,No,10.551,6.916,1.032,0.677
5040877,MB,R3G,E,2025-06-01,2025,Single Detached,254.8,Two storeys,1911,B1,1,5.28,18835.2,18.835,8584.6,2384.6,138152.6,38376.0,2384.7,22618.0,0.0,0.0,0.0,4397405,Air,,7033.7,F,0.0,3.886,0.0,,,0.0,,,ESTAR,Mini-split ductless,3.498,Condensing heater,Natural Gas,Wood fireplace,Mixed Wood,Yes,FUJITSU,AOU24RLXFZ,,24000,14100,11900,1.86,8.7,18.5,No,7.034,3.488,0.373,0.185
5542765,MB,R2M,E,2025-12-01,2025,Single Detached,177.9,Two storeys,1917,B1;B2;C1;F1,1,4.42,15091.9,15.092,31702.7,8806.4,99763.7,27712.4,8806.5,6327.3,0.0,0.0,0.0,213608446,Air,Coils Only,15575.3,T,6.74,3.29,1.8,7.05,15.2,104.0,0.0,0.0,,Coils Only,3.43,Condensing furnace,Natural Gas,,,Yes,,,,,,,,,,,,,,
5045812,MB,R3J,E,2025-07-01,2025,Single Detached,445.0,Two storeys,1955,B1;B2,1,5.31,26934.0,26.934,57212.8,15892.6,154807.9,43002.5,15892.6,14688.2,0.0,0.0,0.0,214841713,Air,,27202.6,T,8.79,3.91,2.08,,,80.0,,,ESTAR,Central split system,2.7,Condensing furnace,Natural Gas,Forced air furnace,Electricity,Yes,HISENSE,AUWR-36U3SA2,DC37A44-210L,30000,23000,24200,2.08,9.4,15.5,Yes,8.792,7.092,0.326,0.263
5055451,MB,R3T,E,2025-12-01,2025,Single Detached,214.5,One storey,1977,B1;B2,1,3.08,10293.5,10.294,18807.5,5224.3,106608.3,29613.7,5224.5,8892.3,0.0,0.0,0.0,216618925,Air,,7064.8,T,7.03,3.3,1.8,,,87.0,,,ESTAR,Central split system,3.43,Condensing furnace,Natural Gas,Fireplace with pilot (unsealed),Natural Gas,Yes,LENNOX,EL18KSLV-024-230A**,"CK40[C,U]T-36B-**+TDR",24000,19600,21000,1.80,8.5,15.2,Yes,7.034,6.154,0.683,0.598
5058186,MB,R2J,E,2025-12-01,2025,Single Detached,149.0,Split level,1962,B1;B2,1,2.95,12479.9,12.48,20743.7,5762.2,93115.1,25865.5,5762.3,7727.3,0.0,0.0,0.0,207098699,Air,,8584.3,T,7.44,3.63,2.0,,,70.0,,,,Central split system,3.36,Condensing furnace,Natural Gas,,,Yes,Bryant,38MARBQ24AA3,CAP**3017AL*,25400,15500,,,10.5,15.5,No,7.444,,0.596,
5059948,MB,R2M,E,2025-12-01,2025,Single Detached,164.1,Two storeys,1940,B1,1,5.0,13372.7,13.373,46406.3,12890.7,93430.8,25953.2,12890.7,0.0,0.0,0.0,0.0,211624974,Air,Coils Only,7000.0,T,10.26,2.99,1.8,0.0,0.0,80.0,0.0,0.0,ESTAR,Coils Only,2.93,Electric furnace,Electricity,,,Yes,NAPOLEON,WSEHV2436RA1-N,NPFX24A36A,35000,29000,28000,1.80,9,16,Yes,10.257,8.206,0.767,0.614
5059694,MB,R3M,E,2025-12-01,2025,"Row house, middle unit",213.3,Three storeys,1970,B1,1,5.6581,15683.1,15.683,40373.2,11214.9,114997.0,31943.9,11214.8,7507.3,0.0,0.0,0.0,212386846,Air,,13065.1,T,7.33,2.04,1.95,,,80.0,,,,Central split system,3.2,Condensing furnace,Natural Gas,,,Yes,ATK,ACI-AUO24SHP-M,ACI-BCO24CP17,25000,21000,20000,1.95,9.5,16.5,No,7.327,5.861,0.467,0.374
5060249,MB,R2N,E,2025-10-01,2025,Single Detached,222.9,One storey,2005,B1;B2,1,1.62,9109.8,9.11,18514.0,5142.8,76849.1,21347.1,5142.8,3665.0,0.0,0.0,0.0,210435126,Air,,10200.0,T,5.1,3.64,2.1,,,74.0,,,,Central split system,3.63,Condensing furnace,Natural Gas,,,Yes,DAIKIN,DZ6VSA1810A*,CA*EA2422*4A*,17400,10800,13000,2.10,8.5,17.5,No,5.099,3.81,0.56,0.418
5062927,MB,R3M,E,2025-12-01,2025,Single Detached,217.2,Two storeys,1921,B1;B2,1,3.9481,16902.2,16.902,42236.1,11732.3,119231.5,33120.1,11732.3,8857.3,0.0,0.0,0.0,203978137,Air,Ductless Mini- or Multi-split system,15495.0,T,7.03,2.99,1.84,0.0,0.0,100.0,0.0,0.0,,Ductless Mini- or Multi-split system,3.35,Condensing heater,Natural Gas,Baseboard/Hydronic/Plenum(duct) htrs,Electricity,Yes,HISENSE,AMW3-24U3SAA,,24000,15000,24000,1.84,9.05,22,Yes,7.034,7.034,0.416,0.416
5070514,MB,R2M,E,2025-11-01,2025,Single Detached,225.6,Two storeys,1973,B1,1,2.89,13151.3,13.151,19231.6,5342.2,94365.1,26212.7,5342.3,5904.5,0.0,0.0,0.0,214066583,Air,,19034.1,T,10.02,4.68,1.9,,,86.0,,,,Central split system,3.23,Condensing furnace,Natural Gas,Fireplace with pilot (sealed),Natural Gas,Yes,RUUD,RD17AZ36AJ3N,RCFZ3621MTANM,36000,31400,29600,1.90,8.1,18,Yes,10.551,8.675,0.802,0.66
5075365,MB,R3P,E,2025-11-01,2025,Single Detached,547.8,Two storeys,1973,B1;B2;C1;F1,1,3.0455,33237.6,33.238,126332.2,35092.6,186899.0,51916.8,35092.5,1794.5,0.0,0.0,0.0,210435439,Air,Coils Only,24171.3,T,12.31,4.78,2.06,8.2,15.3,90.0,0.0,0.0,,Coils Only,3.23,Electric furnace,Electricity,Wood fireplace,Mixed Wood,Yes,Mitsubishi Electric,PUZ-HA36NKA*,PAA-A36CA1,42000,28400,42000,1.80,9.5,15.3,Yes,12.309,12.309,0.37,0.37
5076142,MB,R3P,E,2025-09-01,2025,Single Detached,269.1,Two storeys,2004,B1,1,1.7456,11807.2,11.807,25986.1,7218.4,107184.3,29773.7,7218.4,8742.6,0.0,0.0,0.0,211644151,Air,,10008.4,T,9.96,3.02,1.8,,,75.0,,,,Central split system,2.79,Condensing furnace,Natural Gas,Fireplace with pilot (unsealed),Natural Gas,Yes,GREE,GUD36W/A-D(U),GCAT36*/NAA,36000,23200,26000,1.80,8.5,15.2,Yes,10.551,7.62,0.894,0.645
5079457,MB,R3G,E,2025-09-01,2025,Single Detached,83.3,One and a half,1909,C1;C2;F1,1,7.74,10499.3,10.499,32384.7,8995.8,80986.6,22496.5,8995.9,0.0,0.0,0.0,0.0,207641329,Air,,9134.1,T,5.57,3.57,2.22,,,73.0,,,,Mini-split ductless,3.17,Electric boiler,Electricity,,,Yes,SENVILLE,SENA/18HF/MOQ,,19000,14300,12600,2.00,10.5,22.9,No,5.568,3.693,0.53,0.352
5584906,MB,R5P,E,2025-10-01,2025,Single Detached,176.6,One storey,1963,B1,1,1.53,12408.0,12.408,59105.0,16418.2,105551.5,29320.1,16418.2,0.0,0.0,0.0,0.0,212633392,Air,,7064.8,T,6.56,3.23,1.8,,,102.0,,,,Central split system,3.52,Electric furnace,Electricity,,,Yes,GREE,FLEXX36HP230V1AO,CDP36K15P+TD,,14000,21200,1.80,8.5,15.2,No,,6.213,,0.501
5090381,MB,R3G,E,2025-06-01,2025,Single Detached,271.6,Three storeys,1907,B1,1,4.3428,21881.9,21.882,106549.7,29597.4,155181.3,43106.3,29597.5,0.0,0.0,0.0,0.0,211644151,Air,Central split system,16881.8,T,10.55,3.02,1.8,7.0,15.2,72.0,0.0,0.0,ESTAR,Central split system,2.79,Electric furnace,Electricity,Fireplace with spark ignit. (sealed),Natural Gas,Yes,GREE,GUD36W/A-D(U),GCAT36*/NAA,36000,23200,26000,1.80,8.5,15.2,Yes,10.551,7.62,0.482,0.348
5096374,MB,R3G,E,2025-09-01,2025,Single Detached,217.7,Three storeys,1912,B1;C1;F1,1,10.8326,30397.7,30.398,49712.6,13809.2,185511.7,51531.4,13809.3,24814.1,0.0,0.0,0.0,208786088,Air,Ductless Mini- or Multi-split system,21273.1,T,11.72,3.41,1.92,8.0,21.0,81.0,0.0,0.0,ESTAR,Ductless Mini- or Multi-split system,3.09,"Boiler  with spark ignit.,vent dmpr",Natural Gas,,,Yes,GREE,GWHD(42)ND3MO,,40000,35600,32400,1.92,10,21,Yes,11.723,9.496,0.386,0.312
5106058,MB,R0A,E,2025-09-01,2025,Single Detached,367.4,One storey,1975,B1;B2,1,1.56,17566.3,17.566,77542.3,21539.7,123396.2,34277.0,21539.6,0.0,0.0,0.0,0.0,213386697,Air,Central split system,10789.4,T,10.55,3.01,1.8,6.6,15.2,83.0,0.0,0.0,ESTAR,Central split system,2.43,Electric furnace,Electricity,Advanced airtight wood stove,Mixed Wood,Yes,Dettson,EVD-36-O-S,MAC36H2124E,36000,27000,30000,1.80,8.5,15.2,Yes,10.551,8.792,0.601,0.501
5108547,MB,R6W,E,2025-11-01,2025,Single Detached,195.7,One storey,1989,B1,1,3.8,9366.1,9.366,31280.3,8689.0,76630.8,21286.5,8689.0,0.0,0.0,0.0,0.0,201846962,Air,,5275.3,F,0.0,4.766,0.0,,,0.0,,,,Mini-split ductless,3.717,Baseboard/Hydronic/Plenum(duct) htrs.,Electricity,,,Yes,CARRIER,38MAQB18R--3,40MBFQ18---3,18000,13400,,,9.9,19.9,No,5.275,,0.563,
5108873,MB,R0K,E,2025-08-01,2025,Single Detached,358.3,One storey,1997,B1,1,0.61,9216.2,9.216,13572.9,3770.3,60072.4,16686.9,3770.3,0.0,0.0,0.0,0.0,214796668,Ground,,9500.0,F,0.0,4.1,0.0,,,0.0,,,C448,Conventional A/C,5.66,Electric furnace,Electricity,,,No,,,,,,,,,,,,,,
5115123,MB,R3X,E,2025-10-01,2025,Single Detached,364.8,Two storeys,2004,B1,1,1.71,14412.2,14.412,21135.9,5871.1,108581.3,30161.7,5871.2,10724.3,0.0,0.0,0.0,211644151,Air,,10185.1,T,9.96,3.02,1.8,,,70.0,,,,Central split system,2.79,Condensing furnace,Natural Gas,,,Yes,GREE,GUD36W/A-D(U),GCAT36*/NAA,36000,23200,26000,1.80,8.5,15.2,Yes,10.551,7.62,0.732,0.529
5115436,MB,R0K,E,2025-10-01,2025,Single Detached,204.8,One storey,1970,B1,1,1.4827,8227.5,8.228,32696.7,9082.5,78332.7,21759.3,9082.6,0.0,0.0,0.0,0.0,216030965,Air,Central split system,13958.7,T,7.03,3.25,1.87,8.0,18.3,90.0,0.0,0.0,,Central split system,2.76,Electric furnace,Electricity,,,Yes,MOOVAIR,MSHMA24R2AN1,MAHMA24R4AS1,24000,20800,21600,1.87,10,18.3,Yes,7.034,6.33,0.855,0.769
5129356,MB,R0L,E,2025-08-01,2025,Single Detached,182.7,One storey,2007,B1;P1;P2,1,1.277,6831.7,6.832,29796.6,8276.9,74008.5,20558.1,8277.0,0.0,0.0,0.0,0.0,210798385,Air,,13111.1,T,10.14,3.34,1.9,,,56.0,,,,Central split system,2.55,Electric furnace,Electricity,Fireplace with spark ignit. (unsealed),Propane,Yes,AMANA,ASZS603610A*,AHVE42CP1400A*,34600,22400,19700,1.90,8.2,16.3,No,10.14,5.774,1.484,0.845
5130851,MB,R2V,E,2025-12-01,2025,Single Detached,227.7,Two storeys,1939,B1,1,3.65,14262.2,14.262,33808.4,9391.3,96565.3,26823.9,9391.2,4514.2,0.0,0.0,0.0,211644153,Air,,24749.9,T,15.53,3.08,1.8,,,70.0,,,,Central split system,2.64,Condensing furnace,Natural Gas,Baseboard/Hydronic/Plenum(duct) htrs,Electricity,Yes,GREE,GUD60W/A-D(U),GCAT60*/NAA,53000,44500,37200,1.80,8.5,15.2,No,15.533,10.902,1.089,0.764
5130855,MB,R3J,E,2025-12-01,2025,Single Detached,135.6,Two storeys,1913,B1;B2,1,7.43,17612.3,17.612,23276.4,6465.7,134667.6,37408.0,6465.6,16150.7,0.0,0.0,0.0,217287925,Air,Coils Only,7182.6,T,7.03,3.08,1.8,7.0,0.0,90.0,0.0,0.0,,Coils Only,3.19,Condensing furnace,Natural Gas,,,Yes,GREE,WLUD36W/A-D(U),WLCAT24F/NAA,24000,19600,21600,1.80,8.5,15.2,No,7.034,6.33,0.399,0.359
5138465,MB,R3L,E,2025-11-01,2025,Single Detached,150.5,One and a half,1947,B1,1,2.83,12241.8,12.242,40923.1,11367.6,86456.6,24015.9,11367.6,0.0,0.0,0.0,0.0,215429725,Air,Central split system,10302.9,T,10.26,3.24,2.0,6.8,18.5,81.0,0.0,0.0,,Central split system,3.08,Electric furnace,Electricity,,,Yes,DAIKIN,DH7VSA3610A*,DFVE42CP1300A*,35000,22000,28400,2.00,8.5,18.5,Yes,10.257,8.323,0.838,0.68
5138953,MB,R3M,E,2025-11-01,2025,Single Detached,195.1,Two storeys,1926,B1,1,4.0006,14628.5,14.628,36230.1,10064.0,117383.7,32606.8,10064.0,6783.9,0.0,0.0,0.0,208786087,Air,Ductless Mini- or Multi-split system,21218.3,T,10.55,3.29,1.82,0.0,0.0,90.0,0.0,0.0,,Ductless Mini- or Multi-split system,2.73,Induced draft fan boiler,Natural Gas,Wood fireplace,Mixed Wood,Yes,GREE,GWHD(36)ND3MO,,36000,30800,32400,1.82,10,21,Yes,10.551,9.496,0.721,0.649
507324,MB,R2H,E,2025-12-01,2025,Single Detached,204.6,Two storeys,1949,B1;C1;F1,1,5.1054,18136.1,18.136,37776.4,10493.5,110632.5,30731.5,10493.4,6951.7,0.0,0.0,0.0,216623454,Air,Coils Only,21041.6,T,8.79,3.23,1.85,8.2,16.0,106.0,0.0,0.0,ESTAR,Coils Only,2.82,Condensing furnace,Natural Gas,,,Yes,MOOVAIR,MSHMA30R2AN1,GCHMA36RBAS1,30000,25000,32000,1.85,9.6,16,Yes,8.792,9.378,0.485,0.517
670019,MB,R3N,E,2025-11-01,2025,Single Detached,245.0,Two storeys,1952,B1,1,5.07,19671.3,19.671,29617.1,8227.0,72301.2,20083.8,8227.0,0.0,0.0,0.0,0.0,4219436,Ground,,19694.4,F,0.0,4.1,0.0,,,0.0,,,C448,Conventional A/C,5.6,Electric furnace,Electricity,,,No,,,,,,,,,,,,,,
5179120,MB,R3T,E,2025-10-01,2025,Single Detached,148.1,One storey,1955,B1;B2,1,4.23,9080.7,9.081,9481.3,2633.7,53057.6,14738.3,2633.6,0.0,0.0,0.0,0.0,214796345,Ground,,8674.9,F,0.0,4.5,0.0,,,0.0,,,C448,Conventional A/C,6.1,Electric furnace,Electricity,Baseboard/Hydronic/Plenum(duct) htrs,Electricity,No,,,,,,,,,,,,,,
5196004,MB,R0C,E,2025-06-01,2025,Single Detached,95.4,One storey,1988,C1;F1,1,6.74,8785.8,8.786,19120.5,5311.3,66854.3,18570.8,5311.4,0.0,0.0,0.0,0.0,210299846,Air,Central split system,17488.4,T,7.62,4.14,1.9,6.9,16.5,100.0,0.0,0.0,ESTAR,Central split system,2.79,Electric furnace,Electricity,,,Yes,,,,,,,,,,,,,,
5200399,MB,R0C,E,2025-11-01,2025,Single Detached,188.9,One storey,1978,B1;C1;F1;P1,1,2.4899,12778.1,12.778,28120.3,7811.3,105536.3,29315.9,7811.2,8060.1,0.0,0.0,0.0,211644151,Air,Coils Only,16881.7,T,10.55,3.02,1.8,0.0,0.0,72.0,0.0,0.0,ESTAR,Coils Only,2.79,Condensing furnace,Natural Gas,Fireplace with pilot (sealed),Natural Gas,Yes,GREE,GUD36W/A-D(U),GCAT36*/NAA,36000,23200,26000,1.80,8.5,15.2,Yes,10.551,7.62,0.826,0.596
5200486,MB,R3G,E,2025-06-01,2025,Single Detached,184.9,Two storeys,1920,B1,1,4.5584,17933.3,17.933,42668.5,11852.5,129854.5,36071.0,11852.6,8828.4,0.0,0.0,0.0,211644151,Air,Coils Only,16881.8,T,10.55,3.02,1.8,7.0,15.2,72.0,0.0,0.0,ESTAR,Coils Only,2.79,Condensing furnace,Natural Gas,,,Yes,GREE,GUD36W/A-D(U),GCAT36*/NAA,36000,23200,26000,1.80,8.5,15.2,Yes,10.551,7.62,0.588,0.425
5202792,MB,R3G,E,2025-11-01,2025,Single Detached,115.6,Two storeys,1908,B1,1,8.0,12995.6,12.996,30354.6,8431.9,88665.9,24629.6,8432.0,4218.1,0.0,0.0,0.0,211644151,Air,,16881.8,T,10.55,3.02,1.8,,,72.0,,,,Central split system,2.79,Condensing furnace,Natural Gas,,,Yes,GREE,GUD36W/A-D(U),GCAT36*/NAA,36000,23200,26000,1.80,8.5,15.2,Yes,10.551,7.62,0.812,0.586
5205406,MB,R3M,E,2025-11-01,2025,Single Detached,181.6,One and a half,1950,B1;B2,1,4.9587,16839.3,16.839,10008.5,2780.2,141017.9,39172.0,2780.3,24033.2,0.0,0.0,0.0,214625223,Air,,6916.5,F,0.0,3.559,0.0,,,0.0,,,ESTAR,Central single package system,3.728,Condensing furnace,Natural Gas,Fireplace with pilot (sealed),Natural Gas,Yes,LENNOX,EL18XPV-024-230A**,CK40CT-30/36B-0*+TDR,23600,15300,11900,2.20,7.9,20,No,6.916,3.488,0.411,0.207
5207835,MB,R7B,E,2025-09-01,2025,Single Detached,170.7,One storey,1976,B1,1,2.3,8077.4,8.077,41380.2,11494.6,88188.7,24497.1,11494.5,0.0,0.0,0.0,0.0,5625780,Air,,3.5,F,0.0,4.164,0.0,,,0.0,,,,Mini-split ductless,3.268,Baseboard/Hydronic/Plenum(duct) htrs.,Electricity,,,Yes,FUJITSU,AOU12RL2,ASU12RL2,12000,8400,,,9,16,No,3.517,,0.435,
5218324,MB,R3G,E,2025-08-01,2025,Single Detached,177.5,One storey,1926,B1;B2,1,7.06,15193.4,15.193,10554.7,2931.9,145990.0,40553.1,2932.0,22215.7,0.0,0.0,0.0,7159660,Air,,5568.4,F,0.0,3.724,0.0,,,0.0,,,,Mini-split ductless,3.383,Induced draft fan boiler,Natural Gas,Baseboard/Hydronic/Plenum(duct) htrs,Electricity,Yes,,,,,,,,,,,,,,
5245539,MB,R1A,E,2025-06-01,2025,Single Detached,211.0,Two storeys,1946,B1;C1;C2;F1;F2,1,5.1554,18215.9,18.216,73601.7,20445.1,128538.8,35705.5,20445.2,0.0,0.0,0.0,2556.4,212633392,Air,,7064.8,T,6.56,3.23,1.8,,,102.0,,,,Central split system,3.52,Electric furnace,Electricity,Advanced airtight wood stove,Mixed Wood,Yes,GREE,FLEXX36HP230V1AO,CDP36K15P+TD,,14000,21200,1.80,8.5,15.2,No,,6.213,,0.341
5261301,MB,R5R,E,2025-12-01,2025,Single Detached,459.7,Two storeys,2009,B1;B2,1,1.8,15472.3,15.472,27621.6,7672.7,70127.1,19479.9,7672.8,0.0,0.0,0.0,0.0,207312176,Water,,13862.3,F,0.0,3.8,0.0,,,0.0,,,C448,Conventional A/C,5.66,Electric furnace,Electricity,Other (describe),Electricity,No,,,,,,,,,,,,,,
5269899,MB,R0E,E,2025-09-01,2025,Single Detached,160.2,One storey,1975,B1,1,5.6592,12248.6,12.249,44439.9,12344.5,89295.2,24804.4,12344.5,0.0,0.0,0.0,0.0,211644151,Air,,10008.4,T,9.96,3.02,1.8,,,75.0,,,,Central split system,2.79,Electric furnace,Electricity,,,Yes,GREE,GUD36W/A-D(U),GCAT36*/NAA,36000,23200,26000,1.80,8.5,15.2,Yes,10.551,7.62,0.861,0.622
5269912,MB,R3J,E,2025-10-01,2025,Single Detached,222.1,Two storeys,1982,B1;P1,1,4.8318,18964.2,18.964,46909.8,13030.6,121392.7,33720.5,13030.7,7354.2,0.0,0.0,0.0,212396767,Air,,19769.4,T,9.5,3.01,1.83,,,92.0,,,,Central split system,2.85,Condensing furnace,Natural Gas,Baseboard/Hydronic/Plenum(duct) htrs,Electricity,Yes,,,,,,,,,,,,,,
5286473,MB,R0E,E,2025-12-01,2025,Single Detached,227.3,One storey,1985,B1,1,1.18,10575.3,10.575,25613.6,7114.9,79585.2,22107.2,7115.1,0.0,0.0,0.0,0.0,7492838,Water,,11136.7,F,0.0,2.134,0.0,,,0.0,,,,Conventional A/C,1.95,Electric furnace,Electricity,,,No,,,,,,,,,,,,,,
5289469,MB,R0C,E,2025-09-01,2025,Single Detached,187.9,One storey,1985,B1;B2,1,1.43,8708.2,8.708,29523.8,8201.1,75793.0,21053.8,8201.2,0.0,0.0,0.0,0.0,212633393,Air,,10185.1,T,9.5,3.02,1.8,,,74.0,,,,Central split system,2.79,Electric furnace,Electricity,Radiant floor panels,Electricity,Yes,,,,,,,,,,,,,,
5302866,MB,R3G,E,2025-08-01,2025,Single Detached,133.4,One storey,1923,B1,1,4.26,7905.8,7.906,16797.4,4666.0,69593.2,19331.6,4665.9,2433.1,0.0,0.0,0.0,212396505,Air,,13065.1,T,7.33,3.35,1.95,,,80.0,,,ESTAR,Central split system,3.2,Condensing furnace,Natural Gas,,,Yes,Panasonic,CU-HE24YAHK6,CS-HE24YAC6,25000,21000,20000,1.95,9.5,16.5,Yes,7.327,5.861,0.927,0.741
5314996,MB,R3R,E,2025-11-01,2025,Single Detached,204.4,One storey,1938,B1,1,3.08,9521.9,9.522,19112.9,5309.2,84638.0,23510.7,5309.2,4215.9,0.0,0.0,0.0,216581392,Air,Central split system,7064.8,T,7.03,3.17,1.75,6.8,15.8,83.0,0.0,0.0,ESTAR,Central split system,3.42,Condensing furnace,Natural Gas,,,Yes,LENNOX,EL18KSLV-024-230A**,"CK40[C,U]T-24B-**+TDR",24000,19000,20000,1.75,8.5,15.8,Yes,7.034,5.861,0.739,0.616
5316995,MB,R3G,E,2025-10-01,2025,Single Detached,204.1,Two storeys,1910,B1,1,2.18,11688.0,11.688,25653.2,7125.9,90134.0,25037.4,7125.9,4775.9,0.0,0.0,0.0,214053820,Air,,15334.7,T,9.96,3.3,1.86,,,70.0,,,,Central split system,2.98,Condensing furnace,Natural Gas,Baseboard/Hydronic/Plenum(duct) htrs,Electricity,Yes,BOSCH,BOVC-36HDN1-M20G,BMAC4248BNTF,34000,24600,24000,1.86,9,15.2,No,9.964,7.034,0.853,0.602
5318404,MB,R3L,E,2025-12-01,2025,Single Detached,160.7,One and a half,1948,B1;B2,1,7.25,15893.8,15.894,18427.0,5118.7,102759.6,28544.6,5118.7,11046.8,0.0,0.0,0.0,213076395,Air,,7924.3,T,7.85,3.81,2.12,,,94.0,,,,Central split system,3.2,Condensing furnace,Natural Gas,,,Yes,CARRIER,38MURAQ24AB3*,CNPV*2417AL*,26800,19400,25400,2.12,8.5,16.5,No,7.854,7.444,0.494,0.468
5341129,MB,R3R,E,2025-08-01,2025,Single Detached,281.1,Two storeys,1982,B1,1,2.1948,11206.6,11.207,16193.0,4498.1,80351.1,22319.9,4498.1,6266.4,0.0,0.0,0.0,212406525,Air,,7653.6,T,6.56,3.68,2.1,,,107.0,,,,Central split system,3.41,Condensing furnace,Natural Gas,,,Yes,TRANE,4TXD2036A10NU**,"H,TG34930+TD",24000,15800,21200,1.80,8.5,15.2,No,7.034,6.213,0.628,0.554
5342608,MB,R3T,E,2025-09-01,2025,Single Detached,174.6,One storey,1964,B1;B2;B3;B4,1,3.65,9911.3,9.911,19978.6,5549.7,84035.8,23343.5,5549.8,3100.6,0.0,0.0,0.0,212386846,Air,,13065.1,T,7.33,3.35,1.95,,,80.0,,,,Central split system,3.2,Condensing furnace,Natural Gas,,,Yes,ATK,ACI-AUO24SHP-M,ACI-BCO24CP17,25000,21000,20000,1.95,9.5,16.5,No,7.327,5.861,0.739,0.591
5347715,MB,R0C,E,2025-10-01,2025,Single Detached,88.6,One storey,1986,C1;F1,1,14.6252,11428.8,11.429,29472.8,8187.0,88893.3,24692.8,8187.0,0.0,0.0,0.0,3369.2,212361759,Air,,13065.1,T,7.33,3.35,1.95,,,80.0,,,,Central split system,3.2,Baseboard/Hydronic/Plenum(duct) htrs.,Electricity,Advanced airtight wood stove,Mixed Wood,Yes,MOOVAIR,DMA24HOS20230E7,CUB24HAC20BWT7A,25000,21000,20000,1.95,9.5,16.5,Yes,7.327,5.861,0.641,0.513
5348483,MB,R3G,E,2025-11-01,2025,Single Detached,183.4,One and a half,1931,B1,1,4.72,14836.8,14.837,27157.1,7543.7,128097.1,35582.8,7543.7,13433.4,0.0,0.0,0.0,208786091,Air,,8948.6,T,8.79,3.32,1.84,,,76.0,,,ESTAR,Mini-split ductless,2.97,Boiler  with continuous pilot,Natural Gas,,,Yes,GREE,GWHD(30)ND3MO,,30000,27200,22800,1.84,10,21,Yes,8.792,6.682,0.593,0.45
5354363,MB,R0A,E,2025-11-01,2025,Single Detached,259.8,Split level,1964,B1;B2;P1,1,2.78,12598.4,12.598,32499.7,9027.8,79641.8,22122.9,9027.8,0.0,0.0,0.0,0.0,210365434,Air,,24615.3,T,11.72,4.58,1.96,,,92.0,,,ESTAR,Central split system,2.42,Electric furnace,Electricity,Wood fireplace,Hardwood,Yes,Dettson,EVD-36-O,EVD-36-I,40000,30400,34400,1.97,9.5,16,Yes,11.723,10.082,0.931,0.8
5356774,MB,R6P,E,2025-06-01,2025,Single Detached,533.3,Two storeys,2001,B1;B2;C1;F1,1,1.3929,17233.5,17.234,47945.9,13318.4,128381.8,35661.9,13318.4,9043.1,0.0,0.0,0.0,212928556,Air,,20752.7,T,11.14,2.98,1.85,,,83.0,,,,Central split system,2.34,Condensing furnace,Natural Gas,Advanced airtight wood stove,Mixed Wood,Yes,MOOVAIR,DMA36HOS20230E7,CUB36HAC20BWT7A,38000,27400,31600,1.85,8.6,15.5,Yes,11.137,9.261,0.646,0.537
5363022,MB,R3G,E,2025-10-01,2025,Single Detached,241.1,Two storeys,1910,B1;C1;F1,1,6.708,26000.2,26.0,31539.0,8760.9,160764.5,44657.2,8760.9,22846.8,0.0,0.0,0.0,207657341,Air,Ductless Mini- or Multi-split system,12952.0,T,10.84,4.63,1.93,7.9,20.0,98.0,0.0,0.0,ESTAR,Ductless Mini- or Multi-split system,2.8,Condensing boiler,Natural Gas,Wood fireplace,Mixed Wood,Yes,PERFECTAIRE,3PAMS36-HH-MZO4,,37000,35000,36000,1.90,9.7,20,Yes,10.844,10.551,0.417,0.406
5366985,MB,R3J,E,2025-10-01,2025,Single Detached,114.4,One storey,1946,B1;B2;C1;F1,1,3.6,6462.2,6.462,8924.1,2478.9,65200.6,18111.4,2478.9,1649.5,0.0,0.0,0.0,214491634,Air,,8738.5,T,5.1,3.62,2.1,,,74.0,,,,Central split system,3.2,Condensing furnace,Natural Gas,,,Yes,DAIKIN,DZ6VSA1810A*,CA*EA1818*4B*,17400,10800,13000,2.10,8.5,17.5,No,5.099,3.81,0.789,0.59
5367252,MB,R7A,E,2025-11-01,2025,Single Detached,282.3,Two storeys,1980,B1,1,3.43,18365.2,18.365,82867.7,23019.0,130250.8,36181.1,23019.1,0.0,0.0,0.0,0.0,211177521,Air,,5846.2,T,3.52,3.24,1.86,,,73.0,,,,Mini-split ductless,2.93,Electric boiler,Electricity,,,Yes,TOSOT,TW12HXP2A1DO,TW12HXP2A1DI,12000,10000,9000,1.85,9,24,Yes,3.517,2.638,0.191,0.144
5371106,MB,R3P,E,2025-09-01,2025,Single Detached,350.0,Two storeys,1968,B1;B2,1,2.4216,24292.1,24.292,26777.7,7438.3,170235.0,47287.9,7438.4,26875.5,0.0,0.0,0.0,213076391,Air,,10932.7,T,5.39,3.86,2.34,,,105.0,,,,Central split system,3.34,Condensing furnace,Natural Gas,Same as Type 1 heating system,Natural Gas,Yes,KEEPRITE,DLCURAH18ABK,EA*4X24L17A*,18400,12400,19500,2.34,8.5,16,No,5.393,5.715,0.222,0.235
5371347,MB,R3T,E,2025-11-01,2025,Single Detached,264.0,Two storeys,1947,C1;F1,1,3.66,20181.2,20.181,30653.9,8515.0,125422.3,34839.8,8515.1,11659.5,0.0,0.0,0.0,213077671,Air,,11353.6,T,11.28,3.37,1.88,,,91.0,,,,Central split system,3.11,Condensing furnace,Natural Gas,Fireplace with spark ignit. (sealed),Natural Gas,Yes,KEEPRITE,DLCURAH36ABK,"EN(A,D,W)4X42L21**",38500,29400,35200,1.88,7.8,16,No,11.283,10.316,0.559,0.511
5372135,MB,R2Y,E,2025-09-01,2025,Single Detached,147.3,One storey,1967,B1;B2;B3;B4,1,2.51,7267.2,7.267,26978.4,7494.1,72084.4,20023.6,7493.9,0.0,0.0,0.0,0.0,211644150,Air,,7182.6,T,7.03,3.08,1.8,,,90.0,,,,Central split system,3.19,Electric furnace,Electricity,,,Yes,GREE,GUD36W/A-D(U),GCAT24*/NAA,24000,19600,21600,1.80,8.5,15.2,Yes,7.034,6.33,0.968,0.871
5374565,MB,R2M,E,2025-06-01,2025,Single Detached,292.9,Two storeys,1976,B1;B2,1,2.7115,24649.8,24.65,41720.0,11589.0,196401.1,54556.3,11589.0,29300.2,0.0,0.0,0.0,212633393,Air,Central split system,10185.1,T,9.5,3.02,1.81,0.0,0.0,74.0,0.0,0.0,,Central split system,2.79,Induced draft fan furnace,Natural Gas,Fireplace with pilot (unsealed),Natural Gas,Yes,,,,,,,,,,,,,,
5086942,MB,R2L,E,2025-11-01,2025,Single Detached,184.3,Two storeys,1914,B1;B2,1,5.65,17779.7,17.78,45177.3,12549.4,121844.2,33845.9,12549.3,8092.3,0.0,0.0,0.0,211644151,Air,,16881.8,T,10.55,3.02,1.8,,,72.0,,,,Central split system,2.79,Condensing furnace,Natural Gas,Baseboard/Hydronic/Plenum(duct) htrs,Electricity,Yes,GREE,GUD36W/A-D(U),GCAT36*/NAA,36000,23200,26000,1.80,8.5,15.2,Yes,10.551,7.62,0.593,0.429
5374855,MB,R5T,E,2025-08-01,2025,Single Detached,357.9,One storey,2002,B1;B2,1,1.3708,19572.4,19.572,89210.8,24781.0,140566.2,39046.5,24781.0,0.0,0.0,0.0,0.0,213160482,Air,,10868.8,T,9.67,3.25,1.85,,,81.0,,,,Central split system,2.76,Electric furnace,Electricity,Advanced airtight wood stove,Mixed Wood,Yes,Dettson,EVD-30-O,MAC36H2124E,33000,22600,27000,1.85,9.7,15.5,Yes,9.671,7.913,0.494,0.404
5376049,MB,R2M,E,2025-08-01,2025,Single Detached,267.1,Two storeys,1961,B1;B2;C1;F1,1,3.6147,35644.0,35.644,57967.4,16102.2,227151.9,63098.3,16102.1,33902.2,0.0,0.0,0.0,213153602,Air,Central split system,15057.4,T,9.5,3.31,1.8,0.0,0.0,72.0,0.0,0.0,,Central split system,3.41,Induced draft fan furnace,Natural Gas,Wood fireplace,Mixed Wood,Yes,NAPOLEON,WSEHV2436RA1-N,HG34936,36000,21000,23600,1.80,8.5,15.2,No,10.551,6.916,0.296,0.194
5376307,MB,R2G,E,2025-09-01,2025,Single Detached,219.2,One storey,1976,B1;B2;B3,1,2.0929,13163.8,13.164,26314.5,7309.6,103005.3,28612.8,7309.5,8531.2,0.0,0.0,0.0,208101911,Air,,10891.7,T,9.67,3.25,1.85,,,81.0,,,ESTAR,Central split system,2.76,Condensing furnace,Natural Gas,Fireplace with pilot (unsealed),Natural Gas,Yes,MDV,MOD30U-30HFN1-MR0(X),MAC-36HWDN1-MN0,33000,22600,27000,1.85,9.7,15.5,Yes,9.671,7.913,0.735,0.601
5379581,MB,R0A,E,2025-07-01,2025,Single Detached,253.4,One storey,1973,B1,1,2.1873,12434.2,12.434,22240.7,6178.0,97410.6,27058.7,6178.1,0.0,0.0,0.0,6178.1,212862155,Air,,10317.9,T,9.5,3.24,1.8,,,86.0,,,,Central split system,2.93,Conventional furnace,Mixed Wood,Forced air furnace,Electricity,Yes,,,,,,,,,,,,,,
5379693,MB,R2H,E,2025-10-01,2025,Single Detached,104.4,One storey,1943,B1;B2;B3,1,2.5,9367.1,9.367,14397.7,3999.4,85130.6,23647.6,3999.5,6962.6,0.0,0.0,0.0,213608457,Air,,11838.9,T,5.01,3.54,2.0,,,105.0,,,,Central split system,3.64,Condensing furnace,Natural Gas,,,Yes,,,,,,,,,,,,,,
5380897,MB,R3V,E,2025-05-01,2025,Single Detached,184.1,Three storeys,1970,B1,1,3.3074,13479.1,13.479,46798.9,12999.8,93217.3,25893.9,12999.8,0.0,0.0,0.0,0.0,212633392,Air,Central split system,7064.8,T,6.56,3.23,1.81,7.0,0.0,102.0,0.0,0.0,,Central split system,3.52,Electric furnace,Electricity,Advanced airtight wood stove,Mixed Wood,Yes,GREE,FLEXX36HP230V1AO,CDP36K15P+TD,,14000,21200,1.80,8.5,15.2,No,,6.213,,0.461
5381409,MB,R2W,E,2025-10-01,2025,"Row house, end unit",154.7,Two storeys,1905,B1,1,8.4607,13692.7,13.693,42353.3,11764.9,87584.0,24329.1,11764.8,0.0,0.0,0.0,0.0,207436166,Air,,6534.9,T,6.51,3.2,1.87,,,95.0,,,ESTAR,Central split system,4.64,Electric furnace,Electricity,,,Yes,LENNOX,SL25XPV-024-230A**,CBA38MV-030-230*+TDR,22200,25200,21200,1.88,9.2,22.8,No,6.506,6.213,0.475,0.454
5383823,MB,R0C,E,2025-07-01,2025,Single Detached,201.5,Two storeys,1876,B1;C1;F1,1,9.83,24385.9,24.386,98651.2,27403.3,148356.7,41210.5,27403.3,0.0,0.0,0.0,0.0,210722666,Air,,26934.4,T,10.73,3.23,2.0,,,100.0,,,,Mini-split ductless,2.8,Electric furnace,Electricity,,,Yes,DAIKIN,4MXL36WVJU*,,36600,22400,36600,1.80,9,20,No,10.726,10.726,0.44,0.44
5385633,MB,R2G,E,2025-10-01,2025,Single Detached,179.9,One storey,1962,B1,1,2.13,8753.9,8.754,23107.4,6418.8,79498.4,22083.1,6418.7,3290.3,0.0,0.0,0.0,211624974,Air,,18611.8,T,10.26,2.98,1.8,,,108.0,,,ESTAR,Central split system,2.85,Induced draft fan furnace,Natural Gas,,,Yes,NAPOLEON,WSEHV2436RA1-N,NPFX24A36A,35000,29000,28000,1.80,9,16,Yes,10.257,8.206,1.172,0.937
5385733,MB,R0G,E,2025-08-01,2025,Single Detached,219.4,Two storeys,1970,B1;C1;C2;F1;F2,1,3.51,11616.6,11.617,14583.9,4051.1,78237.6,21732.8,4051.1,4662.8,0.0,0.0,0.0,213076369,Air,,7924.3,T,7.85,3.92,2.26,,,99.0,,,,Central single package system,3.2,Condensing furnace,Natural Gas,,,Yes,CARRIER,38MURAQ24AB3*,CAP**2417AL*,26800,19400,26600,2.26,8.5,16.5,No,7.854,7.796,0.676,0.671
5385865,MB,R2H,E,2025-10-01,2025,Single Detached,177.5,One storey,1927,B1;C1;F1,1,4.4709,13917.8,13.918,33705.9,9362.8,101725.1,28257.2,9362.9,5943.1,0.0,0.0,0.0,212494265,Air,,13832.1,T,6.33,3.01,1.8,,,100.0,,,,Central split system,2.86,Condensing heater,Natural Gas,,,Yes,DAIKIN,RXL18WMVJU*,FDMQ18WVJU*,21600,14600,21600,1.80,8.5,15.2,No,6.33,6.33,0.455,0.455
5387550,MB,R0A,E,2025-07-01,2025,Single Detached,259.7,Two storeys,1916,B1,1,1.4666,8554.2,8.554,24579.7,6827.7,71100.3,19750.2,6827.8,0.0,0.0,0.0,0.0,208447887,Air,,15388.9,T,7.03,3.31,1.8,,,100.0,,,,Central split system,3.43,Electric furnace,Electricity,,,Yes,CARRIER,38MURAQ24AB3,40MUAAQ24XA3,24000,19200,22600,1.91,10,17.4,Yes,7.034,6.623,0.822,0.774
5388142,MB,R0K,E,2025-11-01,2025,Single Detached,254.1,One storey,2000,B1,1,0.95,5572.9,5.573,9723.3,2700.9,54876.1,15243.5,2700.9,0.0,0.0,0.0,0.0,216054108,Ground,,9671.3,F,0.0,4.1,0.0,,,0.0,,,C448,Conventional A/C,3.556,Baseboard/Hydronic/Plenum(duct) htrs.,Electricity,,,No,,,,,,,,,,,,,,
5388486,MB,R6W,E,2025-11-01,2025,Single Detached,270.4,Two storeys,1982,B1;B2,1,1.66,10052.3,10.052,24657.4,6849.3,89942.1,24984.1,6849.2,2731.1,0.0,0.0,0.0,213613865,Air,,16935.6,T,9.14,3.27,1.85,,,85.0,,,,Central split system,2.88,Condensing furnace,Natural Gas,Fireplace with spark ignit. (sealed),Natural Gas,Yes,,,,,,,,,,,,,,
5388732,MB,R1N,E,2025-10-01,2025,Single Detached,191.6,One storey,1969,B1;B2,1,2.4076,5684.6,5.685,13564.3,3767.9,74924.0,20812.4,3767.8,1348.9,0.0,0.0,0.0,212633393,Air,,10198.3,T,9.5,3.0,1.8,,,74.0,,,,Central split system,2.79,Condensing furnace,Natural Gas,,,Yes,,,,,,,,,,,,,,
5394980,MB,R3V,E,2025-12-01,2025,Single Detached,168.4,One storey,1962,B1,1,2.65,15976.4,15.976,40271.1,11186.5,121523.5,33756.8,11186.5,7448.4,0.0,0.0,0.0,211644151,Air,,16881.8,T,10.55,3.02,1.8,,,72.0,,,,Central single package system,2.79,Condensing furnace,Natural Gas,,,Yes,GREE,GUD36W/A-D(U),GCAT36*/NAA,36000,23200,26000,1.80,8.5,15.2,Yes,10.551,7.62,0.66,0.477
5396319,MB,R3J,E,2025-12-01,2025,Single Detached,358.0,Two and a half,1912,B1,1,3.06,21225.6,21.226,18375.8,5104.4,149763.4,41601.3,5104.5,23320.2,0.0,0.0,0.0,213077619,Air,,11353.6,T,11.28,3.37,1.88,,,90.0,,,ESTAR,Central split system,3.11,Condensing furnace,Natural Gas,Baseboard/Hydronic/Plenum(duct) htrs,Electricity,Yes,KEEPRITE,DLCURAH36ABK,EA*4X42L21A*,38500,29400,35000,1.88,8.1,16,No,11.283,10.257,0.532,0.483
5559918,MB,R2Y,E,2025-08-01,2025,Single Detached,224.2,One storey,1968,B1;B2;B3;B4,1,2.3282,14805.7,14.806,27874.5,7743.0,103781.6,28828.5,7743.1,6986.4,0.0,0.0,0.0,212386846,Air,Central split system,13065.1,T,7.33,3.35,1.95,7.7,16.5,80.0,0.0,0.0,ESTAR,Central split system,3.2,Condensing furnace,Natural Gas,,,Yes,ATK,ACI-AUO24SHP-M,ACI-BCO24CP17,25000,21000,20000,1.95,9.5,16.5,No,7.327,5.861,0.495,0.396
5413075,MB,R6P,E,2024-06-01,2024,Single Detached,208.1,One storey,2015,B1,1,0.9728,7107.5,7.108,20954.3,5820.7,69145.6,19207.3,5820.6,0.0,0.0,0.0,0.0,212633393,Air,,10197.7,T,9.5,3.01,1.8,,,74.0,,,,Central split system,2.79,Electric furnace,Electricity,Other (describe),Mixed Wood,Yes,,,,,,,,,,,,,,
5422524,MB,R5H,E,2025-08-01,2025,Single Detached,365.7,One storey,1980,B1;C1;F1,1,1.93,16011.4,16.011,23202.2,6445.1,67828.5,18841.4,6445.1,0.0,0.0,0.0,0.0,214796668,Ground,,13950.2,F,0.0,4.1,0.0,,,0.0,,,C448,Conventional A/C,5.66,Electric furnace,Electricity,Wood fireplace,Mixed Wood,No,,,,,,,,,,,,,,
5416478,MB,R0K,E,2025-08-01,2025,Single Detached,308.7,One storey,1996,B1,1,1.45,9927.7,9.928,16944.2,4706.8,60578.3,16827.4,4706.7,0.0,0.0,0.0,0.0,214796346,Ground,,12221.1,F,0.0,4.4,0.0,,,0.0,,,C448,Conventional A/C,5.63,Baseboard/Hydronic/Plenum(duct) htrs.,Electricity,Baseboard/Hydronic/Plenum(duct) htrs,Electricity,No,,,,,,,,,,,,,,
5422913,MB,R5N,E,2025-08-01,2025,Single Detached,229.1,One storey,1977,B1;B2,1,1.98,9684.8,9.685,33822.2,9395.1,79625.7,22118.4,9395.1,0.0,0.0,0.0,0.0,212614864,Air,Central split system,10653.1,T,6.74,3.38,2.0,7.0,17.0,70.0,0.0,0.0,ESTAR,Central split system,3.18,Baseboard/Hydronic/Plenum(duct) htrs.,Electricity,,,Yes,DAIKIN,DZ6VSA241EA*,DFVE36CP1400A*,23000,16000,16100,2.00,8.6,17,Yes,6.741,4.718,0.696,0.487
5423940,MB,R2N,E,2025-07-01,2025,Single Detached,189.7,Two storeys,1917,B1,1,2.89,14019.4,14.019,46660.7,12961.4,93403.5,25945.6,12961.5,0.0,0.0,0.0,0.0,207642905,Air,,11568.7,T,8.79,3.62,1.88,,,96.0,,,,Mini-split ductless,3.53,Baseboard/Hydronic/Plenum(duct) htrs.,Electricity,,,Yes,BRYANT,38MGHBQ30DA3,,30000,28000,24600,1.74,9.5,23,No,8.792,7.21,0.627,0.514
5429414,MB,R3G,E,2025-07-01,2025,Single Detached,185.3,One and a half,1941,B1;B2,1,4.55,16347.0,16.347,59607.3,16557.7,106526.6,29591.0,16557.6,0.0,0.0,0.0,0.0,211911382,Air,Central split system,10891.7,T,9.67,3.25,1.85,7.7,15.5,81.0,0.0,0.0,,Central split system,2.76,Electric furnace,Electricity,Baseboard/Hydronic/Plenum(duct) htrs,Electricity,Yes,MITS AIR,MOD30U-30HFN1-MR0(X),MAC-36HWDN1-MN0,33000,22600,27000,1.85,9.7,15.5,No,9.671,7.913,0.592,0.484
5437543,MB,R3L,E,2025-11-01,2025,Single Detached,197.9,One and a half,1933,B1,1,2.25,10331.2,10.331,23519.7,6533.3,87914.2,24420.8,6533.4,4917.0,0.0,0.0,0.0,212633393,Air,,10185.1,T,9.5,3.02,1.8,,,74.0,,,,Central split system,2.79,Condensing furnace,Natural Gas,,,Yes,,,,,,,,,,,,,,
5437978,MB,R3G,E,2025-10-01,2025,Single Detached,254.2,Two and a half,1910,B1;B2;C1;F1,1,10.87,36331.0,36.331,75434.6,20954.2,208600.8,57945.1,20954.3,24056.6,0.0,0.0,0.0,207641339,Air,,23013.7,T,14.65,3.09,1.8,,,72.0,,,,Mini-split ductless,2.85,Condensing boiler,Natural Gas,Radiant floor panels,Electricity,Yes,SENVILLE,SENA/48HF/MOQ,,50000,36000,33000,1.70,9.7,20.5,No,14.654,9.671,0.403,0.266
5439476,MB,R3V,E,2025-06-01,2025,Double/Semi-detached,111.1,Two storeys,1971,B1,1,4.5458,7163.7,7.164,8600.5,2389.0,72169.0,20047.1,2389.2,2574.7,0.0,0.0,0.0,212974627,Air,,5466.4,T,5.39,3.82,2.32,,,105.0,,,,Central split system,3.35,Condensing furnace,Natural Gas,,,Yes,BRYANT HEATING AND COOLING SYSTEMS,38MURAQ18AB3*,CAP**2414AL*,18400,12400,19400,2.32,8.5,15.5,No,5.393,5.686,0.753,0.794
5441779,MB,R3M,E,2025-10-01,2025,Single Detached,350.7,Two and a half,1911,B1;B2;P1,1,7.61,33781.9,33.782,41247.8,11457.8,231854.7,64404.6,11457.9,38075.3,0.0,0.0,0.0,215735303,Air,,18486.3,T,7.62,3.7,2.18,,,92.0,,,,Mini-split ductless,3.4,"Boiler  with spark ignit.,vent dmpr",Natural Gas,Wood fireplace,Mixed Wood,Yes,SENVILLE,SENA-24HF-OG,SENA-24HF-IDG,26000,21600,24000,2.18,11.7,19,Yes,7.62,7.034,0.226,0.208
5444022,MB,R5K,E,2025-07-01,2025,Single Detached,302.8,One storey,1978,B1;B2;P1,1,4.4974,25591.5,25.592,41187.4,11441.0,138462.3,38462.1,11440.9,10772.6,0.0,0.0,0.0,213613861,Air,Coils Only,23931.8,T,10.61,3.38,1.9,6.7,15.2,98.0,0.0,0.0,,Coils Only,2.87,Condensing furnace,Natural Gas,Fireplace with pilot (unsealed),Natural Gas,Yes,,,,,,,,,,,,,,
1848398,MB,R3N,E,2025-11-01,2025,Detached Duplex,283.2,Two storeys,1922,B1;B2;C1;C2;C3;C4;F1;F2,2,5.9587,21476.8,21.477,28435.0,7898.7,146802.9,40778.9,7898.7,21092.7,0.0,0.0,0.0,208786091,Air,,8948.6,F,0.0,3.32,0.0,,,0.0,,,,Mini-split ductless,2.97,"Boiler  with spark ignit.,vent dmpr",Natural Gas,Fireplace with spark ignit. (sealed),Natural Gas,Yes,GREE,GWHD(30)ND3MO,,30000,27200,22800,1.84,10,21,Yes,8.792,6.682,0.409,0.311
5445981,MB,R2C,E,2025-06-01,2025,Single Detached,198.3,One storey,1964,B1,1,3.4988,10429.1,10.429,20626.0,5729.5,78562.8,21823.2,5729.5,3042.2,0.0,0.0,0.0,212361759,Air,Coils Only,13065.1,T,7.33,3.35,1.95,7.7,16.5,80.0,0.0,0.0,ESTAR,Coils Only,3.2,Condensing furnace,Natural Gas,Wood fireplace,Mixed Wood,Yes,MOOVAIR,DMA24HOS20230E7,CUB24HAC20BWT7A,25000,21000,20000,1.95,9.5,16.5,Yes,7.327,5.861,0.703,0.562
5447100,MB,R0C,E,2025-10-01,2025,Single Detached,134.6,One storey,1980,C1;F1,1,7.11,11420.9,11.421,58588.5,16274.7,119009.5,33058.5,16274.9,0.0,0.0,0.0,2304.2,212396496,Air,,30065.3,T,14.65,3.17,1.9,,,92.0,,,,Central split system,2.4,Baseboard/Hydronic/Plenum(duct) htrs.,Electricity,Wood fireplace,Mixed Wood,Yes,Panasonic,CU-HE48YAHK6,CS-HE48YAHK6,50000,36000,46000,1.90,9.4,15.6,Yes,14.654,13.481,1.283,1.18
5448766,MB,R6P,E,2025-09-01,2025,Single Detached,219.6,One storey,2004,B1;B2,1,1.0885,9344.6,9.345,36102.2,10028.5,83628.2,23230.2,10028.4,0.0,0.0,0.0,0.0,212633393,Air,,10197.7,T,9.5,3.01,1.8,,,74.0,,,,Central split system,2.79,Electric furnace,Electricity,,,Yes,,,,,,,,,,,,,,
5453700,MB,R0E,E,2025-06-01,2025,Single Detached,183.0,One storey,1972,C1;F1,1,6.1185,14653.9,14.654,48036.7,13343.6,100342.1,27873.0,13343.7,0.0,0.0,0.0,0.0,215735314,Air,,17430.1,T,7.91,3.35,2.0,,,100.0,,,,Central split system,3.0,Baseboard/Hydronic/Plenum(duct) htrs.,Electricity,Fireplace with spark ignit. (unsealed),Propane,Yes,SENVILLE,SENA-28HF-MOA,,27000,30000,27000,2.00,10.5,23,Yes,7.913,7.913,0.54,0.54
5461627,MB,R0C,E,2025-06-01,2025,Single Detached,359.7,One storey,1988,B1,1,2.98,17807.3,17.807,30709.4,8530.5,123387.7,34274.6,8530.3,13405.9,0.0,0.0,0.0,213153602,Air,,15057.4,T,9.5,3.31,1.8,,,72.0,,,,Central split system,3.41,Condensing furnace,Natural Gas,Wood fireplace,Mixed Wood,Yes,NAPOLEON,WSEHV2436RA1-N,HG34936,36000,21000,23600,1.80,8.5,15.2,No,10.551,6.916,0.592,0.388
1970969,MB,R3N,E,2025-10-01,2025,Single Detached,151.8,One storey,1923,B1;B2,1,5.56,17810.7,17.811,34699.6,9638.9,120030.9,33342.2,9639.0,11425.9,0.0,0.0,0.0,212427853,Air,,13837.3,T,7.33,3.36,1.82,,,86.0,,,ESTAR,Central split system,2.93,Condensing furnace,Natural Gas,,,Yes,NAPOLEON,WSEHV2436RA1-N,"H,DE33(6,9)36",24000,15000,17500,1.80,8.5,17,No,7.034,5.129,0.395,0.288
5466122,MB,R3G,E,2025-08-01,2025,Single Detached,227.4,Three storeys,1911,B1,1,5.8286,19547.9,19.548,30633.9,8509.5,126904.7,35251.6,8509.5,14097.1,0.0,0.0,0.0,212633393,Air,Coils Only,10185.1,T,9.5,3.02,1.8,7.0,15.2,74.0,0.0,0.0,,Coils Only,2.79,Condensing furnace,Natural Gas,,,Yes,,,,,,,,,,,,,,
5466896,MB,R2L,E,2025-06-01,2025,Single Detached,186.9,Two storeys,1927,B1,1,8.3,20189.4,20.189,39268.1,10907.9,123004.6,34168.2,10907.9,10649.3,0.0,0.0,0.0,201835693,Air,,14168.4,T,10.55,3.35,1.96,,,59.0,,,,Mini-split ductless,2.84,Condensing heater,Natural Gas,,,Yes,KEEPRITE,DLCMRAH36DAK,,36000,23600,26200,1.80,8.6,21.4,No,10.551,7.678,0.523,0.38
5470588,MB,R2M,E,2025-07-01,2025,Single Detached,154.1,One storey,1961,B1;P1,1,6.4173,12170.2,12.17,12621.2,3505.9,89708.8,24919.3,3505.9,8399.0,0.0,0.0,0.0,213076384,Air,Central split system,5466.4,T,5.39,3.86,2.34,8.05,16.0,105.0,0.0,0.0,ESTAR,Central split system,3.34,Condensing furnace,Natural Gas,Wood fireplace,Mixed Wood,Yes,BRYANT HEATING AND COOLING SYSTEMS,38MURAQ18AB3*,CAP**2417AL*,18400,12400,19500,2.34,8.5,16,No,5.393,5.715,0.443,0.47
5470917,MB,R0C,E,2025-09-01,2025,Single Detached,145.7,One storey,2009,C1;F1,1,1.65,8239.3,8.239,17586.3,4885.1,65884.6,18301.4,4885.0,0.0,0.0,0.0,0.0,206382713,Air,Central split system,7268.1,F,0.0,4.615,0.0,0.0,0.0,0.0,0.0,0.0,,Central split system,3.613,Baseboard/Hydronic/Plenum(duct) htrs.,Electricity,,,Yes,,,,,,,,,,,,,,
5473135,MB,R2C,E,2025-08-01,2025,Single Detached,302.2,Two storeys,2005,B1;B2,1,1.25,12454.5,12.454,19494.1,5415.1,105335.8,29260.2,5415.0,10801.8,0.0,0.0,0.0,211259279,Air,Coils Only,24171.3,T,11.72,3.4,2.0,8.2,18.2,95.0,0.0,0.0,,Coils Only,3.77,Condensing furnace,Natural Gas,Fireplace with pilot (sealed),Natural Gas,Yes,Mitsubishi Electric,PUZ-HA36NKA,PVA-A36AA*,40000,24600,38000,2.00,10,18.2,Yes,11.723,11.137,0.941,0.894
5475989,MB,R6W,E,2025-10-01,2025,Single Detached,471.4,Two storeys,2001,B1,1,1.8371,19878.1,19.878,43337.0,12038.2,152112.6,42253.8,12038.2,17402.9,0.0,0.0,0.0,212633392,Air,Central split system,14112.8,T,6.56,3.13,1.8,0.0,0.0,102.0,0.0,0.0,,Central split system,3.05,Condensing furnace,Natural Gas,Same as Type 1 heating system,Natural Gas,Yes,GREE,FLEXX36HP230V1AO,CDP36K15P+TD,,14000,21200,1.80,8.5,15.2,No,,6.213,,0.313
5480236,MB,R0C,E,2025-09-01,2025,Single Detached,335.1,Two storeys,1985,B1;B2;C1;C2;F1;F2,1,2.9,22444.0,22.444,109964.8,30546.0,159107.9,44197.0,30546.1,0.0,0.0,0.0,0.0,202566187,Air,Central split system,9554.1,F,0.0,3.724,0.0,0.0,0.0,0.0,0.0,0.0,,Central split system,3.153,Baseboard/Hydronic/Plenum(duct) htrs.,Electricity,Wood fireplace,Mixed Wood,Yes,LENNOX,ML14XP1-036-230A**,CBA27UHE-036-230*+TDR,32600,21600,,,9,15,No,9.554,,0.426,
5486083,MB,R0C,E,2025-08-01,2025,Single Detached,232.5,One storey,1981,B1,1,3.01,12396.6,12.397,44330.5,12314.1,91516.5,25421.5,12314.3,0.0,0.0,0.0,0.0,213369385,Air,Central split system,10008.4,T,9.09,3.1,1.8,6.6,15.2,80.0,0.0,0.0,ESTAR,Central split system,2.56,Electric furnace,Electricity,Wood fireplace,Mixed Wood,Yes,MOOVAIR,DMA30HOS20230E7,CUB36HAC20BWT7A,31000,19600,22600,1.80,8.5,15.2,Yes,9.085,6.623,0.733,0.534
5487838,MB,R3G,E,2025-11-01,2025,Single Detached,195.0,Two and a half,1907,B1;B2;B3;C1;F1,1,10.9,26417.4,26.417,54693.2,15192.7,153261.3,42572.9,15192.6,14567.6,0.0,0.0,0.0,213160481,Air,Central split system,20833.0,T,11.28,3.0,1.85,0.0,0.0,83.0,0.0,0.0,,Central split system,2.34,Condensing furnace,Natural Gas,,,Yes,Dettson,EVD-36-O,MAC36H1724E,38000,27400,31600,1.85,8.6,15.5,Yes,11.137,9.261,0.422,0.351
5488527,MB,R2H,E,2025-10-01,2025,Single Detached,200.5,Two storeys,1931,B1;B2,1,2.82,16447.9,16.448,27646.1,7679.5,119990.2,33330.9,7679.5,12395.9,0.0,0.0,0.0,213613865,Air,Coils Only,17148.8,T,9.14,3.27,1.85,7.35,15.2,85.0,0.0,0.0,,Coils Only,2.88,Condensing furnace,Natural Gas,,,Yes,,,,,,,,,,,,,,
5537033,MB,R3M,E,2025-06-01,2025,Single Detached,279.5,Two storeys,1945,B1;B2,1,6.8529,27365.5,27.366,56162.6,15600.8,201701.6,56028.7,15601.0,24137.7,0.0,0.0,0.0,207349916,Air,Ductless Mini- or Multi-split system,17314.3,T,10.55,3.1,1.81,7.5,21.0,73.0,0.0,0.0,ESTAR,Ductless Mini- or Multi-split system,2.93,Boiler  with spark ignition,Natural Gas,Fireplace with pilot (sealed),Natural Gas,Yes,SAMSUNG,AJ036BXJ4CH,,32000,21000,26400,1.81,9,21,No,9.378,7.737,0.343,0.283
5490269,MB,R0H,E,2025-08-01,2025,Single Detached,260.7,One storey,1950,B1;B2;B3;B4,1,2.55,17308.8,17.309,62551.4,17375.5,107848.3,29958.1,17375.4,0.0,0.0,0.0,0.0,210273924,Air,Central split system,24542.7,T,10.14,4.24,2.17,7.1,18.5,109.0,0.0,0.0,ESTAR,Central split system,3.22,Electric furnace,Electricity,Wood fireplace,Mixed Wood,Yes,,,,,,,,,,,,,,
5491872,MB,R2V,E,2025-10-01,2025,Single Detached,107.4,One storey,1947,B1,1,3.7314,8188.5,8.188,11940.5,3316.8,75822.3,21061.9,3316.7,2413.6,0.0,0.0,0.0,212406525,Air,Coils Only,7653.6,T,6.56,3.68,2.1,0.0,0.0,107.0,0.0,0.0,,Coils Only,3.41,Condensing furnace,Natural Gas,,,Yes,TRANE,4TXD2036A10NU**,"H,TG34930+TD",24000,15800,21200,1.80,8.5,15.2,No,7.034,6.213,0.859,0.759
5494330,MB,R0A,E,2025-10-01,2025,Single Detached,157.9,One storey,1974,C1;C2;C3;F1,1,10.08,16742.5,16.742,48912.4,13586.9,98767.2,27435.6,13586.8,0.0,0.0,0.0,0.0,2087860909,Air,Ductless Mini- or Multi-split system,28617.5,T,7.03,3.64,2.1,8.0,21.0,90.0,0.0,0.0,,Ductless Mini- or Multi-split system,3.1,Baseboard/Hydronic/Plenum(duct) htrs.,Electricity,Advanced airtight wood stove,Mixed Wood,Yes,,,,,,,,,,,,,,
5026530,MB,R2K,E,2025-07-01,2025,Single Detached,192.5,One and a half,1927,B1,1,5.64,15681.8,15.682,49922.8,13867.6,103746.2,28818.6,13867.6,1794.5,0.0,0.0,0.0,208447887,Air,Central split system,15575.3,T,7.03,3.29,1.8,0.0,0.0,100.0,0.0,0.0,,Central split system,3.42,Electric furnace,Electricity,Fireplace with pilot (unsealed),Natural Gas,Yes,CARRIER,38MURAQ24AB3,40MUAAQ24XA3,24000,19200,22600,1.91,10,17.4,Yes,7.034,6.623,0.449,0.422
5496091,MB,R2V,E,2025-06-01,2025,Single Detached,155.4,One storey,1921,B1,1,5.0506,10817.6,10.818,20177.2,5604.8,87091.6,24192.3,5604.8,5925.9,0.0,0.0,0.0,208101911,Air,Coils Only,10891.7,T,9.67,3.25,1.85,7.7,15.5,81.0,0.0,0.0,ESTAR,Coils Only,2.76,Condensing furnace,Natural Gas,Fireplace with pilot (unsealed),Natural Gas,Yes,MDV,MOD30U-30HFN1-MR0(X),MAC-36HWDN1-MN0,33000,22600,27000,1.85,9.7,15.5,Yes,9.671,7.913,0.894,0.731
5496794,MB,R2N,E,2025-07-01,2025,Single Detached,292.6,Two storeys,1986,B1;C1;F1,1,1.6138,16053.5,16.054,26620.0,7394.5,115535.8,32093.5,7394.5,8274.2,0.0,0.0,0.0,212633393,Air,Coils Only,10185.1,T,9.5,3.02,1.8,7.0,15.2,74.0,0.0,0.0,ESTAR,Coils Only,2.79,Condensing furnace,Natural Gas,,,Yes,,,,,,,,,,,,,,
5496969,MB,R0E,E,2025-08-01,2025,Single Detached,169.4,One storey,1978,B1;B2;C1;F1,1,3.31,14266.3,14.266,50586.3,14051.9,95196.5,26443.7,14051.8,0.0,0.0,0.0,0.0,216618913,Air,Central split system,10589.0,T,10.55,3.34,1.89,7.5,18.5,81.0,0.0,0.0,ESTAR,Central split system,3.23,Baseboard/Hydronic/Plenum(duct) htrs.,Electricity,Wood furnace,Mixed Wood,Yes,LENNOX,EL18KSLV-036-230A**,CBK48MVT-036-230-**,36000,28000,29400,1.90,9.4,18.5,Yes,10.551,8.616,0.74,0.604
13758746,MB,R2J,E,2025-06-01,2025,Single Detached,309.8,One storey,1974,B1,1,1.67,11959.6,11.96,21526.5,5979.6,94392.4,26220.3,5979.8,6116.4,0.0,0.0,0.0,207098550,Air,Central split system,8787.2,T,8.79,3.48,1.95,0.0,0.0,70.0,0.0,0.0,ESTAR,Central split system,3.36,Condensing furnace,Natural Gas,Wood fireplace,Mixed Wood,Yes,CARRIER,38MARBQ24AA3,CAP**2417AL*,26000,15800,,,10,15,No,7.62,,0.637,
5503060,MB,R3N,E,2025-06-01,2025,Single Detached,390.8,One storey,1964,B1;B2,1,2.6037,20093.1,20.093,58283.8,16190.1,138361.9,38434.2,16190.1,8730.9,0.0,0.0,0.0,211644151,Air,Coils Only,33763.3,T,10.55,3.02,1.8,7.0,0.0,72.0,0.0,0.0,ESTAR,Coils Only,2.79,Condensing furnace,Natural Gas,Fireplace with pilot (sealed),Natural Gas,Yes,GREE,GUD36W/A-D(U),GCAT36*/NAA,36000,23200,26000,1.80,8.5,15.2,Yes,10.551,7.62,0.525,0.379
5506196,MB,R4H,E,2025-11-01,2025,Single Detached,397.0,One storey,2013,B1,1,0.9931,11410.3,11.41,42691.9,11859.0,92972.1,25825.8,11859.0,0.0,0.0,0.0,0.0,211644151,Air,Coils Only,16881.8,T,10.55,3.02,1.8,7.0,15.2,72.0,0.0,0.0,,Coils Only,2.79,Electric furnace,Electricity,,,Yes,GREE,GUD36W/A-D(U),GCAT36*/NAA,36000,23200,26000,1.80,8.5,15.2,Yes,10.551,7.62,0.925,0.668
5507011,MB,R5M,E,2025-07-01,2025,Single Detached,436.2,One and a half,1987,B1;C1;C2;C3;F1;F2;F3,1,1.77,19881.5,19.882,38223.3,10617.7,85593.7,23776.2,10617.6,0.0,0.0,0.0,0.0,215278614,Ground,Ground source heat pump,20000.0,F,0.0,3.6,0.0,0.0,0.0,0.0,0.0,0.0,C448,Conventional A/C,4.81,Baseboard/Hydronic/Plenum(duct) htrs.,Electricity,Furnace/Boiler w/ spark ignition,Propane,No,,,,,,,,,,,,,,
1965827,MB,R3M,E,2025-09-01,2025,Single Detached,312.2,Two storeys,1922,B1;B2;B3;B4,1,6.03,25778.6,25.779,17225.2,4784.8,178250.8,49514.5,4784.8,35268.1,0.0,0.0,0.0,10062014,Air,Ductless Mini- or Multi-split system,10550.6,F,0.0,4.375,0.0,0.0,0.0,0.0,0.0,0.0,,Ductless Mini- or Multi-split system,3.958,Condensing boiler,Natural Gas,Fireplace with pilot (unsealed),Natural Gas,Yes,LENNOX,MPB036S4M-1P,,36000,24600,,,9,22.5,No,10.551,,0.409,
5509583,MB,R3T,E,2025-08-01,2025,Single Detached,171.1,One storey,1960,B1,1,2.5464,8367.2,8.367,23702.0,6583.9,88903.1,24695.5,6583.9,2844.7,0.0,0.0,0.0,204743192,Air,Central split system,19769.3,T,10.55,3.01,1.83,0.0,0.0,83.0,0.0,0.0,,Central split system,3.01,Condensing furnace,Natural Gas,,,Yes,KINGHOME,KU36UHO,KU36UHI,36000,24400,,,10,18,No,10.551,,1.261,
5510679,MB,R3R,E,2025-06-01,2025,Single Detached,200.5,One storey,1976,B1,1,2.5367,11133.1,11.133,34697.2,9638.2,81054.6,22515.3,9638.1,0.0,0.0,0.0,0.0,208447896,Air,Central split system,15575.3,T,7.03,3.29,1.8,8.0,17.4,100.0,0.0,0.0,ESTAR,Central split system,3.43,Electric furnace,Electricity,Wood fireplace,Mixed Wood,Yes,BRYANT,38MURAQ24AB3,40MUAAQ24XA3,24000,19200,22600,1.91,10,17.4,Yes,7.034,6.623,0.632,0.595
5510919,MB,R2J,E,2025-07-01,2025,Single Detached,176.2,One storey,1956,B1;B2,1,6.1,14627.6,14.628,25823.2,7173.2,108821.4,30228.4,7173.1,10418.4,0.0,0.0,0.0,212361366,Air,Coils Only,15435.2,T,10.55,2.94,1.8,7.0,15.2,72.0,0.0,0.0,,Coils Only,2.79,Condensing furnace,Natural Gas,,,Yes,TOSOT,TU36-24WADU,TCAT36F/NAA,36000,23200,26000,1.80,8.5,15.2,No,10.551,7.62,0.721,0.521
5511177,MB,R0E,E,2025-09-01,2025,Single Detached,114.8,One storey,1939,C1;F1,1,4.45,8966.4,8.966,23306.5,6474.1,73528.6,20424.8,6473.9,0.0,0.0,0.0,0.0,208786098,Air,Compact Ducted Mini- or Multi-split system,14005.3,T,7.03,3.19,1.8,7.5,0.0,92.0,0.0,0.0,ESTAR,Compact Ducted Mini- or Multi-split system,2.95,Baseboard/Hydronic/Plenum(duct) htrs.,Electricity,,,Yes,GREE,GWHD(24)ND3MO,,24000,23200,22200,1.80,9,18.5,Yes,7.034,6.506,0.784,0.726
5511185,MB,R0C,E,2025-12-01,2025,Single Detached,230.5,One storey,2002,B1,1,1.34,10006.3,10.006,32564.2,9045.7,78541.8,21817.3,9045.6,0.0,0.0,0.0,0.0,10221207,Air,Central split system,19279.7,T,11.08,4.05,2.83,6.7,18.5,78.0,0.0,0.0,,Central split system,2.83,Electric boiler,Electricity,,,Yes,PANASONIC,CU-5E36QBU-5,,36000,28000,20400,1.90,9.1,18.5,No,10.551,5.979,1.054,0.597
5517266,MB,R0A,E,2025-09-01,2025,Single Detached,356.4,One storey,2023,B1;B2,1,0.78,9130.7,9.131,19177.2,5327.0,74075.0,20576.6,5327.0,2650.0,0.0,0.0,0.0,211624974,Air,Central split system,18611.7,T,10.26,2.99,1.8,7.0,16.0,80.0,0.0,0.0,ESTAR,Central split system,2.93,Condensing boiler,Natural Gas,Other (describe),Electricity,Yes,NAPOLEON,WSEHV2436RA1-N,NPFX24A36A,35000,29000,28000,1.80,9,16,Yes,10.257,8.206,1.123,0.899
5517680,MB,R0A,E,2025-08-01,2025,Single Detached,95.6,One storey,1987,C1;F1,1,5.02,9854.5,9.854,30127.9,8368.9,76715.8,21310.1,8369.0,0.0,0.0,0.0,0.0,216618906,Air,Central split system,7064.8,T,7.03,3.37,1.8,7.5,17.0,96.0,0.0,0.0,,Central split system,3.43,Electric furnace,Electricity,,,Yes,LENNOX,EL18KSLV-024-230A**,CBK48MVT-018/024-230-**,24000,19600,23200,1.80,9.4,17,Yes,7.034,6.799,0.714,0.69
5519551,MB,R0G,E,2025-08-01,2025,Single Detached,165.4,One storey,1993,C1;F1,1,4.85,13299.3,13.299,34904.8,9695.9,83271.6,23131.2,9695.9,0.0,0.0,0.0,0.0,208130406,Air,Central split system,29269.0,T,14.65,3.14,1.9,7.7,15.6,92.0,0.0,0.0,ESTAR,Central split system,2.4,Electric furnace,Electricity,,,Yes,ECO-AIR,MOE30U-48HFN1-M-[X1],MVC-48HWFN1-M,50000,36000,46000,1.90,9.4,15.6,Yes,14.654,13.481,1.102,1.014
5519685,MB,R2K,E,2025-10-01,2025,Single Detached,205.8,Two storeys,1949,B1;B2;B3,1,4.44,20647.4,20.647,45882.4,12745.2,139223.7,38673.6,12745.1,12579.5,0.0,0.0,0.0,215735320,Air,Ductless Mini- or Multi-split system,16778.9,T,14.36,3.21,2.0,0.0,0.0,95.0,0.0,0.0,,Ductless Mini- or Multi-split system,3.09,"Boiler  with spark ignit.,vent dmpr",Natural Gas,Baseboard/Hydronic/Plenum(duct) htrs,Electricity,Yes,SENVILLE,SENA-48HF-MOA,,49000,45000,47000,2.00,11,23,Yes,14.36,13.774,0.696,0.667
5521283,MB,R3P,E,2025-08-01,2025,Single Detached,417.8,Two storeys,1989,B1,1,2.2515,15596.2,15.596,22468.6,6241.3,119333.7,33148.5,6241.4,14126.5,0.0,0.0,0.0,211624987,Air,Central split system,13393.6,T,13.33,3.02,1.8,6.5,15.0,72.0,0.0,0.0,,Central split system,3.08,Condensing furnace,Natural Gas,Fireplace with pilot (sealed),Natural Gas,Yes,GREE,FLEXX60HP230V1AO,FLEXX48C,,28200,,,8.5,15,No,,,,
5525186,MB,R3T,E,2025-10-01,2025,Single Detached,152.4,Two storeys,1951,B1,1,5.0647,12841.3,12.841,27861.0,7739.2,87254.7,24237.6,7739.2,4099.8,0.0,0.0,0.0,206223052,Air,Central split system,24171.3,T,11.14,3.4,2.0,0.0,0.0,100.0,0.0,0.0,ESTAR,Central split system,3.77,Condensing furnace,Natural Gas,,,Yes,,,,,,,,,,,,,,
5530753,MB,R4H,N,2025-05-01,2025,Single Detached,388.2,One storey,2025,B1,1,0.59,8607.1,8.607,31021.2,8617.1,66376.3,18438.0,8617.0,0.0,0.0,0.0,0.0,211624974,Air,Central split system,18611.8,T,10.26,2.99,1.8,7.0,16.0,80.0,0.0,0.0,ESTAR,Central split system,2.93,Electric furnace,Electricity,Baseboard/Hydronic/Plenum(duct) htrs,Electricity,Yes,NAPOLEON,WSEHV2436RA1-N,NPFX24A36A,35000,29000,28000,1.80,9,16,Yes,10.257,8.206,1.192,0.953
632135,MB,R2W,E,2025-10-01,2025,Single Detached,285.8,Two storeys,1943,B1;B2,1,2.43,19202.2,19.202,51230.3,14230.8,124413.8,34559.7,14230.7,7309.5,0.0,0.0,0.0,211644153,Air,Coils Only,24424.0,T,15.53,3.08,1.8,7.0,15.2,70.0,0.0,0.0,,Coils Only,2.64,Condensing furnace,Natural Gas,,,Yes,GREE,GUD60W/A-D(U),GCAT60*/NAA,53000,44500,37200,1.80,8.5,15.2,No,15.533,10.902,0.809,0.568
5534428,MB,R2E,E,2025-10-01,2025,Single Detached,314.7,Two storeys,1986,B1;B2,1,3.3467,24179.6,24.18,46721.2,12978.2,150333.5,41759.6,12978.2,15585.1,0.0,0.0,0.0,211644151,Air,Coils Only,16881.8,T,10.55,3.02,1.8,7.0,15.2,72.0,0.0,0.0,,Coils Only,2.79,Condensing furnace,Natural Gas,Wood fireplace,Mixed Wood,Yes,GREE,GUD36W/A-D(U),GCAT36*/NAA,36000,23200,26000,1.80,8.5,15.2,Yes,10.551,7.62,0.436,0.315
5535447,MB,R7C,N,2025-05-01,2025,Apartment,1721.6,Three storeys,2025,B1;P1,17,0.67,29879.7,29.88,83888.2,23302.5,561067.4,155853.3,23302.4,0.0,0.0,0.0,0.0,208447824,Air,Ductless Mini- or Multi-split system,90670.3,T,3.52,3.04,1.81,6.9,21.4,67.0,0.0,0.0,,Ductless Mini- or Multi-split system,2.56,Baseboard/Hydronic/Plenum(duct) htrs.,Electricity,,,Yes,CARRIER,38MHRCQ12AA3,40MHHAQ12XA3,12000,7000,8000,1.79,9.2,21.4,No,3.517,2.345,0.118,0.078
5535447,MB,R7C,P,2025-05-01,2025,Apartment,1721.6,Three storeys,2025,B1;P1,17,2.5,48149.1,48.149,151497.0,42082.8,622663.4,172963.4,42082.8,0.0,0.0,0.0,0.0,208447824,Air,Ductless Mini- or Multi-split system,90670.3,T,3.52,3.04,1.81,6.9,21.4,67.0,0.0,0.0,,Ductless Mini- or Multi-split system,2.56,Baseboard/Hydronic/Plenum(duct) htrs.,Electricity,,,Yes,CARRIER,38MHRCQ12AA3,40MHHAQ12XA3,12000,7000,8000,1.79,9.2,21.4,No,3.517,2.345,0.073,0.049
5536070,MB,R0E,E,2025-12-01,2025,Single Detached,252.2,Two storeys,1995,B1;C1;F1,1,2.61,13509.5,13.51,16012.9,4448.1,61034.7,16954.2,4448.1,0.0,0.0,0.0,0.0,214796347,Ground,Ground source heat pump,11752.1,F,0.0,4.4,0.0,0.0,0.0,0.0,0.0,0.0,C448,Conventional A/C,5.54,Electric furnace,Electricity,Adv. airtight wood stove + cat. conv.,Mixed Wood,No,,,,,,,,,,,,,,
5536660,MB,R6T,N,2025-05-01,2025,Single Detached,431.2,One storey,2025,B1,1,0.32,7681.7,7.682,37686.6,10468.6,83874.2,23298.6,10468.7,0.0,0.0,0.0,0.0,207690465,Air,Central split system,29619.2,T,14.65,1.961,1.9,0.0,0.0,92.0,0.0,0.0,,Central split system,1.712,Electric furnace,Electricity,Advanced airtight wood stove,Mixed Wood,Yes,MDV,MOE30U-48HFN1-M-[X1],,50000,32000,,,10,16,No,14.654,,1.908,
5536660,MB,R6T,P,2025-05-01,2025,Single Detached,431.2,One storey,2025,B1,1,1.5,10209.7,10.21,50551.5,14042.2,96026.0,26674.1,14042.3,0.0,0.0,0.0,0.0,207690465,Air,Central split system,29619.2,T,14.65,1.961,1.9,0.0,0.0,92.0,0.0,0.0,,Central split system,1.712,Electric furnace,Electricity,Advanced airtight wood stove,Mixed Wood,Yes,MDV,MOE30U-48HFN1-M-[X1],,50000,32000,,,10,16,No,14.654,,1.435,
5536742,MB,R2C,D,2025-06-01,2025,Single Detached,92.8,One storey,1955,,1,4.73,9356.5,9.356,31781.3,8828.2,75929.5,21091.7,8828.1,0.0,0.0,0.0,0.0,201912808,Air,Central split system,5861.4,F,0.0,4.54,0.0,0.0,0.0,0.0,0.0,0.0,,Central split system,3.383,Baseboard/Hydronic/Plenum(duct) htrs.,Electricity,,,Yes,HISENSE,AS-18UW3SXA,AS-18UW3SXA**,18000,11600,11900,1.75,8,17,No,5.275,3.488,0.564,0.373
5537088,MB,R2V,N,2025-06-01,2025,Single Detached,317.8,Two storeys,2024,B1,1,1.1,10526.9,10.527,21602.7,6000.8,82914.5,23032.0,6000.9,4426.7,0.0,0.0,0.0,212633393,Air,Central split system,10185.1,T,9.5,3.02,1.8,7.0,15.2,74.0,0.0,0.0,,Central split system,2.79,Condensing furnace,Natural Gas,,,Yes,,,,,,,,,,,,,,
5537088,MB,R2V,P,2025-06-01,2025,Single Detached,317.8,Two storeys,2024,B1,1,1.5,11499.5,11.5,22811.9,6336.7,87217.2,24227.2,6336.7,5340.0,0.0,0.0,0.0,212633393,Air,Central split system,10185.1,T,9.5,3.02,1.8,7.0,15.2,74.0,0.0,0.0,,Central split system,2.79,Condensing furnace,Natural Gas,,,Yes,,,,,,,,,,,,,,
5538221,MB,R0G,D,2025-06-01,2025,Single Detached,300.7,Two storeys,1960,B1,1,3.8482,23321.8,23.322,57317.4,15921.6,192886.9,53580.1,15921.5,21986.3,0.0,0.0,0.0,207683234,Air,Central split system,7646.5,T,3.52,2.04,2.07,8.0,25.5,98.0,0.0,0.0,ESTAR,Central split system,2.938,Condensing furnace,Natural Gas,Baseboard/Hydronic/Plenum(duct) htrs,Electricity,Yes,NAPOLEON,NDHAS26-12-O,NDHAS26-12-I,12000,10000,12000,1.80,10.4,25.5,Yes,3.517,3.517,0.151,0.151
5538221,MB,R0G,E,2025-11-01,2025,Single Detached,300.7,Two storeys,1960,B1,1,2.8376,16926.6,16.927,44191.9,12275.6,141893.0,39415.0,12275.7,11577.9,0.0,0.0,0.0,207683234,Air,Central split system,7646.5,T,3.52,2.04,2.07,8.0,25.5,98.0,0.0,0.0,ESTAR,Central split system,2.938,Condensing furnace,Natural Gas,Baseboard/Hydronic/Plenum(duct) htrs,Electricity,Yes,NAPOLEON,NDHAS26-12-O,NDHAS26-12-I,12000,10000,12000,1.80,10.4,25.5,Yes,3.517,3.517,0.208,0.208
5538983,MB,R0C,E,2025-09-01,2025,Single Detached,163.9,One storey,2002,C1;F1,1,3.07,10049.8,10.05,25102.3,6972.9,76754.9,21321.0,6972.8,0.0,0.0,0.0,0.0,211378939,Air,Central split system,15322.0,T,9.91,3.69,2.12,6.6,18.0,70.0,0.0,0.0,ESTAR,Central split system,2.93,Electric furnace,Electricity,,,Yes,YORK,HMH72B341,JHETB36DBCS2N1,33800,25400,23800,2.12,8.5,18.5,Yes,9.906,6.975,0.986,0.694
5539090,MB,R0E,N,2025-05-01,2025,Single Detached,392.3,One storey,2025,B1;C1;F1,1,0.88,9943.2,9.943,38016.9,10560.3,84171.7,23381.2,10560.4,0.0,0.0,0.0,0.0,213617713,Air,Central split system,39446.2,T,15.83,3.23,1.91,7.9,15.4,88.0,0.0,0.0,ESTAR,Central split system,3.0,Electric furnace,Electricity,Baseboard/Hydronic/Plenum(duct) htrs,Electricity,Yes,Mitsubishi Electric,PUZ-HA42NKA2***,PVA-A42AA*,54000,38500,48000,1.90,9.3,15.4,Yes,15.826,14.067,1.592,1.415
5539090,MB,R0E,P,2025-05-01,2025,Single Detached,392.3,One storey,2025,B1;C1;F1,1,1.5,10992.9,10.993,41893.7,11637.2,87869.4,24408.4,11637.3,0.0,0.0,0.0,0.0,213617713,Air,Central split system,39446.2,T,15.83,3.23,1.91,7.9,15.4,88.0,0.0,0.0,ESTAR,Central split system,3.0,Electric furnace,Electricity,Baseboard/Hydronic/Plenum(duct) htrs,Electricity,Yes,Mitsubishi Electric,PUZ-HA42NKA2***,PVA-A42AA*,54000,38500,48000,1.90,9.3,15.4,Yes,15.826,14.067,1.44,1.28
5539228,MB,R3R,E,2025-08-01,2025,Single Detached,250.6,Split entry/Raised base.,2011,B1,1,1.7397,10061.8,10.062,27774.5,7715.2,75174.9,20882.1,7715.3,0.0,0.0,0.0,0.0,210435439,Air,Coils Only,24171.3,T,12.31,4.78,2.06,8.2,15.3,90.0,0.0,0.0,ESTAR,Coils Only,3.23,Electric furnace,Electricity,,,Yes,Mitsubishi Electric,PUZ-HA36NKA*,PAA-A36CA1,42000,28400,42000,1.80,9.5,15.3,Yes,12.309,12.309,1.223,1.223
5539935,MB,R3J,E,2025-12-01,2025,Single Detached,162.2,One and a half,1953,B1,1,4.87,13852.8,13.853,26978.4,7494.1,91483.0,25412.1,7493.9,5666.2,0.0,0.0,0.0,212386846,Air,Coils Only,13065.1,T,7.33,3.35,1.95,7.7,16.5,80.0,0.0,0.0,,Coils Only,3.2,Condensing furnace,Natural Gas,,,Yes,ATK,ACI-AUO24SHP-M,ACI-BCO24CP17,25000,21000,20000,1.95,9.5,16.5,No,7.327,5.861,0.529,0.423
5541654,MB,R2J,E,2025-11-01,2025,Single Detached,343.1,One storey,1975,B1;C1;F1,1,2.13,17171.7,17.172,19906.8,5529.7,125032.0,34731.4,5529.8,13837.9,0.0,0.0,0.0,212406525,Air,Central split system,7653.6,T,6.56,3.68,2.1,7.0,15.2,107.0,0.0,0.0,,Central split system,3.41,Condensing furnace,Natural Gas,Wood fireplace,Mixed Wood,Yes,TRANE,4TXD2036A10NU**,"H,TG34930+TD",24000,15800,21200,1.80,8.5,15.2,No,7.034,6.213,0.41,0.362
5542147,MB,R2V,E,2025-09-01,2025,Single Detached,147.5,One storey,1954,B1;B2,1,5.17,15285.3,15.285,35693.7,9915.0,129270.4,35908.7,9915.1,10730.4,0.0,0.0,0.0,213160480,Air,Coils Only,12184.1,T,5.86,2.92,1.95,7.7,16.5,80.0,0.0,0.0,ESTAR,Coils Only,3.2,Induced draft fan furnace,Natural Gas,,,Yes,Dettson,EVD-24-O,MAC24H1718E,25000,21000,20000,1.95,9.5,16.5,Yes,7.327,5.861,0.479,0.383
5542692,MB,R0E,E,2025-10-01,2025,Single Detached,200.2,One storey,2007,B1,1,2.63,9736.1,9.736,32616.4,9060.2,77586.0,21551.8,9060.1,0.0,0.0,0.0,0.0,206249117,Air,Central split system,7000.0,T,10.26,3.0,1.8,7.0,16.0,80.0,0.0,0.0,ESTAR,Central split system,2.93,Electric furnace,Electricity,,,Yes,GREE,GUD36W/A-D(U),GUD36AH2/A-D(U),35000,29000,28000,1.80,9,16,Yes,10.257,8.206,1.054,0.843
5542909,MB,R4A,D,2025-06-01,2025,Single Detached,634.5,One storey,1980,B1;C1;F1,1,2.28,30554.8,30.555,37275.3,10354.3,95676.0,26576.9,10354.2,1794.5,0.0,0.0,0.0,2073353991,Ground,Ground source heat pump,34000.0,F,0.0,5.08,0.0,0.0,0.0,0.0,0.0,0.0,,Conventional A/C,4.747,Baseboard/Hydronic/Plenum(duct) htrs.,Electricity,Fireplace with pilot (sealed),Natural Gas,Yes,,,,,,,,,,,,,,
5544859,MB,R2M,E,2025-08-01,2025,Single Detached,165.4,Split level,1961,B1;B2;P1,1,4.48,15288.4,15.288,8467.2,2352.0,155239.0,43122.3,2352.0,25405.8,0.0,0.0,0.0,216581392,Air,Coils Only,7064.8,T,7.03,3.17,1.75,6.8,15.8,68.0,0.0,0.0,ESTAR,Coils Only,3.42,Induced draft fan furnace,Natural Gas,,,Yes,LENNOX,EL18KSLV-024-230A**,"CK40[C,U]T-24B-**+TDR",24000,19000,20000,1.75,8.5,15.8,Yes,7.034,5.861,0.46,0.383
5544876,MB,R2C,N,2025-06-01,2025,Double/Semi-detached,221.8,Two storeys,2025,B1,1,1.74,7033.6,7.034,13737.3,3815.9,65244.4,18123.6,3815.9,2156.4,0.0,0.0,0.0,211644151,Air,Central split system,10008.4,T,9.96,3.02,1.8,7.0,15.2,75.0,0.0,0.0,,Central split system,2.79,Condensing furnace,Natural Gas,,,Yes,GREE,GUD36W/A-D(U),GCAT36*/NAA,36000,23200,26000,1.80,8.5,15.2,Yes,10.551,7.62,1.5,1.083
5544876,MB,R2C,P,2025-06-01,2025,Double/Semi-detached,221.8,Two storeys,2025,B1,1,2.5,8251.5,8.252,16252.8,4514.7,69743.4,19373.3,4514.8,2791.4,0.0,0.0,0.0,211644151,Air,Central split system,10008.4,T,9.96,3.02,1.8,7.0,15.2,75.0,0.0,0.0,,Central split system,2.79,Condensing furnace,Natural Gas,,,Yes,GREE,GUD36W/A-D(U),GCAT36*/NAA,36000,23200,26000,1.80,8.5,15.2,Yes,10.551,7.62,1.279,0.923
5546258,MB,R0K,N,2025-06-01,2025,Single Detached,272.0,Split entry/Raised base.,2025,B1;P1,1,0.8858,7847.2,7.847,27592.2,7664.6,72403.5,20112.2,7664.5,0.0,0.0,0.0,0.0,211644151,Air,Central split system,10167.5,T,9.96,3.03,1.8,0.0,0.0,70.0,0.0,0.0,,Central split system,2.79,Electric furnace,Electricity,,,Yes,GREE,GUD36W/A-D(U),GCAT36*/NAA,36000,23200,26000,1.80,8.5,15.2,Yes,10.551,7.62,1.344,0.971
5546258,MB,R0K,P,2025-06-01,2025,Single Detached,272.0,Split entry/Raised base.,2025,B1;P1,1,1.5,8565.2,8.565,30101.1,8361.5,74802.3,20778.6,8361.5,0.0,0.0,0.0,0.0,211644151,Air,Central split system,10167.5,T,9.96,3.03,1.8,0.0,0.0,70.0,0.0,0.0,,Central split system,2.79,Electric furnace,Electricity,,,Yes,GREE,GUD36W/A-D(U),GCAT36*/NAA,36000,23200,26000,1.80,8.5,15.2,Yes,10.551,7.62,1.232,0.89
5546971,MB,R3X,N,2025-06-01,2025,Single Detached,352.0,One storey,2025,B1;P1,1,0.7,10859.1,10.859,12804.0,3556.7,84489.7,23469.5,3556.7,7682.6,0.0,0.0,0.0,212976144,Air,Central split system,10023.0,F,0.0,3.826,0.0,0.0,0.0,0.0,6.28,14.5,,Central split system,3.17,Condensing furnace,Natural Gas,Other (describe),Electricity,Yes,KEEPRITE,DLCURAH30ABK,EA*4X30L17A*,34200,23600,28600,1.74,8.1,14.5,No,10.023,8.382,0.923,0.772
5546971,MB,R3X,P,2025-06-01,2025,Single Detached,352.0,One storey,2025,B1;P1,1,3.57,15324.8,15.325,13008.9,3613.6,108645.9,30179.7,3613.6,14451.8,0.0,0.0,0.0,212976144,Air,Central split system,10023.0,F,0.0,3.826,0.0,0.0,0.0,0.0,6.28,14.5,,Central split system,3.17,Condensing furnace,Natural Gas,Other (describe),Electricity,Yes,KEEPRITE,DLCURAH30ABK,EA*4X30L17A*,34200,23600,28600,1.74,8.1,14.5,No,10.023,8.382,0.654,0.547
5547084,MB,R6W,N,2025-06-01,2025,Apartment,1742.8,Three storeys,2025,,16,0.71,29497.7,29.498,68278.0,18966.3,517941.7,143873.8,18966.3,0.0,0.0,0.0,0.0,207764688,Air,Central split system,48054.0,T,5.57,3.37,2.04,7.6,18.0,98.0,0.0,0.0,ESTAR,Central split system,3.26,Electric furnace,Electricity,Baseboard/Hydronic/Plenum(duct) htrs,Electricity,Yes,MOOVAIR,DMA18HOS20230E7,FMA18HIAHUU230X7,19000,13500,16500,2.04,9.3,18,Yes,5.568,4.836,0.189,0.164
5547084,MB,R6W,P,2025-06-01,2025,Apartment,1742.8,Three storeys,2025,,16,1.5,35712.0,35.712,85864.2,23851.4,534228.4,148398.0,23851.3,0.0,0.0,0.0,0.0,207764688,Air,Central split system,48054.0,T,5.57,3.37,2.04,7.6,18.0,98.0,0.0,0.0,ESTAR,Central split system,3.26,Electric furnace,Electricity,Baseboard/Hydronic/Plenum(duct) htrs,Electricity,Yes,MOOVAIR,DMA18HOS20230E7,FMA18HIAHUU230X7,19000,13500,16500,2.04,9.3,18,Yes,5.568,4.836,0.156,0.135
5548283,MB,R6W,N,2025-06-01,2025,Apartment,1239.4,Three storeys,2025,,14,2.3,35732.3,35.732,97828.1,27174.7,465348.5,129264.5,27174.7,0.0,0.0,0.0,0.0,208447885,Air,Central split system,99995.8,T,5.57,3.42,2.0,7.6,18.0,94.0,0.0,0.0,ESTAR,Central split system,3.3,Electric furnace,Electricity,Baseboard/Hydronic/Plenum(duct) htrs,Electricity,Yes,CARRIER,38MURAQ18AB3,40MUAAQ18XA3,19000,13500,16500,2.04,9.3,18,Yes,5.568,4.836,0.156,0.135
5548283,MB,R6W,P,2025-06-01,2025,Apartment,1239.4,Three storeys,2025,,14,2.5,37038.4,37.038,102114.5,28365.4,469414.8,130394.0,28365.5,0.0,0.0,0.0,0.0,208447885,Air,Central split system,99995.8,T,5.57,3.42,2.0,7.6,18.0,94.0,0.0,0.0,ESTAR,Central split system,3.3,Electric furnace,Electricity,Baseboard/Hydronic/Plenum(duct) htrs,Electricity,Yes,CARRIER,38MURAQ18AB3,40MUAAQ18XA3,19000,13500,16500,2.04,9.3,18,Yes,5.568,4.836,0.15,0.131
5548288,MB,R6W,N,2025-06-01,2025,Single Detached,175.8,Two storeys,2025,B1,1,0.75,5706.3,5.706,19464.9,5407.0,62606.1,17390.7,5407.0,0.0,0.0,0.0,0.0,210365432,Air,Central split system,15407.3,T,7.03,3.21,1.91,8.0,17.4,100.0,0.0,0.0,,Central split system,3.21,Electric furnace,Electricity,,,Yes,Dettson,EVD-24-O,EVD-24-I,24000,19200,22600,1.91,10,17.4,Yes,7.034,6.623,1.233,1.161
5548288,MB,R6W,P,2025-06-01,2025,Single Detached,175.8,Two storeys,2025,B1,1,1.5,6301.5,6.302,21498.8,5971.9,64593.6,17942.8,5972.0,0.0,0.0,0.0,0.0,210365432,Air,Central split system,15407.3,T,7.03,3.21,1.91,8.0,17.4,100.0,0.0,0.0,,Central split system,3.21,Electric furnace,Electricity,,,Yes,Dettson,EVD-24-O,EVD-24-I,24000,19200,22600,1.91,10,17.4,Yes,7.034,6.623,1.116,1.051
5548767,MB,R0A,D,2025-07-01,2025,Single Detached,86.7,One storey,2003,,1,4.6,9621.0,9.621,39693.4,11026.0,82311.6,22864.5,11025.9,0.0,0.0,0.0,0.0,213366465,Air,Ductless Mini- or Multi-split system,5744.2,F,0.0,4.321,0.0,0.0,0.0,0.0,7.3,19.0,,Ductless Mini- or Multi-split system,3.711,Electric boiler,Electricity,Wood fireplace,Mixed Wood,Yes,DANBY,DAS180EAQHWDB-O*,DAS180EAQHWDB-I*,19600,12000,11600,1.80,8.5,19,No,5.744,3.4,0.597,0.353
5549122,MB,R0C,N,2025-06-01,2025,Single Detached,383.1,Two storeys,2025,B1,1,0.75,11240.3,11.24,40549.4,11263.8,88976.4,24715.9,11263.7,0.0,0.0,0.0,0.0,208447883,Air,Central split system,23721.2,T,11.72,3.36,1.9,7.8,16.0,88.0,0.0,0.0,ESTAR,Central split system,2.87,Electric furnace,Electricity,Fireplace with spark ignit. (sealed),Propane,Yes,CARRIER,38MURAQ36AB3,40MUAAQ36XA3,40000,30400,34400,1.97,9.5,16,Yes,11.723,10.082,1.043,0.897
5549122,MB,R0C,P,2025-06-01,2025,Single Detached,383.1,Two storeys,2025,B1,1,1.5,12683.4,12.683,45515.6,12643.3,93727.7,26035.7,12643.4,0.0,0.0,0.0,0.0,208447883,Air,Central split system,23721.2,T,11.72,3.36,1.9,7.8,16.0,88.0,0.0,0.0,ESTAR,Central split system,2.87,Electric furnace,Electricity,Fireplace with spark ignit. (sealed),Propane,Yes,CARRIER,38MURAQ36AB3,40MUAAQ36XA3,40000,30400,34400,1.97,9.5,16,Yes,11.723,10.082,0.924,0.795
5549610,MB,R3G,N,2025-07-01,2025,Single Detached,432.3,Two storeys,2025,B1,1,0.6,6958.6,6.959,9987.4,2774.3,59430.0,16508.5,2774.2,0.0,0.0,0.0,0.0,211289260,Air,Central split system,7966.3,T,6.33,4.83,2.63,8.3,21.0,56.0,0.0,0.0,,Central split system,3.88,Electric furnace,Electricity,,,Yes,Mitsubishi Electric,SUZ-KA18NAH2,SVZ-KP18NA*,21600,14000,10900,1.94,10,21,No,6.33,3.194,0.91,0.459
5549610,MB,R3G,P,2025-07-01,2025,Single Detached,432.3,Two storeys,2025,B1,1,1.5,9451.2,9.451,16188.4,4496.8,65018.1,18060.7,4496.7,0.0,0.0,0.0,0.0,211289260,Air,Central split system,7966.3,T,6.33,4.83,2.63,8.3,21.0,56.0,0.0,0.0,,Central split system,3.88,Electric furnace,Electricity,,,Yes,Mitsubishi Electric,SUZ-KA18NAH2,SVZ-KP18NA*,21600,14000,10900,1.94,10,21,No,6.33,3.194,0.67,0.338
5549760,MB,R0C,E,2025-12-01,2025,Single Detached,258.6,One storey,2006,B1;B2,1,0.83,9122.2,9.122,33381.3,9272.7,80354.8,22321.0,9272.6,0.0,0.0,0.0,0.0,208447884,Air,Central split system,17432.7,T,9.67,3.26,1.85,7.0,16.2,80.0,0.0,0.0,,Central split system,2.88,Electric furnace,Electricity,,,Yes,CARRIER,38MURAQ30AB3,40MUAAQ30XA3,33000,21000,24000,1.80,8.9,16.2,Yes,9.671,7.034,1.06,0.771
5550068,MB,R4G,N,2025-07-01,2025,Single Detached,272.4,One storey,2025,B1;P1,1,0.84,7657.3,7.657,24037.5,6677.1,69120.7,19200.3,6677.0,0.0,0.0,0.0,0.0,210998632,Air,Central split system,6916.5,F,0.0,3.598,0.0,0.0,0.0,0.0,5.81,15.2,,Central split system,3.255,Electric furnace,Electricity,Radiant floor panels,Electricity,Yes,KEEPRITE,N4H5S24*K*AAA*,FJMA4*24L*B*,23600,14200,11000,2.06,7.5,15.2,No,6.916,3.224,0.903,0.421
5550068,MB,R4G,P,2025-07-01,2025,Single Detached,272.4,One storey,2025,B1;P1,1,1.0,8007.5,8.008,25614.9,7115.3,70634.1,19620.7,7115.3,0.0,0.0,0.0,0.0,210998632,Air,Central split system,6916.5,F,0.0,3.598,0.0,0.0,0.0,0.0,5.81,15.2,,Central split system,3.255,Electric furnace,Electricity,Radiant floor panels,Electricity,Yes,KEEPRITE,N4H5S24*K*AAA*,FJMA4*24L*B*,23600,14200,11000,2.06,7.5,15.2,No,6.916,3.224,0.864,0.403
5550586,MB,R0H,E,2025-10-01,2025,Single Detached,336.2,One storey,2000,B1,1,1.96,13188.9,13.189,25952.9,7209.2,72794.2,20220.8,7209.2,0.0,0.0,0.0,0.0,215278613,Ground,Ground source heat pump,13422.7,F,0.0,3.4,0.0,0.0,0.0,0.0,0.0,0.0,C448,Conventional A/C,4.45,Electric furnace,Electricity,,,No,,,,,,,,,,,,,,
5551052,MB,R2W,D,2025-07-01,2025,Single Detached,165.8,One storey,1928,B1;B2,1,4.0585,14459.8,14.46,23373.2,6492.6,130971.5,36381.3,6492.6,14083.2,0.0,0.0,0.0,209424849,Air,Ductless Mini- or Multi-split system,7917.9,T,5.6,3.01,1.75,7.0,17.5,61.0,0.0,0.0,,Ductless Mini- or Multi-split system,2.72,Boiler  with continuous pilot,Natural Gas,,,Yes,GREE,GWH18ATDXD-D3DNA1A/O,GWH18ATDXD-D3DN***/I,19100,15300,11800,1.75,8.5,17.5,No,5.598,3.458,0.387,0.239
5551970,MB,R0A,N,2025-07-01,2025,Single Detached,268.4,One storey,2025,,1,0.54,7254.9,7.255,23120.4,6422.4,55103.6,15306.7,6422.3,0.0,0.0,0.0,0.0,206249116,Air,Central split system,14027.6,T,7.03,3.23,1.8,7.0,17.0,91.0,0.0,0.0,ESTAR,Central split system,3.52,Electric furnace,Electricity,Advanced airtight wood stove,Mixed Wood,Yes,GREE,GUD36W/A-D(U),GUD24AH2/A-D(U),24000,20000,22000,1.80,9,17,Yes,7.034,6.448,0.97,0.889
5551970,MB,R0A,P,2025-07-01,2025,Single Detached,268.4,One storey,2025,,1,1.5,8553.0,8.553,27318.4,7588.5,59261.6,16461.7,7588.4,0.0,0.0,0.0,0.0,206249116,Air,Central split system,14027.6,T,7.03,3.23,1.8,7.0,17.0,91.0,0.0,0.0,ESTAR,Central split system,3.52,Electric furnace,Electricity,Advanced airtight wood stove,Mixed Wood,Yes,GREE,GUD36W/A-D(U),GUD24AH2/A-D(U),24000,20000,22000,1.80,9,17,Yes,7.034,6.448,0.822,0.754
5554267,MB,R6W,N,2025-07-01,2025,Apartment,1966.2,Three storeys,2025,,28,0.26,23907.1,23.907,28846.1,8012.9,851749.4,236598.9,8012.8,0.0,0.0,0.0,0.0,207742484,Air,Ductless Mini- or Multi-split system,99995.8,T,2.93,3.2,1.92,0.0,0.0,66.0,0.0,0.0,ESTAR,Ductless Mini- or Multi-split system,2.73,Baseboard/Hydronic/Plenum(duct) htrs.,Electricity,,,Yes,MOOVAIR,DMA09HOS21115S1,DMA09HIW21115S1,10000,6800,6000,1.89,9,21.5,No,2.931,1.758,0.123,0.074
5554267,MB,R6W,P,2025-07-01,2025,Apartment,1966.2,Three storeys,2025,,28,1.5,36894.9,36.895,62850.9,17458.7,880529.3,244593.4,17458.8,0.0,0.0,0.0,0.0,207742484,Air,Ductless Mini- or Multi-split system,99995.8,T,2.93,3.2,1.92,0.0,0.0,66.0,0.0,0.0,ESTAR,Ductless Mini- or Multi-split system,2.73,Baseboard/Hydronic/Plenum(duct) htrs.,Electricity,,,Yes,MOOVAIR,DMA09HOS21115S1,DMA09HIW21115S1,10000,6800,6000,1.89,9,21.5,No,2.931,1.758,0.079,0.048
5555989,MB,R0E,N,2025-07-01,2025,Single Detached,229.8,One storey,2025,B1,1,0.34,6193.1,6.193,22164.2,6156.8,64710.3,17975.2,6156.7,0.0,0.0,0.0,0.0,211624974,Air,Coils Only,18617.6,T,10.26,3.0,1.8,7.0,16.0,80.0,0.0,0.0,ESTAR,Coils Only,2.93,Electric furnace,Electricity,,,Yes,NAPOLEON,WSEHV2436RA1-N,NPFX24A36A,35000,29000,28000,1.80,9,16,Yes,10.257,8.206,1.656,1.325
5555989,MB,R0E,P,2025-07-01,2025,Single Detached,229.8,One storey,2025,B1,1,1.5,7376.4,7.376,25988.2,7219.0,68420.8,19005.9,7218.9,0.0,0.0,0.0,0.0,211624974,Air,Coils Only,18617.6,T,10.26,3.0,1.8,7.0,16.0,80.0,0.0,0.0,ESTAR,Coils Only,2.93,Electric furnace,Electricity,,,Yes,NAPOLEON,WSEHV2436RA1-N,NPFX24A36A,35000,29000,28000,1.80,9,16,Yes,10.257,8.206,1.391,1.112
5556021,MB,R2K,N,2025-07-01,2025,Single Detached,46.9,One storey,2025,,1,1.02,2604.3,2.604,5098.9,1416.4,48461.8,13461.7,1416.4,0.0,0.0,0.0,0.0,204627020,Air,Compact Ducted Mini- or Multi-split system,9541.2,T,4.4,3.77,2.2,0.0,0.0,100.0,0.0,0.0,,Compact Ducted Mini- or Multi-split system,3.82,Electric furnace,Electricity,,,Yes,Mitsubishi Electric,SUZ-KA12NAHZ,SEZ-KD12NA4,15000,9000,,,10.2,19,No,4.396,,1.688,
5556021,MB,R2K,P,2025-07-01,2025,Single Detached,46.9,One storey,2025,,1,1.5,2631.4,2.631,5164.2,1434.5,48524.0,13479.0,1434.5,0.0,0.0,0.0,0.0,204627020,Air,Compact Ducted Mini- or Multi-split system,9541.2,T,4.4,3.77,2.2,0.0,0.0,100.0,0.0,0.0,,Compact Ducted Mini- or Multi-split system,3.82,Electric furnace,Electricity,,,Yes,Mitsubishi Electric,SUZ-KA12NAHZ,SEZ-KD12NA4,15000,9000,,,10.2,19,No,4.396,,1.671,
5557517,MB,R7C,N,2025-07-01,2025,Apartment,1721.6,Three storeys,2025,B1;P1,17,0.73,29995.7,29.996,84131.7,23370.1,560219.6,155617.8,23370.2,0.0,0.0,0.0,0.0,208447824,Air,Ductless Mini- or Multi-split system,90670.3,T,3.52,3.04,1.81,6.9,21.4,67.0,0.0,0.0,,Ductless Mini- or Multi-split system,2.56,Baseboard/Hydronic/Plenum(duct) htrs.,Electricity,,,Yes,CARRIER,38MHRCQ12AA3,40MHHAQ12XA3,12000,7000,8000,1.79,9.2,21.4,No,3.517,2.345,0.117,0.078
5557517,MB,R7C,P,2025-07-01,2025,Apartment,1721.6,Three storeys,2025,B1;P1,17,1.5,37283.9,37.284,109588.4,30441.5,583656.3,162128.0,30441.4,0.0,0.0,0.0,0.0,208447824,Air,Ductless Mini- or Multi-split system,90670.3,T,3.52,3.04,1.81,6.9,21.4,67.0,0.0,0.0,,Ductless Mini- or Multi-split system,2.56,Baseboard/Hydronic/Plenum(duct) htrs.,Electricity,,,Yes,CARRIER,38MHRCQ12AA3,40MHHAQ12XA3,12000,7000,8000,1.79,9.2,21.4,No,3.517,2.345,0.094,0.063
5557534,MB,R5G,N,2025-07-01,2025,Apartment Row,1451.6,Three storeys,2025,,12,0.52,24067.1,24.067,53921.9,14978.4,410473.4,114021.3,14978.5,0.0,0.0,0.0,0.0,216445278,Air,Ductless Mini- or Multi-split system,85225.1,T,3.52,3.55,2.0,0.0,0.0,91.0,0.0,0.0,,Ductless Mini- or Multi-split system,3.21,Baseboard/Hydronic/Plenum(duct) htrs.,Electricity,Forced air furnace,Electricity,Yes,Innovair,QOS12H2BM0A,QHW12H2UZRA,12000,10800,11000,2.00,10,23,Yes,3.517,3.224,0.146,0.134
5557534,MB,R5G,P,2025-07-01,2025,Apartment Row,1451.6,Three storeys,2025,,12,2.5,42618.7,42.619,105201.5,29222.9,458125.3,127258.0,29223.0,0.0,0.0,0.0,0.0,216445278,Air,Ductless Mini- or Multi-split system,85225.1,T,3.52,3.55,2.0,0.0,0.0,91.0,0.0,0.0,,Ductless Mini- or Multi-split system,3.21,Baseboard/Hydronic/Plenum(duct) htrs.,Electricity,Forced air furnace,Electricity,Yes,Innovair,QOS12H2BM0A,QHW12H2UZRA,12000,10800,11000,2.00,10,23,Yes,3.517,3.224,0.083,0.076
5557591,MB,R3M,D,2025-07-01,2025,Single Detached,151.9,One and a half,1945,B1,1,4.32,12949.3,12.949,18767.8,5213.3,96646.7,26846.5,5213.4,8750.3,0.0,0.0,0.0,4397407,Air,Ductless Mini- or Multi-split system,10546.2,T,7.03,3.03,1.75,6.5,17.25,66.0,0.0,0.0,,Ductless Mini- or Multi-split system,2.8,Condensing furnace,Natural Gas,Advanced airtight wood stove,Mixed Wood,Yes,FUJITSU,AOU24RLXFZ,,24000,14100,12600,1.87,8.6,17.25,No,7.034,3.693,0.543,0.285
5560089,MB,R0G,D,2025-08-01,2025,Single Detached,336.5,One storey,1979,B1,1,1.22,14056.9,14.057,75055.9,20849.0,129531.7,35981.3,20849.1,0.0,0.0,0.0,0.0,204711106,Air,Ductless Mini- or Multi-split system,7033.7,F,0.0,4.239,0.0,0.0,0.0,0.0,0.0,0.0,ESTAR,Ductless Mini- or Multi-split system,4.073,Electric boiler,Electricity,Fireplace with spark ignit. (sealed),Propane,Yes,CARRIER,38MGRQ24C--3,,24000,17200,,,9.2,23,No,7.034,,0.5,
5560242,MB,R0G,N,2025-08-01,2025,Attached Duplex,222.2,One storey,2025,B1,2,1.0686,4591.9,4.592,9573.2,2659.2,63425.5,17618.3,2659.2,0.0,0.0,0.0,0.0,211264978,Air,Central split system,11125.6,T,5.48,3.95,2.4,8.25,17.0,105.0,0.0,0.0,,Central split system,3.51,Electric furnace,Electricity,,,Yes,KEEPRITE,DLCURAH18ABK,"FM(C,U)4Z18**AL*",18700,12500,19800,2.40,9,17,No,5.48,5.803,1.193,1.264
5560242,MB,R0G,P,2025-08-01,2025,Attached Duplex,222.2,One storey,2025,B1,2,1.5,4827.0,4.827,10056.2,2793.4,63885.5,17746.1,2793.4,0.0,0.0,0.0,0.0,211264978,Air,Central split system,11125.6,T,5.48,3.95,2.4,8.25,17.0,105.0,0.0,0.0,,Central split system,3.51,Electric furnace,Electricity,,,Yes,KEEPRITE,DLCURAH18ABK,"FM(C,U)4Z18**AL*",18700,12500,19800,2.40,9,17,No,5.48,5.803,1.135,1.202
5560244,MB,R0G,N,2025-08-01,2025,Attached Duplex,222.2,One storey,2025,B1,2,0.9711,4481.8,4.482,9277.7,2577.2,63158.4,17544.1,2577.2,0.0,0.0,0.0,0.0,211264978,Air,Central split system,11125.6,T,5.48,3.95,2.4,8.25,17.0,105.0,0.0,0.0,,Central split system,3.51,Electric furnace,Electricity,,,Yes,KEEPRITE,DLCURAH18ABK,"FM(C,U)4Z18**AL*",18700,12500,19800,2.40,9,17,No,5.48,5.803,1.223,1.295
5560244,MB,R0G,P,2025-08-01,2025,Attached Duplex,222.2,One storey,2025,B1,2,1.5,4800.1,4.8,10039.8,2788.9,63881.0,17744.9,2788.9,0.0,0.0,0.0,0.0,211264978,Air,Central split system,11125.6,T,5.48,3.95,2.4,8.25,17.0,105.0,0.0,0.0,,Central split system,3.51,Electric furnace,Electricity,,,Yes,KEEPRITE,DLCURAH18ABK,"FM(C,U)4Z18**AL*",18700,12500,19800,2.40,9,17,No,5.48,5.803,1.142,1.209
5560382,MB,R3G,E,2025-08-01,2025,Single Detached,209.5,Two storeys,1927,B1;C1;F1,1,3.3105,15094.9,15.095,22591.0,6275.3,132244.6,36734.9,6275.3,14719.6,0.0,0.0,0.0,208786091,Air,Ductless Mini- or Multi-split system,8946.9,T,8.79,3.39,1.84,8.0,21.0,76.0,0.0,0.0,ESTAR,Ductless Mini- or Multi-split system,2.97,Boiler  with continuous pilot,Natural Gas,,,Yes,GREE,GWHD(30)ND3MO,,30000,27200,22800,1.84,10,21,Yes,8.792,6.682,0.582,0.443
5560904,MB,R2G,E,2025-11-01,2025,Single Detached,200.8,One storey,1964,B1;B2,1,2.9348,10403.5,10.404,24401.0,6778.1,81141.4,22539.5,6778.1,3452.8,0.0,0.0,0.0,212386846,Air,Coils Only,12184.1,T,7.33,2.92,1.95,7.7,16.5,80.0,0.0,0.0,,Coils Only,3.2,Condensing furnace,Natural Gas,,,Yes,ATK,ACI-AUO24SHP-M,ACI-BCO24CP17,25000,21000,20000,1.95,9.5,16.5,No,7.327,5.861,0.704,0.563
5562220,MB,R0E,N,2025-08-01,2025,Attached Triplex,366.0,Two storeys,2025,B1;P1,3,1.1661,7133.7,7.134,16057.1,4460.3,95805.4,26612.8,4460.3,0.0,0.0,0.0,0.0,211264978,Air,Central split system,16650.8,T,5.48,3.98,2.4,8.25,17.0,105.0,0.0,0.0,,Central split system,3.51,Electric furnace,Electricity,,,Yes,KEEPRITE,DLCURAH18ABK,"FM(C,U)4Z18**AL*",18700,12500,19800,2.40,9,17,No,5.48,5.803,0.768,0.813
5562220,MB,R0E,P,2025-08-01,2025,Attached Triplex,366.0,Two storeys,2025,B1;P1,3,2.5,10246.4,10.246,24779.0,6883.1,104104.5,28918.1,6883.1,0.0,0.0,0.0,0.0,211264978,Air,Central split system,16650.8,T,5.48,3.98,2.4,8.25,17.0,105.0,0.0,0.0,,Central split system,3.51,Electric furnace,Electricity,,,Yes,KEEPRITE,DLCURAH18ABK,"FM(C,U)4Z18**AL*",18700,12500,19800,2.40,9,17,No,5.48,5.803,0.535,0.566
5562222,MB,R0E,N,2025-08-01,2025,Attached Triplex,404.6,Two storeys,2025,B1;P1,3,1.1159,6985.6,6.986,13472.2,3742.3,93407.5,25946.7,3742.3,0.0,0.0,0.0,0.0,211264978,Air,Central split system,16650.8,T,5.48,3.98,2.4,8.25,17.0,105.0,0.0,0.0,,Central split system,3.51,Electric furnace,Electricity,,,Yes,KEEPRITE,DLCURAH18ABK,"FM(C,U)4Z18**AL*",18700,12500,19800,2.40,9,17,No,5.48,5.803,0.785,0.831
5562222,MB,R0E,P,2025-08-01,2025,Attached Triplex,404.6,Two storeys,2025,B1;P1,3,2.5,10460.9,10.461,22733.6,6314.9,102140.0,28372.4,6315.1,0.0,0.0,0.0,0.0,211264978,Air,Central split system,16650.8,T,5.48,3.98,2.4,8.25,17.0,105.0,0.0,0.0,,Central split system,3.51,Electric furnace,Electricity,,,Yes,KEEPRITE,DLCURAH18ABK,"FM(C,U)4Z18**AL*",18700,12500,19800,2.40,9,17,No,5.48,5.803,0.524,0.555
5562223,MB,R0E,N,2025-08-01,2025,Attached Triplex,404.6,Two storeys,2025,B1;P1,3,1.0097,6733.6,6.734,12878.8,3577.5,92848.5,25791.5,3577.5,0.0,0.0,0.0,0.0,211264978,Air,Central split system,16650.8,T,5.48,3.98,2.4,8.25,17.0,105.0,0.0,0.0,,Central split system,3.51,Electric furnace,Electricity,,,Yes,KEEPRITE,DLCURAH18ABK,"FM(C,U)4Z18**AL*",18700,12500,19800,2.40,9,17,No,5.48,5.803,0.814,0.862
5562223,MB,R0E,P,2025-08-01,2025,Attached Triplex,404.6,Two storeys,2025,B1;P1,3,2.5,10460.9,10.461,22733.6,6314.9,102140.0,28372.4,6315.1,0.0,0.0,0.0,0.0,211264978,Air,Central split system,16650.8,T,5.48,3.98,2.4,8.25,17.0,105.0,0.0,0.0,,Central split system,3.51,Electric furnace,Electricity,,,Yes,KEEPRITE,DLCURAH18ABK,"FM(C,U)4Z18**AL*",18700,12500,19800,2.40,9,17,No,5.48,5.803,0.524,0.555
5562226,MB,R0E,N,2025-08-01,2025,Attached Triplex,366.0,Two storeys,2025,B1;P1,3,0.9022,6849.2,6.849,15424.5,4284.6,95184.9,26440.5,4284.5,0.0,0.0,0.0,0.0,211264978,Air,Central split system,16650.8,T,5.48,3.98,2.4,8.25,17.0,105.0,0.0,0.0,,Central split system,3.51,Electric furnace,Electricity,,,Yes,KEEPRITE,DLCURAH18ABK,"FM(C,U)4Z18**AL*",18700,12500,19800,2.40,9,17,No,5.48,5.803,0.8,0.847
5562226,MB,R0E,P,2025-08-01,2025,Attached Triplex,366.0,Two storeys,2025,B1;P1,3,2.5,10246.4,10.246,24779.0,6883.1,104104.5,28918.1,6883.1,0.0,0.0,0.0,0.0,211264978,Air,Central split system,16650.8,T,5.48,3.98,2.4,8.25,17.0,105.0,0.0,0.0,,Central split system,3.51,Electric furnace,Electricity,,,Yes,KEEPRITE,DLCURAH18ABK,"FM(C,U)4Z18**AL*",18700,12500,19800,2.40,9,17,No,5.48,5.803,0.535,0.566
5566729,MB,R0C,N,2025-08-01,2025,Single Detached,364.6,Two storeys,2025,C1;F1,1,0.86,12134.9,12.135,24231.6,6731.1,86965.3,24157.2,6731.2,4088.6,0.0,0.0,0.0,213153601,Air,Central split system,14437.3,T,6.56,3.34,1.86,7.0,15.2,98.0,0.0,0.0,,Central split system,3.41,Condensing furnace,Natural Gas,Advanced airtight wood stove,Mixed Wood,Yes,NAPOLEON,WSEHV2436RA1-N,HG34936+TD,24000,14000,21200,1.80,8.5,15.2,No,7.034,6.213,0.58,0.512
5566729,MB,R0C,P,2025-08-01,2025,Single Detached,364.6,Two storeys,2025,C1;F1,1,1.0,12487.4,12.487,24779.0,6883.1,88251.0,24514.4,6883.1,4313.4,0.0,0.0,0.0,213153601,Air,Central split system,14437.3,T,6.56,3.34,1.86,7.0,15.2,98.0,0.0,0.0,,Central split system,3.41,Condensing furnace,Natural Gas,Advanced airtight wood stove,Mixed Wood,Yes,NAPOLEON,WSEHV2436RA1-N,HG34936+TD,24000,14000,21200,1.80,8.5,15.2,No,7.034,6.213,0.563,0.498
5567660,MB,R5G,N,2025-08-01,2025,Apartment,1515.5,Three storeys,2025,,15,0.83,28420.4,28.42,51732.5,14370.3,470523.0,130701.9,14370.4,0.0,0.0,0.0,0.0,212365505,Air,Ductless Mini- or Multi-split system,63303.4,F,0.0,3.976,0.0,0.0,0.0,0.0,6.59,17.0,,Ductless Mini- or Multi-split system,3.471,Baseboard/Hydronic/Plenum(duct) htrs.,Electricity,,,Yes,Ameristar,M4TVS1712A11NA,M4MVW1712A1N0A,12200,6900,,,8.5,17,No,3.575,,0.126,
5567660,MB,R5G,P,2025-08-01,2025,Apartment,1515.5,Three storeys,2025,,15,1.5,32651.3,32.651,66222.7,18395.3,484384.3,134552.3,18395.4,0.0,0.0,0.0,0.0,212365505,Air,Ductless Mini- or Multi-split system,52752.8,F,0.0,3.976,0.0,0.0,0.0,0.0,6.59,17.0,,Ductless Mini- or Multi-split system,3.471,Baseboard/Hydronic/Plenum(duct) htrs.,Electricity,,,Yes,Ameristar,M4TVS1712A11NA,M4MVW1712A1N0A,12200,6900,,,8.5,17,No,3.575,,0.11,
5567663,MB,R5G,N,2025-08-01,2025,Apartment,1515.5,Three storeys,2025,,15,0.65,26793.3,26.793,47664.8,13240.3,466848.7,129681.2,13240.4,0.0,0.0,0.0,0.0,212365505,Air,Ductless Mini- or Multi-split system,63303.4,F,0.0,3.976,0.0,0.0,0.0,0.0,6.59,17.0,,Ductless Mini- or Multi-split system,3.471,Baseboard/Hydronic/Plenum(duct) htrs.,Electricity,,,Yes,Ameristar,M4TVS1712A11NA,M4MVW1712A1N0A,12200,6900,,,8.5,17,No,3.575,,0.133,
5567663,MB,R5G,P,2025-08-01,2025,Apartment,1515.5,Three storeys,2025,,15,1.5,32352.7,32.353,64655.8,17960.1,482973.6,134160.4,17960.1,0.0,0.0,0.0,0.0,212365505,Air,Ductless Mini- or Multi-split system,52752.8,F,0.0,3.976,0.0,0.0,0.0,0.0,6.59,17.0,,Ductless Mini- or Multi-split system,3.471,Baseboard/Hydronic/Plenum(duct) htrs.,Electricity,,,Yes,Ameristar,M4TVS1712A11NA,M4MVW1712A1N0A,12200,6900,,,8.5,17,No,3.575,,0.111,
5567920,MB,R0A,N,2025-08-01,2025,"Row house, end unit",198.0,Two storeys,2025,B1;P1,1,0.5,5129.4,5.129,7468.1,2074.5,57501.1,15972.7,2074.5,1681.7,0.0,0.0,0.0,215218660,Air,Central split system,6799.2,F,0.0,3.598,0.0,0.0,0.0,0.0,5.81,14.5,,Central split system,3.17,Condensing furnace,Natural Gas,,,Yes,GOODMAN,GLZS4BA2410A*,CA*TA2422*3A*,22000,13000,11000,1.80,7.5,14.5,No,6.448,3.224,1.257,0.628
5567920,MB,R0A,P,2025-08-01,2025,"Row house, end unit",198.0,Two storeys,2025,B1;P1,1,1.0,5716.5,5.716,7682.2,2134.0,59737.1,16593.8,2133.9,2257.5,0.0,0.0,0.0,215218660,Air,Central split system,6799.2,F,0.0,3.598,0.0,0.0,0.0,0.0,5.81,14.5,,Central split system,3.17,Condensing furnace,Natural Gas,,,Yes,GOODMAN,GLZS4BA2410A*,CA*TA2422*3A*,22000,13000,11000,1.80,7.5,14.5,No,6.448,3.224,1.128,0.564
5567928,MB,R0A,N,2025-08-01,2025,"Row house, middle unit",200.7,One storey,2025,B1;P1,1,0.74,4086.5,4.086,5329.0,1480.3,52407.1,14557.6,1480.3,739.2,0.0,0.0,0.0,215218660,Air,Central split system,6799.2,F,0.0,3.598,0.0,0.0,0.0,0.0,5.81,14.5,,Central split system,3.17,Condensing furnace,Natural Gas,,,Yes,GOODMAN,GLZS4BA2410A*,CA*TA2422*3A*,22000,13000,11000,1.80,7.5,14.5,No,6.448,3.224,1.578,0.789
5567928,MB,R0A,P,2025-08-01,2025,"Row house, middle unit",200.7,One storey,2025,B1;P1,1,1.0,4331.8,4.332,5522.1,1533.9,53138.8,14760.9,1533.9,898.9,0.0,0.0,0.0,215218660,Air,Central split system,6799.2,F,0.0,3.598,0.0,0.0,0.0,0.0,5.81,14.5,,Central split system,3.17,Condensing furnace,Natural Gas,,,Yes,GOODMAN,GLZS4BA2410A*,CA*TA2422*3A*,22000,13000,11000,1.80,7.5,14.5,No,6.448,3.224,1.488,0.744
5567935,MB,R0A,N,2025-08-01,2025,"Row house, middle unit",200.7,One storey,2025,B1;P1,1,0.58,3814.5,3.814,5043.1,1400.9,51523.0,14312.1,1400.8,565.0,0.0,0.0,0.0,215218660,Air,Central split system,6799.2,F,0.0,3.598,0.0,0.0,0.0,0.0,5.81,14.5,,Central split system,3.17,Condensing furnace,Natural Gas,,,Yes,GOODMAN,GLZS4BA2410A*,CA*TA2422*3A*,22000,13000,11000,1.80,7.5,14.5,No,6.448,3.224,1.69,0.845
5567935,MB,R0A,P,2025-08-01,2025,"Row house, middle unit",200.7,One storey,2025,B1;P1,1,1.0,4377.1,4.377,5589.4,1552.6,53196.6,14777.0,1552.5,905.0,0.0,0.0,0.0,215218660,Air,Central split system,6799.2,F,0.0,3.598,0.0,0.0,0.0,0.0,5.81,14.5,,Central split system,3.17,Condensing furnace,Natural Gas,,,Yes,GOODMAN,GLZS4BA2410A*,CA*TA2422*3A*,22000,13000,11000,1.80,7.5,14.5,No,6.448,3.224,1.473,0.737
5567946,MB,R0A,N,2025-08-01,2025,"Row house, end unit",200.7,Two storeys,2025,B1;P1,1,0.52,5180.1,5.18,7584.1,2106.7,57630.5,16008.6,2106.7,1695.3,0.0,0.0,0.0,215218660,Air,Central split system,6799.2,F,0.0,3.598,0.0,0.0,0.0,0.0,5.81,14.5,,Central split system,3.17,Condensing furnace,Natural Gas,,,Yes,GOODMAN,GLZS4BA2410A*,CA*TA2422*3A*,22000,13000,11000,1.80,7.5,14.5,No,6.448,3.224,1.245,0.622
5567946,MB,R0A,P,2025-08-01,2025,"Row house, end unit",200.7,Two storeys,2025,B1;P1,1,1.0,5767.7,5.768,7803.6,2167.7,59887.7,16635.6,2167.8,2275.0,0.0,0.0,0.0,215218660,Air,Central split system,6799.2,F,0.0,3.598,0.0,0.0,0.0,0.0,5.81,14.5,,Central split system,3.17,Condensing furnace,Natural Gas,,,Yes,GOODMAN,GLZS4BA2410A*,CA*TA2422*3A*,22000,13000,11000,1.80,7.5,14.5,No,6.448,3.224,1.118,0.559
5568219,MB,R6W,N,2025-08-01,2025,Single Detached,212.5,One storey,2025,C1;F1,1,0.6078,6713.1,6.713,18022.5,5006.3,65286.9,18135.4,5006.4,0.0,0.0,0.0,0.0,210365432,Air,Central split system,15407.3,T,7.03,3.21,1.91,8.0,17.4,100.0,0.0,0.0,ESTAR,Central split system,3.23,Electric furnace,Electricity,,,Yes,Dettson,EVD-24-O,EVD-24-I,24000,19200,22600,1.91,10,17.4,Yes,7.034,6.623,1.048,0.987
5568219,MB,R6W,P,2025-08-01,2025,Single Detached,212.5,One storey,2025,C1;F1,1,1.5,7152.6,7.153,19424.7,5395.8,66590.3,18497.5,5395.9,0.0,0.0,0.0,0.0,210365433,Air,Central split system,15407.3,T,7.03,3.21,1.91,8.0,17.4,100.0,0.0,0.0,ESTAR,Central split system,3.23,Electric furnace,Electricity,,,Yes,Dettson,EVD-30-O,EVD-30-I,33000,21000,24000,1.80,8.9,16.2,Yes,9.671,7.034,1.352,0.983
5569163,MB,R0E,N,2025-08-01,2025,Attached Triplex,407.4,Two storeys,2025,B1;P1,3,0.8421,8823.0,8.823,19086.4,5301.8,100383.0,27884.4,5301.7,0.0,0.0,0.0,0.0,211264978,Air,Central split system,16650.8,T,5.48,3.98,2.4,8.25,17.0,105.0,0.0,0.0,,Central split system,3.51,Electric furnace,Electricity,,,Yes,KEEPRITE,DLCURAH18ABK,"FM(C,U)4Z18**AL*",18700,12500,19800,2.40,9,17,No,5.48,5.803,0.621,0.658
5569163,MB,R0E,P,2025-08-01,2025,Attached Triplex,407.4,Two storeys,2025,B1;P1,3,1.5,10077.4,10.077,22229.8,6175.0,103366.2,28713.1,6175.0,0.0,0.0,0.0,0.0,211264978,Air,Central split system,16650.8,T,5.48,3.98,2.4,8.25,17.0,105.0,0.0,0.0,,Central split system,3.51,Electric furnace,Electricity,,,Yes,KEEPRITE,DLCURAH18ABK,"FM(C,U)4Z18**AL*",18700,12500,19800,2.40,9,17,No,5.48,5.803,0.544,0.576
5569165,MB,R0E,N,2025-08-01,2025,Attached Triplex,407.4,Two storeys,2025,B1;P1,3,1.0121,7028.4,7.028,12897.6,3582.7,93990.7,26108.7,3582.8,0.0,0.0,0.0,0.0,211264978,Air,Central split system,16650.8,T,5.48,3.98,2.4,8.25,17.0,105.0,0.0,0.0,,Central split system,3.51,Electric furnace,Electricity,,,Yes,KEEPRITE,DLCURAH18ABK,"FM(C,U)4Z18**AL*",18700,12500,19800,2.40,9,17,No,5.48,5.803,0.78,0.826
5569165,MB,R0E,P,2025-08-01,2025,Attached Triplex,407.4,Two storeys,2025,B1;P1,3,1.5,8114.5,8.114,15666.5,4351.8,96579.6,26827.9,4352.0,0.0,0.0,0.0,0.0,211264978,Air,Central split system,16650.8,T,5.48,3.98,2.4,8.25,17.0,105.0,0.0,0.0,,Central split system,3.51,Electric furnace,Electricity,,,Yes,KEEPRITE,DLCURAH18ABK,"FM(C,U)4Z18**AL*",18700,12500,19800,2.40,9,17,No,5.48,5.803,0.675,0.715
5569168,MB,R0E,N,2025-08-01,2025,Attached Triplex,407.4,Two storeys,2025,B1;P1,3,0.8377,8490.8,8.491,18344.0,5095.6,99485.8,27635.2,5095.6,0.0,0.0,0.0,0.0,211264978,Air,Central split system,16650.8,T,5.48,3.98,2.4,8.25,17.0,105.0,0.0,0.0,,Central split system,3.51,Electric furnace,Electricity,,,Yes,KEEPRITE,DLCURAH18ABK,"FM(C,U)4Z18**AL*",18700,12500,19800,2.40,9,17,No,5.48,5.803,0.645,0.683
5569168,MB,R0E,P,2025-08-01,2025,Attached Triplex,407.4,Two storeys,2025,B1;P1,3,1.5,10062.6,10.063,22453.9,6237.2,103380.6,28717.1,6237.3,0.0,0.0,0.0,0.0,211264978,Air,Central split system,16650.8,T,5.48,3.98,2.4,8.25,17.0,105.0,0.0,0.0,,Central split system,3.51,Electric furnace,Electricity,,,Yes,KEEPRITE,DLCURAH18ABK,"FM(C,U)4Z18**AL*",18700,12500,19800,2.40,9,17,No,5.48,5.803,0.545,0.577
5569974,MB,R7C,N,2025-08-01,2025,Apartment,1710.3,Three storeys,2025,B1;P1,17,0.82,28356.0,28.356,82821.9,23006.3,555994.2,154444.1,23006.3,0.0,0.0,0.0,0.0,208447824,Air,Ductless Mini- or Multi-split system,90670.3,T,3.52,3.04,1.81,6.9,21.4,67.0,0.0,0.0,,Ductless Mini- or Multi-split system,2.56,Baseboard/Hydronic/Plenum(duct) htrs.,Electricity,,,Yes,CARRIER,38MHRCQ12AA3,40MHHAQ12XA3,12000,7000,8000,1.79,9.2,21.4,No,3.517,2.345,0.124,0.083
5569974,MB,R7C,P,2025-08-01,2025,Apartment,1710.3,Three storeys,2025,B1;P1,17,1.5,34346.8,34.347,102743.6,28540.1,574265.7,159519.5,28540.2,0.0,0.0,0.0,0.0,208447824,Air,Ductless Mini- or Multi-split system,90670.3,T,3.52,3.04,1.81,6.9,21.4,67.0,0.0,0.0,,Ductless Mini- or Multi-split system,2.56,Baseboard/Hydronic/Plenum(duct) htrs.,Electricity,,,Yes,CARRIER,38MHRCQ12AA3,40MHHAQ12XA3,12000,7000,8000,1.79,9.2,21.4,No,3.517,2.345,0.102,0.068
5570204,MB,R3Y,N,2025-09-01,2025,Single Detached,315.0,Two storeys,2025,B1,1,0.87,9775.3,9.775,20625.3,5729.3,76684.1,21301.3,5729.2,3611.1,0.0,0.0,0.0,213077331,Air,Central split system,11501.0,T,11.43,3.28,1.82,7.2,15.2,90.0,0.0,0.0,,Central split system,2.95,Condensing furnace,Natural Gas,Other (describe),Electricity,Yes,CARRIER,38MURAQ36AB3*,CAP**3617AL*,39000,29600,35400,1.82,8.1,15.2,No,11.43,10.375,1.169,1.061
5570204,MB,R3Y,P,2025-09-01,2025,Single Detached,315.0,Two storeys,2025,B1,1,1.0,9822.4,9.822,20592.8,5720.3,76727.0,21313.2,5720.3,3629.8,0.0,0.0,0.0,213077331,Air,Central split system,11501.0,T,11.43,3.28,1.82,7.2,15.2,90.0,0.0,0.0,,Central split system,2.95,Condensing furnace,Natural Gas,Other (describe),Electricity,Yes,CARRIER,38MURAQ36AB3*,CAP**3617AL*,39000,29600,35400,1.82,8.1,15.2,No,11.43,10.375,1.164,1.056
5570207,MB,R2V,N,2025-09-01,2025,Single Detached,381.0,Two storeys,2025,B1,1,0.66,10513.9,10.514,19310.3,5364.0,82577.7,22938.4,5363.9,5496.4,0.0,0.0,0.0,217299683,Air,Central split system,14653.5,F,0.0,3.676,0.0,0.0,0.0,0.0,5.97,14.5,,Central split system,3.17,Condensing furnace,Natural Gas,Fireplace with spark ignit. (sealed),Natural Gas,Yes,,,,,,,,,,,,,,
5570207,MB,R2V,P,2025-09-01,2025,Single Detached,381.0,Two storeys,2025,B1,1,1.0,11117.8,11.118,19489.9,5413.9,85427.8,23730.1,5413.9,6250.3,0.0,0.0,0.0,217299683,Air,Central split system,14653.5,F,0.0,3.676,0.0,0.0,0.0,0.0,5.97,14.5,,Central split system,3.17,Condensing furnace,Natural Gas,Fireplace with spark ignit. (sealed),Natural Gas,Yes,,,,,,,,,,,,,,
5570213,MB,R2V,N,2025-09-01,2025,Single Detached,315.0,Two storeys,2025,B1,1,0.76,9186.2,9.186,13351.6,3708.8,77661.3,21572.8,3708.9,6106.2,0.0,0.0,0.0,213885880,Air,Central split system,10550.6,F,0.0,3.865,0.0,0.0,0.0,0.0,6.36,15.2,,Central split system,3.255,Condensing furnace,Natural Gas,Other (describe),Electricity,Yes,,,,,,,,,,,,,,
5570213,MB,R2V,P,2025-09-01,2025,Single Detached,315.0,Two storeys,2025,B1,1,1.0,9505.5,9.506,13427.2,3729.8,79185.4,21996.1,3729.8,6512.8,0.0,0.0,0.0,213885880,Air,Central split system,10550.6,F,0.0,3.865,0.0,0.0,0.0,0.0,6.36,15.2,,Central split system,3.255,Condensing furnace,Natural Gas,Other (describe),Electricity,Yes,,,,,,,,,,,,,,
435541,MB,R3L,D,2025-09-01,2025,Single Detached,219.6,One storey,1916,B1;C1;F1,1,6.44,20130.3,20.13,43275.7,12021.1,85219.1,23672.2,12021.2,0.0,0.0,0.0,0.0,4219424,Ground,Ground source heat pump,7971.5,F,0.0,3.6,0.0,0.0,0.0,0.0,0.0,0.0,C448,Conventional A/C,4.776,Electric furnace,Electricity,Advanced airtight wood stove,Mixed Wood,No,,,,,,,,,,,,,,
5571074,MB,R3W,D,2025-09-01,2025,Single Detached,232.8,One storey,2023,B1,1,1.6089,9414.7,9.415,19524.1,5423.4,78163.9,21712.4,5423.4,3642.0,0.0,0.0,0.0,212361366,Air,Coils Only,10008.3,T,9.96,3.02,1.8,7.0,15.2,75.0,0.0,0.0,,Coils Only,2.79,Condensing furnace,Natural Gas,,,Yes,TOSOT,TU36-24WADU,TCAT36F/NAA,36000,23200,26000,1.80,8.5,15.2,No,10.551,7.62,1.121,0.809
5571623,MB,R6W,N,2025-08-01,2025,Apartment,1909.5,Three storeys,2025,,28,0.28,23322.6,23.323,29859.1,8294.3,829882.1,230524.6,8294.2,0.0,0.0,0.0,0.0,207742484,Air,Ductless Mini- or Multi-split system,99913.2,T,2.93,3.32,1.92,0.0,0.0,66.0,0.0,0.0,,Ductless Mini- or Multi-split system,3.08,Baseboard/Hydronic/Plenum(duct) htrs.,Electricity,,,Yes,MOOVAIR,DMA09HOS21115S1,DMA09HIW21115S1,10000,6800,6000,1.89,9,21.5,No,2.931,1.758,0.126,0.075
5571623,MB,R6W,P,2025-08-01,2025,Apartment,1909.5,Three storeys,2025,,28,1.5,37471.1,37.471,66791.5,18553.3,862220.0,239507.5,18553.2,0.0,0.0,0.0,0.0,207742484,Air,Ductless Mini- or Multi-split system,99913.2,T,2.93,3.32,1.92,0.0,0.0,66.0,0.0,0.0,,Ductless Mini- or Multi-split system,3.08,Baseboard/Hydronic/Plenum(duct) htrs.,Electricity,,,Yes,MOOVAIR,DMA09HOS21115S1,DMA09HIW21115S1,10000,6800,6000,1.89,9,21.5,No,2.931,1.758,0.078,0.047
5573512,MB,R2E,D,2025-09-01,2025,Single Detached,455.6,One storey,2008,B1;B2,1,1.0,24133.7,24.134,44050.1,12236.2,174009.0,48336.2,12236.2,21933.2,0.0,0.0,0.0,211497147,Air,Central split system,15164.1,T,9.96,2.97,1.76,6.0,15.5,55.0,0.0,0.0,,Central split system,2.93,Condensing furnace,Natural Gas,Fireplace with pilot (sealed),Natural Gas,Yes,KINGHOME,KD36UHO,KD36UHI,34000,28400,18700,1.76,7.7,15.5,No,9.964,5.48,0.413,0.227
5575647,MB,R4G,N,2025-09-01,2025,Single Detached,427.8,One storey,2025,B1;B2,1,0.3807,9461.0,9.461,22700.6,6305.8,80669.0,22408.2,6305.9,3878.4,0.0,0.0,0.0,213369669,Air,Central split system,10302.9,T,6.56,3.23,1.8,6.95,15.2,125.0,0.0,0.0,,Central split system,2.93,Condensing furnace,Natural Gas,Radiant floor panels,Electricity,Yes,KINGHOME,KU36UHO,*E33936+TD,,14000,21200,1.78,8.4,15.2,No,,6.213,,0.657
5575647,MB,R4G,P,2025-09-01,2025,Single Detached,427.8,One storey,2025,B1;B2,1,1.0,10628.0,10.628,23777.0,6604.8,85392.2,23720.2,6604.8,4914.2,0.0,0.0,0.0,213369669,Air,Central split system,10302.9,T,6.56,3.23,1.8,6.95,15.2,125.0,0.0,0.0,,Central split system,2.93,Condensing furnace,Natural Gas,Radiant floor panels,Electricity,Yes,KINGHOME,KU36UHO,*E33936+TD,,14000,21200,1.78,8.4,15.2,No,,6.213,,0.585
5576248,MB,R0A,D,2025-09-01,2025,Single Detached,144.6,One storey,2017,,1,1.06,6587.6,6.588,17972.6,4992.4,62459.1,17349.9,4992.5,0.0,0.0,0.0,0.0,205092297,Air,Ductless Mini- or Multi-split system,6447.6,F,0.0,4.398,0.0,0.0,0.0,0.0,7.46,0.0,ESTAR,Ductless Mini- or Multi-split system,3.728,Baseboard/Hydronic/Plenum(duct) htrs.,Electricity,Fan heater units,Electricity,Yes,KOOLKING,MOCA30-18HFN1-MTOW,CCA3U-18HRFN1-M(C),12000,12000,,,9.8,20,No,3.517,,0.534,
5576699,MB,R5M,D,2025-09-01,2025,Single Detached,305.5,One storey,1994,B1,1,2.19,13987.3,13.987,49495.9,13749.0,95950.0,26653.0,13749.0,0.0,0.0,0.0,0.0,207461338,Air,Central split system,23513.4,T,14.07,3.17,1.86,6.8,23.4,70.0,0.0,0.0,ESTAR,Central split system,3.08,Electric furnace,Electricity,,,Yes,COLEMAN,,,,,,,,,,,,,
5579107,MB,R5G,N,2025-08-01,2025,Detached Duplex,267.2,One storey,2025,B1;P1,2,2.379,10807.8,10.808,29981.7,8328.3,94640.5,26289.2,8328.4,3072.8,0.0,0.0,0.0,211644151,Air,Central split system,16181.9,T,9.96,3.17,1.8,0.0,0.0,70.0,0.0,0.0,,Central split system,2.81,Condensing furnace,Natural Gas,Baseboard/Hydronic/Plenum(duct) htrs,Electricity,Yes,GREE,GUD36W/A-D(U),GCAT36*/NAA,36000,23200,26000,1.80,8.5,15.2,Yes,10.551,7.62,0.976,0.705
5579107,MB,R5G,P,2025-08-01,2025,Detached Duplex,267.2,One storey,2025,B1;P1,2,2.5,10763.8,10.764,29745.8,8262.8,94336.1,26204.7,8262.8,3051.4,0.0,0.0,0.0,211644151,Air,Central split system,16181.9,T,9.96,3.17,1.8,0.0,0.0,70.0,0.0,0.0,,Central split system,2.81,Condensing furnace,Natural Gas,Baseboard/Hydronic/Plenum(duct) htrs,Electricity,Yes,GREE,GUD36W/A-D(U),GCAT36*/NAA,36000,23200,26000,1.80,8.5,15.2,Yes,10.551,7.62,0.98,0.708
5579880,MB,R0E,N,2025-09-01,2025,Attached Triplex,407.4,Two storeys,2025,B1;P1,3,0.796,8562.2,8.562,18994.3,5276.2,100210.7,27836.5,5276.2,0.0,0.0,0.0,0.0,211264978,Air,Central split system,16650.8,T,5.48,3.98,2.4,8.25,17.0,105.0,0.0,0.0,,Central split system,3.51,Electric furnace,Electricity,,,Yes,KEEPRITE,DLCURAH18ABK,"FM(C,U)4Z18**AL*",18700,12500,19800,2.40,9,17,No,5.48,5.803,0.64,0.678
5579880,MB,R0E,P,2025-09-01,2025,Attached Triplex,407.4,Two storeys,2025,B1;P1,3,1.5,9992.6,9.993,22655.6,6293.3,103693.4,28804.0,6293.4,0.0,0.0,0.0,0.0,211264978,Air,Central split system,16650.8,T,5.48,3.98,2.4,8.25,17.0,105.0,0.0,0.0,,Central split system,3.51,Electric furnace,Electricity,,,Yes,KEEPRITE,DLCURAH18ABK,"FM(C,U)4Z18**AL*",18700,12500,19800,2.40,9,17,No,5.48,5.803,0.548,0.581
5579881,MB,R0E,N,2025-09-01,2025,Attached Triplex,407.4,Two storeys,2025,B1;P1,3,1.1391,7252.4,7.252,15121.7,4200.5,95810.7,26614.3,4200.6,0.0,0.0,0.0,0.0,211264978,Air,Central split system,16650.7,T,5.48,3.98,2.4,8.25,17.0,105.0,0.0,0.0,,Central split system,3.51,Electric furnace,Electricity,,,Yes,KEEPRITE,DLCURAH18ABK,"FM(C,U)4Z18**AL*",18700,12500,19800,2.40,9,17,No,5.48,5.803,0.756,0.8
5579881,MB,R0E,P,2025-09-01,2025,Attached Triplex,407.4,Two storeys,2025,B1;P1,3,1.5,8084.3,8.084,17288.9,4802.5,97848.1,27180.2,4802.5,0.0,0.0,0.0,0.0,211264978,Air,Central split system,16650.7,T,5.48,3.98,2.4,8.25,17.0,105.0,0.0,0.0,,Central split system,3.51,Electric furnace,Electricity,,,Yes,KEEPRITE,DLCURAH18ABK,"FM(C,U)4Z18**AL*",18700,12500,19800,2.40,9,17,No,5.48,5.803,0.678,0.718
5579882,MB,R0E,N,2025-09-01,2025,Attached Triplex,407.4,Two storeys,2025,B1;P1,3,0.752,8507.9,8.508,18922.8,5256.4,100049.3,27791.7,5256.4,0.0,0.0,0.0,0.0,211264978,Air,Central split system,16650.8,T,5.48,3.98,2.4,8.25,17.0,105.0,0.0,0.0,,Central split system,3.51,Electric furnace,Electricity,,,Yes,KEEPRITE,DLCURAH18ABK,"FM(C,U)4Z18**AL*",18700,12500,19800,2.40,9,17,No,5.48,5.803,0.644,0.682
5579882,MB,R0E,P,2025-09-01,2025,Attached Triplex,407.4,Two storeys,2025,B1;P1,3,1.5,10017.2,10.017,22780.8,6328.1,103723.5,28812.3,6328.1,0.0,0.0,0.0,0.0,211264978,Air,Central split system,16650.8,T,5.48,3.98,2.4,8.25,17.0,105.0,0.0,0.0,,Central split system,3.51,Electric furnace,Electricity,,,Yes,KEEPRITE,DLCURAH18ABK,"FM(C,U)4Z18**AL*",18700,12500,19800,2.40,9,17,No,5.48,5.803,0.547,0.579
5580418,MB,R0J,N,2025-09-01,2025,Single Detached,231.7,One storey,2025,,1,0.66,6566.9,6.567,20334.0,5648.4,63527.8,17646.8,5648.4,0.0,0.0,0.0,0.0,207642882,Air,Ductless Mini- or Multi-split system,11548.8,T,8.79,3.61,1.9,7.8,26.0,98.0,0.0,0.0,ESTAR,Ductless Mini- or Multi-split system,3.67,Electric boiler,Electricity,Fireplace with spark ignit. (sealed),Propane,Yes,CARRIER,38MGHBQ30DA3,,30000,29000,25200,1.80,9.8,26,Yes,8.792,7.385,1.339,1.125
5580418,MB,R0J,P,2025-09-01,2025,Single Detached,231.7,One storey,2025,,1,1.5,7384.1,7.384,22778.3,6327.4,65917.5,18310.6,6327.3,0.0,0.0,0.0,0.0,207642882,Air,Ductless Mini- or Multi-split system,11548.8,T,8.79,3.61,1.9,7.8,26.0,98.0,0.0,0.0,ESTAR,Ductless Mini- or Multi-split system,3.67,Electric boiler,Electricity,Fireplace with spark ignit. (sealed),Propane,Yes,CARRIER,38MGHBQ30DA3,,30000,29000,25200,1.80,9.8,26,Yes,8.792,7.385,1.191,1.0
5580541,MB,R0C,D,2025-09-01,2025,Single Detached,131.1,One and a half,1951,C1;F1,1,5.44,15549.7,15.55,68587.5,19052.2,115634.6,32121.0,19052.1,0.0,0.0,0.0,0.0,204014492,Air,Central split system,5275.3,F,0.0,3.826,0.0,0.0,0.0,0.0,6.28,18.7,,Central split system,3.675,Baseboard/Hydronic/Plenum(duct) htrs.,Electricity,,,Yes,LENNOX,MHA018S4S-1P,MWHA018S4-1P,18000,11000,,,8.1,18.7,No,5.275,,0.339,
5580567,MB,R5G,N,2025-09-01,2025,Apartment Row,1848.0,Three storeys,2025,,21,0.52,28286.3,28.286,55447.8,15402.3,648380.6,180107.2,15402.3,0.0,0.0,0.0,0.0,216445278,Air,Ductless Mini- or Multi-split system,99995.8,T,3.52,3.55,2.0,9.0,0.0,91.0,0.0,0.0,,Ductless Mini- or Multi-split system,3.21,Baseboard/Hydronic/Plenum(duct) htrs.,Electricity,Forced air furnace,Electricity,Yes,Innovair,QOS12H2BM0A,QHW12H2UZRA,12000,10800,11000,2.00,10,23,Yes,3.517,3.224,0.124,0.114
5580567,MB,R5G,P,2025-09-01,2025,Apartment Row,1848.0,Three storeys,2025,,21,2.5,47630.8,47.631,104499.4,29027.8,693259.2,192573.5,29027.7,0.0,0.0,0.0,0.0,216445278,Air,Ductless Mini- or Multi-split system,99995.7,T,3.52,3.55,2.0,9.0,0.0,91.0,0.0,0.0,,Ductless Mini- or Multi-split system,3.21,Baseboard/Hydronic/Plenum(duct) htrs.,Electricity,Forced air furnace,Electricity,Yes,Innovair,QOS12H2BM0A,QHW12H2UZRA,12000,10800,11000,2.00,10,23,Yes,3.517,3.224,0.074,0.068
5580854,MB,R0A,N,2025-09-01,2025,Single Detached,281.6,Two storeys,2025,B1,1,0.79,8844.9,8.845,10592.4,2942.4,78531.3,21814.4,2942.2,6047.5,0.0,0.0,0.0,215218837,Air,Central split system,8088.8,F,0.0,3.598,0.0,0.0,0.0,0.0,5.81,14.3,,Central split system,3.146,Condensing furnace,Natural Gas,Other (describe),Electricity,Yes,GOODMAN,GLZS4BA3010A*,CA*TA3626*3A*,27600,17000,14400,2.00,7.5,14.3,No,8.089,4.22,0.915,0.477
5580854,MB,R0A,P,2025-09-01,2025,Single Detached,281.6,Two storeys,2025,B1,1,1.5,9436.9,9.437,10719.1,2977.6,81262.8,22573.2,2977.5,6792.8,0.0,0.0,0.0,215218837,Air,Central split system,8088.8,F,0.0,3.598,0.0,0.0,0.0,0.0,5.81,14.3,,Central split system,3.146,Condensing furnace,Natural Gas,Other (describe),Electricity,Yes,GOODMAN,GLZS4BA3010A*,CA*TA3626*3A*,27600,17000,14400,2.00,7.5,14.3,No,8.089,4.22,0.857,0.447
5580953,MB,R0C,N,2025-09-01,2025,Single Detached,362.1,One storey,2025,B1,1,0.66,8604.0,8.604,29774.2,8270.7,76570.3,21269.7,8270.6,0.0,0.0,0.0,0.0,214771863,Air,Central split system,10550.6,F,0.0,3.938,0.0,0.0,0.0,0.0,0.0,15.0,,Central split system,3.231,Electric furnace,Electricity,Advanced airtight wood stove,Mixed Wood,Yes,,,,,,,,,,,,,,
5580953,MB,R0C,P,2023-06-01,2023,Single Detached,362.1,One storey,2025,B1,1,1.5,10086.1,10.086,38193.5,10609.4,84673.3,23520.5,10609.5,0.0,0.0,0.0,0.0,214771863,Air,Central split system,10550.6,F,0.0,3.938,0.0,0.0,0.0,0.0,0.0,15.0,,Central split system,3.231,Electric furnace,Electricity,Advanced airtight wood stove,Mixed Wood,Yes,,,,,,,,,,,,,,
5581079,MB,R6W,N,2025-09-01,2025,Single Detached,175.1,Two storeys,2025,B1,1,0.71,5716.6,5.717,19647.5,5457.7,62315.4,17310.0,5457.5,0.0,0.0,0.0,0.0,210365432,Air,Central split system,15407.3,T,7.03,3.21,1.91,8.0,17.4,100.0,0.0,0.0,,Central split system,3.21,Electric furnace,Electricity,,,Yes,Dettson,EVD-24-O,EVD-24-I,24000,19200,22600,1.91,10,17.4,Yes,7.034,6.623,1.23,1.159
5581079,MB,R6W,P,2025-09-01,2025,Single Detached,175.1,Two storeys,2025,B1,1,1.5,6272.4,6.272,21511.1,5975.4,64148.3,17819.1,5975.3,0.0,0.0,0.0,0.0,210365432,Air,Central split system,15407.3,T,7.03,3.21,1.91,8.0,17.4,100.0,0.0,0.0,,Central split system,3.21,Electric furnace,Electricity,,,Yes,Dettson,EVD-24-O,EVD-24-I,24000,19200,22600,1.91,10,17.4,Yes,7.034,6.623,1.121,1.056
5581461,MB,R1N,N,2025-09-01,2025,Double/Semi-detached,183.6,One storey,2025,C1;F1,1,0.51,5243.1,5.243,10892.6,3025.7,58816.1,16337.9,3025.9,0.0,0.0,0.0,0.0,206414273,Air,Central split system,18605.0,T,10.26,2.98,1.8,7.0,16.0,80.0,0.0,0.0,ESTAR,Central split system,2.93,Electric furnace,Electricity,,,Yes,TOSOT,TU36-24WADU,TUD36-24AH2ADU,35000,29000,28000,1.80,9,16,Yes,10.257,8.206,1.956,1.565
5581461,MB,R1N,P,2025-09-01,2025,Double/Semi-detached,183.6,One storey,2025,C1;F1,1,1.5,5854.6,5.855,13106.7,3640.8,60828.4,16896.9,3640.9,0.0,0.0,0.0,0.0,206414273,Air,Central split system,18605.0,T,10.26,2.98,1.8,7.0,16.0,80.0,0.0,0.0,ESTAR,Central split system,2.93,Electric furnace,Electricity,,,Yes,TOSOT,TU36-24WADU,TUD36-24AH2ADU,35000,29000,28000,1.80,9,16,Yes,10.257,8.206,1.752,1.402
5581462,MB,R1N,N,2025-09-01,2025,Double/Semi-detached,183.6,One storey,2025,C1;F1,1,0.46,5238.1,5.238,9847.9,2735.5,58163.7,16156.7,2735.6,0.0,0.0,0.0,0.0,206414273,Air,Central split system,18605.0,T,10.26,2.98,1.8,7.0,16.0,80.0,0.0,0.0,ESTAR,Central split system,2.93,Electric furnace,Electricity,,,Yes,TOSOT,TU36-24WADU,TUD36-24AH2ADU,35000,29000,28000,1.80,9,16,Yes,10.257,8.206,1.958,1.567
5581462,MB,R1N,P,2025-09-01,2025,Double/Semi-detached,183.6,One storey,2025,C1;F1,1,1.5,5854.6,5.855,12052.9,3348.1,60167.4,16713.3,3348.1,0.0,0.0,0.0,0.0,206414273,Air,Central split system,18605.0,T,10.26,2.98,1.8,7.0,16.0,80.0,0.0,0.0,ESTAR,Central split system,2.93,Electric furnace,Electricity,,,Yes,TOSOT,TU36-24WADU,TUD36-24AH2ADU,35000,29000,28000,1.80,9,16,Yes,10.257,8.206,1.752,1.402
5581987,MB,R0E,N,2025-10-01,2025,Single Detached,120.0,One storey,2025,,1,0.72,4994.3,4.994,13639.8,3788.9,57105.5,15862.8,3788.9,0.0,0.0,0.0,0.0,215213872,Air,Central split system,8323.2,F,0.0,3.714,0.0,0.0,0.0,0.0,6.05,14.5,,Central split system,3.17,Electric furnace,Electricity,Advanced airtight wood stove,Mixed Wood,Yes,GOODMAN,GLZS4BA3010A*,AMST30BU1300A*,28400,17600,14400,2.00,7.8,14.5,No,8.323,4.22,1.667,0.845
5581987,MB,R0E,P,2025-10-01,2025,Single Detached,120.0,One storey,2025,,1,1.0,5072.1,5.072,13855.4,3848.8,57318.4,15921.9,3848.6,0.0,0.0,0.0,0.0,215213872,Air,Central split system,8323.2,F,0.0,3.714,0.0,0.0,0.0,0.0,6.05,14.5,,Central split system,3.17,Electric furnace,Electricity,Advanced airtight wood stove,Mixed Wood,Yes,GOODMAN,GLZS4BA3010A*,AMST30BU1300A*,28400,17600,14400,2.00,7.8,14.5,No,8.323,4.22,1.641,0.832
5582068,MB,R3G,N,2025-09-01,2025,Detached Duplex,729.9,One storey,2025,B1,2,0.42,10739.3,10.739,35505.9,9862.8,86287.5,23968.9,9862.9,0.0,0.0,0.0,0.0,211259279,Air,Central split system,39819.0,T,11.72,3.2,2.0,8.2,18.2,95.0,0.0,0.0,,Central split system,2.93,Electric furnace,Electricity,,,Yes,Mitsubishi Electric,PUZ-HA36NKA,PVA-A36AA*,40000,24600,38000,2.00,10,18.2,Yes,11.723,11.137,1.092,1.037
5582068,MB,R3G,P,2025-09-01,2025,Detached Duplex,729.9,One storey,2025,B1,2,1.5,15141.2,15.141,52938.3,14705.2,102896.5,28582.6,14705.1,0.0,0.0,0.0,0.0,211259279,Air,Central split system,39819.0,T,11.72,3.2,2.0,8.2,18.2,95.0,0.0,0.0,,Central split system,2.93,Electric furnace,Electricity,,,Yes,Mitsubishi Electric,PUZ-HA36NKA,PVA-A36AA*,40000,24600,38000,2.00,10,18.2,Yes,11.723,11.137,0.774,0.736
5583374,MB,R0E,D,2025-10-01,2025,Single Detached,176.1,One storey,1990,C1;F1,1,4.62,15147.1,15.147,53560.1,14877.9,102354.8,28432.1,14877.9,0.0,0.0,0.0,0.0,1234567890,Air,Ductless Mini- or Multi-split system,4278.8,F,0.0,4.438,0.0,0.0,0.0,0.0,0.0,0.0,,Ductless Mini- or Multi-split system,3.84,Baseboard/Hydronic/Plenum(duct) htrs.,Electricity,Wood fireplace,Mixed Wood,Yes,,,,,,,,,,,,,,
5584850,MB,R3M,N,2025-10-01,2025,Detached Duplex,357.7,Two storeys,2025,B1,2,0.8595,9625.5,9.626,36706.4,10196.3,92881.3,25800.6,10196.2,0.0,0.0,0.0,0.0,210998888,Air,Central split system,10491.9,F,0.0,3.69,0.0,0.0,0.0,0.0,6.0,15.06,,Central split system,3.238,Electric furnace,Electricity,,,Yes,KEEPRITE,N4H5S48*K*AAA*,FJMA4*48L*C*,46500,29000,22000,2.16,7.5,14.3,No,13.628,6.448,1.416,0.67
5584850,MB,R3M,P,2025-10-01,2025,Detached Duplex,357.7,Two storeys,2025,B1,2,1.5,10644.0,10.644,41984.4,11662.4,98074.1,27243.0,11662.3,0.0,0.0,0.0,0.0,210998888,Air,Central split system,10491.9,F,0.0,3.69,0.0,0.0,0.0,0.0,6.0,15.06,,Central split system,3.238,Electric furnace,Electricity,,,Yes,KEEPRITE,N4H5S48*K*AAA*,FJMA4*48L*C*,46500,29000,22000,2.16,7.5,14.3,No,13.628,6.448,1.28,0.606
5584971,MB,R3J,E,2025-12-01,2025,Single Detached,169.3,One and a half,1926,B1;B2,1,8.1,18375.5,18.376,30577.3,8493.8,114003.6,31667.9,8493.7,10645.4,0.0,0.0,0.0,212386846,Air,Central split system,13065.1,T,7.33,3.35,1.95,7.7,16.5,80.0,0.0,0.0,,Central split system,3.2,Condensing furnace,Natural Gas,,,Yes,ATK,ACI-AUO24SHP-M,ACI-BCO24CP17,25000,21000,20000,1.95,9.5,16.5,No,7.327,5.861,0.399,0.319
5585145,MB,R0H,N,2025-10-01,2025,Double/Semi-detached,754.6,Two storeys,2025,C1;F1,1,0.41,13978.7,13.979,17033.0,4731.4,66282.9,18412.1,4731.4,0.0,0.0,0.0,0.0,207312176,Ground,Ground source heat pump,13862.3,F,0.0,3.8,0.0,0.0,0.0,0.0,0.0,0.0,C448,Conventional A/C,5.66,Electric furnace,Electricity,,,No,,,,,,,,,,,,,,
5585145,MB,R0H,P,2025-10-01,2025,Double/Semi-detached,754.6,Two storeys,2025,C1;F1,1,1.0,15817.3,15.817,19676.6,5465.8,68673.4,19076.1,5465.9,0.0,0.0,0.0,0.0,207312176,Ground,Ground source heat pump,13862.3,F,0.0,3.8,0.0,0.0,0.0,0.0,0.0,0.0,C448,Conventional A/C,5.66,Electric furnace,Electricity,,,No,,,,,,,,,,,,,,
5585482,MB,R3N,D,2025-10-01,2025,Single Detached,165.3,One storey,1925,B1,1,4.43,15386.8,15.387,27330.8,7591.9,120393.5,33442.9,7592.0,12385.4,0.0,0.0,0.0,207643075,Air,Central split system,9254.8,T,7.03,3.73,1.95,7.3,21.3,89.0,0.0,0.0,ESTAR,Central split system,3.66,Heater w/ Induced draft fan,Natural Gas,,,Yes,KEEPRITE,DLCMHBH24CAK,,24000,21600,18000,1.90,9.7,21.3,Yes,7.034,5.275,0.457,0.343
5585925,MB,R0H,N,2025-10-01,2025,Double/Semi-detached,754.6,Two storeys,2025,C1;F1,1,0.41,13802.0,13.802,16685.0,4634.8,65981.8,18328.4,4634.8,0.0,0.0,0.0,0.0,207312176,Ground,Ground source heat pump,13862.3,F,0.0,3.8,0.0,0.0,0.0,0.0,0.0,0.0,C448,Conventional A/C,5.66,Electric furnace,Electricity,,,No,,,,,,,,,,,,,,
5585925,MB,R0H,P,2025-10-01,2025,Double/Semi-detached,754.6,Two storeys,2025,C1;F1,1,1.0,15817.3,15.817,19676.6,5465.8,68673.4,19076.1,5465.9,0.0,0.0,0.0,0.0,207312176,Ground,Ground source heat pump,13862.3,F,0.0,3.8,0.0,0.0,0.0,0.0,0.0,0.0,C448,Conventional A/C,5.66,Electric furnace,Electricity,,,No,,,,,,,,,,,,,,
5588067,MB,R0G,P,2025-10-01,2025,"Row house, middle unit",178.3,Two storeys,2025,B1,1,3.0,6209.5,6.21,21147.5,5874.4,53655.1,14904.3,5874.2,0.0,0.0,0.0,0.0,215471326,Air,Central split system,13808.0,T,7.62,3.25,1.87,7.7,0.0,83.0,0.0,0.0,,Central split system,2.86,Electric furnace,Electricity,,,Yes,MIDEA,MO1BE-H24B-2A,MAUHE-H24B-2A,26000,20800,21600,1.87,9.7,18.1,Yes,7.62,6.33,1.227,1.019
5588072,MB,R0G,P,2025-10-01,2025,"Row house, end unit",175.6,Two storeys,2025,B1,1,2.65,6767.7,6.768,24905.9,6918.4,57174.9,15882.0,6918.4,0.0,0.0,0.0,0.0,215471326,Air,Central split system,13808.0,T,7.62,3.25,1.87,7.7,0.0,83.0,0.0,0.0,,Central split system,2.86,Electric furnace,Electricity,,,Yes,MIDEA,MO1BE-H24B-2A,MAUHE-H24B-2A,26000,20800,21600,1.87,9.7,18.1,Yes,7.62,6.33,1.126,0.935
5588064,MB,R0G,P,2025-10-01,2025,"Row house, end unit",175.6,Two storeys,2025,B1,1,3.0,7459.9,7.46,27603.3,7667.6,59779.4,16605.5,7667.6,0.0,0.0,0.0,0.0,215471326,Air,Central split system,13808.0,T,7.62,3.25,1.87,7.7,0.0,83.0,0.0,0.0,,Central split system,2.86,Electric furnace,Electricity,,,Yes,MIDEA,MO1BE-H24B-2A,MAUHE-H24B-2A,26000,20800,21600,1.87,9.7,18.1,Yes,7.62,6.33,1.021,0.849
5588065,MB,R0G,P,2025-10-01,2025,"Row house, middle unit",178.3,Two storeys,2025,B1,1,3.0,6209.5,6.21,21145.5,5873.8,53653.4,14903.8,5873.7,0.0,0.0,0.0,0.0,215471326,Air,Central split system,13808.0,T,7.62,3.25,1.87,7.7,0.0,83.0,0.0,0.0,,Central split system,2.86,Electric furnace,Electricity,,,Yes,MIDEA,MO1BE-H24B-2A,MAUHE-H24B-2A,26000,20800,21600,1.87,9.7,18.1,Yes,7.62,6.33,1.227,1.019
5586965,MB,R1C,N,2025-10-01,2025,Single Detached,304.9,One storey,2025,B1,1,0.46,7132.7,7.133,26476.5,7354.6,69953.6,19431.7,7354.8,0.0,0.0,0.0,0.0,215429796,Air,Central split system,18588.9,T,13.33,3.47,2.0,6.8,17.0,61.0,0.0,0.0,,Central split system,2.64,Electric furnace,Electricity,Wood fireplace insert,Mixed Wood,Yes,GOODMAN,GZV6SA4810A*,AHVE48DP1300A*,45500,29800,28000,2.00,8.2,17,No,13.335,8.206,1.87,1.15
5586965,MB,R1C,P,2025-10-01,2025,Single Detached,304.9,One storey,2025,B1,1,1.0,7987.6,7.988,29257.0,8127.0,72675.7,20187.9,8127.0,0.0,0.0,0.0,0.0,215429796,Air,Central split system,18588.9,T,13.33,3.47,2.0,6.8,17.0,61.0,0.0,0.0,,Central split system,2.64,Electric furnace,Electricity,Wood fireplace insert,Mixed Wood,Yes,GOODMAN,GZV6SA4810A*,AHVE48DP1300A*,45500,29800,28000,2.00,8.2,17,No,13.335,8.206,1.669,1.027
5587310,MB,R6W,N,2025-10-01,2025,Single Detached,201.4,One storey,2025,B1;P1,1,0.51,5417.2,5.417,16363.8,4545.5,59075.0,16409.9,4545.6,0.0,0.0,0.0,0.0,213607655,Air,Central split system,7695.5,T,7.62,3.66,1.84,7.5,17.0,85.0,0.0,0.0,,Central split system,3.2,Electric furnace,Electricity,,,Yes,KEEPRITE,DLCURAH24ABK,FTMA4X24L0B*,26000,19300,22200,1.84,9.5,17,No,7.62,6.506,1.407,1.201
5587310,MB,R6W,P,2025-10-01,2025,Single Detached,201.4,One storey,2025,B1;P1,1,1.5,6039.6,6.04,18226.8,5063.0,60870.3,16908.6,5063.1,0.0,0.0,0.0,0.0,213607655,Air,Central split system,7695.5,T,7.62,3.66,1.84,7.5,17.0,85.0,0.0,0.0,,Central split system,3.2,Electric furnace,Electricity,,,Yes,KEEPRITE,DLCURAH24ABK,FTMA4X24L0B*,26000,19300,22200,1.84,9.5,17,No,7.62,6.506,1.262,1.077
5587891,MB,R3X,N,2025-09-01,2025,Single Detached,359.9,Two storeys,2025,B1,1,0.61,7451.7,7.452,24358.6,6766.3,54874.9,15243.1,6766.4,0.0,0.0,0.0,0.0,212384858,Air,Central split system,11501.0,T,11.43,3.25,1.8,7.1,16.5,89.0,0.0,0.0,,Central split system,3.11,Electric furnace,Electricity,Other (describe),Electricity,Yes,KEEPRITE,DLCURAH36ABK,FVM4X36***L,39000,29400,35000,1.80,8,16.5,No,11.43,10.257,1.534,1.377
5587891,MB,R3X,P,2025-09-01,2025,Single Detached,359.9,Two storeys,2025,B1,1,1.5,9142.4,9.142,30327.4,8424.3,60608.8,16835.9,8424.2,0.0,0.0,0.0,0.0,212384858,Air,Central split system,11501.0,T,11.43,3.25,1.8,7.1,16.5,89.0,0.0,0.0,,Central split system,3.11,Electric furnace,Electricity,Other (describe),Electricity,Yes,KEEPRITE,DLCURAH36ABK,FVM4X36***L,39000,29400,35000,1.80,8,16.5,No,11.43,10.257,1.25,1.122
5588219,MB,R0H,N,2025-10-01,2025,Double/Semi-detached,931.7,Two storeys,2025,C1;F1,1,0.42,16556.9,16.557,21782.2,6050.7,72484.0,20134.6,6050.6,0.0,0.0,0.0,0.0,207312174,Ground,Ground source heat pump,16236.1,F,0.0,3.7,0.0,0.0,0.0,0.0,0.0,0.0,C448,Conventional A/C,5.33,Electric furnace,Electricity,,,No,,,,,,,,,,,,,,
5588219,MB,R0H,P,2025-10-01,2025,Double/Semi-detached,931.7,Two storeys,2025,C1;F1,1,1.0,18979.5,18.98,25480.9,7078.1,75822.9,21062.1,7078.1,0.0,0.0,0.0,0.0,207312174,Ground,Ground source heat pump,16236.1,F,0.0,3.7,0.0,0.0,0.0,0.0,0.0,0.0,C448,Conventional A/C,5.33,Electric furnace,Electricity,,,No,,,,,,,,,,,,,,
5588220,MB,R0H,N,2025-10-01,2025,Double/Semi-detached,754.6,Two storeys,2025,C1;F1,1,0.42,13816.8,13.817,16698.1,4638.4,65994.7,18332.0,4638.4,0.0,0.0,0.0,0.0,207312176,Ground,Ground source heat pump,13862.3,F,0.0,3.8,0.0,0.0,0.0,0.0,0.0,0.0,C448,Conventional A/C,5.66,Electric furnace,Electricity,,,No,,,,,,,,,,,,,,
5588220,MB,R0H,P,2025-10-01,2025,Double/Semi-detached,754.6,Two storeys,2025,C1;F1,1,1.0,15817.3,15.817,19676.6,5465.8,68673.4,19076.1,5465.9,0.0,0.0,0.0,0.0,207312176,Ground,Ground source heat pump,13862.3,F,0.0,3.8,0.0,0.0,0.0,0.0,0.0,0.0,C448,Conventional A/C,5.66,Electric furnace,Electricity,,,No,,,,,,,,,,,,,,
5589364,MB,R3T,N,2025-10-01,2025,Single Detached,654.1,Two storeys,2025,B1,1,0.83,20408.2,20.408,32655.0,9070.9,78917.4,21921.7,9070.9,0.0,0.0,0.0,0.0,207312173,Ground,Ground source heat pump,25878.2,F,0.0,3.49,0.0,0.0,0.0,0.0,0.0,0.0,,Conventional A/C,5.13,Electric furnace,Electricity,Advanced airtight wood stove,Mixed Wood,No,,,,,,,,,,,,,,
5589364,MB,R3T,P,2025-10-01,2025,Single Detached,654.1,Two storeys,2025,B1,1,1.5,22673.6,22.674,37275.9,10354.5,89970.6,24992.0,10354.5,1794.5,0.0,0.0,0.0,207312173,Ground,Ground source heat pump,25878.1,F,0.0,3.49,0.0,0.0,0.0,0.0,0.0,0.0,,Conventional A/C,5.13,Electric furnace,Electricity,Advanced airtight wood stove,Mixed Wood,No,,,,,,,,,,,,,,
5590167,MB,R7A,N,2025-11-01,2025,Apartment,345.1,Two storeys,2025,B1;P1,4,2.12,10293.4,10.293,33024.5,9173.5,137329.6,38147.4,9173.7,0.0,0.0,0.0,0.0,207683231,Air,Ductless Mini- or Multi-split system,28669.7,T,5.28,3.81,2.35,7.9,24.0,71.0,0.0,0.0,,Ductless Mini- or Multi-split system,3.47,Baseboard/Hydronic/Plenum(duct) htrs.,Electricity,,,Yes,NAPOLEON,NDHAS22-18-O,NDHAS22-18-I,18000,14100,12800,2.44,10.5,24,Yes,5.275,3.751,0.512,0.364
5590167,MB,R7A,P,2025-11-01,2025,Apartment,345.1,Two storeys,2025,B1;P1,4,2.5,11044.3,11.044,35352.5,9820.2,139545.1,38762.8,9820.1,0.0,0.0,0.0,0.0,207683231,Air,Ductless Mini- or Multi-split system,28669.7,T,5.28,3.81,2.35,7.9,24.0,71.0,0.0,0.0,,Ductless Mini- or Multi-split system,3.47,Baseboard/Hydronic/Plenum(duct) htrs.,Electricity,,,Yes,NAPOLEON,NDHAS22-18-O,NDHAS22-18-I,18000,14100,12800,2.44,10.5,24,Yes,5.275,3.751,0.478,0.34
5590347,MB,R0H,N,2025-10-01,2025,Single Detached,353.0,One storey,2025,C1;F1,1,1.71,15242.4,15.242,18572.6,5159.1,63560.7,17655.9,5159.2,0.0,0.0,0.0,0.0,207312017,Ground,Ground source heat pump,17174.0,F,0.0,4.5,0.0,0.0,0.0,0.0,0.0,0.0,,Conventional A/C,6.153,Electric furnace,Electricity,,,No,,,,,,,,,,,,,,
5590347,MB,R0H,P,2025-09-01,2025,Single Detached,353.0,One storey,2025,C1;F1,1,2.5,17285.2,17.285,21923.4,6089.9,66505.6,18473.9,6089.8,0.0,0.0,0.0,0.0,207312017,Ground,Ground source heat pump,17174.0,F,0.0,4.5,0.0,0.0,0.0,0.0,0.0,0.0,,Conventional A/C,6.153,Electric furnace,Electricity,,,No,,,,,,,,,,,,,,
5590694,MB,R2L,D,2025-11-01,2025,Detached Duplex,137.9,Two storeys,1960,B1;B2;B3,2,9.43,11839.3,11.839,7583.6,2106.6,83355.8,23154.6,2106.7,13125.9,0.0,0.0,0.0,217298030,Air,Central split system,5187.4,F,0.0,3.826,0.0,0.0,0.0,0.0,6.28,16.0,,Central split system,3.351,Condensing furnace,Natural Gas,,,Yes,,,,,,,,,,,,,,
5591657,MB,R3R,P,2025-11-01,2025,Single Detached,338.4,One storey,2025,B1;B2;B3,1,1.5,8953.5,8.954,30976.8,8604.7,74926.1,20813.0,8604.8,0.0,0.0,0.0,0.0,216705369,Air,Central split system,7064.8,T,7.03,3.41,1.85,7.5,17.0,94.0,0.0,0.0,,Central split system,3.43,Electric furnace,Electricity,,,Yes,LENNOX,EL18KSLV-024-230A**,CBK47UHET-024-230-**,24000,19400,22600,1.85,9.5,17,Yes,7.034,6.623,0.786,0.74
5591664,MB,R3L,N,2025-11-01,2025,Single Detached,323.4,One storey,2025,B1;C1;F1,1,0.86,9705.7,9.706,8724.4,2423.5,86793.3,24109.4,2423.4,9258.7,0.0,0.0,0.0,214623551,Air,Central split system,6388.9,T,6.92,3.714,1.7,0.0,0.0,68.0,6.05,15.6,,Central split system,3.303,Condensing furnace,Natural Gas,Advanced airtight wood stove,Mixed Wood,Yes,LENNOX,ML17XP1-024-230A**,CK40CT-24B-0*+TDR,21800,13800,10600,2.00,7.8,15.6,No,6.389,3.107,0.658,0.32
5591664,MB,R3L,P,2025-11-01,2025,Single Detached,323.4,One storey,2025,B1;C1;F1,1,1.5,10482.3,10.482,8407.1,2335.3,91348.0,25374.6,2335.3,10642.6,0.0,0.0,0.0,214623551,Air,Central split system,6388.9,T,6.92,3.714,1.7,0.0,0.0,68.0,6.05,15.6,,Central split system,3.303,Condensing furnace,Natural Gas,Advanced airtight wood stove,Mixed Wood,Yes,LENNOX,ML17XP1-024-230A**,CK40CT-24B-0*+TDR,21800,13800,10600,2.00,7.8,15.6,No,6.389,3.107,0.609,0.296
5592731,MB,R3W,N,2025-11-01,2025,Single Detached,225.4,Two storeys,2025,B1,1,0.9864,8404.2,8.404,21676.2,6021.2,78890.4,21914.2,6021.2,2862.2,0.0,0.0,0.0,212361366,Air,Coils Only,16881.7,T,10.55,3.02,1.8,7.0,15.2,72.0,0.0,0.0,,Coils Only,2.79,Condensing furnace,Natural Gas,,,Yes,TOSOT,TU36-24WADU,TCAT36F/NAA,36000,23200,26000,1.80,8.5,15.2,No,10.551,7.62,1.255,0.907
5592731,MB,R3W,P,2025-11-01,2025,Single Detached,225.4,Two storeys,2025,B1,1,4.55,12384.6,12.385,29848.1,8291.2,93051.4,25847.8,8291.2,4695.6,0.0,0.0,0.0,212361366,Air,Coils Only,16881.7,T,10.55,3.02,1.8,7.0,15.2,72.0,0.0,0.0,,Coils Only,2.79,Condensing furnace,Natural Gas,,,Yes,TOSOT,TU36-24WADU,TCAT36F/NAA,36000,23200,26000,1.80,8.5,15.2,No,10.551,7.62,0.852,0.615
5592899,MB,R6W,N,2025-11-01,2025,Single Detached,184.2,Two storeys,2025,B1,1,0.68,5842.0,5.842,15368.6,4269.1,59024.6,16395.9,4269.2,0.0,0.0,0.0,0.0,213607655,Air,Central split system,7695.5,T,7.62,3.66,1.84,7.5,17.0,85.0,0.0,0.0,ESTAR,Central split system,3.2,Electric furnace,Electricity,,,Yes,KEEPRITE,DLCURAH24ABK,FTMA4X24L0B*,26000,19300,22200,1.84,9.5,17,No,7.62,6.506,1.304,1.114
5592899,MB,R6W,P,2025-11-01,2025,Single Detached,184.2,Two storeys,2025,B1,1,1.5,6457.5,6.458,17253.3,4792.6,60850.0,16902.9,4792.5,0.0,0.0,0.0,0.0,213607655,Air,Central split system,7695.5,T,7.62,3.66,1.84,7.5,17.0,85.0,0.0,0.0,ESTAR,Central split system,3.2,Electric furnace,Electricity,,,Yes,KEEPRITE,DLCURAH24ABK,FTMA4X24L0B*,26000,19300,22200,1.84,9.5,17,No,7.62,6.506,1.18,1.008
5593371,MB,R0E,D,2025-11-01,2025,Single Detached,249.3,One storey,2006,B1;C1;F1,1,2.72,17717.5,17.718,66699.0,18527.6,115132.3,31981.5,18527.6,0.0,0.0,0.0,0.0,206249116,Air,Central split system,14310.1,T,7.03,3.21,1.8,7.0,17.0,91.0,0.0,0.0,ESTAR,Central split system,3.52,Baseboard/Hydronic/Plenum(duct) htrs.,Electricity,Fireplace with spark ignit. (sealed),Propane,Yes,GREE,GUD36W/A-D(U),GUD24AH2/A-D(U),24000,20000,22000,1.80,9,17,Yes,7.034,6.448,0.397,0.364
5594284,MB,R6W,N,2025-11-01,2025,Single Detached,201.4,One storey,2025,B1;P1,1,0.64,5533.6,5.534,16698.3,4638.5,59393.0,16498.2,4638.4,0.0,0.0,0.0,0.0,213607655,Air,Central split system,7695.5,T,7.62,3.66,1.84,7.5,17.0,85.0,0.0,0.0,,Central split system,3.2,Electric furnace,Electricity,,,Yes,KEEPRITE,DLCURAH24ABK,FTMA4X24L0B*,26000,19300,22200,1.84,9.5,17,No,7.62,6.506,1.377,1.176
5594284,MB,R6W,P,2025-11-01,2025,Single Detached,201.4,One storey,2025,B1;P1,1,1.5,6063.2,6.063,18299.5,5083.2,60934.9,16926.5,5083.4,0.0,0.0,0.0,0.0,213607655,Air,Central split system,7695.5,T,7.62,3.66,1.84,7.5,17.0,85.0,0.0,0.0,,Central split system,3.2,Electric furnace,Electricity,,,Yes,KEEPRITE,DLCURAH24ABK,FTMA4X24L0B*,26000,19300,22200,1.84,9.5,17,No,7.62,6.506,1.257,1.073
5594295,MB,R0G,N,2025-11-01,2025,Single Detached,167.9,One storey,2025,B1;P1,1,0.78,4837.8,4.838,15979.0,4438.6,59057.0,16404.9,4438.6,0.0,0.0,0.0,0.0,210365432,Air,Central split system,15407.3,T,7.03,3.21,1.91,8.0,17.4,100.0,0.0,0.0,ESTAR,Central split system,3.23,Electric furnace,Electricity,,,Yes,Dettson,EVD-24-O,EVD-24-I,24000,19200,22600,1.91,10,17.4,Yes,7.034,6.623,1.454,1.369
5594295,MB,R0G,P,2025-11-01,2025,Single Detached,167.9,One storey,2025,B1;P1,1,1.5,5238.5,5.238,17280.1,4800.1,60302.7,16750.9,4800.0,0.0,0.0,0.0,0.0,210365432,Air,Central split system,15407.3,T,7.03,3.21,1.91,8.0,17.4,100.0,0.0,0.0,ESTAR,Central split system,3.23,Electric furnace,Electricity,,,Yes,Dettson,EVD-24-O,EVD-24-I,24000,19200,22600,1.91,10,17.4,Yes,7.034,6.623,1.343,1.264
5594701,MB,R3J,N,2025-11-01,2025,Detached Duplex,195.9,Two storeys,2025,B1,2,0.984,6959.1,6.959,23316.1,6476.7,81731.8,22703.5,6476.7,1538.3,0.0,0.0,0.0,21389723,Air,Central split system,10311.4,F,0.0,3.375,0.0,0.0,0.0,0.0,5.35,15.49,,Central split system,3.289,Condensing furnace,Natural Gas,Baseboard/Hydronic/Plenum(duct) htrs,Electricity,Yes,,,,,,,,,,,,,,
5594701,MB,R3J,P,2025-11-01,2025,Detached Duplex,195.9,Two storeys,2025,B1,2,1.5,7344.9,7.345,23779.3,6605.4,83291.7,23136.8,6605.3,1852.5,0.0,0.0,0.0,21389723,Air,Central split system,10311.4,F,0.0,3.375,0.0,0.0,0.0,0.0,5.35,15.49,,Central split system,3.289,Condensing furnace,Natural Gas,Baseboard/Hydronic/Plenum(duct) htrs,Electricity,Yes,,,,,,,,,,,,,,
5594721,MB,R0J,N,2025-11-01,2025,Single Detached,296.4,One storey,2025,C1;F1,1,0.71,9780.4,9.78,29049.1,8069.3,66586.1,18496.3,8069.2,0.0,0.0,0.0,0.0,212361365,Air,Coils Only,7155.0,T,7.03,3.08,1.8,7.0,15.2,90.0,0.0,0.0,,Coils Only,3.19,Electric furnace,Electricity,Other (describe),Electricity,Yes,TOSOT,TU36-24WADU,TCAT24F/NAA,24000,19600,21600,1.80,8.5,15.2,No,7.034,6.33,0.719,0.647
5594721,MB,R0J,P,2025-11-01,2025,Single Detached,296.4,One storey,2025,C1;F1,1,1.5,10491.9,10.492,31907.5,8863.3,69249.9,19236.2,8863.1,0.0,0.0,0.0,0.0,212361365,Air,Coils Only,7155.0,T,7.03,3.08,1.8,7.0,15.2,90.0,0.0,0.0,,Coils Only,3.19,Electric furnace,Electricity,Other (describe),Electricity,Yes,TOSOT,TU36-24WADU,TCAT24F/NAA,24000,19600,21600,1.80,8.5,15.2,No,7.034,6.33,0.67,0.603
5015699,MB,R3M,E,2025-12-01,2025,Single Detached,162.2,Two storeys,1911,B1;B2;B3;B4,1,12.68,22435.7,22.436,42611.1,11836.5,135343.2,37595.6,11836.5,12695.9,0.0,0.0,0.0,217449839,Air,,18237.8,T,10.49,3.17,1.8,,,79.0,,,,Central split system,3.22,Condensing furnace,Natural Gas,Fan heater units,Electricity,Yes,LENNOX,EL18KSLV-036-230A**,"CK40[C,U]T-30B-**+TDR",35800,29000,28600,1.80,8.5,16.7,Yes,10.492,8.382,0.468,0.374
5597966,MB,R9A,E,2025-12-01,2025,Single Detached,319.5,One storey,1997,C1;F1,1,3.4686,22252.6,22.253,105552.3,29320.3,161042.5,44734.4,29320.2,0.0,0.0,0.0,0.0,207465435,Air,,62437.5,T,9.38,3.18,1.92,,,90.0,,,,Mini-split ductless,2.87,Baseboard/Hydronic/Plenum(duct) htrs.,Electricity,,,Yes,SAMSUNG,AC030BXADCH,AC030BN4DCH,30000,33200,29000,1.92,8.8,20.7,No,8.792,8.499,0.395,0.382
5305024,MB,R0C,E,2025-12-01,2025,Single Detached,313.6,Two storeys,1995,B1,1,3.67,17011.8,17.012,82992.8,23053.7,129665.4,36018.5,23053.8,0.0,0.0,0.0,0.0,213153602,Air,,15389.7,T,9.5,3.28,1.8,,,72.0,,,,Central split system,3.41,Electric furnace,Electricity,Wood fireplace,Mixed Wood,Yes,NAPOLEON,WSEHV2436RA1-N,HG34936,36000,21000,23600,1.80,8.5,15.2,No,10.551,6.916,0.62,0.407
5593366,MB,R0E,E,2025-12-01,2025,Single Detached,163.5,One and a half,1940,B1;B2,1,5.92,18605.3,18.605,70120.2,19478.0,116436.8,32343.8,19477.9,0.0,0.0,0.0,0.0,215735329,Air,Central split system,16867.1,T,14.65,3.13,1.9,8.0,16.5,92.0,0.0,0.0,,Central split system,2.89,Electric furnace,Electricity,,,Yes,SENVILLE,SENDC-48HF-OG,SENDC-48HF-IG,50000,39500,46000,1.90,9.5,16.5,Yes,14.654,13.481,0.788,0.725
5363764,MB,R0G,E,2025-12-01,2025,Single Detached,274.5,One storey,1997,B1,1,1.1665,10707.2,10.707,16989.2,4719.3,89281.8,24800.7,4719.2,6963.7,0.0,0.0,0.0,213076369,Air,,7935.8,T,7.85,3.92,2.26,,,99.0,,,ESTAR,Central split system,3.2,Condensing furnace,Natural Gas,Fireplace with pilot (sealed),Natural Gas,Yes,CARRIER,38MURAQ24AB3*,CAP**2417AL*,26800,19400,26600,2.26,8.5,16.5,No,7.854,7.796,0.734,0.728
5387551,MB,R0G,E,2025-12-01,2025,Single Detached,375.6,Two storeys,2015,B1,1,0.8696,11015.7,11.016,22835.4,6343.2,66570.1,18491.8,6343.1,0.0,0.0,0.0,0.0,216772575,Ground,,17270.0,F,0.0,3.77,0.0,,,0.0,,,C448,Conventional A/C,5.7,Electric furnace,Electricity,,,No,,,,,,,,,,,,,,
5397824,MB,R3M,E,2025-12-01,2025,Single Detached,140.9,Two storeys,1911,B1,1,5.48,16412.7,16.413,35032.9,9731.4,119547.6,33207.9,9731.5,7935.1,0.0,0.0,0.0,215828259,Air,Central split system,15253.5,T,9.96,3.1,1.75,6.5,0.0,70.0,0.0,0.0,ESTAR,Central split system,2.6,Condensing furnace,Natural Gas,,,Yes,GREE,GUD36W/A-D(U),GCAT36*/NAA,34000,23600,23800,1.80,8.5,15.2,No,9.964,6.975,0.607,0.425
5426804,MB,R3R,E,2025-12-01,2025,Single Detached,238.9,Split level,1978,B1;B2;C1;C2;C3;F1;F2;P1;P2,1,1.87,12071.6,12.072,20636.6,5732.4,81351.2,22597.7,5732.5,3505.9,0.0,0.0,0.0,211911382,Air,Coils Only,10891.7,T,9.67,3.25,1.85,7.7,15.5,81.0,0.0,0.0,,Coils Only,2.76,Condensing furnace,Natural Gas,,,Yes,MITS AIR,MOD30U-30HFN1-MR0(X),MAC-36HWDN1-MN0,33000,22600,27000,1.85,9.7,15.5,No,9.671,7.913,0.801,0.655
5554896,MB,R0C,E,2025-12-01,2025,Single Detached,321.8,One storey,2018,B1,1,1.3145,9636.0,9.636,14461.5,4017.1,58195.1,16165.4,4017.3,0.0,0.0,0.0,0.0,215278610,Ground,Ground source heat pump,16294.7,F,0.0,5.1,0.0,0.0,0.0,0.0,0.0,0.0,C448,Conventional A/C,4.131,Electric furnace,Electricity,Same as Type 1 heating system,Electricity,No,,,,,,,,,,,,,,
5558816,MB,R0A,E,2025-11-01,2025,Single Detached,184.4,One storey,1983,B1;P1,1,2.6294,13554.6,13.555,28186.2,7829.6,90564.1,25156.9,7829.5,4214.5,0.0,0.0,0.0,211377438,Air,Central split system,15449.2,T,9.96,3.53,2.02,0.0,0.0,70.0,0.0,0.0,,Central split system,2.78,Condensing furnace,Natural Gas,Advanced airtight wood stove,Mixed Wood,Yes,YORK,HMH72B341,XAUB36DXXN1+TXV,33400,25200,23600,2.04,8.5,16.5,No,9.789,6.916,0.722,0.51
5565493,MB,R1N,E,2025-12-01,2025,Single Detached,265.7,One storey,1994,B1,1,2.72,11607.4,11.607,41330.9,11480.9,86509.7,24030.7,11480.9,0.0,0.0,0.0,0.0,208447883,Air,Central split system,24043.6,T,11.72,3.39,1.9,7.8,16.0,88.0,0.0,0.0,,Central split system,2.87,Electric furnace,Electricity,Radiant floor panels,Electricity,Yes,CARRIER,38MURAQ36AB3,40MUAAQ36XA3,40000,30400,34400,1.97,9.5,16,Yes,11.723,10.082,1.01,0.869
5202539,MB,R3M,E,2025-12-01,2025,Single Detached,652.9,Three storeys,1907,B1,1,7.44,62694.2,62.694,77815.6,21615.6,388258.2,107850.4,21615.7,69291.9,0.0,0.0,0.0,215471469,Air,Ductless Mini- or Multi-split system,29896.2,T,16.12,3.54,2.0,8.5,22.2,85.0,0.0,0.0,,Ductless Mini- or Multi-split system,3.09,Boiler  with continuous pilot,Natural Gas,Wood fireplace,Mixed Wood,Yes,MIDEA,MO6HX-H60B-2A,,55000,47000,47000,2.00,10.5,22.2,Yes,16.119,13.774,0.257,0.22
5588067,MB,R0G,N,2025-10-01,2025,"Row house, middle unit",178.3,Two storeys,2025,B1,1,3.21,5776.9,5.777,19179.5,5327.7,51811.9,14392.3,5327.8,0.0,0.0,0.0,0.0,215471326,Air,Central split system,13808.0,T,7.62,3.25,1.87,7.7,0.0,83.0,0.0,0.0,,Central split system,2.86,Electric furnace,Electricity,,,Yes,MIDEA,MO1BE-H24B-2A,MAUHE-H24B-2A,26000,20800,21600,1.87,9.7,18.1,Yes,7.62,6.33,1.319,1.096
5588072,MB,R0G,N,2025-10-01,2025,"Row house, end unit",175.6,Two storeys,2025,B1,1,2.65,6767.7,6.768,24905.9,6918.4,57174.9,15882.0,6918.4,0.0,0.0,0.0,0.0,215471326,Air,Central split system,13808.0,T,7.62,3.25,1.87,7.7,0.0,83.0,0.0,0.0,,Central split system,2.86,Electric furnace,Electricity,,,Yes,MIDEA,MO1BE-H24B-2A,MAUHE-H24B-2A,26000,20800,21600,1.87,9.7,18.1,Yes,7.62,6.33,1.126,0.935
5588064,MB,R0G,N,2025-10-01,2025,"Row house, end unit",175.6,Two storeys,2025,B1,1,2.33,6854.0,6.854,25488.3,7080.1,57723.0,16034.3,7080.1,0.0,0.0,0.0,0.0,215471326,Air,Central split system,13808.0,T,7.62,3.25,1.87,7.7,0.0,83.0,0.0,0.0,,Central split system,2.86,Electric furnace,Electricity,,,Yes,MIDEA,MO1BE-H24B-2A,MAUHE-H24B-2A,26000,20800,21600,1.87,9.7,18.1,Yes,7.62,6.33,1.112,0.924
5588065,MB,R0G,N,2025-12-01,2025,"Row house, middle unit",178.3,Two storeys,2025,B1,1,2.51,5907.2,5.907,20203.7,5612.2,52734.6,14648.6,5612.3,0.0,0.0,0.0,0.0,215471326,Air,Central split system,13808.0,T,7.62,3.25,1.87,7.7,0.0,83.0,0.0,0.0,,Central split system,2.86,Electric furnace,Electricity,,,Yes,MIDEA,MO1BE-H24B-2A,MAUHE-H24B-2A,26000,20800,21600,1.87,9.7,18.1,Yes,7.62,6.33,1.29,1.072
5591657,MB,R3R,N,2025-11-01,2025,Single Detached,338.4,One storey,2025,B1;B2;B3,1,0.43,7501.0,7.501,24314.3,6754.0,68519.0,19033.2,6753.9,0.0,0.0,0.0,0.0,216705369,Air,Central split system,7064.8,T,7.03,3.41,1.85,7.5,17.0,94.0,0.0,0.0,,Central split system,3.43,Electric furnace,Electricity,,,Yes,LENNOX,EL18KSLV-024-230A**,CBK47UHET-024-230-**,24000,19400,22600,1.85,9.5,17,Yes,7.034,6.623,0.938,0.883
5598423,MB,R3W,D,2025-12-01,2025,Single Detached,235.4,Two storeys,2024,B1,1,1.2339,9438.7,9.439,16214.1,4504.0,73910.0,20530.7,4503.9,3199.2,0.0,0.0,0.0,212361761,Air,Coils Only,21041.5,T,11.43,4.68,2.0,8.0,15.2,82.0,0.0,0.0,ESTAR,Coils Only,2.34,Condensing furnace,Natural Gas,,,Yes,MOOVAIR,DMA36HOS20230E7,CUB36HAC20CWT7A,39000,33000,32000,2.00,10,15.2,Yes,11.43,9.378,1.211,0.994
5598670,MB,R4H,N,2025-11-01,2025,Single Detached,440.1,One storey,2025,B1;B2,1,0.23,8390.5,8.39,33450.8,9292.0,67543.3,18762.2,9292.0,0.0,0.0,0.0,0.0,211624974,Air,Coils Only,18611.8,T,10.26,2.99,1.8,7.0,16.0,80.0,0.0,0.0,ESTAR,Coils Only,2.93,Electric furnace,Electricity,Other (describe),Electricity,Yes,NAPOLEON,WSEHV2436RA1-N,NPFX24A36A,35000,29000,28000,1.80,9,16,Yes,10.257,8.206,1.223,0.978
5598670,MB,R4H,P,2025-11-01,2025,Single Detached,440.1,One storey,2025,B1;B2,1,1.5,10460.0,10.46,40785.4,11329.4,74683.1,20745.5,11329.3,0.0,0.0,0.0,0.0,211624974,Air,Coils Only,18611.8,T,10.26,2.99,1.8,7.0,16.0,80.0,0.0,0.0,ESTAR,Coils Only,2.93,Electric furnace,Electricity,Other (describe),Electricity,Yes,NAPOLEON,WSEHV2436RA1-N,NPFX24A36A,35000,29000,28000,1.80,9,16,Yes,10.257,8.206,0.981,0.785
5035242,MB,R2M,E,2026-01-01,2026,Single Detached,329.4,Two and a half,1925,B1;B2;C1;C2;F1;F2,1,4.41,27808.2,27.808,135295.3,37582.3,184425.5,51229.7,37582.2,0.0,0.0,0.0,0.0,214776138,Air,,14067.4,F,0.0,3.957,0.0,,,0.0,,,,Central split system,3.23,Electric furnace,Electricity,Wood fireplace insert,Mixed Wood,Yes,,,,,,,,,,,,,,
5407324,MB,R0C,E,2026-01-01,2026,Single Detached,189.9,One storey,1991,C1;C2;F1,1,3.9276,8952.0,8.952,38652.5,10736.9,90710.5,25197.6,10736.8,0.0,0.0,0.0,0.0,208447883,Air,,23931.9,T,11.72,3.38,1.9,,,88.0,,,ESTAR,Central split system,2.87,Baseboard/Hydronic/Plenum(duct) htrs.,Electricity,Advanced airtight wood stove,Mixed Wood,Yes,CARRIER,38MURAQ36AB3,40MUAAQ36XA3,40000,30400,34400,1.97,9.5,16,Yes,11.723,10.082,1.31,1.126
5427928,MB,R3G,E,2026-01-01,2026,Single Detached,156.3,Two storeys,1910,B1;B2;C1;F1,1,10.14,22455.2,22.455,31557.7,8766.1,160220.9,44506.2,8766.2,21596.8,0.0,0.0,0.0,208101911,Air,,10891.7,T,9.67,3.25,1.85,,,81.0,,,ESTAR,Central split system,2.76,Condensing furnace,Natural Gas,,,Yes,MDV,MOD30U-30HFN1-MR0(X),MAC-36HWDN1-MN0,33000,22600,27000,1.85,9.7,15.5,Yes,9.671,7.913,0.431,0.352
5547549,MB,R0J,E,2026-05-01,2026,Single Detached,215.5,One storey,1982,B1,1,1.5898,9898.3,9.898,31081.5,8633.8,76340.8,21205.9,8633.7,0.0,0.0,0.0,0.0,208447884,Air,,17388.7,T,9.67,3.26,1.85,,,80.0,,,ESTAR,Central split system,2.88,Electric furnace,Electricity,,,Yes,CARRIER,38MURAQ30AB3,40MUAAQ30XA3,33000,21000,24000,1.80,8.9,16.2,Yes,9.671,7.034,0.977,0.711
5470838,MB,R3L,E,2026-03-01,2026,Single Detached,294.8,Two and a half,1911,B1,1,1.65,10019.7,10.02,19715.2,5476.5,78619.6,21839.0,5476.4,3147.5,0.0,0.0,0.0,208786090,Air,Ductless Mini- or Multi-split system,14311.8,T,7.03,3.64,2.1,8.0,21.0,90.0,0.0,0.0,ESTAR,Ductless Mini- or Multi-split system,3.1,Condensing boiler,Natural Gas,Baseboard/Hydronic/Plenum(duct) htrs,Electricity,Yes,GREE,GWHD(24)ND3MO,,24000,23600,21600,2.10,10,21,Yes,7.034,6.33,0.702,0.632
5492264,MB,R2J,E,2026-04-01,2026,Single Detached,185.4,One storey,1963,B1;P1,1,2.9684,12036.2,12.036,25161.3,6989.3,87760.9,24378.2,6989.2,4650.3,0.0,0.0,0.0,212386846,Air,Coils Only,13065.1,T,7.33,3.35,1.95,7.7,16.5,80.0,0.0,0.0,,Coils Only,3.2,Condensing furnace,Natural Gas,Wood fireplace,Mixed Wood,Yes,ATK,ACI-AUO24SHP-M,ACI-BCO24CP17,25000,21000,20000,1.95,9.5,16.5,No,7.327,5.861,0.609,0.487
5502818,MB,R0C,E,2026-04-01,2026,Single Detached,149.0,One and a half,1938,B1;B2;B3,1,7.26,14032.1,14.032,46693.6,12970.5,93587.9,25996.8,12970.7,0.0,0.0,0.0,0.0,208447884,Air,Central split system,15915.2,T,9.67,3.09,1.8,7.0,16.2,72.0,0.0,0.0,,Central split system,2.77,Electric furnace,Electricity,,,Yes,CARRIER,38MURAQ30AB3,40MUAAQ30XA3,33000,21000,24000,1.80,8.9,16.2,Yes,9.671,7.034,0.689,0.501
5509495,MB,R5R,E,2026-05-01,2026,Single Detached,954.1,Two storeys,1912,B1;B2;B3;C1;C2;F1;F2,1,3.88,61855.7,61.856,243206.7,67558.0,320923.0,89146.0,67558.0,1794.5,0.0,0.0,0.0,211644151,Air,Coils Only,52375.0,T,10.55,3.01,1.8,7.0,15.2,72.0,0.0,0.0,,Coils Only,2.78,Electric furnace,Electricity,Forced air furnace,Electricity,Yes,GREE,GUD36W/A-D(U),GCAT36*/NAA,36000,23200,26000,1.80,8.5,15.2,Yes,10.551,7.62,0.171,0.123
5510026,MB,R0E,E,2026-06-01,2026,Single Detached,211.9,Two storeys,2007,,1,2.66,12320.2,12.32,46538.2,12927.4,92018.8,25561.0,12927.3,0.0,0.0,0.0,0.0,214931599,Air,Compact Ducted Mini- or Multi-split system,22052.7,T,10.55,3.13,1.84,7.4,19.0,94.0,0.0,0.0,ESTAR,Compact Ducted Mini- or Multi-split system,2.7,Electric boiler,Electricity,Baseboard/Hydronic/Plenum(duct) htrs,Electricity,Yes,GREE,GWHD(36)ND6MO,,36000,36000,34000,1.84,9,19,Yes,10.551,9.964,0.856,0.809
5512676,MB,R0E,E,2026-01-01,2026,Single Detached,228.0,One storey,1994,C1;F1,1,1.51,10627.5,10.628,13011.6,3614.4,65456.7,18182.6,3614.5,1794.5,0.0,0.0,0.0,215278612,Ground,Ground source heat pump,13481.3,F,0.0,4.2,0.0,0.0,0.0,0.0,0.0,0.0,C448,Conventional A/C,5.74,Electric furnace,Electricity,Fireplace with pilot (sealed),Natural Gas,No,,,,,,,,,,,,,,
5513702,MB,R0K,E,2026-05-01,2026,Single Detached,228.4,One storey,1986,C1;F1,1,2.4,12558.0,12.558,38459.3,10683.2,97470.7,27075.4,10683.1,0.0,0.0,0.0,0.0,211164241,Air,Ductless Mini- or Multi-split system,22007.3,T,8.79,3.08,1.84,0.0,0.0,76.0,0.0,0.0,ESTAR,Ductless Mini- or Multi-split system,2.82,Baseboard/Hydronic/Plenum(duct) htrs.,Electricity,,,Yes,TOSOT,TM30HX4O,,30000,27200,22800,1.84,10,21,Yes,8.792,6.682,0.7,0.532
5516672,MB,R0C,E,2026-02-01,2026,Single Detached,159.1,Split entry/Raised base.,1976,B1,1,2.33,7498.3,7.498,24305.2,6751.5,69466.2,19296.3,6751.4,0.0,0.0,0.0,0.0,216760265,Air,Ductless Mini- or Multi-split system,10935.9,T,6.45,3.06,1.81,7.7,22.5,66.0,0.0,0.0,,Ductless Mini- or Multi-split system,3.54,Baseboard/Hydronic/Plenum(duct) htrs.,Electricity,,,Yes,LENNOX,MMPD024S6M-1P,,25000,14600,16500,1.81,9.5,22.5,No,7.327,4.836,0.977,0.645
5518335,MB,R0M,E,2026-03-01,2026,Single Detached,140.8,Two storeys,1900,B1,1,15.8,20299.0,20.299,77998.1,21666.3,122935.0,34148.9,21666.3,0.0,0.0,0.0,0.0,208447882,Air,Central split system,29718.0,T,14.65,3.27,1.85,7.7,15.6,92.0,0.0,0.0,ESTAR,Central split system,2.4,Electric furnace,Electricity,,,Yes,CARRIER,38MURAQ48AB3,40MUAAQ48XA3,50000,36000,46000,1.90,9.4,15.6,Yes,14.654,13.481,0.722,0.664
5522551,MB,R0C,E,2026-02-01,2026,Single Detached,164.9,Split level,1974,B1;B2;B3;C1;F1;P1,1,2.02,11829.4,11.829,39471.9,10964.5,87082.9,24189.9,10964.5,0.0,0.0,0.0,0.0,208447884,Air,Central split system,15792.7,T,9.67,3.09,1.8,7.0,16.2,72.0,0.0,0.0,,Central split system,2.77,Electric furnace,Electricity,,,Yes,CARRIER,38MURAQ30AB3,40MUAAQ30XA3,33000,21000,24000,1.80,8.9,16.2,Yes,9.671,7.034,0.818,0.595
5523958,MB,R0A,E,2026-04-01,2026,Single Detached,87.4,One storey,1988,C1;F1,1,8.06,9030.8,9.031,22200.1,6166.7,67062.2,18628.5,6166.7,0.0,0.0,0.0,0.0,215735314,Air,Ductless Mini- or Multi-split system,16973.8,T,7.91,3.33,2.0,8.5,23.0,100.0,0.0,0.0,ESTAR,Ductless Mini- or Multi-split system,3.0,Baseboard/Hydronic/Plenum(duct) htrs.,Electricity,Wood fireplace,Mixed Wood,Yes,SENVILLE,SENA-28HF-MOA,,27000,30000,27000,2.00,10.5,23,Yes,7.913,7.913,0.876,0.876
5524523,MB,R0J,E,2026-01-01,2026,Single Detached,63.1,Two storeys,1995,,1,2.72,7456.5,7.456,19838.4,5510.7,64016.1,17782.4,5510.6,0.0,0.0,0.0,0.0,207642879,Air,Ductless Mini- or Multi-split system,7326.8,T,7.33,3.675,1.9,0.0,24.6,74.0,0.0,24.6,ESTAR,Ductless Mini- or Multi-split system,4.384,Electric boiler,Electricity,,,Yes,CARRIER,38MGHBQ24CA3,,25000,20400,18500,1.90,10,24.6,Yes,7.327,5.422,0.983,0.727
5525317,MB,R3N,E,2026-03-01,2026,Single Detached,144.1,One storey,1949,B1;B2,1,6.57,10774.4,10.774,35755.6,9932.2,80060.3,22239.2,9932.3,0.0,0.0,0.0,0.0,206249116,Air,Central split system,14222.7,T,7.03,3.22,1.8,7.4,17.0,91.0,0.0,0.0,,Central split system,3.52,Electric furnace,Electricity,,,Yes,GREE,GUD36W/A-D(U),GUD24AH2/A-D(U),24000,20000,22000,1.80,9,17,Yes,7.034,6.448,0.653,0.598
5529118,MB,R6W,E,2026-03-01,2026,Single Detached,295.0,One storey,1997,B1;B2;C1;F1,1,1.48,13714.6,13.715,43082.7,11967.5,91727.5,25480.1,11967.6,0.0,0.0,0.0,0.0,207642891,Air,Central split system,37007.5,T,10.84,3.89,1.9,8.3,0.0,97.0,0.0,0.0,,Central split system,2.84,Electric furnace,Electricity,,,Yes,CARRIER,38MGHBQ36DA3,,37000,33000,36000,1.90,10.3,22.2,Yes,10.844,10.551,0.791,0.769
5529957,MB,R0B,E,2026-04-01,2026,Single Detached,203.0,Split level,1977,B1;B2;C1;F1;P1,1,2.76,10545.0,10.545,37221.7,10339.4,83655.0,23237.7,10339.5,0.0,0.0,0.0,0.0,208447880,Air,Central split system,14137.5,T,10.55,3.41,1.95,6.1,16.9,58.0,0.0,0.0,,Central split system,2.96,Electric furnace,Electricity,,,Yes,CARRIER,38MURAQ36AA3,40MUAAQ36XA3,36000,20400,21000,1.90,8.5,16.9,No,10.551,6.154,1.001,0.584
5530288,MB,R0A,E,2026-05-01,2026,Single Detached,111.0,One storey,1960,C1;F1,1,6.08,9182.8,9.183,23014.9,6393.1,72040.4,20011.4,6393.1,0.0,0.0,0.0,0.0,203978137,Air,Ductless Mini- or Multi-split system,15272.5,T,7.03,2.97,1.84,7.49,22.0,100.0,0.0,0.0,,Ductless Mini- or Multi-split system,3.35,Baseboard/Hydronic/Plenum(duct) htrs.,Electricity,Pellet Stove,Wood Pellets,Yes,HISENSE,AMW3-24U3SAA,,24000,15000,24000,1.84,9.05,22,Yes,7.034,7.034,0.766,0.766
5531725,MB,R2L,E,2026-04-01,2026,Single Detached,160.8,One storey,1957,B1;B2,1,2.24,11206.2,11.206,39054.1,10848.4,85038.9,23622.1,10848.4,0.0,0.0,0.0,0.0,216618906,Air,Central split system,7064.8,T,7.03,3.37,1.8,7.5,17.0,96.0,0.0,0.0,ESTAR,Central split system,3.43,Electric furnace,Electricity,,,Yes,LENNOX,EL18KSLV-024-230A**,CBK48MVT-018/024-230-**,24000,19600,23200,1.80,9.4,17,Yes,7.034,6.799,0.628,0.607
5533287,MB,R0H,E,2026-03-01,2026,Single Detached,148.7,One storey,1999,B1,1,4.01,8926.4,8.926,29002.2,8056.2,73816.9,20504.9,8056.2,0.0,0.0,0.0,0.0,208447905,Air,Central split system,7000.0,T,7.03,3.788,1.91,0.0,0.0,94.0,0.0,0.0,ESTAR,Central split system,3.429,Electric furnace,Electricity,Advanced airtight wood stove,Mixed Wood,Yes,PAYNE,38MURAQ24AB3,40MUAAQ24XA3,24000,19200,22600,1.91,10,17.4,Yes,7.034,6.623,0.788,0.742
5534947,MB,R7A,E,2026-06-01,2026,Single Detached,100.1,One and a half,1922,B1,1,11.63,17071.8,17.072,21245.9,5901.7,125291.3,34803.4,5901.7,14519.8,0.0,0.0,0.0,216769566,Air,Central split system,7052.5,T,7.03,3.31,1.8,0.0,0.0,86.0,0.0,0.0,ESTAR,Central split system,3.44,Condensing furnace,Natural Gas,,,Yes,LENNOX,EL18KSLV-024-230A**,"CK40[C,U]T-30B-**+TDR",24000,19800,20800,1.80,9,16.95,Yes,7.034,6.096,0.412,0.357
5544448,MB,R2Y,E,2026-01-01,2026,"Row house, end unit",140.1,One storey,1972,B1;B2,1,3.01,8168.6,8.169,16027.1,4452.0,78580.2,21828.0,4452.0,2297.2,0.0,0.0,0.0,213160480,Air,Central split system,13065.1,T,7.33,3.35,1.95,7.7,16.5,80.0,0.0,0.0,ESTAR,Central split system,3.2,Condensing furnace,Natural Gas,,,Yes,Dettson,EVD-24-O,MAC24H1718E,25000,21000,20000,1.95,9.5,16.5,Yes,7.327,5.861,0.897,0.718
5549496,MB,R0E,E,2026-06-01,2026,Single Detached,227.5,One storey,1974,B1;B2,1,2.5176,14387.9,14.388,54796.2,15221.3,101458.8,28183.2,15221.2,0.0,0.0,0.0,0.0,211624974,Air,Central split system,18611.7,T,10.26,2.99,1.8,7.4,0.0,80.0,0.0,0.0,,Central split system,2.93,Electric furnace,Electricity,Wood fireplace,Mixed Wood,Yes,NAPOLEON,WSEHV2436RA1-N,NPFX24A36A,35000,29000,28000,1.80,9,16,Yes,10.257,8.206,0.713,0.57
5546686,MB,R5G,E,2026-03-01,2026,Single Detached,158.8,One storey,2002,B1;P1,1,2.53,8762.9,8.763,27929.1,7758.1,72214.8,20059.8,7758.1,0.0,0.0,0.0,0.0,206249116,Air,Central single package system,14204.3,T,7.03,3.22,1.8,7.0,17.0,91.0,0.0,0.0,ESTAR,Central single package system,3.52,Electric furnace,Electricity,,,Yes,GREE,GUD36W/A-D(U),GUD24AH2/A-D(U),24000,20000,22000,1.80,9,17,Yes,7.034,6.448,0.803,0.736
5546991,MB,R2C,E,2026-05-01,2026,Single Detached,155.1,One storey,1957,B1;B2,1,2.882,10233.7,10.234,22553.4,6264.9,98580.0,27383.6,6264.8,5476.4,0.0,0.0,0.0,212361362,Air,Coils Only,16881.8,T,10.55,3.02,1.8,0.0,0.0,72.0,0.0,0.0,ESTAR,Coils Only,2.71,Condensing furnace,Natural Gas,,,Yes,KINGHOME,KU36UHO,KCA36*I,36000,23200,26000,1.80,8.5,15.2,No,10.551,7.62,1.031,0.745
5549455,MB,R2R,E,2026-02-01,2026,Single Detached,175.0,One storey,1978,B1,1,2.0107,6916.9,6.917,15916.6,4421.3,70309.8,19530.7,4421.4,2293.9,0.0,0.0,0.0,211377438,Air,Central split system,15449.2,T,9.96,3.53,2.02,7.3,16.5,70.0,0.0,0.0,,Central split system,2.78,Condensing furnace,Natural Gas,,,Yes,YORK,HMH72B341,XAUB36DXXN1+TXV,33400,25200,23600,2.04,8.5,16.5,No,9.789,6.916,1.415,1.0
5552794,MB,R2E,E,2026-02-01,2026,Single Detached,201.9,One storey,1971,B1;B2,1,3.5257,10209.8,10.21,15510.2,4308.4,75761.5,21045.0,4308.4,4045.0,0.0,0.0,0.0,210273923,Air,Central split system,10550.6,T,10.14,4.103,1.93,6.85,17.0,100.0,6.85,17.0,,Central split system,3.471,Condensing furnace,Natural Gas,,,Yes,,,,,,,,,,,,,,
5553179,MB,R0M,E,2026-06-01,2026,Single Detached,108.8,Two storeys,1895,B1,1,9.88,13312.6,13.313,34169.5,9491.6,78416.2,21782.5,9491.7,0.0,0.0,0.0,0.0,208447883,Air,Central split system,23323.8,T,11.72,4.58,1.97,7.8,16.0,86.0,0.0,0.0,,Central split system,2.42,Electric furnace,Electricity,,,Yes,CARRIER,38MURAQ36AB3,40MUAAQ36XA3,40000,30400,34400,1.97,9.5,16,Yes,11.723,10.082,0.881,0.757
5553611,MB,R3T,E,2026-06-01,2026,Single Detached,250.7,Two storeys,1947,B1;C1;F1,1,5.49,22415.4,22.415,87554.1,24320.8,133782.4,37162.1,24320.8,0.0,0.0,0.0,0.0,211644151,Air,Coils Only,16881.8,T,10.55,3.02,1.8,7.0,15.2,72.0,0.0,0.0,,Coils Only,2.79,Electric furnace,Electricity,Wood fireplace,Mixed Wood,Yes,GREE,GUD36W/A-D(U),GCAT36*/NAA,36000,23200,26000,1.80,8.5,15.2,Yes,10.551,7.62,0.471,0.34
1099518,MB,R3P,E,2026-02-01,2026,Single Detached,294.4,Two storeys,1990,B1,1,2.59,14140.4,14.14,25322.2,7034.0,112545.6,31262.9,7033.9,8472.3,0.0,0.0,0.0,211644151,Air,Central single package system,10185.1,T,9.96,3.02,1.8,0.0,0.0,70.0,0.0,0.0,,Central single package system,2.76,Condensing furnace,Natural Gas,Fireplace with pilot (sealed),Natural Gas,Yes,GREE,GUD36W/A-D(U),GCAT36*/NAA,36000,23200,26000,1.80,8.5,15.2,Yes,10.551,7.62,0.746,0.539
5555582,MB,R0G,E,2026-02-01,2026,Single Detached,197.9,One storey,1981,B1;C1;F1,1,1.96,8031.3,8.031,22469.1,6241.5,69413.8,19281.8,6241.4,0.0,0.0,0.0,0.0,206903535,Air,Central split system,17213.2,T,10.26,3.55,2.1,6.82,18.0,72.0,0.0,0.0,,Central split system,2.71,Electric furnace,Electricity,,,Yes,HISENSE,AUWR-36U3SA2,AUH-36UX3SDH2,34000,24000,26000,2.05,9.5,18,Yes,9.964,7.62,1.241,0.949
5556334,MB,R6W,E,2026-03-01,2026,Single Detached,214.4,One storey,1972,B1;B2;B3,1,2.81,15587.4,15.587,63550.5,17653.1,107858.0,29960.8,17652.9,0.0,0.0,0.0,0.0,208447896,Air,Central split system,14719.8,T,7.03,3.21,1.91,8.0,17.4,94.0,0.0,0.0,,Central split system,3.23,Electric furnace,Electricity,,,Yes,BRYANT,38MURAQ24AB3,40MUAAQ24XA3,24000,19200,22600,1.91,10,17.4,Yes,7.034,6.623,0.451,0.425
5557002,MB,R1C,E,2026-04-01,2026,Single Detached,97.5,One storey,1995,C1;F1,1,6.43,8825.9,8.826,22697.1,6304.8,69736.1,19371.3,6304.8,0.0,0.0,0.0,0.0,206249117,Air,Central split system,18611.8,T,10.26,2.99,1.8,7.4,16.0,80.0,0.0,0.0,,Central split system,2.93,Electric furnace,Electricity,,,Yes,GREE,GUD36W/A-D(U),GUD36AH2/A-D(U),35000,29000,28000,1.80,9,16,Yes,10.257,8.206,1.162,0.93
5557446,MB,R3M,E,2026-05-01,2026,Single Detached,149.0,One storey,1941,B1,1,5.8293,13124.1,13.124,26434.2,7342.9,92950.0,25819.7,7342.8,5803.7,0.0,0.0,0.0,212386846,Air,Coils Only,13065.1,T,7.33,3.35,1.95,7.7,16.5,80.0,0.0,0.0,,Coils Only,3.2,Condensing furnace,Natural Gas,Fireplace with spark ignit. (unsealed),Natural Gas,Yes,ATK,ACI-AUO24SHP-M,ACI-BCO24CP17,25000,21000,20000,1.95,9.5,16.5,No,7.327,5.861,0.558,0.447
5567752,MB,R5N,E,2026-04-01,2026,Single Detached,341.1,One storey,1970,B1;B2,1,2.56,17217.6,17.218,29120.0,8089.0,61753.5,17153.9,8089.0,0.0,0.0,0.0,0.0,214796669,Ground,Ground source heat pump,16970.0,F,0.0,4.0,0.0,0.0,0.0,0.0,0.0,0.0,C448,Conventional A/C,5.36,Electric furnace,Electricity,,,No,,,,,,,,,,,,,,
5558369,MB,R0C,N,2026-04-01,2026,Single Detached,332.9,One storey,2025,B1,1,0.45,8474.6,8.475,29349.4,8152.7,73187.8,20330.1,8152.6,0.0,0.0,0.0,0.0,215415511,Air,Central split system,22677.5,T,13.92,3.46,2.0,6.8,17.5,70.0,0.0,0.0,,Central split system,2.93,Electric furnace,Electricity,,,Yes,DAIKIN,DH7VSA4810A*,DFVE60DP1300A*,47500,29000,33600,2.00,8.8,17.5,Yes,13.921,9.847,1.643,1.162
5558528,MB,R0E,E,2026-02-01,2026,Single Detached,155.7,One storey,2010,C1;F1,1,2.31,8278.9,8.279,25450.9,7069.8,74726.2,20757.4,7069.8,0.0,0.0,0.0,0.0,206249116,Air,Central split system,14310.1,T,7.03,3.21,1.8,7.4,17.0,91.0,0.0,0.0,ESTAR,Central split system,3.52,Electric furnace,Electricity,,,Yes,GREE,GUD36W/A-D(U),GUD24AH2/A-D(U),24000,20000,22000,1.80,9,17,Yes,7.034,6.448,0.85,0.779
5559211,MB,R0G,E,2026-03-01,2026,Single Detached,153.2,One storey,1962,B1,1,2.01,7936.3,7.936,19934.2,5537.3,67763.4,18823.3,5537.3,0.0,0.0,0.0,0.0,208447887,Air,Central split system,14764.6,T,7.03,3.21,1.91,8.0,17.4,94.0,0.0,0.0,,Central split system,3.23,Electric furnace,Electricity,,,Yes,CARRIER,38MURAQ24AB3,40MUAAQ24XA3,24000,19200,22600,1.91,10,17.4,Yes,7.034,6.623,0.886,0.835
5560681,MB,R0C,E,2026-03-01,2026,Single Detached,34.3,One storey,1970,C1;C2;F1;F2,1,4.7,5668.9,5.669,13492.5,3747.9,60145.8,16707.3,3748.1,0.0,0.0,0.0,0.0,215427969,Air,Ductless Mini- or Multi-split system,10182.5,T,5.57,2.94,1.8,7.13,20.5,81.0,0.0,0.0,ESTAR,Ductless Mini- or Multi-split system,3.15,Baseboard/Hydronic/Plenum(duct) htrs.,Electricity,,,Yes,ComfiAire,CA-18UXEO,CA-18UWXI,18000,10500,13300,1.80,9.5,20.5,Yes,5.275,3.898,0.931,0.688
5563178,MB,R6W,E,2026-03-01,2026,Single Detached,196.1,One storey,2008,B1,1,2.45,7301.4,7.301,23553.2,6542.6,68696.9,19082.6,6542.6,0.0,0.0,0.0,0.0,208447887,Air,Central split system,15421.4,T,7.03,3.3,1.8,8.0,17.4,100.0,0.0,0.0,ESTAR,Central split system,3.43,Electric furnace,Electricity,,,Yes,CARRIER,38MURAQ24AB3,40MUAAQ24XA3,24000,19200,22600,1.91,10,17.4,Yes,7.034,6.623,0.963,0.907
5563550,MB,R1C,E,2026-04-01,2026,Single Detached,90.3,One storey,1997,C1;F1,1,6.13,8371.8,8.372,23540.0,6538.9,69549.4,19319.4,6538.9,0.0,0.0,0.0,0.0,206249117,Air,Central split system,18611.8,T,10.26,2.99,1.8,7.4,16.0,80.0,0.0,0.0,,Central split system,2.93,Electric furnace,Electricity,,,Yes,GREE,GUD36W/A-D(U),GUD36AH2/A-D(U),35000,29000,28000,1.80,9,16,Yes,10.257,8.206,1.225,0.98
5563592,MB,R2G,E,2026-04-01,2026,Single Detached,183.4,Two storeys,1977,B1;B2,1,3.59,13451.1,13.451,47597.7,13221.7,92179.0,25605.5,13221.8,0.0,0.0,0.0,0.0,208786088,Air,Ductless Mini- or Multi-split system,21273.1,T,11.72,3.41,1.92,8.0,21.0,81.0,0.0,0.0,ESTAR,Ductless Mini- or Multi-split system,3.09,Baseboard/Hydronic/Plenum(duct) htrs.,Electricity,Advanced airtight wood stove,Mixed Wood,Yes,GREE,GWHD(42)ND3MO,,40000,35600,32400,1.92,10,21,Yes,11.723,9.496,0.872,0.706
5564913,MB,R6M,E,2026-02-01,2026,Single Detached,221.7,One storey,2007,B1;P1,1,1.28,8711.0,8.711,26884.6,7468.0,74797.9,20777.4,7468.1,0.0,0.0,0.0,0.0,206903535,Air,Central split system,17213.2,T,10.26,3.55,2.1,6.82,18.0,72.0,0.0,0.0,,Central split system,2.71,Electric furnace,Electricity,Other (describe),Electricity,Yes,HISENSE,AUWR-36U3SA2,AUH-36UX3SDH2,34000,24000,26000,2.05,9.5,18,Yes,9.964,7.62,1.144,0.875
5565563,MB,R0A,E,2026-02-01,2026,Single Detached,264.5,One storey,1981,B1;P1,1,2.47,13554.6,13.555,22460.9,6239.2,66676.0,18521.3,6239.2,0.0,0.0,0.0,0.0,215278613,Ground,Ground source heat pump,14000.0,F,0.0,3.4,0.0,0.0,0.0,0.0,0.0,0.0,C448,Conventional A/C,4.45,Electric furnace,Electricity,Wood fireplace,Mixed Wood,No,,,,,,,,,,,,,,
5566271,MB,R2H,E,2026-02-01,2026,Single Detached,170.0,One storey,1975,B1;B2,1,2.4339,9699.3,9.699,20770.2,5769.5,76223.9,21173.5,5769.5,2926.7,0.0,0.0,0.0,211377396,Air,Central split system,15680.7,T,9.96,3.59,2.06,7.3,17.5,71.0,0.0,0.0,,Central split system,2.78,Condensing furnace,Natural Gas,Wood fireplace,Mixed Wood,Yes,YORK,HMH72B341,XAUB36DXXN1+TXV,33400,25200,23600,2.04,8.5,17.5,No,9.789,6.916,1.009,0.713
5568171,MB,R0E,E,2026-04-01,2026,Single Detached,177.4,One storey,1950,B1;C1;C2;F1,1,11.98,19774.8,19.775,67483.7,18745.6,112607.8,31280.2,18745.7,0.0,0.0,0.0,0.0,208447887,Air,Central split system,14859.0,T,7.03,3.22,1.91,8.0,17.4,94.0,0.0,0.0,ESTAR,Central split system,3.23,Electric furnace,Electricity,Advanced airtight wood stove,Mixed Wood,Yes,CARRIER,38MURAQ24AB3,40MUAAQ24XA3,24000,19200,22600,1.91,10,17.4,Yes,7.034,6.623,0.356,0.335
5569925,MB,R0E,E,2026-02-01,2026,Single Detached,129.5,One storey,1929,B1,1,5.66,10536.5,10.536,32935.7,9148.9,77088.9,21413.8,9149.0,0.0,0.0,0.0,0.0,208447887,Air,Central split system,14859.0,T,7.03,3.22,1.91,8.0,17.4,94.0,0.0,0.0,ESTAR,Central split system,3.23,Electric furnace,Electricity,,,Yes,CARRIER,38MURAQ24AB3,40MUAAQ24XA3,24000,19200,22600,1.91,10,17.4,Yes,7.034,6.623,0.668,0.629
5570060,MB,R0C,E,2026-04-01,2026,Single Detached,48.3,One storey,1951,C1;F1,1,7.26,6106.5,6.106,9069.2,2519.2,56063.0,15573.2,2519.2,0.0,0.0,0.0,0.0,206348138,Air,Central split system,9104.8,T,8.5,5.26,2.21,9.2,21.5,86.0,0.0,0.0,,Central split system,3.29,Baseboard/Hydronic/Plenum(duct) htrs.,Electricity,,,Yes,CARRIER,38MARBQ24AA3,40MAHBQ24XA3,29000,21200,25000,2.21,11.4,21.5,Yes,8.499,7.327,1.392,1.2
5574087,MB,R7A,E,2026-04-01,2026,Mobile Home,134.2,One storey,2007,C1;F1,1,5.16,10204.5,10.204,31764.3,8823.5,76268.7,21185.9,8823.4,0.0,0.0,0.0,0.0,207706559,Air,Central split system,15769.3,T,7.03,3.23,1.91,8.0,17.4,100.0,0.0,0.0,ESTAR,Central split system,3.23,Electric furnace,Electricity,,,Yes,MOOVAIR,DMA24HOS20230E7,FMA24HIAHUU230X7,24000,19200,22600,1.91,10,17.4,Yes,7.034,6.623,0.689,0.649
5574534,MB,R0C,E,2026-04-01,2026,Single Detached,82.4,One storey,1959,C1;F1,1,4.35,6530.6,6.531,14364.2,3990.1,62175.0,17271.0,3990.0,0.0,0.0,0.0,0.0,207642879,Air,Ductless Mini- or Multi-split system,12236.9,T,7.33,3.28,1.9,7.7,24.6,74.0,0.0,0.0,ESTAR,Ductless Mini- or Multi-split system,2.75,Baseboard/Hydronic/Plenum(duct) htrs.,Electricity,,,Yes,CARRIER,38MGHBQ24CA3,,25000,20400,18500,1.90,10,24.6,Yes,7.327,5.422,1.122,0.83
5576142,MB,R0E,E,2026-04-01,2026,Single Detached,198.1,One storey,2007,C1;F1,1,1.6,8728.7,8.729,29615.4,8226.6,81414.2,22615.2,8226.5,0.0,0.0,0.0,0.0,208447884,Air,Central split system,15759.3,T,9.67,3.09,1.8,7.0,16.2,72.0,0.0,0.0,,Central split system,2.77,Electric furnace,Electricity,Advanced airtight wood stove,Mixed Wood,Yes,CARRIER,38MURAQ30AB3,40MUAAQ30XA3,33000,21000,24000,1.80,8.9,16.2,Yes,9.671,7.034,1.108,0.806
5582190,MB,R0C,E,2026-04-01,2026,Single Detached,95.5,One storey,1938,C1;F1,1,8.01,8145.6,8.146,19861.2,5517.0,67233.5,18676.1,5517.0,0.0,0.0,0.0,0.0,208447887,Air,Central split system,14928.7,T,7.03,3.23,1.91,8.0,17.4,94.0,0.0,0.0,ESTAR,Central split system,3.23,Electric furnace,Electricity,,,Yes,CARRIER,38MURAQ24AB3,40MUAAQ24XA3,24000,19200,22600,1.91,10,17.4,Yes,7.034,6.623,0.863,0.813
5582391,MB,R0E,E,2026-01-01,2026,Single Detached,172.6,One and a half,1990,C1;F1,1,5.72,15407.0,15.407,42382.3,11773.0,91644.2,25456.9,11772.9,0.0,0.0,0.0,0.0,207642891,Air,Ductless Mini- or Multi-split system,12959.9,T,10.84,4.83,1.9,8.3,22.2,97.0,0.0,0.0,,Ductless Mini- or Multi-split system,2.8,Baseboard/Hydronic/Plenum(duct) htrs.,Electricity,Advanced airtight wood stove,Mixed Wood,Yes,CARRIER,38MGHBQ36DA3,,37000,33000,36000,1.90,10.3,22.2,Yes,10.844,10.551,0.704,0.685
5585148,MB,R0G,E,2026-03-01,2026,Single Detached,180.0,One storey,1956,B1;B2,1,2.97,14008.9,14.009,48109.9,13364.0,93593.1,25998.3,13364.0,0.0,0.0,0.0,0.0,206903535,Air,Central split system,17217.9,T,10.26,3.55,2.1,6.82,18.0,72.0,0.0,0.0,,Central split system,2.71,Electric furnace,Electricity,,,Yes,HISENSE,AUWR-36U3SA2,AUH-36UX3SDH2,34000,24000,26000,2.05,9.5,18,Yes,9.964,7.62,0.711,0.544
5585894,MB,R2W,E,2026-04-01,2026,Single Detached,111.2,One storey,1943,B1,1,3.09,6800.9,6.801,17666.7,4907.5,62808.8,17447.0,4907.5,0.0,0.0,0.0,0.0,208786089,Air,Ductless Mini- or Multi-split system,8971.2,T,5.28,3.83,2.21,8.0,21.0,75.0,0.0,0.0,ESTAR,Ductless Mini- or Multi-split system,2.96,Baseboard/Hydronic/Plenum(duct) htrs.,Electricity,,,Yes,GREE,GWHD(18)ND3MO,,18000,15000,13600,2.22,10,21,Yes,5.275,3.986,0.776,0.586
5586880,MB,R6M,E,2026-04-01,2026,Single Detached,195.9,One storey,2007,B1,1,1.87,7120.4,7.12,21276.0,5910.0,72852.1,20236.9,5910.0,1794.5,0.0,0.0,0.0,206903532,Air,Central split system,10733.1,T,6.74,4.11,2.05,6.82,16.5,73.0,0.0,0.0,,Central split system,2.63,Electric furnace,Electricity,Fireplace with pilot (sealed),Natural Gas,Yes,HISENSE,AUWR-24U3SF2,AUH-24UX3SDH2,22000,16000,16900,2.05,9,16.5,Yes,6.448,4.953,0.906,0.696
5586918,MB,R8N,E,2026-05-01,2026,Single Detached,156.6,One storey,1968,B1;B2,1,4.01,10880.4,10.88,55588.3,15441.3,100807.4,28002.3,15441.2,0.0,0.0,0.0,0.0,206249117,Air,Central split system,18614.7,T,0.0,3.08,1.8,7.4,16.0,80.0,0.0,0.0,,Central split system,2.93,Electric furnace,Electricity,,,Yes,GREE,GUD36W/A-D(U),GUD36AH2/A-D(U),35000,29000,28000,1.80,9,16,Yes,10.257,8.206,0.943,0.754
5586973,MB,R1A,E,2026-04-01,2026,Single Detached,106.4,One storey,1933,C1;F1,1,6.27,9464.9,9.465,23795.2,6609.8,70210.0,19502.9,6609.8,0.0,0.0,0.0,0.0,216618906,Air,Central split system,7064.8,T,7.03,3.37,1.8,7.5,17.0,96.0,0.0,0.0,ESTAR,Central split system,3.43,Electric furnace,Electricity,,,Yes,LENNOX,EL18KSLV-024-230A**,CBK48MVT-018/024-230-**,24000,19600,23200,1.80,9.4,17,Yes,7.034,6.799,0.743,0.718
5587183,MB,R8N,E,2026-05-01,2026,Single Detached,142.5,One storey,1961,B1;P1,1,4.15,9093.5,9.094,39771.7,11047.8,84829.7,23564.0,11047.9,0.0,0.0,0.0,0.0,208786091,Air,Ductless Mini- or Multi-split system,8819.1,T,8.79,3.21,1.84,8.0,21.0,76.0,0.0,0.0,ESTAR,Ductless Mini- or Multi-split system,2.97,Baseboard/Hydronic/Plenum(duct) htrs.,Electricity,,,Yes,GREE,GWHD(30)ND3MO,,30000,27200,22800,1.84,10,21,Yes,8.792,6.682,0.967,0.735
5587189,MB,R8N,E,2026-05-01,2026,Single Detached,93.5,One storey,1965,,1,4.08,8001.6,8.002,37849.1,10513.7,81879.3,22744.4,10513.7,0.0,0.0,0.0,0.0,206249116,Air,Central split system,15326.4,T,7.03,3.14,1.8,7.4,17.0,91.0,0.0,0.0,,Central split system,3.41,Electric furnace,Electricity,,,Yes,GREE,GUD36W/A-D(U),GUD24AH2/A-D(U),24000,20000,22000,1.80,9,17,Yes,7.034,6.448,0.879,0.806
5588362,MB,R0C,E,2026-04-01,2026,Single Detached,223.9,One storey,2002,B1;B2,1,2.02,11596.2,11.596,41995.8,11665.6,87679.1,24355.5,11665.6,0.0,0.0,0.0,0.0,208447884,Air,Central split system,15885.0,T,9.67,3.09,1.8,7.0,16.2,72.0,0.0,0.0,,Central split system,2.77,Electric furnace,Electricity,,,Yes,CARRIER,38MURAQ30AB3,40MUAAQ30XA3,33000,21000,24000,1.80,8.9,16.2,Yes,9.671,7.034,0.834,0.607
1888817,MB,R2V,E,2026-04-01,2026,Single Detached,338.2,One storey,1976,B1;B2,1,2.1,15340.8,15.341,64588.4,17941.4,108942.8,30262.1,17941.3,0.0,0.0,0.0,0.0,206249117,Air,Central split system,18611.8,T,10.26,2.99,1.8,7.4,16.0,80.0,0.0,0.0,,Central split system,2.93,Electric furnace,Electricity,Wood fireplace,Mixed Wood,Yes,GREE,GUD36W/A-D(U),GUD36AH2/A-D(U),35000,29000,28000,1.80,9,16,Yes,10.257,8.206,0.669,0.535
5590421,MB,R0E,E,2026-04-01,2026,Single Detached,221.5,Two storeys,2001,C1;F1,1,1.52,11059.3,11.059,24669.0,6852.6,78348.3,21763.6,6852.6,0.0,0.0,0.0,0.0,208447883,Air,Central split system,23236.7,T,11.72,4.58,1.97,7.8,16.0,86.0,0.0,0.0,,Central split system,2.42,Electric furnace,Electricity,Fireplace with spark ignit. (sealed),Propane,Yes,CARRIER,38MURAQ36AB3,40MUAAQ36XA3,40000,30400,34400,1.97,9.5,16,Yes,11.723,10.082,1.06,0.912
5591622,MB,R0E,E,2026-04-01,2026,Single Detached,66.2,One storey,1975,C1;F1,1,7.16,9378.6,9.379,29275.8,8132.2,74972.5,20825.9,8132.3,0.0,0.0,0.0,0.0,206249116,Air,Central split system,14310.1,T,7.03,3.21,1.8,7.4,17.0,91.0,0.0,0.0,,Central split system,3.52,Electric furnace,Electricity,Baseboard/Hydronic/Plenum(duct) htrs,Electricity,Yes,GREE,GUD36W/A-D(U),GUD24AH2/A-D(U),24000,20000,22000,1.80,9,17,Yes,7.034,6.448,0.75,0.687
5593645,MB,R0C,E,2026-05-01,2026,Single Detached,78.8,One storey,1994,C1;F1,1,10.09,8055.5,8.056,20829.0,5785.9,66365.2,18434.9,5785.9,0.0,0.0,0.0,0.0,216618906,Air,Central split system,7053.0,T,7.03,3.34,1.8,7.5,17.0,96.0,0.0,0.0,,Central split system,3.43,Electric furnace,Electricity,,,Yes,LENNOX,EL18KSLV-024-230A**,CBK48MVT-018/024-230-**,24000,19600,23200,1.80,9.4,17,Yes,7.034,6.799,0.873,0.844
5595145,MB,R0A,E,2026-03-01,2026,Single Detached,157.9,Split entry/Raised base.,2007,B1,1,1.64,8978.7,8.979,25614.4,7115.2,70879.0,19688.8,7115.1,0.0,0.0,0.0,0.0,206249116,Air,Central split system,14204.3,T,7.03,3.22,1.81,7.4,17.0,91.0,0.0,0.0,,Central split system,3.52,Electric furnace,Electricity,,,Yes,GREE,GUD36W/A-D(U),GUD24AH2/A-D(U),24000,20000,22000,1.80,9,17,Yes,7.034,6.448,0.783,0.718
5598173,MB,R0E,E,2026-05-01,2026,Single Detached,368.5,Two storeys,2003,B1;B2;P1,1,2.67,21289.8,21.29,79830.2,22175.2,129154.1,35876.4,22175.2,0.0,0.0,0.0,0.0,206249118,Air,Central split system,38725.5,T,15.83,3.04,1.8,7.4,16.0,75.0,0.0,0.0,ESTAR,Central split system,2.98,Electric furnace,Electricity,Advanced airtight wood stove,Wood Pellets,Yes,GREE,GUD60W/A-D(U),GUD60AH2/A-D(U),54000,44000,41000,1.80,9,16,Yes,15.826,12.016,0.743,0.564
5598502,MB,R0E,E,2026-04-01,2026,Single Detached,160.9,Two storeys,1926,B1,1,6.42,13440.7,13.441,49348.0,13707.9,94435.4,26232.3,13707.9,0.0,0.0,0.0,0.0,206249117,Air,Central split system,18316.1,T,10.26,2.98,1.8,7.4,16.0,80.0,0.0,0.0,,Central split system,2.93,Electric furnace,Electricity,,,Yes,GREE,GUD36W/A-D(U),GUD36AH2/A-D(U),35000,29000,28000,1.80,9,16,Yes,10.257,8.206,0.763,0.611
5600641,MB,R0C,N,2025-12-01,2025,Single Detached,263.8,Two storeys,2025,C1;F1,1,0.58,9729.4,9.729,27406.3,7612.9,80156.3,22265.8,7612.8,0.0,0.0,0.0,0.0,213617713,Air,Central split system,31255.7,T,15.83,3.21,1.91,7.9,15.4,88.0,0.0,0.0,ESTAR,Central split system,2.88,Electric furnace,Electricity,,,Yes,Mitsubishi Electric,PUZ-HA42NKA2***,PVA-A42AA*,54000,38500,48000,1.90,9.3,15.4,Yes,15.826,14.067,1.627,1.446
5600641,MB,R0C,P,2025-12-01,2025,Single Detached,263.8,Two storeys,2025,C1;F1,1,1.5,11008.8,11.009,32110.5,8919.7,84518.1,23477.4,8919.8,0.0,0.0,0.0,0.0,213617713,Air,Central split system,31255.7,T,15.83,3.21,1.91,7.9,15.4,88.0,0.0,0.0,ESTAR,Central split system,2.88,Electric furnace,Electricity,,,Yes,Mitsubishi Electric,PUZ-HA42NKA2***,PVA-A42AA*,54000,38500,48000,1.90,9.3,15.4,Yes,15.826,14.067,1.438,1.278
5600626,MB,R6W,N,2025-12-01,2025,Double/Semi-detached,184.0,Two storeys,2025,B1,1,1.56,6267.1,6.267,18421.0,5117.0,61160.0,16989.0,5117.0,0.0,0.0,0.0,0.0,213607655,Air,Central split system,7695.5,T,7.62,3.66,1.84,7.5,17.0,85.0,0.0,0.0,,Central split system,3.2,Electric furnace,Electricity,,,Yes,KEEPRITE,DLCURAH24ABK,FTMA4X24L0B*,26000,19300,22200,1.84,9.5,17,No,7.62,6.506,1.216,1.038
5600626,MB,R6W,P,2025-12-01,2025,Double/Semi-detached,184.0,Two storeys,2025,B1,1,1.75,6515.6,6.516,19388.1,5385.6,61806.5,17168.6,5385.6,0.0,0.0,0.0,0.0,213607655,Air,Central split system,7695.5,T,7.62,3.66,1.84,7.5,17.0,85.0,0.0,0.0,,Central split system,3.2,Electric furnace,Electricity,,,Yes,KEEPRITE,DLCURAH24ABK,FTMA4X24L0B*,26000,19300,22200,1.84,9.5,17,No,7.62,6.506,1.169,0.999
5601074,MB,R2H,N,2025-10-01,2025,Single Detached,399.4,Three storeys,2025,C1;F1,1,0.63,7437.9,7.438,11227.7,3118.8,51031.0,14175.4,3118.9,0.0,0.0,0.0,0.0,211289260,Air,Central split system,7966.3,T,6.33,4.83,2.63,8.3,21.0,56.0,0.0,0.0,ESTAR,Central split system,3.88,Electric furnace,Electricity,Advanced airtight wood stove,Mixed Wood,Yes,Mitsubishi Electric,SUZ-KA18NAH2,SVZ-KP18NA*,21600,14000,10900,1.94,10,21,No,6.33,3.194,0.851,0.429
5601074,MB,R2H,P,2025-10-01,2025,Single Detached,399.4,Three storeys,2025,C1;F1,1,1.5,9539.7,9.54,16553.3,4598.2,55820.0,15505.7,4598.1,0.0,0.0,0.0,0.0,211289260,Air,Central split system,7966.3,T,6.33,4.83,2.63,8.3,21.0,56.0,0.0,0.0,ESTAR,Central split system,3.88,Electric furnace,Electricity,Advanced airtight wood stove,Mixed Wood,Yes,Mitsubishi Electric,SUZ-KA18NAH2,SVZ-KP18NA*,21600,14000,10900,1.94,10,21,No,6.33,3.194,0.664,0.335
5601205,MB,R5H,N,2025-05-01,2025,Single Detached,796.0,Two storeys,2025,B1,1,0.26,17430.5,17.43,67277.3,18688.3,115186.6,31996.5,18688.2,0.0,0.0,0.0,0.0,211644151,Air,Coils Only,33763.3,T,10.55,3.02,1.8,7.0,15.2,72.0,0.0,0.0,,Coils Only,2.79,Electric furnace,Electricity,Wood fireplace insert,Mixed Wood,Yes,GREE,GUD36W/A-D(U),GCAT36*/NAA,36000,23200,26000,1.80,8.5,15.2,Yes,10.551,7.62,0.605,0.437
5601205,MB,R5H,P,2025-05-01,2025,Single Detached,796.0,Two storeys,2025,B1,1,1.5,23856.0,23.856,90379.5,25105.6,137772.6,38270.5,25105.5,0.0,0.0,0.0,0.0,211644151,Air,Coils Only,33763.3,T,10.55,3.02,1.8,7.0,15.2,72.0,0.0,0.0,,Coils Only,2.79,Electric furnace,Electricity,Wood fireplace insert,Mixed Wood,Yes,GREE,GUD36W/A-D(U),GCAT36*/NAA,36000,23200,26000,1.80,8.5,15.2,Yes,10.551,7.62,0.442,0.319
5602603,MB,R3X,N,2026-01-01,2026,Single Detached,307.8,Two storeys,2025,B1,1,0.62,8369.7,8.37,27818.5,7727.4,72421.9,20117.4,7727.3,0.0,0.0,0.0,0.0,208447889,Air,Central split system,13552.5,T,10.55,3.43,1.95,6.1,16.9,58.0,0.0,0.0,,Central split system,2.96,Electric furnace,Electricity,Other (describe),Electricity,Yes,BRYANT,38MURAQ36AA3,40MUAAQ36XA3,36000,20400,21000,1.90,8.5,16.9,No,10.551,6.154,1.261,0.735
5602603,MB,R3X,P,2026-01-01,2026,Single Detached,307.8,Two storeys,2025,B1,1,1.5,9765.3,9.765,32483.7,9023.3,76983.2,21384.4,9023.4,0.0,0.0,0.0,0.0,208447889,Air,Central split system,13552.5,T,10.55,3.43,1.95,6.1,16.9,58.0,0.0,0.0,,Central split system,2.96,Electric furnace,Electricity,Other (describe),Electricity,Yes,BRYANT,38MURAQ36AA3,40MUAAQ36XA3,36000,20400,21000,1.90,8.5,16.9,No,10.551,6.154,1.08,0.63
5602634,MB,R2V,N,2026-01-01,2026,Single Detached,237.9,Two storeys,2025,B1,1,0.742,8748.4,8.748,14519.2,4033.1,74871.2,20797.7,4033.1,4135.6,0.0,0.0,0.0,213076369,Air,Central split system,7924.3,T,7.85,3.92,2.26,8.35,16.5,99.0,0.0,0.0,,Central split system,3.2,Condensing furnace,Natural Gas,,,Yes,CARRIER,38MURAQ24AB3*,CAP**2417AL*,26800,19400,26600,2.26,8.5,16.5,No,7.854,7.796,0.898,0.891
5602634,MB,R2V,P,2026-01-01,2026,Single Detached,237.9,Two storeys,2025,B1,1,4.55,12979.4,12.979,16889.0,4691.4,94136.3,26149.2,4691.4,8992.6,0.0,0.0,0.0,213076369,Air,Central split system,7924.3,T,7.85,3.92,2.26,8.35,16.5,99.0,0.0,0.0,,Central split system,3.2,Condensing furnace,Natural Gas,,,Yes,CARRIER,38MURAQ24AB3*,CAP**2417AL*,26800,19400,26600,2.26,8.5,16.5,No,7.854,7.796,0.605,0.601
5602703,MB,R1A,N,2026-01-01,2026,Detached Duplex,73.9,One storey,2025,B1;P1,2,3.0422,2762.0,2.762,8671.5,2408.8,34694.7,9637.5,2408.9,0.0,0.0,0.0,0.0,216411316,Air,Ductless Mini- or Multi-split system,8498.2,T,3.52,3.03,1.81,8.5,24.0,108.0,0.0,0.0,ESTAR,Ductless Mini- or Multi-split system,3.24,Baseboard/Hydronic/Plenum(duct) htrs.,Electricity,,,Yes,LENNOX,MWHD012S6S-1P,MWHD012S6-1P,12000,10900,8000,1.76,9,24,No,3.517,2.345,1.273,0.849
5602703,MB,R1A,P,2026-01-01,2026,Detached Duplex,73.9,One storey,2025,B1;P1,2,3.0422,2762.0,2.762,8671.5,2408.8,34694.7,9637.5,2408.9,0.0,0.0,0.0,0.0,216411316,Air,Ductless Mini- or Multi-split system,8498.2,T,3.52,3.03,1.81,8.5,24.0,108.0,0.0,0.0,ESTAR,Ductless Mini- or Multi-split system,3.24,Baseboard/Hydronic/Plenum(duct) htrs.,Electricity,,,Yes,LENNOX,MWHD012S6S-1P,MWHD012S6-1P,12000,10900,8000,1.76,9,24,No,3.517,2.345,1.273,0.849
5602733,MB,R5G,N,2025-01-01,2025,Single Detached,256.6,One storey,2025,B1,1,1.02,7010.4,7.01,23425.9,6507.2,67854.2,18848.5,6507.3,0.0,0.0,0.0,0.0,206249117,Air,Central split system,18617.6,T,10.26,3.0,1.8,7.4,16.0,80.0,0.0,0.0,ESTAR,Central split system,2.93,Electric furnace,Electricity,,,Yes,GREE,GUD36W/A-D(U),GUD36AH2/A-D(U),35000,29000,28000,1.80,9,16,Yes,10.257,8.206,1.463,1.171
5602733,MB,R5G,P,2025-01-01,2025,Single Detached,256.6,One storey,2025,B1,1,1.02,7010.4,7.01,23425.9,6507.2,67850.5,18847.5,6507.3,0.0,0.0,0.0,0.0,206249117,Air,Central split system,18617.6,T,10.26,3.0,1.8,7.4,16.0,80.0,0.0,0.0,ESTAR,Central split system,2.93,Electric furnace,Electricity,,,Yes,GREE,GUD36W/A-D(U),GUD36AH2/A-D(U),35000,29000,28000,1.80,9,16,Yes,10.257,8.206,1.463,1.171
5602914,MB,R7A,E,2026-04-01,2026,Single Detached,220.4,One storey,2004,B1,1,1.19,8253.7,8.254,31397.0,8721.5,76238.4,21177.5,8721.5,0.0,0.0,0.0,0.0,207706559,Air,Central split system,15769.3,T,7.03,3.23,1.91,8.0,17.4,100.0,0.0,0.0,ESTAR,Central split system,3.23,Electric furnace,Electricity,,,Yes,MOOVAIR,DMA24HOS20230E7,FMA24HIAHUU230X7,24000,19200,22600,1.91,10,17.4,Yes,7.034,6.623,0.852,0.802
5603595,MB,R3T,D,2026-01-01,2026,Single Detached,372.4,Two storeys,1982,B1,1,5.3662,29445.4,29.445,23934.0,6648.4,213550.7,59320.1,6648.4,39272.8,0.0,0.0,0.0,210365430,Air,Coils Only,14950.4,T,7.21,3.47,2.08,8.0,15.2,93.0,0.0,0.0,ESTAR,Coils Only,3.09,Condensing furnace,Natural Gas,Fireplace with pilot (unsealed),Natural Gas,Yes,INNOVAIR,MHD-24,MHD-CC2.0-17.5-M,24600,22000,23000,2.08,9.8,15.2,Yes,7.21,6.741,0.245,0.229
5603837,MB,R0A,D,2026-01-01,2026,Single Detached,229.7,Two storeys,1977,B1,1,2.4788,10591.8,10.592,36728.0,10202.3,81831.6,22731.2,10202.3,0.0,0.0,0.0,0.0,213732653,Air,Ductless Mini- or Multi-split system,16258.3,T,8.21,3.17,1.81,8.1,23.0,90.0,0.0,0.0,ESTAR,Ductless Mini- or Multi-split system,2.84,Baseboard/Hydronic/Plenum(duct) htrs.,Electricity,Fireplace with pilot (sealed),Natural Gas,Yes,SENVILLE,SENA-28HF-MOB,,28000,26600,25000,1.80,10.6,23,Yes,8.206,7.327,0.775,0.692
5603920,MB,R5H,D,2026-01-01,2026,Single Detached,414.1,One storey,2002,B1,1,1.01,12618.8,12.619,41802.6,11611.9,97413.9,27059.6,11612.0,0.0,0.0,1794.5,0.0,211034436,Air,Ductless Mini- or Multi-split system,7535.4,T,5.57,3.33,2.01,8.0,20.5,59.0,0.0,0.0,ESTAR,Ductless Mini- or Multi-split system,3.52,Electric boiler,Electricity,Fireplace with pilot (sealed),Propane,Yes,LENNOX,MPC018S4S-1P,M22A018S4-*P,19000,12000,12700,2.16,10.4,20.5,No,5.568,3.722,0.441,0.295
5603999,MB,R1A,N,2025-01-01,2025,Detached Duplex,73.9,One storey,2025,B1;P1,2,2.713,2716.3,2.716,8623.9,2395.5,34657.4,9627.1,2395.6,0.0,0.0,0.0,0.0,216411316,Air,Ductless Mini- or Multi-split system,8498.2,T,3.52,3.03,1.81,8.5,24.0,108.0,0.0,0.0,ESTAR,Ductless Mini- or Multi-split system,3.24,Baseboard/Hydronic/Plenum(duct) htrs.,Electricity,,,Yes,LENNOX,MWHD012S6S-1P,MWHD012S6-1P,12000,10900,8000,1.76,9,24,No,3.517,2.345,1.295,0.863
5603999,MB,R1A,P,2025-01-01,2025,Detached Duplex,73.9,One storey,2025,B1;P1,2,2.713,2716.3,2.716,8623.9,2395.5,34657.4,9627.1,2395.6,0.0,0.0,0.0,0.0,216411316,Air,Ductless Mini- or Multi-split system,8498.2,T,3.52,3.03,1.81,8.5,24.0,108.0,0.0,0.0,ESTAR,Ductless Mini- or Multi-split system,3.24,Baseboard/Hydronic/Plenum(duct) htrs.,Electricity,,,Yes,LENNOX,MWHD012S6S-1P,MWHD012S6-1P,12000,10900,8000,1.76,9,24,No,3.517,2.345,1.295,0.863
701884,MB,R0A,E,2026-03-01,2026,Single Detached,212.1,One storey,2009,,1,0.91,9953.2,9.953,32007.9,8891.2,80203.4,22278.9,8891.2,0.0,0.0,0.0,0.0,208786087,Air,Ductless Mini- or Multi-split system,21053.6,T,10.55,3.31,1.82,8.0,21.0,90.0,0.0,0.0,ESTAR,Ductless Mini- or Multi-split system,2.73,Baseboard/Hydronic/Plenum(duct) htrs.,Electricity,,,Yes,GREE,GWHD(36)ND3MO,,36000,30800,32400,1.82,10,21,Yes,10.551,9.496,1.06,0.954
5604150,MB,R7A,D,2026-01-01,2026,Single Detached,172.9,One storey,2001,B1,1,1.47,9046.1,9.046,32201.3,8944.9,77425.1,21507.1,8944.8,0.0,0.0,0.0,0.0,216030965,Air,Central split system,7033.7,T,0.0,3.25,1.87,0.0,18.3,90.0,0.0,0.0,,Central split system,2.76,Electric furnace,Electricity,,,Yes,MOOVAIR,MSHMA24R2AN1,MAHMA24R4AS1,24000,20800,21600,1.87,10,18.3,Yes,7.034,6.33,0.778,0.7
5604824,MB,R2C,D,2026-01-01,2026,Single Detached,299.4,Two and a half,1909,B1,1,11.5009,60580.5,60.58,40874.7,11354.2,377833.2,104954.5,11354.3,80153.4,0.0,0.0,0.0,213804896,Air,Ductless Mini- or Multi-split system,5292.6,T,4.22,3.85,1.8,7.5,0.0,55.0,0.0,0.0,,Ductless Mini- or Multi-split system,3.24,Condensing boiler,Natural Gas,Fireplace with pilot (unsealed),Natural Gas,Yes,DAIKIN,RXS12LVJU,FTXS12WVJU*,14400,9200,8000,1.80,10.5,22.5,No,4.22,2.345,0.07,0.039
5605351,MB,R7C,N,2026-01-01,2026,Apartment,1943.8,Three storeys,2025,B1;P1,16,0.68,34742.9,34.743,106006.2,29446.4,559351.7,155376.7,29446.3,0.0,0.0,0.0,0.0,208447824,Air,Ductless Mini- or Multi-split system,85336.7,T,3.52,3.04,1.81,6.9,21.4,67.0,0.0,0.0,,Ductless Mini- or Multi-split system,2.56,Baseboard/Hydronic/Plenum(duct) htrs.,Electricity,,,Yes,CARRIER,38MHRCQ12AA3,40MHHAQ12XA3,12000,7000,8000,1.79,9.2,21.4,No,3.517,2.345,0.101,0.067
5605351,MB,R7C,P,2026-01-01,2026,Apartment,1943.8,Three storeys,2025,B1;P1,16,1.5,44315.6,44.316,138073.0,38353.9,589193.5,163666.2,38353.9,0.0,0.0,0.0,0.0,208447824,Air,Ductless Mini- or Multi-split system,85336.7,T,3.52,3.04,1.81,6.9,21.4,67.0,0.0,0.0,,Ductless Mini- or Multi-split system,2.56,Baseboard/Hydronic/Plenum(duct) htrs.,Electricity,,,Yes,CARRIER,38MHRCQ12AA3,40MHHAQ12XA3,12000,7000,8000,1.79,9.2,21.4,No,3.517,2.345,0.079,0.053
5605466,MB,R5G,N,2026-01-01,2026,Apartment,1139.0,Three storeys,2025,,10,0.58,22998.5,22.998,53583.3,14884.4,344455.7,95682.9,14884.3,0.0,0.0,0.0,0.0,215408662,Air,Central split system,99995.8,T,7.03,3.32,1.87,8.0,18.3,90.0,0.0,0.0,,Central split system,2.78,Electric furnace,Electricity,,,Yes,INNOVAIR,SHV24H2BA,SAV24BDA,24000,20800,21600,1.87,10,18.3,Yes,7.034,6.33,0.306,0.275
5605466,MB,R5G,P,2026-01-01,2026,Apartment,1139.0,Three storeys,2025,,10,1.5,27884.1,27.884,66811.0,18558.8,356957.6,99155.7,18558.8,0.0,0.0,0.0,0.0,215408662,Air,Central split system,99995.8,T,7.03,3.32,1.87,8.0,18.3,90.0,0.0,0.0,,Central split system,2.78,Electric furnace,Electricity,,,Yes,INNOVAIR,SHV24H2BA,SAV24BDA,24000,20800,21600,1.87,10,18.3,Yes,7.034,6.33,0.252,0.227
5605761,MB,R5G,N,2026-01-01,2026,Apartment Row,1452.3,Three storeys,2025,,12,0.89,32335.6,32.336,88241.5,24511.7,417842.6,116068.3,24511.9,0.0,0.0,0.0,0.0,212365505,Air,Ductless Mini- or Multi-split system,42905.6,F,0.0,3.976,0.0,0.0,0.0,0.0,6.59,17.0,,Ductless Mini- or Multi-split system,3.471,Baseboard/Hydronic/Plenum(duct) htrs.,Electricity,,,Yes,Ameristar,M4TVS1712A11NA,M4MVW1712A1N0A,12200,6900,,,8.5,17,No,3.575,,0.111,
5605761,MB,R5G,P,2026-01-01,2026,Apartment Row,1452.3,Three storeys,2025,,12,1.5,37080.3,37.08,105812.5,29392.6,434960.3,120823.3,29392.7,0.0,0.0,0.0,0.0,212365505,Air,Ductless Mini- or Multi-split system,42905.6,F,0.0,3.976,0.0,0.0,0.0,0.0,6.59,17.0,,Ductless Mini- or Multi-split system,3.471,Baseboard/Hydronic/Plenum(duct) htrs.,Electricity,,,Yes,Ameristar,M4TVS1712A11NA,M4MVW1712A1N0A,12200,6900,,,8.5,17,No,3.575,,0.096,
5606849,MB,R5A,N,2025-11-01,2025,Single Detached,649.0,One storey,2025,B1,1,1.08,18414.6,18.415,38466.3,10685.2,106149.5,29486.2,10685.1,5718.4,0.0,0.0,0.0,213153601,Air,Central split system,28445.8,T,6.56,3.36,1.86,7.0,15.2,98.0,0.0,0.0,,Central split system,3.41,Condensing furnace,Natural Gas,Fireplace with spark ignit. (sealed),Natural Gas,Yes,NAPOLEON,WSEHV2436RA1-N,HG34936+TD,24000,14000,21200,1.80,8.5,15.2,No,7.034,6.213,0.382,0.337
5606849,MB,R5A,P,2025-11-01,2025,Single Detached,649.0,One storey,2025,B1,1,1.5,19390.0,19.39,39779.9,11050.1,108645.8,30179.6,11050.1,6062.0,0.0,0.0,0.0,213153601,Air,Central split system,28445.8,T,6.56,3.36,1.86,7.0,15.2,98.0,0.0,0.0,,Central split system,3.41,Condensing furnace,Natural Gas,Fireplace with spark ignit. (sealed),Natural Gas,Yes,NAPOLEON,WSEHV2436RA1-N,HG34936+TD,24000,14000,21200,1.80,8.5,15.2,No,7.034,6.213,0.363,0.32
5481863,MB,R0J,D,2026-01-01,2026,Single Detached,213.6,One storey,1981,B1;B2,1,1.35,8459.2,8.459,27064.1,7517.9,71367.2,19824.4,7517.8,0.0,0.0,0.0,0.0,208447883,Air,Central split system,11722.8,T,11.72,4.352,1.97,0.0,0.0,70.0,0.0,0.0,,Central split system,3.268,Electric furnace,Electricity,,,Yes,CARRIER,38MURAQ36AB3,40MUAAQ36XA3,40000,30400,34400,1.97,9.5,16,Yes,11.723,10.082,1.386,1.192
5608170,MB,R7A,N,2026-01-01,2026,Apartment,345.1,Two storeys,2025,B1;P1,4,2.63,11313.6,11.314,36102.8,10028.6,139773.4,38826.3,10028.7,0.0,0.0,0.0,0.0,207683231,Air,Ductless Mini- or Multi-split system,28669.7,T,5.28,3.81,2.35,7.9,24.0,71.0,0.0,0.0,,Ductless Mini- or Multi-split system,3.47,Baseboard/Hydronic/Plenum(duct) htrs.,Electricity,,,Yes,NAPOLEON,NDHAS22-18-O,NDHAS22-18-I,18000,14100,12800,2.44,10.5,24,Yes,5.275,3.751,0.466,0.332
5608170,MB,R7A,P,2026-01-01,2026,Apartment,345.1,Two storeys,2025,B1;P1,4,3.5,13096.8,13.097,41634.7,11565.3,145064.8,40296.1,11565.4,0.0,0.0,0.0,0.0,207683231,Air,Ductless Mini- or Multi-split system,28669.7,T,5.28,3.81,2.35,7.9,24.0,71.0,0.0,0.0,,Ductless Mini- or Multi-split system,3.47,Baseboard/Hydronic/Plenum(duct) htrs.,Electricity,,,Yes,NAPOLEON,NDHAS22-18-O,NDHAS22-18-I,18000,14100,12800,2.44,10.5,24,Yes,5.275,3.751,0.403,0.286
5608172,MB,R7A,N,2026-01-01,2026,Apartment,345.1,Two storeys,2025,B1;P1,4,2.92,11902.9,11.903,38502.0,10695.1,142078.4,39466.5,10695.1,0.0,0.0,0.0,0.0,207683231,Air,Ductless Mini- or Multi-split system,28669.7,T,5.28,3.81,2.35,7.9,24.0,71.0,0.0,0.0,,Ductless Mini- or Multi-split system,3.47,Baseboard/Hydronic/Plenum(duct) htrs.,Electricity,,,Yes,NAPOLEON,NDHAS22-18-O,NDHAS22-18-I,18000,14100,12800,2.44,10.5,24,Yes,5.275,3.751,0.443,0.315
5608172,MB,R7A,P,2026-01-01,2026,Apartment,345.1,Two storeys,2025,B1;P1,4,3.5,13096.8,13.097,42211.9,11725.6,145630.0,40453.1,11725.6,0.0,0.0,0.0,0.0,207683231,Air,Ductless Mini- or Multi-split system,28669.7,T,5.28,3.81,2.35,7.9,24.0,71.0,0.0,0.0,,Ductless Mini- or Multi-split system,3.47,Baseboard/Hydronic/Plenum(duct) htrs.,Electricity,,,Yes,NAPOLEON,NDHAS22-18-O,NDHAS22-18-I,18000,14100,12800,2.44,10.5,24,Yes,5.275,3.751,0.403,0.286
5608181,MB,R0G,D,2026-02-01,2026,Single Detached,112.7,One storey,1957,B1;B2,1,4.6861,9240.5,9.24,33213.4,9226.0,90255.6,25071.2,9225.9,0.0,0.0,0.0,0.0,211644151,Air,Coils Only,10008.3,T,9.96,3.02,1.8,7.0,15.2,75.0,0.0,0.0,,Coils Only,2.79,Electric furnace,Electricity,,,Yes,GREE,GUD36W/A-D(U),GCAT36*/NAA,36000,23200,26000,1.80,8.5,15.2,Yes,10.551,7.62,1.142,0.825
5608531,MB,R2V,N,2026-01-01,2026,Single Detached,259.1,Two storeys,2026,B1,1,0.94,9129.0,9.129,20606.0,5723.9,76114.1,21143.0,5723.9,3530.3,0.0,0.0,0.0,211911382,Air,Coils Only,10891.7,T,9.67,3.25,1.85,7.7,15.5,81.0,0.0,0.0,,Coils Only,2.76,Condensing furnace,Natural Gas,Other (describe),Electricity,Yes,MITS AIR,MOD30U-30HFN1-MR0(X),MAC-36HWDN1-MN0,33000,22600,27000,1.85,9.7,15.5,No,9.671,7.913,1.059,0.867
5608531,MB,R2V,P,2026-01-01,2026,Single Detached,259.1,Two storeys,2025,B1,1,1.5,9825.9,9.826,21518.4,5977.4,78789.5,21886.1,5977.3,4043.4,0.0,0.0,0.0,211911382,Air,Coils Only,10891.7,T,9.67,3.25,1.85,7.7,15.5,81.0,0.0,0.0,,Coils Only,2.76,Condensing furnace,Natural Gas,Other (describe),Electricity,Yes,MITS AIR,MOD30U-30HFN1-MR0(X),MAC-36HWDN1-MN0,33000,22600,27000,1.85,9.7,15.5,No,9.671,7.913,0.984,0.805
5608611,MB,R2V,N,2026-01-01,2026,Double/Semi-detached,215.8,Two storeys,2026,B1;P1,1,2.03,8168.7,8.169,11867.9,3296.7,64837.7,18010.6,3296.7,3108.9,0.0,0.0,0.0,213076369,Air,Central split system,7924.3,T,7.85,3.92,2.26,8.35,16.5,99.0,0.0,0.0,,Central split system,3.2,Condensing furnace,Natural Gas,,,Yes,CARRIER,38MURAQ24AB3*,CAP**2417AL*,26800,19400,26600,2.26,8.5,16.5,No,7.854,7.796,0.962,0.954
5608611,MB,R2V,P,2026-01-01,2026,Double/Semi-detached,215.8,Two storeys,2025,B1;P1,1,3.0,9635.9,9.636,13306.9,3696.4,70693.0,19637.1,3696.4,4369.2,0.0,0.0,0.0,213076369,Air,Central split system,7924.3,T,7.85,3.92,2.26,8.35,16.5,99.0,0.0,0.0,,Central split system,3.2,Condensing furnace,Natural Gas,,,Yes,CARRIER,38MURAQ24AB3*,CAP**2417AL*,26800,19400,26600,2.26,8.5,16.5,No,7.854,7.796,0.815,0.809
5608612,MB,R4A,N,2026-01-01,2026,Single Detached,291.7,Two storeys,2026,B1,1,0.7531,8830.0,8.83,18457.2,5127.0,73477.9,20410.7,5127.0,3149.7,0.0,0.0,0.0,215434202,Air,Central split system,10302.9,T,10.26,3.24,2.0,6.8,18.5,81.0,0.0,0.0,,Central split system,3.08,Condensing furnace,Natural Gas,Other (describe),Electricity,Yes,GOODMAN,GZV7SA3610A*,CA*EA4830*3A*,35000,22000,28400,2.00,8.5,18.5,Yes,10.257,8.323,1.162,0.943
5608612,MB,R4A,P,2026-01-01,2026,Single Detached,291.7,Two storeys,2025,B1,1,1.5,10321.1,10.321,20526.8,5701.9,79345.2,22040.5,5702.0,4265.3,0.0,0.0,0.0,215434202,Air,Central split system,10302.9,T,10.26,3.24,2.0,6.8,18.5,81.0,0.0,0.0,,Central split system,3.08,Condensing furnace,Natural Gas,Other (describe),Electricity,Yes,GOODMAN,GZV7SA3610A*,CA*EA4830*3A*,35000,22000,28400,2.00,8.5,18.5,Yes,10.257,8.323,0.994,0.806
5608613,MB,R3Y,N,2026-01-01,2026,Single Detached,280.1,Two storeys,2026,B1,1,0.7133,9352.4,9.352,17822.4,4950.7,73587.4,20441.1,4950.6,3295.3,0.0,0.0,0.0,212987227,Air,Central split system,10158.4,T,10.08,3.3,1.76,7.15,14.5,82.0,0.0,0.0,,Central split system,2.72,Condensing furnace,Natural Gas,Other (describe),Electricity,Yes,KEEPRITE,DLCURAH30ABK,EA*4X30L17A*,34400,23600,28400,1.76,8.1,14.5,No,10.082,8.323,1.078,0.89
5608613,MB,R3Y,P,2026-01-01,2026,Single Detached,280.1,Two storeys,2025,B1,1,1.5,10223.6,10.224,18793.6,5220.5,76596.1,21276.9,5220.6,3897.0,0.0,0.0,0.0,212987227,Air,Central split system,10158.4,T,10.08,3.3,1.76,7.15,14.5,82.0,0.0,0.0,,Central split system,2.72,Condensing furnace,Natural Gas,Other (describe),Electricity,Yes,KEEPRITE,DLCURAH30ABK,EA*4X30L17A*,34400,23600,28400,1.76,8.1,14.5,No,10.082,8.323,0.986,0.814
5608614,MB,R2V,N,2026-02-01,2026,Single Detached,349.4,Two storeys,2026,B1,1,0.74,9913.9,9.914,13109.8,3641.6,80945.6,22485.1,3641.7,6771.4,0.0,0.0,0.0,217311173,Air,Central split system,10316.1,F,0.0,3.826,0.0,0.0,0.0,0.0,6.28,16.0,,Central split system,3.351,Condensing furnace,Natural Gas,,,Yes,,,,,,,,,,,,,,
5608614,MB,R2V,P,2026-02-01,2026,Single Detached,349.4,Two storeys,2025,B1,1,1.0,10233.5,10.234,13318.3,3699.6,82175.3,22826.7,3699.5,7059.8,0.0,0.0,0.0,217311173,Air,Central split system,10316.1,F,0.0,3.826,0.0,0.0,0.0,0.0,6.28,16.0,,Central split system,3.351,Condensing furnace,Natural Gas,,,Yes,,,,,,,,,,,,,,
5608731,MB,R3X,N,2026-01-01,2026,Single Detached,321.0,One storey,2026,B1,1,0.85,8933.0,8.933,28908.1,8030.1,74508.9,20697.1,8030.1,0.0,0.0,0.0,0.0,207706559,Air,Central split system,23863.6,T,7.03,3.38,1.91,8.0,17.4,100.0,0.0,0.0,ESTAR,Central split system,3.29,Electric furnace,Electricity,Baseboard/Hydronic/Plenum(duct) htrs,Electricity,Yes,MOOVAIR,DMA24HOS20230E7,FMA24HIAHUU230X7,24000,19200,22600,1.91,10,17.4,Yes,7.034,6.623,0.787,0.741
5608731,MB,R3X,P,2026-01-01,2026,Single Detached,321.0,One storey,2025,B1,1,1.5,9708.7,9.709,31366.5,8713.0,76880.8,21355.9,8712.8,0.0,0.0,0.0,0.0,207706559,Air,Central split system,23863.6,T,7.03,3.38,1.91,8.0,17.4,100.0,0.0,0.0,ESTAR,Central split system,3.29,Electric furnace,Electricity,Baseboard/Hydronic/Plenum(duct) htrs,Electricity,Yes,MOOVAIR,DMA24HOS20230E7,FMA24HIAHUU230X7,24000,19200,22600,1.91,10,17.4,Yes,7.034,6.623,0.724,0.682
5609614,MB,R2M,D,2026-02-01,2026,Single Detached,190.1,One storey,1959,B1,1,2.337,11275.5,11.276,24844.8,6901.4,82428.7,22897.0,6901.4,3575.0,0.0,0.0,0.0,216030965,Air,Central split system,13808.0,T,7.03,3.25,1.87,8.0,18.3,90.0,0.0,0.0,ESTAR,Central split system,2.76,Condensing furnace,Natural Gas,,,Yes,MOOVAIR,MSHMA24R2AN1,MAHMA24R4AS1,24000,20800,21600,1.87,10,18.3,Yes,7.034,6.33,0.624,0.561
5610936,MB,R7A,N,2026-01-01,2026,Single Detached,443.2,One storey,2026,B1,1,0.34,7171.6,7.172,25199.3,6999.9,69306.4,19251.9,6999.8,0.0,0.0,0.0,0.0,211624973,Air,Coils Only,14404.1,T,7.03,3.21,1.8,7.0,17.0,91.0,0.0,0.0,,Coils Only,3.52,Electric furnace,Electricity,,,Yes,NAPOLEON,WSEHV2436RA1-N,NPFX24A,24000,20000,22000,1.80,9,17,Yes,7.034,6.448,0.981,0.899
5610936,MB,R7A,P,2026-01-01,2026,Single Detached,443.2,One storey,2026,B1,1,1.5,9208.6,9.209,32183.0,8939.8,76023.8,21117.9,8939.8,0.0,0.0,0.0,0.0,211624973,Air,Coils Only,14404.1,T,7.03,3.21,1.8,7.0,17.0,91.0,0.0,0.0,,Coils Only,3.52,Electric furnace,Electricity,,,Yes,NAPOLEON,WSEHV2436RA1-N,NPFX24A,24000,20000,22000,1.80,9,17,Yes,7.034,6.448,0.764,0.7
5611445,MB,R5G,N,2026-02-01,2026,Apartment Row,1452.3,Three storeys,2026,,12,0.86,31699.0,31.699,85365.9,23712.9,414997.9,115278.1,23713.0,0.0,0.0,0.0,0.0,212365505,Air,Ductless Mini- or Multi-split system,42905.6,F,0.0,3.976,0.0,0.0,0.0,0.0,6.59,17.0,,Ductless Mini- or Multi-split system,3.471,Baseboard/Hydronic/Plenum(duct) htrs.,Electricity,,,Yes,Ameristar,M4TVS1712A11NA,M4MVW1712A1N0A,12200,6900,,,8.5,17,No,3.575,,0.113,
5611445,MB,R5G,P,2026-02-01,2026,Apartment Row,1452.3,Three storeys,2026,,12,1.5,36777.2,36.777,104788.6,29108.2,433937.9,120539.3,29108.3,0.0,0.0,0.0,0.0,212365505,Air,Ductless Mini- or Multi-split system,42905.6,F,0.0,3.976,0.0,0.0,0.0,0.0,6.59,17.0,,Ductless Mini- or Multi-split system,3.471,Baseboard/Hydronic/Plenum(duct) htrs.,Electricity,,,Yes,Ameristar,M4TVS1712A11NA,M4MVW1712A1N0A,12200,6900,,,8.5,17,No,3.575,,0.097,
5539935,MB,R3J,D,2026-02-01,2026,Single Detached,162.2,One and a half,1953,B1,1,4.87,13852.8,13.853,26978.4,7494.1,91482.9,25412.1,7493.9,5666.2,0.0,0.0,0.0,212386846,Air,Coils Only,13065.1,T,7.33,3.35,1.95,7.7,16.5,80.0,0.0,0.0,,Coils Only,3.2,Condensing furnace,Natural Gas,,,Yes,ATK,ACI-AUO24SHP-M,ACI-BCO24CP17,25000,21000,20000,1.95,9.5,16.5,No,7.327,5.861,0.529,0.423
5539935,MB,R3J,E,2026-03-01,2026,Single Detached,162.2,One and a half,1953,B1,1,5.49,14437.9,14.438,27564.5,7656.9,94495.5,26249.0,7656.7,6343.9,0.0,0.0,0.0,212386846,Air,Coils Only,13065.1,T,7.33,3.35,1.95,7.7,16.5,80.0,0.0,0.0,,Coils Only,3.2,Condensing furnace,Natural Gas,,,Yes,ATK,ACI-AUO24SHP-M,ACI-BCO24CP17,25000,21000,20000,1.95,9.5,16.5,No,7.327,5.861,0.507,0.406
5612943,MB,R3N,N,2026-02-01,2026,Detached Duplex,252.1,Two storeys,2025,B1,2,1.1925,7741.0,7.741,19679.0,5466.4,82219.6,22839.0,5466.4,2706.1,0.0,0.0,0.0,217548379,Air,Central split system,8074.4,T,5.6,3.56,1.85,7.0,20.0,63.0,0.0,16.7,,Central split system,3.435,Condensing furnace,Natural Gas,Baseboard/Hydronic/Plenum(duct) htrs,Electricity,Yes,GREE,GWH18ATDXD-D6DNA1A/O,GWH18ATDXD-D3DN***/I,17000,15300,12100,1.85,8.5,20,Yes,4.982,3.546,0.644,0.458
5612943,MB,R3N,P,2026-02-01,2026,Detached Duplex,252.1,Two storeys,2025,B1,2,1.5,7966.1,7.966,20002.6,5556.3,83197.2,23110.5,5556.4,2891.4,0.0,0.0,0.0,217548379,Air,Central split system,8074.4,T,5.6,3.56,1.85,7.0,20.0,63.0,0.0,16.7,,Central split system,3.435,Condensing furnace,Natural Gas,Baseboard/Hydronic/Plenum(duct) htrs,Electricity,Yes,GREE,GWH18ATDXD-D6DNA1A/O,GWH18ATDXD-D3DN***/I,17000,15300,12100,1.85,8.5,20,Yes,4.982,3.546,0.625,0.445
5612944,MB,R3N,N,2026-02-01,2026,Detached Duplex,252.1,Two storeys,2025,B1,2,0.6411,7002.2,7.002,17169.0,4769.2,77352.2,21486.9,4769.2,1978.6,0.0,0.0,0.0,217548379,Air,Central split system,8074.4,T,5.6,3.56,1.85,7.0,20.0,63.0,0.0,16.7,,Central split system,3.435,Condensing furnace,Natural Gas,Baseboard/Hydronic/Plenum(duct) htrs,Electricity,Yes,GREE,GWH18ATDXD-D6DNA1A/O,GWH18ATDXD-D3DN***/I,17000,15300,12100,1.85,8.5,20,Yes,4.982,3.546,0.712,0.506
5612944,MB,R3N,P,2026-02-01,2026,Detached Duplex,252.1,Two storeys,2025,B1,2,1.5,7972.5,7.972,19374.8,5381.9,82114.9,22809.9,5382.0,2715.9,0.0,0.0,0.0,217548379,Air,Central split system,8074.4,T,5.6,3.56,1.85,7.0,20.0,63.0,0.0,16.7,,Central split system,3.435,Condensing furnace,Natural Gas,Baseboard/Hydronic/Plenum(duct) htrs,Electricity,Yes,GREE,GWH18ATDXD-D6DNA1A/O,GWH18ATDXD-D3DN***/I,17000,15300,12100,1.85,8.5,20,Yes,4.982,3.546,0.625,0.445
5614758,MB,R7C,N,2026-03-01,2026,Apartment,1943.8,Three storeys,2026,B1;P1,16,0.75,34934.2,34.934,98844.9,27457.1,547161.1,151990.4,27457.2,0.0,0.0,0.0,0.0,208447824,Air,Ductless Mini- or Multi-split system,85336.7,T,3.52,3.04,1.81,6.9,21.4,67.0,0.0,0.0,,Ductless Mini- or Multi-split system,2.56,Baseboard/Hydronic/Plenum(duct) htrs.,Electricity,,,Yes,CARRIER,38MHRCQ12AA3,40MHHAQ12XA3,12000,7000,8000,1.79,9.2,21.4,No,3.517,2.345,0.101,0.067
5614758,MB,R7C,P,2026-03-01,2026,Apartment,1943.8,Three storeys,2026,B1;P1,16,1.5,43482.8,43.483,127474.5,35409.9,573731.4,159371.1,35409.7,0.0,0.0,0.0,0.0,208447824,Air,Ductless Mini- or Multi-split system,85336.6,T,3.52,3.04,1.81,6.9,21.4,67.0,0.0,0.0,,Ductless Mini- or Multi-split system,2.56,Baseboard/Hydronic/Plenum(duct) htrs.,Electricity,,,Yes,CARRIER,38MHRCQ12AA3,40MHHAQ12XA3,12000,7000,8000,1.79,9.2,21.4,No,3.517,2.345,0.081,0.054
5614815,MB,R0C,N,2026-03-01,2026,Single Detached,253.6,One storey,2025,C1;F1,1,0.98,8974.2,8.974,26627.7,7396.6,76825.8,21340.7,7396.7,0.0,0.0,0.0,0.0,208447884,Air,Central split system,15759.3,T,9.67,3.09,1.85,7.0,16.2,72.0,0.0,0.0,,Central split system,2.77,Electric furnace,Electricity,Other (describe),Electricity,Yes,CARRIER,38MURAQ30AB3,40MUAAQ30XA3,33000,21000,24000,1.80,8.9,16.2,Yes,9.671,7.034,1.078,0.784
5614815,MB,R0C,P,2026-03-01,2026,Single Detached,253.6,One storey,2025,C1;F1,1,1.5,9584.3,9.584,28862.4,8017.4,78864.2,21906.9,8017.3,0.0,0.0,0.0,0.0,208447884,Air,Central split system,15759.3,T,9.67,3.09,1.85,7.0,16.2,72.0,0.0,0.0,,Central split system,2.77,Electric furnace,Electricity,Other (describe),Electricity,Yes,CARRIER,38MURAQ30AB3,40MUAAQ30XA3,33000,21000,24000,1.80,8.9,16.2,Yes,9.671,7.034,1.009,0.734
5615124,MB,R6W,N,2026-02-01,2026,"Row house, end unit",183.9,Two storeys,2026,B1,1,1.84,5937.8,5.938,18779.3,5216.5,61292.5,17025.8,5216.4,0.0,0.0,0.0,0.0,216030965,Air,Central split system,13591.2,T,7.03,3.25,1.87,8.0,18.3,90.0,0.0,0.0,ESTAR,Central split system,2.76,Electric furnace,Electricity,,,Yes,MOOVAIR,MSHMA24R2AN1,MAHMA24R4AS1,24000,20800,21600,1.87,10,18.3,Yes,7.034,6.33,1.185,1.066
5615124,MB,R6W,P,2026-02-01,2026,"Row house, end unit",183.9,Two storeys,2026,B1,1,3.57,7407.9,7.408,23765.9,6601.7,66160.2,18378.0,6601.7,0.0,0.0,0.0,0.0,216030965,Air,Central split system,13591.2,T,7.03,3.25,1.87,8.0,18.3,90.0,0.0,0.0,ESTAR,Central split system,2.76,Electric furnace,Electricity,,,Yes,MOOVAIR,MSHMA24R2AN1,MAHMA24R4AS1,24000,20800,21600,1.87,10,18.3,Yes,7.034,6.33,0.949,0.855
5615125,MB,R6W,N,2026-02-01,2026,"Row house, middle unit",186.2,Two storeys,2026,B1,1,2.14,5040.4,5.04,14114.7,3920.8,56965.0,15823.7,3920.9,0.0,0.0,0.0,0.0,216030965,Air,Central split system,15407.3,T,7.03,3.25,1.87,8.0,18.3,90.0,0.0,0.0,ESTAR,Central split system,2.76,Electric furnace,Electricity,,,Yes,MOOVAIR,MSHMA24R2AN1,MAHMA24R4AS1,24000,20800,21600,1.87,10,18.3,Yes,7.034,6.33,1.395,1.256
5615125,MB,R6W,P,2026-02-01,2026,"Row house, middle unit",186.2,Two storeys,2026,B1,1,3.57,6468.9,6.469,19238.5,5344.1,61838.7,17177.6,5344.2,0.0,0.0,0.0,0.0,216030965,Air,Central split system,15407.3,T,7.03,3.25,1.87,8.0,18.3,90.0,0.0,0.0,ESTAR,Central split system,2.76,Electric furnace,Electricity,,,Yes,MOOVAIR,MSHMA24R2AN1,MAHMA24R4AS1,24000,20800,21600,1.87,10,18.3,Yes,7.034,6.33,1.087,0.979
5615126,MB,R6W,N,2026-02-01,2026,"Row house, middle unit",186.2,Two storeys,2026,B1,1,2.96,6178.7,6.179,18434.0,5120.6,61043.3,16956.6,5120.6,0.0,0.0,0.0,0.0,216030965,Air,Central split system,15407.3,T,7.03,3.25,1.87,8.0,18.3,90.0,0.0,0.0,ESTAR,Central split system,2.76,Electric furnace,Electricity,,,Yes,MOOVAIR,MSHMA24R2AN1,MAHMA24R4AS1,24000,20800,21600,1.87,10,18.3,Yes,7.034,6.33,1.138,1.025
5615126,MB,R6W,P,2026-02-01,2026,"Row house, middle unit",186.2,Two storeys,2026,B1,1,3.57,6468.9,6.469,19238.5,5344.1,61838.7,17177.6,5344.2,0.0,0.0,0.0,0.0,216030965,Air,Central split system,15407.3,T,7.03,3.25,1.87,8.0,18.3,90.0,0.0,0.0,ESTAR,Central split system,2.76,Electric furnace,Electricity,,,Yes,MOOVAIR,MSHMA24R2AN1,MAHMA24R4AS1,24000,20800,21600,1.87,10,18.3,Yes,7.034,6.33,1.087,0.979
5615127,MB,R6W,N,2026-02-01,2026,"Row house, middle unit",186.2,Two storeys,2026,B1,1,2.82,5683.3,5.683,16440.6,4566.9,59149.9,16430.7,4567.0,0.0,0.0,0.0,0.0,216030965,Air,Central split system,15407.3,T,7.03,3.25,1.87,8.0,18.3,90.0,0.0,0.0,ESTAR,Central split system,2.76,Electric furnace,Electricity,,,Yes,MOOVAIR,MSHMA24R2AN1,MAHMA24R4AS1,24000,20800,21600,1.87,10,18.3,Yes,7.034,6.33,1.238,1.114
5615127,MB,R6W,P,2026-02-01,2026,"Row house, middle unit",186.2,Two storeys,2026,B1,1,3.57,6468.9,6.469,19238.5,5344.1,61838.7,17177.6,5344.2,0.0,0.0,0.0,0.0,216030965,Air,Central split system,15407.3,T,7.03,3.25,1.87,8.0,18.3,90.0,0.0,0.0,ESTAR,Central split system,2.76,Electric furnace,Electricity,,,Yes,MOOVAIR,MSHMA24R2AN1,MAHMA24R4AS1,24000,20800,21600,1.87,10,18.3,Yes,7.034,6.33,1.087,0.979
5615128,MB,R6W,N,2026-02-01,2026,"Row house, middle unit",186.2,Two storeys,2026,B1,1,2.66,5844.7,5.845,17226.4,4785.1,59883.7,16634.5,4785.0,0.0,0.0,0.0,0.0,216030965,Air,Central split system,15407.3,T,7.03,3.25,1.87,8.0,18.3,90.0,0.0,0.0,ESTAR,Central split system,2.76,Electric furnace,Electricity,,,Yes,MOOVAIR,MSHMA24R2AN1,MAHMA24R4AS1,24000,20800,21600,1.87,10,18.3,Yes,7.034,6.33,1.203,1.083
5615128,MB,R6W,P,2026-02-01,2026,"Row house, middle unit",186.2,Two storeys,2026,B1,1,3.57,6468.9,6.469,19238.5,5344.1,61838.7,17177.6,5344.2,0.0,0.0,0.0,0.0,216030965,Air,Central split system,15407.3,T,7.03,3.25,1.87,8.0,18.3,90.0,0.0,0.0,ESTAR,Central split system,2.76,Electric furnace,Electricity,,,Yes,MOOVAIR,MSHMA24R2AN1,MAHMA24R4AS1,24000,20800,21600,1.87,10,18.3,Yes,7.034,6.33,1.087,0.979
5615129,MB,R6W,N,2026-02-01,2026,"Row house, end unit",183.9,Two storeys,2026,B1,1,2.39,6207.6,6.208,19546.0,5429.5,62049.0,17236.0,5429.5,0.0,0.0,0.0,0.0,216030965,Air,Central split system,13591.2,T,7.03,3.25,1.87,8.0,18.3,90.0,0.0,0.0,ESTAR,Central split system,2.76,Electric furnace,Electricity,,,Yes,MOOVAIR,MSHMA24R2AN1,MAHMA24R4AS1,24000,20800,21600,1.87,10,18.3,Yes,7.034,6.33,1.133,1.02
5615129,MB,R6W,P,2026-02-01,2026,"Row house, end unit",183.9,Two storeys,2026,B1,1,3.57,7407.8,7.408,23765.5,6601.6,66158.9,18377.6,6601.4,0.0,0.0,0.0,0.0,216030965,Air,Central split system,13591.2,T,7.03,3.25,1.87,8.0,18.3,90.0,0.0,0.0,ESTAR,Central split system,2.76,Electric furnace,Electricity,,,Yes,MOOVAIR,MSHMA24R2AN1,MAHMA24R4AS1,24000,20800,21600,1.87,10,18.3,Yes,7.034,6.33,0.949,0.855
5616103,MB,R5G,N,2026-03-01,2026,Attached Triplex,358.9,Two storeys,2026,B1;P1,3,0.91,6744.9,6.745,15682.3,4356.2,95805.9,26613.0,4356.1,0.0,0.0,0.0,0.0,211264978,Air,Central split system,16666.7,T,5.48,3.97,2.4,8.25,17.0,105.0,0.0,0.0,,Central split system,3.51,Electric furnace,Electricity,,,Yes,KEEPRITE,DLCURAH18ABK,"FM(C,U)4Z18**AL*",18700,12500,19800,2.40,9,17,No,5.48,5.803,0.813,0.86
5616103,MB,R5G,P,2026-03-01,2026,Attached Triplex,358.9,Two storeys,2026,B1;P1,3,1.5,7962.4,7.962,18908.9,5252.5,98838.6,27455.4,5252.5,0.0,0.0,0.0,0.0,211264978,Air,Central split system,16666.7,T,5.48,3.97,2.4,8.25,17.0,105.0,0.0,0.0,,Central split system,3.51,Electric furnace,Electricity,,,Yes,KEEPRITE,DLCURAH18ABK,"FM(C,U)4Z18**AL*",18700,12500,19800,2.40,9,17,No,5.48,5.803,0.688,0.729
5616107,MB,R5G,N,2026-03-01,2026,Attached Triplex,436.5,Two storeys,2026,B1;P1,3,0.95,6958.7,6.959,14537.0,4038.1,95941.5,26650.6,4038.1,0.0,0.0,0.0,0.0,211264978,Air,Central split system,16666.7,T,5.48,3.97,2.4,8.25,17.0,105.0,0.0,0.0,,Central split system,3.51,Electric furnace,Electricity,,,Yes,KEEPRITE,DLCURAH18ABK,"FM(C,U)4Z18**AL*",18700,12500,19800,2.40,9,17,No,5.48,5.803,0.788,0.834
5616107,MB,R5G,P,2026-03-01,2026,Attached Triplex,436.5,Two storeys,2026,B1;P1,3,1.5,8277.9,8.278,17769.1,4935.9,98932.3,27481.4,4935.9,0.0,0.0,0.0,0.0,211264978,Air,Central split system,16666.7,T,5.48,3.97,2.4,8.25,17.0,105.0,0.0,0.0,,Central split system,3.51,Electric furnace,Electricity,,,Yes,KEEPRITE,DLCURAH18ABK,"FM(C,U)4Z18**AL*",18700,12500,19800,2.40,9,17,No,5.48,5.803,0.662,0.701
5616111,MB,R5G,N,2026-03-01,2026,Attached Triplex,360.0,Two storeys,2025,B1;P1,3,1.05,5995.6,5.996,12086.5,3357.4,92750.0,25764.1,3357.5,0.0,0.0,0.0,0.0,211264978,Air,Central split system,16666.7,T,5.48,3.97,2.4,8.25,17.0,105.0,0.0,0.0,,Central split system,3.51,Electric furnace,Electricity,,,Yes,KEEPRITE,DLCURAH18ABK,"FM(C,U)4Z18**AL*",18700,12500,19800,2.40,9,17,No,5.48,5.803,0.914,0.968
5616111,MB,R5G,P,2026-03-01,2026,Attached Triplex,360.0,Two storeys,2025,B1;P1,3,1.5,6942.5,6.942,14398.9,3999.7,94850.5,26347.6,3999.8,0.0,0.0,0.0,0.0,211264978,Air,Central split system,16666.7,T,5.48,3.97,2.4,8.25,17.0,105.0,0.0,0.0,,Central split system,3.51,Electric furnace,Electricity,,,Yes,KEEPRITE,DLCURAH18ABK,"FM(C,U)4Z18**AL*",18700,12500,19800,2.40,9,17,No,5.48,5.803,0.789,0.836
5616114,MB,R5G,N,2026-03-01,2026,Attached Triplex,436.5,Two storeys,2026,B1;P1,3,1.07,7198.7,7.199,15067.6,4185.5,96436.1,26788.0,4185.6,0.0,0.0,0.0,0.0,211264978,Air,Central split system,16666.7,T,5.48,3.98,2.4,8.25,17.0,105.0,0.0,0.0,,Central split system,3.51,Electric furnace,Electricity,,,Yes,KEEPRITE,DLCURAH18ABK,"FM(C,U)4Z18**AL*",18700,12500,19800,2.40,9,17,No,5.48,5.803,0.761,0.806
5616114,MB,R5G,P,2026-03-01,2026,Attached Triplex,436.5,Two storeys,2026,B1;P1,3,1.5,8345.5,8.346,17939.7,4983.3,99092.3,27525.9,4983.4,0.0,0.0,0.0,0.0,211264978,Air,Central split system,16666.7,T,5.48,3.98,2.4,8.25,17.0,105.0,0.0,0.0,,Central split system,3.51,Electric furnace,Electricity,,,Yes,KEEPRITE,DLCURAH18ABK,"FM(C,U)4Z18**AL*",18700,12500,19800,2.40,9,17,No,5.48,5.803,0.657,0.695
5616117,MB,R5G,N,2026-03-01,2026,Attached Triplex,291.2,Two storeys,2026,B1;P1,3,1.36,7173.6,7.174,14666.4,4074.0,95698.9,26583.2,4073.9,0.0,0.0,0.0,0.0,211264978,Air,Central split system,16666.7,T,5.48,3.97,2.4,8.25,17.0,105.0,0.0,0.0,,Central split system,3.51,Electric furnace,Electricity,,,Yes,KEEPRITE,DLCURAH18ABK,"FM(C,U)4Z18**AL*",18700,12500,19800,2.40,9,17,No,5.48,5.803,0.764,0.809
5616117,MB,R5G,P,2026-03-01,2026,Attached Triplex,291.2,Two storeys,2026,B1;P1,3,1.5,7406.7,7.407,15234.7,4231.9,96228.2,26730.3,4232.0,0.0,0.0,0.0,0.0,211264978,Air,Central split system,16666.7,T,5.48,3.97,2.4,8.25,17.0,105.0,0.0,0.0,,Central split system,3.51,Electric furnace,Electricity,,,Yes,KEEPRITE,DLCURAH18ABK,"FM(C,U)4Z18**AL*",18700,12500,19800,2.40,9,17,No,5.48,5.803,0.74,0.783
5616136,MB,R5G,N,2026-03-01,2026,Attached Triplex,358.9,Two storeys,2026,B1;P1,3,0.85,6731.0,6.731,15686.3,4357.3,95803.7,26612.4,4357.3,0.0,0.0,0.0,0.0,211264978,Air,Central split system,16666.7,T,5.48,3.97,2.4,8.25,17.0,105.0,0.0,0.0,,Central split system,3.51,Electric furnace,Electricity,,,Yes,KEEPRITE,DLCURAH18ABK,"FM(C,U)4Z18**AL*",18700,12500,19800,2.40,9,17,No,5.48,5.803,0.814,0.862
5616136,MB,R5G,P,2026-03-01,2026,Attached Triplex,358.9,Two storeys,2026,B1;P1,3,1.5,8098.6,8.099,19257.5,5349.3,99168.1,27546.9,5349.2,0.0,0.0,0.0,0.0,211264978,Air,Central split system,16666.7,T,5.48,3.97,2.4,8.25,17.0,105.0,0.0,0.0,,Central split system,3.51,Electric furnace,Electricity,,,Yes,KEEPRITE,DLCURAH18ABK,"FM(C,U)4Z18**AL*",18700,12500,19800,2.40,9,17,No,5.48,5.803,0.677,0.717
5616138,MB,R5G,N,2026-03-01,2026,Attached Triplex,436.5,Two storeys,2026,B1;P1,3,0.79,6394.6,6.395,13112.5,3642.4,94628.3,26285.8,3642.3,0.0,0.0,0.0,0.0,211264978,Air,Central split system,16666.7,T,5.48,3.97,2.4,8.25,17.0,105.0,0.0,0.0,,Central split system,3.51,Electric furnace,Electricity,,,Yes,KEEPRITE,DLCURAH18ABK,"FM(C,U)4Z18**AL*",18700,12500,19800,2.40,9,17,No,5.48,5.803,0.857,0.907
5616138,MB,R5G,P,2026-03-01,2026,Attached Triplex,436.5,Two storeys,2026,B1;P1,3,1.5,8309.7,8.31,17867.1,4963.1,99015.0,27504.4,4963.1,0.0,0.0,0.0,0.0,211264978,Air,Central split system,16666.7,T,5.48,3.97,2.4,8.25,17.0,105.0,0.0,0.0,,Central split system,3.51,Electric furnace,Electricity,,,Yes,KEEPRITE,DLCURAH18ABK,"FM(C,U)4Z18**AL*",18700,12500,19800,2.40,9,17,No,5.48,5.803,0.66,0.698
5616139,MB,R5G,N,2026-03-01,2026,Attached Triplex,360.0,Two storeys,2025,B1;P1,3,0.97,5803.3,5.803,11620.8,3228.0,92314.4,25643.1,3228.1,0.0,0.0,0.0,0.0,211264978,Air,Central split system,16666.7,T,5.48,3.97,2.4,8.25,17.0,105.0,0.0,0.0,,Central split system,3.51,Electric furnace,Electricity,,,Yes,KEEPRITE,DLCURAH18ABK,"FM(C,U)4Z18**AL*",18700,12500,19800,2.40,9,17,No,5.48,5.803,0.944,1.0
5616139,MB,R5G,P,2026-03-01,2026,Attached Triplex,360.0,Two storeys,2025,B1;P1,3,1.5,6879.7,6.88,14230.0,3952.8,94718.1,26310.8,3952.8,0.0,0.0,0.0,0.0,211264978,Air,Central split system,16666.7,T,5.48,3.97,2.4,8.25,17.0,105.0,0.0,0.0,,Central split system,3.51,Electric furnace,Electricity,,,Yes,KEEPRITE,DLCURAH18ABK,"FM(C,U)4Z18**AL*",18700,12500,19800,2.40,9,17,No,5.48,5.803,0.797,0.843
5616141,MB,R5G,N,2026-03-01,2026,Attached Triplex,436.5,Two storeys,2026,B1;P1,3,1.0,6949.0,6.949,14416.1,4004.5,95853.0,26626.0,4004.5,0.0,0.0,0.0,0.0,211264978,Air,Central split system,16666.7,T,5.48,3.98,2.4,8.25,17.0,105.0,0.0,0.0,,Central split system,3.51,Electric furnace,Electricity,,,Yes,KEEPRITE,DLCURAH18ABK,"FM(C,U)4Z18**AL*",18700,12500,19800,2.40,9,17,No,5.48,5.803,0.789,0.835
5616141,MB,R5G,P,2026-03-01,2026,Attached Triplex,436.5,Two storeys,2026,B1;P1,3,1.5,8309.7,8.31,17829.2,4952.6,98999.4,27500.1,4952.5,0.0,0.0,0.0,0.0,211264978,Air,Central split system,16666.7,T,5.48,3.98,2.4,8.25,17.0,105.0,0.0,0.0,,Central split system,3.51,Electric furnace,Electricity,,,Yes,KEEPRITE,DLCURAH18ABK,"FM(C,U)4Z18**AL*",18700,12500,19800,2.40,9,17,No,5.48,5.803,0.66,0.698
5616142,MB,R5G,N,2026-03-01,2026,Attached Triplex,291.2,Two storeys,2026,B1;P1,3,1.34,6983.5,6.984,14167.6,3935.5,95246.7,26457.6,3935.6,0.0,0.0,0.0,0.0,211264978,Air,Central split system,16666.7,T,5.48,3.97,2.4,8.25,17.0,105.0,0.0,0.0,,Central split system,3.51,Electric furnace,Electricity,,,Yes,KEEPRITE,DLCURAH18ABK,"FM(C,U)4Z18**AL*",18700,12500,19800,2.40,9,17,No,5.48,5.803,0.785,0.831
5616142,MB,R5G,P,2026-03-01,2026,Attached Triplex,291.2,Two storeys,2026,B1;P1,3,1.5,7421.8,7.422,15309.6,4252.7,96297.4,26749.5,4252.8,0.0,0.0,0.0,0.0,211264978,Air,Central split system,16666.7,T,5.48,3.97,2.4,8.25,17.0,105.0,0.0,0.0,,Central split system,3.51,Electric furnace,Electricity,,,Yes,KEEPRITE,DLCURAH18ABK,"FM(C,U)4Z18**AL*",18700,12500,19800,2.40,9,17,No,5.48,5.803,0.738,0.782
5616431,MB,R0K,N,2026-02-01,2026,Single Detached,401.0,One storey,2026,B1;C1;F1,1,0.63,9547.1,9.547,14442.6,4011.9,57659.6,16016.7,4012.0,0.0,0.0,0.0,0.0,216128497,Ground,Ground source heat pump,16441.3,F,0.0,3.9,0.0,0.0,0.0,0.0,0.0,0.0,,Conventional A/C,5.22,Electric furnace,Electricity,Wood fireplace insert,Mixed Wood,No,,,,,,,,,,,,,,
5616431,MB,R0K,P,2026-02-01,2026,Single Detached,401.0,One storey,2026,B1;C1;F1,1,1.5,11448.4,11.448,17265.8,4796.1,60283.1,16745.4,4796.1,0.0,0.0,0.0,0.0,216128497,Ground,Ground source heat pump,16441.3,F,0.0,3.9,0.0,0.0,0.0,0.0,0.0,0.0,,Conventional A/C,5.22,Electric furnace,Electricity,Wood fireplace insert,Mixed Wood,No,,,,,,,,,,,,,,
5616476,MB,R0C,N,2026-03-01,2026,Single Detached,351.2,One storey,2026,B1,1,0.61,7847.3,7.847,28595.3,7943.2,74305.2,20640.5,7943.1,0.0,0.0,0.0,0.0,211624974,Air,Coils Only,18626.4,T,10.26,3.01,1.8,7.4,16.0,80.0,0.0,0.0,,Coils Only,2.93,Electric furnace,Electricity,Wood fireplace insert,Mixed Wood,Yes,NAPOLEON,WSEHV2436RA1-N,NPFX24A36A,35000,29000,28000,1.80,9,16,Yes,10.257,8.206,1.307,1.046
5616476,MB,R0C,P,2026-03-01,2026,Single Detached,351.2,One storey,2026,B1,1,1.0,8659.0,8.659,31673.6,8798.3,77238.1,21455.2,8798.4,0.0,0.0,0.0,0.0,211624974,Air,Coils Only,18626.4,T,10.26,3.01,1.8,7.4,16.0,80.0,0.0,0.0,,Coils Only,2.93,Electric furnace,Electricity,Wood fireplace insert,Mixed Wood,Yes,NAPOLEON,WSEHV2436RA1-N,NPFX24A36A,35000,29000,28000,1.80,9,16,Yes,10.257,8.206,1.185,0.948
5617411,MB,R3L,D,2026-03-01,2026,Single Detached,241.9,Two storeys,1948,B1,1,0.62,7017.5,7.018,21400.3,5944.6,66649.6,18513.9,5944.5,0.0,0.0,0.0,0.0,206223044,Air,Central split system,16538.3,T,7.62,3.23,1.94,0.0,0.0,100.0,0.0,0.0,,Central split system,3.35,Electric furnace,Electricity,,,Yes,,,,,,,,,,,,,,
5618625,MB,R6W,N,2026-02-01,2026,Single Detached,301.0,Two storeys,2026,,1,1.17,8788.3,8.788,10280.4,2855.7,52341.7,14539.5,2855.6,0.0,0.0,0.0,0.0,216772576,Ground,Ground source heat pump,9000.0,F,0.0,4.1,0.0,0.0,0.0,0.0,0.0,0.0,C448,Conventional A/C,5.63,Electric furnace,Electricity,Furnace/Boiler w/ spark ignition,Natural Gas,No,,,,,,,,,,,,,,
5618625,MB,R6W,P,2026-02-01,2026,Single Detached,301.0,Two storeys,2025,,1,1.5,9131.7,9.132,10744.7,2984.7,52793.8,14665.1,2984.7,0.0,0.0,0.0,0.0,216772576,Ground,Ground source heat pump,9500.0,F,0.0,4.1,0.0,0.0,0.0,0.0,0.0,0.0,C448,Conventional A/C,5.63,Electric furnace,Electricity,Furnace/Boiler w/ spark ignition,Natural Gas,No,,,,,,,,,,,,,,
5619315,MB,R5G,N,2026-03-01,2026,"Row house, end unit",108.7,One storey,2026,B1;P1;P2,1,0.65,3446.6,3.447,6404.2,1779.0,49721.8,13811.7,1778.9,0.0,0.0,0.0,0.0,215381160,Air,Central split system,6740.6,F,0.0,3.714,0.0,0.0,0.0,0.0,6.05,15.2,,Central split system,3.255,Electric furnace,Electricity,,,Yes,GOODMAN,GLZS5BA2410A*,AMST24BU1300A*,23000,13000,11300,1.90,7.8,15.2,No,6.741,3.312,1.956,0.961
5619315,MB,R5G,P,2026-03-01,2026,"Row house, end unit",108.7,One storey,2026,B1;P1;P2,1,1.5,3855.4,3.855,7668.9,2130.3,50861.6,14128.3,2130.3,0.0,0.0,0.0,0.0,215381160,Air,Central split system,6740.6,F,0.0,3.714,0.0,0.0,0.0,0.0,6.05,15.2,,Central split system,3.255,Electric furnace,Electricity,,,Yes,GOODMAN,GLZS5BA2410A*,AMST24BU1300A*,23000,13000,11300,1.90,7.8,15.2,No,6.741,3.312,1.748,0.859
5619602,MB,R0G,N,2026-03-01,2026,"Row house, end unit",175.6,Two storeys,2026,B1,1,1.62,6044.2,6.044,22391.0,6219.8,54579.6,15161.1,6219.8,0.0,0.0,0.0,0.0,215471326,Air,Central split system,13808.0,T,7.62,3.25,1.87,7.7,0.0,83.0,0.0,0.0,,Central split system,2.86,Electric furnace,Electricity,,,Yes,MIDEA,MO1BE-H24B-2A,MAUHE-H24B-2A,26000,20800,21600,1.87,9.7,18.1,Yes,7.62,6.33,1.261,1.047
5619602,MB,R0G,P,2026-03-01,2026,"Row house, end unit",175.6,Two storeys,2026,B1,1,3.5,8041.4,8.041,29541.0,8205.9,61518.3,17088.6,8205.9,0.0,0.0,0.0,0.0,215471326,Air,Central split system,13808.0,T,7.62,3.25,1.87,7.7,0.0,83.0,0.0,0.0,,Central split system,2.86,Electric furnace,Electricity,,,Yes,MIDEA,MO1BE-H24B-2A,MAUHE-H24B-2A,26000,20800,21600,1.87,9.7,18.1,Yes,7.62,6.33,0.948,0.787
5619603,MB,R0G,N,2026-03-01,2026,"Row house, middle unit",178.3,Two storeys,2026,B1,1,2.55,5336.7,5.337,17744.4,4929.0,50425.7,14007.3,4928.9,0.0,0.0,0.0,0.0,215471326,Air,Central split system,13808.0,T,7.62,3.25,1.87,7.7,0.0,83.0,0.0,0.0,,Central split system,2.86,Electric furnace,Electricity,,,Yes,MIDEA,MO1BE-H24B-2A,MAUHE-H24B-2A,26000,20800,21600,1.87,9.7,18.1,Yes,7.62,6.33,1.428,1.186
5619603,MB,R0G,P,2026-03-01,2026,"Row house, middle unit",178.3,Two storeys,2026,B1,1,3.5,6684.1,6.684,22894.5,6359.6,55303.4,15362.2,6359.5,0.0,0.0,0.0,0.0,215471326,Air,Central split system,13808.0,T,7.62,3.25,1.87,7.7,0.0,83.0,0.0,0.0,,Central split system,2.86,Electric furnace,Electricity,,,Yes,MIDEA,MO1BE-H24B-2A,MAUHE-H24B-2A,26000,20800,21600,1.87,9.7,18.1,Yes,7.62,6.33,1.14,0.947
5619604,MB,R0G,N,2026-03-01,2026,"Row house, middle unit",178.3,Two storeys,2026,B1,1,2.26,5242.6,5.243,17524.9,4868.1,50203.7,13945.6,4868.1,0.0,0.0,0.0,0.0,215471326,Air,Central split system,13808.0,T,7.62,3.25,1.87,7.7,0.0,83.0,0.0,0.0,,Central split system,2.86,Electric furnace,Electricity,,,Yes,MIDEA,MO1BE-H24B-2A,MAUHE-H24B-2A,26000,20800,21600,1.87,9.7,18.1,Yes,7.62,6.33,1.453,1.207
5619604,MB,R0G,P,2026-03-01,2026,"Row house, middle unit",178.3,Two storeys,2026,B1,1,3.5,6684.1,6.684,22894.5,6359.6,55303.4,15362.2,6359.5,0.0,0.0,0.0,0.0,215471326,Air,Central split system,13808.0,T,7.62,3.25,1.87,7.7,0.0,83.0,0.0,0.0,,Central split system,2.86,Electric furnace,Electricity,,,Yes,MIDEA,MO1BE-H24B-2A,MAUHE-H24B-2A,26000,20800,21600,1.87,9.7,18.1,Yes,7.62,6.33,1.14,0.947
5619605,MB,R0G,N,2026-03-01,2026,"Row house, end unit",175.6,Two storeys,2026,B1,1,1.84,6361.0,6.361,23570.1,6547.3,55710.4,15475.2,6547.3,0.0,0.0,0.0,0.0,215471326,Air,Central split system,13808.0,T,7.62,3.25,1.87,7.7,0.0,83.0,0.0,0.0,,Central split system,2.86,Electric furnace,Electricity,,,Yes,MIDEA,MO1BE-H24B-2A,MAUHE-H24B-2A,26000,20800,21600,1.87,9.7,18.1,Yes,7.62,6.33,1.198,0.995
5619605,MB,R0G,P,2026-03-01,2026,"Row house, end unit",175.6,Two storeys,2026,B1,1,3.5,8041.4,8.041,29541.0,8205.9,61518.3,17088.6,8205.9,0.0,0.0,0.0,0.0,215471326,Air,Central split system,13808.0,T,7.62,3.25,1.87,7.7,0.0,83.0,0.0,0.0,,Central split system,2.86,Electric furnace,Electricity,,,Yes,MIDEA,MO1BE-H24B-2A,MAUHE-H24B-2A,26000,20800,21600,1.87,9.7,18.1,Yes,7.62,6.33,0.948,0.787
5620590,MB,R5A,D,2026-03-01,2026,Single Detached,437.0,Two storeys,1991,B1,1,2.9205,21325.8,21.326,33769.4,9380.5,83072.8,23076.0,9380.4,0.0,0.0,0.0,0.0,207200623,Ground,Ground source heat pump,20075.3,F,0.0,3.7,0.0,0.0,0.0,0.0,0.0,0.0,,Conventional A/C,5.01,Baseboard/Hydronic/Plenum(duct) htrs.,Electricity,Fireplace with pilot (sealed),Propane,No,,,,,,,,,,,,,,
5621355,MB,R0M,N,2026-03-01,2026,Single Detached,346.6,One storey,2026,B1,1,0.72,8261.2,8.261,12946.7,3596.3,55535.8,15426.7,3596.4,0.0,0.0,0.0,0.0,216054110,Ground,Ground source heat pump,16441.3,F,0.0,3.9,0.0,0.0,0.0,0.0,0.0,0.0,C448,Conventional A/C,5.22,Electric furnace,Electricity,,,No,,,,,,,,,,,,,,
5621355,MB,R0M,P,2026-03-01,2026,Single Detached,346.6,One storey,2026,B1,1,1.5,9269.7,9.27,14435.7,4009.9,56930.4,15814.1,4010.0,0.0,0.0,0.0,0.0,216054110,Ground,Ground source heat pump,16441.3,F,0.0,3.9,0.0,0.0,0.0,0.0,0.0,0.0,C448,Conventional A/C,5.22,Electric furnace,Electricity,,,No,,,,,,,,,,,,,,
5621844,MB,R0E,N,2026-03-01,2026,Single Detached,155.4,Two storeys,2026,C1;F1,1,2.57,9037.3,9.037,20483.6,5689.9,74606.6,20724.2,5690.0,0.0,0.0,0.0,0.0,206249117,Air,Central split system,18617.6,T,10.26,3.0,1.8,7.4,16.0,80.0,0.0,0.0,,Central split system,2.93,Electric furnace,Electricity,,,Yes,GREE,GUD36W/A-D(U),GUD36AH2/A-D(U),35000,29000,28000,1.80,9,16,Yes,10.257,8.206,1.135,0.908
5621844,MB,R0E,P,2026-03-01,2026,Single Detached,155.4,Two storeys,2026,C1;F1,1,3.0,9044.7,9.045,19953.6,5542.7,72144.2,20040.2,5542.8,0.0,0.0,0.0,0.0,206249117,Air,Central split system,7000.0,T,10.26,3.0,1.8,7.4,16.0,80.0,0.0,0.0,,Central split system,2.93,Electric furnace,Electricity,,,Yes,GREE,GUD36W/A-D(U),GUD36AH2/A-D(U),35000,29000,28000,1.80,9,16,Yes,10.257,8.206,1.134,0.907
5622710,MB,R3Y,N,2026-04-01,2026,Single Detached,232.3,Two storeys,2025,B1,1,1.0285,8867.4,8.867,20890.0,5802.8,75992.8,21109.3,5802.8,2216.7,0.0,0.0,0.0,217287926,Air,Central split system,16881.7,T,10.55,3.02,1.8,7.0,15.2,72.0,0.0,0.0,,Central split system,2.79,Condensing furnace,Natural Gas,,,Yes,GREE,WLUD36W/A-D(U),WLCAT36F/NAA,36000,23200,26000,1.80,8.5,15.2,No,10.551,7.62,1.19,0.859
5622710,MB,R3Y,P,2026-04-01,2026,Single Detached,232.3,Two storeys,2025,B1,1,4.55,13010.1,13.01,24255.1,6737.6,94145.7,26151.8,6737.6,6510.9,0.0,0.0,0.0,217287926,Air,Central split system,16881.7,T,10.55,3.02,1.8,7.0,15.2,72.0,0.0,0.0,,Central split system,2.79,Condensing furnace,Natural Gas,,,Yes,GREE,WLUD36W/A-D(U),WLCAT36F/NAA,36000,23200,26000,1.80,8.5,15.2,No,10.551,7.62,0.811,0.586
5623056,MB,R5G,N,2026-03-01,2026,Apartment,2510.7,Three storeys,2026,B1;B2,24,2.34,64377.3,64.377,150804.5,41890.5,805687.5,223803.9,41890.6,0.0,0.0,0.0,0.0,215408662,Air,Central single package system,99995.8,T,7.03,3.25,1.87,8.0,0.0,90.0,0.0,0.0,,Central single package system,2.76,Electric furnace,Electricity,,,Yes,INNOVAIR,SHV24H2BA,SAV24BDA,24000,20800,21600,1.87,10,18.3,Yes,7.034,6.33,0.109,0.098
5623056,MB,R5G,P,2026-03-01,2026,Apartment,2510.7,Three storeys,2026,B1;B2,24,2.5,66698.2,66.698,157564.5,43768.3,811884.6,225525.3,43768.1,0.0,0.0,0.0,0.0,215408662,Air,Central single package system,99995.8,T,7.03,3.25,1.87,8.0,0.0,90.0,0.0,0.0,,Central single package system,2.76,Electric furnace,Electricity,,,Yes,INNOVAIR,SHV24H2BA,SAV24BDA,24000,20800,21600,1.87,10,18.3,Yes,7.034,6.33,0.105,0.095
5623206,MB,R5G,N,2026-03-01,2026,"Row house, middle unit",113.7,One storey,2026,B1;P1;P2,1,0.98,2798.5,2.798,3862.5,1072.9,47341.6,13150.5,1073.1,0.0,0.0,0.0,0.0,215381160,Air,Central split system,6740.6,F,0.0,3.714,0.0,0.0,0.0,0.0,6.05,15.2,,Central split system,3.255,Electric furnace,Electricity,,,Yes,GOODMAN,GLZS5BA2410A*,AMST24BU1300A*,23000,13000,11300,1.90,7.8,15.2,No,6.741,3.312,2.409,1.183
5623206,MB,R5G,P,2026-03-01,2026,"Row house, middle unit",113.7,One storey,2026,B1;P1;P2,1,1.5,3187.5,3.188,4868.9,1352.5,48204.7,13390.3,1352.5,0.0,0.0,0.0,0.0,215381160,Air,Central split system,6740.6,F,0.0,3.714,0.0,0.0,0.0,0.0,6.05,15.2,ESTAR,Central split system,3.255,Electric furnace,Electricity,,,Yes,GOODMAN,GLZS5BA2410A*,AMST24BU1300A*,23000,13000,11300,1.90,7.8,15.2,No,6.741,3.312,2.115,1.039
5623207,MB,R5G,N,2026-03-01,2026,"Row house, middle unit",113.7,One storey,2026,B1;P1;P2,1,0.76,2787.6,2.788,3813.0,1059.2,47265.7,13129.5,1059.2,0.0,0.0,0.0,0.0,215381160,Air,Central split system,6740.6,F,0.0,3.714,0.0,0.0,0.0,0.0,6.05,15.2,,Central split system,3.255,Electric furnace,Electricity,,,Yes,GOODMAN,GLZS5BA2410A*,AMST24BU1300A*,23000,13000,11300,1.90,7.8,15.2,No,6.741,3.312,2.418,1.188
5623207,MB,R5G,P,2026-03-01,2026,"Row house, middle unit",113.7,One storey,2026,B1;P1;P2,1,1.5,3187.5,3.188,4812.3,1336.8,48127.8,13368.9,1336.7,0.0,0.0,0.0,0.0,215381160,Air,Central split system,6740.6,F,0.0,3.714,0.0,0.0,0.0,0.0,6.05,15.2,ESTAR,Central split system,3.255,Electric furnace,Electricity,,,Yes,GOODMAN,GLZS5BA2410A*,AMST24BU1300A*,23000,13000,11300,1.90,7.8,15.2,No,6.741,3.312,2.115,1.039
5623208,MB,R5G,N,2026-03-01,2026,"Row house, middle unit",113.7,One storey,2026,B1;P1;P2,1,0.86,2889.8,2.89,4107.3,1140.9,47537.5,13205.0,1140.8,0.0,0.0,0.0,0.0,215381160,Air,Central split system,6740.6,F,0.0,3.714,0.0,0.0,0.0,0.0,6.05,15.2,,Central split system,3.255,Electric furnace,Electricity,,,Yes,GOODMAN,GLZS5BA2410A*,AMST24BU1300A*,23000,13000,11300,1.90,7.8,15.2,No,6.741,3.312,2.333,1.146
5623208,MB,R5G,P,2026-03-01,2026,"Row house, middle unit",113.7,One storey,2026,B1;P1;P2,1,1.5,3187.5,3.188,4868.9,1352.5,48204.7,13390.3,1352.5,0.0,0.0,0.0,0.0,215381160,Air,Central split system,6740.6,F,0.0,3.714,0.0,0.0,0.0,0.0,6.05,15.2,,Central split system,3.255,Electric furnace,Electricity,,,Yes,GOODMAN,GLZS5BA2410A*,AMST24BU1300A*,23000,13000,11300,1.90,7.8,15.2,No,6.741,3.312,2.115,1.039
5623209,MB,R5G,N,2026-04-01,2026,"Row house, end unit",108.7,One storey,2026,B1;P1;P2,1,1.17,3807.5,3.808,7400.8,2055.8,50484.1,14023.5,2055.8,0.0,0.0,0.0,0.0,215381160,Air,Central split system,6740.6,F,0.0,3.714,0.0,0.0,0.0,0.0,6.05,15.2,,Central split system,3.255,Electric furnace,Electricity,,,Yes,GOODMAN,GLZS5BA2410A*,AMST24BU1300A*,23000,13000,11300,1.90,7.8,15.2,No,6.741,3.312,1.77,0.87
5623209,MB,R5G,P,2026-04-01,2026,"Row house, end unit",108.7,One storey,2026,B1;P1;P2,1,1.5,3887.7,3.888,7565.0,2101.4,50640.9,14067.0,2101.4,0.0,0.0,0.0,0.0,215381160,Air,Central split system,6740.6,F,0.0,3.714,0.0,0.0,0.0,0.0,6.05,15.2,,Central split system,3.255,Electric furnace,Electricity,,,Yes,GOODMAN,GLZS5BA2410A*,AMST24BU1300A*,23000,13000,11300,1.90,7.8,15.2,No,6.741,3.312,1.734,0.852
5623210,MB,R5G,N,2026-04-01,2026,"Row house, middle unit",113.7,One storey,2026,B1;P1;P2,1,1.1,2955.5,2.956,4279.2,1188.7,47710.2,13252.9,1188.6,0.0,0.0,0.0,0.0,215381160,Air,Central split system,6740.6,F,0.0,3.714,0.0,0.0,0.0,0.0,6.05,15.2,,Central split system,3.255,Electric furnace,Electricity,,,Yes,GOODMAN,GLZS5BA2410A*,AMST24BU1300A*,23000,13000,11300,1.90,7.8,15.2,No,6.741,3.312,2.281,1.121
5623210,MB,R5G,P,2026-04-01,2026,"Row house, middle unit",113.7,One storey,2026,B1;P1;P2,1,1.5,3221.4,3.221,4996.6,1388.0,48329.6,13425.0,1388.1,0.0,0.0,0.0,0.0,215381160,Air,Central split system,6740.6,F,0.0,3.714,0.0,0.0,0.0,0.0,6.05,15.2,ESTAR,Central split system,3.255,Electric furnace,Electricity,,,Yes,GOODMAN,GLZS5BA2410A*,AMST24BU1300A*,23000,13000,11300,1.90,7.8,15.2,No,6.741,3.312,2.092,1.028
5623211,MB,R5G,N,2026-04-01,2026,"Row house, middle unit",113.7,One storey,2026,B1;P1;P2,1,1.09,2999.4,2.999,4181.8,1161.6,47534.4,13204.1,1161.7,0.0,0.0,0.0,0.0,215381160,Air,Central split system,6740.6,F,0.0,3.714,0.0,0.0,0.0,0.0,6.05,15.2,,Central split system,3.255,Electric furnace,Electricity,,,Yes,GOODMAN,GLZS5BA2410A*,AMST24BU1300A*,23000,13000,11300,1.90,7.8,15.2,No,6.741,3.312,2.247,1.104
5623211,MB,R5G,P,2026-04-01,2026,"Row house, middle unit",113.7,One storey,2026,B1;P1;P2,1,1.5,3227.4,3.227,4795.9,1332.2,48068.3,13352.4,1332.2,0.0,0.0,0.0,0.0,215381160,Air,Central split system,6740.6,F,0.0,3.714,0.0,0.0,0.0,0.0,6.05,15.2,ESTAR,Central split system,3.255,Electric furnace,Electricity,,,Yes,GOODMAN,GLZS5BA2410A*,AMST24BU1300A*,23000,13000,11300,1.90,7.8,15.2,No,6.741,3.312,2.089,1.026
5623212,MB,R5G,N,2026-04-01,2026,"Row house, middle unit",113.7,One storey,2026,B1;P1;P2,1,0.7888,2749.7,2.75,3601.4,1000.4,47046.3,13068.5,1000.3,0.0,0.0,0.0,0.0,215381160,Air,Central split system,6740.6,F,0.0,3.714,0.0,0.0,0.0,0.0,6.05,15.2,,Central split system,3.255,Electric furnace,Electricity,,,Yes,GOODMAN,GLZS5BA2410A*,AMST24BU1300A*,23000,13000,11300,1.90,7.8,15.2,No,6.741,3.312,2.451,1.204
5623212,MB,R5G,P,2026-04-01,2026,"Row house, middle unit",113.7,One storey,2026,B1;P1;P2,1,1.5,3227.4,3.227,4795.9,1332.2,48068.3,13352.4,1332.2,0.0,0.0,0.0,0.0,215381160,Air,Central split system,6740.6,F,0.0,3.714,0.0,0.0,0.0,0.0,6.05,15.2,ESTAR,Central split system,3.255,Electric furnace,Electricity,,,Yes,GOODMAN,GLZS5BA2410A*,AMST24BU1300A*,23000,13000,11300,1.90,7.8,15.2,No,6.741,3.312,2.089,1.026
5623434,MB,R0A,N,2026-03-01,2026,Single Detached,363.6,One storey,2026,B1,1,0.41,8458.0,8.458,16126.2,4479.5,70943.6,19706.7,4479.5,2073.6,0.0,0.0,0.0,207173014,Air,Central split system,12495.4,T,9.79,3.17,1.81,6.6,15.5,56.0,0.0,0.0,,Central split system,2.43,Condensing furnace,Natural Gas,Furnace/Boiler w/ spark ignition,Natural Gas,Yes,DAIKIN,DZ17VSA361B*,CA*EA3026*4A*,34200,22400,,1.90,8.2,15.5,No,10.023,,1.185,
5623434,MB,R0A,P,2026-03-01,2026,Single Detached,363.6,One storey,2025,B1,1,1.5,10524.7,10.525,19387.6,5385.5,76781.7,21328.4,5385.6,2889.5,0.0,0.0,0.0,207173014,Air,Central split system,12495.4,T,9.79,3.17,1.81,6.6,15.5,56.0,0.0,0.0,,Central split system,2.43,Condensing furnace,Natural Gas,Furnace/Boiler w/ spark ignition,Natural Gas,Yes,DAIKIN,DZ17VSA361B*,CA*EA3026*4A*,34200,22400,,1.90,8.2,15.5,No,10.023,,0.952,
5623919,MB,R5G,N,2026-04-01,2026,Apartment Row,2103.9,Three storeys,2026,,18,0.93,32723.5,32.724,51686.9,14357.6,572130.9,158926.5,14357.6,0.0,0.0,0.0,0.0,216644641,Air,Ductless Mini- or Multi-split system,99995.7,F,0.0,5.48,0.0,0.0,0.0,0.0,9.69,15.2,,Ductless Mini- or Multi-split system,3.255,Baseboard/Hydronic/Plenum(duct) htrs.,Electricity,Forced air furnace,Electricity,Yes,COMFORTMAKER,D5CUHAH18AAK,"FM(C,U)5Z18**AL*",21200,15900,18800,2.08,12.5,15.2,Yes,6.213,5.51,0.19,0.168
5623919,MB,R5G,P,2026-04-01,2026,Apartment Row,2103.9,Three storeys,2026,,18,1.5,38081.2,38.081,61966.2,17213.0,581481.9,161524.0,17212.9,0.0,0.0,0.0,0.0,216644641,Air,Ductless Mini- or Multi-split system,99995.7,F,0.0,5.48,0.0,0.0,0.0,0.0,9.69,15.2,,Ductless Mini- or Multi-split system,3.255,Baseboard/Hydronic/Plenum(duct) htrs.,Electricity,Forced air furnace,Electricity,Yes,COMFORTMAKER,D5CUHAH18AAK,"FM(C,U)5Z18**AL*",21200,15900,18800,2.08,12.5,15.2,Yes,6.213,5.51,0.163,0.145
5623924,MB,R5G,N,2026-04-01,2026,Apartment Row,2173.9,Three storeys,2026,,18,1.06,32376.0,32.376,50049.9,13902.9,565470.1,157076.3,13902.9,0.0,0.0,0.0,0.0,216644641,Air,Ductless Mini- or Multi-split system,99995.8,F,0.0,5.48,0.0,0.0,0.0,0.0,9.69,15.2,,Ductless Mini- or Multi-split system,3.255,Baseboard/Hydronic/Plenum(duct) htrs.,Electricity,Forced air furnace,Electricity,Yes,COMFORTMAKER,D5CUHAH18AAK,"FM(C,U)5Z18**AL*",21200,15900,18800,2.08,12.5,15.2,Yes,6.213,5.51,0.192,0.17
5623924,MB,R5G,P,2026-04-01,2026,Apartment Row,2173.9,Three storeys,2026,,18,1.5,38474.6,38.475,62694.5,17415.3,576652.8,160182.6,17415.4,0.0,0.0,0.0,0.0,216644641,Air,Ductless Mini- or Multi-split system,99995.8,F,0.0,5.48,0.0,0.0,0.0,0.0,9.69,15.2,,Ductless Mini- or Multi-split system,3.255,Baseboard/Hydronic/Plenum(duct) htrs.,Electricity,Forced air furnace,Electricity,Yes,COMFORTMAKER,D5CUHAH18AAK,"FM(C,U)5Z18**AL*",21200,15900,18800,2.08,12.5,15.2,Yes,6.213,5.51,0.161,0.143
5624294,MB,R0K,N,2026-04-01,2026,Double/Semi-detached,955.2,Two storeys,2026,B1,1,0.44,11609.7,11.61,17820.0,4950.0,62105.4,17251.6,4950.0,0.0,0.0,0.0,0.0,7487665,Ground,Ground source heat pump,11693.5,F,0.0,4.3,0.0,0.0,0.0,0.0,0.0,0.0,C448,Conventional A/C,5.92,Electric furnace,Electricity,,,No,,,,,,,,,,,,,,
5624294,MB,R0K,P,2026-04-01,2026,Double/Semi-detached,955.2,Two storeys,2026,B1,1,1.0,14204.2,14.204,21192.3,5886.8,65409.4,18169.4,5886.7,0.0,0.0,0.0,0.0,7487665,Ground,Ground source heat pump,11693.5,F,0.0,4.3,0.0,0.0,0.0,0.0,0.0,0.0,C448,Conventional A/C,5.92,Electric furnace,Electricity,,,No,,,,,,,,,,,,,,
5624295,MB,R0K,N,2026-04-01,2026,Double/Semi-detached,721.7,Two storeys,2026,B1,1,0.59,10059.6,10.06,15309.7,4252.7,59433.6,16509.5,4252.8,0.0,0.0,0.0,0.0,7487657,Ground,Ground source heat pump,8528.4,F,0.0,4.5,0.0,0.0,0.0,0.0,0.0,0.0,C448,Conventional A/C,6.13,Electric furnace,Electricity,,,No,,,,,,,,,,,,,,
5624295,MB,R0K,P,2026-04-01,2026,Double/Semi-detached,721.7,Two storeys,2026,B1,1,1.0,11357.9,11.358,17084.9,4745.8,61167.9,16991.2,4745.9,0.0,0.0,0.0,0.0,7487657,Ground,Ground source heat pump,8528.4,F,0.0,4.5,0.0,0.0,0.0,0.0,0.0,0.0,C448,Conventional A/C,6.13,Electric furnace,Electricity,,,No,,,,,,,,,,,,,,
5624297,MB,R0K,N,2026-04-01,2026,Double/Semi-detached,955.2,Two storeys,2026,B1,1,0.45,11693.5,11.694,17945.2,4984.8,62228.1,17285.7,4984.8,0.0,0.0,0.0,0.0,7487665,Ground,Ground source heat pump,11693.5,F,0.0,4.3,0.0,0.0,0.0,0.0,0.0,0.0,C448,Conventional A/C,5.92,Electric furnace,Electricity,,,No,,,,,,,,,,,,,,
5624297,MB,R0K,P,2026-04-01,2026,Double/Semi-detached,955.2,Two storeys,2026,B1,1,1.0,14204.2,14.204,21192.3,5886.8,65409.4,18169.4,5886.7,0.0,0.0,0.0,0.0,7487665,Ground,Ground source heat pump,11693.5,F,0.0,4.3,0.0,0.0,0.0,0.0,0.0,0.0,C448,Conventional A/C,5.92,Electric furnace,Electricity,,,No,,,,,,,,,,,,,,
5624298,MB,R0K,N,2026-04-01,2026,Double/Semi-detached,721.7,Two storeys,2026,B1,1,0.53,9570.4,9.57,14505.1,4029.2,58657.4,16293.9,4029.2,0.0,0.0,0.0,0.0,7487657,Ground,Ground source heat pump,8528.4,F,0.0,4.5,0.0,0.0,0.0,0.0,0.0,0.0,C448,Conventional A/C,6.13,Electric furnace,Electricity,,,No,,,,,,,,,,,,,,
5624298,MB,R0K,P,2026-04-01,2026,Double/Semi-detached,721.7,Two storeys,2026,B1,1,1.0,11357.9,11.358,17084.8,4745.8,61168.3,16991.3,4745.9,0.0,0.0,0.0,0.0,7487657,Ground,Ground source heat pump,8528.4,F,0.0,4.5,0.0,0.0,0.0,0.0,0.0,0.0,C448,Conventional A/C,6.13,Electric furnace,Electricity,,,No,,,,,,,,,,,,,,
5624709,MB,R0C,N,2026-04-01,2026,Single Detached,165.1,One storey,2026,C1;F1,1,0.67,3054.3,3.054,7602.1,2111.7,36994.5,10276.3,2111.7,0.0,0.0,0.0,0.0,207764688,Air,Central single package system,12121.1,T,5.57,3.39,2.04,7.6,0.0,98.0,0.0,0.0,,Central single package system,3.26,Baseboard/Hydronic/Plenum(duct) htrs.,Electricity,,,Yes,MOOVAIR,DMA18HOS20230E7,FMA18HIAHUU230X7,19000,13500,16500,2.04,9.3,18,Yes,5.568,4.836,1.823,1.583
5624709,MB,R0C,P,2026-04-01,2026,Single Detached,165.1,One storey,2026,C1;F1,1,1.0,3250.6,3.251,8245.2,2290.4,37594.6,10443.0,2290.3,0.0,0.0,0.0,0.0,207764688,Air,Central single package system,12121.1,T,5.57,3.39,2.04,7.6,0.0,98.0,0.0,0.0,,Central single package system,3.26,Baseboard/Hydronic/Plenum(duct) htrs.,Electricity,,,Yes,MOOVAIR,DMA18HOS20230E7,FMA18HIAHUU230X7,19000,13500,16500,2.04,9.3,18,Yes,5.568,4.836,1.713,1.488
5168238,MB,R3T,D,2026-04-01,2026,Single Detached,463.1,Two storeys,2010,B1,1,3.1878,26874.5,26.874,101410.3,28169.8,149259.4,41461.3,28169.7,0.0,0.0,0.0,0.0,207436144,Air,Central split system,24117.7,T,13.04,3.28,1.96,7.65,20.0,82.0,0.0,0.0,ESTAR,Central split system,3.52,Electric furnace,Electricity,,,Yes,LENNOX,SL25XPV-048-230A**,CBA38MV-060-230*+TDR,44500,43000,36800,1.96,9.3,20,Yes,13.042,10.785,0.485,0.401
5627240,MB,R2H,N,2026-04-01,2026,Single Detached,383.8,One storey,2026,B1;B2,1,0.72,9408.4,9.408,22543.2,6262.1,79522.3,22089.7,6262.0,2834.7,0.0,0.0,0.0,211644151,Air,Coils Only,16881.8,T,10.55,3.02,1.8,7.0,15.2,72.0,0.0,0.0,,Coils Only,2.79,Condensing furnace,Natural Gas,Fireplace with spark ignit. (sealed),Natural Gas,Yes,GREE,GUD36W/A-D(U),GCAT36*/NAA,36000,23200,26000,1.80,8.5,15.2,Yes,10.551,7.62,1.121,0.81
5627240,MB,R2H,P,2026-04-01,2026,Single Detached,383.8,One storey,2026,B1;B2,1,1.5,10568.5,10.568,24956.8,6932.5,83241.4,23122.8,6932.6,3257.8,0.0,0.0,0.0,211644151,Air,Coils Only,16881.8,T,10.55,3.02,1.8,7.0,15.2,72.0,0.0,0.0,,Coils Only,2.79,Condensing furnace,Natural Gas,Fireplace with spark ignit. (sealed),Natural Gas,Yes,GREE,GUD36W/A-D(U),GCAT36*/NAA,36000,23200,26000,1.80,8.5,15.2,Yes,10.551,7.62,0.998,0.721
5627789,MB,R6W,N,2026-04-01,2026,Single Detached,200.8,One storey,2026,B1;P1,1,0.51,5439.3,5.439,19627.0,5452.0,62527.3,17368.8,5452.0,0.0,0.0,0.0,0.0,210365432,Air,Central split system,14719.8,T,7.03,3.21,1.91,8.0,17.4,94.0,0.0,0.0,ESTAR,Central split system,3.23,Electric furnace,Electricity,,,Yes,Dettson,EVD-24-O,EVD-24-I,24000,19200,22600,1.91,10,17.4,Yes,7.034,6.623,1.293,1.218
5627789,MB,R6W,P,2026-04-01,2026,Single Detached,200.8,One storey,2026,B1;P1,1,1.5,6061.4,6.061,21673.9,6020.6,64508.5,17919.2,6020.6,0.0,0.0,0.0,0.0,210365432,Air,Central split system,14719.8,T,7.03,3.21,1.91,8.0,17.4,94.0,0.0,0.0,ESTAR,Central split system,3.23,Electric furnace,Electricity,,,Yes,Dettson,EVD-24-O,EVD-24-I,24000,19200,22600,1.91,10,17.4,Yes,7.034,6.623,1.16,1.093
5628113,MB,R6W,N,2026-04-01,2026,Double/Semi-detached,184.0,Two storeys,2026,B1,1,1.22,6059.5,6.06,19045.8,5290.5,61804.3,17168.0,5290.6,0.0,0.0,0.0,0.0,213607625,Air,Central split system,10938.6,T,7.39,3.63,1.92,7.0,16.0,65.0,0.0,0.0,,Central split system,2.97,Electric furnace,Electricity,,,Yes,KEEPRITE,DLCURAH24AAK,FTMA4X24L0B*,25200,20400,16400,1.92,9,16,No,7.385,4.806,1.219,0.793
5628113,MB,R6W,P,2026-04-01,2026,Double/Semi-detached,184.0,Two storeys,2026,B1,1,1.5,6355.6,6.356,20023.6,5562.2,62755.6,17432.3,5562.3,0.0,0.0,0.0,0.0,213607625,Air,Central split system,10938.6,T,7.39,3.63,1.92,7.0,16.0,65.0,0.0,0.0,,Central split system,2.97,Electric furnace,Electricity,,,Yes,KEEPRITE,DLCURAH24AAK,FTMA4X24L0B*,25200,20400,16400,1.92,9,16,No,7.385,4.806,1.162,0.756
5629005,MB,R0G,N,2026-05-01,2026,"Row house, end unit",111.9,Two storeys,2026,,1,1.59,4025.6,4.026,10803.9,3001.1,54151.0,15042.1,3001.1,0.0,0.0,0.0,0.0,215408662,Air,Central split system,13591.2,T,7.03,3.25,1.87,8.0,18.3,90.0,0.0,0.0,ESTAR,Central split system,2.76,Electric furnace,Electricity,,,Yes,INNOVAIR,SHV24H2BA,SAV24BDA,24000,20800,21600,1.87,10,18.3,Yes,7.034,6.33,1.747,1.573
5629005,MB,R0G,P,2026-05-01,2026,"Row house, end unit",111.9,Two storeys,2026,,1,1.59,4025.6,4.026,10803.9,3001.1,54151.0,15042.1,3001.1,0.0,0.0,0.0,0.0,215408662,Air,Central split system,13591.2,T,7.03,3.25,1.87,8.0,18.3,90.0,0.0,0.0,ESTAR,Central split system,2.76,Electric furnace,Electricity,,,Yes,INNOVAIR,SHV24H2BA,SAV24BDA,24000,20800,21600,1.87,10,18.3,Yes,7.034,6.33,1.747,1.573
5629007,MB,R0G,N,2026-05-01,2026,"Row house, middle unit",110.9,Two storeys,2026,,1,1.78,3097.2,3.097,6515.0,1809.7,50430.4,14008.6,1809.7,0.0,0.0,0.0,0.0,215408662,Air,Central split system,13591.2,T,7.03,3.25,1.87,8.0,18.3,90.0,0.0,0.0,ESTAR,Central split system,2.76,Electric furnace,Electricity,,,Yes,INNOVAIR,SHV24H2BA,SAV24BDA,24000,20800,21600,1.87,10,18.3,Yes,7.034,6.33,2.271,2.044
5629007,MB,R0G,P,2026-05-01,2026,"Row house, middle unit",110.9,Two storeys,2026,,1,1.78,3097.2,3.097,6514.9,1809.7,50430.4,14008.6,1809.7,0.0,0.0,0.0,0.0,215408662,Air,Central split system,13591.2,T,7.03,3.25,1.87,8.0,18.3,90.0,0.0,0.0,ESTAR,Central split system,2.76,Electric furnace,Electricity,,,Yes,INNOVAIR,SHV24H2BA,SAV24BDA,24000,20800,21600,1.87,10,18.3,Yes,7.034,6.33,2.271,2.044
5629560,MB,R0G,N,2026-05-01,2026,"Row house, middle unit",110.9,Two storeys,2026,,1,1.77,2996.9,2.997,6029.2,1674.8,50082.3,13911.9,1674.7,0.0,0.0,0.0,0.0,215408662,Air,Central split system,13591.2,T,7.03,3.25,1.87,8.0,18.3,90.0,0.0,0.0,ESTAR,Central split system,2.76,Electric furnace,Electricity,,,Yes,INNOVAIR,SHV24H2BA,SAV24BDA,24000,20800,21600,1.87,10,18.3,Yes,7.034,6.33,2.347,2.112
5629560,MB,R0G,P,2026-05-01,2026,"Row house, middle unit",110.9,Two storeys,2026,,1,1.77,2996.9,2.997,6029.2,1674.8,50082.3,13911.9,1674.7,0.0,0.0,0.0,0.0,215408662,Air,Central split system,13591.2,T,7.03,3.25,1.87,8.0,18.3,90.0,0.0,0.0,ESTAR,Central split system,2.76,Electric furnace,Electricity,,,Yes,INNOVAIR,SHV24H2BA,SAV24BDA,24000,20800,21600,1.87,10,18.3,Yes,7.034,6.33,2.347,2.112
5629562,MB,R0G,N,2026-05-01,2026,"Row house, middle unit",110.9,Two storeys,2026,,1,1.68,3149.2,3.149,6570.5,1825.2,50665.6,14073.9,1825.0,0.0,0.0,0.0,0.0,215408662,Air,Central split system,13591.2,T,7.03,3.25,1.87,8.0,18.3,90.0,0.0,0.0,ESTAR,Central split system,2.76,Electric furnace,Electricity,,,Yes,INNOVAIR,SHV24H2BA,SAV24BDA,24000,20800,21600,1.87,10,18.3,Yes,7.034,6.33,2.233,2.01
5629562,MB,R0G,P,2026-05-01,2026,"Row house, middle unit",110.9,Two storeys,2026,,1,1.68,3149.2,3.149,6570.5,1825.2,50665.6,14073.9,1825.0,0.0,0.0,0.0,0.0,215408662,Air,Central split system,13591.2,T,7.03,3.25,1.87,8.0,18.3,90.0,0.0,0.0,ESTAR,Central split system,2.76,Electric furnace,Electricity,,,Yes,INNOVAIR,SHV24H2BA,SAV24BDA,24000,20800,21600,1.87,10,18.3,Yes,7.034,6.33,2.233,2.01
5629011,MB,R0G,N,2026-05-01,2026,"Row house, end unit",111.9,Two storeys,2026,,1,1.35,3774.8,3.775,9454.4,2626.2,52976.5,14715.8,2626.1,0.0,0.0,0.0,0.0,215408662,Air,Central split system,13591.2,T,7.03,3.25,1.87,8.0,18.3,90.0,0.0,0.0,ESTAR,Central split system,2.76,Electric furnace,Electricity,,,Yes,INNOVAIR,SHV24H2BA,SAV24BDA,24000,20800,21600,1.87,10,18.3,Yes,7.034,6.33,1.863,1.677
5629011,MB,R0G,P,2026-05-01,2026,"Row house, end unit",111.9,Two storeys,2026,,1,1.35,3774.8,3.775,9454.4,2626.2,52976.5,14715.8,2626.1,0.0,0.0,0.0,0.0,215408662,Air,Central split system,13591.2,T,7.03,3.25,1.87,8.0,18.3,90.0,0.0,0.0,ESTAR,Central split system,2.76,Electric furnace,Electricity,,,Yes,INNOVAIR,SHV24H2BA,SAV24BDA,24000,20800,21600,1.87,10,18.3,Yes,7.034,6.33,1.863,1.677
5630543,MB,R3Y,N,2026-05-01,2026,Single Detached,237.0,Two storeys,2026,B1,1,0.79,7411.0,7.411,11393.3,3164.8,72185.1,20051.6,3164.7,5120.9,0.0,0.0,0.0,214103209,Air,Central split system,8381.8,F,0.0,3.598,0.0,0.0,0.0,0.0,5.81,14.3,,Central split system,3.146,Condensing furnace,Natural Gas,Other (describe),Electricity,Yes,KEEPRITE,N5H5S30*K*AAA*,EVM5X31M17A*,28600,17300,13700,1.98,7.5,14.3,No,8.382,4.015,1.131,0.542
5630543,MB,R3Y,P,2026-05-01,2026,Single Detached,237.0,Two storeys,2026,B1,1,1.5,8309.1,8.309,11438.8,3177.5,76967.4,21380.0,3177.5,6465.6,0.0,0.0,0.0,214103209,Air,Central split system,8381.8,F,0.0,3.598,0.0,0.0,0.0,0.0,5.81,14.3,,Central split system,3.146,Condensing furnace,Natural Gas,Other (describe),Electricity,Yes,KEEPRITE,N5H5S30*K*AAA*,EVM5X31M17A*,28600,17300,13700,1.98,7.5,14.3,No,8.382,4.015,1.009,0.483
5630547,MB,R3Y,N,2026-05-01,2026,Single Detached,257.3,Two storeys,2026,B1,1,0.94,8226.1,8.226,11578.6,3216.3,75671.4,21020.0,3216.4,5985.3,0.0,0.0,0.0,214103209,Air,Central split system,8381.8,F,0.0,3.598,0.0,0.0,0.0,0.0,5.81,14.3,,Central split system,3.146,Condensing furnace,Natural Gas,,,Yes,KEEPRITE,N5H5S30*K*AAA*,EVM5X31M17A*,28600,17300,13700,1.98,7.5,14.3,No,8.382,4.015,1.019,0.488
5630547,MB,R3Y,P,2026-05-01,2026,Single Detached,257.3,Two storeys,2026,B1,1,1.5,8875.4,8.875,11545.9,3207.2,79138.8,21983.2,3207.2,6970.6,0.0,0.0,0.0,214103209,Air,Central split system,8381.8,F,0.0,3.598,0.0,0.0,0.0,0.0,5.81,14.3,,Central split system,3.146,Condensing furnace,Natural Gas,,,Yes,KEEPRITE,N5H5S30*K*AAA*,EVM5X31M17A*,28600,17300,13700,1.98,7.5,14.3,No,8.382,4.015,0.944,0.452
5630772,MB,R3T,P,2026-03-01,2026,Single Detached,654.5,One and a half,2026,B1;B2,1,1.5,16093.5,16.093,23250.4,6458.5,62052.1,17236.8,6458.4,0.0,0.0,0.0,0.0,207312173,Ground,Ground source heat pump,11195.3,F,0.0,4.0,0.0,0.0,0.0,0.0,0.0,0.0,,Conventional A/C,5.655,Electric furnace,Electricity,Advanced airtight wood stove,Mixed Wood,No,,,,,,,,,,,,,,
5630812,MB,R6W,N,2026-04-01,2026,Double/Semi-detached,201.2,One storey,2026,B1,1,0.71,5166.5,5.166,17262.9,4795.3,60112.3,16698.0,4795.3,0.0,0.0,0.0,0.0,210365432,Air,Central split system,14719.8,T,7.03,3.21,1.91,8.0,17.4,94.0,0.0,0.0,ESTAR,Central split system,3.23,Electric furnace,Electricity,,,Yes,Dettson,EVD-24-O,EVD-24-I,24000,19200,22600,1.91,10,17.4,Yes,7.034,6.623,1.361,1.282
5630812,MB,R6W,P,2026-04-01,2026,Double/Semi-detached,201.2,One storey,2026,B1,1,1.5,5631.7,5.632,18819.4,5227.7,61626.4,17118.6,5227.5,0.0,0.0,0.0,0.0,210365432,Air,Central split system,14719.8,T,7.03,3.21,1.91,8.0,17.4,94.0,0.0,0.0,ESTAR,Central split system,3.23,Electric furnace,Electricity,,,Yes,Dettson,EVD-24-O,EVD-24-I,24000,19200,22600,1.91,10,17.4,Yes,7.034,6.623,1.249,1.176
5630814,MB,R3X,N,2026-04-01,2026,Single Detached,274.7,Two storeys,2026,B1,1,1.14,7970.6,7.971,20694.4,5748.5,61888.2,17191.3,5748.4,2694.2,0.0,0.0,0.0,216769583,Air,Central split system,18110.6,T,10.43,3.23,1.85,7.0,17.3,79.0,0.0,0.0,,Central split system,3.22,Condensing furnace,Natural Gas,,,Yes,LENNOX,EL18KSLV-036-230A**,"CK40[C,U]T-30B-**+TDR",35600,28800,28400,1.85,8.5,17.3,Yes,10.433,8.323,1.309,1.044
5630814,MB,R3X,P,2026-04-01,2026,Single Detached,274.7,Two storeys,2026,B1,1,1.5,8483.1,8.483,21867.2,6074.3,63732.5,17703.6,6074.2,2887.0,0.0,0.0,0.0,216769583,Air,Central split system,18110.6,T,10.43,3.23,1.85,7.0,17.3,79.0,0.0,0.0,,Central split system,3.22,Condensing furnace,Natural Gas,,,Yes,LENNOX,EL18KSLV-036-230A**,"CK40[C,U]T-30B-**+TDR",35600,28800,28400,1.85,8.5,17.3,Yes,10.433,8.323,1.23,0.981
5632073,MB,R5K,N,2026-04-01,2026,Single Detached,302.8,Two storeys,2026,B1,1,0.94,8744.6,8.745,19442.9,5400.8,67909.6,18863.9,5400.9,0.0,0.0,0.0,0.0,210365434,Air,Central split system,23323.8,T,11.72,4.58,1.97,7.8,16.0,86.0,0.0,0.0,ESTAR,Central split system,2.42,Electric furnace,Electricity,Adv. airtight wood stove + cat. conv.,Mixed Wood,Yes,Dettson,EVD-36-O,EVD-36-I,40000,30400,34400,1.97,9.5,16,Yes,11.723,10.082,1.341,1.153
5632073,MB,R5K,P,2026-04-01,2026,Single Detached,302.8,Two storeys,2026,B1,1,1.5,9822.9,9.823,22110.3,6141.8,70333.7,19537.3,6141.7,0.0,0.0,0.0,0.0,210365434,Air,Central split system,23323.8,T,11.72,4.58,1.97,7.8,16.0,86.0,0.0,0.0,ESTAR,Central split system,2.42,Electric furnace,Electricity,Adv. airtight wood stove + cat. conv.,Mixed Wood,Yes,Dettson,EVD-36-O,EVD-36-I,40000,30400,34400,1.97,9.5,16,Yes,11.723,10.082,1.193,1.026
5632130,MB,R5G,N,2026-04-01,2026,Detached Duplex,396.8,One storey,2026,B1,2,0.7221,9469.2,9.469,29195.5,8109.9,81167.9,22546.8,8109.8,0.0,0.0,0.0,0.0,208447892,Air,Central split system,34353.8,T,11.72,4.2,1.97,7.8,16.0,86.0,0.0,0.0,,Central split system,2.67,Electric furnace,Electricity,Baseboard/Hydronic/Plenum(duct) htrs,Electricity,Yes,BRYANT,38MURAQ36AB3,40MUAAQ36XA3,40000,30400,34400,1.97,9.5,16,Yes,11.723,10.082,1.238,1.065
5632130,MB,R5G,P,2026-04-01,2026,Detached Duplex,396.8,One storey,2026,B1,2,1.5,10370.4,10.37,31436.3,8732.4,83384.0,23162.4,8732.3,0.0,0.0,0.0,0.0,208447892,Air,Central split system,34353.8,T,11.72,4.2,1.97,7.8,16.0,86.0,0.0,0.0,,Central split system,2.67,Electric furnace,Electricity,Baseboard/Hydronic/Plenum(duct) htrs,Electricity,Yes,BRYANT,38MURAQ36AB3,40MUAAQ36XA3,40000,30400,34400,1.97,9.5,16,Yes,11.723,10.082,1.13,0.972
5632905,MB,R2V,D,2026-05-01,2026,Single Detached,233.4,Two storeys,2024,B1,1,1.7581,8860.2,8.86,18110.1,5030.6,75730.7,21036.5,5030.6,3131.7,0.0,0.0,0.0,212386844,Air,Coils Only,10891.7,T,9.67,3.25,1.85,7.7,15.5,81.0,0.0,0.0,,Coils Only,2.76,Condensing furnace,Natural Gas,,,Yes,ATK,ACI-AUO30SHP-M,ACI-CCO36CP21,33000,22600,27000,1.85,9.7,15.5,No,9.671,7.913,1.092,0.893
5633084,MB,R5K,D,2026-05-01,2026,Single Detached,523.4,One storey,2006,B1;B2;C1;F1;P1,1,0.96,18261.0,18.261,65257.3,18127.2,116152.8,32264.9,18127.1,0.0,0.0,0.0,0.0,202606681,Air,Ductless Mini- or Multi-split system,12275.0,F,0.0,3.559,0.0,0.0,0.0,0.0,0.0,0.0,ESTAR,Ductless Mini- or Multi-split system,3.067,Electric furnace,Electricity,Forced air furnace,Electricity,Yes,SENVILLE,SENA/18HF/OZ,SENA/18HF/IF,18000,13400,,,9.9,19.9,No,5.275,,0.289,
5633099,MB,R5G,N,2026-04-01,2026,"Row house, middle unit",103.2,One storey,2026,B1;P1;P2,1,1.16,2619.5,2.62,3149.5,874.9,46685.4,12968.3,875.0,0.0,0.0,0.0,0.0,215381160,Air,Central split system,6740.6,F,0.0,3.714,0.0,0.0,0.0,0.0,6.05,15.2,,Central split system,3.255,Electric furnace,Electricity,,,Yes,GOODMAN,GLZS5BA2410A*,AMST24BU1300A*,23000,13000,11300,1.90,7.8,15.2,No,6.741,3.312,2.573,1.264
5633099,MB,R5G,P,2026-04-01,2026,"Row house, middle unit",103.2,One storey,2026,B1;P1;P2,1,2.0,3090.0,3.09,4344.0,1206.7,47707.7,13252.2,1206.7,0.0,0.0,0.0,0.0,215381160,Air,Central split system,6740.6,F,0.0,3.714,0.0,0.0,0.0,0.0,6.05,15.2,,Central split system,3.255,Electric furnace,Electricity,,,Yes,GOODMAN,GLZS5BA2410A*,AMST24BU1300A*,23000,13000,11300,1.90,7.8,15.2,No,6.741,3.312,2.181,1.072
5633100,MB,R5G,N,2026-04-01,2026,"Row house, middle unit",71.2,One storey,2026,B1;P1;P2,1,1.48,2088.2,2.088,1751.5,486.5,45447.5,12624.4,486.4,0.0,0.0,0.0,0.0,215381160,Air,Central split system,6740.6,F,0.0,3.714,0.0,0.0,0.0,0.0,6.05,15.2,,Central split system,3.255,Electric furnace,Electricity,,,Yes,GOODMAN,GLZS5BA2410A*,AMST24BU1300A*,23000,13000,11300,1.90,7.8,15.2,No,6.741,3.312,3.228,1.586
5633100,MB,R5G,P,2026-04-01,2026,"Row house, middle unit",71.2,One storey,2026,B1;P1;P2,1,2.0,2348.1,2.348,2236.9,621.4,45836.2,12732.4,621.4,0.0,0.0,0.0,0.0,215381160,Air,Central split system,6740.6,F,0.0,3.714,0.0,0.0,0.0,0.0,6.05,15.2,,Central split system,3.255,Electric furnace,Electricity,,,Yes,GOODMAN,GLZS5BA2410A*,AMST24BU1300A*,23000,13000,11300,1.90,7.8,15.2,No,6.741,3.312,2.871,1.41
5633102,MB,R5G,N,2026-04-01,2026,"Row house, middle unit",71.2,One storey,2026,B1;P1;P2,1,1.15,2012.3,2.012,1635.2,454.2,45350.1,12597.4,454.2,0.0,0.0,0.0,0.0,215381160,Air,Central split system,6740.6,F,0.0,3.714,0.0,0.0,0.0,0.0,6.05,15.2,,Central split system,3.255,Electric furnace,Electricity,,,Yes,GOODMAN,GLZS5BA2410A*,AMST24BU1300A*,23000,13000,11300,1.90,7.8,15.2,No,6.741,3.312,3.35,1.646
5633102,MB,R5G,P,2026-04-01,2026,"Row house, middle unit",71.2,One storey,2026,B1;P1;P2,1,2.0,2350.0,2.35,2257.4,627.1,45857.0,12738.2,626.9,0.0,0.0,0.0,0.0,215381160,Air,Central split system,6740.6,F,0.0,3.714,0.0,0.0,0.0,0.0,6.05,15.2,,Central split system,3.255,Electric furnace,Electricity,,,Yes,GOODMAN,GLZS5BA2410A*,AMST24BU1300A*,23000,13000,11300,1.90,7.8,15.2,No,6.741,3.312,2.868,1.409
5633103,MB,R5G,N,2026-04-01,2026,"Row house, middle unit",71.2,One storey,2026,B1;P1;P2,1,1.41,2094.9,2.095,1729.0,480.3,45404.8,12612.5,480.3,0.0,0.0,0.0,0.0,215381160,Air,Central split system,6740.6,F,0.0,3.714,0.0,0.0,0.0,0.0,6.05,15.2,,Central split system,3.255,Electric furnace,Electricity,,,Yes,GOODMAN,GLZS5BA2410A*,AMST24BU1300A*,23000,13000,11300,1.90,7.8,15.2,No,6.741,3.312,3.218,1.581
5633103,MB,R5G,P,2026-04-01,2026,"Row house, middle unit",71.2,One storey,2026,B1;P1;P2,1,2.0,2351.8,2.352,2200.6,611.3,45782.1,12717.4,611.4,0.0,0.0,0.0,0.0,215381160,Air,Central split system,6740.6,F,0.0,3.714,0.0,0.0,0.0,0.0,6.05,15.2,,Central split system,3.255,Electric furnace,Electricity,,,Yes,GOODMAN,GLZS5BA2410A*,AMST24BU1300A*,23000,13000,11300,1.90,7.8,15.2,No,6.741,3.312,2.866,1.408
5633104,MB,R5G,N,2026-04-01,2026,"Row house, end unit",69.9,One storey,2026,B1;P1;P2,1,1.21,2737.3,2.737,3730.0,1036.1,47213.2,13114.9,1036.1,0.0,0.0,0.0,0.0,215381160,Air,Central split system,6740.6,F,0.0,3.714,0.0,0.0,0.0,0.0,6.05,15.2,,Central split system,3.255,Electric furnace,Electricity,,,Yes,GOODMAN,GLZS5BA2410A*,AMST24BU1300A*,23000,13000,11300,1.90,7.8,15.2,No,6.741,3.312,2.463,1.21
5633104,MB,R5G,P,2026-04-01,2026,"Row house, end unit",69.9,One storey,2026,B1;P1;P2,1,2.0,3015.1,3.015,4457.9,1238.3,47843.0,13289.8,1238.3,0.0,0.0,0.0,0.0,215381160,Air,Central split system,6740.6,F,0.0,3.714,0.0,0.0,0.0,0.0,6.05,15.2,,Central split system,3.255,Electric furnace,Electricity,,,Yes,GOODMAN,GLZS5BA2410A*,AMST24BU1300A*,23000,13000,11300,1.90,7.8,15.2,No,6.741,3.312,2.236,1.098
5633135,MB,R5G,N,2026-05-01,2026,"Row house, middle unit",103.2,One storey,2026,B1;P1;P2,1,1.11,2632.4,2.632,3467.8,963.3,47076.6,13076.9,963.3,0.0,0.0,0.0,0.0,215381160,Air,Central split system,6740.6,F,0.0,3.714,0.0,0.0,0.0,0.0,6.05,15.2,,Central split system,3.255,Electric furnace,Electricity,,,Yes,GOODMAN,GLZS5BA2410A*,AMST24BU1300A*,23000,13000,11300,1.90,7.8,15.2,No,6.741,3.312,2.561,1.258
5633135,MB,R5G,P,2026-05-01,2026,"Row house, middle unit",103.2,One storey,2026,B1;P1;P2,1,1.5,2858.7,2.859,3983.1,1106.4,47512.6,13198.1,1106.4,0.0,0.0,0.0,0.0,215381160,Air,Central split system,6740.6,F,0.0,3.714,0.0,0.0,0.0,0.0,6.05,15.2,,Central split system,3.255,Electric furnace,Electricity,,,Yes,GOODMAN,GLZS5BA2410A*,AMST24BU1300A*,23000,13000,11300,1.90,7.8,15.2,No,6.741,3.312,2.358,1.158
5633138,MB,R5G,N,2026-05-01,2026,"Row house, middle unit",103.2,One storey,2026,B1;P1;P2,1,0.84,2538.2,2.538,3277.6,910.5,46912.6,13031.4,910.6,0.0,0.0,0.0,0.0,215381160,Air,Central split system,6740.6,F,0.0,3.714,0.0,0.0,0.0,0.0,6.05,15.2,,Central split system,3.255,Electric furnace,Electricity,,,Yes,GOODMAN,GLZS5BA2410A*,AMST24BU1300A*,23000,13000,11300,1.90,7.8,15.2,No,6.741,3.312,2.656,1.305
5633138,MB,R5G,P,2026-05-01,2026,"Row house, middle unit",103.2,One storey,2026,B1;P1;P2,1,1.5,2864.3,2.864,3996.5,1110.1,47525.4,13201.6,1110.0,0.0,0.0,0.0,0.0,215381160,Air,Central split system,6740.6,F,0.0,3.714,0.0,0.0,0.0,0.0,6.05,15.2,,Central split system,3.255,Electric furnace,Electricity,,,Yes,GOODMAN,GLZS5BA2410A*,AMST24BU1300A*,23000,13000,11300,1.90,7.8,15.2,No,6.741,3.312,2.353,1.156
5634173,MB,R0E,N,2026-05-01,2026,Attached Duplex,196.7,Two storeys,2026,,2,1.3804,6467.4,6.467,18240.1,5066.7,74753.3,20765.0,5066.7,0.0,0.0,0.0,0.0,215408661,Air,Compact Ducted Mini- or Multi-split system,18973.1,T,5.57,3.46,2.0,0.0,0.0,94.0,0.0,0.0,,Compact Ducted Mini- or Multi-split system,3.25,Electric furnace,Electricity,,,Yes,INNOVAIR,SHV18H2BA,SAV18BDA,19000,15000,18000,2.00,9.7,19,Yes,5.568,5.275,0.861,0.816
5634173,MB,R0E,P,2026-05-01,2026,Attached Duplex,196.7,Two storeys,2026,,2,2.5,7449.2,7.449,21448.0,5957.8,77853.3,21626.1,5957.8,0.0,0.0,0.0,0.0,215408661,Air,Compact Ducted Mini- or Multi-split system,18973.1,T,5.57,3.46,2.0,0.0,0.0,94.0,0.0,0.0,,Compact Ducted Mini- or Multi-split system,3.25,Electric furnace,Electricity,,,Yes,INNOVAIR,SHV18H2BA,SAV18BDA,19000,15000,18000,2.00,9.7,19,Yes,5.568,5.275,0.748,0.708
5634177,MB,R0E,N,2026-05-01,2026,Attached Duplex,197.3,Two storeys,2026,,2,1.4446,4981.0,4.981,11942.0,3317.2,68961.5,19156.1,3317.2,0.0,0.0,0.0,0.0,215408661,Air,Compact Ducted Mini- or Multi-split system,18973.1,T,5.57,3.46,2.0,0.0,0.0,94.0,0.0,0.0,,Compact Ducted Mini- or Multi-split system,3.25,Electric furnace,Electricity,,,Yes,INNOVAIR,SHV18H2BA,SAV18BDA,19000,15000,18000,2.00,9.7,19,Yes,5.568,5.275,1.118,1.059
5634177,MB,R0E,P,2026-05-01,2026,Attached Duplex,197.3,Two storeys,2026,,2,2.5,6034.5,6.034,15397.7,4277.2,72166.9,20046.5,4277.3,0.0,0.0,0.0,0.0,215408661,Air,Compact Ducted Mini- or Multi-split system,18973.1,T,5.57,3.46,2.0,0.0,0.0,94.0,0.0,0.0,,Compact Ducted Mini- or Multi-split system,3.25,Electric furnace,Electricity,,,Yes,INNOVAIR,SHV18H2BA,SAV18BDA,19000,15000,18000,2.00,9.7,19,Yes,5.568,5.275,0.923,0.874
5634180,MB,R0E,N,2026-05-01,2026,Attached Duplex,196.7,Two storeys,2026,,2,1.1046,6156.1,6.156,17463.0,4850.9,73929.4,20536.1,4850.9,0.0,0.0,0.0,0.0,215408661,Air,Compact Ducted Mini- or Multi-split system,18973.1,T,5.57,3.46,2.0,0.0,0.0,94.0,0.0,0.0,,Compact Ducted Mini- or Multi-split system,3.25,Electric furnace,Electricity,,,Yes,INNOVAIR,SHV18H2BA,SAV18BDA,19000,15000,18000,2.00,9.7,19,Yes,5.568,5.275,0.905,0.857
5634180,MB,R0E,P,2026-05-01,2026,Attached Duplex,196.7,Two storeys,2026,,2,2.5,7368.4,7.368,21409.5,5947.1,77742.9,21595.4,5947.3,0.0,0.0,0.0,0.0,215408661,Air,Compact Ducted Mini- or Multi-split system,18973.1,T,5.57,3.46,2.0,0.0,0.0,94.0,0.0,0.0,,Compact Ducted Mini- or Multi-split system,3.25,Electric furnace,Electricity,,,Yes,INNOVAIR,SHV18H2BA,SAV18BDA,19000,15000,18000,2.00,9.7,19,Yes,5.568,5.275,0.756,0.716
5634191,MB,R0E,N,2026-05-01,2026,Attached Duplex,196.7,Two storeys,2026,,2,1.2631,6240.5,6.24,17435.6,4843.3,73998.0,20555.2,4843.4,0.0,0.0,0.0,0.0,215408661,Air,Compact Ducted Mini- or Multi-split system,18973.1,T,5.57,3.46,2.0,0.0,0.0,94.0,0.0,0.0,,Compact Ducted Mini- or Multi-split system,3.25,Electric furnace,Electricity,,,Yes,INNOVAIR,SHV18H2BA,SAV18BDA,19000,15000,18000,2.00,9.7,19,Yes,5.568,5.275,0.892,0.845
5634191,MB,R0E,P,2026-05-01,2026,Attached Duplex,196.7,Two storeys,2026,,2,2.5,7449.2,7.449,21448.0,5957.8,77853.3,21626.1,5957.8,0.0,0.0,0.0,0.0,215408661,Air,Compact Ducted Mini- or Multi-split system,18973.1,T,5.57,3.46,2.0,0.0,0.0,94.0,0.0,0.0,,Compact Ducted Mini- or Multi-split system,3.25,Electric furnace,Electricity,,,Yes,INNOVAIR,SHV18H2BA,SAV18BDA,19000,15000,18000,2.00,9.7,19,Yes,5.568,5.275,0.748,0.708
5634198,MB,R0E,N,2026-05-01,2026,Attached Duplex,197.3,Two storeys,2026,,2,1.209,4995.5,4.996,12108.1,3363.4,69093.9,19192.9,3363.4,0.0,0.0,0.0,0.0,215408661,Air,Compact Ducted Mini- or Multi-split system,18973.1,T,5.57,3.46,2.0,0.0,0.0,94.0,0.0,0.0,,Compact Ducted Mini- or Multi-split system,3.25,Electric furnace,Electricity,,,Yes,INNOVAIR,SHV18H2BA,SAV18BDA,19000,15000,18000,2.00,9.7,19,Yes,5.568,5.275,1.115,1.056
5634198,MB,R0E,P,2026-05-01,2026,Attached Duplex,197.3,Two storeys,2026,,2,2.5,6071.8,6.072,15549.5,4319.3,72302.8,20084.3,4319.5,0.0,0.0,0.0,0.0,215408661,Air,Compact Ducted Mini- or Multi-split system,18973.1,T,5.57,3.46,2.0,0.0,0.0,94.0,0.0,0.0,,Compact Ducted Mini- or Multi-split system,3.25,Electric furnace,Electricity,,,Yes,INNOVAIR,SHV18H2BA,SAV18BDA,19000,15000,18000,2.00,9.7,19,Yes,5.568,5.275,0.917,0.869
5634202,MB,R0E,N,2026-05-01,2026,Attached Duplex,197.3,Two storeys,2026,,2,1.3764,4969.9,4.97,11930.1,3313.9,68947.0,19152.1,3313.9,0.0,0.0,0.0,0.0,215408661,Air,Compact Ducted Mini- or Multi-split system,18973.1,T,5.57,3.46,2.0,0.0,0.0,94.0,0.0,0.0,,Compact Ducted Mini- or Multi-split system,3.25,Electric furnace,Electricity,,,Yes,INNOVAIR,SHV18H2BA,SAV18BDA,19000,15000,18000,2.00,9.7,19,Yes,5.568,5.275,1.12,1.061
5634202,MB,R0E,P,2026-05-01,2026,Attached Duplex,197.3,Two storeys,2026,,2,2.5,6034.5,6.034,15397.7,4277.2,72166.9,20046.5,4277.3,0.0,0.0,0.0,0.0,215408661,Air,Compact Ducted Mini- or Multi-split system,18973.1,T,5.57,3.46,2.0,0.0,0.0,94.0,0.0,0.0,,Compact Ducted Mini- or Multi-split system,3.25,Electric furnace,Electricity,,,Yes,INNOVAIR,SHV18H2BA,SAV18BDA,19000,15000,18000,2.00,9.7,19,Yes,5.568,5.275,0.923,0.874
5634205,MB,R0E,N,2026-05-01,2026,Attached Duplex,196.7,Two storeys,2026,,2,1.101,6245.0,6.245,17799.7,4944.4,74248.2,20624.7,4944.5,0.0,0.0,0.0,0.0,215408661,Air,Compact Ducted Mini- or Multi-split system,18973.1,T,5.57,3.46,2.0,0.0,0.0,94.0,0.0,0.0,,Compact Ducted Mini- or Multi-split system,3.25,Electric furnace,Electricity,,,Yes,INNOVAIR,SHV18H2BA,SAV18BDA,19000,15000,18000,2.00,9.7,19,Yes,5.568,5.275,0.892,0.845
5634205,MB,R0E,P,2026-05-01,2026,Attached Duplex,196.7,Two storeys,2026,,2,2.5,7368.4,7.368,21409.5,5947.1,77742.9,21595.4,5947.3,0.0,0.0,0.0,0.0,215408661,Air,Compact Ducted Mini- or Multi-split system,18973.1,T,5.57,3.46,2.0,0.0,0.0,94.0,0.0,0.0,,Compact Ducted Mini- or Multi-split system,3.25,Electric furnace,Electricity,,,Yes,INNOVAIR,SHV18H2BA,SAV18BDA,19000,15000,18000,2.00,9.7,19,Yes,5.568,5.275,0.756,0.716
5634812,MB,R0C,N,2026-05-01,2026,Single Detached,203.1,One storey,2025,C1;F1,1,1.7156,7669.7,7.67,14630.5,4064.1,67024.5,18618.1,4064.2,1278.1,0.0,0.0,0.0,206249116,Air,Central split system,14437.3,T,7.03,3.21,1.8,7.4,17.0,91.0,0.0,0.0,,Central split system,3.52,Condensing furnace,Natural Gas,,,Yes,GREE,GUD36W/A-D(U),GUD24AH2/A-D(U),24000,20000,22000,1.80,9,17,Yes,7.034,6.448,0.917,0.841
5634812,MB,R0C,P,2025-09-01,2025,Single Detached,203.1,One storey,2025,C1;F1,1,1.0,6641.8,6.642,14797.2,4110.4,63287.3,17579.9,4110.3,0.0,0.0,0.0,0.0,206249116,Air,Central split system,14437.3,T,7.03,3.21,1.8,7.0,17.0,91.0,0.0,0.0,,Central split system,3.52,Electric furnace,Electricity,,,Yes,GREE,GUD36W/A-D(U),GUD24AH2/A-D(U),24000,20000,22000,1.80,9,17,Yes,7.034,6.448,1.059,0.971
5634816,MB,R0C,N,2026-05-01,2026,Single Detached,141.7,One storey,2026,C1;F1,1,1.7714,5286.3,5.286,5676.2,1576.7,58416.5,16226.9,1576.7,1168.1,0.0,0.0,0.0,206249116,Air,Central split system,14437.3,T,7.03,3.21,1.8,7.0,17.0,91.0,0.0,0.0,ESTAR,Central split system,3.52,Condensing furnace,Natural Gas,,,Yes,GREE,GUD36W/A-D(U),GUD24AH2/A-D(U),24000,20000,22000,1.80,9,17,Yes,7.034,6.448,1.331,1.22
5634816,MB,R0C,P,2025-09-01,2025,Single Detached,141.7,One storey,2024,C1;F1,1,1.0,4767.6,4.768,9320.4,2589.0,56964.9,15823.7,2588.9,0.0,0.0,0.0,0.0,206249116,Air,Central split system,14437.3,T,7.03,3.21,1.8,7.0,17.0,91.0,0.0,0.0,ESTAR,Central split system,3.52,Electric furnace,Electricity,,,Yes,GREE,GUD36W/A-D(U),GUD24AH2/A-D(U),24000,20000,22000,1.80,9,17,Yes,7.034,6.448,1.475,1.352
5634872,MB,R0C,N,2026-05-01,2026,Single Detached,200.0,One storey,2025,C1;F1,1,1.8039,7306.8,7.307,12209.6,3391.6,67190.1,18664.1,3391.7,1944.7,0.0,0.0,0.0,206249116,Air,Central split system,14437.3,T,7.03,3.21,1.8,7.0,17.0,91.0,0.0,0.0,ESTAR,Central split system,3.52,Condensing furnace,Natural Gas,,,Yes,GREE,GUD36W/A-D(U),GUD24AH2/A-D(U),24000,20000,22000,1.80,9,17,Yes,7.034,6.448,0.963,0.882
5634872,MB,R0C,P,2025-09-01,2025,Single Detached,217.7,One storey,2025,B1,1,1.0,5445.6,5.446,18114.0,5031.7,61643.3,17123.3,5031.7,0.0,0.0,0.0,0.0,206249116,Air,Central split system,14437.3,T,7.03,3.21,1.8,7.0,17.0,91.0,0.0,0.0,ESTAR,Central split system,3.52,Electric furnace,Electricity,,,Yes,GREE,GUD36W/A-D(U),GUD24AH2/A-D(U),24000,20000,22000,1.80,9,17,Yes,7.034,6.448,1.292,1.184
5634881,MB,R0E,N,2026-05-01,2026,Attached Duplex,202.3,Two storeys,2026,,2,0.844,6150.5,6.15,17401.2,4833.7,73839.2,20511.1,4833.6,0.0,0.0,0.0,0.0,215408661,Air,Compact Ducted Mini- or Multi-split system,18973.1,T,5.57,3.46,2.0,0.0,0.0,94.0,0.0,0.0,,Compact Ducted Mini- or Multi-split system,3.25,Electric furnace,Electricity,,,Yes,INNOVAIR,SHV18H2BA,SAV18BDA,19000,15000,18000,2.00,9.7,19,Yes,5.568,5.275,0.905,0.858
5634881,MB,R0E,P,2026-05-01,2026,Attached Duplex,202.3,Two storeys,2026,,2,2.5,7568.6,7.569,21974.9,6104.2,78268.6,21741.5,6104.2,0.0,0.0,0.0,0.0,215408661,Air,Compact Ducted Mini- or Multi-split system,18973.1,T,5.57,3.46,2.0,0.0,0.0,94.0,0.0,0.0,,Compact Ducted Mini- or Multi-split system,3.25,Electric furnace,Electricity,,,Yes,INNOVAIR,SHV18H2BA,SAV18BDA,19000,15000,18000,2.00,9.7,19,Yes,5.568,5.275,0.736,0.697
5634882,MB,R0E,N,2026-05-01,2026,Attached Duplex,203.0,Two storeys,2026,,2,1.0842,5037.0,5.037,12139.7,3372.2,69043.9,19179.0,3372.2,0.0,0.0,0.0,0.0,215408661,Air,Compact Ducted Mini- or Multi-split system,18973.1,T,5.57,3.46,2.0,0.0,0.0,94.0,0.0,0.0,,Compact Ducted Mini- or Multi-split system,3.25,Electric furnace,Electricity,,,Yes,INNOVAIR,SHV18H2BA,SAV18BDA,19000,15000,18000,2.00,9.7,19,Yes,5.568,5.275,1.105,1.047
5634882,MB,R0E,P,2026-05-01,2026,Attached Duplex,203.0,Two storeys,2026,,2,2.5,6217.8,6.218,15904.2,4417.9,72622.1,20173.0,4417.8,0.0,0.0,0.0,0.0,215408661,Air,Compact Ducted Mini- or Multi-split system,18973.1,T,5.57,3.46,2.0,0.0,0.0,94.0,0.0,0.0,,Compact Ducted Mini- or Multi-split system,3.25,Electric furnace,Electricity,,,Yes,INNOVAIR,SHV18H2BA,SAV18BDA,19000,15000,18000,2.00,9.7,19,Yes,5.568,5.275,0.896,0.848
5634884,MB,R0E,N,2026-05-01,2026,Attached Duplex,202.3,Two storeys,2026,,2,0.9841,6230.8,6.231,17356.8,4821.4,73890.7,20525.4,4821.4,0.0,0.0,0.0,0.0,215408661,Air,Compact Ducted Mini- or Multi-split system,18973.1,T,5.57,3.46,2.0,0.0,0.0,94.0,0.0,0.0,,Compact Ducted Mini- or Multi-split system,3.25,Electric furnace,Electricity,,,Yes,INNOVAIR,SHV18H2BA,SAV18BDA,19000,15000,18000,2.00,9.7,19,Yes,5.568,5.275,0.894,0.847
5634884,MB,R0E,P,2026-05-01,2026,Attached Duplex,202.3,Two storeys,2026,,2,2.5,7570.0,7.57,21698.7,6027.5,78085.2,21690.5,6027.5,0.0,0.0,0.0,0.0,215408661,Air,Compact Ducted Mini- or Multi-split system,18973.1,T,5.57,3.46,2.0,0.0,0.0,94.0,0.0,0.0,,Compact Ducted Mini- or Multi-split system,3.25,Electric furnace,Electricity,,,Yes,INNOVAIR,SHV18H2BA,SAV18BDA,19000,15000,18000,2.00,9.7,19,Yes,5.568,5.275,0.736,0.697
5634886,MB,R0E,N,2026-05-01,2026,Attached Duplex,202.3,Two storeys,2026,,2,1.2433,6195.1,6.195,17352.8,4820.3,73830.0,20508.5,4820.3,0.0,0.0,0.0,0.0,215408661,Air,Compact Ducted Mini- or Multi-split system,18973.1,T,5.57,3.46,2.0,0.0,0.0,94.0,0.0,0.0,,Compact Ducted Mini- or Multi-split system,3.25,Electric furnace,Electricity,,,Yes,INNOVAIR,SHV18H2BA,SAV18BDA,19000,15000,18000,2.00,9.7,19,Yes,5.568,5.275,0.899,0.852
5634886,MB,R0E,P,2026-05-01,2026,Attached Duplex,202.3,Two storeys,2026,,2,2.5,7437.1,7.437,21453.9,5959.5,77784.5,21607.0,5959.5,0.0,0.0,0.0,0.0,215408661,Air,Compact Ducted Mini- or Multi-split system,18973.1,T,5.57,3.46,2.0,0.0,0.0,94.0,0.0,0.0,,Compact Ducted Mini- or Multi-split system,3.25,Electric furnace,Electricity,,,Yes,INNOVAIR,SHV18H2BA,SAV18BDA,19000,15000,18000,2.00,9.7,19,Yes,5.568,5.275,0.749,0.709
5634887,MB,R0E,N,2026-05-01,2026,Attached Duplex,203.0,Two storeys,2026,,2,1.0473,4863.4,4.863,11523.6,3201.0,68530.7,19036.5,3201.1,0.0,0.0,0.0,0.0,215408661,Air,Compact Ducted Mini- or Multi-split system,18973.1,T,5.57,3.46,2.0,0.0,0.0,94.0,0.0,0.0,,Compact Ducted Mini- or Multi-split system,3.25,Electric furnace,Electricity,,,Yes,INNOVAIR,SHV18H2BA,SAV18BDA,19000,15000,18000,2.00,9.7,19,Yes,5.568,5.275,1.145,1.085
5634887,MB,R0E,P,2026-05-01,2026,Attached Duplex,203.0,Two storeys,2026,,2,2.5,6217.8,6.218,15904.2,4417.9,72622.1,20173.0,4417.8,0.0,0.0,0.0,0.0,215408661,Air,Compact Ducted Mini- or Multi-split system,18973.1,T,5.57,3.46,2.0,0.0,0.0,94.0,0.0,0.0,,Compact Ducted Mini- or Multi-split system,3.25,Electric furnace,Electricity,,,Yes,INNOVAIR,SHV18H2BA,SAV18BDA,19000,15000,18000,2.00,9.7,19,Yes,5.568,5.275,0.896,0.848
5634890,MB,R0E,N,2026-05-01,2026,Attached Duplex,203.0,Two storeys,2026,,2,1.1347,4881.1,4.881,11534.6,3204.1,68563.0,19045.4,3204.2,0.0,0.0,0.0,0.0,215408661,Air,Compact Ducted Mini- or Multi-split system,18973.1,T,5.57,3.46,2.0,0.0,0.0,94.0,0.0,0.0,,Compact Ducted Mini- or Multi-split system,3.25,Electric furnace,Electricity,,,Yes,INNOVAIR,SHV18H2BA,SAV18BDA,19000,15000,18000,2.00,9.7,19,Yes,5.568,5.275,1.141,1.081
5634890,MB,R0E,P,2026-05-01,2026,Attached Duplex,203.0,Two storeys,2026,,2,2.5,6136.1,6.136,15578.1,4327.3,72330.7,20092.0,4327.3,0.0,0.0,0.0,0.0,215408661,Air,Compact Ducted Mini- or Multi-split system,18973.1,T,5.57,3.46,2.0,0.0,0.0,94.0,0.0,0.0,,Compact Ducted Mini- or Multi-split system,3.25,Electric furnace,Electricity,,,Yes,INNOVAIR,SHV18H2BA,SAV18BDA,19000,15000,18000,2.00,9.7,19,Yes,5.568,5.275,0.907,0.86
5634891,MB,R0E,N,2026-05-01,2026,Attached Duplex,202.3,Two storeys,2026,,2,0.992,6109.0,6.109,16874.4,4687.4,73453.9,20404.0,4687.3,0.0,0.0,0.0,0.0,215408661,Air,Compact Ducted Mini- or Multi-split system,18973.1,T,5.57,3.46,2.0,0.0,0.0,94.0,0.0,0.0,,Compact Ducted Mini- or Multi-split system,3.25,Electric furnace,Electricity,,,Yes,INNOVAIR,SHV18H2BA,SAV18BDA,19000,15000,18000,2.00,9.7,19,Yes,5.568,5.275,0.911,0.864
5634891,MB,R0E,P,2026-05-01,2026,Attached Duplex,202.3,Two storeys,2026,,2,2.5,7437.1,7.437,21172.2,5881.2,77599.6,21555.6,5881.2,0.0,0.0,0.0,0.0,215408661,Air,Compact Ducted Mini- or Multi-split system,18973.1,T,5.57,3.46,2.0,0.0,0.0,94.0,0.0,0.0,,Compact Ducted Mini- or Multi-split system,3.25,Electric furnace,Electricity,,,Yes,INNOVAIR,SHV18H2BA,SAV18BDA,19000,15000,18000,2.00,9.7,19,Yes,5.568,5.275,0.749,0.709
5634894,MB,R0G,N,2026-06-01,2026,Single Detached,177.8,Two storeys,2026,B1;P1,1,0.45,5239.2,5.239,17133.5,4759.3,60328.5,16758.1,4759.5,0.0,0.0,0.0,0.0,210365432,Air,Central split system,14719.8,T,7.03,3.21,1.91,8.0,17.4,100.0,0.0,0.0,ESTAR,Central split system,3.23,Electric furnace,Electricity,,,Yes,Dettson,EVD-24-O,EVD-24-I,24000,19200,22600,1.91,10,17.4,Yes,7.034,6.623,1.343,1.264
5634894,MB,R0G,P,2026-06-01,2026,Single Detached,177.8,Two storeys,2026,B1;P1,1,0.45,5239.2,5.239,17133.5,4759.3,60328.5,16758.1,4759.5,0.0,0.0,0.0,0.0,210365432,Air,Central split system,14719.8,T,7.03,3.21,1.91,8.0,17.4,100.0,0.0,0.0,ESTAR,Central split system,3.23,Electric furnace,Electricity,,,Yes,Dettson,EVD-24-O,EVD-24-I,24000,19200,22600,1.91,10,17.4,Yes,7.034,6.623,1.343,1.264
5634896,MB,R6W,N,2026-06-01,2026,Single Detached,200.8,One storey,2026,B1;P1,1,0.65,5292.8,5.293,18427.0,5118.7,61060.2,16961.3,5118.7,0.0,0.0,0.0,0.0,210365432,Air,Central split system,14719.8,T,7.03,3.21,1.8,8.0,17.4,94.0,0.0,0.0,ESTAR,Central split system,3.23,Electric furnace,Electricity,,,Yes,Dettson,EVD-24-O,EVD-24-I,24000,19200,22600,1.91,10,17.4,Yes,7.034,6.623,1.329,1.251
5634896,MB,R6W,P,2026-06-01,2026,Single Detached,200.8,One storey,2026,B1;P1,1,0.65,5292.8,5.293,18427.0,5118.7,61060.2,16961.3,5118.7,0.0,0.0,0.0,0.0,210365432,Air,Central split system,14719.8,T,7.03,3.21,1.8,8.0,17.4,94.0,0.0,0.0,ESTAR,Central split system,3.23,Electric furnace,Electricity,,,Yes,Dettson,EVD-24-O,EVD-24-I,24000,19200,22600,1.91,10,17.4,Yes,7.034,6.623,1.329,1.251
5634911,MB,R2V,N,2026-06-01,2026,Double/Semi-detached,212.2,Two storeys,2026,B1,1,1.58,6364.6,6.365,13940.1,3872.3,62601.5,17389.4,3872.3,2055.6,0.0,0.0,0.0,212386846,Air,Central split system,13065.0,T,7.33,3.35,1.95,7.7,16.5,80.0,0.0,0.0,,Central split system,3.2,Condensing furnace,Natural Gas,,,Yes,ATK,ACI-AUO24SHP-M,ACI-BCO24CP17,25000,21000,20000,1.95,9.5,16.5,No,7.327,5.861,1.151,0.921
5634911,MB,R2V,P,2026-06-01,2026,Double/Semi-detached,212.2,Two storeys,2026,B1,1,1.58,6364.6,6.365,13940.1,3872.3,62601.5,17389.4,3872.3,2055.6,0.0,0.0,0.0,212386846,Air,Central split system,13065.0,T,7.33,3.35,1.95,7.7,16.5,80.0,0.0,0.0,,Central split system,3.2,Condensing furnace,Natural Gas,,,Yes,ATK,ACI-AUO24SHP-M,ACI-BCO24CP17,25000,21000,20000,1.95,9.5,16.5,No,7.327,5.861,1.151,0.921
5635761,MB,R8N,D,2026-04-01,2026,Single Detached,204.4,One storey,1962,B1;C1;F1,1,4.28,13978.0,13.978,76831.3,21342.2,122000.1,33889.2,21342.1,0.0,0.0,0.0,0.0,206249117,Air,Central split system,18614.6,T,10.26,3.08,1.8,7.4,16.0,80.0,0.0,0.0,,Central split system,2.93,Electric furnace,Electricity,,,Yes,GREE,GUD36W/A-D(U),GUD36AH2/A-D(U),35000,29000,28000,1.80,9,16,Yes,10.257,8.206,0.734,0.587
5635764,MB,R5G,N,2026-06-01,2026,"Row house, end unit",101.8,One storey,2026,B1;P1;P2,1,1.06,3169.7,3.17,5890.7,1636.3,48996.6,13610.3,1636.4,0.0,0.0,0.0,0.0,215381160,Air,Central split system,6740.6,F,0.0,3.714,0.0,0.0,0.0,0.0,6.05,15.2,,Central split system,3.255,Electric furnace,Electricity,,,Yes,GOODMAN,GLZS5BA2410A*,AMST24BU1300A*,23000,13000,11300,1.90,7.8,15.2,No,6.741,3.312,2.127,1.045
5635764,MB,R5G,P,2026-06-01,2026,"Row house, end unit",101.8,One storey,2026,B1;P1;P2,1,1.5,3375.7,3.376,6476.8,1799.1,49542.2,13761.8,1799.2,0.0,0.0,0.0,0.0,215381160,Air,Central split system,6740.6,F,0.0,3.714,0.0,0.0,0.0,0.0,6.05,15.2,,Central split system,3.255,Electric furnace,Electricity,,,Yes,GOODMAN,GLZS5BA2410A*,AMST24BU1300A*,23000,13000,11300,1.90,7.8,15.2,No,6.741,3.312,1.997,0.981
5635765,MB,R5G,N,2026-06-01,2026,"Row house, middle unit",103.2,One storey,2026,B1;P1;P2,1,1.11,2660.6,2.661,3304.1,917.8,46813.4,13003.8,917.8,0.0,0.0,0.0,0.0,215381160,Air,Central split system,6740.6,F,0.0,3.714,0.0,0.0,0.0,0.0,6.05,15.2,,Central split system,3.255,Electric furnace,Electricity,,,Yes,GOODMAN,GLZS5BA2410A*,AMST24BU1300A*,23000,13000,11300,1.90,7.8,15.2,No,6.741,3.312,2.534,1.245
5635765,MB,R5G,P,2026-06-01,2026,"Row house, middle unit",103.2,One storey,2026,B1;P1;P2,1,1.5,2858.7,2.859,3769.6,1047.1,47208.0,13113.4,1047.2,0.0,0.0,0.0,0.0,215381160,Air,Central split system,6740.6,F,0.0,3.714,0.0,0.0,0.0,0.0,6.05,15.2,,Central split system,3.255,Electric furnace,Electricity,,,Yes,GOODMAN,GLZS5BA2410A*,AMST24BU1300A*,23000,13000,11300,1.90,7.8,15.2,No,6.741,3.312,2.358,1.158
5635767,MB,R5G,N,2026-06-01,2026,"Row house, middle unit",103.2,One storey,2026,B1;P1;P2,1,1.07,2719.0,2.719,3510.7,975.2,47004.3,13056.9,975.3,0.0,0.0,0.0,0.0,215381160,Air,Central split system,6740.6,F,0.0,3.714,0.0,0.0,0.0,0.0,6.05,15.2,,Central split system,3.255,Electric furnace,Electricity,,,Yes,GOODMAN,GLZS5BA2410A*,AMST24BU1300A*,23000,13000,11300,1.90,7.8,15.2,No,6.741,3.312,2.479,1.218
5635767,MB,R5G,P,2026-06-01,2026,"Row house, middle unit",103.2,One storey,2026,B1;P1;P2,1,1.5,2858.7,2.859,3823.4,1062.1,47281.4,13133.8,1062.0,0.0,0.0,0.0,0.0,215381160,Air,Central split system,6740.6,F,0.0,3.714,0.0,0.0,0.0,0.0,6.05,15.2,,Central split system,3.255,Electric furnace,Electricity,,,Yes,GOODMAN,GLZS5BA2410A*,AMST24BU1300A*,23000,13000,11300,1.90,7.8,15.2,No,6.741,3.312,2.358,1.158
5636913,MB,R7C,N,2026-05-01,2026,Apartment,1943.8,Three storeys,2026,B1;P1,16,1.0,39678.3,39.678,115334.1,32037.5,562668.6,156298.1,32037.5,0.0,0.0,0.0,0.0,208447824,Air,Ductless Mini- or Multi-split system,85336.7,T,3.52,3.04,1.81,6.9,21.4,67.0,0.0,0.0,,Ductless Mini- or Multi-split system,2.56,Baseboard/Hydronic/Plenum(duct) htrs.,Electricity,,,Yes,CARRIER,38MHRCQ12AA3,40MHHAQ12XA3,12000,7000,8000,1.79,9.2,21.4,No,3.517,2.345,0.089,0.059
5636913,MB,R7C,P,2026-05-01,2026,Apartment,1943.8,Three storeys,2026,B1;P1,16,1.5,44955.6,44.956,132135.6,36704.6,578497.9,160695.1,36704.7,0.0,0.0,0.0,0.0,208447824,Air,Ductless Mini- or Multi-split system,85336.7,T,3.52,3.04,1.81,6.9,21.4,67.0,0.0,0.0,,Ductless Mini- or Multi-split system,2.56,Baseboard/Hydronic/Plenum(duct) htrs.,Electricity,,,Yes,CARRIER,38MHRCQ12AA3,40MHHAQ12XA3,12000,7000,8000,1.79,9.2,21.4,No,3.517,2.345,0.078,0.052
5637036,MB,R0M,N,2026-05-01,2026,Single Detached,448.1,One storey,2026,B1,1,0.68,10015.2,10.015,14009.5,3891.6,57854.6,16070.9,3891.4,0.0,0.0,0.0,0.0,216054110,Ground,Ground source heat pump,16441.3,F,0.0,3.9,0.0,0.0,0.0,0.0,0.0,0.0,C448,Conventional A/C,5.22,Electric furnace,Electricity,Other (describe),Electricity,No,,,,,,,,,,,,,,
5637036,MB,R0M,P,2026-05-01,2026,Single Detached,448.1,One storey,2026,B1,1,1.5,11929.1,11.929,16715.5,4643.2,60451.1,16792.1,4643.4,0.0,0.0,0.0,0.0,216054110,Ground,Ground source heat pump,16441.3,F,0.0,3.9,0.0,0.0,0.0,0.0,0.0,0.0,C448,Conventional A/C,5.22,Electric furnace,Electricity,Other (describe),Electricity,No,,,,,,,,,,,,,,
5638709,MB,R2V,N,2026-06-01,2026,Single Detached,232.5,Two storeys,2026,B1,1,1.07,7656.6,7.657,10348.4,2874.6,69450.2,19291.9,2874.5,4773.1,0.0,0.0,0.0,216611773,Air,Central split system,8440.4,F,0.0,3.976,0.0,0.0,0.0,0.0,6.59,17.5,,Central split system,3.531,Condensing furnace,Natural Gas,,,Yes,GOODMAN,GZV6SA3010A*,CAPEA3022*3A*,28800,18000,17300,2.10,8.5,17.5,No,8.44,5.07,1.102,0.662
5638709,MB,R2V,P,2026-06-01,2026,Single Detached,232.5,Two storeys,2026,B1,1,1.5,8200.1,8.2,10300.9,2861.4,72414.4,20115.3,2861.4,5639.5,0.0,0.0,0.0,216611773,Air,Central split system,8440.4,F,0.0,3.976,0.0,0.0,0.0,0.0,6.59,17.5,,Central split system,3.531,Condensing furnace,Natural Gas,,,Yes,GOODMAN,GZV6SA3010A*,CAPEA3022*3A*,28800,18000,17300,2.10,8.5,17.5,No,8.44,5.07,1.029,0.618
5640274,MB,R1N,N,2026-06-01,2026,Single Detached,371.0,Two storeys,2026,C1;F1,1,0.76,10581.5,10.582,17584.9,4884.7,78187.9,21719.0,4884.8,1984.5,0.0,0.0,0.0,215934065,Air,Central split system,23314.1,T,14.07,3.51,2.0,7.5,20.5,76.0,0.0,0.0,,Central split system,3.54,Condensing furnace,Natural Gas,Fireplace with spark ignit. (sealed),Natural Gas,Yes,BRYANT HEATING AND COOLING SYSTEMS,293VAN048**AA*,CAA**4821AM*+UI,48000,39500,36600,1.88,9,20.5,Yes,14.067,10.726,1.329,1.014
5640274,MB,R1N,P,2026-06-01,2026,Single Detached,371.0,Two storeys,2026,C1;F1,1,1.5,11779.2,11.779,20190.0,5608.4,81738.7,22705.4,5608.4,2327.0,0.0,0.0,0.0,215934065,Air,Central split system,23314.1,T,14.07,3.51,2.0,7.5,20.5,76.0,0.0,0.0,,Central split system,3.54,Condensing furnace,Natural Gas,Fireplace with spark ignit. (sealed),Natural Gas,Yes,BRYANT HEATING AND COOLING SYSTEMS,293VAN048**AA*,CAA**4821AM*+UI,48000,39500,36600,1.88,9,20.5,Yes,14.067,10.726,1.194,0.911
5640363,MB,R0G,N,2026-06-01,2026,"Row house, end unit",175.6,Two storeys,2026,B1,1,1.65,6437.0,6.437,24226.6,6729.7,56241.5,15622.8,6729.8,0.0,0.0,0.0,0.0,215471326,Air,Central split system,13808.0,T,7.62,3.25,1.87,7.7,0.0,83.0,0.0,0.0,,Central split system,2.86,Electric furnace,Electricity,,,Yes,MIDEA,MO1BE-H24B-2A,MAUHE-H24B-2A,26000,20800,21600,1.87,9.7,18.1,Yes,7.62,6.33,1.184,0.983
5640363,MB,R0G,P,2026-06-01,2026,"Row house, end unit",175.6,Two storeys,2026,B1,1,3.0,7695.7,7.696,28646.7,7957.5,60548.1,16819.1,7957.6,0.0,0.0,0.0,0.0,215471326,Air,Central split system,13808.0,T,7.62,3.25,1.87,7.7,0.0,83.0,0.0,0.0,,Central split system,2.86,Electric furnace,Electricity,,,Yes,MIDEA,MO1BE-H24B-2A,MAUHE-H24B-2A,26000,20800,21600,1.87,9.7,18.1,Yes,7.62,6.33,0.99,0.823
5640364,MB,R0G,N,2026-06-01,2026,"Row house, middle unit",176.8,Two storeys,2026,B1,1,2.36,5316.5,5.316,18072.2,5020.1,50643.2,14067.7,5020.0,0.0,0.0,0.0,0.0,215471326,Air,Central split system,13808.0,T,7.62,3.25,1.87,7.7,0.0,83.0,0.0,0.0,,Central split system,2.86,Electric furnace,Electricity,,,Yes,MIDEA,MO1BE-H24B-2A,MAUHE-H24B-2A,26000,20800,21600,1.87,9.7,18.1,Yes,7.62,6.33,1.433,1.191
5640364,MB,R0G,P,2026-06-01,2026,"Row house, middle unit",176.8,Two storeys,2026,B1,1,3.0,6333.0,6.333,22021.7,6117.2,54370.3,15103.0,6117.3,0.0,0.0,0.0,0.0,215471326,Air,Central split system,13808.0,T,7.62,3.25,1.87,7.7,0.0,83.0,0.0,0.0,,Central split system,2.86,Electric furnace,Electricity,,,Yes,MIDEA,MO1BE-H24B-2A,MAUHE-H24B-2A,26000,20800,21600,1.87,9.7,18.1,Yes,7.62,6.33,1.203,1.0
5640365,MB,R0G,N,2026-06-01,2026,"Row house, middle unit",176.8,Two storeys,2026,B1,1,2.26,5356.3,5.356,18292.8,5081.4,50843.2,14123.2,5081.4,0.0,0.0,0.0,0.0,215471326,Air,Central split system,13808.0,T,7.62,3.25,1.87,7.7,0.0,83.0,0.0,0.0,,Central split system,2.86,Electric furnace,Electricity,,,Yes,MIDEA,MO1BE-H24B-2A,MAUHE-H24B-2A,26000,20800,21600,1.87,9.7,18.1,Yes,7.62,6.33,1.423,1.182
5640365,MB,R0G,P,2026-06-01,2026,"Row house, middle unit",176.8,Two storeys,2026,B1,1,3.0,6333.0,6.333,22021.7,6117.2,54370.3,15103.0,6117.3,0.0,0.0,0.0,0.0,215471326,Air,Central split system,13808.0,T,7.62,3.25,1.87,7.7,0.0,83.0,0.0,0.0,,Central split system,2.86,Electric furnace,Electricity,,,Yes,MIDEA,MO1BE-H24B-2A,MAUHE-H24B-2A,26000,20800,21600,1.87,9.7,18.1,Yes,7.62,6.33,1.203,1.0
5640367,MB,R0G,N,2026-06-01,2026,"Row house, end unit",175.6,Two storeys,2026,B1,1,1.662,6195.3,6.195,23201.7,6445.0,55256.1,15349.0,6445.1,0.0,0.0,0.0,0.0,215471326,Air,Central split system,13808.0,T,7.62,3.25,1.87,7.7,0.0,83.0,0.0,0.0,,Central split system,2.86,Electric furnace,Electricity,,,Yes,MIDEA,MO1BE-H24B-2A,MAUHE-H24B-2A,26000,20800,21600,1.87,9.7,18.1,Yes,7.62,6.33,1.23,1.022
5640367,MB,R0G,P,2026-06-01,2026,"Row house, end unit",175.6,Two storeys,2026,B1,1,3.0,7695.7,7.696,28646.7,7957.5,60548.1,16819.1,7957.6,0.0,0.0,0.0,0.0,215471326,Air,Central split system,13808.0,T,7.62,3.25,1.87,7.7,0.0,83.0,0.0,0.0,,Central split system,2.86,Electric furnace,Electricity,,,Yes,MIDEA,MO1BE-H24B-2A,MAUHE-H24B-2A,26000,20800,21600,1.87,9.7,18.1,Yes,7.62,6.33,0.99,0.823
5640846,MB,R0K,D,2026-06-01,2026,Single Detached,159.1,One storey,1976,B1,1,2.48,10061.4,10.061,33860.4,9405.7,78638.8,21844.3,9405.6,0.0,0.0,0.0,0.0,207683231,Air,Ductless Mini- or Multi-split system,8547.6,T,5.28,3.88,2.35,7.9,24.0,71.0,0.0,0.0,ESTAR,Ductless Mini- or Multi-split system,3.5,Baseboard/Hydronic/Plenum(duct) htrs.,Electricity,,,Yes,NAPOLEON,NDHAS22-18-O,NDHAS22-18-I,18000,14100,12800,2.44,10.5,24,Yes,5.275,3.751,0.524,0.373
5096374,MB,R3G,D,2025-09-01,2025,Single Detached,217.7,Three storeys,1912,B1;C1;F1,1,10.8326,30397.7,30.398,49712.6,13809.2,185511.7,51531.4,13809.3,24814.1,0.0,0.0,0.0,208786088,Air,Ductless Mini- or Multi-split system,21273.1,T,11.72,3.41,1.92,8.0,21.0,81.0,0.0,0.0,ESTAR,Ductless Mini- or Multi-split system,3.09,"Boiler  with spark ignit.,vent dmpr",Natural Gas,,,Yes,GREE,GWHD(42)ND3MO,,40000,35600,32400,1.92,10,21,Yes,11.723,9.496,0.386,0.312
