"SCREEN_ID","WELL_ID","PIPE_ID","Layer","Slot","SCRN_TOP_DEPTH","SCRN_END_DEPTH","SCRN_MATERIAL","SCRN_DEPTH_UOM","SCRN_DIAMETER_UOM","SCRN_DIAMETER"
933325845,"1500105",10570720,1,"012",64.00,68.00,,"ft","inch",
933325846,"1500144",10570759,1,"010",164.00,168.00,,"ft","inch",
933325847,"1500679",10571292,1,"100",150.00,165.00,,"ft","inch",
933325848,"1500680",10571293,1,"050",146.00,154.00,,"ft","inch",
933325849,"1500680",10571293,2,"025",,,,"ft","inch",
933325850,"1500693",10571306,1,"040",179.00,183.00,,"ft","inch",
933325851,"1500694",10571307,1,"025",187.00,191.00,,"ft","inch",5.00
933325852,"1500698",10571311,1,"025",170.00,174.00,,"ft","inch",5.00
933325853,"1500700",10571313,1,"025",158.00,162.00,,"ft","inch",20.00
933325854,"1500701",10571314,1,"040",148.00,152.00,,"ft","inch",5.00
933325855,"1500702",10571315,1,"012",212.00,220.00,,"ft","inch",8.00
933325856,"1500750",10571363,1,"040",93.00,98.00,,"ft","inch",
933325857,"1500765",10571378,1,"016",180.00,186.00,,"ft","inch",
933325858,"1500896",10571509,1,,250.00,,,"ft","inch",5.00
933325859,"1500953",10571566,1,,,,,"ft","inch",
933325860,"1501054",10571667,1,,76.00,78.00,,"ft","inch",
933325861,"1501787",10572400,1,,,,,"ft","inch",2.00
933325862,"1501929",10572542,1,"010",,,,"ft","inch",
933325863,"1502148",10572761,1,"050",22.00,42.00,,"ft","inch",10.00
933325864,"1503047",10573660,1,"018",46.00,50.00,,"ft","inch",5.00
933325865,"1503078",10573691,1,,,,,"ft","inch",
933325866,"1503086",10573699,1,"012",81.00,85.00,,"ft","inch",6.00
933325867,"1503154",10573767,1,,117.00,132.00,,"ft","inch",
933325868,"1503161",10573774,1,,,,,"ft","inch",
933325869,"1503164",10573777,1,,112.00,127.00,,"ft","inch",
933325870,"1503165",10573778,1,"035",107.00,111.00,,"ft","inch",6.00
933325871,"1503320",10573933,1,,76.00,80.00,,"ft","inch",6.00
933325872,"1504023",10574636,1,"025",75.00,80.00,,"ft","inch",
933325873,"1504036",10574649,1,"080",68.00,88.00,,"ft","inch",
933325874,"1504413",10575026,1,"012",52.00,59.00,,"ft","inch",
933325875,"1505915",10576528,1,,,,,"ft","inch",
933325876,"1505989",10576602,1,"050",60.00,68.00,,"ft","inch",
933325877,"1506587",10577193,1,,48.00,52.00,,"ft","inch",
933325878,"1506738",10577344,1,"006",66.00,70.00,,"ft","inch",
933325879,"1508315",10578920,1,,,,,"ft","inch",1.50
933325880,"1508328",10578933,1,"014",45.00,50.00,,"ft","inch",5.00
933325881,"1508440",10579044,1,,28.00,48.00,,"ft","inch",
933325882,"1509439",10580042,1,"012",109.00,114.00,,"ft","inch",
933325883,"1510015",10580616,1,,95.00,110.00,,"ft","inch",6.25
933325884,"1510138",10580738,1,"100",88.00,103.00,,"ft","inch",
933325885,"1510208",10580806,1,"100",86.00,99.00,,"ft","inch",12.00
933325886,"1510314",10580912,1,,,,,"ft","inch",5.0e-03
933325887,"1510566",10581163,1,"025",31.00,35.00,,"ft","inch",6.00
933325888,"1512721",10583279,1,"025",16.00,20.00,,"ft","inch",6.00
933325889,"1512859",10583417,1,,110.00,124.00,,"ft","inch",11.75
933325890,"1513047",10583605,1,,89.00,94.00,,"ft","inch",
933325891,"1513076",10583634,1,"040",102.00,107.00,,"ft","inch",
933325892,"1513853",10584405,1,"006",45.00,48.00,,"ft","inch",1.25
933325893,"1513854",10584406,1,"006",38.00,41.00,,"ft","inch",1.50
933325894,"1513855",10584407,1,"006",38.00,40.00,,"ft","inch",1.25
933325895,"1513856",10584408,1,"090",37.00,40.00,,"ft","inch",1.25
933325896,"1514011",10584563,1,"060",14.00,16.00,,"ft","inch",1.25
933325897,"1514417",10584961,1,"006",35.00,38.00,,"ft","inch",1.25
933325898,"1514418",10584962,1,"010",44.00,47.00,,"ft","inch",1.25
933325899,"1514419",10584963,1,"010",28.00,31.00,,"ft","inch",1.25
933325900,"1514420",10584964,1,"010",37.00,40.00,,"ft","inch",1.25
933325901,"1514421",10584965,1,"010",38.00,41.00,,"ft","inch",1.25
933325902,"1514422",10584966,1,"010",35.00,38.00,,"ft","inch",1.25
933325903,"1514423",10584967,1,"010",31.00,34.00,,"ft","inch",1.25
933325904,"1514472",10585015,1,"010",33.00,36.00,,"ft","inch",1.25
933325905,"1514473",10585016,1,"010",46.00,49.00,,"ft","inch",1.25
933325906,"1514666",10585206,1,"006",22.00,24.00,,"ft","inch",1.25
933325907,"1514706",10585246,1,"010",15.00,18.00,,"ft","inch",1.25
933325908,"1514707",10585247,1,"010",30.00,33.00,,"ft","inch",1.25
933325909,"1514708",10585248,1,"010",30.00,33.00,,"ft","inch",1.25
933325910,"1514709",10585249,1,"010",15.00,18.00,,"ft","inch",1.25
933325911,"1514710",10585250,1,"010",22.00,25.00,,"ft","inch",1.25
933325912,"1514711",10585251,1,"010",22.00,25.00,,"ft","inch",1.25
933325913,"1514738",10585278,1,"020",10.00,15.00,,"ft","inch",5.00
933325915,"1514927",10585462,1,"010",37.00,40.00,,"ft","inch",1.25
933325916,"1514928",10585463,1,"010",33.00,36.00,,"ft","inch",1.25
933325917,"1514929",10585464,1,"007",23.00,26.00,,"ft","inch",1.25
933325918,"1514930",10585465,1,"007",45.00,48.00,,"ft","inch",1.25
933325919,"1514931",10585466,1,"060",25.00,28.00,,"ft","inch",1.25
933325920,"1514932",10585467,1,"010",30.00,33.00,,"ft","inch",1.25
933325921,"1514933",10585468,1,"007",25.00,28.00,,"ft","inch",1.25
933325922,"1514934",10585469,1,"007",20.00,23.00,,"ft","inch",1.25
933325923,"1514935",10585470,1,"007",25.00,28.00,,"ft","inch",1.25
933325924,"1514936",10585471,1,"080",25.00,28.00,,"ft","inch",1.25
933325925,"1514990",10585525,1,"010",38.00,41.00,,"ft","inch",1.25
933325926,"1514991",10585526,1,"007",36.00,39.00,,"ft","inch",1.25
933325927,"1514992",10585527,1,"010",34.00,37.00,,"ft","inch",1.25
933325928,"1514993",10585528,1,"007",41.00,44.00,,"ft","inch",1.25
933325929,"1514994",10585529,1,"007",17.00,20.00,,"ft","inch",1.25
933325930,"1515084",10585617,1,"007",44.00,47.00,,"ft","inch",1.25
933325931,"1515085",10585618,1,"007",18.00,20.00,,"ft","inch",1.25
933325932,"1515086",10585619,1,"007",45.00,48.00,,"ft","inch",1.25
933325933,"1515087",10585620,1,"007",35.00,38.00,,"ft","inch",1.25
933325934,"1515088",10585621,1,"007",42.00,45.00,,"ft","inch",1.25
933325935,"1515089",10585622,1,"007",25.00,28.00,,"ft","inch",1.25
933325936,"1515334",10585860,1,"007",30.00,33.00,,"ft","inch",1.50
933325937,"1515335",10585861,1,"007",41.00,44.00,,"ft","inch",1.25
933325938,"1515336",10585862,1,"007",15.00,18.00,,"ft","inch",1.25
933325939,"1515355",10585879,1,"080",50.00,53.00,,"ft","inch",1.25
933325940,"1515356",10585880,1,"080",51.00,54.00,,"ft","inch",1.25
933325941,"1515357",10585881,1,"080",36.00,39.00,,"ft","inch",1.25
933325942,"1515358",10585882,1,"080",46.00,49.00,,"ft","inch",1.25
933325943,"1515394",10585914,1,"080",41.00,44.00,,"ft","inch",1.25
933325944,"1515395",10585915,1,"080",46.00,49.00,,"ft","inch",1.25
933325945,"1515397",10585916,1,"080",37.00,40.00,,"ft","inch",1.25
933325946,"1515491",10586007,1,"007",19.00,22.00,,"ft","inch",1.25
933325947,"1515492",10586008,1,"007",25.00,28.00,,"ft","inch",1.25
933325948,"1515493",10586009,1,"010",20.00,23.00,,"ft","inch",1.25
933325949,"1515494",10586010,1,"010",22.00,25.00,,"ft","inch",1.25
933325950,"1515561",10586077,1,"007",27.00,30.00,,"ft","inch",1.25
933325951,"1515562",10586078,1,"007",27.00,30.00,,"ft","inch",1.25
933325952,"1515633",10586149,1,"010",42.00,45.00,,"ft","inch",1.25
933325953,"1515634",10586150,1,"010",44.00,47.00,,"ft","inch",1.25
933325954,"1515635",10586151,1,"010",32.00,35.00,,"ft","inch",1.25
933325955,"1515636",10586152,1,"010",25.00,28.00,,"ft","inch",1.25
933325956,"1515717",10586232,1,"010",22.00,25.00,,"ft","inch",1.25
933325957,"1515718",10586233,1,,25.00,,,"ft","inch",1.25
933325958,"1515719",10586234,1,"010",22.00,25.00,,"ft","inch",1.25
933325959,"1515720",10586235,1,"010",22.00,25.00,,"ft","inch",1.25
933325960,"1515721",10586236,1,"010",18.00,21.00,,"ft","inch",1.25
933325961,"1515722",10586237,1,"007",22.00,25.00,,"ft","inch",1.25
933325962,"1515723",10586238,1,"010",25.00,28.00,,"ft","inch",1.25
933325963,"1515737",10586251,1,"007",35.00,38.00,,"ft","inch",1.25
933325964,"1515739",10586253,1,"010",39.00,42.00,,"ft","inch",1.25
933325965,"1515740",10586254,1,"010",20.00,23.00,,"ft","inch",1.25
933325966,"1515741",10586255,1,"010",20.00,23.00,,"ft","inch",1.25
933325967,"1515742",10586256,1,"007",39.00,42.00,,"ft","inch",1.25
933325968,"1515743",10586257,1,"007",20.00,23.00,,"ft","inch",1.25
933325969,"1515744",10586258,1,"010",37.00,40.00,,"ft","inch",1.25
933325970,"1515745",10586259,1,"010",30.00,33.00,,"ft","inch",1.50
933325971,"1515871",10586380,1,"010",41.00,44.00,,"ft","inch",1.25
933325972,"1515872",10586381,1,"010",20.00,23.00,,"ft","inch",1.25
933325973,"1515873",10586382,1,"010",29.00,32.00,,"ft","inch",1.25
933325974,"1515906",10586415,1,"010",26.00,29.00,,"ft","inch",1.25
933325975,"1515943",10586452,1,"010",18.00,21.00,,"ft","inch",1.25
933325976,"1515944",10586453,1,"010",21.00,24.00,,"ft","inch",1.25
933325977,"1515945",10586454,1,"010",26.00,29.00,,"ft","inch",1.25
933325978,"1516003",10586511,1,"010",26.00,29.00,,"ft","inch",1.25
933325979,"1516004",10586512,1,"010",48.00,51.00,,"ft","inch",1.25
933325980,"1516005",10586513,1,"010",22.00,25.00,,"ft","inch",1.25
933325981,"1516071",10586577,1,"010",20.00,23.00,,"ft","inch",1.25
933325982,"1516072",10586578,1,"010",17.00,20.00,,"ft","inch",1.25
933325983,"1516105",10586610,1,"150",36.00,40.00,,"ft","inch",5.00
933325984,"1516149",10586653,1,"010",27.00,30.00,,"ft","inch",1.25
933325985,"1516150",10586654,1,"010",48.00,51.00,,"ft","inch",1.25
933325986,"1516151",10586655,1,"010",33.00,36.00,,"ft","inch",1.25
933325987,"1516152",10586656,1,"010",25.00,28.00,,"ft","inch",1.25
933325988,"1516225",10586725,1,"010",17.00,20.00,,"ft","inch",1.25
933325989,"1516226",10586726,1,"010",40.00,43.00,,"ft","inch",1.25
933325990,"1516227",10586727,1,"010",40.00,43.00,,"ft","inch",1.25
933325991,"1516228",10586728,1,"010",35.00,38.00,,"ft","inch",1.25
933325992,"1516254",10586754,1,"010",17.00,20.00,,"ft","inch",1.25
933325993,"1516255",10586755,1,"010",43.00,46.00,,"ft","inch",1.25
933325994,"1516256",10586756,1,"010",17.00,20.00,,"ft","inch",1.25
933325995,"1516323",10586821,1,"018",23.00,27.00,,"ft","inch",6.00
933325996,"1516358",10586855,1,"010",17.00,20.00,,"ft","inch",1.25
933325997,"1516359",10586856,1,"010",40.00,43.00,,"ft","inch",1.25
933325998,"1516360",10586857,1,"010",34.00,37.00,,"ft","inch",1.25
933325999,"1516361",10586858,1,"007",34.00,37.00,,"ft","inch",1.50
933326000,"1516362",10586859,1,"010",34.00,37.00,,"ft","inch",1.25
933326001,"1516363",10586860,1,"007",34.00,37.00,,"ft","inch",1.50
933326002,"1516479",10586964,1,"060",46.00,49.00,,"ft","inch",1.25
933326003,"1516694",10587165,1,"060",13.00,16.00,,"ft","inch",1.25
933326004,"1516695",10587166,1,"060",33.00,36.00,,"ft","inch",1.25
933326005,"1517172",10587619,1,"012",140.00,144.00,,"ft","inch",5.87
933326006,"1517807",10588249,1,,37.00,42.00,,"ft","inch",6.00
933326007,"1517808",10588250,1,,14.00,19.00,,"ft","inch",6.00
933326008,"1517813",10588255,1,"025",37.00,42.00,,"ft","inch",6.00
933326009,"1517814",10588256,1,"025",64.00,74.00,,"ft","inch",6.16
933326010,"1517819",10588261,1,"020",277.00,281.00,,"ft","inch",5.00
933326011,"1518553",10588993,1,"030",21.00,25.00,,"ft","inch",5.75
933326012,"1519013",10589453,1,"000",15.00,,,"ft","inch",30.00
933326013,"1519630",10590069,1,"035",56.00,60.00,,"ft","inch",5.00
933326014,"1519749",10590172,1,"006",,,,"ft","inch",
933326015,"1519944",10590365,1,"008",120.00,124.00,,"ft","inch",6.00
933326016,"1519961",10590381,1,"008",47.00,50.00,,"ft","inch",6.00
933326017,"1519962",10590382,1,"008",45.00,48.00,,"ft","inch",6.00
933326018,"1519963",10590383,1,"010",35.00,42.00,,"ft","inch",6.00
933326019,"1519964",10590384,1,"008",38.00,42.00,,"ft","inch",6.00
933326020,"1519965",10590385,1,"006",35.00,40.00,,"ft","inch",6.00
933326021,"1519966",10590386,1,"008",65.00,69.00,,"ft","inch",6.00
933326022,"1519967",10590387,1,"008",38.00,41.00,,"ft","inch",6.00
933326023,"1519968",10590388,1,"008",51.00,55.00,,"ft","inch",6.00
933326024,"1519969",10590389,1,"008",22.00,25.00,,"ft","inch",6.00
933326025,"1519970",10590390,1,"010",31.00,35.00,,"ft","inch",6.00
933326026,"1519971",10590391,1,"010",55.00,59.00,,"ft","inch",6.00
933326027,"1519972",10590392,1,"010",32.00,36.00,,"ft","inch",6.00
933326028,"1520111",10590531,1,"010",56.00,59.00,,"ft","inch",6.00
933326029,"1520112",10590532,1,"006",35.00,38.00,,"ft","inch",6.00
933326030,"1520114",10590534,1,"010",50.00,53.00,,"ft","inch",6.00
933326031,"1520130",10590548,1,,17.00,20.00,,"ft","inch",6.00
933326032,"1520134",10590552,1,"008",36.00,40.00,,"ft","inch",6.00
933326033,"1520135",10590553,1,"010",25.00,29.00,,"ft","inch",6.00
933326034,"1520142",10590559,1,"010",51.00,55.00,,"ft","inch",6.00
933326035,"1520143",10590560,1,"008",57.00,61.00,,"ft","inch",6.00
933326036,"1520147",10590562,1,"000",,,,"ft","inch",24.00
933326037,"1520149",10590564,1,"008",54.00,58.00,,"ft","inch",6.00
933326038,"1520150",10590565,1,"008",52.00,56.00,,"ft","inch",6.00
933326039,"1520188",10590603,1,"010",42.00,45.00,,"ft","inch",6.00
933326040,"1520189",10590604,1,,17.00,18.00,,"ft","inch",6.00
933326041,"1520195",10590610,1,"018",140.00,143.00,,"ft","inch",6.00
933326042,"1520196",10590611,1,,21.00,22.00,,"ft","inch",6.00
933326043,"1520239",10590654,1,"006",66.00,69.00,,"ft","inch",6.00
933326044,"1520240",10590655,1,"001",20.00,21.00,,"ft","inch",7.00
933326045,"1520242",10590656,1,"001",19.00,22.00,,"ft","inch",6.00
933326046,"1520244",10590658,1,"006",59.00,64.00,,"ft","inch",6.00
933326047,"1520259",10590672,1,"010",148.00,152.00,,"ft","inch",6.00
933326048,"1520402",10590815,1,"008",35.00,38.00,,"ft","inch",6.00
933326049,"1520405",10590818,1,"008",46.00,49.00,,"ft","inch",6.00
933326050,"1520406",10590819,1,"006",47.00,50.00,,"ft","inch",6.00
933326051,"1520408",10590821,1,"010",47.00,50.00,,"ft","inch",6.00
933326052,"1520461",10590874,1,"014",22.00,23.00,,"ft","inch",6.00
933326053,"1520462",10590875,1,"008",44.00,47.00,,"ft","inch",6.00
933326054,"1520464",10590877,1,"012",45.00,48.00,,"ft","inch",6.00
933326055,"1520501",10590913,1,"010",44.00,47.00,,"ft","inch",6.00
933326056,"1520508",10590920,1,"020",29.00,40.00,,"ft","inch",6.00
933326057,"1520525",10590937,1,"025",35.00,38.00,,"ft","inch",5.75
933326058,"1520540",10590952,1,"008",86.00,89.00,,"ft","inch",6.00
933326059,"1520543",10590955,1,"010",83.00,86.00,,"ft","inch",6.00
933326060,"1520556",10590968,1,"010",39.00,42.00,,"ft","inch",6.00
933326061,"1520558",10590970,1,"012",133.00,136.00,,"ft","inch",4.00
933326062,"1520559",10590971,1,,,,,"ft","inch",80.00
933326063,"1520571",10590983,1,"008",3.00,6.00,,"ft","inch",6.00
933326064,"1520572",10590984,1,"006",48.00,51.00,,"ft","inch",6.00
933326065,"1520742",10591153,1,"012",25.00,28.00,,"ft","inch",6.00
933326066,"1520743",10591154,1,"010",49.00,52.00,,"ft","inch",6.00
933326067,"1520759",10591170,1,"010",19.00,23.00,,"ft","inch",6.00
933326068,"1520760",10591171,1,"008",45.00,48.00,,"ft","inch",6.00
933326069,"1520871",10591282,1,"008",44.00,47.00,,"ft","inch",6.00
933326070,"1520887",10591298,1,"008",38.00,41.00,,"ft","inch",6.00
933326071,"1520938",10591349,1,"012",,,,"ft","inch",6.00
933326072,"1520945",10591356,1,"012",46.00,49.00,,"ft","inch",6.00
933326073,"1520946",10591357,1,"010",47.00,50.00,,"ft","inch",6.00
933326074,"1520950",10591361,1,"008",42.00,45.00,,"ft","inch",6.00
933326075,"1520952",10591363,1,"010",40.00,43.00,,"ft","inch",6.00
933326076,"1521048",10591455,1,"018",66.00,69.00,,"ft","inch",6.00
933326077,"1521050",10591457,1,"012",23.00,26.00,,"ft","inch",6.00
933326078,"1521051",10591458,1,"018",40.00,43.00,,"ft","inch",6.00
933326079,"1521053",10591460,1,"012",33.00,36.00,,"ft","inch",6.00
933326080,"1521054",10591461,1,"006",58.00,62.00,,"ft","inch",6.00
933326081,"1521055",10591462,1,"012",49.00,52.00,,"ft","inch",6.00
933326082,"1521056",10591463,1,"010",43.00,49.00,,"ft","inch",6.00
933326083,"1521083",10591490,1,"008",49.00,52.00,,"ft","inch",6.00
933326084,"1521086",10591493,1,"008",51.00,54.00,,"ft","inch",6.00
933326085,"1521087",10591494,1,"008",49.00,52.00,,"ft","inch",6.00
933326086,"1521090",10591497,1,"006",256.00,260.00,,"ft","inch",6.00
933326087,"1521120",10591526,1,,,,,"ft","inch",
933326088,"1521129",10591535,1,"025",58.00,62.00,,"ft","inch",5.00
933326089,"1521133",10591539,1,"025",58.00,62.00,,"ft","inch",5.00
933326090,"1521284",10591676,1,"006",40.00,43.00,,"ft","inch",6.00
933326091,"1521357",10591749,1,"018",47.00,51.00,,"ft","inch",6.00
933326092,"1521366",10591758,1,"018",67.00,70.00,,"ft","inch",6.00
933326093,"1521369",10591761,1,"012",64.00,67.00,,"ft","inch",6.00
933326094,"1521374",10591766,1,"006",54.00,57.00,,"ft","inch",6.00
933326095,"1521376",10591768,1,"012",49.00,52.00,,"ft","inch",6.00
933326096,"1521378",10591770,1,"018",29.00,32.00,,"ft","inch",6.00
933326097,"1521379",10591771,1,"006",49.00,52.00,,"ft","inch",6.00
933326098,"1521381",10591773,1,"008",36.00,39.00,,"ft","inch",6.00
933326099,"1521383",10591775,1,"014",11.00,15.00,,"ft","inch",6.00
933326100,"1521392",10591784,1,"025",52.00,56.00,,"ft","inch",5.00
933326101,"1521423",10591815,1,"030",135.00,139.00,,"ft","inch",6.00
933326102,"1521445",10591837,1,"012",24.00,27.00,,"ft","inch",6.00
933326103,"1521446",10591838,1,"012",50.00,53.00,,"ft","inch",6.00
933326104,"1521447",10591839,1,"008",47.00,50.00,,"ft","inch",6.00
933326105,"1521448",10591840,1,"008",47.00,50.00,,"ft","inch",6.00
933326106,"1521449",10591841,1,"006",49.00,52.00,,"ft","inch",6.00
933326107,"1521462",10591854,1,"030",283.00,288.00,,"ft","inch",5.25
933326108,"1521463",10591855,1,"030",286.00,291.00,,"ft","inch",4.50
933326109,"1521549",10591941,1,"006",47.00,50.00,,"ft","inch",6.00
933326110,"1521816",10592199,1,"006",57.00,60.00,,"ft","inch",6.00
933326111,"1521820",10592203,1,"008",47.00,50.00,,"ft","inch",6.00
933326112,"1521823",10592206,1,"010",36.00,39.00,,"ft","inch",6.00
933326113,"1521824",10592207,1,"008",37.00,40.00,,"ft","inch",6.00
933326114,"1521912",10592295,1,"008",46.00,52.00,,"ft","inch",6.00
933326115,"1521913",10592296,1,"008",45.00,48.00,,"ft","inch",6.00
933326116,"1521914",10592297,1,"010",45.00,48.00,,"ft","inch",6.00
933326117,"1521915",10592298,1,"008",45.00,48.00,,"ft","inch",6.00
933326118,"1521917",10592300,1,"008",48.00,51.00,,"ft","inch",6.00
933326119,"1521918",10592301,1,,75.00,76.00,,"ft","inch",6.00
933326120,"1521919",10592302,1,"008",48.00,51.00,,"ft","inch",6.00
933326121,"1521921",10592304,1,"010",44.00,47.00,,"ft","inch",6.00
933326122,"1521929",10592312,1,"008",48.00,51.00,,"ft","inch",6.00
933326123,"1521931",10592314,1,"025",58.00,62.00,,"ft","inch",6.66
933326124,"1521932",10592315,1,"025",62.00,66.00,,"ft","inch",7.00
933326125,"1521935",10592318,1,,17.00,20.00,,"ft","inch",
933326126,"1521999",10592382,1,"020",35.00,39.00,,"ft","inch",6.00
933326127,"1522002",10592385,1,"020",45.00,50.00,,"ft","inch",6.00
933326128,"1522044",10592427,1,"050",70.00,80.00,,"ft","inch",8.00
933326129,"1522054",10592437,1,"100",60.00,68.00,,"ft","inch",7.75
933326130,"1522199",10592582,1,"045",53.00,63.00,,"ft","inch",6.00
933326131,"1522202",10592585,1,"045",53.00,73.00,,"ft","inch",8.00
933326132,"1522217",10592600,1,"045",45.00,55.00,,"ft","inch",6.00
933326133,"1522218",10592601,1,"045",45.00,55.00,,"ft","inch",8.00
933326134,"1522236",10592619,1,"000",,,,"ft","inch",
933326135,"1522317",10592699,1,"010",34.00,37.00,,"ft","inch",6.00
933326136,"1522379",10592761,1,"020",95.00,98.00,,"ft","inch",6.00
933326137,"1522380",10592762,1,"025",26.00,29.00,,"ft","inch",6.00
933326138,"1522390",10592772,1,"008",33.00,36.00,,"ft","inch",6.00
933326139,"1522391",10592773,1,"006",44.00,47.00,,"ft","inch",6.00
933326140,"1522400",10592782,1,"008",113.00,116.00,,"ft","inch",6.00
933326141,"1522406",10592788,1,"008",31.00,34.00,,"ft","inch",6.00
933326142,"1522485",10592867,1,,30.00,32.00,,"ft","inch",
933326143,"1522486",10592868,1,,33.00,35.00,,"ft","inch",
933326144,"1522491",10592873,1,"010",64.00,67.00,,"ft","inch",6.00
933326145,"1522872",10593249,1,,44.00,46.00,,"ft","inch",
933326146,"1523159",10593535,1,"006",47.00,50.00,,"ft","inch",6.00
933326147,"1523176",10593550,1,"010",26.00,29.00,,"ft","inch",6.00
933326148,"1523177",10593551,1,"072",25.00,28.00,,"ft","inch",6.00
933326149,"1523178",10593552,1,"008",46.00,49.00,,"ft","inch",6.00
933326150,"1523179",10593553,1,"010",33.00,36.00,,"ft","inch",6.00
933326151,"1523180",10593554,1,"012",26.00,29.00,,"ft","inch",6.00
933326152,"1523181",10593555,1,"014",145.00,148.00,,"ft","inch",6.00
933326153,"1523182",10593556,1,"010",44.00,47.00,,"ft","inch",6.00
933326154,"1523183",10593557,1,"008",40.00,43.00,,"ft","inch",6.00
933326155,"1523184",10593558,1,"010",26.00,29.00,,"ft","inch",6.00
933326156,"1523185",10593559,1,"006",47.00,50.00,,"ft","inch",6.00
933326157,"1523186",10593560,1,"014",27.00,30.00,,"ft","inch",6.00
933326158,"1523197",10593570,1,"008",37.00,40.00,,"ft","inch",6.00
933326159,"1523209",10593582,1,"006",34.00,37.00,,"ft","inch",6.00
933326160,"1523210",10593583,1,"010",47.00,50.00,,"ft","inch",6.00
933326161,"1523212",10593585,1,"008",47.00,50.00,,"ft","inch",6.00
933326162,"1523213",10593586,1,"012",25.00,28.00,,"ft","inch",6.00
933326163,"1523214",10593587,1,"010",26.00,29.00,,"ft","inch",6.00
933326164,"1523215",10593588,1,"008",28.00,31.00,,"ft","inch",6.00
933326165,"1523219",10593592,1,"006",26.00,29.00,,"ft","inch",6.00
933326166,"1523220",10593593,1,"008",25.00,28.00,,"ft","inch",6.00
933326167,"1523223",10593596,1,"006",32.00,35.00,,"ft","inch",6.00
933326168,"1523226",10593599,1,"006",18.00,21.00,,"ft","inch",6.00
933326169,"1523230",10593603,1,"012",151.00,154.00,,"ft","inch",6.00
933326170,"1523306",10593651,1,"008",134.00,137.00,,"ft","inch",6.00
933326171,"1523307",10593652,1,"008",48.00,51.00,,"ft","inch",6.00
933326172,"1523308",10593653,1,"010",37.00,40.00,,"ft","inch",6.00
933326173,"1523316",10593661,1,"008",48.00,51.00,,"ft","inch",6.00
933326174,"1523318",10593663,1,"008",132.00,135.00,,"ft","inch",6.00
933326175,"1523319",10593664,1,"006",46.00,49.00,,"ft","inch",6.00
933326176,"1523334",10593679,1,"008",47.00,50.00,,"ft","inch",6.00
933326177,"1523335",10593680,1,"006",47.00,50.00,,"ft","inch",6.00
933326178,"1523336",10593681,1,"014",44.00,50.00,,"ft","inch",6.00
933326179,"1523337",10593682,1,"010",47.00,50.00,,"ft","inch",6.00
933326180,"1523338",10593683,1,"008",30.00,33.00,,"ft","inch",6.00
933326181,"1523339",10593684,1,"006",47.00,50.00,,"ft","inch",6.00
933326182,"1523354",10593699,1,"008",46.00,49.00,,"ft","inch",6.00
933326183,"1523355",10593700,1,"012",122.00,125.00,,"ft","inch",6.00
933326184,"1523423",10593768,1,"025",58.00,62.00,,"ft","inch",
933326185,"1523445",10593790,1,"006",33.00,36.00,,"ft","inch",6.00
933326186,"1523446",10593791,1,"010",53.00,56.00,,"ft","inch",6.00
933326187,"1523447",10593792,1,"010",78.00,81.00,,"ft","inch",6.00
933326188,"1523448",10593793,1,"006",64.00,67.00,,"ft","inch",6.00
933326189,"1523449",10593794,1,"008",65.00,68.00,,"ft","inch",6.00
933326190,"1523450",10593795,1,"008",61.00,64.00,,"ft","inch",6.00
933326191,"1523451",10593796,1,"018",78.00,81.00,,"ft","inch",6.00
933326192,"1523452",10593797,1,"016",63.00,66.00,,"ft","inch",6.00
933326193,"1523453",10593798,1,"018",60.00,63.00,,"ft","inch",6.00
1007448565,"1523484",1007448558,,,,,,"ft","inch",
933326194,"1523578",10593922,1,"006",33.00,36.00,,"ft","inch",5.00
933326195,"1523603",10593947,1,"025",38.00,42.00,,"ft","inch",5.00
933326196,"1523872",10594214,1,"012",35.00,40.00,,"ft","inch",5.00
933326197,"1523873",10594215,1,"006",77.00,80.00,,"ft","inch",6.00
933326198,"1523874",10594216,1,"008",74.00,77.00,,"ft","inch",6.00
933326199,"1523875",10594217,1,"008",76.00,79.00,,"ft","inch",6.00
933326200,"1523876",10594218,1,"008",74.00,77.00,,"ft","inch",6.00
933326201,"1523877",10594219,1,"008",77.00,80.00,,"ft","inch",6.00
933326202,"1523878",10594220,1,"008",63.00,66.00,,"ft","inch",6.00
933326203,"1523879",10594221,1,"008",53.00,56.00,,"ft","inch",6.00
933326204,"1523880",10594222,1,"008",62.00,65.00,,"ft","inch",6.00
933326205,"1523881",10594223,1,"006",56.00,59.00,,"ft","inch",6.00
933326206,"1523882",10594224,1,"008",56.00,59.00,,"ft","inch",6.00
933326207,"1523883",10594225,1,"008",72.00,75.00,,"ft","inch",6.00
933326208,"1523884",10594226,1,"008",82.00,85.00,,"ft","inch",6.00
933326209,"1523885",10594227,1,"008",37.00,40.00,,"ft","inch",6.00
933326210,"1523913",10594255,1,"025",23.00,35.00,,"ft","inch",5.00
933326211,"1523945",10594287,1,"006",62.00,65.00,,"ft","inch",6.00
933326212,"1523946",10594288,1,"006",45.00,48.00,,"ft","inch",6.00
933326213,"1523947",10594289,1,"006",39.00,42.00,,"ft","inch",6.00
933326214,"1523948",10594290,1,"006",60.00,63.00,,"ft","inch",6.00
933326215,"1523949",10594291,1,"006",63.00,66.00,,"ft","inch",6.00
933326216,"1523950",10594292,1,"006",69.00,72.00,,"ft","inch",6.00
933326217,"1523952",10594294,1,"012",30.00,33.00,,"ft","inch",6.00
933326218,"1523953",10594295,1,"008",128.00,131.00,,"ft","inch",6.00
933326219,"1523954",10594296,1,"010",92.00,95.00,,"ft","inch",6.00
933326220,"1523955",10594297,1,"006",47.00,50.00,,"ft","inch",6.00
933326221,"1523956",10594298,1,"010",138.00,141.00,,"ft","inch",6.00
933326222,"1523958",10594300,1,"006",48.00,51.00,,"ft","inch",6.00
933326223,"1523959",10594301,1,"006",48.00,51.00,,"ft","inch",6.00
933326224,"1523960",10594302,1,"006",48.00,51.00,,"ft","inch",6.00
933326225,"1523961",10594303,1,"006",47.00,50.00,,"ft","inch",6.00
933326226,"1523966",10594308,1,"008",135.00,138.00,,"ft","inch",6.00
933326227,"1523967",10594309,1,"008",47.00,50.00,,"ft","inch",6.00
933326228,"1523968",10594310,1,"008",49.00,52.00,,"ft","inch",6.00
933326229,"1523969",10594311,1,"008",47.00,50.00,,"ft","inch",6.00
933326230,"1523970",10594312,1,"008",50.00,53.00,,"ft","inch",6.00
933326231,"1523972",10594314,1,"008",47.00,50.00,,"ft","inch",6.00
933326232,"1523973",10594315,1,"008",48.00,51.00,,"ft","inch",6.00
933326233,"1523974",10594316,1,"008",47.00,50.00,,"ft","inch",6.00
933326234,"1523976",10594318,1,"008",133.00,136.00,,"ft","inch",6.00
933326235,"1523980",10594322,1,"008",127.00,130.00,,"ft","inch",6.00
933326236,"1523981",10594323,1,"008",47.00,50.00,,"ft","inch",6.00
933326237,"1523983",10594325,1,"008",66.00,69.00,,"ft","inch",6.00
933326238,"1524067",10594409,1,"060",47.00,55.00,,"ft","inch",7.50
933326239,"1524228",10594570,1,"010",63.00,66.00,,"ft","inch",6.00
933326240,"1524229",10594571,1,"008",69.00,72.00,,"ft","inch",6.00
933326241,"1524230",10594572,1,"008",42.00,45.00,,"ft","inch",6.00
933326242,"1524231",10594573,1,"008",44.00,47.00,,"ft","inch",6.00
933326243,"1524232",10594574,1,"010",63.00,66.00,,"ft","inch",6.00
933326244,"1524233",10594575,1,"020",75.00,78.00,,"ft","inch",6.00
933326245,"1524236",10594578,1,"006",30.00,33.00,,"ft","inch",6.00
933326246,"1524237",10594579,1,"010",33.00,36.00,,"ft","inch",6.00
933326247,"1524238",10594580,1,"012",32.00,35.00,,"ft","inch",6.00
933326248,"1524239",10594581,1,"008",30.00,33.00,,"ft","inch",6.00
933326249,"1524240",10594582,1,"008",29.00,32.00,,"ft","inch",6.00
933326250,"1524241",10594583,1,"008",29.00,32.00,,"ft","inch",6.00
933326251,"1524242",10594584,1,"012",31.00,34.00,,"ft","inch",6.00
933326252,"1524254",10594596,1,,28.00,31.00,,"ft","inch",
933326253,"1524255",10594597,1,"006",142.00,145.00,,"ft","inch",6.00
933326254,"1524256",10594598,1,"006",48.00,51.00,,"ft","inch",6.00
933326255,"1524257",10594599,1,"008",27.00,30.00,,"ft","inch",6.00
933326256,"1524258",10594600,1,"008",38.00,41.00,,"ft","inch",6.00
933326257,"1524259",10594601,1,"008",50.00,53.00,,"ft","inch",6.00
933326258,"1524260",10594602,1,"008",50.00,53.00,,"ft","inch",6.00
933326259,"1524261",10594603,1,"006",42.00,45.00,,"ft","inch",6.00
933326260,"1524262",10594604,1,"008",18.00,21.00,,"ft","inch",6.00
933326261,"1524271",10594613,1,"008",23.00,33.00,,"ft","inch",11.00
933326262,"1524272",10594614,1,"008",24.00,33.00,,"ft","inch",6.00
933326263,"1524321",10594659,1,"006",67.00,70.00,,"ft","inch",6.00
933326264,"1524323",10594660,1,"020",28.00,31.00,,"ft","inch",6.00
933326265,"1524325",10594661,1,"020",30.00,33.00,,"ft","inch",6.00
933326266,"1524326",10594662,1,"020",30.00,33.00,,"ft","inch",6.00
933326267,"1524327",10594663,1,"008",35.00,38.00,,"ft","inch",6.00
933326268,"1524329",10594664,1,"008",35.00,38.00,,"ft","inch",6.00
933326269,"1524330",10594665,1,"010",64.00,67.00,,"ft","inch",6.00
933326270,"1524331",10594666,1,"008",32.00,35.00,,"ft","inch",6.00
933326271,"1524332",10594667,1,"008",25.00,28.00,,"ft","inch",6.00
933326272,"1524334",10594668,1,"008",34.00,37.00,,"ft","inch",6.00
933326273,"1524335",10594669,1,"010",43.00,46.00,,"ft","inch",6.00
933326274,"1524336",10594670,1,"010",31.00,34.00,,"ft","inch",6.00
933326275,"1524341",10594671,1,"010",69.00,72.00,,"ft","inch",6.00
933326276,"1524359",10594682,1,"006",27.00,30.00,,"ft","inch",6.00
933326277,"1524363",10594683,1,"006",60.00,63.00,,"ft","inch",6.00
933326278,"1524364",10594684,1,"006",40.00,43.00,,"ft","inch",6.00
933326279,"1524365",10594685,1,"006",71.00,74.00,,"ft","inch",6.00
933326280,"1524411",10594731,1,"018",149.00,152.00,,"ft","inch",6.00
933326281,"1524422",10594742,1,"000",,,,"ft","inch",
933326282,"1524434",10594754,1,"008",122.00,125.00,,"ft","inch",6.00
933326283,"1524435",10594755,1,"008",40.00,43.00,,"ft","inch",6.00
933326284,"1524436",10594756,1,"006",35.00,38.00,,"ft","inch",6.00
933326285,"1524437",10594757,1,"006",48.00,51.00,,"ft","inch",6.00
933326286,"1524438",10594758,1,"008",48.00,51.00,,"ft","inch",6.00
933326287,"1524439",10594759,1,"006",50.00,53.00,,"ft","inch",6.00
933326288,"1524527",10594847,1,"008",69.00,72.00,,"ft","inch",6.00
933326289,"1524528",10594848,1,"010",49.00,52.00,,"ft","inch",6.00
933326290,"1524557",10594877,1,,151.00,169.00,,"ft","inch",7.75
933326291,"1524573",10594893,1,"012",26.00,29.00,,"ft","inch",6.00
933326292,"1524578",10594898,1,"008",44.00,47.00,,"ft","inch",6.00
933326293,"1524579",10594899,1,"010",48.00,51.00,,"ft","inch",6.00
933326294,"1524580",10594900,1,"008",57.00,60.00,,"ft","inch",6.00
933326295,"1524581",10594901,1,"012",68.00,71.00,,"ft","inch",6.00
933326296,"1524582",10594902,1,"010",69.00,72.00,,"ft","inch",6.00
933326297,"1524587",10594906,1,"010",30.00,33.00,,"ft","inch",6.00
933326298,"1524591",10594910,1,"006",25.00,28.00,,"ft","inch",6.00
933326299,"1524606",10594925,1,"010",29.00,32.00,,"ft","inch",6.00
933326300,"1524608",10594927,1,"008",44.00,50.00,,"ft","inch",6.00
933326301,"1524609",10594928,1,"008",38.00,41.00,,"ft","inch",6.00
933326302,"1524611",10594930,1,"035",18.00,21.00,,"ft","inch",6.00
933326303,"1524612",10594931,1,"008",48.00,51.00,,"ft","inch",6.00
933326304,"1524613",10594932,1,"008",50.00,53.00,,"ft","inch",6.00
933326305,"1524614",10594933,1,"006",33.00,36.00,,"ft","inch",6.00
933326306,"1524616",10594934,1,"008",48.00,51.00,,"ft","inch",6.00
933326307,"1524617",10594935,1,"008",22.00,25.00,,"ft","inch",6.00
933326308,"1524653",10594971,1,"025",29.00,35.00,,"ft","inch",10.00
933326309,"1524654",10594972,1,"020",10.00,20.00,,"ft","inch",5.00
933326310,"1524655",10594973,1,"080",44.00,52.00,,"ft","inch",10.00
933326311,"1524678",10594996,1,"008",46.00,49.00,,"ft","inch",6.00
933326312,"1524679",10594997,1,"008",46.00,49.00,,"ft","inch",6.00
933326313,"1524680",10594998,1,"008",48.00,51.00,,"ft","inch",6.00
933326314,"1524694",10595012,1,"050",87.00,91.00,,"ft","inch",6.00
933326315,"1524699",10595017,1,"016",48.00,51.00,,"ft","inch",6.00
933326316,"1524704",10595022,1,"035",19.00,22.00,,"ft","inch",6.00
933326317,"1524795",10595112,1,"008",139.00,143.00,,"ft","inch",5.00
933326318,"1524799",10595116,1,"008",37.00,40.00,,"ft","inch",6.00
933326319,"1525058",10595370,1,"060",35.00,40.00,,"ft","inch",10.00
933326320,"1525142",10595454,1,"010",42.00,45.00,,"ft","inch",6.00
933326321,"1525144",10595456,1,"020",20.00,23.00,,"ft","inch",6.00
933326322,"1525145",10595457,1,"010",18.00,21.00,,"ft","inch",6.00
933326323,"1525146",10595458,1,"008",44.00,47.00,,"ft","inch",6.00
933326324,"1525147",10595459,1,"008",32.00,35.00,,"ft","inch",6.00
933326325,"1525148",10595460,1,"006",39.00,42.00,,"ft","inch",6.00
933326326,"1525149",10595461,1,"006",40.00,43.00,,"ft","inch",6.00
933326327,"1525150",10595462,1,"008",32.00,35.00,,"ft","inch",6.00
933326328,"1525151",10595463,1,"008",30.00,33.00,,"ft","inch",6.00
933326329,"1525226",10595537,1,"060",24.00,30.00,,"ft","inch",5.00
933326330,"1525241",10595551,1,"008",46.00,50.00,,"ft","inch",5.00
933326331,"1525352",10595660,1,"008",44.00,48.00,,"ft","inch",5.00
933326332,"1525364",10595672,1,"010",68.00,73.00,,"ft","inch",2.00
933326333,"1525415",10595723,1,"010",45.00,49.00,,"ft","inch",5.00
933326334,"1525442",10595750,1,"018",146.00,150.00,,"ft","inch",5.00
933326335,"1525503",10595810,1,"014",126.00,129.00,,"ft","inch",6.00
933326336,"1525504",10595811,1,"012",138.00,141.00,,"ft","inch",6.00
933326337,"1525505",10595812,1,"008",147.00,150.00,,"ft","inch",6.00
933326338,"1525506",10595813,1,"010",106.00,109.00,,"ft","inch",6.00
933326339,"1525507",10595814,1,"010",114.00,117.00,,"ft","inch",6.00
933326340,"1525525",10595831,1,"006",45.00,48.00,,"ft","inch",6.00
933326341,"1525527",10595832,1,"010",41.00,44.00,,"ft","inch",6.00
933326342,"1525540",10595845,1,"012",166.00,169.00,,"ft","inch",6.00
933326343,"1525541",10595846,1,"008",129.00,132.00,,"ft","inch",6.00
933326344,"1525542",10595847,1,"008",147.00,150.00,,"ft","inch",6.00
933326345,"1525543",10595848,1,"014",159.00,162.00,,"ft","inch",6.00
933326346,"1525649",10595954,1,"018",40.00,44.00,,"ft","inch",5.00
933326347,"1525778",10596083,1,"025",80.00,83.00,,"ft","inch",5.00
933326348,"1525832",10596137,1,"008",42.00,45.00,,"ft","inch",5.00
933326349,"1525858",10596163,1,"030",44.00,54.00,,"ft","inch",8.00
933326350,"1525858",10596163,2,"025",,,,"ft","inch",8.00
933326351,"1525859",10596164,1,"020",44.00,54.00,,"ft","inch",8.00
933326352,"1525859",10596164,2,"018",,,,"ft","inch",8.00
933326353,"1525860",10596165,1,"025",44.00,54.00,,"ft","inch",8.00
933326354,"1525861",10596166,1,"016",48.00,71.00,,"ft","inch",8.00
933326355,"1525862",10596167,1,"018",49.00,59.00,,"ft","inch",8.00
933326356,"1525863",10596168,1,"016",49.00,59.00,,"ft","inch",8.00
933326357,"1525864",10596169,1,"018",44.00,54.00,,"ft","inch",8.00
933326358,"1525865",10596170,1,"016",14.00,20.00,,"ft","inch",5.00
933326359,"1525866",10596171,1,"016",12.00,18.00,,"ft","inch",5.00
933326360,"1525867",10596172,1,"016",12.00,18.00,,"ft","inch",5.00
933326361,"1525868",10596173,1,"016",12.00,18.00,,"ft","inch",5.00
933326362,"1525869",10596174,1,"016",12.00,18.00,,"ft","inch",5.00
933326363,"1525870",10596175,1,"016",14.00,20.00,,"ft","inch",5.00
933326364,"1525871",10596176,1,"016",14.00,20.00,,"ft","inch",5.00
933326365,"1525872",10596177,1,"016",14.00,20.00,,"ft","inch",5.00
933326366,"1525873",10596178,1,"016",14.00,20.00,,"ft","inch",5.00
933326367,"1525874",10596179,1,"016",14.00,20.00,,"ft","inch",5.00
933326368,"1525875",10596180,1,"016",18.00,24.00,,"ft","inch",5.00
933326369,"1525876",10596181,1,"016",12.00,18.00,,"ft","inch",5.00
933326370,"1525877",10596182,1,"016",12.00,18.00,,"ft","inch",5.00
933326371,"1525878",10596183,1,"016",12.00,18.00,,"ft","inch",5.00
933326372,"1525879",10596184,1,"016",12.00,18.00,,"ft","inch",5.00
933326373,"1525880",10596185,1,"016",12.00,18.00,,"ft","inch",5.00
933326374,"1525881",10596186,1,"016",12.00,18.00,,"ft","inch",5.00
933326375,"1525882",10596187,1,"016",15.00,21.00,,"ft","inch",5.00
933326376,"1525883",10596188,1,"016",12.00,18.00,,"ft","inch",5.00
933326377,"1525884",10596189,1,"016",14.00,20.00,,"ft","inch",5.00
933326378,"1525885",10596190,1,"016",14.00,20.00,,"ft","inch",5.00
933326379,"1525886",10596191,1,"018",18.00,24.00,,"ft","inch",5.00
933326380,"1526021",10596326,1,"008",40.00,44.00,,"ft","inch",5.00
933326381,"1526022",10596327,1,"008",40.00,44.00,,"ft","inch",5.00
933326382,"1526040",10596345,1,"016",28.00,31.00,,"ft","inch",2.00
933326383,"1526041",10596346,1,"016",27.00,30.00,,"ft","inch",2.00
933326384,"1526042",10596347,1,"016",24.00,27.00,,"ft","inch",2.00
933326385,"1526044",10596349,1,"016",30.00,33.00,,"ft","inch",2.00
933326386,"1526045",10596350,1,"016",27.00,30.00,,"ft","inch",2.00
933326387,"1526046",10596351,1,"016",24.00,27.00,,"ft","inch",2.00
933326388,"1526047",10596352,1,"016",25.00,28.00,,"ft","inch",2.00
933326389,"1526048",10596353,1,"016",25.00,28.00,,"ft","inch",2.00
933326390,"1526049",10596354,1,"016",32.00,35.00,,"ft","inch",2.00
933326391,"1526050",10596355,1,"016",26.00,29.00,,"ft","inch",2.00
933326392,"1526055",10596360,1,"080",63.00,73.00,,"ft","inch",10.00
933326393,"1526056",10596361,1,"006",28.00,44.00,,"ft","inch",10.00
933326394,"1526136",10596439,1,"018",41.00,45.00,,"ft","inch",6.00
933326395,"1526172",10596474,1,"010",,,,"ft","inch",5.00
933326396,"1526214",10596514,1,"006",127.00,131.00,,"ft","inch",6.00
933326397,"1526291",10596576,1,"012",20.00,30.00,,"ft","inch",6.00
933326398,"1526292",10596577,1,"012",20.00,30.00,,"ft","inch",6.00
933326399,"1526293",10596578,1,"012",20.00,30.00,,"ft","inch",6.00
933326400,"1526294",10596579,1,"012",20.00,30.00,,"ft","inch",6.00
933326401,"1526299",10596584,1,"010",100.00,108.00,,"ft","inch",6.00
933326402,"1526468",10596744,1,"010",190.00,200.00,,"ft","inch",2.00
933326403,"1526470",10596746,1,"010",16.00,31.00,,"ft","inch",6.00
933326404,"1526563",10596830,1,"200",26.00,32.00,,"ft","inch",1.00
933326405,"1526564",10596831,1,"200",25.00,26.00,,"ft","inch",0.75
933326406,"1526565",10596832,1,"200",55.00,56.00,,"ft","inch",0.75
933326407,"1526566",10596833,1,"200",80.00,81.00,,"ft","inch",0.75
933326408,"1526567",10596834,1,"200",32.00,33.00,,"ft","inch",0.75
933326409,"1526568",10596835,1,"200",14.00,15.00,,"ft","inch",0.75
933326410,"1526569",10596836,1,"200",,,,"ft","inch",0.75
933326411,"1526571",10596838,1,"010",3.00,35.00,,"ft","inch",1.00
933326412,"1526572",10596839,1,"010",3.00,6.00,,"ft","inch",1.00
933326413,"1526637",10596898,1,"010",18.00,23.00,,"ft","inch",1.50
933326414,"1526638",10596899,1,"010",18.00,21.00,,"ft","inch",1.50
933326415,"1526639",10596900,1,"010",9.00,12.00,,"ft","inch",1.50
933326416,"1526640",10596901,1,"010",32.00,35.00,,"ft","inch",1.50
933326417,"1526641",10596902,1,"010",29.00,32.00,,"ft","inch",1.50
933326418,"1526642",10596903,1,"010",28.00,31.00,,"ft","inch",1.50
933326419,"1526643",10596904,1,"010",28.00,31.00,,"ft","inch",1.50
933326420,"1526644",10596905,1,"010",15.00,18.00,,"ft","inch",1.50
933326421,"1526645",10596906,1,"010",24.00,27.00,,"ft","inch",1.50
933326422,"1526646",10596907,1,"010",28.00,31.00,,"ft","inch",1.50
933326423,"1526647",10596908,1,"010",3.00,6.00,,"ft","inch",1.50
933326424,"1526648",10596909,1,"010",28.00,31.00,,"ft","inch",1.50
933326425,"1526649",10596910,1,"010",30.00,33.00,,"ft","inch",1.50
933326426,"1526650",10596911,1,"010",30.00,33.00,,"ft","inch",1.50
933326427,"1526651",10596912,1,"010",23.00,28.00,,"ft","inch",1.50
933326428,"1526652",10596913,1,"010",27.00,30.00,,"ft","inch",1.50
933326429,"1526653",10596914,1,"010",22.00,32.00,,"ft","inch",1.50
933326430,"1526794",10597052,1,"025",68.00,71.00,,"ft","inch",6.00
933326431,"1526813",10597071,1,"060",23.00,26.00,,"ft","inch",4.00
933326432,"1527014",10597266,1,"030",46.00,51.00,,"ft","inch",6.00
933326433,"1527076",10597325,1,"008",40.00,44.00,,"ft","inch",5.00
933326434,"1527077",10597326,1,"008",40.00,44.00,,"ft","inch",5.00
933326435,"1527181",10597421,1,"000",,,,"ft","inch",
933326436,"1527364",10597584,1,"012",50.00,53.00,,"ft","inch",5.50
933326437,"1527365",10597585,1,"012",40.00,43.00,,"ft","inch",5.50
933326438,"1527366",10597586,1,"016",47.00,50.00,,"ft","inch",5.50
933326439,"1527367",10597587,1,"016",50.00,53.00,,"ft","inch",5.50
933326440,"1527368",10597588,1,"010",32.00,35.00,,"ft","inch",6.00
933326441,"1527369",10597589,1,"016",43.00,46.00,,"ft","inch",5.50
933326442,"1527370",10597590,1,"016",40.00,43.00,,"ft","inch",5.50
933326443,"1527371",10597591,1,"018",36.00,39.00,,"ft","inch",5.50
933326444,"1527372",10597592,1,"012",43.00,46.00,,"ft","inch",5.50
933326445,"1527373",10597593,1,"016",38.00,41.00,,"ft","inch",6.00
933326446,"1527490",10597699,1,"010",16.00,36.00,,"ft","inch",8.00
933326447,"1527579",10597784,1,"008",34.00,38.00,,"ft","inch",5.00
933326448,"1527580",10597785,1,"008",40.00,44.00,,"ft","inch",5.00
933326449,"1527581",10597786,1,"008",,,,"ft","inch",5.00
933326450,"1527636",10597839,1,"060",44.00,52.00,,"ft","inch",8.62
933326451,"1527678",10597874,1,"200",,,,"ft","inch",1.00
933326452,"1527679",10597875,1,"200",,,,"ft","inch",1.00
933326453,"1527680",10597876,1,"200",44.00,,,"ft","inch",
933326454,"1527681",10597877,1,"200",,,,"ft","inch",1.00
933326455,"1527760",10597928,1,"008",49.00,52.00,,"ft","inch",6.00
933326456,"1527761",10597929,1,"010",44.00,47.00,,"ft","inch",6.00
933326457,"1527762",10597930,1,"010",22.00,25.00,,"ft","inch",6.00
933326458,"1527764",10597931,1,"006",52.00,55.00,,"ft","inch",6.00
933326459,"1527765",10597932,1,"012",22.00,25.00,,"ft","inch",6.00
933326460,"1527766",10597933,1,"012",24.00,27.00,,"ft","inch",6.00
933326461,"1527768",10597935,1,"008",49.00,52.00,,"ft","inch",6.00
933326462,"1527811",10597972,1,"050",61.00,65.00,,"ft","inch",6.00
933326463,"1527828",10597987,1,"010",48.00,51.00,,"ft","inch",6.00
933326464,"1527829",10597988,1,"016",139.00,142.00,,"ft","inch",6.00
933326465,"1527831",10597989,1,"006",46.00,49.00,,"ft","inch",6.00
933326466,"1527833",10597991,1,"008",37.00,41.00,,"ft","inch",6.00
933326467,"1527834",10597992,1,"012",18.00,21.00,,"ft","inch",6.00
933326468,"1527858",10598009,1,"006",40.00,46.00,,"ft","inch",3.00
933326469,"1527906",10598031,1,"250",63.00,78.00,,"ft","inch",10.00
933326470,"1528046",10598156,1,"250",63.00,78.00,,"ft","inch",10.00
933326471,"1528051",10598161,1,"010",10.00,20.00,,"ft","inch",2.00
933326472,"1528052",10598162,1,"010",10.00,20.00,,"ft","inch",2.00
933326473,"1528053",10598163,1,"010",10.00,20.00,,"ft","inch",2.00
933326474,"1528054",10598164,1,"010",10.00,20.00,,"ft","inch",2.00
933326475,"1528055",10598165,1,"010",10.00,20.00,,"ft","inch",2.00
933326476,"1528056",10598166,1,"100",5.00,15.00,,"ft","inch",2.00
933326477,"1528057",10598167,1,"100",5.00,15.00,,"ft","inch",2.00
933326478,"1528058",10598168,1,"100",5.00,15.00,,"ft","inch",2.00
933326479,"1528059",10598169,1,"100",5.00,15.00,,"ft","inch",2.00
933326480,"1528060",10598170,1,"010",5.00,10.00,,"ft","inch",2.00
933326481,"1528061",10598171,1,"100",5.00,15.00,,"ft","inch",2.00
933326482,"1528062",10598172,1,"100",5.00,10.00,,"ft","inch",2.00
933326483,"1528063",10598173,1,"100",3.00,13.00,,"ft","inch",2.00
933326484,"1528064",10598174,1,"100",5.00,10.00,,"ft","inch",2.00
933326485,"1528065",10598175,1,"100",5.00,10.00,,"ft","inch",2.00
933326486,"1528066",10598176,1,"100",5.00,10.00,,"ft","inch",2.00
933326487,"1528067",10598177,1,"010",5.00,10.00,,"ft","inch",2.00
933326488,"1528068",10598178,1,"010",5.00,15.00,,"ft","inch",2.00
933326489,"1528131",10598240,1,"010",112.00,116.00,,"ft","inch",6.00
933326490,"1528133",10598242,1,"020",29.00,33.00,,"ft","inch",5.50
933326491,"1528134",10598243,1,,42.00,84.00,,"ft","inch",
933326492,"1528135",10598244,1,"010",35.00,39.00,,"ft","inch",5.50
933326493,"1528137",10598246,1,"006",54.00,58.00,,"ft","inch",
933326494,"1528139",10598248,1,"006",54.00,58.00,,"ft","inch",
933326495,"1528149",10598258,1,"010",10.00,20.00,,"ft","inch",2.00
933326496,"1528183",10598292,1,"150",53.00,78.00,,"ft","inch",10.00
933326497,"1528185",10598294,1,"010",5.00,15.00,,"ft","inch",2.00
933326498,"1528186",10598295,1,"010",4.00,14.00,,"ft","inch",2.00
933326499,"1528187",10598296,1,"010",5.00,15.00,,"ft","inch",2.00
933326500,"1528188",10598297,1,"010",5.00,15.00,,"ft","inch",2.00
933326501,"1528189",10598298,1,"001",2.00,5.00,,"ft","inch",2.00
933326502,"1528190",10598299,1,"100",4.00,14.00,,"ft","inch",2.00
933326503,"1528191",10598300,1,"100",4.00,14.00,,"ft","inch",2.00
933326504,"1528192",10598301,1,"100",2.00,12.00,,"ft","inch",2.00
933326505,"1528193",10598302,1,"010",5.00,15.00,,"ft","inch",2.00
933326506,"1528194",10598303,1,"010",5.00,15.00,,"ft","inch",2.00
933326507,"1528195",10598304,1,"010",5.00,15.00,,"ft","inch",2.00
933326508,"1528196",10598305,1,"010",4.00,14.00,,"ft","inch",2.00
933326509,"1528197",10598306,1,"010",4.00,14.00,,"ft","inch",2.00
933326510,"1528250",10598359,1,"100",5.00,10.00,,"ft","inch",2.00
933326511,"1528251",10598360,1,"010",2.00,12.00,,"ft","inch",2.00
933326512,"1528252",10598361,1,"001",3.00,13.00,,"ft","inch",2.00
933326513,"1528253",10598362,1,"010",3.00,13.00,,"ft","inch",2.00
933326514,"1528254",10598363,1,"010",3.00,13.00,,"ft","inch",2.00
933326515,"1528255",10598364,1,"010",4.00,14.00,,"ft","inch",2.00
933326516,"1528256",10598365,1,"010",3.00,13.00,,"ft","inch",2.00
933326517,"1528305",10598414,1,"010",8.00,18.00,,"ft","inch",2.00
933326518,"1528306",10598415,1,"010",8.00,18.00,,"ft","inch",2.00
933326519,"1528307",10598416,1,"010",8.00,18.00,,"ft","inch",2.00
933326520,"1528308",10598417,1,"010",8.00,18.00,,"ft","inch",2.00
933326521,"1528309",10598418,1,"010",8.00,18.00,,"ft","inch",2.00
933326522,"1528310",10598419,1,"010",8.00,18.00,,"ft","inch",2.00
933326523,"1528311",10598420,1,"010",8.00,18.00,,"ft","inch",2.00
933326524,"1528312",10598421,1,"010",8.00,18.00,,"ft","inch",2.00
933326525,"1528313",10598422,1,"010",3.00,13.00,,"ft","inch",2.00
933326526,"1528314",10598423,1,"010",5.00,15.00,,"ft","inch",2.00
933326527,"1528315",10598424,1,"010",8.00,18.00,,"ft","inch",2.00
933326528,"1528321",10598430,1,"010",167.00,171.00,,"ft","inch",5.00
933326529,"1528358",10598467,1,"001",4.00,14.00,,"ft","inch",2.00
933326530,"1528359",10598468,1,"001",3.00,13.00,,"ft","inch",2.00
933326531,"1528360",10598469,1,"001",4.00,14.00,,"ft","inch",2.00
933326532,"1528361",10598470,1,"100",3.00,13.00,,"ft","inch",2.00
933326533,"1528363",10598472,1,"010",10.00,30.00,,"ft","inch",2.00
933326534,"1528364",10598473,1,"010",10.00,30.00,,"ft","inch",2.00
933326535,"1528374",10598481,1,,8.00,18.00,,"ft","inch",36.00
933326536,"1528375",10598482,1,,5.00,15.00,,"ft","inch",36.00
933326537,"1528376",10598483,1,"100",10.00,20.00,,"ft","inch",2.00
933326538,"1528377",10598484,1,"100",5.00,15.00,,"ft","inch",2.00
933326539,"1528378",10598485,1,"010",5.00,15.00,,"ft","inch",2.00
933326540,"1528379",10598486,1,"100",5.00,15.00,,"ft","inch",2.00
933326541,"1528380",10598487,1,"010",9.00,19.00,,"ft","inch",2.00
933326542,"1528381",10598488,1,"010",10.00,20.00,,"ft","inch",2.00
933326543,"1528382",10598489,1,"010",2.00,12.00,,"ft","inch",2.00
933326544,"1528383",10598490,1,"010",8.00,18.00,,"ft","inch",2.00
933326545,"1528384",10598491,1,"010",3.00,13.00,,"ft","inch",2.00
933326546,"1528385",10598492,1,"010",2.00,7.00,,"ft","inch",2.00
933326547,"1528386",10598493,1,"010",10.00,30.00,,"ft","inch",2.00
933326548,"1528395",10598502,1,"010",10.00,20.00,,"ft","inch",2.00
933326549,"1528396",10598503,1,"010",8.00,18.00,,"ft","inch",2.00
933326550,"1528397",10598504,1,"010",5.00,20.00,,"ft","inch",2.00
933326551,"1528436",10598543,1,"025",23.00,28.00,,"ft","inch",6.00
933326552,"1528437",10598544,1,"025",23.00,28.00,,"ft","inch",6.00
933326553,"1528442",10598549,1,"010",2.00,10.00,,"ft","inch",2.00
933326554,"1528443",10598550,1,"010",2.00,10.00,,"ft","inch",2.00
933326555,"1528444",10598551,1,"010",2.00,10.00,,"ft","inch",2.00
933326556,"1528445",10598552,1,"010",1.00,4.00,,"ft","inch",2.00
933326557,"1528446",10598553,1,"010",5.00,9.00,,"ft","inch",2.00
933326558,"1528447",10598554,1,"010",,,,"ft","inch",2.00
933326559,"1528448",10598555,1,"010",6.00,11.00,,"ft","inch",2.00
933326560,"1528449",10598556,1,"010",5.00,9.00,,"ft","inch",2.00
933326561,"1528453",10598559,1,"240",,,,"ft","inch",
933326562,"1528454",10598560,1,"016",68.00,72.00,,"ft","inch",5.00
933326563,"1528456",10598562,1,"010",5.00,15.00,,"ft","inch",2.00
933326564,"1528457",10598563,1,"010",10.00,20.00,,"ft","inch",2.00
933326565,"1528458",10598564,1,"010",10.00,20.00,,"ft","inch",20.00
933326566,"1528459",10598565,1,"010",243.00,248.00,,"ft","inch",2.00
933326567,"1528460",10598566,1,"010",60.00,65.00,,"ft","inch",2.00
933326568,"1528461",10598567,1,"010",76.00,81.00,,"ft","inch",2.00
933326569,"1528462",10598568,1,"001",200.00,205.00,,"ft","inch",2.00
933326570,"1528463",10598569,1,"010",69.00,74.00,,"ft","inch",2.00
933326571,"1528464",10598570,1,"010",50.00,55.00,,"ft","inch",2.00
933326572,"1528476",10598582,1,"304",,,,"ft","inch",
933326573,"1528481",10598587,1,"035",42.00,46.00,,"ft","inch",6.00
933326574,"1528559",10598665,1,"010",2.00,7.00,,"ft","inch",2.00
933326575,"1528560",10598666,1,"010",2.00,7.00,,"ft","inch",2.00
933326576,"1528561",10598667,1,"010",2.00,7.00,,"ft","inch",2.00
933326577,"1528562",10598668,1,"010",2.00,7.00,,"ft","inch",2.00
933326578,"1528563",10598669,1,"010",5.00,15.00,,"ft","inch",2.00
933326579,"1528564",10598670,1,"010",3.00,8.00,,"ft","inch",2.00
933326580,"1528565",10598671,1,"010",5.00,15.00,,"ft","inch",2.00
933326581,"1528566",10598672,1,"010",5.00,15.00,,"ft","inch",2.00
933326582,"1528567",10598673,1,"100",9.00,14.00,,"ft","inch",2.00
933326583,"1528568",10598674,1,"100",13.00,18.00,,"ft","inch",2.00
933326584,"1528580",10598686,1,"008",36.00,42.00,,"ft","inch",5.00
933326585,"1528614",10598720,1,"008",47.00,50.00,,"ft","inch",6.00
933326586,"1528621",10598727,1,"008",46.00,49.00,,"ft","inch",6.00
933326587,"1528622",10598728,1,"008",47.00,50.00,,"ft","inch",6.00
933326588,"1528623",10598729,1,"012",33.00,37.00,,"ft","inch",6.00
933326589,"1528624",10598730,1,"012",33.00,37.00,,"ft","inch",6.00
933326590,"1528655",10598761,1,"025",21.00,36.00,,"ft","inch",8.00
933326591,"1528680",10598786,1,"030",116.00,119.00,,"ft","inch",6.00
933326592,"1528694",10598800,1,"008",44.00,47.00,,"ft","inch",6.00
933326593,"1528695",10598801,1,"008",48.00,51.00,,"ft","inch",6.00
933326594,"1528696",10598802,1,"006",48.00,52.00,,"ft","inch",6.00
933326595,"1528697",10598803,1,"012",23.00,27.00,,"ft","inch",6.00
933326596,"1528698",10598804,1,"018",63.00,70.00,,"ft","inch",6.00
933326597,"1528700",10598806,1,"100",5.00,10.00,,"ft","inch",2.00
933326598,"1528701",10598807,1,"100",5.00,15.00,,"ft","inch",2.00
933326599,"1528702",10598808,1,"100",5.00,10.00,,"ft","inch",2.00
933326600,"1528703",10598809,1,"100",5.00,10.00,,"ft","inch",2.00
933326601,"1528704",10598810,1,,6.00,16.00,,"ft","inch",24.00
933326602,"1528705",10598811,1,"100",4.00,14.00,,"ft","inch",2.00
933326603,"1528706",10598812,1,"100",4.00,14.00,,"ft","inch",2.00
933326604,"1528707",10598813,1,"100",3.00,13.00,,"ft","inch",2.00
933326605,"1528708",10598814,1,"100",3.00,11.00,,"ft","inch",2.00
933326606,"1528739",10598845,1,"010",56.00,60.00,,"ft","inch",5.50
933326607,"1528745",10598851,1,"016",133.00,136.00,,"ft","inch",5.00
933326608,"1528748",10598854,1,"100",3.00,8.00,,"ft","inch",1.25
933326609,"1528749",10598855,1,"100",45.00,50.00,,"ft","inch",1.25
933326610,"1528750",10598856,1,"050",6.00,8.00,,"ft","inch",0.50
933326611,"1528751",10598857,1,"010",17.00,22.00,,"ft","inch",1.50
933326612,"1528752",10598858,1,"010",10.00,15.00,,"ft","inch",1.25
933326613,"1528753",10598859,1,"010",18.00,23.00,,"ft","inch",1.50
933326614,"1528781",10598887,1,"100",8.00,23.00,,"ft","inch",2.00
933326615,"1528782",10598888,1,"100",8.00,18.00,,"ft","inch",2.00
933326616,"1528783",10598889,1,,,,,"ft","inch",12.00
933326617,"1528784",10598890,1,,,,,"ft","inch",9.00
933326618,"1528785",10598891,1,"100",5.00,15.00,,"ft","inch",2.00
933326619,"1528786",10598892,1,"100",5.00,15.00,,"ft","inch",2.00
933326620,"1528787",10598893,1,"100",10.00,20.00,,"ft","inch",2.00
933326621,"1528788",10598894,1,"100",10.00,20.00,,"ft","inch",2.00
933326622,"1528789",10598895,1,"100",10.00,20.00,,"ft","inch",2.00
933326623,"1528790",10598896,1,"100",28.00,33.00,,"ft","inch",2.00
933326624,"1528815",10598921,1,"010",8.00,12.00,,"ft","inch",6.00
933326625,"1528823",10598929,1,"016",48.00,52.00,,"ft","inch",5.00
933326626,"1528824",10598930,1,"010",27.00,30.00,,"ft","inch",6.00
933326627,"1528825",10598931,1,"008",26.00,29.00,,"ft","inch",6.00
933326628,"1528826",10598932,1,"006",43.00,46.00,,"ft","inch",6.00
933326629,"1528832",10598938,1,"020",50.00,55.00,,"ft","inch",1.25
933326630,"1528833",10598939,1,"020",,,,"ft","inch",1.25
933326631,"1528850",10598956,1,"010",8.00,12.00,,"ft","inch",6.00
933326632,"1528862",10598968,1,"100",5.00,15.00,,"ft","inch",2.00
933326633,"1528863",10598969,1,"100",6.00,16.00,,"ft","inch",2.00
933326634,"1528864",10598970,1,"100",5.00,15.00,,"ft","inch",2.00
933326635,"1528865",10598971,1,"100",7.00,17.00,,"ft","inch",2.00
933326636,"1528891",10598997,1,"100",4.00,9.00,,"ft","inch",2.00
933326637,"1528892",10598998,1,"100",15.00,25.00,,"ft","inch",2.00
933326638,"1528893",10598999,1,"100",15.00,25.00,,"ft","inch",2.00
933326639,"1528894",10599000,1,"100",15.00,25.00,,"ft","inch",2.00
933326640,"1528895",10599001,1,"100",3.00,13.00,,"ft","inch",2.00
933326641,"1528896",10599002,1,"100",3.00,13.00,,"ft","inch",2.00
933326642,"1528897",10599003,1,"100",3.00,13.00,,"ft","inch",2.00
933326643,"1528907",10599013,1,"010",25.00,30.00,,"ft","inch",1.25
933326644,"1528910",10599016,1,"500",3.00,13.00,,"ft","inch",36.00
933326645,"1528911",10599017,1,"100",5.00,15.00,,"ft","inch",2.00
933326646,"1528912",10599018,1,"500",5.00,20.00,,"ft","inch",36.00
933326647,"1528933",10599039,1,"020",4.00,14.00,,"ft","inch",2.00
933326648,"1528942",10599048,1,,17.00,22.00,,"ft","inch",2.00
933326649,"1528943",10599049,1,"010",13.00,27.00,,"ft","inch",5.00
933326650,"1528944",10599050,1,"010",17.00,30.00,,"ft","inch",5.00
933326651,"1528945",10599051,1,,22.00,25.00,,"ft","inch",2.00
933326652,"1529011",10599117,1,"100",10.00,15.00,,"ft","inch",2.00
933326653,"1529012",10599118,1,"100",5.00,15.00,,"ft","inch",2.00
933326654,"1529013",10599119,1,"100",3.00,8.00,,"ft","inch",2.00
933326655,"1529014",10599120,1,"100",10.00,30.00,,"ft","inch",2.00
933326656,"1529015",10599121,1,"010",5.00,10.00,,"ft","inch",2.00
933326657,"1529016",10599122,1,"100",5.00,15.00,,"ft","inch",2.00
933326658,"1529082",10599188,1,"035",40.00,44.00,,"ft","inch",6.00
933326659,"1529134",10599240,1,"010",4.00,9.00,,"ft","inch",2.00
933326660,"1529134",10599240,2,"100",45.00,50.00,,"ft","inch",2.00
933326661,"1529135",10599241,1,"010",10.00,20.00,,"ft","inch",2.00
933326662,"1529136",10599242,1,"010",5.00,15.00,,"ft","inch",2.00
933326663,"1529138",10599244,1,"100",5.00,15.00,,"ft","inch",2.00
933326664,"1529139",10599245,1,"100",5.00,15.00,,"ft","inch",2.00
933326665,"1529216",10599322,1,"010",29.00,39.00,,"ft","inch",4.50
933326666,"1529226",10599332,1,"100",7.00,17.00,,"ft","inch",2.00
933326667,"1529227",10599333,1,"100",5.00,10.00,,"ft","inch",2.00
933326668,"1529228",10599334,1,"100",5.00,10.00,,"ft","inch",2.00
933326669,"1529229",10599335,1,"000",0.00,5.00,,"ft","inch",2.00
933326670,"1529229",10599335,2,"000",3.00,8.00,,"ft","inch",1.00
933326671,"1529230",10599336,1,"100",3.00,13.00,,"ft","inch",2.00
933326672,"1529231",10599337,1,"100",5.00,15.00,,"ft","inch",2.00
933326673,"1529232",10599338,1,"100",5.00,10.00,,"ft","inch",2.00
933326674,"1529233",10599339,1,"100",3.00,8.00,,"ft","inch",2.00
933326675,"1529234",10599340,1,"100",45.00,50.00,,"ft","inch",2.00
933326676,"1529327",10599433,1,"010",4.00,14.00,,"ft","inch",2.00
933326677,"1529328",10599434,1,"010",3.00,11.00,,"ft","inch",2.00
933326678,"1529330",10599436,1,,,,,"ft","inch",36.00
933326679,"1529331",10599437,1,"010",9.00,19.00,,"ft","inch",2.00
933326680,"1529332",10599438,1,"010",5.00,15.00,,"ft","inch",2.00
933326681,"1529333",10599439,1,"010",8.00,18.00,,"ft","inch",2.00
933326682,"1529334",10599440,1,"010",5.00,15.00,,"ft","inch",2.00
933326683,"1529335",10599441,1,"010",7.00,17.00,,"ft","inch",2.00
933326684,"1529336",10599442,1,"010",4.00,14.00,,"ft","inch",2.00
933326685,"1529337",10599443,1,"010",8.00,18.00,,"ft","inch",2.00
933326686,"1529338",10599444,1,"010",8.00,18.00,,"ft","inch",2.00
933326687,"1529355",10599461,1,"040",17.00,39.00,,"ft","inch",2.00
933326688,"1529356",10599462,1,"040",8.00,21.00,,"ft","inch",2.00
933326689,"1529357",10599463,1,"040",28.00,61.00,,"ft","inch",2.00
933326690,"1529358",10599464,1,"040",10.00,25.00,,"ft","inch",2.00
933326691,"1529359",10599465,1,"040",7.00,19.00,,"ft","inch",2.00
933326692,"1529360",10599466,1,"010",7.00,19.00,,"ft","inch",2.00
933326693,"1529361",10599467,1,"040",7.00,19.00,,"ft","inch",2.00
933326694,"1529362",10599468,1,"040",31.00,67.00,,"ft","inch",2.00
933326695,"1529375",10599481,1,"040",7.00,17.00,,"ft","inch",2.00
933326696,"1529376",10599482,1,"040",7.00,17.00,,"ft","inch",2.00
933326697,"1529377",10599483,1,"040",7.00,17.00,,"ft","inch",2.00
933326698,"1529398",10599504,1,"068",,,,"ft","inch",
933326699,"1529427",10599533,1,"008",40.00,43.00,,"ft","inch",5.00
933326700,"1529473",10599578,1,"010",23.00,33.00,,"ft","inch",2.00
933326701,"1529519",10599624,1,"020",17.00,26.00,,"ft","inch",6.00
933326702,"1529521",10599626,1,"020",16.00,36.00,,"ft","inch",6.00
933326703,"1529523",10599628,1,"020",17.00,37.00,,"ft","inch",6.00
933326704,"1529524",10599629,1,"020",17.00,37.00,,"ft","inch",6.00
933326705,"1529536",10599641,1,"020",15.00,25.00,,"ft","inch",6.00
933326706,"1529538",10599643,1,"020",5.00,30.00,,"ft","inch",6.00
933326707,"1529539",10599644,1,"020",7.00,32.00,,"ft","inch",6.00
933326708,"1529540",10599645,1,"020",10.00,30.00,,"ft","inch",6.00
933326709,"1529541",10599646,1,"020",21.00,31.00,,"ft","inch",6.00
933326710,"1529542",10599647,1,"020",8.00,28.00,,"ft","inch",6.00
933326711,"1529543",10599648,1,"020",15.00,35.00,,"ft","inch",6.00
933326712,"1529544",10599649,1,"020",12.00,37.00,,"ft","inch",6.00
933326713,"1529545",10599650,1,"020",8.00,33.00,,"ft","inch",6.00
933326714,"1529546",10599651,1,"020",4.00,24.00,,"ft","inch",6.00
933326715,"1529547",10599652,1,"020",13.00,33.00,,"ft","inch",6.00
933326716,"1529548",10599653,1,"020",29.00,49.00,,"ft","inch",6.00
933326717,"1529549",10599654,1,"020",5.00,35.00,,"ft","inch",6.00
933326718,"1529559",10599664,1,"010",3.00,8.00,,"ft","inch",1.00
933326719,"1529560",10599665,1,"010",8.00,13.00,,"ft","inch",2.00
933326720,"1529561",10599666,1,"010",5.00,15.00,,"ft","inch",2.00
933326721,"1529562",10599667,1,"010",5.00,10.00,,"ft","inch",1.00
933326722,"1529563",10599668,1,"010",10.00,15.00,,"ft","inch",2.00
933326723,"1529564",10599669,1,"010",15.00,25.00,,"ft","inch",2.00
933326724,"1529565",10599670,1,"010",4.00,9.00,,"ft","inch",1.00
933326725,"1529566",10599671,1,"010",2.00,7.00,,"ft","inch",1.00
933326726,"1529567",10599672,1,"010",7.00,12.00,,"ft","inch",1.00
933326727,"1529575",10599680,1,,,,,"ft","inch",25.00
933326728,"1529601",10599706,1,"016",56.00,60.00,,"ft","inch",5.00
933326729,"1529620",10599725,1,"035",14.00,29.00,,"ft","inch",8.00
933326730,"1529647",10599752,1,"030",21.00,41.00,,"ft","inch",10.00
933326731,"1529671",10599776,1,"010",15.00,25.00,,"ft","inch",2.00
933326732,"1529672",10599777,1,,12.00,20.00,,"ft","inch",24.00
933326733,"1529676",10599781,1,"010",5.00,15.00,,"ft","inch",2.00
933326734,"1529677",10599782,1,"010",5.00,15.00,,"ft","inch",2.00
933326735,"1529678",10599783,1,"010",5.00,15.00,,"ft","inch",2.00
933326736,"1529679",10599784,1,"010",5.00,15.00,,"ft","inch",2.00
933326737,"1529680",10599785,1,"010",10.00,30.00,,"ft","inch",2.00
933326738,"1529681",10599786,1,"010",10.00,25.00,,"ft","inch",2.00
933326739,"1529682",10599787,1,"010",3.00,8.00,,"ft","inch",2.00
933326740,"1529684",10599789,1,"010",2.00,10.00,,"ft","inch",2.00
933326741,"1529685",10599790,1,"010",2.00,14.00,,"ft","inch",2.00
933326742,"1529686",10599791,1,"010",2.00,17.00,,"ft","inch",2.00
933326743,"1529687",10599792,1,"010",15.00,18.00,,"ft","inch",2.00
933326744,"1529692",10599797,1,"008",45.00,49.00,,"ft","inch",5.00
933326745,"1529770",10599875,1,,45.00,60.00,,"ft","inch",14.00
933326746,"1529901",10600006,1,"003",31.00,54.00,,"ft","inch",8.00
933326747,"1529902",10600007,1,"030",,,,"ft","inch",8.00
933326748,"1529916",10600021,1,"010",152.00,156.00,,"ft","inch",5.00
933326749,"1529919",10600024,1,"010",14.00,19.00,,"ft","inch",2.00
933326750,"1529920",10600025,1,"010",10.00,20.00,,"ft","inch",2.00
933326751,"1529921",10600026,1,"010",6.00,16.00,,"ft","inch",2.00
933326752,"1529922",10600027,1,"010",2.00,12.00,,"ft","inch",2.00
933326753,"1529923",10600028,1,"010",9.00,14.00,,"ft","inch",2.00
933326754,"1529924",10600029,1,"010",7.00,12.00,,"ft","inch",2.00
933326755,"1529925",10600030,1,"010",4.00,9.00,,"ft","inch",2.00
933326756,"1529926",10600031,1,"010",5.00,10.00,,"ft","inch",1.00
933326757,"1529927",10600032,1,"010",2.00,7.00,,"ft","inch",1.00
933326758,"1529929",10600034,1,"030",55.00,73.00,,"ft","inch",5.00
933326759,"1529932",10600037,1,"010",5.00,15.00,,"ft","inch",2.00
933326760,"1529933",10600038,1,"010",2.00,10.00,,"ft","inch",2.00
933326761,"1529934",10600039,1,"010",3.00,13.00,,"ft","inch",2.00
933326762,"1529941",10600046,1,"010",10.00,15.00,,"ft","inch",2.00
933326763,"1529942",10600047,1,"010",4.00,9.00,,"ft","inch",2.00
933326764,"1529943",10600048,1,"010",7.00,12.00,,"ft","inch",2.00
933326765,"1529944",10600049,1,"010",7.00,17.00,,"ft","inch",2.00
933326766,"1529945",10600050,1,"010",10.00,20.00,,"ft","inch",2.00
933326767,"1529946",10600051,1,"010",5.00,9.00,,"ft","inch",1.00
933326768,"1529976",10600081,1,"040",7.00,22.00,,"ft","inch",2.00
933326769,"1529977",10600082,1,"010",15.00,20.00,,"ft","inch",2.00
933326770,"1529978",10600083,1,"010",20.00,25.00,,"ft","inch",2.00
933326771,"1529980",10600085,1,"040",10.00,15.00,,"ft","inch",2.00
933326772,"1529981",10600086,1,"040",10.00,15.00,,"ft","inch",2.00
933326773,"1529982",10600087,1,"040",10.00,15.00,,"ft","inch",2.00
933326774,"1529983",10600088,1,"040",7.00,12.00,,"ft","inch",2.00
933326775,"1530071",10600176,1,,,,,,,
933326776,"1530077",10600182,1,"008",38.00,42.00,,"ft","inch",5.00
933326777,"1530146",10600251,1,"014",143.00,146.00,,"ft","inch",5.00
933326778,"1530157",10600262,1,"006",47.00,51.00,,"ft","inch",5.00
933326779,"1530159",10600264,1,"008",54.00,58.00,,"ft","inch",5.00
933326780,"1530161",10600266,1,"008",48.00,52.00,,"ft","inch",5.00
933326781,"1530163",10600268,1,"008",45.00,49.00,,"ft","inch",5.00
933326782,"1530164",10600269,1,"008",54.00,58.00,,"ft","inch",5.00
933326783,"1530165",10600270,1,"008",44.00,48.00,,"ft","inch",5.00
933326784,"1530208",10600313,1,"025",182.00,186.00,,"ft","inch",5.00
933326785,"1530260",10600365,1,"010",7.00,12.00,,"ft","inch",2.00
933326786,"1530261",10600366,1,"010",5.00,10.00,,"ft","inch",2.00
933326787,"1530262",10600367,1,"010",7.00,12.00,,"ft","inch",2.00
933326788,"1530263",10600368,1,"010",5.00,10.00,,"ft","inch",2.00
933326789,"1530264",10600369,1,"010",2.00,7.00,,"ft","inch",2.00
933326790,"1530265",10600370,1,"010",7.00,12.00,,"ft","inch",2.00
933326791,"1530340",10600445,1,,5.00,12.00,,"ft","inch",2.00
933326792,"1530341",10600446,1,,5.00,12.00,,"ft","inch",2.00
933326793,"1530342",10600447,1,,5.00,12.00,,"ft","inch",2.00
933326794,"1530343",10600448,1,,5.00,12.00,,"ft","inch",2.00
933326795,"1530367",10600472,1,"008",32.00,36.00,,"ft","inch",5.00
933326796,"1530406",10600511,1,"045",12.00,16.00,,"ft","inch",6.00
933326797,"1530408",10600513,1,"018",48.00,51.00,,"ft","inch",6.00
933326798,"1530409",10600514,1,"025",43.00,46.00,,"ft","inch",5.00
933326799,"1530418",10600523,1,"010",5.00,15.00,,"ft","inch",2.00
933326800,"1530419",10600524,1,"010",5.00,15.00,,"ft","inch",2.00
933326801,"1530472",10600577,1,"010",8.00,13.00,,"ft","inch",1.00
933326802,"1530487",10600592,1,"010",2.00,12.00,,"ft","inch",2.00
933326803,"1530488",10600593,1,"010",10.00,20.00,,"ft","inch",2.00
933326804,"1530515",10600620,1,"010",10.00,20.00,,"ft","inch",2.00
933326805,"1530516",10600621,1,"010",5.00,15.00,,"ft","inch",2.00
933326806,"1530517",10600622,1,"010",5.00,15.00,,"ft","inch",2.00
933326807,"1530530",10600635,1,,,,,"ft","inch",
933326808,"1530569",10600674,1,"006",38.00,42.00,,"ft","inch",6.00
933326809,"1530570",10600675,1,"006",47.00,51.00,,"ft","inch",6.00
933326810,"1530671",10600775,1,"008",36.00,40.00,,"ft","inch",6.00
933326811,"1530673",10600777,1,"010",36.00,40.00,,"ft","inch",6.00
933326812,"1530682",10600786,1,"016",36.00,40.00,,"ft","inch",6.00
933326813,"1530752",10600856,1,"010",3.00,13.00,,"ft","inch",2.00
933326814,"1530753",10600857,1,"010",3.00,8.00,,"ft","inch",2.00
933326815,"1530754",10600858,1,"010",3.00,13.00,,"ft","inch",2.00
933326816,"1530755",10600859,1,"010",5.00,15.00,,"ft","inch",2.00
933326817,"1530756",10600860,1,"012",55.00,65.00,,"ft","inch",15.00
933326818,"1530762",10600866,1,,4.00,9.00,,"ft","inch",2.00
933326819,"1530766",10600870,1,"006",53.00,57.00,,"ft","inch",6.00
933326820,"1530767",10600871,1,"008",43.00,47.00,,"ft","inch",5.00
933326821,"1530768",10600872,1,"030",38.00,41.00,,"ft","inch",6.00
933326822,"1530769",10600873,1,"008",39.00,43.00,,"ft","inch",6.00
933326823,"1530770",10600874,1,"008",36.00,40.00,,"ft","inch",6.00
933326824,"1530800",10600904,1,"020",82.00,86.00,,"ft","inch",7.00
933326825,"1530801",10600905,1,"020",13.00,23.00,,"ft","inch",6.00
933326826,"1530803",10600907,1,"008",33.00,37.00,,"ft","inch",6.00
933326827,"1530804",10600908,1,"008",42.00,46.00,,"ft","inch",6.00
933326828,"1530805",10600909,1,"008",28.00,32.00,,"ft","inch",6.00
933326829,"1530809",10600913,1,"020",17.00,21.00,,"ft","inch",6.00
933326830,"1530811",10600915,1,"008",37.00,41.00,,"ft","inch",6.00
933326831,"1530812",10600916,1,"010",5.00,10.00,,"ft","inch",2.00
933326832,"1530813",10600917,1,"010",,,,"ft","inch",2.00
933326833,"1530814",10600918,1,"010",10.00,20.00,,"ft","inch",2.00
933326834,"1530815",10600919,1,"010",1.00,13.00,,"ft","inch",1.00
933326835,"1530816",10600920,1,"010",5.00,20.00,,"ft","inch",1.00
933326836,"1530862",10600966,1,"010",4.00,10.00,,"ft","inch",2.00
933326837,"1530863",10600967,1,"010",2.00,10.00,,"ft","inch",2.00
933326838,"1530864",10600968,1,"010",5.00,15.00,,"ft","inch",2.00
933326839,"1530865",10600969,1,"010",7.00,15.00,,"ft","inch",2.00
933326840,"1530866",10600970,1,"010",5.00,20.00,,"ft","inch",2.00
933326841,"1530867",10600971,1,"010",6.00,12.00,,"ft","inch",2.00
933326842,"1530868",10600972,1,"010",2.00,17.00,,"ft","inch",2.00
933326843,"1530869",10600973,1,"010",5.00,15.00,,"ft","inch",2.00
933326844,"1530870",10600974,1,"010",5.00,15.00,,"ft","inch",2.00
933326845,"1530993",10601097,1,"010",3.00,6.00,,"ft","inch",2.00
933326846,"1530994",10601098,1,"010",10.00,15.00,,"ft","inch",1.00
933326847,"1530995",10601099,1,"010",5.00,7.00,,"ft","inch",2.00
933326848,"1530998",10601102,1,"010",5.00,15.00,,"ft","inch",2.00
933326849,"1531018",10601122,1,"008",8.00,12.00,,"ft","inch",5.00
933326850,"1531047",10601151,1,,5.00,15.00,,"ft","inch",2.00
933326851,"1531083",10601187,1,"001",10.00,32.00,,"ft","inch",2.00
933326852,"1531133",10601237,1,"010",,,,"ft","inch",2.00
933326853,"1531245",10601349,1,"008",36.00,40.00,,"ft","inch",6.00
933326854,"1531256",10601360,1,"008",42.00,46.00,,"ft","inch",6.00
933326855,"1531301",10601405,1,"018",37.00,40.00,,"ft","inch",6.00
933326856,"1531405",10601509,1,"035",37.00,41.00,,"ft","inch",6.00
933326857,"1531406",10601510,1,"010",5.00,15.00,,"ft","inch",1.00
933326858,"1531427",10601531,1,"018",49.00,52.00,,"ft","inch",6.00
933326859,"1531590",10601694,1,"010",5.00,10.00,,"ft","inch",1.00
933326860,"1531591",10601695,1,,5.00,10.00,,"ft","inch",1.00
933326861,"1531604",10601708,1,"018",19.00,23.00,,"ft","inch",6.00
933326862,"1531688",10601792,1,"008",37.00,41.00,,"ft","inch",5.00
933326863,"1531690",10601794,1,"008",39.00,43.00,,"ft","inch",5.00
933326864,"1531733",10601837,1,"025",55.00,59.00,,"ft","inch",6.00
933326865,"1531739",10601843,1,"008",45.00,49.00,,"ft","inch",6.00
933326866,"1531839",10601943,1,"025",26.00,31.00,,"ft","inch",5.00
933326867,"1531892",10601996,1,"010",97.00,101.00,,"ft","inch",5.00
933326868,"1532017",10602120,1,"008",31.00,35.00,,"ft","inch",6.00
933326869,"1532018",10602121,1,"008",27.00,31.00,,"ft","inch",6.00
933326870,"1532019",10602122,1,"008",37.00,41.00,,"ft","inch",6.00
933326871,"1532020",10602123,1,"008",48.00,52.00,,"ft","inch",6.00
933326872,"1532021",10602124,1,"008",22.00,26.00,,"ft","inch",6.00
933326873,"1532022",10602125,1,"008",22.00,26.00,,"ft","inch",6.00
933400633,"1532060",11065080,1,"035",250.00,260.00,,"ft","inch",6.00
933400634,"1532070",11065090,1,"035",55.00,59.00,,"ft","inch",5.00
933400635,"1532110",11065130,1,,4.00,9.00,,"ft","inch",2.00
933400636,"1532111",11065131,1,"010",10.00,13.00,,"ft","inch",1.00
933400637,"1532120",11065140,1,"008",38.00,42.00,,"ft","inch",6.00
933400638,"1532121",11065141,1,"008",24.00,28.00,,"ft","inch",6.00
933400639,"1532122",11065142,1,"008",42.00,46.00,,"ft","inch",6.00
933400640,"1532361",11065381,1,,42.00,46.00,,"ft","inch",6.00
933400641,"1532362",11065382,1,"008",35.00,39.00,,"ft","inch",6.00
933400642,"1532363",11065383,1,"008",27.00,31.00,,"ft","inch",6.00
933400643,"1532364",11065384,1,"008",,,,"ft","inch",5.00
933400644,"1532462",11065482,1,"008",46.00,50.00,,"ft","inch",5.20
933400645,"1532477",11065497,1,"025",42.00,46.00,,"ft","inch",6.00
933400646,"1532478",11065498,1,"006",29.00,36.00,,"ft","inch",6.00
933401853,"1532620",11072319,1,"018",20.00,23.00,,"ft","inch",6.00
933401854,"1532745",11072443,1,"008",44.00,48.00,,"ft","inch",6.00
933401855,"1532746",11072444,1,"008",32.00,36.00,,"ft","inch",6.00
933401856,"1532798",11072496,1,"015",58.00,62.00,,"ft","inch",5.00
933401857,"1532822",11072520,1,"008",20.00,23.00,,"ft","inch",6.00
933401858,"1532823",11072521,1,"006",20.00,24.00,,"ft","inch",2.00
933401859,"1532837",11072535,1,"008",20.00,23.00,,"ft","inch",5.00
933401860,"1532838",11072536,1,"008",20.00,23.00,,"ft","inch",6.00
933401861,"1532879",11072577,1,"008",20.00,24.00,,"ft","inch",6.00
933401862,"1532880",11072578,1,"008",48.00,52.00,,"ft","inch",6.00
933403222,"1532886",11078203,1,"030",13.00,17.00,,"ft","inch",6.00
933403223,"1532888",11078205,1,"020",15.00,22.00,,"ft","inch",6.00
933403224,"1532899",11078216,1,"008",27.00,31.00,,"ft","inch",6.00
933403225,"1532900",11078217,1,"008",22.00,26.00,,"ft","inch",6.00
933403226,"1532972",11078289,1,"048",21.00,24.00,,"ft","inch",6.00
933403227,"1533073",11078390,1,"014",151.00,155.00,,"ft","inch",51.00
933403228,"1533162",11078479,1,,10.00,15.00,,"ft","inch",2.00
933403229,"1533163",11078480,1,,62.00,72.00,,"ft","inch",2.00
933403230,"1533165",11078482,1,,11.00,16.00,,"ft","inch",2.00
933403231,"1533170",11078487,1,"008",46.00,50.00,,"ft","inch",6.00
933403232,"1533179",11078496,1,"012",21.00,25.00,,"ft","inch",6.00
933403233,"1533180",11078497,1,"008",45.00,48.00,,"ft","inch",6.00
933403234,"1533181",11078498,1,"018",22.00,26.00,,"ft","inch",6.00
933403235,"1533182",11078499,1,"016",42.00,46.00,,"ft","inch",6.00
933403236,"1533183",11078500,1,"008",48.00,52.00,,"ft","inch",5.00
933403237,"1533184",11078501,1,"012",42.00,46.00,,"ft","inch",6.00
933403238,"1533185",11078502,1,"012",31.00,34.00,,"ft","inch",6.00
933403239,"1533268",11078585,1,"010",14.00,34.00,,"ft","inch",2.00
933403240,"1533295",11078612,1,"020",24.00,28.00,,"ft","inch",6.00
933403241,"1533312",11078629,1,"008",33.00,37.00,,"ft","inch",6.00
933403242,"1533313",11078630,1,"008",47.00,51.00,,"ft","inch",5.00
933403243,"1533314",11078631,1,"010",37.00,41.00,,"ft","inch",5.00
933385344,"1533517",11085921,1,"008",21.00,25.00,,"ft","inch",5.00
933385345,"1533519",11085923,1,"008",46.00,50.00,,"ft","inch",6.00
933385346,"1533587",11085991,1,"012",116.00,120.00,,"ft","inch",3.00
933385347,"1533590",11085994,1,"060",141.00,145.00,,"ft","inch",6.00
933385348,"1533636",11086040,1,"018",42.00,46.00,,"ft","inch",6.00
933385349,"1533717",11086121,1,"001",15.00,25.00,,"ft","inch",1.00
933385350,"1533719",11086123,1,"001",15.00,25.00,,"ft","inch",1.00
933385351,"1533720",11086124,1,"001",15.00,25.00,,"ft","inch",1.00
933385352,"1533755",11086159,1,"001",1.00,6.00,,"ft","inch",1.00
933385353,"1533756",11086160,1,"001",1.00,5.00,,"ft","inch",1.00
933385354,"1533757",11086161,1,"001",1.00,5.00,,"ft","inch",1.00
933385355,"1533758",11086162,1,"001",1.00,5.00,,"ft","inch",1.00
933385356,"1533760",11086164,1,"001",3.00,8.00,,"ft","inch",1.00
933385357,"1533761",11086165,1,"001",10.00,13.00,,"ft","inch",1.00
933385358,"1533762",11086166,1,"001",10.00,13.00,,"ft","inch",1.00
933385359,"1533822",11086226,1,"008",53.00,57.00,,"ft","inch",6.00
933404517,"1533823",11086227,1,"008",23.00,26.00,,"ft","inch",6.00
933404518,"1533824",11086228,1,"008",46.00,50.00,,"ft","inch",6.00
933404519,"1533825",11086229,1,"008",46.00,50.00,,"ft","inch",6.00
933404520,"1533826",11086230,1,"008",37.00,41.00,,"ft","inch",6.00
933404521,"1533827",11086231,1,"008",22.00,25.00,,"ft","inch",6.00
933404522,"1533828",11086232,1,"008",26.00,29.00,,"ft","inch",6.00
933404523,"1533829",11086233,1,"008",31.00,34.00,,"ft","inch",6.00
933404524,"1533830",11086234,1,"008",31.00,35.00,,"ft","inch",6.00
933405809,"1533846",11091531,1,"025",20.00,25.00,,"ft","inch",2.00
933405810,"1533847",11091532,1,"025",20.00,25.00,,"ft","inch",2.00
933405811,"1533848",11091533,1,"025",20.00,25.00,,"ft","inch",2.00
933405812,"1533849",11091534,1,"025",20.00,25.00,,"ft","inch",2.00
933405813,"1533850",11091535,1,"025",20.00,25.00,,"ft","inch",2.00
933405814,"1533851",11091536,1,"025",20.00,25.00,,"ft","inch",2.00
933405815,"1533852",11091537,1,"025",20.00,25.00,,"ft","inch",2.00
933405816,"1533853",11091538,1,"025",20.00,25.00,,"ft","inch",2.00
933405817,"1533854",11091539,1,"025",20.00,25.00,,"ft","inch",2.00
933405818,"1533855",11091540,1,"025",20.00,25.00,,"ft","inch",2.00
933405819,"1533883",11091568,1,"012",46.00,49.00,,"ft","inch",6.00
933405820,"1533921",11091606,1,"008",26.00,29.00,,"ft","inch",6.00
933405821,"1533929",11091614,1,"080",18.00,22.00,,"ft","inch",1.00
933406888,"1534283",11101050,1,"008",46.00,50.00,,"ft","inch",5.00
933406889,"1534284",11101051,1,"008",38.00,42.00,,"ft","inch",5.00
933406890,"1534285",11101052,1,"008",38.00,42.00,,"ft","inch",5.00
933406891,"1534286",11101053,1,"008",38.00,42.00,,"ft","inch",5.00
933407758,"1534287",11109034,1,"010",15.60,16.80,"1","m","cm",14.00
933407759,"1534288",11109037,1,"008",12.81,14.03,"1","m","cm",14.00
933407760,"1534399",11109042,1,"008",9.40,20.00,"1","m","cm",14.00
933407761,"1534400",11109045,1,"008",14.90,15.30,"1","m","cm",14.00
933407762,"1534522",11109197,1,"010",1.50,7.50,,"m","cm",50.00
933407763,"1534523",11109199,1,"010",1.50,6.10,"5","m","cm",50.00
933407764,"1534583",11109322,1,,2.00,5.00,"5","m","cm",1.90
933407765,"1534584",11109324,1,"010",1.20,4.30,"5","m","cm",51.00
933407766,"1534600",11109350,1,"010",1.22,4.27,"5","m","cm",5.00
933407767,"1534602",11109354,1,"010",1.50,4.60,,"m","cm",50.00
933407768,"1534624",11109392,1,"010",2.67,5.94,"5","m","cm",5.02
933407769,"1534625",11109394,1,"010",4.52,7.57,"5","m","cm",5.08
933407770,"1534663",11109464,1,"025",12.80,15.20,"5","m","cm",21.90
933407771,"1534713",11109613,1,"010",0.90,5.50,"5","m","cm",51.00
933407772,"1534715",11109617,1,"010",1.50,4.90,"5","m","cm",50.00
933407773,"1534723",11109637,1,"010",38.40,39.70,"1","m","cm",13.17
933407774,"1534727",11109642,1,"020",13.40,14.60,"1","m","cm",13.00
933407775,"1534729",11109646,1,"018",10.50,11.20,"1","m","cm",13.00
933409097,"1534748",11181019,1,,,,"5","ft","inch",
933409098,"1534785",11181056,1,,19.50,20.40,,"m","cm",12.70
933409099,"1534817",11181088,1,"10",1.50,2.10,"5","m","cm",6.50
933409100,"1534870",11181141,1,"10",,,"5","m","cm",8.50
933409101,"1534894",11181165,1,"100",2.20,3.80,"5","m","cm",5.00
933409102,"1534895",11181166,1,"100",2.00,4.40,,"m","cm",
933409103,"1534896",11181167,1,"10",4.50,9.00,"5","m","cm",5.08
933409104,"1534971",11181242,1,"10",21.64,22.86,"1","m","cm",15.23
933409105,"1535009",11181280,1,"10",0.30,3.00,"5","m","cm",6.50
933409106,"1535037",11181308,1,"14",12.34,13.10,,"m","cm",12.70
933409107,"1535074",11181345,1,"8",9.18,10.10,"1","m","cm",13.97
933409108,"1535075",11181346,1,"8",9.45,10.37,"1","m","cm",13.97
933409109,"1535076",11181347,1,"8",8.89,9.81,"1","m","cm",13.77
933409110,"1535077",11181348,1,"8",15.25,16.47,"1","m","cm",13.97
933409111,"1535099",11181370,1,"10",3.00,13.00,"5","ft","inch",2.50
933409112,"1535114",11181385,1,"10",,,"5","m","cm",6.00
933409113,"1535115",11181386,1,"10",1.50,10.00,"5","m","cm",5.00
933409114,"1535116",11181387,1,"10",1.50,4.50,"5","m","cm",70.00
933409115,"1535117",11181388,1,"10",1.50,6.00,"5","m","cm",70.00
933409116,"1535118",11181389,1,"10",4.40,7.50,"5","m","cm",6.00
933409117,"1535119",11181390,1,"10",3.50,6.50,"5","m","cm",6.40
933409118,"1535125",11181396,1,"10",12.20,15.20,"5","m","cm",3.80
933409119,"1535125",11181396,2,,4.10,5.60,,"m","cm",
933409120,"1535126",11181397,1,"10",15.00,25.00,"5","ft","inch",2.00
933409121,"1535159",11181430,1,"10",3.00,7.62,"5","m","cm",5.00
933409122,"1535160",11181431,1,"10",3.00,7.60,"5","m","cm",5.00
933409123,"1535161",11181432,1,"10",3.10,4.60,,"m","cm",
933409124,"1535162",11181433,1,"10",3.10,4.60,"5","m","cm",
933409125,"1535163",11181434,1,"10",3.10,4.60,"5","m","cm",
933409126,"1535164",11181435,1,"10",3.10,4.60,"5","m","cm",
933409127,"1535217",11181488,1,"010",3.00,7.62,"5","m","cm",5.00
933409128,"1535218",11181489,1,"010",4.57,9.14,"5","m","cm",4.30
933409129,"1535219",11181490,1,"010",10.00,20.00,"5","ft","inch",2.00
933409130,"1535220",11181491,1,"010",22.00,12.00,"5","ft","inch",2.00
933409131,"1535221",11181492,1,"010",,,"5","m","cm",50.00
933409132,"1535222",11181493,1,"010",2.00,5.00,"5","m","mm",50.00
933409133,"1535224",11181495,1,"010",,,,"m","cm",6.00
933409134,"1535237",11181508,1,"010",20.10,23.20,"5","m","cm",5.10
933409135,"1535237",11181508,2,"010",0.90,4.00,"5","m","cm",5.10
933409136,"1535238",11181509,1,"010",18.30,21.30,"5","m","cm",5.10
933409137,"1535239",11181510,1,"010",36.30,39.30,"5","m","cm",5.10
933409138,"1535239",11181510,2,"010",0.60,3.35,"5","m","cm",5.10
933409139,"1535240",11181511,1,"010",40.50,43.60,"5","m","cm",5.10
933409140,"1535240",11181511,2,"010",0.60,4.00,"5","m","cm",5.10
933409141,"1535241",11181512,1,,35.00,36.60,"5","m","cm",3.80
933409142,"1535242",11181513,1,"010",8.40,11.43,"5","m","cm",
933409143,"1535242",11181513,2,"010",1.50,3.65,"5","m","cm",
933409144,"1535243",11181514,1,"10",5.00,,,"ft","inch",1.25
933409145,"1535244",11181515,1,,16.00,21.00,"1","m","cm",5.00
933409146,"1535245",11181516,1,"004",3.00,11.50,"5","m","cm",5.70
933409147,"1535245",11181516,2,"004",4.50,6.00,"5","m","cm",5.70
933409148,"1535246",11181517,1,"004",1.50,3.00,"5","m","cm",5.70
933409149,"1535252",11181523,1,"020",8.62,9.85,"1","m","cm",13.70
933409150,"1535253",11181524,1,"018",14.77,16.00,"1","m","cm",13.70
933409151,"1535257",11181528,1,"004",1.50,3.00,"5","m","cm",5.70
933409152,"1535257",11181528,2,"004",4.50,6.00,"5","m","cm",5.70
933409153,"1535258",11181529,1,"004",1.50,3.00,"5","m","cm",5.70
933409154,"1535258",11181529,2,"004",4.50,6.00,"5","m","cm",5.70
933409155,"1535259",11181530,1,"004",1.50,3.00,"5","m","cm",5.70
933409156,"1535259",11181530,2,"004",4.50,6.00,"5","m","cm",5.70
933409157,"1535260",11181531,1,"004",1.50,3.00,"5","m","cm",5.70
933409158,"1535260",11181531,2,"004",4.50,6.00,"5","m","cm",5.70
933409159,"1535262",11181533,1,"045",1.20,2.73,"5","m","cm",3.16
933409160,"1535263",11181534,1,"010",2.70,5.70,"5","m","cm",6.30
933409161,"1535296",11181567,1,,,,"5","m","cm",5.50
933409162,"1535298",11181569,1,"45",,,"5","m","cm",3.80
933409163,"1535299",11181570,1,"254",,,"5","m","cm",5.00
933409164,"1535300",11181571,1,"254",,,"5","m","cm",5.00
933409165,"1535301",11181572,1,"45",1.50,4.50,,"m","cm",3.18
933409166,"1535302",11181573,1,"254",,,"5","m","cm",5.00
933409167,"1535303",11181574,1,"25",2.00,3.50,"5","m","cm",5.00
933416268,"1535336",11343963,1,"020",0.00,3.03,"5","m","cm",5.08
933416269,"1535337",11343964,1,"020",0.00,3.03,"5","m","cm",5.08
933416270,"1535338",11343965,1,"020",0.00,3.03,,"m","cm",5.08
933416271,"1535339",11343966,1,"020",0.00,3.03,"5","m","cm",5.08
933416272,"1535340",11343967,1,"020",0.00,3.03,"5","m","cm",5.08
933416273,"1535351",11344058,1,"010",0.61,3.70,"5","m","cm",6.28
933416274,"1535352",11344059,1,"010",0.92,3.90,"5","m","cm",6.28
933416275,"1535353",11344060,1,"010",0.61,2.30,"5","m","cm",6.28
933416276,"1535354",11344061,1,"010",0.92,3.90,"5","m","cm",6.28
933416277,"1535355",11344062,1,"010",1.20,4.30,"5","m","cm",6.28
933416278,"1535356",11344063,1,"010",1.00,4.10,"5","m","cm",6.28
933416279,"1535365",11344568,1,"010",,,"5","m","cm",65.00
933416280,"1535366",11344572,1,"010",,,"5","m","cm",61.00
933416281,"1535367",11344571,1,"010",5.00,8.00,"5","m","cm",65.00
933416282,"1535368",11344570,1,"010",,,,"m","cm",65.00
933411599,"1535377",11330771,1,"8",13.42,14.95,"1","m","cm",14.00
933411600,"1535378",11330772,1,"8",6.50,7.40,"1","m","cm",
933411698,"1535383",11330777,1,"10",3.00,6.00,"5","m","cm",5.60
933411797,"1535391",11330785,1,"10",1.50,6.00,"5","m","cm",5.00
933411798,"1535392",11330786,1,"10",1.50,7.50,"5","m","cm",6.50
933411803,"1535394",11330788,1,"10",1.50,5.00,"5","m","cm",6.00
933411804,"1535395",11330789,1,"10",2.50,8.00,"5","m","cm",65.00
933411936,"1535397",11330791,1,"10",1.52,4.51,"5","m","cm",5.50
933412018,"1535403",11330797,1,"#10",2.50,4.00,"5","m","cm",6.50
933412020,"1535404",11330798,1,"#10",2.50,5.00,"5","m","cm",6.50
933412025,"1535405",11330799,1,"#10",,,"5","m","cm",6.50
933412084,"1535406",11330800,1,"#10",1.25,6.00,,"m","cm",6.50
933412414,"1535446",11330840,1,"010",3.40,4.90,"5","m","cm",1.25
933412421,"1535447",11330841,1,"12",33.00,37.00,"1","ft","inch",5.50
933412443,"1535450",11330844,1,"010",1.00,6.20,"5","m","cm",3.00
933412593,"1535493",11330887,1,"010",1.26,4.26,"5","m","cm",25.00
933412773,"1535502",11330896,1,"10",1.50,4.50,"5","m","cm",5.20
933412775,"1535503",11330897,1,"10",2.00,3.00,"1","m","cm",2.70
933412856,"1535514",11330908,1,"10",1.50,5.50,"5","m","cm",3.50
933412858,"1535515",11330909,1,"10",4.00,7.50,,"m","cm",4.20
933412859,"1535516",11330910,1,"10",2.00,5.00,"5","m","cm",6.50
933412860,"1535517",11330911,1,"10",4.50,6.00,"5","m","cm",4.50
933412864,"1535518",11330912,1,"10",4.50,6.00,"5","m","cm",6.50
933412867,"1535519",11330913,1,"10",4.00,7.00,"5","m","cm",6.50
933412868,"1535520",11330914,1,"10",3.30,5.20,"5","m","cm",6.50
933412869,"1535521",11330915,1,"10",1.20,3.60,"5","m","cm",5.50
933413079,"1535554",11330948,1,"10",7.20,9.10,"5","m","cm",2.50
933413215,"1535576",11330970,1,"18",13.90,15.40,"1","m","cm",13.70
933413326,"1535586",11330980,1,"#10",3.00,6.00,"5","m","cm",6.50
933413335,"1535588",11330982,1,"10",1.00,3.50,"5","m","cm",3.50
933413353,"1535589",11330983,1,"10",1.50,6.00,"5","m","cm",6.50
933413672,"1535635",11331029,1,"8",12.81,14.03,"1","m","cm",13.97
933413675,"1535636",11331030,1,"8",9.76,10.98,"1","m","cm",13.97
933413676,"1535637",11331031,1,"8",13.12,14.34,"1","m","cm",13.97
933413677,"1535639",11331033,1,"8",8.54,9.50,"1","m","cm",13.97
933413678,"1535640",11331034,1,"8",13.42,14.64,"1","m","cm",13.97
933413725,"1535648",11331042,1,"6",43.58,46.02,"1","m","cm",0.60
933413726,"1535652",11331046,1,"16",12.98,14.17,"1","m","cm",12.75
933413756,"1535672",11331066,1,"10",1.10,3.70,"5","m","cm",5.00
933413929,"1535689",11331083,1,"10",14.23,15.44,"5","m","cm",3.20
933413930,"1535689",11331083,2,"10",4.14,10.67,"5","m","cm",3.20
933413931,"1535690",11331084,2,"10",0.88,2.40,,"m","cm",3.20
933413932,"1535690",11331084,1,"10",18.43,19.95,,"m","cm",3.20
933413933,"1535691",11331085,1,"10",4.14,8.20,,"m","cm",3.20
933413934,"1535692",11331086,2,"10",0.48,2.00,"5","m","cm",3.20
933413935,"1535692",11331086,1,"10",12.37,15.42,"5","m","cm",3.20
933413936,"1535693",11331087,1,"10",3.03,4.55,"5","m","cm",3.20
933413937,"1535694",11331088,2,"10",1.58,3.10,"5","m","cm",3.20
933413938,"1535694",11331088,1,"10",4.67,7.72,"5","m","cm",3.20
933413939,"1535695",11331089,1,"10",,7.62,,"m","cm",3.20
933413940,"1535695",11331089,2,"10",3.08,4.60,,"m","cm",3.20
933413941,"1535696",11331090,1,"10",3.24,12.29,"5","m","cm",3.20
933414007,"1535697",11331091,1,"8",7.13,9.15,"1","m","cm",13.97
933414008,"1535698",11331092,1,"10",9.15,10.37,"1","m","cm",13.97
933414016,"1535703",11331097,1,,,,,"m","cm",6.66
933414209,"1535713",11331107,1,"10",1.83,5.00,"5","m","cm",3.17
933414313,"1535717",11331111,1,"10",14.63,16.15,"5","m","cm",6.03
933414371,"1535738",11331132,1,"10",1.50,4.50,"5","m","cm",3.50
933414374,"1535739",11331133,1,"10",3.00,4.50,"5","m","cm",6.50
933414652,"1535787",11331181,1,"050",26.20,27.40,"1","m","cm",14.00
933414698,"1535792",11331186,1,"010",1.50,8.00,,"m","cm",5.50
933414739,"1535815",11331209,1,"8",10.22,11.74,"1","m","cm",13.97
933414863,"1535836",11331230,1,"10",0.50,4.50,"5","m","cm",6.40
933414920,"1535837",11331231,1,,2.80,5.80,"5","m","cm",2.70
933414947,"1535855",11331249,1,"010",1.00,4.90,"5","m","cm",5.80
933414949,"1535856",11331250,1,"010",1.70,5.49,"5","m","cm",5.80
933414950,"1535857",11331251,1,"010",1.20,6.20,"5","m","cm",5.80
933414954,"1535859",11331253,1,"010",2.20,8.60,"5","m","cm",5.80
933414955,"1535860",11331254,1,"010",1.25,4.70,"5","m","cm",5.80
933414976,"1535863",11331257,1,"10",1.50,4.88,"5","m","cm",4.50
933414996,"1535864",11331258,1,"8",7.32,8.24,"1","m","cm",13.97
933414997,"1535865",11331259,1,"8",14.03,15.56,,"m","cm",13.97
933415053,"1535866",11331260,1,"10",2.44,5.44,"5","m","cm",60.00
933415054,"1535874",11331268,1,"10",1.36,4.36,"5","m","cm",60.00
933415056,"1535877",11331271,1,"10",6.10,9.10,"5","m","cm",6.00
933415059,"1535878",11331272,1,"10",2.10,3.70,"5","m","cm",6.00
933415060,"1535879",11331273,1,"10",18.10,21.10,"5","m","cm",6.00
933415061,"1535880",11331274,1,"10",23.40,26.50,"5","m","cm",6.00
933415062,"1535881",11331275,1,,32.00,33.50,"5","m","cm",6.00
933415220,"1535946",11331340,1,"10",2.00,5.20,"1","m","cm",6.00
933415254,"1535978",11331372,1,,12.20,15.20,"5","m","inch",1.25
933415255,"1535979",11331373,1,,12.20,15.20,"5","m","inch",1.25
933415504,"1536020",11331414,1,"10",0.76,3.80,"5","m","cm",5.30
933415611,"1536025",11331419,1,"10",29.80,31.00,"1","m","cm",13.90
933415612,"1536029",11331423,1,"50",7.90,8.50,"1","m","cm",91.00
933415677,"1536031",11331425,1,"8",9.76,10.98,"1","m","cm",13.97
933415678,"1536032",11331426,1,"8",12.20,13.12,"1","m","cm",13.97
933415720,"1536049",11331443,1,"10",3.23,5.06,"5","m","cm",58.00
933415723,"1536050",11331444,1,"10",1.00,4.57,"5","m","cm",58.00
933415726,"1536052",11331446,1,"10",2.10,5.79,"5","m","cm",
933415752,"1536056",11331450,1,"20",10.30,11.50,"1","m","cm",14.00
933415753,"1536060",11331454,1,,13.40,14.60,,"m","cm",
933415754,"1536063",11331457,1,"30",11.50,13.00,"1","m","cm",
933415760,"1536064",11331458,1,"25",13.80,15.00,"1","m","cm",14.00
933415761,"1536067",11331461,1,"40",6.80,7.70,"1","m","cm",90.00
933416056,"1536081",11331475,1,"10",15.00,28.00,"5","ft","inch",15.00
933416140,"1536090",11331484,1,"10",,,"5","m","cm",3.20
933416987,"1536121",11559794,1,"10",2.20,5.40,"5","m","cm",6.00
933417203,"1536182",11559855,1,"010",2.06,5.06,,"m","cm",6.00
933416863,"1536183",11559856,1,"010",1.50,3.00,"5","m","cm",6.00
933417268,"1536194",11559867,1,"10",9.00,12.00,,"m","mm",58.00
933417543,"1536195",11559868,1,"20",29.60,32.03,"1","m","cm",20.32
933417496,"1536196",11559869,1,"10",1.83,3.35,"5","m","cm",3.67
933417497,"1536197",11559870,1,"10",1.83,3.35,"5","m","cm",3.67
933417201,"1536221",11559894,1,"10",2.00,4.00,"5","ft","inch",2.00
933417455,"1536222",11559895,1,"N/A",3.10,6.10,"5","m","cm",20.00
933416778,"1536229",11559902,1,"10",3.50,9.00,"5","m","cm",5.80
933416780,"1536230",11559903,1,"10",2.60,4.57,"5","m","cm",5.80
933416781,"1536231",11559904,1,"10",7.30,12.19,"5","m","cm",5.80
933416782,"1536232",11559905,1,"10",1.00,4.42,"5","m","cm",5.80
933416785,"1536236",11559909,1,"12",13.80,15.10,"1","m","cm",13.70
933417283,"1536237",11559910,1,"10",1.88,4.88,"5","m","cm",5.50
933416898,"1536246",11559919,1,"10",0.90,4.00,"5","m","cm",36.00
933416901,"1536247",11559920,1,"10",2.50,6.70,"5","m","cm",58.00
933416819,"1536268",11559941,1,"10",3.00,5.44,"5","m","cm",4.10
933418297,"1536291",11559964,1,,,4.57,"5","m","cm",
933418301,"1536292",11559965,1,"10",2.13,3.66,"5","m","cm",3.17
933418757,"1536298",11559971,1,"14",11.88,13.10,"1","m","cm",
933417954,"1536302",11559975,1,"8",9.44,10.36,"1","m","cm",14.38
933417961,"1536303",11559976,1,"8",12.80,14.02,"1","m","inch",5.00
933419125,"1536308",11559981,1,"10",2.60,6.10,"5","m","cm",58.00
933419126,"1536309",11559982,1,"10",2.70,4.60,"5","m","cm",58.00
933419127,"1536310",11559983,1,"10",1.50,4.60,"5","m","cm",40.00
933419130,"1536312",11559985,1,"10",3.00,6.10,"5","m","cm",58.00
933419133,"1536313",11559986,1,"10",1.50,6.10,"5","m","cm",58.00
933419142,"1536314",11559987,1,"10",3.66,5.18,,"m","cm",58.00
933419223,"1536315",11559988,1,"10",10.67,14.63,,"m","cm",58.00
933417616,"1536321",11559994,1,"010",3.05,6.10,"5","m","cm",5.50
933419054,"1536344",11560017,1,"010",21.51,24.56,"5","m","cm",0.20
933419055,"1536345",11560018,1,"010",18.28,19.81,"5","m","cm",0.70
933419651,"1536350",11560023,1,"10",0.91,3.96,"5","m","cm",5.00
933416852,"1536375",11560048,1,"18",8.60,9.80,"1","m","cm",14.00
933418496,"1536376",11560049,1,"8",8.85,10.06,"1","m","cm",13.97
933419000,"1536397",11560070,1,"10",0.30,3.00,"5","m","cm",7.10
933418158,"1536432",11560105,1,"10",5.00,10.50,"5","m","cm",5.80
933418166,"1536433",11560106,1,"10",15.70,18.14,"5","m","cm",5.80
933418167,"1536434",11560107,1,"10",4.00,6.10,"5","m","cm",5.80
933419007,"1536438",11560111,1,,1.00,6.70,,"m","cm",20.00
933419403,"1536485",11560158,1,"8",14.02,15.24,"1","m","cm",13.90
933420373,"1536486",11560159,1,"10",1.83,4.88,"5","m","cm",5.00
933419356,"1536487",11560160,1,"10",1.83,4.88,"5","m","cm",3.81
933419672,"1536507",11560180,1,"25",85.00,88.00,"1","ft","inch",6.00
933419634,"1536545",11560218,1,"10",1.30,4.60,"5","m","mm",58.00
933419635,"1536546",11560219,1,"10",2.50,6.10,"5","m","mm",58.00
933419638,"1536549",11560222,1,"10",1.80,3.50,"5","m","mm",58.00
933420084,"1536560",11560233,1,"10",0.38,3.42,"5","m","cm",20.00
933420083,"1536565",11560238,1,"10",0.91,4.27,"5","m","cm",5.80
933420079,"1536574",11560247,1,"10",0.70,3.70,"5","m","cm",5.80
933420323,"1536594",11560267,1,"10",2.50,4.00,"5","m","cm",4.10
933420168,"1536610",11560283,1,"18",10.40,11.60,"1","m","cm",14.00
933420728,"1536664",11696624,1,"10",1.10,5.50,"5","m","cm",6.00
933420729,"1536666",11696626,1,"10",2.90,6.00,,"m","cm",6.00
933420730,"1536671",11696631,1,"10",10.00,26.00,"5","ft","inch",2.50
933420731,"1536675",11696635,1,"10",2.40,5.49,,"m","cm",4.10
933420732,"1536705",11696665,1,"8",9.76,10.98,"1","m","cm",13.97
933420733,"1536744",11696704,1,"10",2.50,10.00,"5","ft","inch",1.00
933420734,"1536745",11696705,1,"10",2.50,10.00,"5","ft","inch",1.00
933420735,"1536746",11696706,1,"10",4.00,15.00,"5","ft","inch",
933420736,"1536747",11696707,1,"10",1.00,6.00,"5","m","mm",58.00
933420737,"1536748",11696708,1,"10",0.08,4.57,"5","m","mm",58.00
933420738,"1536751",11696711,1,"10",1.20,3.00,"5","m","mm",58.00
933420739,"1536752",11696712,1,"10",0.05,3.70,"5","m","mm",58.00
933420740,"1536755",11696715,1,"10",3.00,6.60,"5","m","mm",58.00
933420741,"1536767",11696727,1,,0.80,3.80,"5","m","cm",
933420742,"1536767",11696727,2,,1.00,4.00,,"m","cm",
933420743,"1536767",11696727,3,,2.90,6.00,,"m","cm",
933420744,"1536779",11696739,1,"10",1.20,6.10,"5","m","cm",6.00
933420745,"1536781",11696741,1,"10",12.42,17.00,"5","m","cm",58.00
933420746,"1536782",11696742,1,"10",5.80,7.60,"5","m","cm",5.80
933420747,"1536783",11696743,1,"10",0.60,6.00,"5","m","cm",58.00
933420748,"1536786",11696746,1,"10",1.50,6.00,"5","m","cm",58.00
933420749,"1536787",11696747,1,"10",0.50,3.60,"5","m","cm",58.00
933420750,"1536788",11696748,1,"25",6.80,8.00,"1","m","cm",13.70
933420751,"1536792",11696752,1,"20",9.50,10.70,"1","m","cm",12.70
933420752,"1536793",11696753,1,"18",14.80,16.00,"1","m","cm",13.97
933420753,"1536795",11696755,1,"8",9.91,11.13,"1","m","cm",13.97
933420754,"1536862",11696822,1,"10",9.00,19.00,"5","ft","inch",2.50
933420755,"1536863",11696823,1,"10",2.60,6.00,"5","m","cm",58.00
933420432,"1536865",11696825,1,"10",1.20,3.81,"5","m","cm",58.00
933420433,"1536866",11696826,1,"10",1.30,6.00,"5","m","cm",58.00
933420434,"1536867",11696827,1,"10",0.20,4.30,"5","m","cm",58.00
933420435,"1536870",11696830,1,,3.20,5.10,"5","m","cm",6.00
933420436,"1536873",11696833,1,"10",1.80,4.80,"5","m","cm",
933413861,"5606132",11339785,1,"10",0.92,3.99,"5","m","cm",6.28
933413862,"5606133",11339786,1,"10",0.92,3.99,"5","m","cm",6.28
933413863,"5606134",11339787,1,"10",0.92,3.99,"5","m","cm",6.28
933413864,"5606135",11339788,1,"10",2.45,7.06,"5","m","cm",6.28
933413865,"5606136",11339789,1,"10",2.45,7.06,"5","m","cm",6.28
933413866,"5606137",11339790,1,"10",1.53,7.67,"5","m","cm",6.28
933413895,"5606138",11339791,1,"10",0.92,3.99,"5","m","cm",6.28
933381953,"6106031",10980094,1,"010",13.00,18.00,,"ft","inch",2.00
933422064,"7034865",11768434,1,"10",4.57,6.10,"5","m","cm",3.67
933422095,"7035356",11768496,1,"10",3.66,6.71,,"m","cm",3.67
933422117,"7035378",11768518,1,"10",1.50,3.10,"5","m","cm",3.67
933422118,"7035379",11768519,1,"10",1.50,3.81,"5","m","cm",5.33
933422124,"7035385",11768525,1,"10",3.10,6.10,,"m","cm",3.81
933422235,"7036764",11768778,1,"8",43.80,45.00,"1","m","cm",14.00
933422314,"7038454",11768995,1,"10",1.50,3.10,"5","m","cm",3.81
933422315,"7038455",11768996,1,"10",2.14,3.66,"5","m","cm",3.81
933422316,"7038456",11768997,1,"10",1.83,3.35,"5","m","cm",3.81
933422317,"7038457",11768998,1,"10",1.83,3.35,"5","m","cm",3.67
933422318,"7038458",11768999,1,"10",3.96,5.49,"5","m","cm",3.67
933422319,"7038459",11769000,1,"10",2.74,4.27,"5","m","cm",3.67
933422345,"7038486",11769008,1,"10",4.27,7.32,"5","m","cm",3.67
933422410,"7038976",11769209,1,"10",4.00,7.50,"5","m","cm",58.00
933422411,"7038977",11769210,1,"10",9.00,12.50,,"m","cm",58.00
933422412,"7038978",11769211,1,"10",0.50,6.00,"5","m","cm",58.00
933422413,"7038979",11769212,1,"10",4.57,7.62,"5","m","cm",58.00
933422416,"7038982",11769215,1,"10",4.00,8.50,"5","m","cm",58.00
933422530,"7039307",11769767,1,,3.00,9.80,"5","m","cm",0.90
933422740,"7039970",11769976,1,"10",0.70,3.00,"5","m","cm",6.00
933422744,"7039988",11769994,1,"10",1.70,4.15,"5","m","cm",4.10
933422919,"7040361",11770489,1,"10",10.00,25.00,"5","ft","inch",2.25
933422920,"7040362",11770490,1,"10",5.00,15.00,"5","ft","inch",2.25
933423044,"7040545",11770729,1,"10",4.50,6.70,"5","m","cm",58.00
933423046,"7040548",11770732,1,"10",1.00,4.90,"5","m","cm",58.00
933423398,"7041321",11771698,1,"100",1.90,11.90,"5","m","cm",2.25
933423424,"7041386",11771854,1,"10",2.00,4.70,"5","m","cm",58.00
933423427,"7041389",11771857,1,"10",1.00,6.10,"5","m","cm",58.00
933423498,"7041539",11771724,1,"10",1.10,4.10,,"m","cm",6.00
933423510,"7041553",11771738,1,"10",3.00,6.10,"5","m","cm",5.00
933423537,"7041587",11771770,1,"10",1.37,4.42,"5","m","cm",6.00
933423605,"7041752",11771963,1,"10",2.16,3.66,"5","m","cm",6.00
933423606,"7041753",11771964,1,"10",1.22,3.66,"5","m","cm",6.00
933423877,"7042381",11772596,1,"10",2.70,5.50,"5","m","cm",5.00
933423878,"7042386",11772601,1,"18",13.30,14.50,"1","m","cm",14.00
933423879,"7042387",11772602,1,"12",13.80,15.00,"1","m","cm",14.00
933423969,"7042654",11772838,1,"10",3.20,6.10,"5","m","cm",58.00
933423970,"7042655",11772839,1,"10",3.50,7.60,"5","m","cm",58.00
933423974,"7042663",11772847,1,"10",1.87,4.87,"5","m","cm",6.00
933423977,"7042671",11772855,1,"10",1.00,4.00,"5","m","cm",6.00
933423987,"7042721",11772905,1,"10",10.70,18.30,"5","m","cm",58.00
933424287,"7043234",11773325,1,"10",1.22,4.27,"5","m","cm",3.67
933424316,"7043264",11773355,1,"10",0.31,3.35,"5","m","cm",
933424320,"7043268",11773359,1,"10",3.10,4.57,"5","m","cm",
933424377,"7043394",11773381,1,"10",1.70,4.50,,"m","cm",5.00
933424531,"7043778",11773902,1,"10",4.20,7.20,"5","m","cm",5.00
933424542,"7043810",11773934,1,"16",36.60,37.82,"1","m","cm",13.97
933424545,"7043821",11773945,1,"10",1.50,4.57,"5","m","cm",6.00
933424546,"7043822",11773946,1,"10",,,"5","m","cm",6.08
933424656,"7044182",11774306,1,"10",1.83,4.88,"5","m","cm",5.00
933424686,"7044281",11774405,1,"100",9.00,18.00,"5","ft","inch",2.25
933424692,"7044290",11774414,1,"10",37.79,40.84,"5","m","cm",6.00
933424702,"7044334",11774515,1,"10",0.60,3.60,"5","m","cm",5.00
933424704,"7044378",11774485,1,"10",2.40,5.50,"5","m","cm",58.00
933424705,"7044379",11774486,1,"10",2.40,5.50,"5","m","cm",58.00
933424706,"7044380",11774487,1,"10",17.80,20.80,"5","m","cm",58.00
933424707,"7044381",11774488,1,"10",16.00,19.25,"5","m","cm",58.00
933424708,"7044382",11774489,1,"10",3.40,6.80,"5","m","cm",58.00
933424711,"7044385",11774492,1,"10",6.00,6.70,"5","m","cm",58.00
933424713,"7044388",11774495,1,"10",2.00,5.00,"5","m","cm",58.00
933424714,"7044389",11774496,1,"10",1.50,4.88,"5","m","cm",58.00
933424715,"7044390",11774497,1,"10",1.50,4.50,"5","m","cm",58.00
933424770,"7044524",11774557,1,"1",6.00,7.60,"5","m","cm",5.50
933424771,"7044525",11774558,1,"1",5.00,6.70,"5","m","cm",5.50
933424772,"7044526",11774559,1,"1",5.50,7.60,"5","m","cm",5.50
933424789,"7044543",11774576,1,"1",19.81,22.56,"5","m","cm",7.00
933424790,"7044544",11774577,1,"1",12.68,15.76,"5","m","cm",7.00
933424792,"7044546",11774579,1,"1",5.00,6.52,"5","m","cm",7.00
933424793,"7044547",11774580,1,"1",8.84,13.56,"5","m","cm",7.00
933424794,"7044548",11774581,1,"1",7.74,10.79,"5","m","cm",7.00
933424829,"7044667",11774843,1,"10",1.35,2.87,"5","m","cm",3.00
933424844,"7044688",11774864,1,"10",4.27,7.32,"5","m","cm",3.67
933424856,"7044700",11774876,1,"10",2.40,4.00,"5","m","cm",4.30
933424863,"7044708",11774884,1,"10",3.00,6.00,"5","m","cm",4.30
933424864,"7044709",11774885,1,"10",3.00,6.00,"5","m","cm",4.30
933424889,"7044736",11774912,1,"10",0.61,3.66,"5","m","cm",
933424962,"7044833",11774819,1,"10",1.50,4.57,"5","m","cm",58.00
933424966,"7044837",11774823,1,"10",35.00,39.60,"5","m","cm",58.00
933425098,"7045388",11775496,1,"10",1.50,4.55,"5","m","cm",6.00
933425247,"7045768",11775729,1,"10",21.60,24.70,"5","m","cm",1.25
933425248,"7045768",11775729,2,,33.56,36.57,,"m","cm",
933425249,"7045768",11775729,3,,39.00,40.54,,"m","cm",
933425250,"7045768",11775729,4,,50.30,53.34,,"m","cm",
933425251,"7045769",11775730,1,"10",6.01,7.62,,"m","cm",1.25
933425252,"7045769",11775730,2,,24.10,27.13,,"m","cm",
933425253,"7045769",11775730,3,,30.50,33.53,,"m","cm",
933425254,"7045769",11775730,4,,42.06,43.60,,"m","cm",
933425255,"7045769",11775730,5,,55.78,58.80,,"m","cm",
933425256,"7045770",11775731,1,"10",6.70,8.23,"5","m","cm",1.25
933425257,"7045770",11775731,2,,23.85,26.90,,"m","cm",
933425258,"7045770",11775731,3,,29.87,31.39,,"m","cm",
933425259,"7045770",11775731,4,,36.42,39.47,,"m","cm",
933425260,"7045771",11775732,2,"10",6.10,9.14,"5","m","cm",1.25
933425261,"7045771",11775732,3,,15.69,17.22,,"m","cm",
933425262,"7045771",11775732,4,,21.33,24.38,,"m","cm",
933425263,"7045771",11775732,5,,30.30,33.37,,"m","cm",
933425264,"7045771",11775732,6,,38.25,41.30,,"m","cm",
43145892,"7045892",29045892,1,"10",3.00,6.00,"5","m","cm",5.00
43145946,"7045946",29045946,1,"10",35.60,38.70,"5","m","cm",7.10
43146090,"7046090",29046090,1,"10",22.50,25.60,"5","m","cm",7.10
43146630,"7046630",29046630,1,"10",3.96,8.53,"5","m","cm",
43146632,"7046632",29046632,1,"10",1.22,4.27,"5","m","cm",
43146634,"7046634",29046634,1,"10",5.49,8.53,"5","m","cm",3.67
43146635,"7046635",29046635,1,"10",2.74,5.79,"5","m","cm",3.67
43146637,"7046637",29046637,1,"10",4.88,8.23,"5","m","cm",
43146663,"7046663",29046663,1,"10",2.13,3.66,"5","m","cm",3.67
43146677,"7046677",29046677,1,"10",1.50,6.10,"5","m","cm",3.67
43147370,"7047370",29047370,1,"10",1.40,4.60,"1","m","cm",3.00
43147746,"7047746",29047746,1,"10",2.40,6.10,"5","m","cm",6.00
43148032,"7048032",29048032,1,"10",3.10,6.10,"5","m","cm",
43148362,"7048362",29048362,1,"10",8.20,11.43,"5","m","cm",58.00
43148803,"7048803",29048803,1,"10",1.70,4.50,,"m","cm",2.54
43148809,"7048809",29048809,1,"6",12.03,13.25,"1","m","cm",
43149204,"7049204",29049204,1,"10",3.00,5.50,"5","m","cm",58.00
43149228,"7049228",29049228,1,"10",6.00,7.50,"5","m","cm",58.00
1000025644,"7049297",1000025638,,,,,,,,
1000025688,"7049298",1000025679,,,,,,,,
1000025989,"7049299",1000025977,,,,,,,,
1000035008,"7049303",1000034996,,,,,,,,
1000039614,"7049306",1000039605,,,,,,,,
1000039747,"7049308",1000039736,,,,,,,,
1000039831,"7049309",1000039822,,,,,,,,
1000040030,"7049311",1000040019,,,,,,,,
1000040119,"7049312",1000040103,,,,,,,,
1000040896,"7049315",1000040883,,,,,,,,
1000041021,"7049317",1000041010,,,,,,,,
1000041196,"7049320",1000041190,,,,,,,,
43149568,"7049568",29049568,1,"8",7.32,8.54,"1","m","cm",13.97
43149572,"7049572",29049572,1,"8",7.32,8.54,"1","m","cm",13.97
1000052278,"7049688",1000052267,,,,,"5",,,
43149870,"7049870",29049870,1,"10",1.60,6.10,"5","m","cm",5.00
1000009964,"7050019",1000009952,,,,,,,,
1000010028,"7050020",1000010020,,,,,"5",,,
43150126,"7050126",29050126,1,"10",0.85,3.80,"5","m","cm",6.00
43150154,"7050154",29050154,1,"10",2.70,4.90,"5","m","cm",6.00
43150169,"7050169",29050169,1,"10",2.13,3.65,"5","m","cm",6.00
43150170,"7050170",29050170,1,"10",0.50,3.50,"5","m","cm",6.00
1000012983,"7050189",1000012970,,,,,,,,
1000013062,"7050190",1000013053,,,,,,,,
1000013147,"7050191",1000013137,,,,,,,,
43150221,"7050221",29050221,1,,0.50,3.65,"5","m","cm",6.00
1000015587,"7050318",1000015577,,,,,,,,
1000019574,"7050498",1000019562,,,,,"5",,,
1000013324,"7050727",1000013316,,,,,,,,
1000013371,"7050728",1000013361,,,,,,,,
1000013402,"7050729",1000013394,,,,,,,,
1000013484,"7050731",1000013475,,,,,,,,
43150778,"7050778",29050778,1,"10",39.00,42.00,,"m","cm",6.00
43150779,"7050779",29050779,1,"10",8.55,13.12,"5","m","cm",6.00
43150780,"7050780",29050780,1,"10",10.75,12.25,"5","m","cm",6.00
43150781,"7050781",29050781,1,"10",9.34,12.34,"5","m","cm",6.00
1000013598,"7050791",1000013588,,,,,"5",,,
1000013613,"7050792",1000013603,,,,,"5",,,
1000013628,"7050793",1000013618,,,,,"5",,,
1000013691,"7050797",1000013683,,,,,,,,
1000013725,"7050798",1000013717,,,,,,,,
1000013842,"7050800",1000013832,,,,,,,,
1000013913,"7050801",1000013904,,,,,,,,
1000014113,"7050804",1000014101,,,,,,,,
1000014195,"7050805",1000014185,,,,,,,,
1000014704,"7050807",1000014694,,,,,,,,
1000016570,"7050808",1000016561,,,,,,,,
1000016590,"7050809",1000016582,,,,,,,,
1000016656,"7050811",1000016644,,,,,,,,
1000016725,"7050813",1000016715,,,,,,,,
1000016955,"7050820",1000016946,,,,,,,,
1000016996,"7050821",1000016985,,,,,,,,
1000017067,"7050822",1000017057,,,,,,,,
1000017163,"7050825",1000017153,,,,,,,,
1000017207,"7050826",1000017197,,,,,,,,
1000006246,"7051219",1000006236,,,,,"5",,,
1000007222,"7051240",1000007213,,,,,,,,
1000007305,"7051242",1000007295,,,,,,,,
1000007347,"7051243",1000007336,,,,,,,,
1000007387,"7051244",1000007377,,,,,,,,
1000007426,"7051245",1000007417,,,,,,,,
1000007536,"7051248",1000007525,,,,,,,,
1000007616,"7051249",1000007606,,,,,,,,
1000007715,"7051251",1000007702,,,,,,,,
1000007780,"7051252",1000007765,,,,,,,,
1000007884,"7051254",1000007872,,,,,,,,
1000007962,"7051255",1000007954,,,,,,,,
1000011036,"7051525",1000011027,,,,,,,,
1000011193,"7051528",1000011184,,,,,,,,
1000011223,"7051529",1000011213,,,,,,,,
1000011333,"7051531",1000011324,,,,,,,,
1000026625,"7051555",1000026615,,,,,,,,
1000026705,"7051556",1000026694,,,,,,,,
1000026766,"7051557",1000026758,,,,,,,,
1000026821,"7051558",1000026811,,,,,,,,
1000026870,"7051559",1000026865,,,,,,,,
1000026971,"7051560",1000026963,,,,,,,,
1000027051,"7051561",1000027041,,,,,,,,
1000027116,"7051562",1000027107,,,,,,,,
1000027216,"7051563",1000027207,,,,,,,,
1000027324,"7051565",1000027310,,,,,,,,
1000027450,"7051569",1000027441,,,,,,,,
1000033290,"7051636",1000033285,,,,,,,,
1000033472,"7051639",1000033461,,,,,,,,
1000033533,"7051640",1000033524,,,,,,,,
1000043324,"7052141",1000043313,,,,,,,,
1000043390,"7052142",1000043371,,,,,,,,
1000043473,"7052143",1000043452,,,,,,,,
1000043592,"7052145",1000043580,,,,,,,,
1000046904,"7052156",1000046893,,,,,,,,
1000047569,"7052160",1000047558,,,,,,,,
1000047608,"7052161",1000047600,,,,,,,,
1000047798,"7052165",1000047787,,,,,,,,
1000049634,"7052167",1000049624,,,,,,,,
43152169,"7052169",29052169,1,"10",1.95,4.06,"5","m","cm",4.10
43152170,"7052170",29052170,1,"10",1.27,4.27,"5","m","cm",6.00
43152182,"7052182",29052182,1,"10",1.57,4.62,"5","m","cm",6.00
1001494660,"7052462",1001494649,,,,,"5",,,
1001494691,"7052464",1001494679,,,,,"5",,,
1001494756,"7052466",1001494742,,,,,"5",,,
1001494806,"7052467",1001494795,,,,,"5",,,
1001494886,"7052482",1001494874,,,,,"5",,,
1000044352,"7052573",1000044341,,,,,"5",,,
1000046271,"7052600",1000046262,,,,,"1",,,
1000046357,"7052601",1000046349,,,,,"1",,,
1000046684,"7052604",1000046676,,,,,"1",,,
1000046862,"7052605",1000046851,,,,,,,,
43153214,"7053214",29053214,1,"10",1.50,4.55,"5","m","cm",6.00
1000062464,"7053227",1000062453,,,,,,,,
1000062500,"7053228",1000062491,,,,,,,,
1000062703,"7053230",1000062693,,,,,,,,
1001505729,"7053557",1001505719,,,,,,,,
1001505756,"7053558",1001505750,,,,,,,,
1001505765,"7053559",1001505760,,,,,,,,
1001505779,"7053560",1001505769,,,,,,,,
1001505859,"7053561",1001505854,,,,,,,,
1001505872,"7053562",1001505863,,,,,,,,
1001505904,"7053563",1001505893,,,,,,,,
1001505949,"7053564",1001505939,,,,,,,,
1001506000,"7053565",1001505989,,,,,,,,
1001506038,"7053566",1001506028,,,,,,,,
1001506079,"7053567",1001506069,,,,,,,,
1001506129,"7053569",1001506119,,,,,,,,
1001506162,"7053570",1001506157,,,,,,,,
1001506191,"7053571",1001506183,,,,,,,,
1001506354,"7053572",1001506345,,,,,,,,
1001506465,"7053574",1001506454,,,,,,,,
1001506507,"7053575",1001506496,,,,,,,,
1001506582,"7053576",1001506572,,,,,,,,
1001506674,"7053577",1001506663,,,,,,,,
1001506849,"7053580",1001506841,,,,,,,,
1001506928,"7053581",1001506918,,,,,,,,
1001507109,"7053583",1001507099,,,,,,,,
1001507145,"7053584",1001507135,,,,,,,,
1001507293,"7053602",1001507283,,,,,,,,
1001507326,"7053603",1001507316,,,,,,,,
1001507375,"7053604",1001507365,,,,,,,,
1001507416,"7053605",1001507406,,,,,,,,
1001507447,"7053606",1001507442,,,,,,,,
1001509189,"7053607",1001509179,,,,,,,,
1001509215,"7053608",1001509209,,,,,,,,
1001509266,"7053610",1001509261,,,,,,,,
1001509328,"7053611",1001509320,,,,,,,,
1001509405,"7053612",1001509396,,,,,,,,
1001509443,"7053613",1001509432,,,,,,,,
1001509712,"7053616",1001509703,,,,,,,,
1001510445,"7053617",1001510436,,,,,,,,
1001488205,"7053696",1001488194,,,,,"5",,,
1001491605,"7053771",1001491594,,,,,,,,
1001491930,"7053773",1001491919,,,,,,,,
1001492090,"7053774",1001492082,,,,,,,,
1001492146,"7053775",1001492136,,,,,,,,
1001492267,"7053778",1001492258,,,,,,,,
1001492318,"7053779",1001492307,,,,,,,,
1001492383,"7053780",1001492373,,,,,,,,
1001492439,"7053781",1001492429,,,,,,,,
1001492667,"7053784",1001492657,,,,,,,,
1001492748,"7053785",1001492738,,,,,,,,
1001492877,"7053786",1001492867,,,,,,,,
1001493188,"7053791",1001493178,,,,,,,,
1001496427,"7053821",1001496416,,,,,,,,
1001496523,"7053823",1001496513,,,,,,,,
1001496593,"7053824",1001496583,,,,,,,,
1001508011,"7053825",1001508003,,,,,,,,
1001508088,"7053826",1001508077,,,,,,,,
1001508129,"7053827",1001508119,,,,,,,,
1001508520,"7053830",1001508515,,,,,,,,
1001508577,"7053831",1001508571,,,,,,,,
1001508587,"7053832",1001508581,,,,,,,,
1001508597,"7053833",1001508591,,,,,,,,
1001508708,"7053835",1001508697,,,,,,,,
1001508793,"7053836",1001508785,,,,,,,,
1001509021,"7053841",1001509011,,,,,,,,
1001509059,"7053842",1001509052,,,,,,,,
1001509100,"7053843",1001509090,,,,,,,,
1001509143,"7053844",1001509134,,,,,,,,
1001509289,"7053845",1001509278,,,,,,,,
1001509870,"7053849",1001509861,,,,,,,,
1001509953,"7053851",1001509943,,,,,,,,
1001510013,"7053852",1001510003,,,,,,,,
1001510134,"7053855",1001510125,,,,,,,,
1001510193,"7053856",1001510183,,,,,,,,
1001510316,"7053859",1001510307,,,,,,,,
1001510358,"7053860",1001510347,,,,,,,,
1001510466,"7053861",1001510453,,,,,,,,
1001510511,"7053862",1001510503,,,,,,,,
1001510596,"7053863",1001510588,,,,,,,,
1001510836,"7053866",1001510824,,,,,,,,
1001510879,"7053867",1001510867,,,,,,,,
1001494903,"7054096",1001494894,,,,,,,,
1001494977,"7054097",1001494970,,,,,"1",,,
1001495044,"7054098",1001495035,,,,,,,,
1001495091,"7054099",1001495083,,,,,"1",,,
1001495133,"7054100",1001495122,,,,,,,,
1001495206,"7054101",1001495196,,,,,,,,
1001495360,"7054105",1001495350,,,,,,,,
1001567050,"7054457",1001567038,,,,,,"m","cm",
1001567545,"7054459",1001567533,,,,,,"m","cm",
1001570122,"7054463",1001570114,,,,,,"m","cm",
1001576374,"7054471",1001576363,,,,,,"m","cm",
1001577404,"7100100",1001577395,,,,,,"m","cm",
1001583651,"7100269",1001583644,,,,,,"m","cm",
1001583663,"7100270",1001583656,,,,,,"m","cm",
1001583675,"7100271",1001583668,,,,,,"m","cm",
1001583725,"7100272",1001583716,,,,,,"m","cm",
1001583737,"7100273",1001583730,,,,,,"m","cm",
1001519541,"7100471",1001519528,,,,,,,,
1001519768,"7100479",1001519762,,,,,,,,
1001507177,"7100524",1001507176,,,2.20,5.20,,"m",,
1001507187,"7100524",1001507186,,,2.00,5.00,,"m",,
1001507197,"7100524",1001507196,,,2.10,5.10,,"m",,
1001507207,"7100524",1001507206,,,2.20,5.20,,"m",,
1001507217,"7100524",1001507216,,,1.70,3.10,,"m",,
1001507224,"7100524",1001507220,1,"010",2.30,5.30,"5","m","cm",3.60
1001508532,"7100533",1001508531,,,2.74,5.79,,"m",,
1001508542,"7100533",1001508541,,,2.74,5.79,,"m",,
1001508552,"7100533",1001508551,,,2.74,5.79,,"m",,
1001508565,"7100533",1001508555,1,"10",2.74,5.79,"5","m","cm",3.81
1001521854,"7100570",1001521844,,,,,,,,
1001521908,"7100571",1001521897,,,,,,,,
1001521989,"7100572",1001521978,,,,,,,,
1001522283,"7100578",1001522272,,,,,,,,
1001522550,"7100581",1001522538,,,,,,,,
1001522629,"7100582",1001522618,,,,,,,,
1001522672,"7100583",1001522660,,,,,,,,
1001523011,"7100590",1001523000,,,,,,,,
1001523052,"7100591",1001523041,,,,,,,,
1001523094,"7100592",1001523083,,,,,,,,
1001523134,"7100593",1001523125,,,,,,,,
1001523194,"7100594",1001523183,,,,,,,,
1001523311,"7100597",1001523304,,,,,,,,
1001523350,"7100598",1001523342,,,,,,,,
1001523391,"7100599",1001523381,,,,,,,,
1001510691,"7100726",1001510690,,,3.00,6.00,,"m",,
1001510701,"7100726",1001510700,,,3.00,4.50,,"m",,
1001510707,"7100726",1001510704,1,"10",,,"5","m","cm",58.00
1001610502,"7100754",1001610501,,,1.30,5.80,,"m",,
1001610511,"7100754",1001610510,,,1.00,5.50,,"m",,
1001610521,"7100754",1001610514,1,"10",,,"5","m","cm",5.80
1001610771,"7100761",1001610770,,,1.50,4.90,,"m",,
1001610780,"7100761",1001610779,,,1.50,5.00,,"m",,
1001610792,"7100761",1001610783,1,"10",,,"5","m","cm",5.80
1001612207,"7100782",1001612198,,,,,,"m","cm",
1001612246,"7100783",1001612237,,,,,,"m","cm",
1002512367,"7100811",1002512366,,,1.70,4.70,,"m",,
1002512376,"7100811",1002512375,,,2.80,5.80,,"m",,
1002512385,"7100811",1002512384,,,3.90,6.90,,"m",,
1002512394,"7100811",1002512393,,,2.50,7.00,,"m",,
1002512403,"7100811",1002512402,,,1.00,7.00,,"m",,
1002512412,"7100811",1002512411,,,2.60,5.60,,"m",,
1002512421,"7100811",1002512420,,,4.00,7.00,,"m",,
1002512430,"7100811",1002512429,,,3.50,6.50,,"m",,
1002512439,"7100811",1002512438,,,0.90,3.90,,"m",,
1002512524,"7100811",1002512523,,,2.40,5.40,,"m",,
1002512533,"7100811",1002512532,,,2.10,5.10,,"m",,
1002512542,"7100811",1002512541,,,1.00,7.00,,"m",,
1002512551,"7100811",1002512550,,,4.80,7.80,,"m",,
1002512560,"7100811",1002512559,,,3.20,6.20,,"m",,
1002512569,"7100811",1002512568,,,4.20,7.20,,"m",,
1002512578,"7100811",1002512577,,,2.90,5.90,,"m",,
1002512587,"7100811",1002512586,,,0.90,2.40,,"m",,
1002512596,"7100811",1002512595,,,1.50,4.50,,"m",,
1002512605,"7100811",1002512604,,,1.70,3.20,,"m",,
1002512637,"7100811",1002512628,1,"010",4.00,7.00,"5","m","cm",5.40
1001619817,"7100855",1001619808,,,,,,"m","cm",
1001531516,"7101022",1001531503,,,,,,,,
1001531729,"7101023",1001531719,,,,,,,,
1001534049,"7101087",1001534038,,,,,,,,
1002522713,"7101159",1002522712,,,3.10,6.10,,"m",,
1002522722,"7101159",1002522721,,,3.10,6.10,,"m",,
1002522731,"7101159",1002522730,,,2.44,5.49,,"m",,
1002522740,"7101159",1002522739,,,3.10,6.10,,"m",,
1002522753,"7101159",1002522743,1,"10",3.10,6.10,"5","m","cm",3.81
1002525243,"7101176",1002525242,,,1.27,4.27,,"m",,
1002525252,"7101176",1002525251,,,1.27,4.27,,"m",,
1002525261,"7101176",1002525260,,,1.27,4.27,,"m",,
1002525270,"7101176",1002525269,,,1.27,4.25,,"m",,
1002525279,"7101176",1002525278,,,1.27,4.27,,"m",,
1002525288,"7101176",1002525282,1,"10",,,"5","m","cm",5.80
1002529236,"7101180",1002529232,1,,,,,"m","cm",58.00
1002529817,"7101184",1002529816,,,3.60,5.00,,"m",,
1002529836,"7101184",1002529820,1,"10",,,"5","m","cm",5.80
1002529862,"7101185",1002529861,,,3.00,6.01,,"m",,
1002529871,"7101185",1002529870,,,3.00,6.01,,"m",,
1002529882,"7101185",1002529874,1,"10",,,"5","m","cm",58.00
1002530221,"7101188",1002530220,,,2.50,5.50,,"m",,
1002530230,"7101188",1002530229,,,2.00,6.10,,"m",,
1002530239,"7101188",1002530238,,,0.80,3.80,,"m",,
1002530248,"7101188",1002530247,,,2.50,5.50,,"m",,
1002530257,"7101188",1002530256,,,3.60,6.70,,"m",,
1002530266,"7101188",1002530265,,,4.30,7.30,,"m",,
1002530275,"7101188",1002530274,,,1.80,4.90,,"m",,
1002530284,"7101188",1002530283,,,1.30,4.30,,"m",,
1002530293,"7101188",1002530292,,,3.00,6.10,,"m",,
1002530305,"7101188",1002530296,1,"10",,,"5","m","cm",58.00
1002531119,"7101189",1002531118,,,1.50,4.57,,"m",,
1002531128,"7101189",1002531127,,,1.50,4.57,,"m",,
1002531137,"7101189",1002531131,1,"10",,,"5","m","cm",5.80
1002534985,"7101198",1002534978,1,"10",,,"5","m","cm",58.00
1001541328,"7101539",1001541316,,,,,"5",,,
1001595458,"7101557",1001595449,1,"10",1.30,2.50,"5","m","cm",5.00
1001595658,"7101567",1001595648,,,,,,"m","cm",
1001541886,"7101590",1001541874,,,,,"5",,,
1001598556,"7101707",1001598549,,,,,,"m","cm",
1001598567,"7101730",1001598560,,,,,,"m","cm",
1001598578,"7101731",1001598571,,,,,,"m","cm",
1001598589,"7101732",1001598582,,,,,,"m","cm",
1002769002,"7101796",1002769001,,,3.50,6.70,,"m",,
1002769011,"7101796",1002769010,,,1.50,3.70,,"m",,
1002769020,"7101796",1002769019,,,3.00,6.10,,"m",,
1002769029,"7101796",1002769028,,,7.50,9.10,,"m",,
1002769038,"7101796",1002769037,,,6.00,7.80,,"m",,
1002769047,"7101796",1002769046,,,1.50,4.40,,"m",,
1002769056,"7101796",1002769055,,,1.50,3.60,,"m",,
1002769065,"7101796",1002769064,,,1.50,4.80,,"m",,
1002769074,"7101796",1002769073,,,1.50,4.50,,"m",,
1002769083,"7101796",1002769082,,,1.50,4.80,,"m",,
1002769183,"7101796",1002769182,,,3.50,6.70,,"m",,
1002769192,"7101796",1002769191,,,2.00,5.40,,"m",,
1002769201,"7101796",1002769200,,,3.00,6.10,,"m",,
1002769210,"7101796",1002769209,,,2.00,5.20,,"m",,
1002769219,"7101796",1002769218,,,4.00,7.30,,"m",,
1002769228,"7101796",1002769227,,,2.50,7.30,,"m",,
1002769237,"7101796",1002769236,,,3.00,6.10,,"m",,
1002769246,"7101796",1002769245,,,1.50,4.50,,"m",,
1002769255,"7101796",1002769254,,,3.00,6.10,,"m",,
1002769264,"7101796",1002769263,,,3.00,6.10,,"m",,
1002769274,"7101796",1002769273,,,3.00,6.10,,"m",,
1002769283,"7101796",1002769282,,,1.50,4.80,,"m",,
1002769296,"7101796",1002769286,1,"10",,,"5","m","cm",3.80
1002644780,"7101850",1002644779,,,3.50,7.60,,"m",,
1002644789,"7101850",1002644788,,,2.00,7.60,,"m",,
1002644798,"7101850",1002644797,,,2.50,7.60,,"m",,
1002644807,"7101850",1002644806,,,2.50,7.60,,"m",,
1002644822,"7101850",1002644814,1,"10",,,"5","m","cm",58.00
1001601443,"7101863",1001601437,,,,,,"m","cm",
1001558804,"7102026",1001558793,,,,,"5",,,
1001558823,"7102027",1001558812,,,,,"5",,,
1001558846,"7102028",1001558834,,,,,"5",,,
1001558873,"7102029",1001558863,,,,,"5",,,
1001558894,"7102030",1001558884,,,,,"5",,,
1001559168,"7102085",1001559157,,,,,"5",,,
1001559183,"7102086",1001559172,,,,,"5",,,
1001559198,"7102087",1001559188,,,,,"5",,,
1001559214,"7102088",1001559203,,,,,"5",,,
1001559228,"7102089",1001559218,,,,,,,,
1001559242,"7102090",1001559232,,,,,"5",,,
1001559258,"7102091",1001559247,,,,,"5",,,
1001559274,"7102092",1001559263,,,,,"5",,,
1001546072,"7102118",1001546062,,,,,,,,
1001546113,"7102119",1001546103,,,,,,,,
1001546176,"7102121",1001546165,,,,,,,,
1001546212,"7102122",1001546201,,,,,,,,
1001546245,"7102123",1001546234,,,,,,,,
1001546347,"7102126",1001546336,,,,,,,,
1001546386,"7102127",1001546375,,,,,,,,
1001546420,"7102128",1001546415,,,,,,,,
1001546434,"7102129",1001546424,,,,,,,,
1001546473,"7102130",1001546463,,,,,,,,
1001546510,"7102131",1001546500,,,,,,,,
1001546551,"7102132",1001546541,,,,,,,,
1001546588,"7102133",1001546578,,,,,,,,
1001546629,"7102134",1001546619,,,,,,,,
1001546664,"7102135",1001546654,,,,,,,,
1001546705,"7102136",1001546695,,,,,,,,
1001606577,"7102141",1001606563,,,,,,"m","cm",
1001546821,"7102142",1001546811,,,,,,,,
1001546863,"7102143",1001546852,,,,,,,,
1001546904,"7102144",1001546894,,,,,,,,
1001546940,"7102145",1001546931,,,,,,,,
1001546972,"7102146",1001546963,,,,,,,,
1001550504,"7102355",1001550492,,,,,,,,
1001617873,"7102408",1001617865,,,,,,"m","cm",
1001550932,"7102451",1001550922,,,,,,,,
1001556381,"7102732",1001556374,,,,,,,,
1001556392,"7102733",1001556385,,,,,,,,
1001560453,"7102869",1001560442,,,,,"5",,,
1001560481,"7102870",1001560470,,,,,"5",,,
1001560497,"7102871",1001560486,,,,,"5",,,
1001560513,"7102872",1001560502,,,,,"5",,,
1001560529,"7102873",1001560518,,,,,"5",,,
1001560545,"7102874",1001560534,,,,,"5",,,
1001560561,"7102875",1001560549,,,,,"5",,,
1001560576,"7102876",1001560565,,,,,"5",,,
1001560591,"7102877",1001560580,,,,,"5",,,
1001560607,"7102878",1001560595,,,,,"5",,,
1001560623,"7102879",1001560611,,,,,"5",,,
1001560639,"7102880",1001560627,,,,,"5",,,
1001641988,"7102893",1001641982,,,,,,"m","cm",
1001641998,"7102894",1001641992,,,,,,"m","cm",
1001642008,"7102895",1001642002,,,,,,"m","cm",
1001642900,"7102909",1001642889,,,,,,"m","cm",
1001643122,"7102912",1001643111,,,,,,"m","cm",
1001561974,"7103019",1001561965,,,,,"5",,,
1001562401,"7103047",1001562391,,,,,"5",,,
1001662502,"7103311",1001662492,,,,,,"m","cm",
1001566089,"7103318",1001566083,,,,,,,,
1001662961,"7103319",1001662950,,,,,,"m","cm",
1001566132,"7103321",1001566122,,,,,,,,
1002669748,"7103347",1002669747,,,6.10,7.60,,"m",,
1002669757,"7103347",1002669756,,,3.00,4.50,,"m",,
1002669764,"7103347",1002669760,1,"10",,,"5","m","cm",5.80
1001566298,"7103351",1001566284,,,,,,,,
1001566438,"7103354",1001566427,,,,,,,,
1001566479,"7103355",1001566469,,,,,,,,
1001566532,"7103356",1001566523,,,,,,,,
1001566569,"7103357",1001566562,,,,,"1",,,
1001663076,"7103358",1001663066,1,"10",14.50,15.80,"1","m","cm",14.00
1001663118,"7103359",1001663107,1,"12",7.90,9.10,"1","m","cm",14.00
1001663163,"7103360",1001663149,,,,,,"m","cm",
1001663204,"7103361",1001663194,,,,,,"m","cm",
1001568520,"7103500",1001568514,,,,,,,,
1002674774,"7103640",1002674773,,,3.00,9.70,,"m",,
1002674783,"7103640",1002674782,,,3.50,10.50,,"m",,
1002674792,"7103640",1002674791,,,3.50,10.30,,"m",,
1002674808,"7103640",1002674795,1,"10",,,"5","m","cm",5.80
1002674922,"7103641",1002674921,,,1.80,6.40,,"m",,
1002674931,"7103641",1002674930,,,,7.10,,"m",,
1002674946,"7103641",1002674938,1,"10",,,"5","m","cm",5.80
1001571354,"7103669",1001571344,,,,,,,,
1001571390,"7103670",1001571380,,,,,,,,
1002675411,"7103721",1002675410,,,1.50,4.40,,"m",,
1002675420,"7103721",1002675419,,,1.50,4.58,,"m",,
1002675429,"7103721",1002675428,,,1.50,4.55,,"m",,
1002675438,"7103721",1002675437,,,1.50,4.62,,"m",,
1002675447,"7103721",1002675446,,,1.50,4.62,,"m",,
1002675456,"7103721",1002675455,,,1.50,4.58,,"m",,
1002675466,"7103721",1002675459,1,"10",1.50,4.55,"5","m","cm",6.00
1001648274,"7104078",1001648267,,,,,"5",,,
1001650661,"7104145",1001650651,,,,,,,,
1001651142,"7104161",1001651130,,,,,,,,
1001651227,"7104162",1001651215,,,,,,,,
1001651549,"7104163",1001651538,,,,,,,,
1001651676,"7104166",1001651665,,,,,,,,
1001651758,"7104168",1001651748,,,,,,,,
1001651799,"7104169",1001651789,,,,,,,,
1001651842,"7104170",1001651830,,,,,,,,
1001651884,"7104171",1001651873,,,,,,,,
1001651966,"7104173",1001651956,,,,,,,,
1001652006,"7104174",1001651997,,,,,,,,
1001652045,"7104175",1001652037,,,,,,,,
1001652087,"7104176",1001652076,,,,,,,,
1001652128,"7104177",1001652118,,,,,,,,
1001652170,"7104178",1001652159,,,,,,,,
1001652211,"7104179",1001652201,,,,,,,,
1001652335,"7104181",1001652324,,,,,,,,
1001652377,"7104182",1001652366,,,,,,,,
1001652466,"7104183",1001652456,,,,,,,,
1001652710,"7104185",1001652700,,,,,,,,
1001652889,"7104186",1001652879,,,,,,,,
1001653238,"7104187",1001653230,,,,,,,,
1001653408,"7104189",1001653397,,,,,,,,
1001653450,"7104200",1001653439,,,,,,,,
1001653653,"7104220",1001653642,,,,,,,,
1001653860,"7104222",1001653847,,,,,,,,
1001653944,"7104223",1001653935,,,,,,,,
1001655260,"7104225",1001655250,,,,,,,,
1001655314,"7104226",1001655306,,,,,,,,
1001655711,"7104231",1001655705,,,,,,,,
1001655726,"7104232",1001655722,,,,,,,,
1001655802,"7104233",1001655792,,,,,,,,
1001655858,"7104234",1001655849,,,,,"5",,,
1001656064,"7104238",1001656059,,,,,,,,
1001656085,"7104239",1001656080,,,,,,,,
1001625523,"7104245",1001625511,,,,,,"m","cm",
1001705383,"7104279",1001705370,1,"10",1.50,9.14,"5","m","cm",6.03
1001705402,"7104280",1001705389,1,"10",1.50,9.14,"5","m","cm",6.03
1001705419,"7104281",1001705408,1,"10",0.91,4.57,"5","m","cm",6.03
1002659134,"7104538",1002659133,,,1.50,3.00,,"m",,
1002659143,"7104538",1002659142,,,0.50,2.60,,"m",,
1002659152,"7104538",1002659151,,,1.00,3.30,,"m",,
1002659163,"7104538",1002659155,1,"10",,,"5","m","cm",5.80
1002663342,"7104557",1002663341,,,3.10,3.66,,"m",,
1002663351,"7104557",1002663350,,,2.44,3.66,,"m",,
1002663360,"7104557",1002663359,,,2.44,3.66,,"m",,
1002663369,"7104557",1002663368,,,2.44,3.66,,"m",,
1002663382,"7104557",1002663372,1,"10",2.13,3.66,"5","m","cm",3.67
1002663707,"7104561",1002663706,,,1.83,3.66,,"m",,
1002663715,"7104561",1002663714,,,2.44,3.66,,"m",,
1002663723,"7104561",1002663722,,,2.44,3.66,,"m",,
1002663735,"7104561",1002663726,1,"10",1.50,3.66,"5","m","cm",3.67
1002666850,"7104604",1002666845,1,"10",,,"5","m","cm",3.80
1002679362,"7104682",1002679361,,,0.60,9.50,,"m",,
1002679371,"7104682",1002679370,,,1.85,6.40,,"m",,
1002679380,"7104682",1002679379,,,0.65,5.80,,"m",,
1002679389,"7104682",1002679383,1,"10",0.60,9.50,"5","m","cm",4.10
1001631256,"7104808",1001631248,,,,,,,,
1002681624,"7104825",1002681623,,,1.50,4.60,,"m",,
1002681633,"7104825",1002681632,,,1.50,4.60,,"m",,
1002681647,"7104825",1002681636,1,"10",,,"5","m","cm",5.80
1001630300,"7104971",1001630290,,,,,,"m","cm",
1001630513,"7104972",1001630503,,,,,,"m","cm",
1001630610,"7104976",1001630600,,,,,,"m","cm",
1001661073,"7105022",1001661063,,,,,,,,
1001661131,"7105023",1001661118,,,,,,,,
1001666162,"7105190",1001666153,,,,,"5",,,
1001724508,"7105320",1001724498,,,,,"5",,,
1001677887,"7105321",1001677883,,,,,"5",,,
1001717114,"7105464",1001717106,,,,,,,,
1001717186,"7105466",1001717177,,,,,,,,
1001717583,"7105488",1001717574,,,,,,,,
1001794174,"7105489",1001794165,,,,,,,,
1001794247,"7105490",1001794236,,,,,,,,
1001794497,"7105492",1001794488,,,,,,,,
1001794791,"7105494",1001794782,,,,,,,,
1001717646,"7105496",1001717634,,,,,,,,
1001717791,"7105499",1001717777,,,,,,,,
1001717849,"7105500",1001717839,,,,,,,,
1001717896,"7105501",1001717886,,,,,,,,
1001794913,"7105502",1001794907,,,,,,,,
1002690738,"7105527",1002690737,,,4.57,7.62,,"m",,
1002690747,"7105527",1002690746,,,4.27,7.32,,"m",,
1002690756,"7105527",1002690755,,,3.10,6.10,,"m",,
1002690769,"7105527",1002690759,1,"10",4.57,7.62,"5","m","cm",4.82
1002691536,"7105532",1002691535,,,1.50,6.10,,"m",,
1002691545,"7105532",1002691544,,,1.50,6.10,,"m",,
1002691554,"7105532",1002691553,,,1.50,6.10,,"m",,
1002691563,"7105532",1002691562,,,1.50,6.10,,"m",,
1002691575,"7105532",1002691566,1,"10",1.50,6.10,"5","m","cm",6.03
1001726947,"7105701",1001726943,,,,,,,,
1001678289,"7105830",1001678279,,,,,,,,
1001678411,"7105831",1001678406,,,,,,,,
1001678482,"7105832",1001678472,,,,,,,,
1001678602,"7105833",1001678593,,,,,,,,
1001678682,"7105834",1001678673,,,,,,,,
1001678729,"7105835",1001678718,,,,,,,,
1001678894,"7105836",1001678884,,,,,,,,
1001681116,"7105837",1001681108,,,,,,,,
1001681154,"7105838",1001681145,,,,,,,,
1001682569,"7105839",1001682559,,,,,,,,
1001682610,"7105840",1001682600,,,,,,,,
1001682689,"7105841",1001682679,,,,,,,,
1001682726,"7105842",1001682716,,,,,,,,
1001682810,"7105843",1001682801,,,,,,,,
1001682842,"7105844",1001682831,,,,,,,,
1001683050,"7105846",1001683041,,,,,,,,
1001683085,"7105847",1001683076,,,,,,,,
1001683125,"7105848",1001683114,,,,,,,,
1001683188,"7105849",1001683178,,,,,,,,
1001683236,"7105850",1001683226,,,,,,,,
1001684184,"7105851",1001684175,,,,,,,,
1001684929,"7105852",1001684919,,,,,,,,
1001687485,"7105853",1001687476,,,,,,,,
1001687513,"7105854",1001687504,,,,,,,,
1001687569,"7105855",1001687560,,,,,,,,
1001687629,"7105856",1001687616,,,,,,,,
1001687685,"7105857",1001687676,,,,,,,,
1001687754,"7105858",1001687745,,,,,"1",,,
1001687790,"7105859",1001687781,,,,,,,,
1001687859,"7105860",1001687854,,,,,,,,
1001687867,"7105861",1001687863,,,,,,,,
1001687880,"7105862",1001687871,,,,,"1",,,
1001700722,"7105870",1001700714,,,,,,,,
1001700824,"7105874",1001700816,,,,,,,,
1001701407,"7105876",1001701402,,,,,,,,
1001701448,"7105877",1001701438,,,,,,,,
1002698662,"7106080",1002698661,,,1.50,4.50,,"m",,
1002698671,"7106080",1002698670,,,1.50,4.50,,"m",,
1002698680,"7106080",1002698674,1,"10",,,"5","m","cm",5.80
1001736113,"7106101",1001736102,,,,,,,,
1001670642,"7106123",1001670634,,,,,,,,
1001670703,"7106125",1001670694,,,,,"5",,,
1001670723,"7106126",1001670714,,,,,"5",,,
1001670802,"7106128",1001670793,,,,,,,,
1001670972,"7106131",1001670963,,,,,,,,
1002700145,"7106228",1002700144,,,33.53,36.58,,"m",,
1002700154,"7106228",1002700153,,,24.38,27.43,,"m",,
1002700163,"7106228",1002700162,,,12.01,15.06,,"m",,
1002700172,"7106228",1002700171,,,3.96,7.01,,"m",,
1002700181,"7106228",1002700180,,,2.29,3.51,,"m",,
1002700190,"7106228",1002700189,,,12.67,15.76,,"m",,
1002700199,"7106228",1002700198,,,4.88,6.40,,"m",,
1002700208,"7106228",1002700207,,,12.80,15.85,,"m",,
1002700213,"7106228",1002700211,1,,,,"5","m","cm",
1001672869,"7106232",1001672859,,,,,,,,
1001673249,"7106236",1001673242,,,,,,,,
1001673310,"7106237",1001673298,,,,,,"ft","inch",
1001673366,"7106238",1001673359,,,,,,,,
1001673379,"7106239",1001673370,,,,,,,,
1001673437,"7106240",1001673429,,,,,,,,
1001674700,"7106249",1001674690,,,,,,,,
1001646274,"7106311",1001646263,,,,,,"ft","inch",
1002702140,"7106336",1002702132,1,,2.30,4.00,"5","m","cm",
1001678643,"7106372",1001678633,,,,,,,,
1001679746,"7106397",1001679734,,,,,,,,
1001679801,"7106398",1001679795,,,,,,,,
1001679858,"7106399",1001679848,,,,,,,,
1001679899,"7106400",1001679891,,,,,,,,
1001680000,"7106402",1001679990,,,,,,,,
1001680084,"7106403",1001680076,,,,,,,,
1002702560,"7106416",1002702559,,,4.60,9.10,,"m",,
1002702569,"7106416",1002702568,,,4.60,9.10,,"m",,
1002702582,"7106416",1002702576,1,"10",,,"5","m","cm",5.80
1002704928,"7106457",1002704927,,,45.00,50.00,,"ft",,
1002704937,"7106457",1002704936,,,5.00,15.00,,"ft",,
1002704946,"7106457",1002704945,,,6.00,16.00,,"ft",,
1002704955,"7106457",1002704954,,,6.00,16.00,,"ft",,
1002704964,"7106457",1002704963,,,4.00,14.00,,"ft",,
1002704973,"7106457",1002704972,,,62.00,67.00,,"ft",,
1002704988,"7106457",1002704976,1,".01",65.00,80.00,"5","ft","inch",2.00
1001682528,"7106525",1001682513,,,,,,,,
1001687367,"7106801",1001687359,,,,,,,,
1001687714,"7106813",1001687704,,,,,,,,
1001689878,"7106932",1001689868,,,,,,,,
1001689913,"7106933",1001689903,,,,,,,,
1001689947,"7106934",1001689938,,,,,,,,
1001690029,"7106935",1001690020,,,,,,,,
1001690688,"7106975",1001690678,,,,,,,,
1001690717,"7106976",1001690707,,,,,,,,
1001693297,"7107135",1001693290,,,,,,,,
1001693307,"7107136",1001693301,,,,,"3",,,
1001693319,"7107137",1001693312,,,,,,,,
1001693332,"7107138",1001693325,,,,,,,,
1001706296,"7107300",1001706286,,,,,,,,
1001706440,"7107302",1001706431,,,,,,,,
1001706553,"7107304",1001706542,,,,,,,,
1001764368,"7107465",1001764360,1,"10",0.61,5.49,"5","m","cm",6.28
1001764381,"7107466",1001764373,1,"10",0.91,5.49,"5","m","cm",6.28
1001764601,"7107467",1001764593,1,"10",0.91,5.49,"5","m","cm",6.28
1001764614,"7107468",1001764606,1,"10",0.91,5.49,"5","m","cm",6.28
1001764626,"7107469",1001764619,1,"10",1.52,5.49,"5","m","cm",11.40
1001764696,"7107470",1001764680,1,"10",0.91,5.49,"5","m","cm",11.40
1001764716,"7107471",1001764708,1,"10",0.91,5.49,"5","m","cm",11.40
1001764742,"7107472",1001764734,1,"10",0.91,5.49,"5","m","cm",6.28
1002667372,"7107563",1002667363,1,"10",0.40,5.10,"5","m","cm",4.10
1001691029,"7107608",1001691019,,,,,,,,
1001691451,"7107610",1001691439,,,,,,,,
1001691465,"7107611",1001691456,,,,,,,,
1001691509,"7107612",1001691496,,,,,,,,
1001691552,"7107613",1001691540,,,,,,,,
1001691596,"7107614",1001691583,,,,,,,,
1001691696,"7107619",1001691686,,,,,"5",,,
1001661272,"7107670",1001661264,,,,,,"m","cm",
1001663694,"7107724",1001663685,,,,,,"m","cm",
1001663735,"7107725",1001663725,,,,,,"m","cm",
1001664059,"7107733",1001664053,,,,,,"m","cm",
1002670549,"7107874",1002670548,,,1.22,4.27,,"m",,
1002670558,"7107874",1002670557,,,1.22,4.27,,"m",,
1002670567,"7107874",1002670566,,,1.83,4.88,,"m",,
1002670576,"7107874",1002670575,,,1.83,4.88,,"m",,
1002670585,"7107874",1002670584,,,1.83,4.88,,"m",,
1002670598,"7107874",1002670588,1,"10",1.83,4.88,"5","m","cm",4.82
1002670659,"7107875",1002670658,,,5.79,7.32,,"m",,
1002670668,"7107875",1002670667,,,5.79,7.32,,"m",,
1002670677,"7107875",1002670676,,,4.57,6.10,,"m",,
1002670686,"7107875",1002670685,,,4.57,6.10,,"m",,
1002670695,"7107875",1002670694,,,3.35,4.88,,"m",,
1002670704,"7107875",1002670703,,,3.35,4.88,,"m",,
1002670716,"7107875",1002670707,1,"10",5.79,7.32,"5","m","cm",6.03
1001776208,"7107883",1001776197,1,"010",23.00,28.00,"5","ft","inch",1.25
1001778245,"7107957",1001778234,1,"10",24.00,29.00,"5","ft","inch",1.25
1001778800,"7107972",1001778791,1,"10",3.33,4.88,"5","m","cm",4.21
1001666044,"7108002",1001666019,,,,,,"m","cm",
1001666107,"7108004",1001666100,,,,,,"m","cm",
1001666131,"7108005",1001666125,,,,,,"m","cm",
1001666295,"7108007",1001666282,,,,,,"m","cm",
1001666516,"7108009",1001666502,,,,,,"m","cm",
1001679817,"7108088",1001679806,,,,,,,,
1001679916,"7108089",1001679905,,,,,,,,
1001680045,"7108090",1001680031,,,,,,,,
1001680124,"7108091",1001680115,,,,,,,,
1001680241,"7108092",1001680228,,,,,,,,
1001669526,"7108093",1001669514,,,,,,"m","cm",
1001669564,"7108094",1001669558,,,,,,"m","cm",
1001669585,"7108095",1001669571,1,,,,,"m","cm",
1001779644,"7108131",1001779632,,,,,,,,
1001779771,"7108133",1001779760,,,,,,,,
1001779821,"7108134",1001779812,,,,,,,,
1001779986,"7108136",1001779974,,,,,,,,
1001780045,"7108137",1001780034,,,,,,,,
1001780164,"7108138",1001780154,,,,,,,,
1001780216,"7108139",1001780206,,,,,,,,
1001780269,"7108140",1001780259,,,,,,,,
1001780553,"7108143",1001780544,,,,,,,,
1001780574,"7108144",1001780568,,,,,,,,
1001780587,"7108145",1001780578,,,,,,,,
1001780734,"7108149",1001780724,,,,,,,,
1001780817,"7108150",1001780806,,,,,,,,
1001695833,"7108152",1001695823,,,,,,,,
1001780956,"7108153",1001780945,,,,,,,,
1001780998,"7108154",1001780987,,,,,,,,
1001695938,"7108170",1001695928,,,,,"3",,,
1001782258,"7108185",1001782248,,,,,,,,
1001782299,"7108186",1001782289,,,,,,,,
1001782341,"7108187",1001782330,1,,,,,,,
1001782394,"7108188",1001782384,,,,,,,,
1001783740,"7108207",1001783732,,,,,,"m","cm",
1001783872,"7108209",1001783864,,,,,,,,
1001783955,"7108210",1001783946,,,,,,,,
1001784583,"7108213",1001784574,,,,,,,,
1001685011,"7108358",1001685000,,,,,,,,
1001677569,"7108362",1001677557,,,,,,"m","cm",
1001677685,"7108363",1001677673,,,,,,"m","cm",
1001677767,"7108364",1001677753,,,,,,"m","cm",
1001677812,"7108365",1001677798,,,,,,"m","cm",
1001744956,"7108782",1001744940,,,,,,,,
1001726639,"7108783",1001726628,,,,,,,,
1001726681,"7108784",1001726670,,,,,,,,
1001744979,"7108785",1001744970,,,,,,,,
1001745047,"7108786",1001745035,,,,,,,,
1001719603,"7108845",1001719594,1,".10",3.00,13.00,"5","ft","inch",2.25
1001720262,"7108897",1001720255,,,,,,"m","cm",
1001720276,"7108898",1001720267,,,,,,"m","cm",
1001727555,"7108902",1001727546,,,,,,,,
1001760715,"7109061",1001760705,1,"10",4.27,8.84,"5","m","cm",4.82
1001760731,"7109062",1001760721,1,"10",5.79,8.84,"5","m","cm",4.82
1001736911,"7109196",1001736901,,,,,"5",,,
1001738331,"7109243",1001738323,,,,,,,,
1001738939,"7109261",1001738929,,,,,,,,
1001739141,"7109264",1001739130,,,,,,,,
1001739284,"7109266",1001739274,,,,,,,,
1002683700,"7109370",1002683699,,,5.00,7.00,,"m",,
1002683709,"7109370",1002683708,,,4.50,7.50,,"m",,
1002683718,"7109370",1002683717,,,4.50,8.00,,"m",,
1002683727,"7109370",1002683726,,,6.50,9.40,,"m",,
1002683736,"7109370",1002683735,,,5.30,9.10,,"m",,
1002683745,"7109370",1002683744,,,5.70,8.70,,"m",,
1002683754,"7109370",1002683753,,,5.10,8.10,,"m",,
1002683763,"7109370",1002683762,,,4.60,7.60,,"m",,
1002683772,"7109370",1002683771,,,6.10,9.10,,"m",,
1002683782,"7109370",1002683775,1,"10",,,"5","m","cm",5.80
1002683793,"7109371",1002683792,,,1.50,4.32,,"m",,
1002683802,"7109371",1002683801,,,1.50,4.51,,"m",,
1002683811,"7109371",1002683810,,,1.50,4.51,,"m",,
1002683820,"7109371",1002683819,,,1.50,4.53,,"m",,
1002683829,"7109371",1002683828,,,1.50,4.55,,"m",,
1002683838,"7109371",1002683837,,,1.50,4.49,,"m",,
1002683847,"7109371",1002683846,,,1.50,4.52,,"m",,
1002683856,"7109371",1002683850,1,"10",,,"5","m","cm",5.80
1002683867,"7109372",1002683866,,,1.30,4.30,,"m",,
1002683876,"7109372",1002683875,,,1.30,4.30,,"m",,
1002683885,"7109372",1002683884,,,1.30,4.30,,"m",,
1002683894,"7109372",1002683888,1,"10",,,"5","m","cm",5.80
1002684221,"7109377",1002684220,,,,5.08,,"m",,
1002684230,"7109377",1002684229,,,,4.88,,"m",,
1002684239,"7109377",1002684238,,,,10.51,,"m",,
1002684248,"7109377",1002684247,,,,10.52,,"m",,
1002684257,"7109377",1002684256,,,,8.23,,"m",,
1002684266,"7109377",1002684265,,,,17.94,,"m",,
1002684275,"7109377",1002684274,,,,15.10,,"m",,
1002684284,"7109377",1002684283,,,,8.08,,"m",,
1002684408,"7109378",1002684407,,,2.70,7.50,,"m",,
1002684424,"7109378",1002684411,1,"10",,,"5","m","cm",5.80
1002684548,"7109511",1002684547,,,1.50,4.50,,"m",,
1002684556,"7109511",1002684551,1,"10",,,"5","m","cm",5.80
1002684645,"7109512",1002684644,,,7.00,9.60,,"m",,
1002684654,"7109512",1002684653,,,5.40,8.40,,"m",,
1002684666,"7109512",1002684657,1,"10",,,"5","m","cm",5.80
1002684681,"7109513",1002684680,,,6.50,9.46,,"m",,
1002684690,"7109513",1002684689,,,3.50,5.03,,"m",,
1002684703,"7109513",1002684693,1,"10",,,"5","m","cm",
1001779808,"7109642",1001779802,,,,,,,,
1001779865,"7109643",1001779853,,,,,,,,
1001780775,"7109660",1001780765,,,,,,"m","cm",
1002687900,"7109713",1002687892,1,"10",3.00,6.00,"5","m","cm",4.10
1001748622,"7109752",1001748611,,,,,,,,
1001748685,"7109753",1001748674,,,,,,,,
1001748736,"7109754",1001748725,,,,,,,,
1001748900,"7109757",1001748890,,,,,,,,
1001749008,"7109758",1001748997,,,,,,,,
1001749138,"7109760",1001749126,,,,,,,,
1001749390,"7109763",1001749379,,,,,,,,
1001749430,"7109764",1001749421,,,,,,,,
1001749470,"7109765",1001749461,,,,,,,,
1001749512,"7109766",1001749501,,,,,,,,
1001749584,"7109768",1001749575,,,,,,,,
1001749646,"7109769",1001749636,,,,,,,,
1001750406,"7109786",1001750400,,,,,,,,
1001750416,"7109787",1001750410,,,,,,,,
1001750429,"7109788",1001750420,,,,,,,,
1001750456,"7109789",1001750450,,,,,,,,
1001750467,"7109790",1001750460,,,,,,,,
1001750624,"7109794",1001750612,,,,,,,,
1001750801,"7109797",1001750789,1,,,,,,,
1001750962,"7109801",1001750952,,,,,,,,
1001751264,"7109804",1001751254,,,,,,,,
1001751323,"7109805",1001751313,,,,,,,,
1001751384,"7109806",1001751374,,,,,,,,
1001751529,"7109808",1001751520,,,,,,,,
1001751653,"7109809",1001751644,,,,,,,,
1001751794,"7109812",1001751785,,,,,,,,
1001752022,"7109816",1001752012,,,,,,,,
1001752097,"7109817",1001752086,,,,,,,,
1001784904,"7109821",1001784893,,,,,,,,
1001784991,"7109822",1001784978,,,,,,,,
1001785078,"7109823",1001785067,,,,,,,,
1001785210,"7109825",1001785198,,,,,,,,
1001785291,"7109826",1001785281,,,,,,,,
1001785342,"7109827",1001785331,,,,,,,,
1001785459,"7109829",1001785447,,,,,,,,
1001785522,"7109830",1001785512,,,,,,,,
1001741182,"7109974",1001741172,,,,,,,,
1001741263,"7109976",1001741255,,,,,,,,
1001742077,"7109977",1001742065,,,,,,,,
1001742172,"7109979",1001742162,,,,,,,,
1002689197,"7110230",1002689196,,,1.50,4.00,,"m",,
1002689206,"7110230",1002689200,1,"10",,,"5","m","cm",5.80
1001755999,"7110316",1001755990,,,,,,,,
1001759625,"7110380",1001759613,,,,,"5",,,
1001759644,"7110382",1001759639,,,,,,,,
1001759653,"7110383",1001759648,,,,,,,,
1001759662,"7110384",1001759657,,,,,,,,
1001768349,"7110589",1001768338,,,,,,,,
1001870293,"7110590",1001870284,1,"8",13.11,14.34,"1","m","cm",13.97
1001870377,"7110592",1001870367,,,,,,"m","cm",
1001870418,"7110593",1001870408,,,,,,"m","cm",
1001870458,"7110594",1001870449,1,"8",8.23,9.46,"1","m","cm",13.97
1001870498,"7110595",1001870489,,,,,,"m","cm",
1001871114,"7110596",1001871106,,,,,,"m","cm",
1001872043,"7110617",1001872035,,,,,,"m","cm",
1001872123,"7110618",1001872112,,,,,,"m","cm",
1001768892,"7110635",1001768884,,,,,,,,
1001769051,"7110639",1001769044,,,,,,,,
1001872261,"7110645",1001872252,1,"10",1.22,5.79,"5","m","cm",4.82
1001872347,"7110647",1001872337,1,"10",2.13,5.18,"5","m","cm",4.82
1001872422,"7110656",1001872411,1,"10",3.10,6.10,"5","m","cm",4.82
1001769213,"7110657",1001769202,,,,,"5",,,
1002693872,"7110658",1002693871,,,2.74,5.79,,"m",,
1002693881,"7110658",1002693880,,,1.22,2.44,,"m",,
1002693890,"7110658",1002693889,,,3.35,6.40,,"m",,
1002693899,"7110658",1002693898,,,1.50,3.10,,"m",,
1002693908,"7110658",1002693907,,,2.44,5.49,,"m",,
1002693917,"7110658",1002693916,,,3.66,6.71,,"m",,
1002693926,"7110658",1002693925,,,1.83,3.35,,"m",,
1002693935,"7110658",1002693934,,,3.66,6.71,,"m",,
1002693944,"7110658",1002693943,,,3.66,6.71,,"m",,
1002693957,"7110658",1002693947,1,"10",3.66,6.71,"5","m","cm",4.82
1001872435,"7110659",1001872428,1,,,,"5","ft","inch",6.03
1001872448,"7110660",1001872441,1,,,,"5","m","cm",6.03
1001769315,"7110773",1001769306,,,,,"5",,,
1001857835,"7110774",1001857826,1,".10",5.00,15.00,"5","ft","inch",4.50
1001857997,"7110787",1001857987,,,,,,"m","cm",
1001858077,"7110788",1001858067,,,,,,"m","cm",
1001858151,"7110789",1001858141,,,,,,"m","cm",
1001858255,"7110790",1001858243,,,,,,"m","cm",
1001858298,"7110791",1001858286,,,,,,"m","cm",
1001858341,"7110792",1001858329,,,,,,"m","cm",
1001858454,"7110795",1001858442,,,,,,"m","cm",
1001858496,"7110796",1001858485,,,,,,"m","cm",
1001858537,"7110797",1001858527,,,,,,"m","cm",
1001858578,"7110798",1001858568,,,,,,"m","cm",
1001858958,"7110801",1001858947,,,,,,"m","cm",
1001858999,"7110802",1001858989,,,,,,"m","cm",
1001859062,"7110803",1001859051,,,,,,"m","cm",
1001859555,"7110808",1001859544,,,,,,"m","cm",
1001859689,"7110811",1001859679,,,,,,"m","cm",
1001859895,"7110814",1001859883,,,,,,"m","cm",
1001860022,"7110817",1001860011,,,,,,"m","cm",
1001860065,"7110818",1001860053,,,,,,"m","cm",
1001860107,"7110819",1001860096,,,,,,"m","cm",
1001860149,"7110820",1001860138,,,,,,"m","cm",
1001860188,"7110821",1001860180,,,,,,"m","cm",
1001808027,"7110904",1001808017,,,,,,,,
1001808162,"7110906",1001808150,,,,,,,,
1001784389,"7110908",1001784379,,,,,,,,
1001810166,"7110958",1001810158,,,,,,,,
1001814848,"7111020",1001814840,,,,,,,,
1001865068,"7111220",1001865060,1,"10",0.61,2.13,"5","m","cm",6.03
1002668297,"7111330",1002668296,,,3.10,6.10,,"m",,
1002668306,"7111330",1002668305,,,3.10,6.10,,"m",,
1002668315,"7111330",1002668314,,,2.44,5.49,,"m",,
1002668324,"7111330",1002668323,,,2.44,5.49,,"m",,
1002668333,"7111330",1002668332,,,0.91,2.44,,"m",,
1002668346,"7111330",1002668336,1,"10",,,"5","m","cm",4.82
1002668520,"7111331",1002668519,,,5.49,8.53,,"m",,
1002668529,"7111331",1002668528,,,5.79,8.84,,"m",,
1002668538,"7111331",1002668537,,,5.49,8.53,,"m",,
1002668551,"7111331",1002668541,1,"10",,,"5","m","cm",4.21
1001867737,"7111332",1001867731,,,,,,"m","cm",
1001801818,"7111359",1001801810,,,,,,,,
1001801886,"7111361",1001801875,,,,,,,,
1001801921,"7111362",1001801911,,,,,,,,
1001802832,"7111538",1001802822,,,,,,,,
1001802882,"7111540",1001802872,,,,,,,,
1001802923,"7111541",1001802913,,,,,,,,
1001804252,"7111545",1001804243,,,,,,,,
1001804479,"7111549",1001804468,,,,,,"ft","inch",
1001804559,"7111550",1001804550,,,,,,"ft","inch",
1001821823,"7111585",1001821813,1,".10",7.00,17.00,"5","ft","inch",2.25
1001806857,"7111635",1001806847,,,,,"1",,,
1001823413,"7111660",1001823406,,,,,,,,
1001807199,"7111713",1001807191,,,,,,,,
1001807252,"7111714",1001807244,,,,,,,,
1001826411,"7111804",1001826400,,,,,,,,
1001826909,"7111814",1001826901,,,,,,,,
1001826924,"7111815",1001826913,,,,,,,,
1001836286,"7111818",1001836276,,,,,,,,
1001836327,"7111819",1001836316,,,,,,,,
1001836947,"7111827",1001836939,,,,,,,,
1001836957,"7111828",1001836951,,,,,,,,
1001839920,"7111904",1001839913,,,,,,,,
1001840011,"7111908",1001840004,,,,,,,,
1001814422,"7111914",1001814413,,,,,,"m","cm",
1001814460,"7111915",1001814453,,,,,,"m","cm",
1001814472,"7111916",1001814465,,,,,,"m","cm",
1001814482,"7111917",1001814476,,,,,,"m","cm",
1001814493,"7111918",1001814486,,,,,,"m","cm",
1001840023,"7111920",1001840016,,,,,,,,
1001840034,"7111921",1001840027,,,,,,,,
1001840047,"7111922",1001840040,,,,,,,,
1001840110,"7111924",1001840103,,,,,,,,
1001840132,"7111926",1001840125,,,,,,,,
1001840143,"7111927",1001840136,,,,,,,,
1001840154,"7111928",1001840147,,,,,,,,
1001840165,"7111929",1001840158,,,,,,,,
1001840176,"7111930",1001840169,,,,,,,,
1001840187,"7111931",1001840180,,,,,,,,
1001809841,"7111947",1001809831,,,,,,,,
1001809885,"7111948",1001809872,,,,,,,,
1001812474,"7111979",1001812470,,,,,,,,
1001812482,"7111980",1001812478,,,,,,,,
1001812490,"7111981",1001812486,,,,,,,,
1001812593,"7111982",1001812584,,,,,"5",,,
1001812603,"7111988",1001812598,,,,,,,,
1001951960,"7112157",1001951950,1,"10",3.10,6.10,"5","m","cm",4.82
1001951977,"7112158",1001951966,1,"10",3.10,6.10,"5","m","cm",4.82
1001955924,"7112204",1001955918,1,"10",0.91,4.57,"5","m","cm",3.45
1001955942,"7112205",1001955933,1,"10",0.91,5.49,"5","m","cm",3.45
1001959960,"7112287",1001959950,1,"100",22.00,32.00,"5","ft","inch",2.25
1001820862,"7112288",1001820852,,,,,"5",,,
1001960073,"7112289",1001960063,1,"100",7.00,17.00,"5","ft","inch",1.75
1001960127,"7112290",1001960117,,,,,,"ft","inch",
1002680331,"7112296",1002680330,,,1.30,3.60,,"m",,
1002680339,"7112296",1002680338,,,1.20,2.80,,"m",,
1002680347,"7112296",1002680346,,,,0.86,,"m",,
1002680355,"7112296",1002680354,,,,1.00,,"m",,
1002680363,"7112296",1002680362,,,1.00,1.50,,"m",,
1002680378,"7112296",1002680366,1,"10",,,"5","m","cm",5.80
1002680486,"7112297",1002680485,,,5.00,5.70,,"m",,
1002680495,"7112297",1002680494,,,5.00,5.80,,"m",,
1002680504,"7112297",1002680503,,,4.00,5.70,,"m",,
1002680553,"7112297",1002680542,1,"10",,,"5","m","cm",5.80
1001828907,"7112453",1001828895,,,,,,"m","cm",
1001828982,"7112457",1001828971,,,,,,"m","cm",
1001829025,"7112458",1001829013,,,,,,"m","cm",
1001829598,"7112459",1001829588,,,,,,"m","cm",
1001886105,"7112497",1001886092,,,,,,"m","cm",
1001830287,"7112510",1001830276,,,,,,,,
1001831092,"7112567",1001831085,,,,,"1",,,
1001831126,"7112568",1001831116,,,,,,,,
1001831214,"7112572",1001831207,,,,,"1",,,
1001831257,"7112573",1001831245,,,,,"1",,,
1001831287,"7112574",1001831280,,,,,"1",,,
1001831329,"7112575",1001831318,,,,,,,,
1001831367,"7112576",1001831358,,,,,,,,
1002687761,"7112583",1002687760,,,10.60,12.10,,"m",,
1002687770,"7112583",1002687769,,,10.30,12.80,,"m",,
1002687779,"7112583",1002687778,,,15.80,20.40,,"m",,
1002687791,"7112583",1002687782,1,"10",,,"5","m","cm",6.03
1001883094,"7112590",1001883084,,,,,,"m","cm",
1001883298,"7112593",1001883289,,,,,,"m","cm",
1001883359,"7112594",1001883347,,,,,,"m","cm",
1001904862,"7112595",1001904850,,,,,,"m","cm",
1001905005,"7112596",1001904996,,,,,,"m","cm",
1001917013,"7112599",1001917003,1,,,,,"m","cm",
1001917223,"7112601",1001917214,,,,,,"ft","inch",
1001917342,"7112603",1001917332,,,,,,"m","cm",
1001917382,"7112604",1001917373,,,,,,"m","cm",
1001917419,"7112605",1001917413,,,,,,"m","cm",
1001833765,"7112833",1001833761,,,,,,,,
1002688935,"7112900",1002688934,,,4.50,7.60,,"m",,
1002688944,"7112900",1002688943,,,4.50,7.60,,"m",,
1002688958,"7112900",1002688947,1,"10",,,"5","m","cm",5.80
1001834067,"7112902",1001834061,,,,,,,,
1001933954,"7112921",1001933945,,,,,,"m","cm",
1001934014,"7112922",1001934000,,,,,,"m","cm",
1001842874,"7112923",1001842863,,,,,,,,
1001934125,"7112924",1001934114,1,,,,,"m","cm",
1001934165,"7112925",1001934155,,,,,,"m","cm",
1001934255,"7112926",1001934244,,,,,,"m","cm",
1001934288,"7112927",1001934276,,,,,,"m","cm",
1001936593,"7112928",1001936582,,,,,,"m","cm",
1001936636,"7112929",1001936624,,,,,,"m","cm",
1001936673,"7112930",1001936662,,,,,,"m","cm",
1001936705,"7112931",1001936695,,,,,,"m","cm",
1001936746,"7112932",1001936736,,,,,,"m","cm",
1001936801,"7112933",1001936789,,,,,,"m","cm",
1001936839,"7112934",1001936831,,,,,,"m","cm",
1001936855,"7112935",1001936843,,,,,,"m","cm",
1001936896,"7112936",1001936885,,,,,,"m","cm",
1001937717,"7112937",1001937706,,,,,,"m","cm",
1001937753,"7112938",1001937747,,,,,,"m","cm",
1001937770,"7112939",1001937757,,,,,,"m","cm",
1001937807,"7112940",1001937801,,,,,,"m","cm",
1001937823,"7112941",1001937811,,,,,,"m","cm",
1001937864,"7112942",1001937854,,,,,,"m","cm",
1001937901,"7112943",1001937895,,,,,,"m","cm",
1001937916,"7112944",1001937905,,,,,,"m","cm",
1001842908,"7112945",1001842903,,,,,,,,
1001842924,"7112946",1001842912,,,,,,,,
1001842959,"7112947",1001842949,,,,,,,,
1001842988,"7112948",1001842979,,,,,,,,
1001843043,"7112949",1001843031,,,,,,,,
1001843084,"7112950",1001843073,,,,,,,,
1001843124,"7112951",1001843113,,,,,,,,
1001843156,"7112952",1001843147,,,,,,,,
1001843192,"7112953",1001843180,,,,,,,,
1001843228,"7112954",1001843218,,,,,,,,
1001843289,"7112955",1001843276,,,,,,,,
1001843329,"7112956",1001843320,,,,,,,,
1001843394,"7112957",1001843385,,,,,,,,
1001937973,"7112958",1001937963,,,,,,"m","cm",
1001938120,"7112963",1001938114,,,,,,"m","cm",
1001843437,"7112964",1001843425,,,,,,,,
1001938133,"7112965",1001938124,,,,,,"m","cm",
1001919753,"7112967",1001919743,,,,,,"m","cm",
1001843547,"7112970",1001843539,,,,,,,,
1001843659,"7112971",1001843649,,,,,,,,
1001843676,"7112972",1001843666,,,,,,,,
1001843888,"7112977",1001843875,,,,,,,,
1001843929,"7112978",1001843919,,,,,,,,
1001843969,"7112979",1001843960,,,,,,,,
1001845954,"7112980",1001845939,,,,,,,,
1001845983,"7112981",1001845978,,,,,,,,
1001845992,"7112982",1001845987,,,,,,,,
1001846006,"7112983",1001845996,,,,,,,,
1001846043,"7112984",1001846034,,,,,,,,
1001846126,"7112986",1001846115,,,,,,,,
1001846164,"7112987",1001846154,,,,,,,,
1001846207,"7112988",1001846195,,,,,,,,
1001846248,"7112989",1001846234,,,,,,,,
1001846316,"7112990",1001846305,,,,,,,,
1001846367,"7112991",1001846356,,,,,,,,
1001846436,"7112992",1001846425,,,,,"1",,,
1001846494,"7112993",1001846485,,,,,,,,
1001919830,"7112994",1001919824,,,,,,"m","cm",
1001919970,"7112996",1001919959,,,,,,"m","cm",
1001920004,"7112997",1001919994,,,,,,"m","cm",
1001930218,"7112998",1001930208,,,,,,"m","cm",
1001930270,"7113000",1001930260,,,,,,"m","cm",
1001930345,"7113001",1001930334,1,,,,,"m","cm",
1001930612,"7113002",1001930600,,,,,,"m","cm",
1001930830,"7113003",1001930820,,,,,,"m","cm",
1001930993,"7113004",1001930981,,,,,,"m","cm",
1001931170,"7113005",1001931159,1,"8",12.80,14.02,"1","m","cm",14.00
1001931462,"7113006",1001931453,,,,,,"m","cm",
1001931492,"7113007",1001931486,,,,,,"m","cm",
1001931526,"7113008",1001931515,,,,,,"m","cm",
1002018976,"7113087",1002018966,,,,,,"m","cm",
1002019023,"7113088",1002019013,,,,,,"m","cm",
1002019540,"7113096",1002019530,,,,,,"m","cm",
1002019607,"7113097",1002019595,,,,,,"m","cm",
1002430628,"7113099",1002430617,,,,,,"m","cm",
1002430712,"7113101",1002430701,,,,,,"m","cm",
1002430772,"7113102",1002430761,,,,,,"m","cm",
1002430982,"7113105",1002430972,,,,,,"m","cm",
1002431036,"7113106",1002431026,,,,,,"m","cm",
1002431121,"7113107",1002431110,,,,,,"m","cm",
1002431423,"7113110",1002431413,,,,,,"m","cm",
1002431586,"7113112",1002431574,,,,,,"m","cm",
1002431737,"7113113",1002431726,,,,,,"m","cm",
1002431779,"7113114",1002431768,,,,,,"m","cm",
1002432185,"7113116",1002432179,,,,,,"ft","inch",
1002432277,"7113117",1002432271,,,,,,"ft","inch",
1002432310,"7113118",1002432304,,,,,,"ft","inch",
1002432337,"7113119",1002432331,,,,,,"ft","inch",
1002432362,"7113120",1002432356,,,,,,"ft","inch",
1002432648,"7113122",1002432639,,,,,,"m","cm",
1002432800,"7113123",1002432790,,,,,,"m","cm",
1002433094,"7113127",1002433082,,,,,,"m","cm",
1002433137,"7113128",1002433125,,,,,,"m","cm",
1002433329,"7113130",1002433319,1,,,,,"m","cm",
1002433357,"7113131",1002433347,,,,,,"m","cm",
1002433398,"7113132",1002433386,,,,,,"m","cm",
1002433514,"7113134",1002433501,,,,,,"m","cm",
1001847939,"7113238",1001847931,,,,,,,,
1001847966,"7113239",1001847959,,,,,,,,
1002442832,"7113337",1002442819,1,,0.00,22.00,"1","ft","inch",6.00
1002442876,"7113338",1002442863,1,,0.00,22.00,"1","ft","inch",6.00
1002454750,"7113528",1002454740,1,".1",23.00,28.00,"5","ft","inch",2.25
1002457407,"7113628",1002457401,,,,,,"ft","inch",
1002457427,"7113629",1002457421,,,,,,"ft","inch",
1002457464,"7113630",1002457453,,,,,,"ft","inch",
1001938351,"7113653",1001938341,,,,,,"ft","inch",
1002696959,"7113699",1002696958,,,2.80,5.80,,"m",,
1002696968,"7113699",1002696967,,,2.30,5.30,,"m",,
1002696977,"7113699",1002696976,,,2.60,5.60,,"m",,
1002696986,"7113699",1002696985,,,2.80,5.80,,"m",,
1002696995,"7113699",1002696994,,,3.10,6.10,,"m",,
1002697004,"7113699",1002697003,,,1.90,4.90,,"m",,
1002697014,"7113699",1002697008,1,"10",,,"5","m","cm",5.80
1002780988,"7113703",1002780987,,,2.10,5.10,,"m",,
1002780997,"7113703",1002780996,,,3.00,6.10,,"m",,
1002781006,"7113703",1002781005,,,2.10,5.10,,"m",,
1002781015,"7113703",1002781014,,,2.10,5.10,,"m",,
1002781024,"7113703",1002781023,,,2.00,5.00,,"m",,
1002781033,"7113703",1002781032,,,2.80,5.80,,"m",,
1002781042,"7113703",1002781041,,,3.00,6.10,,"m",,
1002781051,"7113703",1002781050,,,1.50,4.50,,"m",,
1002781060,"7113703",1002781059,,,1.50,4.50,,"m",,
1002781069,"7113703",1002781068,,,1.40,4.50,,"m",,
1002781079,"7113703",1002781078,,,2.10,5.10,,"m",,
1002781088,"7113703",1002781087,,,1.50,4.50,,"m",,
1002781097,"7113703",1002781096,,,1.80,4.80,,"m",,
1002781106,"7113703",1002781105,,,1.50,3.60,,"m",,
1002781115,"7113703",1002781114,,,1.50,3.30,,"m",,
1002781124,"7113703",1002781123,,,1.80,4.80,,"m",,
1002781134,"7113703",1002781127,1,"10",,,"5","m","cm",5.80
1001941046,"7113754",1001941036,1,"10",3.10,6.10,"5","m","cm",4.82
1001870669,"7113919",1001870659,,,,,,"ft","inch",
1001870835,"7113922",1001870824,,,,,,"m","cm",
1001872768,"7113947",1001872756,,,,,,"m","cm",
1001872851,"7113949",1001872839,,,,,,"m","cm",
1001872884,"7113950",1001872872,,,,,,"m","cm",
1001872920,"7113951",1001872908,,,,,,"m","cm",
1001875272,"7113957",1001875260,,,,,,"m","cm",
1001875457,"7113958",1001875443,,,,,,"m","cm",
1001875502,"7113959",1001875488,,,,,,"m","cm",
1001876578,"7114005",1001876563,,,,,,"m","cm",
1001876819,"7114012",1001876805,,,,,,"m","cm",
1001877091,"7114020",1001877085,,,,,,"m","cm",
1002704248,"7114456",1002704247,,,1.50,4.88,,"m",,
1002704257,"7114456",1002704256,,,1.70,4.17,,"m",,
1002704266,"7114456",1002704265,,,1.50,4.58,,"m",,
1002704277,"7114456",1002704269,1,"10",,,"5","m","cm",5.80
1001951201,"7114480",1001951192,,,,,,"ft","inch",
1001951243,"7114481",1001951232,,,,,,"ft","inch",
1001951280,"7114482",1001951274,,,,,,"ft","inch",
1001951993,"7114498",1001951983,,,,,,"m","cm",
1001952561,"7114512",1001952551,,,,,,"ft","inch",
1001952768,"7114518",1001952759,,,,,,"m","cm",
1001958486,"7114760",1001958479,1,"10",,,"5","ft","inch",4.82
1001958511,"7114761",1001958504,1,"10",,,,"m","cm",
1002707979,"7114836",1002707978,,,4.00,14.00,,"ft",,
1002707988,"7114836",1002707987,,,4.00,14.00,,"ft",,
1002708008,"7114836",1002707999,1,"10",,,"5","ft","inch",1.25
1002708304,"7114838",1002708303,,,1.50,4.88,,"m",,
1002708313,"7114838",1002708312,,,1.50,4.88,,"m",,
1002708365,"7114838",1002708356,1,"10",,,"5","m","cm",4.21
1002708722,"7114844",1002708721,,,9.00,14.00,,"ft",,
1002708731,"7114844",1002708730,,,18.00,28.00,,"ft",,
1002708740,"7114844",1002708739,,,7.00,12.00,,"ft",,
1002708749,"7114844",1002708748,,,10.00,15.00,,"ft",,
1002708758,"7114844",1002708757,,,33.00,38.00,,"ft",,
1002708767,"7114844",1002708766,,,15.00,25.00,,"ft",,
1002708781,"7114844",1002708770,1,"10",,,"5","ft","inch",1.25
1002708945,"7114847",1002708944,,,4.88,5.49,,"m",,
1002708958,"7114847",1002708948,1,"10",5.49,6.10,"5","m","cm",4.21
1002708999,"7114848",1002708998,,,1.22,4.27,,"m",,
1002709008,"7114848",1002709007,,,1.50,4.57,,"m",,
1002709017,"7114848",1002709016,,,1.22,4.27,,"m",,
1002709026,"7114848",1002709025,,,1.50,3.10,,"m",,
1002709038,"7114848",1002709029,1,"10",,,"5","m","cm",6.03
1002709185,"7114849",1002709184,,,0.91,3.35,,"m",,
1002709194,"7114849",1002709193,,,0.91,3.35,,"m",,
1002709203,"7114849",1002709202,,,0.91,3.35,,"m",,
1002709212,"7114849",1002709211,,,0.91,3.35,,"m",,
1002709221,"7114849",1002709220,,,0.91,3.35,,"m",,
1002709233,"7114849",1002709224,1,"10",,,"5","m","cm",4.21
1001962002,"7114964",1001961994,,,,,,"m","cm",
1001962242,"7114971",1001962229,,,,,,"m","cm",
1001962649,"7114986",1001962634,,,,,,"ft","inch",
1001962781,"7114988",1001962765,,,,,,"ft","inch",
1001963052,"7114990",1001963039,,,,,,"ft","inch",
1001963133,"7114991",1001963122,,,,,,"ft","inch",
1002555224,"7115088",1002555216,,,,,,,,
1002555319,"7115090",1002555311,,,,,,,,
1001967942,"7115159",1001967935,,,,,,"ft","inch",
1001968293,"7115166",1001968284,1,,,,,"ft","inch",
1002456117,"7115259",1002456105,1,"100",5.00,15.00,"5","ft","inch",2.25
1002456134,"7115260",1002456122,1,"100",20.00,30.00,"5","ft","inch",2.25
1001974090,"7115343",1001974078,,,,,,"m","cm",
1001974138,"7115344",1001974122,,,,,,"ft","inch",
1001974310,"7115346",1001974299,,,,,,"ft","inch",
1001974374,"7115348",1001974368,,,,,,"ft","inch",
1001974386,"7115349",1001974380,,,,,,"ft","inch",
1001974430,"7115350",1001974418,,,,,,"ft","inch",
1001974484,"7115351",1001974475,,,,,,"m","cm",
1001974593,"7115353",1001974580,,,,,,"ft","inch",
1001974646,"7115354",1001974636,,,,,,"m","cm",
1001974713,"7115355",1001974703,,,,,,"ft","inch",
1001974769,"7115356",1001974758,,,,,,"m","cm",
1001974869,"7115358",1001974856,,,,,,"m","cm",
1001974937,"7115360",1001974926,,,,,,"ft","inch",
1001976375,"7115361",1001976364,,,,,,"ft","inch",
1001976584,"7115366",1001976573,,,,,,"m","cm",
1001976626,"7115367",1001976615,,,,,,"m","cm",
1001976712,"7115368",1001976701,,,,,,"m","cm",
1001976983,"7115372",1001976971,,,,,,"m","cm",
1001977072,"7115374",1001977056,,,,,,"m","cm",
1001977239,"7115378",1001977228,,,,,,"ft","inch",
1001977281,"7115379",1001977270,,,,,,"ft","inch",
1001977706,"7115390",1001977694,,,,,,"ft","inch",
1001977749,"7115391",1001977737,,,,,,"ft","inch",
1001977790,"7115392",1001977780,,,,,,"m","cm",
1001977833,"7115393",1001977821,,,,,,"ft","inch",
1001977877,"7115394",1001977864,,,,,,"ft","inch",
1001977920,"7115395",1001977908,,,,,,"ft","inch",
1001981360,"7115398",1001981349,,,,,,"ft","inch",
1001981613,"7115399",1001981603,,,,,,"m","cm",
1002434153,"7115509",1002434142,,,,,,"ft","inch",
1002434555,"7115513",1002434545,,,,,,"ft","inch",
1002434635,"7115514",1002434621,,,,,,"ft","inch",
1002437484,"7115610",1002437472,,,,,,"m","cm",
1002437671,"7115612",1002437660,,,,,,"m","cm",
1002564513,"7115678",1002564505,,,,,"1",,,
1002564613,"7115679",1002564605,,,,,,,,
1002564702,"7115680",1002564694,,,,,,,,
1002564761,"7115681",1002564757,,,,,,,,
1002442338,"7115711",1002442328,,,,,,"m","cm",
1002442454,"7115712",1002442443,,,,,,"m","cm",
1002442631,"7115713",1002442618,,,,,,"m","cm",
1002442683,"7115714",1002442673,,,,,,"m","cm",
1002442928,"7115715",1002442919,,,,,,"m","cm",
1002442954,"7115716",1002442945,,,,,,"m","cm",
1002443060,"7115718",1002443049,,,,,,"m","cm",
1002443131,"7115719",1002443121,,,,,,"m","cm",
1002443171,"7115720",1002443162,,,,,,"m","cm",
1002443189,"7115721",1002443176,,,,,,"m","cm",
1002443317,"7115723",1002443307,,,,,,"m","cm",
1002443334,"7115724",1002443323,,,,,,"m","cm",
1002443521,"7115727",1002443509,,,,,,"m","cm",
1002564925,"7115728",1002564915,,,,,,,,
1002443647,"7115730",1002443634,,,,,,"m","cm",
1002443703,"7115731",1002443692,,,,,,"m","cm",
1002443811,"7115732",1002443800,,,,,,"m","cm",
1001982170,"7115734",1001982159,,,,,,"m","cm",
1001982188,"7115735",1001982176,,,,,,"m","cm",
1001982239,"7115736",1001982229,,,,,,"m","cm",
1001982282,"7115737",1001982269,,,,,,"m","cm",
1001982384,"7115738",1001982375,,,,,,"m","cm",
1001982450,"7115739",1001982437,,,,,,"m","cm",
1001982482,"7115740",1001982472,,,,,,"m","cm",
1001982541,"7115741",1001982531,,,,,,"m","cm",
1001982603,"7115742",1001982593,,,,,,"m","cm",
1001982692,"7115743",1001982681,,,,,,"m","cm",
1002709618,"7115788",1002709617,,,3.00,6.00,,"m",,
1002709627,"7115788",1002709626,,,4.50,6.70,,"m",,
1002709636,"7115788",1002709635,,,2.10,2.10,,"m",,
1002709645,"7115788",1002709644,,,2.40,3.10,,"m",,
1002709654,"7115788",1002709653,,,1.50,2.30,,"m",,
1002709663,"7115788",1002709662,,,1.40,1.40,,"m",,
1002709672,"7115788",1002709671,,,1.50,1.90,,"m",,
1002709681,"7115788",1002709680,,,3.00,6.70,,"m",,
1002709693,"7115788",1002709687,1,"10",,,"5","m","cm",5.80
1002782524,"7115790",1002782523,,,1.50,2.97,,"m",,
1002782533,"7115790",1002782532,,,0.60,2.77,,"m",,
1002782542,"7115790",1002782541,,,2.13,17.37,,"m",,
1002782551,"7115790",1002782550,,,1.22,2.80,,"m",,
1002782560,"7115790",1002782559,,,1.50,2.77,,"m",,
1002782569,"7115790",1002782568,,,3.00,6.10,,"m",,
1002782578,"7115790",1002782577,,,3.00,4.20,,"m",,
1002782587,"7115790",1002782586,,,1.50,3.00,,"m",,
1002782596,"7115790",1002782595,,,1.37,2.90,,"m",,
1002782608,"7115790",1002782599,1,"10",,,"5","m","cm",5.80
1002783028,"7115803",1002783019,1,"10",,,"5","m","cm",5.80
1002710532,"7115862",1002710531,,,4.50,6.00,,"m",,
1002710541,"7115862",1002710540,,,4.50,6.00,,"m",,
1002710550,"7115862",1002710549,,,3.00,4.50,,"m",,
1002710559,"7115862",1002710558,,,7.50,13.50,,"m",,
1002710573,"7115862",1002710562,1,"10",,,"5","m","cm",5.80
1001987058,"7115937",1001987049,,,,,,"m","cm",
1001987091,"7115938",1001987082,,,,,,"m","cm",
1001987134,"7115939",1001987122,,,,,,"m","cm",
1001996085,"7115970",1001996072,,,,,,"m","cm",
1001996124,"7115971",1001996116,,,,,,"m","cm",
1001996158,"7115972",1001996149,,,,,,"m","cm",
1001996210,"7115974",1001996201,,,,,,"m","cm",
1001996252,"7115975",1001996241,,,,,,"m","cm",
1001996293,"7115976",1001996283,,,,,,"m","cm",
1002711270,"7116014",1002711269,,,1.90,4.90,,"m",,
1002711281,"7116014",1002711273,1,"10",,,"5","m","cm",5.80
1002785978,"7116040",1002785969,1,"10",1.83,4.88,"5","m","cm",4.82
1002711351,"7116052",1002711350,,,1.50,6.10,,"m",,
1002711360,"7116052",1002711359,,,1.50,6.10,,"m",,
1002711372,"7116052",1002711363,1,"10",1.50,6.10,"5","m","cm",4.82
1002711945,"7116075",1002711944,,,3.66,5.18,,"m",,
1002711954,"7116075",1002711953,,,3.10,5.18,,"m",,
1002711967,"7116075",1002711957,1,"10",3.66,5.18,"5","m","cm",4.82
1002005411,"7116112",1002005403,1,"10",0.00,1.50,,"m","cm",4.21
1002712421,"7116113",1002712420,,,2.13,5.18,,"m",,
1002712434,"7116113",1002712424,1,"10",2.13,5.18,"5","m","cm",4.82
1002712446,"7116115",1002712445,,,4.27,7.32,,"m",,
1002712455,"7116115",1002712454,,,3.96,7.01,,"m",,
1002712464,"7116115",1002712463,,,4.27,7.32,,"m",,
1002712473,"7116115",1002712472,,,4.27,7.32,,"m",,
1002712482,"7116115",1002712481,,,3.10,6.71,,"m",,
1002712491,"7116115",1002712490,,,4.27,7.32,,"m",,
1002712504,"7116115",1002712495,1,"10",3.66,6.71,,"m","cm",6.03
1002712516,"7116116",1002712515,,,2.44,5.49,,"m",,
1002712528,"7116116",1002712519,1,"10",2.44,5.49,"5","m","cm",4.82
1002005867,"7116167",1002005856,,,,,,"m","cm",
1002005901,"7116168",1002005890,,,,,,"m","cm",
1002005932,"7116169",1002005921,,,,,,"m","cm",
1002760815,"7116509",1002760814,,,1.50,4.90,,"m",,
1002760824,"7116509",1002760823,,,1.50,4.90,,"m",,
1002760833,"7116509",1002760832,,,1.50,4.90,,"m",,
1002760842,"7116509",1002760841,,,1.50,4.90,,"m",,
1002760851,"7116509",1002760850,,,1.50,4.90,,"m",,
1002760860,"7116509",1002760859,,,1.50,4.90,,"m",,
1002760869,"7116509",1002760868,,,1.50,4.90,,"m",,
1002760878,"7116509",1002760877,,,1.50,4.90,,"m",,
1002760887,"7116509",1002760886,,,1.50,4.90,,"m",,
1002760896,"7116509",1002760895,,,1.50,4.90,,"m",,
1002760906,"7116509",1002760899,1,"10",,,"5","m","cm",5.80
1002023834,"7116645",1002023826,,,,,,"ft","inch",
1002531416,"7116650",1002531406,,,,,,"ft","inch",
1002023987,"7116652",1002023975,,,,,,"ft","inch",
1002531498,"7116653",1002531488,,,,,,"ft","inch",
1002531511,"7116654",1002531503,,,,,,"ft","inch",
1002569648,"7116661",1002569636,,,,,,"ft","inch",
1002036584,"7116891",1002036573,1,,0.00,22.00,"1","ft","inch",6.00
1002116438,"7116902",1002116427,,,,,,"ft","inch",
1002116518,"7116904",1002116509,,,,,,"ft","inch",
1002116559,"7116905",1002116549,,,,,,"ft","inch",
1002116601,"7116906",1002116590,,,,,,"ft","inch",
1002116643,"7116907",1002116632,,,,,,"ft","inch",
1002124189,"7116912",1002124177,,,,,,"ft","inch",
1002124231,"7116913",1002124220,,,,,,"ft","inch",
1002124314,"7116915",1002124304,,,,,,"ft","inch",
1002124356,"7116916",1002124345,,,,,,"ft","inch",
1002124436,"7116918",1002124427,,,,,,"ft","inch",
1002124480,"7116919",1002124467,,,,,,"ft","inch",
1002124521,"7116920",1002124511,,,,,,"ft","inch",
1002124723,"7116925",1002124710,,,,,,"ft","inch",
1002124807,"7116927",1002124796,,,,,,"ft","inch",
1002124849,"7116928",1002124838,,,,,,"ft","inch",
1002125061,"7116933",1002125048,,,,,,"ft","inch",
1002570145,"7116968",1002570138,,,,,,"m","cm",
1002570202,"7116969",1002570194,,,,,,"m","cm",
1002532523,"7116970",1002532519,,,,,,,,
1002532708,"7116971",1002532704,,,,,,,,
1002532720,"7116972",1002532716,,,,,,,,
1002532728,"7116973",1002532724,,,,,,,,
1002792701,"7117080",1002792695,1,"10",,,"5","m","cm",4.30
1002417664,"7117083",1002417656,1,".10",10.00,20.00,"5","ft","inch",2.25
1002425502,"7117169",1002425492,1,,,,,"m","cm",
1002425544,"7117170",1002425533,,,,,,"m","cm",
1002425582,"7117171",1002425575,,,,,,"m","cm",
1002425597,"7117172",1002425588,1,"8",7.32,8.24,"1","m","cm",13.97
1002425637,"7117173",1002425628,1,"8",11.28,12.51,"1","m","cm",13.97
1002436142,"7117252",1002436136,,,,,,"ft","inch",
1002436192,"7117253",1002436183,,,,,,"ft","inch",
1002436213,"7117254",1002436207,,,,,,"ft","inch",
1002437408,"7117282",1002437396,,,,,,"m","cm",
1002437467,"7117283",1002437460,,,,,,"m","cm",
1002458083,"7117294",1002458073,,,,,,"m","cm",
1002458196,"7117296",1002458186,,,,,,"m","cm",
1002458353,"7117298",1002458341,,,,,,"m","cm",
1002581788,"7117408",1002581778,,,,,"5",,,
1002581891,"7117409",1002581880,,,,,"5",,,
1002581930,"7117410",1002581920,,,,,"5",,,
1002736010,"7117412",1002736003,1,"10",0.91,3.96,"5","m","cm",3.34
1003222004,"7117412",1003222003,,,0.91,5.71,,"m",,
1003222013,"7117412",1003222012,,,0.91,3.96,,"m",,
1003222022,"7117412",1003222021,,,0.91,1.83,,"m",,
1003222031,"7117412",1003222030,,,1.50,3.10,,"m",,
1003222040,"7117412",1003222039,,,0.91,2.44,,"m",,
1003222049,"7117412",1003222048,,,1.22,3.66,,"m",,
1003222058,"7117412",1003222057,,,0.91,3.10,,"m",,
1003222067,"7117412",1003222066,,,0.91,4.57,,"m",,
1003222076,"7117412",1003222075,,,0.91,3.96,,"m",,
1003222085,"7117412",1003222084,,,1.22,4.27,,"m",,
1002736023,"7117413",1002736015,1,"10",1.50,7.52,"5","m","cm",3.34
1003222100,"7117414",1003222092,1,"10",,,"5","m","cm",3.34
1002736035,"7117422",1002736034,,,5.18,9.75,,"m",,
1002736044,"7117422",1002736043,,,5.18,9.75,,"m",,
1002736053,"7117422",1002736052,,,1.50,6.10,,"m",,
1002736066,"7117422",1002736056,1,"10",5.18,9.75,"5","m","cm",6.03
1003222204,"7117424",1003222199,1,"10",,,"5","m","cm",4.82
1003222220,"7117425",1003222209,1,"10",,,"5","m","cm",4.82
1003222444,"7117494",1003222443,,,2.50,12.00,,"ft",,
1003222453,"7117494",1003222452,,,2.50,10.00,,"ft",,
1003222462,"7117494",1003222461,,,2.50,13.50,,"ft",,
1003222471,"7117494",1003222470,,,2.50,9.00,,"ft",,
1003222480,"7117494",1003222479,,,2.50,10.00,,"ft",,
1003222489,"7117494",1003222488,,,2.50,14.00,,"ft",,
1003222498,"7117494",1003222497,,,2.50,13.00,,"ft",,
1003222507,"7117494",1003222506,,,3.00,13.00,,"ft",,
1003222516,"7117494",1003222515,,,2.50,15.00,,"ft",,
1002449413,"7117528",1002449407,1,"10",0.91,5.49,"5","m","cm",3.45
1002449444,"7117529",1002449437,1,"10",0.91,4.57,"5","m","cm",3.45
1002456394,"7117804",1002456384,1,".01",89.30,96.95,"5","m","cm",7.10
1002007341,"7118243",1002007331,,,,,,"m","cm",
1002737092,"7118244",1002737091,,,,,,,,
1002737100,"7118244",1002737099,,,,,,,,
1002737108,"7118244",1002737107,,,,,,,,
1002737116,"7118244",1002737115,,,,,,,,
1002737122,"7118244",1002737119,1,"10",,,"5","m","cm",3.20
1002010295,"7118311",1002010286,,,,,,"ft","inch",
1002010321,"7118312",1002010315,,,,,,"ft","inch",
1002010561,"7118341",1002010555,,,,,,"ft","inch",
1002011474,"7118437",1002011463,,,,,,"ft","inch",
1002011516,"7118438",1002011505,,,,,,"ft","inch",
1002011558,"7118439",1002011547,,,,,,"ft","inch",
1002011642,"7118441",1002011631,,,,,,"ft","inch",
1002011748,"7118443",1002011738,,,,,,"ft","inch",
1002011800,"7118444",1002011790,,,,,,"ft","inch",
1002011962,"7118446",1002011951,,,,,,"ft","inch",
1002012004,"7118447",1002011993,,,,,,"ft","inch",
1002012046,"7118448",1002012035,,,,,,"ft","inch",
1002012091,"7118449",1002012080,,,,,,"ft","inch",
1002012230,"7118450",1002012217,,,,,,"ft","inch",
1002013453,"7118468",1002013444,,,,,,"ft","inch",
1002013494,"7118469",1002013484,,,,,,"ft","inch",
1002013536,"7118470",1002013525,,,,,,"ft","inch",
1002013577,"7118471",1002013567,,,,,,"ft","inch",
1002013666,"7118473",1002013651,,,,,,"ft","inch",
1002013707,"7118474",1002013697,,,,,,"ft","inch",
1002464484,"7118840",1002464475,1,"8",10.97,13.11,"1","m","cm",13.97
1002464567,"7118841",1002464557,,,,,,"m","cm",
1002464646,"7118842",1002464640,,,,,,"m","cm",
1002464660,"7118850",1002464651,1,"8",10.98,12.20,"1","m","cm",13.97
1002466339,"7118909",1002466333,,,,,,"m","cm",
1002466423,"7118910",1002466417,,,,,,"m","cm",
1002467427,"7118966",1002467417,,,,,,"ft","inch",
1002597974,"7119009",1002597967,,,,,"5",,,
1002471299,"7119094",1002471293,,,,,,"ft","inch",
1002471309,"7119095",1002471303,,,,,,"ft","inch",
1002471320,"7119096",1002471313,,,,,,"ft","inch",
1002471331,"7119097",1002471324,,,,,,"ft","inch",
1002472635,"7119099",1002472628,,,,,,"ft","inch",
1002472646,"7119100",1002472639,,,,,,"ft","inch",
1002472944,"7119105",1002472937,,,,,,"ft","inch",
1002478889,"7119227",1002478879,,,,,,"m","cm",
1002478942,"7119228",1002478936,,,,,,"ft","inch",
1002478958,"7119229",1002478946,,,,,,"m","cm",
1002479018,"7119230",1002479006,,,,,,"m","cm",
1002479048,"7119231",1002479041,,,,,,"m","cm",
1002479058,"7119232",1002479052,,,,,,"m","cm",
1002479155,"7119234",1002479144,,,,,,"m","cm",
1002479191,"7119235",1002479181,,,,,,"m","cm",
1002479233,"7119236",1002479221,,,,,,"m","cm",
1002479276,"7119237",1002479264,,,,,,"m","cm",
1002479310,"7119238",1002479299,,,,,,"m","cm",
1002479349,"7119239",1002479335,,,,,,"m","cm",
1002479366,"7119240",1002479354,,,,,,"m","cm",
1002479378,"7119241",1002479371,,,,,,"m","cm",
1002479424,"7119243",1002479415,,,,,,"m","cm",
1002479457,"7119244",1002479448,,,,,,"m","cm",
1002479492,"7119245",1002479480,,,,,,"m","cm",
1002480332,"7119246",1002480321,,,,,,"m","cm",
1002482187,"7119247",1002482178,,,,,,"m","cm",
1002482224,"7119248",1002482211,,,,,,"m","cm",
1002482267,"7119249",1002482255,,,,,,"m","cm",
1002482307,"7119250",1002482298,,,,,,"m","cm",
1002482336,"7119251",1002482327,,,,,,"m","cm",
1002482466,"7119252",1002482457,,,,,,"m","cm",
1002482592,"7119253",1002482583,,,,,,"m","cm",
1002482671,"7119255",1002482660,,,,,,"m","cm",
1002482707,"7119256",1002482695,,,,,,"m","cm",
1002482748,"7119257",1002482738,,,,,,"m","cm",
1002484436,"7119332",1002484430,1,,,,,"m","cm",
1002486505,"7119401",1002486496,,,,,,"m","cm",
1002486576,"7119402",1002486566,,,,,,"m","cm",
1002486672,"7119403",1002486662,,,,,,"m","cm",
1002486817,"7119404",1002486808,,,,,,"m","cm",
1002486926,"7119405",1002486914,,,,,,"m","cm",
1002743044,"7119443",1002743043,,,1.50,4.00,,"m",,
1002743053,"7119443",1002743052,,,1.50,12.00,,"m",,
1002743062,"7119443",1002743061,,,1.50,9.00,,"m",,
1002743071,"7119443",1002743070,,,1.50,9.00,,"m",,
1002743080,"7119443",1002743079,,,1.50,7.50,,"m",,
1002743089,"7119443",1002743088,,,1.50,9.00,,"m",,
1002743098,"7119443",1002743097,,,1.50,6.00,,"m",,
1002743113,"7119443",1002743105,1,"10",,,"5","m","cm",3.34
1002743241,"7119445",1002743233,1,"10",,,,"m","cm",6.03
1002798664,"7119451",1002798663,,,5.00,20.00,,"ft",,
1002798673,"7119451",1002798672,,,6.00,18.00,,"ft",,
1002798682,"7119451",1002798681,,,7.00,22.00,,"ft",,
1002798691,"7119451",1002798690,,,9.00,24.00,,"ft",,
1002798718,"7119451",1002798711,1,"10",,,"5","ft","inch",1.25
1002743334,"7119461",1002743333,,,2.00,4.50,,"m",,
1002743343,"7119461",1002743342,,,7.00,10.00,,"m",,
1002743352,"7119461",1002743351,,,3.00,10.00,,"m",,
1002743364,"7119461",1002743355,1,"10",,,"5","m","cm",4.21
1002743502,"7119472",1002743501,,,4.27,7.32,,"m",,
1002743511,"7119472",1002743510,,,4.27,7.32,,"m",,
1002743523,"7119472",1002743514,1,"10",,,"5","m","cm",6.03
1003225333,"7119477",1003225332,,,2.50,14.00,,"m",,
1003225342,"7119477",1003225341,,,2.50,10.50,,"m",,
1003225351,"7119477",1003225350,,,2.50,9.50,,"m",,
1003225360,"7119477",1003225359,,,3.00,8.00,,"m",,
1003225369,"7119477",1003225368,,,3.00,12.00,,"m",,
1003225378,"7119477",1003225377,,,2.50,12.00,,"m",,
1003225387,"7119477",1003225386,,,2.50,12.00,,"m",,
1003225396,"7119477",1003225395,,,2.50,13.50,,"m",,
1003225405,"7119477",1003225404,,,3.00,13.00,,"m",,
1003225414,"7119477",1003225413,,,3.00,13.00,,"m",,
1003225425,"7119477",1003225417,1,"10",,,"5","m","cm",1.25
1002743536,"7119478",1002743535,,,0.91,4.52,,"m",,
1002743545,"7119478",1002743539,1,,0.91,4.57,"5","m","cm",3.45
1002743558,"7119479",1002743557,,,0.91,3.35,,"m",,
1002743567,"7119479",1002743566,,,0.91,3.96,,"m",,
1002743576,"7119479",1002743575,,,0.91,3.96,,"m",,
1002743585,"7119479",1002743584,,,0.91,4.57,,"m",,
1002743594,"7119479",1002743593,,,0.91,2.44,,"m",,
1002743603,"7119479",1002743602,,,0.91,3.96,,"m",,
1002743612,"7119479",1002743611,,,0.91,3.96,,"m",,
1002743621,"7119479",1002743620,,,0.91,3.96,,"m",,
1002743630,"7119479",1002743629,,,0.91,3.96,,"m",,
1002743639,"7119479",1002743638,,,0.91,3.96,,"m",,
1002743649,"7119479",1002743642,1,,0.91,3.96,"5","m","cm",
1002488501,"7119506",1002488491,1,"10",3.10,6.10,"5","m","cm",4.82
1002488517,"7119507",1002488507,1,"10",3.10,6.10,"5","m","cm",4.82
1002497330,"7119768",1002497319,,,,,,"m","cm",
1002497443,"7119771",1002497432,,,,,,"m","cm",
1002497529,"7119774",1002497522,,,,,,"m","cm",
1002497539,"7119775",1002497533,,,,,,"ft","inch",
1002498613,"7119784",1002498599,,,,,,"m","cm",
1002499067,"7119796",1002499055,,,,,,"m","cm",
1002459458,"7119814",1002459452,,,,,,"ft","inch",
1002743683,"7119817",1002743682,,,1.50,3.80,,"m",,
1002743692,"7119817",1002743691,,,1.80,4.70,,"m",,
1002743702,"7119817",1002743695,1,"10",,,"5","m","cm",5.80
1002696092,"7119860",1002696091,,,1.50,4.00,,"m",,
1002696101,"7119860",1002696100,,,5.50,8.50,,"m",,
1002696110,"7119860",1002696109,,,1.50,4.00,,"m",,
1002696119,"7119860",1002696118,,,5.80,8.80,,"m",,
1002696128,"7119860",1002696127,,,1.50,4.00,,"m",,
1002696170,"7119860",1002696163,1,"10",,,"5","m","cm",6.03
1002547555,"7119884",1002547546,,,,,,"m","cm",
1002516690,"7119887",1002516681,1,"10",5.79,8.84,"5","m","cm",4.82
1002745704,"7120051",1002745703,,,6.40,7.01,,"m",,
1002745713,"7120051",1002745712,,,17.25,18.77,,"m",,
1002745722,"7120051",1002745721,,,13.49,16.54,,"m",,
1002745731,"7120051",1002745730,,,10.92,13.97,,"m",,
1002745740,"7120051",1002745739,,,12.67,14.70,,"m",,
1002745749,"7120051",1002745748,,,16.15,17.77,,"m",,
1002745758,"7120051",1002745757,,,7.10,10.15,,"m",,
1002745767,"7120051",1002745766,,,11.38,14.42,,"m",,
1002745776,"7120051",1002745775,,,4.34,7.39,,"m",,
1002745785,"7120051",1002745784,,,3.73,4.65,,"m",,
1002745793,"7120051",1002745788,1,"10",,,"5","m","cm",2.00
1002745805,"7120060",1002745804,,,2.10,5.10,,"m",,
1002745814,"7120060",1002745813,,,2.70,5.30,,"m",,
1002745823,"7120060",1002745822,,,2.40,5.40,,"m",,
1002745834,"7120060",1002745826,1,"10",,,,"m","cm",5.80
1002745846,"7120061",1002745845,,,1.50,4.50,,"m",,
1002745855,"7120061",1002745854,,,1.50,4.50,,"m",,
1002745864,"7120061",1002745863,,,1.50,4.50,,"m",,
1002745872,"7120061",1002745867,1,"10",,,"5","m","cm",5.80
1002747387,"7120169",1002747386,,,,,,,,
1002747396,"7120169",1002747395,,,,,,,,
1002747405,"7120169",1002747404,,,,,,,,
1002747414,"7120169",1002747413,,,,,,,,
1002747425,"7120169",1002747419,1,"10",,,"5","m","cm",5.80
1002747892,"7120181",1002747891,,,4.27,2.75,,"m",,
1002747901,"7120181",1002747900,,,4.88,3.36,,"m",,
1002747910,"7120181",1002747905,1,"10",,,"5","m","cm",2.00
1002748104,"7120183",1002748103,,,1.00,4.00,,"m",,
1002748113,"7120183",1002748112,,,1.00,4.00,,"m",,
1002748122,"7120183",1002748121,,,1.00,4.00,,"m",,
1002748131,"7120183",1002748130,,,1.00,4.00,,"m",,
1002748140,"7120183",1002748139,,,1.00,4.00,,"m",,
1002748149,"7120183",1002748148,,,1.00,4.00,,"m",,
1002748159,"7120183",1002748152,1,"10",,,"5","m","cm",5.80
1002469358,"7120205",1002469348,1,,0.00,22.00,"1","ft","inch",6.00
1002469399,"7120206",1002469389,1,,0.00,22.00,"1","ft","inch",6.00
1002469613,"7120210",1002469603,1,,0.00,22.00,"1","ft","inch",6.00
1002469656,"7120211",1002469645,1,,0.00,22.00,"1","ft","inch",6.00
1002470103,"7120248",1002470097,,,,,,"m","cm",
1002470118,"7120249",1002470108,1,"10",0.92,5.52,"5","m","cm",6.28
1002470129,"7120250",1002470123,,,,,,"m","cm",
1002470143,"7120251",1002470133,1,"10",0.92,5.52,"5","m","cm",6.28
1002470155,"7120252",1002470149,,,,,,"m","cm",
1002470168,"7120253",1002470160,1,"10",1.45,3.07,"5","m","cm",6.28
1002470179,"7120254",1002470173,,,,,,"m","cm",
1002470196,"7120255",1002470188,1,"10",0.92,3.68,"5","m","cm",6.28
1002470207,"7120256",1002470201,,,,,,"m","cm",
1002470220,"7120257",1002470212,1,"10",0.92,3.68,"5","m","cm",6.28
1002470231,"7120258",1002470225,,,,,,"m","cm",
1002470245,"7120259",1002470237,1,"10",0.61,3.68,"5","m","cm",6.28
1002470257,"7120260",1002470251,,,,,,"m","cm",
1002470270,"7120261",1002470262,1,"10",0.61,3.68,"5","m","cm",6.28
1002470282,"7120262",1002470276,,,,,,"m","cm",
1002470294,"7120263",1002470286,1,"10",0.61,3.68,"5","m","cm",6.28
1002470307,"7120264",1002470301,,,,,,"m","cm",
1002474860,"7120348",1002474850,1,"10",0.92,5.52,"5","m","cm",6.28
1002474871,"7120349",1002474865,,,,,,"m","cm",
1002474885,"7120350",1002474875,1,"10",0.92,5.52,"5","m","cm",6.28
1002474896,"7120351",1002474890,,,,,,"m","cm",
1002474910,"7120352",1002474900,1,"10",0.92,5.52,"5","m","cm",6.28
1002475347,"7120380",1002475341,,,,,,"ft","inch",
1002610876,"7120462",1002610872,,,,,"5",,,
1002477634,"7120480",1002477624,,,,,,"ft","inch",
1002477755,"7120483",1002477745,,,,,,"ft","inch",
1002748922,"7120507",1002748921,,,1.50,4.50,,"m",,
1002748932,"7120507",1002748925,1,"10",,,"5","m","cm",3.10
1002611298,"7120508",1002611292,,,,,,,,
1002748944,"7120509",1002748943,,,16.00,20.60,,"m",,
1002748953,"7120509",1002748952,,,1.00,4.00,,"m",,
1002748962,"7120509",1002748961,,,15.80,20.20,,"m",,
1002748971,"7120509",1002748970,,,15.40,20.20,,"m",,
1002748980,"7120509",1002748979,,,0.50,3.50,,"m",,
1002748989,"7120509",1002748988,,,1.00,4.00,,"m",,
1002748998,"7120509",1002748997,,,1.00,4.00,,"m",,
1002749007,"7120509",1002749006,,,1.00,4.00,,"m",,
1002749016,"7120509",1002749010,1,"10",,,"5","m","cm",25.40
1002611536,"7120544",1002611529,,,,,,,,
1002622560,"7120715",1002622553,,,,,,"m","cm",
1002751243,"7121083",1002751242,,,1.50,4.50,,"m",,
1002751252,"7121083",1002751251,,,1.50,4.60,,"m",,
1002751261,"7121083",1002751260,,,2.10,5.10,,"m",,
1002751270,"7121083",1002751269,,,2.00,3.50,,"m",,
1002751279,"7121083",1002751278,,,1.80,4.80,,"m",,
1002751288,"7121083",1002751287,,,1.50,4.50,,"m",,
1002751297,"7121083",1002751296,,,1.50,4.50,,"m",,
1002751306,"7121083",1002751305,,,1.50,4.50,,"m",,
1002751315,"7121083",1002751314,,,3.00,4.50,,"m",,
1002751324,"7121083",1002751323,,,3.00,4.50,,"m",,
1002751336,"7121083",1002751327,1,"10",,,"5","m","cm",5.80
1002751348,"7121084",1002751347,,,1.00,2.10,,"m",,
1002751357,"7121084",1002751356,,,1.50,3.60,,"m",,
1002751366,"7121084",1002751360,1,"10",,,"5","m","cm",5.80
1002752515,"7121225",1002752514,,,1.22,4.27,,"m",,
1002752524,"7121225",1002752523,,,1.22,4.27,,"m",,
1002752533,"7121225",1002752532,,,1.50,4.57,,"m",,
1002752542,"7121225",1002752541,,,1.83,4.88,,"m",,
1002752555,"7121225",1002752545,1,"10",2.44,5.49,"5","m","cm",4.82
1002752669,"7121231",1002752668,,,1.50,3.66,,"m",,
1002752678,"7121231",1002752677,,,1.50,3.66,,"m",,
1002752687,"7121231",1002752686,,,1.50,3.66,,"m",,
1002752696,"7121231",1002752695,,,1.50,3.66,,"m",,
1002752709,"7121231",1002752699,1,"10",1.83,3.96,"5","m","cm",4.82
1002505594,"7121236",1002505584,1,"10",3.10,6.10,"5","m","cm",4.82
1002505611,"7121237",1002505600,1,"10",1.50,4.57,"5","m","cm",4.82
1002505627,"7121238",1002505617,1,"10",1.50,4.57,"5","m","cm",4.82
1002512183,"7121382",1002512171,,,,,,"m","cm",
1002621861,"7121400",1002621849,,,,,,,,
1002518571,"7121448",1002518553,,,,,,"m","cm",
1002519162,"7121452",1002519152,,,,,,"m","cm",
1002519300,"7121453",1002519289,,,,,,"m","cm",
1002519738,"7121459",1002519727,,,,,,"m","cm",
1002521227,"7121462",1002521216,,,,,,"m","cm",
1002521261,"7121463",1002521251,,,,,,"m","cm",
1002521293,"7121464",1002521283,,,,,,"m","cm",
1002521326,"7121465",1002521315,,,,,,"m","cm",
1002521465,"7121466",1002521454,,,,,,"m","cm",
1002521611,"7121467",1002521600,,,,,,"m","cm",
1002521651,"7121468",1002521642,,,,,,"m","cm",
1002521792,"7121469",1002521782,,,,,,"m","cm",
1002754475,"7121702",1002754474,,,11.00,11.60,,"m",,
1002754484,"7121702",1002754483,,,10.50,12.29,,"m",,
1002754493,"7121702",1002754492,,,5.50,7.00,,"m",,
1002754502,"7121702",1002754501,,,11.30,12.30,,"m",,
1002754511,"7121702",1002754510,,,6.00,9.00,,"m",,
1002754524,"7121702",1002754514,1,"10",,,"5","m","cm",5.80
1002504801,"7121785",1002504793,,,,,,"ft","inch",
1002504829,"7121787",1002504818,,,,,,"ft","inch",
1002504853,"7121789",1002504846,,,,,,"ft","inch",
1002507003,"7121792",1002506997,,,,,,"ft","inch",
1002507015,"7121793",1002507007,,,,,,"ft","inch",
1002507140,"7121798",1002507129,,,,,,"ft","inch",
1002507182,"7121799",1002507171,,,,,,"ft","inch",
1002507222,"7121800",1002507213,,,,,,"ft","inch",
1002507265,"7121801",1002507253,1,,,,,"ft","inch",
1002507317,"7121802",1002507296,1,,40.00,50.00,"5","ft","inch",1.25
1002507318,"7121802",1002507296,2,,95.00,105.00,"5","ft","inch",1.25
1002507319,"7121802",1002507296,3,,118.00,128.00,"5","ft","inch",1.25
1002507336,"7121803",1002507324,,,,,,"ft","inch",
1002507908,"7121804",1002507896,,,,,,"ft","inch",
1002508066,"7121807",1002508055,,,,,,"ft","inch",
1002508095,"7121808",1002508084,,,,,,"ft","inch",
1002508138,"7121809",1002508126,,,,,,"ft","inch",
1002508269,"7121811",1002508256,,,,,,"ft","inch",
1002508313,"7121812",1002508300,,,,,,"ft","inch",
1002508369,"7121813",1002508359,,,,,,"ft","inch",
1002508924,"7121814",1002508911,,,,,,"ft","inch",
1002508965,"7121815",1002508955,,,,,,"ft","inch",
1002509149,"7121816",1002509138,,,,,,"ft","inch",
1002509318,"7121820",1002509305,,,,,,"ft","inch",
1002509362,"7121821",1002509349,,,,,,"ft","inch",
1002509402,"7121822",1002509393,,,,,,"ft","inch",
1002509447,"7121823",1002509433,,,,,,"ft","inch",
1002509552,"7121824",1002509541,,,,,,"ft","inch",
1002513019,"7121938",1002513004,1,"10",130.00,180.00,"5","ft","inch",1.00
1002513020,"7121938",1002513004,2,"10",250.00,300.00,"5","ft","inch",1.00
1002513134,"7121939",1002513116,1,"10",127.00,177.00,"5","ft","mm",50.00
1002513135,"7121939",1002513116,2,"10",250.00,300.00,"5","ft","mm",50.00
1002755148,"7122189",1002755147,,,0.75,4.58,,"m",,
1002755156,"7122189",1002755155,,,0.75,4.58,,"m",,
1002755164,"7122189",1002755163,,,1.50,5.32,,"m",,
1002755172,"7122189",1002755171,,,1.00,5.12,,"m",,
1002755180,"7122189",1002755179,,,1.00,7.20,,"m",,
1002755192,"7122189",1002755183,1,"10",1.00,5.12,"5","m","cm",4.10
1002521511,"7122207",1002521502,1,"8",7.63,8.54,"1","m","cm",13.97
1002521710,"7122209",1002521703,,,,,,"m","cm",
1002526925,"7122396",1002526917,1,,0.00,22.00,"1","ft","inch",6.00
1002527018,"7122397",1002527010,1,,0.00,22.00,"1","ft","inch",6.00
1002527735,"7122424",1002527727,,,,,,"ft","inch",
1002527757,"7122425",1002527749,,,,,,"ft","inch",
1002527770,"7122426",1002527762,,,,,,"ft","inch",
1002534734,"7122468",1002534724,1,"10",1.22,4.27,"5","m","cm",4.82
1002534796,"7122469",1002534787,1,"10",1.50,4.57,"5","m","cm",4.82
1002534797,"7122469",1002534787,2,,,,,"m","cm",
1002757546,"7122529",1002757545,,,1.22,2.74,,"m",,
1002757555,"7122529",1002757554,,,0.91,2.44,,"m",,
1002757564,"7122529",1002757563,,,0.61,2.13,,"m",,
1002757576,"7122529",1002757567,1,"10",1.50,3.10,"5","m","cm",4.82
1002757589,"7122530",1002757588,,,0.91,2.44,,"m",,
1002757598,"7122530",1002757597,,,0.91,2.44,,"m",,
1002757607,"7122530",1002757606,,,0.91,2.44,,"m",,
1002757619,"7122530",1002757610,1,"10",1.22,2.74,"5","m","cm",4.21
1002757632,"7122534",1002757631,,,1.22,4.27,,"m",,
1002757641,"7122534",1002757640,,,0.61,3.66,,"m",,
1002757650,"7122534",1002757649,,,1.22,2.74,,"m",,
1002757659,"7122534",1002757658,,,0.61,1.50,,"m",,
1002757672,"7122534",1002757662,1,"10",1.83,4.88,"5","m","cm",3.34
1002757685,"7122535",1002757684,,,4.60,7.60,,"m",,
1002757694,"7122535",1002757693,,,8.80,11.80,,"m",,
1002757703,"7122535",1002757702,,,5.00,8.00,,"m",,
1002757712,"7122535",1002757711,,,4.60,7.60,,"m",,
1002757721,"7122535",1002757720,,,3.70,6.70,,"m",,
1002757730,"7122535",1002757729,,,3.00,9.20,,"m",,
1002757739,"7122535",1002757738,,,3.00,9.20,,"m",,
1002757748,"7122535",1002757747,,,3.00,8.50,,"m",,
1002757757,"7122535",1002757756,,,3.00,9.20,,"m",,
1002757766,"7122535",1002757765,,,5.18,8.50,,"m",,
1002757779,"7122535",1002757769,1,"10",,,"5","m","cm",4.00
1002541532,"7122571",1002541519,,,,,,"m","cm",
1002541680,"7122577",1002541666,,,,,,"m","cm",
1002757832,"7122580",1002757831,,,1.70,4.30,,"m",,
1002757841,"7122580",1002757840,,,1.80,4.60,,"m",,
1002757850,"7122580",1002757849,,,1.90,4.70,,"m",,
1002757859,"7122580",1002757858,,,4.60,5.10,,"m",,
1002757868,"7122580",1002757867,,,1.50,4.30,,"m",,
1002757877,"7122580",1002757876,,,4.60,5.10,,"m",,
1002757888,"7122580",1002757880,1,"10",,,"5","m","cm",5.80
1002799566,"7122601",1002799565,,,1.50,4.40,,"m",,
1002799575,"7122601",1002799574,,,5.00,6.80,,"m",,
1002799764,"7122604",1002799763,,,25.20,26.70,,"m",,
1002799773,"7122604",1002799772,,,16.80,19.80,,"m",,
1002799782,"7122604",1002799781,,,33.50,36.60,,"m",,
1002799899,"7122608",1002799898,,,7.83,6.31,,"m",,
1002799909,"7122608",1002799908,,,11.05,9.98,,"m",,
1002758202,"7122609",1002758201,,,4.29,2.76,,"m",,
1002541821,"7122622",1002541809,,,,,,"m","cm",
1002541858,"7122623",1002541844,,,,,,"m","cm",
1002542127,"7122625",1002542120,,,,,,"m","cm",
1002542319,"7122631",1002542309,1,,,,,"m","cm",
1002542358,"7122632",1002542346,,,,,,"m","cm",
1002542394,"7122633",1002542384,,,,,,"m","cm",
1002542488,"7122634",1002542475,,,,,,"m","cm",
1002545340,"7122643",1002545331,,,,,,"m","cm",
1002546762,"7122644",1002546749,,,,,,"m","cm",
1002549259,"7122671",1002549248,1,"10",3.50,5.00,"5","m","cm",5.80
1002549260,"7122671",1002549248,2,"10",6.50,8.30,"5","m","cm",5.80
1002549317,"7122672",1002549310,1,"10",0.40,1.30,"5","m","cm",5.80
1002758502,"7122676",1002758501,,,3.58,4.50,,"m",,
1002758511,"7122676",1002758510,,,3.35,4.87,,"m",,
1002758520,"7122676",1002758519,,,2.13,3.66,,"m",,
1002758529,"7122676",1002758528,,,2.13,3.66,,"m",,
1002758538,"7122676",1002758537,,,2.26,3.78,,"m",,
1002758547,"7122676",1002758546,,,2.03,3.56,,"m",,
1002758556,"7122676",1002758555,,,4.30,5.51,,"m",,
1002758565,"7122676",1002758564,,,3.96,5.30,,"m",,
1002758575,"7122676",1002758568,1,"10",3.58,4.50,"5","m","cm",4.10
1002758602,"7122680",1002758601,,,1.10,4.13,,"m",,
1002758611,"7122680",1002758610,,,0.90,4.58,,"m",,
1002758620,"7122680",1002758619,,,0.90,4.58,,"m",,
1002758629,"7122680",1002758628,,,1.20,5.20,,"m",,
1002758643,"7122680",1002758632,1,"10",1.10,4.13,"5","m","cm",6.00
1002549995,"7122745",1002549984,1,"10",3.96,7.01,"5","m","cm",4.82
1002550010,"7122746",1002550001,1,"10",2.44,5.49,"5","m","cm",4.82
1002550025,"7122747",1002550016,1,"10",8.00,18.00,"5","ft","inch",1.25
1002550174,"7122751",1002550165,1,"10",1.22,4.27,"5","m","cm",4.82
1002550213,"7122752",1002550205,1,"10",0.31,1.22,"5","m","cm",4.21
1002550449,"7122753",1002550441,1,"10",0.30,1.10,"5","m","cm",4.21
1002550466,"7122754",1002550455,1,"10",1.22,4.27,"5","m","cm",4.82
1002550565,"7122755",1002550555,1,"10",1.22,4.27,"5","m","cm",4.82
1002550581,"7122756",1002550571,1,"10",1.22,4.27,"5","m","cm",4.82
1002552920,"7122790",1002552910,1,"10",2.44,5.49,"5","m","cm",4.21
1002552933,"7122791",1002552926,1,,,,,"m","cm",6.03
1002761696,"7122840",1002761695,,,2.44,5.49,,"m",,
1002761705,"7122840",1002761704,,,2.44,4.27,,"m",,
1002761714,"7122840",1002761713,,,1.61,3.71,,"m",,
1002761727,"7122840",1002761717,1,"10",1.50,5.79,"5","m","cm",4.82
1002761742,"7122841",1002761741,,,1.50,4.57,,"m",,
1002761751,"7122841",1002761750,,,1.50,4.57,,"m",,
1002761760,"7122841",1002761759,,,1.50,4.57,,"m",,
1002761774,"7122841",1002761763,1,"10",,,"5","m","cm",4.21
1002554429,"7122859",1002554421,,,,,,"ft","inch",
1002762262,"7122877",1002762261,,,1.20,4.50,,"m",,
1002762271,"7122877",1002762270,,,1.20,4.50,,"m",,
1002762281,"7122877",1002762274,1,"10",,,"5","m","cm",3.80
1002762327,"7122986",1002762326,,,2.70,5.70,,"m",,
1002762336,"7122986",1002762335,,,1.65,1.96,,"m",,
1002762348,"7122986",1002762339,1,"10",,,"5","m","cm",5.80
1002762362,"7122987",1002762361,,,1.80,4.30,,"m",,
1002762371,"7122987",1002762370,,,6.00,7.50,,"m",,
1002762382,"7122987",1002762374,1,"10",,,"5","m","cm",5.80
1002762402,"7122988",1002762401,,,2.40,4.50,,"m",,
1002762411,"7122988",1002762410,,,2.20,4.40,,"m",,
1002762420,"7122988",1002762419,,,1.90,5.00,,"m",,
1002762429,"7122988",1002762428,,,1.50,4.50,,"m",,
1002762438,"7122988",1002762437,,,3.00,6.00,,"m",,
1002762449,"7122988",1002762441,1,"10",,,"5","m","cm",5.80
1002762462,"7122989",1002762461,,,2.80,5.80,,"m",,
1002762471,"7122989",1002762470,,,2.10,5.10,,"m",,
1002762480,"7122989",1002762479,,,1.80,4.50,,"m",,
1002762489,"7122989",1002762483,1,"10",,,"5","m","cm",5.80
1002762501,"7122990",1002762500,,,2.13,2.44,,"m",,
1002762510,"7122990",1002762509,,,2.29,2.59,,"m",,
1002762519,"7122990",1002762518,,,3.00,5.40,,"m",,
1002762528,"7122990",1002762527,,,3.00,7.00,,"m",,
1002762539,"7122990",1002762531,1,"10",,,"5","m","cm",5.80
1002762591,"7123203",1002762590,,,7.00,8.00,,"m",,
1002762600,"7123203",1002762599,,,2.00,5.10,,"m",,
1002762609,"7123203",1002762608,,,1.80,4.80,,"m",,
1002762618,"7123203",1002762617,,,1.50,4.50,,"m",,
1002762627,"7123203",1002762626,,,1.50,4.50,,"m",,
1002762636,"7123203",1002762635,,,1.50,3.30,,"m",,
1002762645,"7123203",1002762644,,,1.50,4.50,,"m",,
1002762658,"7123203",1002762648,1,"10",,,"5","m","cm",5.80
1003230855,"7123204",1003230854,,,3.00,4.70,,"m",,
1003230864,"7123204",1003230863,,,3.00,4.70,,"m",,
1003230873,"7123204",1003230872,,,5.00,8.20,,"m",,
1003230882,"7123204",1003230881,,,3.50,5.10,,"m",,
1003230891,"7123204",1003230890,,,3.50,5.10,,"m",,
1003230900,"7123204",1003230899,,,3.00,4.50,,"m",,
1003230909,"7123204",1003230908,,,3.30,4.80,,"m",,
1003230918,"7123204",1003230917,,,3.00,4.50,,"m",,
1003230927,"7123204",1003230926,,,3.00,4.50,,"m",,
1003230936,"7123204",1003230935,,,3.00,4.50,,"m",,
1003230952,"7123204",1003230939,1,"01",,,"5","m","cm",5.80
1002762670,"7123220",1002762669,,,3.00,6.20,,"m",,
1002762679,"7123220",1002762678,,,3.00,6.20,,"m",,
1002762688,"7123220",1002762687,,,3.00,6.20,,"m",,
1002762697,"7123220",1002762696,,,3.00,6.20,,"m",,
1002762705,"7123220",1002762700,1,"10",,,"5","m","cm",5.80
1002762717,"7123221",1002762716,,,3.20,6.30,,"m",,
1002762726,"7123221",1002762725,,,3.00,6.10,,"m",,
1002762735,"7123221",1002762734,,,1.20,4.30,,"m",,
1002762746,"7123221",1002762738,1,"10",,,"5","m","cm",5.80
1002571681,"7123222",1002571671,,,,,,"ft","inch",
1002572535,"7123232",1002572523,,,,,,"m","cm",
1002572606,"7123233",1002572595,,,,,,"m","cm",
1002572679,"7123234",1002572670,,,,,,"m","cm",
1002572734,"7123235",1002572722,,,,,,"m","cm",
1002572841,"7123236",1002572834,,,,,,"m","cm",
1002572981,"7123237",1002572974,,,,,,"m","cm",
1002573000,"7123238",1002572985,,,,,,"m","cm",
1002573130,"7123239",1002573115,,,,,,"m","cm",
1002573203,"7123240",1002573190,,,,,,"m","cm",
1002573330,"7123241",1002573320,,,,,,"m","cm",
1002573406,"7123242",1002573394,,,,,,"m","cm",
1002573431,"7123243",1002573425,,,,,,"m","cm",
1002573445,"7123244",1002573435,,,,,,"m","cm",
1002573476,"7123245",1002573466,,,,,,"m","cm",
1002573567,"7123247",1002573557,,,,,,"m","cm",
1002574001,"7123248",1002573989,,,,,,"m","cm",
1002574070,"7123249",1002574059,,,,,,"m","cm",
1002763879,"7123330",1002763878,,,9.30,13.92,,"m",,
1002763888,"7123330",1002763887,,,9.30,13.92,,"m",,
1002763897,"7123330",1002763891,1,"10",,,"5","m","cm",5.80
1002720795,"7123332",1002720788,1,"10",,,"5","m","cm",5.80
1002720806,"7123332",1002720805,,,1.50,6.10,,"m",,
1002720815,"7123332",1002720814,,,1.50,6.10,,"m",,
1002720824,"7123332",1002720823,,,1.50,6.10,,"m",,
1002582078,"7123449",1002582068,,,,,,"ft","inch",
1002764502,"7123540",1002764501,,,1.40,4.40,,"m",,
1002764511,"7123540",1002764510,,,0.70,3.70,,"m",,
1002764520,"7123540",1002764519,,,0.70,3.70,,"m",,
1002764529,"7123540",1002764528,,,1.00,4.00,,"m",,
1002764538,"7123540",1002764537,,,0.70,3.70,,"m",,
1002764551,"7123540",1002764541,1,"10",,,"5","m","cm",5.80
1002588985,"7123554",1002588977,1,"10",0.33,5.00,"5","m","cm",6.28
1002589050,"7123555",1002589041,1,"10",2.00,6.00,"5","m","cm",6.28
1002589104,"7123556",1002589096,1,"10",0.30,5.00,"5","m","cm",6.28
1002591048,"7123641",1002591038,,,,,,"ft","inch",
1002591131,"7123643",1002591120,,,,,,"ft","inch",
1002591202,"7123645",1002591191,,,,,,"ft","inch",
1002591385,"7123649",1002591375,,,,,,"ft","inch",
1002592074,"7123651",1002592064,,,,,,"ft","inch",
1002592171,"7123653",1002592157,,,,,,"ft","inch",
1002592415,"7123656",1002592401,,,,,,"ft","inch",
1002592811,"7123659",1002592798,,,,,,"ft","inch",
1002593107,"7123662",1002593097,,,,,,"ft","inch",
1002593360,"7123665",1002593347,,,,,,"ft","inch",
1002593445,"7123666",1002593433,,,,,,"ft","inch",
1002594579,"7123672",1002594572,,,,,,"ft","inch",
1002764563,"7123673",1002764562,,,2.50,4.00,,"m",,
1002764572,"7123673",1002764571,,,2.50,4.50,,"m",,
1002764584,"7123673",1002764575,1,"10",,,"5","m","cm",3.80
1002764596,"7123674",1002764595,,,4.50,6.00,,"m",,
1002764607,"7123674",1002764599,1,"10",,,"5","m","cm",5.80
1002764673,"7123675",1002764672,,,3.00,6.00,,"m",,
1002764682,"7123675",1002764681,,,3.00,6.00,,"m",,
1002764694,"7123675",1002764693,,,3.00,6.00,,"m",,
1002764706,"7123675",1002764705,,,3.70,6.70,,"m",,
1002764715,"7123675",1002764714,,,4.60,7.60,,"m",,
1002764745,"7123675",1002764733,1,"10",,,"5","m","cm",5.80
1002764883,"7123676",1002764882,,,,,,,,
1002764892,"7123676",1002764891,,,,,,,,
1002764901,"7123676",1002764900,,,,,,,,
1002598219,"7123750",1002598211,1,"10",2.50,10.50,"5","ft","inch",2.37
1002598255,"7123751",1002598246,1,"10",0.91,2.44,"5","m","cm",4.21
1002598270,"7123752",1002598261,1,"10",0.70,2.80,"5","m","cm",4.21
1002766428,"7123835",1002766427,,,1.22,4.27,,"m",,
1002766437,"7123835",1002766436,,,1.50,4.57,,"m",,
1002766449,"7123835",1002766440,1,"10",1.50,4.57,"5","m","cm",4.82
1002766722,"7123852",1002766721,,,2.44,3.96,,"m",,
1002766731,"7123852",1002766730,,,2.80,3.50,,"m",,
1002766740,"7123852",1002766739,,,2.30,3.20,,"m",,
1002766753,"7123852",1002766743,1,"10",2.44,3.96,"5","m","cm",6.03
1002766872,"7123873",1002766871,,,1.50,2.74,,"m",,
1002766884,"7123873",1002766875,1,"10",1.50,3.35,"5","m","cm",4.82
1002604453,"7123924",1002604440,,,,,,"ft","inch",
1002604539,"7123925",1002604527,,,,,,"ft","inch",
1002604691,"7123926",1002604678,,,,,,"ft","inch",
1002604781,"7123927",1002604770,,,,,,"ft","inch",
1002606943,"7123966",1002606935,,,,,,"ft","inch",
1002609377,"7124007",1002609367,,,,,,"m","cm",
1002609393,"7124008",1002609382,,,,,,"m","cm",
1002609476,"7124010",1002609467,,,,,,"m","cm",
1002609491,"7124011",1002609481,,,,,,"m","cm",
1002609505,"7124012",1002609496,,,,,,"m","cm",
1002609576,"7124013",1002609562,,,,,,"m","cm",
1002609632,"7124014",1002609620,,,,,,"m","cm",
1002596503,"7124076",1002596495,,,,,,,,
1002617191,"7124099",1002617181,1,"10",1.50,4.50,"5","m","cm",5.80
1002767722,"7124106",1002767721,,,6.00,9.00,,"m",,
1002767731,"7124106",1002767730,,,5.00,8.00,,"m",,
1002767740,"7124106",1002767739,,,5.50,7.40,,"m",,
1002767749,"7124106",1002767748,,,6.00,8.50,,"m",,
1002767758,"7124106",1002767757,,,1.50,4.50,,"m",,
1002767767,"7124106",1002767766,,,1.50,4.50,,"m",,
1002767776,"7124106",1002767775,,,5.50,8.50,,"m",,
1002767785,"7124106",1002767784,,,1.50,4.50,,"m",,
1002767794,"7124106",1002767793,,,6.10,9.10,,"m",,
1002767803,"7124106",1002767802,,,1.50,4.50,,"m",,
1002767814,"7124106",1002767806,1,"10",,,"5","m","cm",5.80
1002768499,"7124281",1002768498,,,1.80,4.80,,"m",,
1002768508,"7124281",1002768507,,,1.80,4.80,,"m",,
1002768517,"7124281",1002768516,,,1.80,4.80,,"m",,
1002768526,"7124281",1002768525,,,1.80,4.80,,"m",,
1002768535,"7124281",1002768534,,,1.80,4.80,,"m",,
1002768545,"7124281",1002768538,1,"10",,,"5","m","cm",3.90
1002768822,"7124282",1002768821,,,8.50,12.10,,"m",,
1002768831,"7124282",1002768830,,,9.00,12.10,,"m",,
1002768840,"7124282",1002768839,,,9.00,12.00,,"m",,
1002768849,"7124282",1002768848,,,4.50,6.10,,"m",,
1002768858,"7124282",1002768857,,,4.50,6.10,,"m",,
1002768867,"7124282",1002768866,,,4.50,6.10,,"m",,
1002768876,"7124282",1002768875,,,4.50,6.10,,"m",,
1002768885,"7124282",1002768884,,,3.00,4.50,,"m",,
1002768894,"7124282",1002768893,,,4.50,6.10,,"m",,
1002768903,"7124282",1002768902,,,3.00,4.50,,"m",,
1002768913,"7124282",1002768906,1,"10",,,,"m","cm",5.80
1002545556,"7124408",1002545546,1,"10",1.22,4.27,"5","m","cm",4.82
1002545638,"7124409",1002545629,1,"10",0.60,3.66,"5","m","cm",4.82
1002545656,"7124410",1002545647,1,"10",1.83,3.35,"5","m","cm",4.82
1002545671,"7124411",1002545662,1,"10",0.60,3.66,"5","m","cm",4.87
1002801260,"7124432",1002801259,,,1.83,4.88,,"m",,
1002801269,"7124432",1002801268,,,1.83,4.88,,"m",,
1002801278,"7124432",1002801277,,,1.83,4.88,,"m",,
1002801287,"7124432",1002801286,,,1.83,4.88,,"m",,
1002801296,"7124432",1002801295,,,1.83,4.88,,"m",,
1002801305,"7124432",1002801304,,,0.61,2.13,,"m",,
1002801314,"7124432",1002801313,,,0.61,2.13,,"m",,
1002801323,"7124432",1002801322,,,0.61,2.13,,"m",,
1002801344,"7124432",1002801339,1,"10",1.83,4.88,"5","m","cm",4.82
1002548038,"7124448",1002548030,1,"10",2.74,5.79,"5","ft","inch",4.21
1002801658,"7124449",1002801657,,,2.44,3.96,,"m",,
1002801667,"7124449",1002801666,,,1.50,4.57,,"m",,
1002801676,"7124449",1002801675,,,1.22,2.74,,"m",,
1002801685,"7124449",1002801684,,,3.10,6.10,,"m",,
1002801694,"7124449",1002801693,,,2.74,5.79,,"m",,
1002801703,"7124449",1002801702,,,1.50,4.57,,"m",,
1002801712,"7124449",1002801711,,,0.91,3.96,,"m",,
1002801721,"7124449",1002801720,,,2.74,5.79,,"m",,
1002801730,"7124449",1002801729,,,2.74,5.79,,"m",,
1002801739,"7124449",1002801738,,,1.22,3.66,,"m",,
1002801751,"7124449",1002801742,1,"10",1.83,4.88,"5","m","cm",4.21
1002548813,"7124467",1002548802,,,,,,"ft","inch",
1002550483,"7124489",1002550472,,,,,,"m","cm",
1002550598,"7124491",1002550587,,,,,,"m","cm",
1002550681,"7124492",1002550669,,,,,,"m","cm",
1002550730,"7124493",1002550724,,,,,,"m","cm",
1002550740,"7124494",1002550734,,,,,,"m","cm",
1002550779,"7124495",1002550770,,,,,,"m","cm",
1002550830,"7124496",1002550819,,,,,,"m","cm",
1002550862,"7124497",1002550856,,,,,,"m","cm",
1002550967,"7124500",1002550955,,,,,,"m","cm",
1002551002,"7124501",1002550990,,,,,,"m","cm",
1002551039,"7124502",1002551033,,,,,,"m","cm",
1002551049,"7124503",1002551043,,,,,,"m","cm",
1002551059,"7124504",1002551053,,,,,,"m","cm",
1002551069,"7124505",1002551063,,,,,,"m","cm",
1002551079,"7124506",1002551073,,,,,,"m","cm",
1002551089,"7124507",1002551083,,,,,,"m","cm",
1002551099,"7124508",1002551093,,,,,,"m","cm",
1002551109,"7124509",1002551103,,,,,,"m","cm",
1002551119,"7124510",1002551113,,,,,,"m","cm",
1002551129,"7124511",1002551123,,,,,,"m","cm",
1002551139,"7124512",1002551133,,,,,,"m","cm",
1002551149,"7124513",1002551143,,,,,,"m","cm",
1002551159,"7124514",1002551153,,,,,,"m","cm",
1002551169,"7124515",1002551163,,,,,,"m","cm",
1002551179,"7124516",1002551173,,,,,,"m","cm",
1002551248,"7124517",1002551242,,,,,,"m","cm",
1002551306,"7124518",1002551300,,,,,,"m","cm",
1002551367,"7124519",1002551349,,,,,,"m","cm",
1002802809,"7124632",1002802808,,,0.50,1.20,,"m",,
1002802818,"7124632",1002802817,,,0.50,1.20,,"m",,
1002802825,"7124632",1002802821,1,"10",,,"5","m","cm",8.50
1002586285,"7124661",1002586276,,,,,,"m","cm",
1002560329,"7124694",1002560317,,,,,,"m","cm",
1002564428,"7124843",1002564420,1,"10",1.84,3.07,"5","m","cm",6.28
1002591426,"7125248",1002591416,,,,,,"m","cm",
1002592457,"7125252",1002592446,1,,,,,"m","cm",
1002592553,"7125254",1002592541,,,,,,"m","cm",
1002592634,"7125255",1002592621,,,,,,"m","cm",
1002592949,"7125259",1002592939,,,,,,"m","cm",
1002619197,"7125264",1002619189,,,,,,,,
1002619310,"7125266",1002619306,,,,,,,,
1002619338,"7125267",1002619330,,,,,,,,
1002619411,"7125268",1002619403,,,,,,,,
1002592989,"7125271",1002592980,,,,,,"m","cm",
1002807662,"7125525",1002807661,,,1.30,3.60,,"m",,
1002807671,"7125525",1002807670,,,1.50,4.50,,"m",,
1002807680,"7125525",1002807679,,,1.50,4.50,,"m",,
1002807689,"7125525",1002807688,,,1.50,4.50,,"m",,
1002807698,"7125525",1002807697,,,1.50,4.50,,"m",,
1002807707,"7125525",1002807706,,,1.40,4.40,,"m",,
1002807716,"7125525",1002807715,,,1.20,3.70,,"m",,
1002807725,"7125525",1002807724,,,1.00,4.00,,"m",,
1002807734,"7125525",1002807733,,,1.50,4.50,,"m",,
1002807743,"7125525",1002807742,,,1.60,4.60,,"m",,
1002807752,"7125525",1002807746,1,"10",,,"5","m","cm",3.80
1002602845,"7125541",1002602836,,,,,,"m","cm",
1002603031,"7125543",1002603022,,,,,,"m","cm",
1002603068,"7125544",1002603062,,,,,,"m","cm",
1002607248,"7125604",1002607242,,,,,,"m","cm",
1002635965,"7125856",1002635956,,,,,,"ft","inch",
1002636002,"7125857",1002635996,,,,,,"ft","inch",
1002636012,"7125858",1002636006,,,,,,"ft","inch",
1002636188,"7125863",1002636182,,,,,,"ft","inch",
1002808412,"7125887",1002808411,,,1.50,7.60,,"m",,
1002808421,"7125887",1002808420,,,1.50,4.60,,"m",,
1002808430,"7125887",1002808429,,,1.50,4.60,,"m",,
1002808439,"7125887",1002808438,,,1.50,4.60,,"m",,
1002808454,"7125887",1002808442,1,".01",,,"5","m","cm",6.40
1002636937,"7125915",1002636931,,,,,,"ft","inch",
1002713560,"7126021",1002713559,,,1.30,2.20,,"m",,
1002713569,"7126021",1002713568,,,3.00,4.80,,"m",,
1002713578,"7126021",1002713577,,,2.30,4.10,,"m",,
1002713591,"7126021",1002713581,1,"10",,,"5","m","cm",5.80
1002641705,"7126055",1002641695,1,".1",7.00,17.00,"5","ft","inch",2.25
1002641805,"7126061",1002641797,1,".1",10.00,15.00,"5","ft","inch",2.25
1002648487,"7126163",1002648479,1,"10",2.00,3.50,"5","m","cm",5.80
1002808770,"7126164",1002808769,,,7.20,10.20,,"m",,
1002808779,"7126164",1002808778,,,3.50,6.50,,"m",,
1002808788,"7126164",1002808787,,,2.80,4.30,,"m",,
1002808797,"7126164",1002808796,,,5.50,8.50,,"m",,
1002808806,"7126164",1002808805,,,5.50,7.10,,"m",,
1002808815,"7126164",1002808814,,,6.70,9.70,,"m",,
1002808824,"7126164",1002808823,,,2.00,3.50,,"m",,
1002808833,"7126164",1002808832,,,3.60,6.60,,"m",,
1002808842,"7126164",1002808841,,,4.50,6.10,,"m",,
1002808854,"7126164",1002808845,1,"10",,,"5","m","cm",5.80
1002635947,"7126380",1002635936,1,"10",1.50,4.57,"5","m","cm",4.82
1002638063,"7126432",1002638055,1,"10",7.00,12.00,"5","ft","inch",1.25
1002638076,"7126433",1002638068,1,"10",5.00,15.00,"5","ft","inch",1.25
1002638163,"7126434",1002638154,1,"10",5.00,15.00,"5","ft","inch",1.25
1002809567,"7126483",1002809566,,,1.50,4.57,,"m",,
1002809575,"7126483",1002809574,,,1.50,4.57,,"m",,
1002809587,"7126483",1002809578,1,"10",1.50,4.57,"5","m","cm",4.82
1002809753,"7126502",1002809752,,,1.83,4.88,,"m",,
1002809763,"7126502",1002809762,,,1.83,4.88,,"m",,
1002809773,"7126502",1002809772,,,1.83,4.88,,"m",,
1002809783,"7126502",1002809782,,,1.83,4.88,,"m",,
1002809793,"7126502",1002809792,,,1.83,4.88,,"m",,
1002809802,"7126502",1002809796,1,"10",,,"5","m","cm",4.82
1002809901,"7126519",1002809900,,,,,,,,
1002809910,"7126519",1002809909,,,,,,,,
1002809919,"7126519",1002809918,,,,,,,,
1002809928,"7126519",1002809927,,,,,,,,
1002649001,"7126540",1002648995,,,,,,"ft","inch",
1002590716,"7126541",1002590710,,,,,,"m","cm",
1002649027,"7126542",1002649021,,,,,,"m","cm",
1002649113,"7126543",1002649102,,,,,,"ft","inch",
1002649257,"7126545",1002649245,,,,,,"ft","inch",
1002650018,"7126554",1002650006,,,,,,"ft","inch",
1002650124,"7126555",1002650111,,,,,,"ft","inch",
1002650237,"7126556",1002650226,,,,,,"ft","inch",
1002650300,"7126557",1002650290,,,,,,"ft","inch",
1002650480,"7126558",1002650466,,,,,,"ft","inch",
1002650586,"7126559",1002650574,,,,,,"ft","inch",
1002650663,"7126560",1002650651,,,,,,"ft","inch",
1003349905,"7126600",1003349896,,,,,,"m","cm",
1003349917,"7126601",1003349908,,,,,,"m","cm",
1002651575,"7126621",1002651568,,,,,,"ft","inch",
1002652022,"7126622",1002652016,,,,,,"ft","inch",
1002652767,"7126633",1002652757,,,,,,"ft","inch",
1002652848,"7126634",1002652838,,,,,,"ft","inch",
1002653035,"7126636",1002653023,,,,,,"ft","inch",
1002653416,"7126639",1002653404,,,,,,"ft","inch",
1002653508,"7126640",1002653497,,,,,,"ft","inch",
1002653636,"7126641",1002653624,,,,,,"ft","inch",
1002654026,"7126651",1002654015,,,,,,"ft","inch",
1002654317,"7126657",1002654304,,,,,,"ft","inch",
1002654612,"7126658",1002654601,,,,,,"ft","inch",
1002655062,"7126661",1002655052,,,,,,"ft","inch",
1002655117,"7126662",1002655106,,,,,,"ft","inch",
1002655538,"7126666",1002655527,,,,,,"ft","inch",
1002655582,"7126667",1002655571,,,,,,"ft","inch",
1002655696,"7126668",1002655686,,,,,,"ft","inch",
1002655790,"7126669",1002655778,,,,,,"ft","inch",
1002656366,"7126682",1002656358,1,"10",2.40,3.90,"5","m","cm",4.10
1002798765,"7126799",1002798753,,,,,,"ft","inch",
1002798827,"7126800",1002798815,,,,,,"ft","inch",
1002798888,"7126801",1002798877,,,,,,"ft","inch",
1002799118,"7126803",1002799105,,,,,,"ft","inch",
1002799304,"7126804",1002799295,,,,,,"ft","inch",
1002800098,"7126805",1002800084,,,,,,"ft","inch",
1002800178,"7126806",1002800166,,,,,,"ft","inch",
1002800288,"7126808",1002800277,,,,,,"ft","inch",
1002800920,"7126809",1002800909,,,,,,"ft","inch",
1002801112,"7126811",1002801101,,,,,,"ft","inch",
1002801209,"7126812",1002801198,,,,,,"ft","inch",
1002801466,"7126822",1002801455,,,,,,"m","cm",
1002801626,"7126823",1002801616,,,,,,"m","cm",
1002713701,"7126862",1002713693,,,,,,"ft","inch",
1002873544,"7126963",1002873535,,,,,,"ft","inch",
1002873599,"7126964",1002873589,,,,,,"ft","inch",
1002873880,"7126965",1002873870,,,,,,"ft","inch",
1002873941,"7126966",1002873929,,,,,,"ft","inch",
1002874054,"7126967",1002874044,,,,,,"ft","inch",
1002723109,"7126968",1002723095,,,,,,"ft","inch",
1002875727,"7126971",1002875715,,,,,,"ft","inch",
1002876441,"7127022",1002876430,,,,,,"ft","inch",
1002652668,"7127099",1002652662,,,,,,"m","cm",
1002652686,"7127100",1002652672,,,,,,"m","cm",
1002652941,"7127103",1002652931,,,,,,"m","cm",
1002652985,"7127104",1002652972,,,,,,"m","cm",
1002653215,"7127107",1002653209,,,,,,"m","cm",
1002653237,"7127108",1002653231,,,,,,"m","cm",
1002653247,"7127109",1002653241,,,,,,"m","cm",
1002653262,"7127110",1002653251,,,,,,"m","cm",
1002653334,"7127111",1002653323,,,,,,"m","cm",
1002653377,"7127112",1002653364,,,,,,"m","cm",
1002653457,"7127113",1002653447,,,,,,"m","cm",
1002653482,"7127114",1002653476,,,,,,"m","cm",
1002653548,"7127115",1002653539,,,,,,"m","cm",
1002653594,"7127116",1002653583,,,,,,"m","cm",
1002653846,"7127118",1002653832,,,,,,"m","cm",
1002653887,"7127119",1002653876,,,,,,"m","cm",
1002653971,"7127120",1002653960,,,,,,"m","cm",
1002654142,"7127122",1002654136,,,,,,"m","cm",
1002654152,"7127123",1002654146,,,,,,"m","cm",
1002654172,"7127124",1002654166,,,,,,"m","cm",
1002654227,"7127125",1002654218,,,,,,"m","cm",
1002654260,"7127126",1002654250,,,,,,"m","cm",
1002654297,"7127127",1002654290,,,,,,"m","cm",
1002654359,"7127128",1002654348,,,,,,"m","cm",
1002654404,"7127129",1002654392,,,,,,"m","cm",
1002654452,"7127130",1002654442,,,,,,"m","cm",
1002654482,"7127131",1002654471,,,,,,"m","cm",
1002654514,"7127132",1002654508,,,,,,"m","cm",
1002654653,"7127135",1002654643,,,,,,"m","cm",
1002654736,"7127136",1002654727,,,,,,"m","cm",
1002669112,"7127170",1002669105,,,,,,"m","cm",
1002879962,"7127226",1002879954,1,"10",3.00,4.50,"5","m","cm",5.80
1002810631,"7127229",1002810630,,,0.60,3.60,,"m",,
1002810640,"7127229",1002810639,,,0.60,3.60,,"m",,
1002810649,"7127229",1002810648,,,0.60,3.60,,"m",,
1002810658,"7127229",1002810657,,,0.60,3.60,,"m",,
1002810667,"7127229",1002810666,,,0.60,3.60,,"m",,
1002810676,"7127229",1002810675,,,0.60,3.60,,"m",,
1002810685,"7127229",1002810684,,,0.60,3.60,,"m",,
1002810694,"7127229",1002810693,,,0.60,3.60,,"m",,
1002810703,"7127229",1002810702,,,0.60,3.60,,"m",,
1002810714,"7127229",1002810706,1,"10",,,"5","m","cm",5.80
1002884941,"7127258",1002884927,,,,,,"m","cm",
1002885368,"7127263",1002885362,,,,,,"ft","inch",
1002714299,"7127264",1002714283,,,,,,"m","cm",
1002794266,"7127361",1002794265,,,10.50,18.30,,"m",,
1002794275,"7127361",1002794274,,,10.50,18.30,,"m",,
1002794284,"7127361",1002794283,,,10.50,18.30,,"m",,
1002794294,"7127361",1002794287,1,"10",,,"5","m","cm",5.80
1002794422,"7127364",1002794421,,,3.50,7.37,,"m",,
1002794431,"7127364",1002794425,1,"10",,,"5","m","cm",3.80
1002794443,"7127365",1002794442,,,8.30,12.00,,"m",,
1002794452,"7127365",1002794451,,,8.50,12.00,,"m",,
1002794461,"7127365",1002794455,1,"10",,,"5","m","cm",5.80
1002794642,"7127369",1002794641,,,1.11,4.11,,"m",,
1002794651,"7127369",1002794650,,,2.06,5.10,,"m",,
1002794662,"7127369",1002794654,1,"10",,,"5","m","cm",5.80
1002794728,"7127524",1002794718,1,"10",1.20,2.70,"5","m","cm",6.00
1002923367,"7127633",1002923358,,,,,,"ft","inch",
1002929633,"7127693",1002929624,,,,,,"m","cm",
1002929647,"7127694",1002929638,,,,,,"m","cm",
1002929662,"7127695",1002929652,,,,,,"m","cm",
1002929676,"7127696",1002929667,,,,,,"m","cm",
1002929690,"7127697",1002929681,1,,,,,"m","cm",
1002929703,"7127698",1002929695,,,,,,"m","cm",
1002929717,"7127699",1002929708,,,,,,"m","cm",
1002929731,"7127706",1002929722,1,"10",0.60,3.70,"5","m","cm",4.10
1002931588,"7127737",1002931577,1,"10",2.13,3.66,"5","m","cm",4.82
1002814891,"7127848",1002814890,,,1.83,4.88,,"m",,
1002814900,"7127848",1002814899,,,1.83,4.88,,"m",,
1002814909,"7127848",1002814908,,,1.83,4.88,,"m",,
1002814922,"7127848",1002814912,1,"10",1.83,4.88,"5","m","cm",4.21
1002958495,"7127849",1002958487,1,,,,,"ft","inch",4.21
1002815569,"7127876",1002815568,,,7.00,17.00,,"ft",,
1002815578,"7127876",1002815577,,,8.00,18.00,,"ft",,
1002815587,"7127876",1002815586,,,5.00,20.00,,"ft",,
1002815596,"7127876",1002815595,,,8.00,20.00,,"ft",,
1002815605,"7127876",1002815604,,,6.00,20.00,,"ft",,
1002815614,"7127876",1002815613,,,10.00,25.00,,"ft",,
1002815626,"7127876",1002815617,1,"10",,,"5","ft","inch",1.50
1002733244,"7127905",1002733233,,,,,,,,
1002816321,"7127951",1002816320,,,2.13,3.66,,"m",,
1002816330,"7127951",1002816329,,,2.13,3.66,,"m",,
1002816339,"7127951",1002816338,,,2.13,3.66,,"m",,
1002816348,"7127951",1002816347,,,2.13,3.66,,"m",,
1002816357,"7127951",1002816356,,,2.13,3.66,,"m",,
1002816368,"7127951",1002816360,1,"10",2.13,3.66,"5","m","cm",4.82
1002972664,"7128283",1002972655,1,"10",1.50,3.00,"5","m","cm",4.10
1002929848,"7128463",1002929844,,,,,"5",,,
1002817512,"7128487",1002817511,,,2.80,5.80,,"m",,
1002817521,"7128487",1002817520,,,2.60,5.70,,"m",,
1002817531,"7128487",1002817524,1,"10",,,"5","m","cm",5.80
1002817542,"7128488",1002817541,,,1.50,4.50,,"m",,
1002817550,"7128488",1002817549,,,1.50,4.50,,"m",,
1002817558,"7128488",1002817557,,,1.50,4.50,,"m",,
1002817566,"7128488",1002817565,,,1.50,4.50,,"m",,
1002817574,"7128488",1002817573,,,1.50,4.50,,"m",,
1002817582,"7128488",1002817581,,,1.50,4.50,,"m",,
1002817590,"7128488",1002817589,,,1.50,4.50,,"m",,
1002817598,"7128488",1002817597,,,1.50,3.00,,"m",,
1002817606,"7128488",1002817605,,,1.50,4.50,,"m",,
1002817616,"7128488",1002817609,1,"10",,,"5","m","cm",5.80
1002817681,"7128489",1002817680,,,1.20,4.30,,"m",,
1002817690,"7128489",1002817689,,,1.20,4.30,,"m",,
1002817700,"7128489",1002817693,1,"10",,,"5","m","cm",5.80
1002817711,"7128490",1002817710,,,3.40,4.90,,"m",,
1002817720,"7128490",1002817719,,,2.50,4.90,,"m",,
1002817729,"7128490",1002817728,,,2.60,4.60,,"m",,
1002817738,"7128490",1002817737,,,2.50,5.50,,"m",,
1002817747,"7128490",1002817746,,,2.50,5.50,,"m",,
1002817756,"7128490",1002817755,,,1.90,4.90,,"m",,
1002817765,"7128490",1002817764,,,1.60,4.60,,"m",,
1002817776,"7128490",1002817768,1,"10",,,"5","m","cm",5.80
1002817907,"7128491",1002817906,,,5.30,8.30,,"m",,
1002817916,"7128491",1002817915,,,4.60,7.60,,"m",,
1002817925,"7128491",1002817919,1,"10",,,"5","m","cm",5.80
1002835186,"7128610",1002835179,,,,,,"ft","inch",
1002835223,"7128611",1002835216,,,,,,"ft","inch",
1002835310,"7128614",1002835298,,,,,,"ft","inch",
1002835351,"7128615",1002835341,,,,,,"ft","inch",
1002835433,"7128617",1002835423,,,,,,"ft","inch",
1002835476,"7128618",1002835464,,,,,,"ft","inch",
1002835519,"7128619",1002835507,,,,,,"ft","inch",
1002835728,"7128624",1002835718,,,,,,"ft","inch",
1002835825,"7128626",1002835815,,,,,,"ft","inch",
1002835948,"7128629",1002835939,,,,,,"ft","inch",
1002836116,"7128633",1002836104,1,,,,,"ft","inch",
1002836159,"7128634",1002836147,,,,,,"ft","inch",
1002836202,"7128635",1002836190,,,,,,"ft","inch",
1002721922,"7128640",1002721915,,,,,"1",,,
1002721964,"7128641",1002721955,,,,,,,,
1002722004,"7128642",1002721995,,,,,,,,
1002722194,"7128647",1002722184,,,,,,,,
1002715677,"7128814",1002715668,,,,,,"m","cm",
1002715755,"7128817",1002715749,,,,,,"m","cm",
1002837828,"7128991",1002837816,1,"4",14.00,17.00,"1","ft","inch",5.50
1002839075,"7129102",1002839069,,,,,,"ft","inch",
1002839225,"7129106",1002839219,,,,,,"m","cm",
1002839706,"7129151",1002839695,,,,,,"m","cm",
1002839735,"7129152",1002839729,,,,,,"m","cm",
1002839802,"7129154",1002839793,,,,,,"m","cm",
1002716158,"7129165",1002716151,,,,,,"m","cm",
1002840375,"7129174",1002840367,,,,,,"m","cm",
1002840727,"7129240",1002840716,,,,,,"m","cm",
1002840769,"7129241",1002840758,,,,,,"m","cm",
1002840811,"7129242",1002840800,,,,,,"m","cm",
1002840852,"7129243",1002840842,,,,,,"m","cm",
1002840972,"7129252",1002840963,1,"8",10.98,12.20,"1","m","cm",13.97
1002841013,"7129253",1002841003,1,"8",6.00,7.32,"1","m","cm",13.97
1002841052,"7129254",1002841044,1,"8",14.34,15.56,"1","m","cm",13.96
1002841092,"7129255",1002841083,1,"8",14.64,15.86,"1","m","cm",13.97
1002820258,"7129289",1002820257,,,0.80,2.80,,"m",,
1002820267,"7129289",1002820266,,,0.50,2.30,,"m",,
1002820276,"7129289",1002820275,,,0.90,2.80,,"m",,
1002820285,"7129289",1002820284,,,0.90,2.70,,"m",,
1002820294,"7129289",1002820293,,,2.50,3.70,,"m",,
1002820303,"7129289",1002820302,,,0.80,2.50,,"m",,
1002820311,"7129289",1002820306,1,"10",,,"5","m","cm",5.80
1002846144,"7129612",1002846134,,,,,,"m","cm",
1002846207,"7129613",1002846195,,,,,,"m","cm",
1002846259,"7129614",1002846247,,,,,,"m","cm",
1002846357,"7129616",1002846347,,,,,,"m","cm",
1002846409,"7129617",1002846397,,,,,,"m","cm",
1002854717,"7129960",1002854708,1,"10",0.61,3.66,"5","m","cm",4.82
1002854731,"7129961",1002854723,1,"10",1.22,4.27,"5","m","cm",4.82
1002855356,"7130023",1002855346,1,"10",0.91,5.49,"5","m","cm",4.82
1002855370,"7130024",1002855362,1,"10",1.50,4.57,"5","m","cm",4.82
1002856736,"7130060",1002856727,1,"10",3.00,8.00,"5","ft","inch",0.25
1002856750,"7130061",1002856741,1,"10",3.00,8.00,"5","ft","inch",1.25
1002857138,"7130103",1002857130,1,"10",1.83,7.62,"5","m","cm",4.21
1002826938,"7130104",1002826937,,,4.57,7.62,,"m",,
1002826947,"7130104",1002826946,,,3.96,7.62,,"m",,
1002826956,"7130104",1002826955,,,2.13,7.62,,"m",,
1002826969,"7130104",1002826959,1,"10",4.57,7.62,"5","m","cm",4.21
1002826983,"7130105",1002826975,1,"10",2.13,7.67,"5","m","cm",4.21
1002827504,"7130131",1002827503,,,2.13,3.10,,"m",,
1002827513,"7130131",1002827512,,,2.74,3.66,,"m",,
1002827522,"7130131",1002827521,,,2.13,3.10,,"m",,
1002827531,"7130131",1002827525,1,"10",,,"5","m","cm",3.34
1002827803,"7130148",1002827802,,,1.83,4.88,,"m",,
1002827812,"7130148",1002827811,,,1.83,4.88,,"m",,
1002827821,"7130148",1002827820,,,1.83,4.88,,"m",,
1002827834,"7130148",1002827824,1,"10",,,"5","m","cm",6.03
1002857657,"7130171",1002857651,,,,,,"ft","inch",
1002827941,"7130215",1002827940,,,6.00,10.80,,"m",,
1002827950,"7130215",1002827949,,,3.00,7.60,,"m",,
1002827959,"7130215",1002827958,,,2.50,7.10,,"m",,
1002827970,"7130215",1002827962,1,"10",,,"5","m","cm",5.80
1002828050,"7130216",1002828049,,,1.40,4.40,,"m",,
1002828059,"7130216",1002828058,,,1.30,4.30,,"m",,
1002828069,"7130216",1002828062,1,"10",,,"5","m","cm",5.00
1002727851,"7130251",1002727842,,,,,,,,
1002860101,"7130301",1002860095,,,,,,"m","cm",
1002860302,"7130305",1002860289,,,,,,"m","cm",
1002828442,"7130379",1002828441,,,2.00,5.00,,"m",,
1002828452,"7130379",1002828451,,,2.00,5.00,,"m",,
1002828462,"7130379",1002828461,,,2.00,5.00,,"m",,
1002828472,"7130379",1002828471,,,2.00,5.00,,"m",,
1002828482,"7130379",1002828481,,,2.00,5.00,,"m",,
1002828492,"7130379",1002828491,,,33.00,36.00,,"m",,
1002828502,"7130379",1002828501,,,26.00,29.00,,"m",,
1002828512,"7130379",1002828511,,,12.00,15.00,,"m",,
1002828522,"7130379",1002828521,,,34.00,37.00,,"m",,
1002828532,"7130379",1002828531,,,27.00,29.00,,"m",,
1002828542,"7130379",1002828541,,,15.00,18.00,,"m",,
1002828552,"7130379",1002828551,,,7.00,10.00,,"m",,
1002828562,"7130379",1002828561,,,32.00,35.00,,"m",,
1002828572,"7130379",1002828571,,,26.00,29.00,,"m",,
1002828582,"7130379",1002828581,,,12.00,15.00,,"m",,
1002828588,"7130379",1002828585,1,"10",,,"5","m","cm",2.30
1002828602,"7130380",1002828601,,,1.00,1.90,,"m",,
1002828612,"7130380",1002828611,,,1.70,2.60,,"m",,
1002828622,"7130380",1002828621,,,1.80,2.70,,"m",,
1002828632,"7130380",1002828631,,,1.60,4.60,,"m",,
1002828642,"7130380",1002828641,,,1.50,4.50,,"m",,
1002828648,"7130380",1002828645,1,,,,"5","m","cm",
1002828662,"7130381",1002828661,,,45.00,55.00,,"ft",,
1002828672,"7130381",1002828671,,,45.00,55.00,,"ft",,
1002828682,"7130381",1002828681,,,45.00,55.00,,"ft",,
1002828692,"7130381",1002828691,,,50.00,60.00,,"ft",,
1002828702,"7130381",1002828701,,,40.00,50.00,,"ft",,
1002828712,"7130381",1002828711,,,45.00,55.00,,"ft",,
1002828722,"7130381",1002828721,,,40.00,50.00,,"ft",,
1002828732,"7130381",1002828731,,,45.00,55.00,,"ft",,
1002828742,"7130381",1002828741,,,45.00,55.00,,"ft",,
1002828752,"7130381",1002828751,,,45.00,55.00,,"ft",,
1002828765,"7130381",1002828764,,,90.00,100.00,,"ft",,
1002828775,"7130381",1002828774,,,45.00,55.00,,"ft",,
1002828785,"7130381",1002828784,,,45.00,55.00,,"ft",,
1002828822,"7130381",1002828821,,,45.00,55.00,,"ft",,
1002828832,"7130381",1002828831,,,45.00,55.00,,"ft",,
1002828842,"7130381",1002828841,,,45.00,55.00,,"ft",,
1002828852,"7130381",1002828851,,,45.00,55.00,,"ft",,
1002828862,"7130381",1002828861,,,45.00,55.00,,"ft",,
1002828872,"7130381",1002828871,,,90.00,100.00,,"ft",,
1002828882,"7130381",1002828881,,,90.00,100.00,,"ft",,
1002828892,"7130381",1002828891,,,90.00,100.00,,"ft",,
1002828902,"7130381",1002828901,,,90.00,100.00,,"ft",,
1002828912,"7130381",1002828911,,,90.00,100.00,,"ft",,
1002828923,"7130381",1002828918,1,,,,"1","ft","inch",
1002829322,"7130382",1002829321,,,1.60,2.10,,"m",,
1002829332,"7130382",1002829331,,,1.50,2.00,,"m",,
1002829342,"7130382",1002829341,,,1.00,1.50,,"m",,
1002829352,"7130382",1002829351,,,0.30,0.60,,"m",,
1002829362,"7130382",1002829361,,,3.20,3.70,,"m",,
1002829372,"7130382",1002829371,,,1.10,1.60,,"m",,
1002829382,"7130382",1002829381,,,1.20,1.80,,"m",,
1002829392,"7130382",1002829391,,,0.60,1.10,,"m",,
1002829402,"7130382",1002829401,,,0.60,1.10,,"m",,
1002829412,"7130382",1002829411,,,1.10,1.60,,"m",,
1002829422,"7130382",1002829421,,,1.50,2.00,,"m",,
1002829432,"7130382",1002829431,,,1.10,1.60,,"m",,
1002829439,"7130382",1002829435,1,"10",,,"5","m","cm",2.25
1002829451,"7130383",1002829450,,,2.20,5.20,,"m",,
1002829461,"7130383",1002829460,,,2.60,5.60,,"m",,
1002829471,"7130383",1002829470,,,2.20,5.20,,"m",,
1002829481,"7130383",1002829480,,,1.30,4.30,,"m",,
1002829491,"7130383",1002829490,,,1.30,4.30,,"m",,
1002829501,"7130383",1002829500,,,1.50,4.50,,"m",,
1002829511,"7130383",1002829510,,,2.40,5.40,,"m",,
1002829521,"7130383",1002829520,,,1.80,4.80,,"m",,
1002829531,"7130383",1002829530,,,1.60,4.60,,"m",,
1002829541,"7130383",1002829540,,,2.20,5.20,,"m",,
1002829547,"7130383",1002829544,1,"10",,,,"m","cm",2.25
1002829560,"7130384",1002829559,,,7.60,10.60,,"m",,
1002829570,"7130384",1002829569,,,2.50,5.50,,"m",,
1002829580,"7130384",1002829579,,,2.60,5.60,,"m",,
1002829590,"7130384",1002829589,,,7.60,10.60,,"m",,
1002829600,"7130384",1002829599,,,5.90,8.90,,"m",,
1002829610,"7130384",1002829609,,,2.90,5.90,,"m",,
1002829620,"7130384",1002829619,,,2.30,5.30,,"m",,
1002829630,"7130384",1002829629,,,7.00,10.00,,"m",,
1002829640,"7130384",1002829639,,,4.00,7.00,,"m",,
1002829646,"7130384",1002829643,1,,,,"5","m","cm",
1002829659,"7130385",1002829658,,,12.10,15.10,,"m",,
1002829669,"7130385",1002829668,,,2.80,5.80,,"m",,
1002829679,"7130385",1002829678,,,12.00,15.00,,"m",,
1002829689,"7130385",1002829688,,,2.70,5.70,,"m",,
1002829699,"7130385",1002829698,,,11.50,14.50,,"m",,
1002829709,"7130385",1002829708,,,2.60,5.60,,"m",,
1002829719,"7130385",1002829718,,,27.40,30.40,,"m",,
1002829729,"7130385",1002829728,,,21.40,24.40,,"m",,
1002829739,"7130385",1002829738,,,16.40,19.40,,"m",,
1002784070,"7130391",1002784058,,,,,,"m","cm",
1002784173,"7130392",1002784162,,,,,,"m","cm",
1002863415,"7130499",1002863407,1,"10",1.20,4.60,"5","m","cm",4.10
1002863433,"7130500",1002863419,1,"10",1.25,4.85,"5","m","cm",6.00
1002965705,"7130736",1002965696,,,,,,,,
1002965743,"7130737",1002965735,,,,,,,,
1002966017,"7130911",1002966009,,,,,,,,
1002832741,"7130914",1002832740,,,3.80,6.80,,"m",,
1002832750,"7130914",1002832749,,,3.00,6.10,,"m",,
1002832759,"7130914",1002832758,,,3.00,6.10,,"m",,
1002832768,"7130914",1002832767,,,3.00,6.10,,"m",,
1002832777,"7130914",1002832776,,,3.00,5.90,,"m",,
1002832786,"7130914",1002832785,,,3.70,6.70,,"m",,
1002832800,"7130914",1002832789,1,"10",,,"5","m","cm",3.80
1002873270,"7130915",1002873264,,,,,,"m","cm",
1002832859,"7130917",1002832858,,,1.60,4.60,,"m",,
1002832868,"7130917",1002832867,,,1.60,3.60,,"m",,
1002832877,"7130917",1002832876,,,1.80,4.20,,"m",,
1002832886,"7130917",1002832885,,,1.80,3.80,,"m",,
1002832895,"7130917",1002832894,,,1.80,4.80,,"m",,
1002832907,"7130917",1002832898,1,"10",,,"5","m","cm",3.80
1003063165,"7130931",1003063157,,,,,,"m","cm",
1002873669,"7130991",1002873663,,,,,,"ft","inch",
1002873844,"7131008",1002873835,1,"10",1.60,4.10,"5","m","cm",6.00
1002999735,"7131091",1002999725,,,,,,"m","cm",
1002874633,"7131151",1002874621,,,,,,"m","cm",
1002874771,"7131153",1002874759,,,,,,"m","cm",
1002874821,"7131154",1002874815,,,,,,"m","cm",
1002874838,"7131155",1002874826,,,,,,"m","cm",
1002874870,"7131156",1002874857,1,,,,,"m","cm",
1002874904,"7131157",1002874888,,,,,,"m","cm",
1002874934,"7131158",1002874923,,,,,,"m","cm",
1002874965,"7131159",1002874953,,,,,,"m","cm",
1002874997,"7131160",1002874983,,,,,,"m","cm",
1002875041,"7131161",1002875028,1,,,,,"m","cm",
1002876907,"7131192",1002876897,,,,,,"ft","inch",
1002876973,"7131193",1002876965,,,,,,"ft","inch",
1002877062,"7131195",1002877052,,,,,,"ft","inch",
1002877915,"7131229",1002877907,,,,,,"ft","inch",
1002878311,"7131238",1002878301,,,,,,"m","cm",
1002880381,"7131309",1002880370,,,,,,"ft","inch",
1002880413,"7131310",1002880401,,,,,,"ft","inch",
1002880448,"7131311",1002880437,,,,,,"ft","inch",
1002880507,"7131312",1002880495,,,,,,"ft","inch",
1002880574,"7131313",1002880564,,,,,,"ft","inch",
1002880659,"7131314",1002880649,,,,,,"ft","inch",
1002880764,"7131316",1002880753,,,,,,"ft","inch",
1002887805,"7131528",1002887793,,,,,,"ft","inch",
1002887848,"7131529",1002887836,,,,,,"ft","inch",
1002888489,"7131537",1002888474,,,,,,"ft","inch",
1002888779,"7131543",1002888768,,,,,,"ft","inch",
1002888819,"7131544",1002888810,,,,,,"ft","inch",
1002889655,"7131555",1002889645,,,,,,"m","cm",
1003236679,"7131591",1003236678,,,0.61,3.66,,"m",,
1003236688,"7131591",1003236687,,,0.61,3.66,,"m",,
1003236697,"7131591",1003236696,,,0.61,3.66,,"m",,
1003236706,"7131591",1003236705,,,0.61,3.66,,"m",,
1003236716,"7131591",1003236709,1,"10",,,"5","m","cm",4.21
1002890828,"7131697",1002890815,,,,,,"ft","inch",
1002890871,"7131698",1002890859,,,,,,"ft","inch",
1002890911,"7131699",1002890902,,,,,,"ft","inch",
1002890954,"7131700",1002890941,,,,,,"ft","inch",
1002891165,"7131702",1002891154,,,,,,"ft","inch",
1002891310,"7131704",1002891299,,,,,,"ft","inch",
1002891363,"7131705",1002891351,,,,,,"ft","inch",
1002891404,"7131706",1002891394,,,,,,"ft","inch",
1002891497,"7131708",1002891487,,,,,,"ft","inch",
1002891636,"7131710",1002891626,,,,,,"ft","inch",
1002891676,"7131711",1002891667,,,,,,"ft","inch",
1002891717,"7131712",1002891707,,,,,,"ft","inch",
1002892496,"7131794",1002892489,1,"10",3.00,6.00,"5","m","cm",5.80
1002893600,"7131838",1002893588,,,,,,"ft","inch",
1002893648,"7131839",1002893637,,,,,,"ft","inch",
1002893947,"7131842",1002893935,,,,,,"ft","inch",
1002894064,"7131843",1002894054,,,,,,"ft","inch",
1002894137,"7131844",1002894127,,,,,,"ft","inch",
1002894258,"7131846",1002894246,,,,,,"ft","inch",
1002897191,"7132022",1002897185,,,,,,"ft","inch",
1002903240,"7132084",1002903232,1,,0.00,22.00,"1","ft","inch",6.00
1002855883,"7132136",1002855871,,,,,,"m","cm",
1002855911,"7132137",1002855902,,,,,,"m","cm",
1002855939,"7132138",1002855931,,,,,,"m","cm",
1002855974,"7132139",1002855963,,,,,,"m","cm",
1002856006,"7132140",1002855995,,,,,,"m","cm",
1002856047,"7132141",1002856037,,,,,,"m","cm",
1002935924,"7132152",1002935918,,,,,,"ft","inch",
1002935941,"7132153",1002935935,,,,,,"ft","inch",
1002935951,"7132154",1002935945,,,,,,"ft","inch",
1003242370,"7132185",1003242369,,,10.00,13.40,,"m",,
1003242379,"7132185",1003242378,,,10.50,14.00,,"m",,
1003242388,"7132185",1003242387,,,10.00,13.40,,"m",,
1003242397,"7132185",1003242396,,,10.00,13.10,,"m",,
1003242412,"7132185",1003242404,1,"10",,,"5","m","cm",5.80
1003242422,"7132186",1003242421,,,1.50,4.90,,"m",,
1003242431,"7132186",1003242430,,,1.50,4.90,,"m",,
1003242440,"7132186",1003242439,,,1.50,4.80,,"m",,
1003242449,"7132186",1003242448,,,1.50,4.90,,"m",,
1003242458,"7132186",1003242457,,,1.50,6.10,,"m",,
1003242467,"7132186",1003242461,1,"10",,,"5","m","cm",5.80
1002989286,"7132391",1002989275,,,,,,"ft","inch",
1002962289,"7132441",1002962275,1,"10",5.50,7.00,"5","m","cm",4.10
1002962301,"7132442",1002962293,1,"10",1.50,6.00,"5","m","cm",5.80
1002972836,"7132498",1002972827,,,,,,"m","cm",
1002973399,"7132562",1002973389,1,"10",8.23,14.33,"5","m","cm",4.21
1002974143,"7132591",1002974133,,,,,,"ft","inch",
1002974185,"7132592",1002974173,,,,,,"ft","inch",
1002974225,"7132593",1002974215,,,,,,"ft","inch",
1002974265,"7132594",1002974255,,,,,,"ft","inch",
1002974307,"7132595",1002974295,,,,,,"ft","inch",
1002974367,"7132596",1002974355,,,,,,"ft","inch",
1002974468,"7132598",1002974457,,,,,,"ft","inch",
1002974549,"7132600",1002974539,,,,,,"ft","inch",
1002974590,"7132601",1002974579,,,,,,"ft","inch",
1002975014,"7132623",1002974998,,,,,,"ft","inch",
1002975056,"7132631",1002975044,,,,,,"ft","inch",
1002975457,"7132644",1002975445,,,,,,"ft","inch",
1002975485,"7132645",1002975473,,,,,,"ft","inch",
1002975525,"7132646",1002975515,,,,,,"ft","inch",
1002975564,"7132647",1002975554,,,,,,"ft","inch",
1002975744,"7132656",1002975735,1,"10",,,"5","m","cm",3.34
1002975758,"7132657",1002975749,1,"10",3.10,3.66,"5","m","cm",3.34
1002975773,"7132658",1002975763,1,"10",2.13,3.66,"5","m","cm",4.21
1002975788,"7132659",1002975778,1,"10",2.13,3.66,"5","m","cm",4.21
1002975803,"7132660",1002975793,1,"10",2.13,3.66,"5","m","cm",4.21
1002975817,"7132661",1002975808,1,"10",11.00,16.00,"5","ft","inch",1.25
1002975830,"7132662",1002975821,1,"10",11.00,16.00,"5","ft","inch",1.25
1002975843,"7132663",1002975834,1,"10",11.00,16.00,"5","ft","inch",1.25
1003250565,"7132696",1003250564,,,,,,,,
1003250574,"7132696",1003250573,,,,,,,,
1003250583,"7132696",1003250582,,,,,,,,
1003250592,"7132696",1003250591,,,,,,,,
1003250601,"7132696",1003250600,,,,,,,,
1003250612,"7132696",1003250604,1,"10",,,"5","m","cm",4.21
1003250623,"7132697",1003250622,,,,,,,,
1003250632,"7132697",1003250631,,,,,,,,
1003250641,"7132697",1003250640,,,,,,,,
1003250650,"7132697",1003250649,,,,,,,,
1003250659,"7132697",1003250658,,,,,,,,
1003250668,"7132697",1003250667,,,,,,,,
1003250677,"7132697",1003250676,,,,,,,,
1003250686,"7132697",1003250685,,,,,,,,
1003250692,"7132697",1003250689,1,,,,"5","m","cm",
1003250701,"7132698",1003250700,,,2.13,5.18,,"m",,
1003250710,"7132698",1003250709,,,3.10,6.10,,"m",,
1003250723,"7132698",1003250713,1,"10",,,"5","m","cm",4.21
1002976360,"7132721",1002976354,1,"10",,,"5","m","cm",4.21
1002976375,"7132722",1002976365,1,"10",2.74,4.27,"5","m","cm",4.21
1002976389,"7132723",1002976380,1,"10",1.50,3.35,"5","m","cm",4.21
1003251253,"7132728",1003251252,,,5.49,5.71,,"m",,
1003251262,"7132728",1003251261,,,5.49,8.53,,"m",,
1003251271,"7132728",1003251270,,,5.49,8.53,,"m",,
1003251280,"7132728",1003251279,,,5.49,8.53,,"m",,
1003251289,"7132728",1003251288,,,5.49,8.53,,"m",,
1003251301,"7132728",1003251292,1,"10",,,"5","m","cm",4.21
1003252453,"7132932",1003252452,,,3.10,6.10,,"m",,
1003252462,"7132932",1003252461,,,3.10,6.10,,"m",,
1003252471,"7132932",1003252470,,,3.10,6.10,,"m",,
1003252480,"7132932",1003252479,,,3.10,6.10,,"m",,
1003252495,"7132932",1003252483,1,"10",,,"5","m","cm",6.03
1003005123,"7133019",1003005117,,,,,,"ft","inch",
1003063254,"7133020",1003063244,,,,,,"ft","inch",
1003063415,"7133023",1003063406,,,,,,"m","cm",
1003063469,"7133024",1003063460,,,,,,"m","cm",
1003063566,"7133032",1003063555,,,,,,"m","cm",
1003063618,"7133033",1003063609,1,"8",8.54,9.45,"1","m","cm",13.97
1003063673,"7133034",1003063664,1,"8",8.54,9.45,"1","m","cm",13.96
1003063712,"7133035",1003063703,1,"10",8.54,9.54,"1","m","cm",13.97
1003063752,"7133036",1003063742,,,,,,"m","cm",
1002992346,"7133093",1002992335,,,,,,"ft","inch",
1002992407,"7133094",1002992395,,,,,,"ft","inch",
1002989836,"7133113",1002989825,,,,,,"ft","inch",
1002989958,"7133115",1002989946,,,,,,"ft","inch",
1002990075,"7133116",1002990062,,,,,,"ft","inch",
1002992516,"7133117",1002992506,,,,,,"ft","inch",
1003018489,"7133542",1003018480,,,,,,,,
1002999554,"7133554",1002999544,,,,,,"m","cm",
1002999700,"7133557",1002999689,,,,,,"m","cm",
1002999748,"7133558",1002999738,,,,,,"m","cm",
1003000040,"7133566",1003000030,,,,,,"m","cm",
1003000236,"7133569",1003000226,,,,,,"m","cm",
1003000784,"7133580",1003000773,,,,,,"m","cm",
1003000866,"7133581",1003000855,,,,,,"m","cm",
1003001138,"7133582",1003001127,,,,,,"m","cm",
1003001177,"7133583",1003001168,,,,,,"m","cm",
1003001290,"7133585",1003001281,,,,,,"m","cm",
1003001509,"7133589",1003001497,,,,,,"m","cm",
1003001921,"7133632",1003001915,,,,,,"ft","inch",
1003002005,"7133633",1003001999,,,,,,"ft","inch",
1003002184,"7133639",1003002178,,,,,,"ft","inch",
1003008097,"7133779",1003008088,1,"10",10.00,15.00,"5","ft","inch",1.25
1003008153,"7133780",1003008143,1,"10",11.00,16.00,"5","ft","inch",1.25
1003008696,"7133796",1003008687,1,"10",4.00,11.50,"5","ft","inch",1.66
1003008710,"7133797",1003008700,1,"10",9.19,12.12,"5","m","cm",4.21
1003008854,"7133798",1003008843,1,"10",9.14,12.12,"5","m","cm",4.21
1003008869,"7133799",1003008859,1,"10",9.14,12.12,"5","m","cm",4.21
1003009325,"7133806",1003009315,1,"10",6.10,12.12,"5","m","cm",4.21
1003009383,"7133807",1003009373,1,"10",7.62,11.67,"5","m","cm",4.21
1003009515,"7133808",1003009505,1,"10",2.13,5.18,"5","m","cm",4.21
1003009605,"7133809",1003009594,1,"10",3.10,6.10,"5","m","cm",4.21
1003259723,"7133886",1003259722,,,1.22,3.66,,"m",,
1003259732,"7133886",1003259731,,,1.22,3.66,,"m",,
1003259741,"7133886",1003259740,,,1.22,3.66,,"m",,
1003259750,"7133886",1003259749,,,0.61,1.83,,"m",,
1003259763,"7133886",1003259753,1,"10",,,"5","m","cm",4.82
1003011440,"7133911",1003011433,,,,,,"m","cm",
1003011746,"7133919",1003011739,,,,,,"m","cm",
1003011762,"7133920",1003011755,,,,,,"m","cm",
1003011863,"7133921",1003011856,,,,,,"m","cm",
1003260415,"7133931",1003260414,,,3.10,6.10,,"m",,
1003260424,"7133931",1003260423,,,3.10,6.10,,"m",,
1003260433,"7133931",1003260432,,,1.83,4.88,,"m",,
1003260442,"7133931",1003260441,,,1.83,4.88,,"m",,
1003260451,"7133931",1003260450,,,1.83,4.88,,"m",,
1003260469,"7133931",1003260458,1,"10",,,"5","m","cm",4.82
1002889094,"7134205",1002889081,,,,,,"m","cm",
1002911482,"7134319",1002911468,,,,,,"ft","inch",
1002911563,"7134321",1002911553,,,,,,"ft","inch",
1002911604,"7134322",1002911594,,,,,,"ft","inch",
1002911808,"7134326",1002911795,,,,,,"ft","inch",
1002911855,"7134327",1002911842,,,,,,"ft","inch",
1002911900,"7134328",1002911886,,,,,,"ft","inch",
1002911943,"7134329",1002911931,,,,,,"ft","inch",
1002911985,"7134330",1002911974,,,,,,"ft","inch",
1002913668,"7134331",1002913655,,,,,,"ft","inch",
1002922848,"7134334",1002922835,,,,,,"ft","inch",
1002922892,"7134335",1002922879,,,,,,"ft","inch",
1002922935,"7134336",1002922923,,,,,,"ft","inch",
1002922977,"7134337",1002922966,,,,,,"ft","inch",
1002923019,"7134338",1002923008,,,,,,"ft","inch",
1002923062,"7134339",1002923050,,,,,,"ft","inch",
1002923106,"7134340",1002923093,,,,,,"ft","inch",
1002923751,"7134363",1002923741,1,"10",1.25,4.40,"5","m","cm",4.10
1003024230,"7134491",1003024224,,,,,,"m","cm",
1003024287,"7134492",1003024281,,,,,,"m","cm",
1003262159,"7134615",1003262158,,,0.50,3.00,,"m",,
1003262168,"7134615",1003262167,,,0.50,2.90,,"m",,
1003262177,"7134615",1003262176,,,0.50,2.90,,"m",,
1003262186,"7134615",1003262185,,,0.50,3.00,,"m",,
1003262195,"7134615",1003262194,,,0.50,3.00,,"m",,
1003262208,"7134615",1003262198,1,"10",,,"5","m","cm",5.80
1003262247,"7134616",1003262246,,,1.70,4.70,,"m",,
1003262256,"7134616",1003262255,,,1.70,4.70,,"m",,
1003262265,"7134616",1003262264,,,1.70,4.70,,"m",,
1003262274,"7134616",1003262273,,,1.80,4.80,,"m",,
1003262285,"7134616",1003262277,1,"10",,,"5","m","cm",5.80
1003029400,"7134725",1003029387,,,,,,"ft","inch",
1003029511,"7134726",1003029500,,,,,,"ft","inch",
1003029640,"7134727",1003029629,,,,,,"ft","inch",
1003029794,"7134728",1003029781,,,,,,"ft","inch",
1003029892,"7134729",1003029878,,,,,,"ft","inch",
1003030003,"7134731",1003029991,,,,,,"ft","inch",
1003030501,"7134738",1003030493,,,,,,"ft","inch",
1003030511,"7134739",1003030504,,,,,,"ft","inch",
1003030562,"7134740",1003030555,,,,,,"ft","inch",
1003030579,"7134741",1003030565,,,,,,"ft","inch",
1003030864,"7134745",1003030854,,,,,,"ft","inch",
1003031067,"7134749",1003031055,,,,,,"ft","inch",
1003031177,"7134750",1003031165,,,,,,"ft","inch",
1003031238,"7134751",1003031227,,,,,,"ft","inch",
1003031279,"7134752",1003031268,,,,,,"ft","inch",
1003031365,"7134753",1003031354,,,,,,"ft","inch",
1003031463,"7134754",1003031448,,,,,,"ft","inch",
1003031687,"7134758",1003031676,,,,,,"ft","inch",
1003031809,"7134773",1003031797,1,"10",2.70,5.80,"5","m","cm",4.10
1003031825,"7134774",1003031815,1,"10",1.60,3.10,"5","m","cm",4.10
1003349931,"7134804",1003349921,1,"10",10.34,20.34,,"ft","inch",2.00
1003349943,"7134805",1003349934,1,"10",15.00,25.00,,"ft","inch",2.00
1003349956,"7134806",1003349946,1,"10",11.50,16.50,"5","ft","inch",2.00
1003349969,"7134824",1003349959,1,"10",,,,"ft","inch",2.00
1003037304,"7134860",1003037295,1,"10",0.50,1.70,"5","m","cm",4.10
1003064175,"7134912",1003064164,,,,,,"ft","inch",
1003037543,"7134998",1003037535,1,"10",1.50,4.60,"5","m","cm",5.00
1003037599,"7134999",1003037590,1,"10",3.00,5.59,"5","m","cm",15.40
1003052144,"7135252",1003052130,1,"10",9.90,12.95,"5","m","cm",4.10
1003052251,"7135254",1003052240,1,"10",5.90,8.99,"5","m","cm",4.10
1003052371,"7135265",1003052360,1,"10",3.07,4.57,"5","m","cm",6.00
1003058030,"7135406",1003058022,,,,,,"m","cm",
1003058046,"7135407",1003058034,,,,,,"m","cm",
1003061293,"7135652",1003061279,,,,,,"ft","inch",
1003061432,"7135653",1003061422,,,,,,"ft","inch",
1003061489,"7135654",1003061477,,,,,,"ft","inch",
1003061574,"7135656",1003061562,,,,,,"ft","inch",
1002877679,"7135703",1002877671,,,,,,,,
1003064388,"7135713",1003064382,,,,,,"ft","inch",
1003064411,"7135714",1003064396,,,,,,"ft","inch",
1003072832,"7135962",1003072824,,,,,,"m","cm",
1003073094,"7136011",1003073086,,,,,,"ft","inch",
1003077475,"7136074",1003077462,,,,,,"ft","inch",
1003077585,"7136076",1003077573,,,,,,"ft","inch",
1003084551,"7136264",1003084541,1,"10",1.50,4.50,"5","m","cm",6.00
1003087307,"7136347",1003087297,,,,,,"ft","inch",
1003087434,"7136349",1003087422,,,,,,"ft","inch",
1003087627,"7136350",1003087615,,,,,,"ft","inch",
1003087702,"7136351",1003087691,,,,,,"ft","inch",
1003087759,"7136352",1003087748,,,,,,"ft","inch",
1003087849,"7136353",1003087838,,,,,,"ft","inch",
1003087905,"7136354",1003087894,1,"10",1.10,5.20,"5","m","cm",6.00
1003093092,"7136545",1003093082,1,"10",1.50,4.57,"5","m","cm",4.82
1003093150,"7136546",1003093140,1,"10",1.50,4.57,"5","m","cm",4.82
1003093265,"7136550",1003093256,1,"10",0.91,3.96,"5","m","cm",4.82
1003093280,"7136551",1003093270,1,"10",1.22,2.74,"5","m","cm",4.82
1003093337,"7136552",1003093328,1,"10",0.91,3.96,"5","m","cm",4.82
1003093461,"7136553",1003093451,1,"10",1.22,4.27,"5","m","cm",0.36
1003093630,"7136554",1003093621,1,"10",1.83,4.88,"5","m","cm",4.82
1003093643,"7136555",1003093635,1,"10",4.00,14.00,"5","ft","inch",1.50
1003093695,"7136556",1003093687,1,"10",5.00,15.00,"5","ft","inch",1.50
1003093745,"7136557",1003093737,1,"10",13.00,23.00,"5","ft","inch",1.50
1003094010,"7136558",1003094002,1,"10",10.00,20.00,"5","ft","inch",1.50
1003094022,"7136559",1003094014,1,"10",12.00,22.00,"5","ft","inch",1.50
1003094113,"7136560",1003094104,1,"10",1.50,3.10,"1","m","cm",4.82
1003094127,"7136561",1003094118,1,"10",1.50,3.10,"5","m","cm",4.82
1003094182,"7136562",1003094173,1,"10",1.22,2.74,"5","m","cm",4.21
1003094207,"7136563",1003094197,1,"10",1.22,2.74,"5","m","cm",4.21
1003094313,"7136566",1003094306,1,"10",,,"5","m","cm",6.03
1003094325,"7136567",1003094318,1,"10",,,"5","m","cm",3.34
1003094349,"7136568",1003094342,1,"10",,,"5","m","cm",6.03
1003094372,"7136569",1003094365,1,"10",,,"5","m","cm",6.03
1003094393,"7136570",1003094386,1,"10",,,"5","m","cm",6.03
1003094454,"7136571",1003094447,1,"10",,,"5","m","cm",6.03
1003094466,"7136572",1003094459,1,"10",,,"5","m","cm",6.03
1003094500,"7136573",1003094493,1,"10",,,"5","m","cm",6.02
1003094628,"7136574",1003094621,1,"10",,,"5","m","cm",6.03
1003097506,"7136622",1003097497,1,"10",6.10,9.14,"5","m","cm",4.21
1003097575,"7136623",1003097566,1,"10",6.10,9.14,"5","m","cm",4.21
1003097605,"7136624",1003097596,1,"10",6.10,9.14,"5","m","cm",4.21
1003097620,"7136625",1003097610,1,"10",1.50,4.57,"5","m","cm",4.21
1003097635,"7136626",1003097625,1,"10",1.50,4.57,"5","m","cm",4.21
1003097650,"7136627",1003097640,1,"10",1.50,4.57,"5","m","cm",4.21
1003236030,"7136631",1003236029,,,1.50,3.10,,"m",,
1003236039,"7136631",1003236038,,,1.83,4.88,,"m",,
1003236048,"7136631",1003236047,,,3.10,9.14,,"m",,
1003236057,"7136631",1003236056,,,3.10,9.14,,"m",,
1003236066,"7136631",1003236065,,,1.50,3.10,,"m",,
1003236110,"7136631",1003236099,1,"10",3.10,9.75,"5","m","cm",4.82
1003237108,"7136693",1003237107,,,1.22,4.27,,"m",,
1003237117,"7136693",1003237116,,,1.22,4.27,,"m",,
1003237126,"7136693",1003237125,,,1.22,4.27,,"m",,
1003237135,"7136693",1003237134,,,1.22,4.27,,"m",,
1003237144,"7136693",1003237143,,,1.22,4.27,,"m",,
1003237300,"7136693",1003237292,1,"10",,,"5","m","cm",4.21
1003237453,"7136694",1003237452,,,1.22,4.27,,"m",,
1003237462,"7136694",1003237461,,,1.22,4.27,,"m",,
1003237471,"7136694",1003237470,,,1.50,4.57,,"m",,
1003237480,"7136694",1003237479,,,2.13,5.18,,"m",,
1003237489,"7136694",1003237488,,,2.13,5.18,,"m",,
1003237498,"7136694",1003237497,,,1.83,4.88,,"m",,
1003237507,"7136694",1003237506,,,1.87,4.88,,"m",,
1003237516,"7136694",1003237515,,,2.44,5.49,,"m",,
1003237525,"7136694",1003237524,,,1.22,4.27,,"m",,
1003237534,"7136694",1003237533,,,1.22,4.27,,"m",,
1003237546,"7136694",1003237537,1,"10",,,"5","m","cm",4.21
1003100174,"7136709",1003100164,1,"10",1.22,4.27,"5","m","cm",4.82
1003100200,"7136710",1003100189,1,"10",2.74,5.79,"5","m","cm",4.82
1003100455,"7136711",1003100445,1,"10",2.74,5.79,"5","m","cm",4.82
1003240219,"7136771",1003240218,,,0.91,2.44,,"m",,
1003240228,"7136771",1003240227,,,0.91,3.96,,"m",,
1003240237,"7136771",1003240236,,,0.91,3.96,,"m",,
1003240246,"7136771",1003240245,,,0.91,3.96,,"m",,
1003240255,"7136771",1003240254,,,0.91,2.44,,"m",,
1003240269,"7136771",1003240258,1,"10",,,"5","m","cm",4.21
1003116705,"7136974",1003116699,,,,,,"m","cm",
1003241333,"7136996",1003241332,,,1.50,4.57,,"m",,
1003241341,"7136996",1003241340,,,1.50,4.57,,"m",,
1003241349,"7136996",1003241348,,,1.50,4.57,,"m",,
1003241357,"7136996",1003241356,,,1.50,4.57,,"m",,
1003241365,"7136996",1003241364,,,1.50,4.57,,"m",,
1003241376,"7136996",1003241368,1,"10",,,"5","m","cm",5.80
1003126574,"7137161",1003126563,,,,,,"m","cm",
1003126854,"7137165",1003126848,1,"10",7.62,9.14,"5","m","cm",5.08
1003126864,"7137166",1003126858,1,"10",7.77,9.20,"5","m","cm",5.08
1003126874,"7137167",1003126868,1,"10",7.30,8.83,"5","m","cm",5.08
1002922303,"7137388",1002922295,,,,,,,,
1003011279,"7137537",1003011269,,,,,,"m","cm",
1003011321,"7137538",1003011309,,,,,,"m","cm",
1003011826,"7137549",1003011812,,,,,,"ft","inch",
1003011880,"7137550",1003011866,,,,,,"ft","inch",
1003012073,"7137553",1003012063,,,,,,"ft","inch",
1003012111,"7137554",1003012103,,,,,,"ft","inch",
1003012623,"7137592",1003012617,,,,,,"ft","inch",
1003012634,"7137593",1003012627,,,,,,"ft","inch",
1003012652,"7137594",1003012638,1,"10",13.70,16.70,"5","m","cm",3.20
1003012653,"7137594",1003012638,2,"10",3.00,6.10,"5","m","cm",3.20
1003012675,"7137595",1003012657,1,"10",13.70,16.70,"5","m","cm",3.20
1003012676,"7137595",1003012657,2,"10",6.10,9.10,"5","m","cm",3.20
1003012677,"7137595",1003012657,3,"10",0.60,2.10,"5","m","cm",3.20
1003012695,"7137596",1003012681,1,"10",13.70,16.70,"5","m","cm",3.20
1003012696,"7137596",1003012681,2,"10",5.80,8.80,"5","m","cm",3.20
1003012713,"7137597",1003012700,,,,,,"ft","inch",
1003013492,"7137624",1003013481,,,,,,"ft","inch",
1003013547,"7137625",1003013536,,,,,,"ft","inch",
1003013804,"7137629",1003013789,,,,,,"ft","inch",
1003013864,"7137630",1003013850,,,,,,"ft","inch",
1003013934,"7137631",1003013922,,,,,,"ft","inch",
1002967725,"7137642",1002967715,,,,,,"m","cm",
1002922430,"7137643",1002922421,,,,,,,,
1002922465,"7137644",1002922453,,,,,,,,
1003245568,"7137676",1003245561,1,".1",1.00,2.50,"5","m","cm",2.25
1003016341,"7137697",1003016335,,,,,,"ft","inch",
1003022915,"7137831",1003022909,,,,,,"m","cm",
1003022927,"7137832",1003022920,1,"10",1.20,4.20,"5","m","cm",5.80
1003249549,"7138197",1003249548,,,1.90,4.90,,"m",,
1003249558,"7138197",1003249557,,,1.90,4.90,,"m",,
1003249567,"7138197",1003249566,,,3.70,6.70,,"m",,
1003249576,"7138197",1003249575,,,3.70,6.70,,"m",,
1003249585,"7138197",1003249584,,,2.50,5.50,,"m",,
1003249594,"7138197",1003249593,,,3.70,6.70,,"m",,
1003249603,"7138197",1003249602,,,3.70,6.70,,"m",,
1003249612,"7138197",1003249611,,,3.70,6.70,,"m",,
1003249621,"7138197",1003249620,,,3.70,6.70,,"m",,
1003249630,"7138197",1003249629,,,0.70,3.70,,"m",,
1003249765,"7138197",1003249764,,,0.70,3.70,,"m",,
1003249774,"7138197",1003249773,,,1.50,3.00,,"m",,
1003249783,"7138197",1003249782,,,1.50,3.00,,"m",,
1003249792,"7138197",1003249791,,,1.50,3.00,,"m",,
1003249801,"7138197",1003249800,,,1.50,3.00,,"m",,
1003249810,"7138197",1003249809,,,1.20,3.70,,"m",,
1003249819,"7138197",1003249818,,,1.50,3.00,,"m",,
1003249828,"7138197",1003249827,,,0.50,3.00,,"m",,
1003249837,"7138197",1003249836,,,0.50,3.00,,"m",,
1003249846,"7138197",1003249845,,,1.20,3.70,,"m",,
1003249856,"7138197",1003249849,1,"10",,,"5","m","cm",5.80
1003057849,"7138363",1003057843,,,,,,"m","cm",
1003057893,"7138364",1003057887,,,,,,"m","cm",
1003057902,"7138365",1003057896,,,,,,"m","cm",
1003057912,"7138366",1003057906,,,,,,"m","cm",
1003057954,"7138367",1003057948,,,,,,"m","cm",
1003057964,"7138368",1003057958,,,,,,"m","cm",
1003057975,"7138369",1003057969,,,,,,"m","cm",
1003057985,"7138370",1003057979,,,,,,"m","cm",
1003058252,"7138371",1003058246,,,,,,"ft","inch",
1003250388,"7138404",1003250387,,,5.20,8.20,,"m",,
1003250397,"7138404",1003250396,,,5.20,8.20,,"m",,
1003250408,"7138404",1003250400,1,"10",,,"5","m","cm",5.80
1003061387,"7138427",1003061377,1,"10",3.10,7.62,"5","m","cm",4.21
1003063998,"7138461",1003063989,1,"10",2.74,3.66,"5","m","cm",4.82
1003064036,"7138462",1003064027,1,"10",2.13,3.66,"5","m","cm",4.82
1003252786,"7138540",1003252785,,,7.32,10.36,,"m",,
1003252795,"7138540",1003252794,,,7.62,10.67,,"m",,
1003252804,"7138540",1003252803,,,7.32,10.36,,"m",,
1003252813,"7138540",1003252812,,,7.93,10.97,,"m",,
1003252822,"7138540",1003252821,,,7.93,10.97,,"m",,
1003252835,"7138540",1003252825,1,"10",,,"5","m","cm",4.82
1003252909,"7138548",1003252908,,,1.35,2.90,,"m",,
1003252918,"7138548",1003252917,,,1.35,2.90,,"m",,
1003252927,"7138548",1003252926,,,1.35,2.90,,"m",,
1003252969,"7138548",1003252961,1,"10",1.35,2.90,"5","m","cm",4.82
1003254033,"7138638",1003254032,,,1.22,2.13,,"m",,
1003254042,"7138638",1003254041,,,0.61,1.22,,"m",,
1003254051,"7138638",1003254050,,,0.61,1.60,,"m",,
1003254060,"7138638",1003254059,,,3.10,5.18,,"m",,
1003254069,"7138638",1003254068,,,0.91,1.83,,"m",,
1003254078,"7138638",1003254077,,,3.10,4.57,,"m",,
1003254090,"7138638",1003254081,1,"10",,,"5","m","cm",4.21
1003254504,"7138654",1003254503,,,1.00,4.00,,"m",,
1003254513,"7138654",1003254512,,,1.00,4.00,,"m",,
1003254522,"7138654",1003254521,,,1.00,4.00,,"m",,
1003254531,"7138654",1003254530,,,1.00,4.00,,"m",,
1003254540,"7138654",1003254539,,,1.00,4.00,,"m",,
1003254549,"7138654",1003254548,,,1.00,4.00,,"m",,
1003254558,"7138654",1003254557,,,1.00,4.00,,"m",,
1003254570,"7138654",1003254561,1,"10",,,"5","m","cm",3.80
1003068775,"7138661",1003068765,,,,,,"ft","inch",
1003070736,"7138671",1003070726,,,,,,"ft","inch",
1003076369,"7138778",1003076363,,,,,,"ft","inch",
1003259166,"7138928",1003259165,,,1.50,4.60,,"m",,
1003259175,"7138928",1003259174,,,6.10,9.10,,"m",,
1003259217,"7138928",1003259212,1,"10",,,"5","m","cm",5.80
1003262734,"7138930",1003262733,,,1.50,5.20,,"m",,
1003262743,"7138930",1003262742,,,1.50,5.20,,"m",,
1003262752,"7138930",1003262751,,,1.50,5.20,,"m",,
1003262761,"7138930",1003262760,,,1.50,5.20,,"m",,
1003262770,"7138930",1003262769,,,1.50,5.20,,"m",,
1003262779,"7138930",1003262778,,,1.50,5.20,,"m",,
1003262788,"7138930",1003262787,,,1.50,5.20,,"m",,
1003262797,"7138930",1003262796,,,1.50,5.20,,"m",,
1003262810,"7138930",1003262800,1,"10",,,"5","m","cm",5.80
1003262862,"7138932",1003262861,,,3.00,6.10,,"m",,
1003262871,"7138932",1003262870,,,2.00,5.10,,"m",,
1003262883,"7138932",1003262874,1,"10",,,"5","m","cm",5.80
1003023878,"7138951",1003023869,,,,,,"m","cm",
1003024152,"7138956",1003024138,,,,,,"ft","inch",
1003024510,"7138962",1003024498,,,,,,"m","cm",
1003024604,"7138964",1003024593,,,,,,"m","cm",
1003081774,"7138967",1003081765,,,,,,"m","cm",
1003081959,"7138970",1003081953,,,,,,"ft","inch",
1003082009,"7138971",1003082003,,,,,,"ft","inch",
1003082229,"7138975",1003082223,,,,,,"ft","inch",
1003082269,"7138976",1003082263,,,,,,"ft","inch",
1003082341,"7138977",1003082335,,,,,,"ft","inch",
1003082364,"7138978",1003082358,,,,,,"ft","inch",
1003082415,"7138979",1003082409,,,,,,"ft","inch",
1003082426,"7138980",1003082420,,,,,,"ft","inch",
1003082437,"7138981",1003082431,,,,,,"ft","inch",
1003082486,"7138983",1003082479,,,,,,"ft","inch",
1003082567,"7138987",1003082560,,,,,,"ft","inch",
1003082947,"7138994",1003082937,1,"14",44.00,48.00,"1","ft","inch",5.50
1003082989,"7138995",1003082979,1,"18",40.00,44.00,"1","ft","inch",5.50
1003083020,"7138996",1003083010,1,"14",32.00,36.00,"1","ft","inch",5.50
1003083208,"7138997",1003083198,1,"14",44.00,48.00,"1","ft","inch",5.50
1003083233,"7138998",1003083224,1,"14",38.00,42.00,"1","ft","inch",5.50
1003083300,"7138999",1003083291,1,"18",42.00,46.00,"1","ft","inch",5.50
1003083321,"7139000",1003083310,1,"22",27.00,31.00,"1","ft","inch",5.50
1003083351,"7139011",1003083341,1,"8",23.00,27.00,"1","ft","inch",5.50
1003083394,"7139012",1003083372,1,"12",43.00,47.00,"1","ft","inch",5.50
1003083439,"7139013",1003083429,1,"18",45.00,49.00,"1","ft","inch",5.50
1003083545,"7139014",1003083536,1,"18",43.00,47.00,"1","ft","inch",5.50
1003083690,"7139015",1003083681,1,,32.00,36.00,"1","ft","inch",5.50
1003083710,"7139016",1003083698,,,,,,"ft","inch",
1003083792,"7139017",1003083781,,,,,,"ft","inch",
1003083950,"7139018",1003083941,,,,,,"ft","inch",
1003083990,"7139019",1003083980,,,,,,"ft","inch",
1003084029,"7139020",1003084020,,,,,,"ft","inch",
1003084114,"7139021",1003084104,,,,,,"ft","inch",
1003084155,"7139022",1003084144,,,,,,"ft","inch",
1003096061,"7139438",1003096048,1,"10",5.80,7.30,"5","m","cm",3.80
1003096095,"7139439",1003096078,1,"10",3.20,4.70,"5","m","cm",3.80
1003266318,"7139448",1003266317,,,7.70,10.70,,"m",,
1003266327,"7139448",1003266326,,,7.70,10.70,,"m",,
1003266336,"7139448",1003266335,,,7.70,10.70,,"m",,
1003266345,"7139448",1003266344,,,7.70,10.70,,"m",,
1003266354,"7139448",1003266353,,,7.70,10.70,,"m",,
1003266369,"7139448",1003266357,1,"10",,,"5","m","cm",5.80
1003100057,"7139612",1003100047,1,"10",4.72,9.45,"5","m","cm",6.00
1003100091,"7139613",1003100077,1,"10",4.39,5.92,"5","m","cm",4.10
1003100160,"7139615",1003100149,1,"10",3.65,6.71,"5","m","cm",4.10
1003105143,"7139809",1003105137,,,,,,"m","cm",
1003105354,"7139811",1003105343,,,,,,"m","cm",
1003105454,"7139812",1003105441,,,,,,"m","cm",
1003105636,"7139813",1003105625,,,,,,"m","cm",
1003105705,"7139814",1003105693,,,,,,"m","cm",
1003105832,"7139815",1003105819,,,,,,"m","cm",
1003105907,"7139816",1003105897,,,,,,"m","cm",
1003106270,"7139819",1003106260,,,,,,"m","cm",
1003106323,"7139820",1003106309,,,,,,"m","cm",
1003106454,"7139831",1003106441,,,,,,"m","cm",
1003106520,"7139833",1003106510,,,,,,"m","cm",
1003106565,"7139834",1003106555,,,,,,"m","cm",
1003106592,"7139835",1003106582,,,,,,"m","cm",
1003106669,"7139836",1003106658,,,,,,"m","cm",
1003106801,"7139838",1003106792,,,,,,"m","cm",
1003106940,"7139840",1003106934,,,,,,"m","cm",
1003106949,"7139841",1003106943,,,,,,"m","cm",
1003106959,"7139842",1003106952,,,,,,"m","cm",
1003107037,"7139846",1003107025,,,,,,"m","cm",
1003107093,"7139847",1003107080,,,,,,"m","cm",
1003107175,"7139849",1003107165,,,,,,"m","cm",
1003107217,"7139850",1003107204,,,,,,"m","cm",
1003107253,"7139851",1003107242,,,,,,"m","cm",
1003107381,"7139853",1003107369,,,,,,"m","cm",
1003107457,"7139854",1003107447,,,,,,"m","cm",
1003107568,"7139855",1003107555,,,,,,"m","cm",
1003107641,"7139856",1003107630,,,,,,"m","cm",
1003107706,"7139857",1003107695,,,,,,"m","cm",
1003107781,"7139858",1003107769,,,,,,"m","cm",
1003107928,"7139861",1003107917,,,,,,"m","cm",
1003108029,"7139863",1003108023,,,,,,"m","cm",
1003108041,"7139864",1003108032,,,,,,"m","cm",
1003108166,"7139865",1003108155,,,,,,"m","cm",
1003108202,"7139866",1003108189,,,,,,"m","cm",
1003108241,"7139867",1003108231,,,,,,"m","cm",
1003108297,"7139868",1003108285,,,,,,"m","cm",
1003108347,"7139869",1003108337,,,,,,"m","cm",
1003108390,"7139870",1003108378,,,,,,"m","cm",
1003108431,"7139871",1003108420,,,,,,"m","cm",
1003108460,"7139872",1003108448,,,,,,"m","cm",
1003108497,"7139873",1003108489,,,,,,"m","cm",
1003108567,"7139874",1003108558,1,,,,,"m","cm",
1003108653,"7139891",1003108643,,,,,,"m","cm",
1003108764,"7139892",1003108751,,,,,,"m","cm",
1003108808,"7139893",1003108798,1,,,,,"m","cm",
1003108830,"7139894",1003108817,1,,,,,"m","cm",
1003108871,"7139895",1003108859,,,,,,"m","cm",
1003108930,"7139896",1003108915,,,,,,"m","cm",
1003109000,"7139897",1003108988,,,,,,"m","cm",
1003109103,"7139899",1003109092,,,,,,"m","cm",
1003109134,"7139900",1003109121,1,,,,,"m","cm",
1003109213,"7139902",1003109203,,,,,,"m","cm",
1003269936,"7139974",1003269935,,,3.50,5.10,,"m",,
1003269945,"7139974",1003269944,,,4.50,6.10,,"m",,
1003269959,"7139974",1003269948,1,"10",,,"5","m","cm",5.80
1003115246,"7140068",1003115234,1,"10",1.10,4.20,"5","m","cm",4.10
1003154722,"7140171",1003154714,1,,2.92,7.50,"5","m","cm",
1003154723,"7140171",1003155093,2,,9.50,12.50,"5","m","cm",
1003154724,"7140171",1003155111,3,,18.50,21.50,"5","m","cm",
1003154891,"7140172",1003154882,1,,13.08,16.13,,"m","cm",
1003154892,"7140172",1003155709,2,,21.00,27.00,,"m","cm",
1003154893,"7140172",1003155746,3,,35.00,38.00,,"m","cm",
1003154894,"7140172",1003155779,4,,44.90,46.42,,"m","cm",
1003476254,"7140173",1003476250,,,,,,,,
1003155986,"7140174",1003155980,1,,1.90,8.00,,"m","cm",
1003156133,"7140174",1003156196,2,,11.00,14.00,,"m","cm",
1003156134,"7140174",1003156197,3,,18.91,21.96,,"m","cm",
1003156135,"7140174",1003156198,4,,26.78,31.35,,"m","cm",
1003156072,"7140175",1003156063,1,,11.00,14.00,"5","m","cm",
1003156073,"7140175",1003156230,2,,20.00,23.00,"5","m","cm",
1003156074,"7140175",1003156231,3,,32.91,35.96,"5","m","cm",
1003156075,"7140175",1003156262,4,,44.00,47.00,"5","m","cm",
1003120131,"7140213",1003120118,,,,,,"ft","inch",
1003120175,"7140214",1003120161,,,,,,"ft","inch",
1003120214,"7140215",1003120201,,,,,,"ft","inch",
1003120260,"7140216",1003120248,,,,,,"ft","inch",
1003120296,"7140217",1003120285,,,,,,"ft","inch",
1003120524,"7140219",1003120512,,,,,,"ft","inch",
1003120641,"7140220",1003120626,,,,,,"ft","inch",
1003120681,"7140221",1003120668,,,,,,"ft","inch",
1003122931,"7140319",1003122921,,,,,,"ft","inch",
1003124052,"7140431",1003124042,,,,,,"ft","inch",
1003129799,"7140538",1003129789,1,"10",1.22,5.79,"5","m","cm",4.82
1003129845,"7140539",1003129835,1,"10",0.91,5.49,"5","m","cm",4.82
1003129860,"7140540",1003129850,1,"10",1.22,2.13,"5","m","cm",4.21
1003129889,"7140541",1003129879,1,"10",1.22,5.79,"5","m","cm",4.82
1003130063,"7140551",1003130055,1,"10",0.91,3.10,"5","m","cm",4.82
1003130078,"7140552",1003130068,1,"10",0.61,3.66,"5","m","cm",4.82
1003133943,"7140616",1003133935,1,"10",3.00,13.00,"5","ft","inch",1.53
1003133966,"7140617",1003133958,1,"10",3.00,13.00,"5","ft","inch",1.53
1003133999,"7140618",1003133991,1,"10",3.00,13.00,"5","ft","inch",1.39
1003284079,"7141142",1003284078,,,0.90,4.00,,"m",,
1003284088,"7141142",1003284087,,,0.90,4.00,,"m",,
1003284097,"7141142",1003284096,,,1.50,4.60,,"m",,
1003284106,"7141142",1003284105,,,1.50,4.60,,"m",,
1003284115,"7141142",1003284114,,,1.50,4.60,,"m",,
1003284124,"7141142",1003284123,,,1.50,4.60,,"m",,
1003284367,"7141266",1003284366,,,3.00,6.10,,"m",,
1003284379,"7141266",1003284374,1,"10",,,"5","m","cm",5.80
1003284389,"7141267",1003284388,,,1.50,3.30,,"m",,
1003284405,"7141267",1003284392,1,"10",,,"5","m","cm",5.80
1003284415,"7141268",1003284414,,,5.30,8.50,,"m",,
1003284423,"7141268",1003284422,,,6.00,9.00,,"m",,
1003284431,"7141268",1003284430,,,10.70,13.10,,"m",,
1003284447,"7141268",1003284434,1,"10",,,"5","m","cm",5.80
1003029205,"7141308",1003029198,1,"10",1.70,7.30,"5","m","cm",5.80
1003033801,"7141331",1003033795,1,,,,"5","m","cm",
1003033821,"7141332",1003033815,,,,,,"m","cm",
1003039622,"7141366",1003039612,,,,,,"ft","inch",
1003135539,"7141532",1003135532,,,,,,"ft","inch",
1003136000,"7141533",1003135994,,,,,,"ft","inch",
1003137458,"7141554",1003137452,,,,,,"m","cm",
1003145847,"7141730",1003145837,1,"10",3.30,4.80,"5","m","cm",5.80
1003145901,"7141751",1003145895,,,,,,"ft","inch",
1003145995,"7141752",1003145983,,,,,,"ft","inch",
1003146091,"7141753",1003146079,,,,,,"ft","inch",
1003146174,"7141754",1003146163,,,,,,"ft","inch",
1003146289,"7141755",1003146277,,,,,,"ft","inch",
1003146358,"7141756",1003146345,,,,,,"ft","inch",
1003146454,"7141757",1003146441,,,,,,"ft","inch",
1003146541,"7141758",1003146528,,,,,,"ft","inch",
1003146604,"7141759",1003146593,,,,,,"ft","inch",
1003146819,"7141763",1003146809,,,,,,"ft","inch",
1003146958,"7141764",1003146945,,,,,,"ft","inch",
1003147028,"7141765",1003147015,,,,,,"ft","inch",
1003147119,"7141766",1003147107,,,,,,"ft","inch",
1003147245,"7141767",1003147235,,,,,,"ft","inch",
1003147586,"7141771",1003147575,1,,,,,"ft","inch",
1003147656,"7141772",1003147645,,,,,,"ft","inch",
1003147708,"7141773",1003147698,,,,,,"ft","inch",
1003147749,"7141774",1003147737,,,,,,"ft","inch",
1003147806,"7141775",1003147794,,,,,,"ft","inch",
1003147874,"7141776",1003147861,,,,,,"ft","inch",
1003147978,"7141777",1003147967,,,,,,"ft","inch",
1003148099,"7141778",1003148085,,,,,,"ft","inch",
1003148188,"7141779",1003148176,,,,,,"ft","inch",
1003148259,"7141780",1003148246,,,,,,"ft","inch",
1003148381,"7141781",1003148369,,,,,,"ft","inch",
1003148560,"7141784",1003148551,,,,,,"ft","inch",
1003154374,"7142010",1003154364,1,"10",3.83,8.43,"5","m","cm",4.10
1003154766,"7142037",1003154755,1,"10",0.91,4.57,"5","m","cm",4.21
1003154812,"7142038",1003154801,1,"10",0.91,4.57,"5","m","cm",4.21
1003154910,"7142039",1003154898,1,"10",0.91,4.57,"5","m","cm",4.21
1003156493,"7142087",1003156483,1,"10",2.44,5.49,"5","m","cm",4.82
1003156638,"7142088",1003156627,1,"10",2.44,5.49,"5","m","cm",4.82
1003156672,"7142089",1003156661,1,"10",2.44,5.49,"5","m","cm",4.82
1003156822,"7142090",1003156811,1,"10",2.44,5.49,"5","m","cm",4.82
1003156914,"7142091",1003156903,1,"10",2.44,5.49,"5","m","cm",4.82
1003157995,"7142127",1003157986,1,"10",1.83,4.88,"5","m","cm",4.21
1003158170,"7142128",1003158160,1,"10",2.74,5.79,"5","m","cm",4.21
1003158212,"7142129",1003158202,1,"10",1.83,4.88,"5","m","cm",4.21
1003158229,"7142130",1003158221,1,"10",2.74,5.79,"5","m","cm",4.21
1003158246,"7142131",1003158238,1,"10",2.44,3.96,"5","m","cm",4.82
1003158281,"7142132",1003158273,1,"10",2.44,3.96,"5","m","cm",4.82
1003158304,"7142133",1003158296,1,"10",2.13,3.66,"5","m","cm",4.82
1003158317,"7142134",1003158309,1,"10",2.44,3.96,"5","m","cm",4.82
1003158330,"7142135",1003158322,1,"10",2.44,3.96,"5","m","cm",4.82
1003158343,"7142136",1003158335,1,"10",2.44,3.96,"5","m","cm",4.82
1003158424,"7142137",1003158416,1,"10",2.44,3.96,"5","m","cm",4.82
1003158560,"7142138",1003158552,1,"10",2.44,3.96,"5","m","cm",2.44
1003167949,"7142271",1003167942,1,"10",,,"5","m","cm",4.21
1003167976,"7142272",1003167969,1,"10",,,"5","m","cm",4.21
1003167988,"7142273",1003167981,1,"10",,,"5","m","cm",4.21
1003168014,"7142274",1003168007,1,"10",,,"5","m","cm",4.21
1003168026,"7142275",1003168019,1,"10",,,"5","m","cm",4.21
1003168038,"7142276",1003168031,1,"10",,,"5","m","cm",4.21
1003168050,"7142277",1003168043,1,"10",,,"5","m","cm",4.21
1003168062,"7142278",1003168055,1,"10",,,"5","m","cm",4.21
1003168222,"7142283",1003168211,1,"10",0.00,4.88,"5","m","cm",4.82
1003168238,"7142284",1003168227,1,"10",1.83,4.88,"5","m","cm",4.82
1003168254,"7142285",1003168243,1,"10",2.44,5.49,"5","m","cm",4.82
1003168446,"7142291",1003168436,1,"10",3.10,4.57,"5","m","cm",4.82
1003168497,"7142292",1003168488,1,"10",3.10,4.57,"5","m","cm",4.82
1003168511,"7142293",1003168502,1,"10",3.10,4.57,"5","m","cm",4.82
1003168580,"7142294",1003168571,1,"10",3.10,4.57,"5","m","cm",4.82
1003168606,"7142295",1003168597,1,"10",2.74,4.27,"5","m","cm",4.82
1003168696,"7142296",1003168688,1,"10",6.50,13.50,"5","ft","inch",1.53
1003173182,"7142323",1003173172,1,"10",4.00,14.00,"5","ft","inch",1.43
1003173440,"7142329",1003173433,1,"10",,,"5","m","cm",4.21
1003289348,"7142387",1003289347,,,,,,,,
1003289356,"7142387",1003289355,,,,,,,,
1003289392,"7142387",1003289387,1,"10",,,"5","m","cm",4.21
1003177788,"7142911",1003177780,1,"10",3.00,13.00,"5","ft","inch",1.53
1003091736,"7143167",1003091724,,,,,,"ft","inch",
1003091798,"7143168",1003091783,1,,,,,"ft","inch",
1003091843,"7143169",1003091831,1,,,,,"ft","inch",
1003092060,"7143173",1003092052,,,,,,"ft","inch",
1003092211,"7143176",1003092199,,,,,,"ft","inch",
1003097895,"7143199",1003097889,,,,,,"m","cm",
1003292974,"7143315",1003292973,,,1.52,4.57,,"m",,
1003292983,"7143315",1003292982,,,1.52,4.57,,"m",,
1003292997,"7143315",1003292986,1,".1",,,"5","m","cm",5.08
1003293387,"7143475",1003293386,,,2.30,3.80,,"m",,
1003293396,"7143475",1003293395,,,5.70,4.20,,"m",,
1003293409,"7143475",1003293399,1,"10",,,"5","m","cm",5.80
1003117500,"7143532",1003117488,,,,,,"m","cm",
1003117580,"7143533",1003117568,,,,,,"m","cm",
1003117883,"7143537",1003117872,,,,,,"m","cm",
1003117984,"7143539",1003117970,,,,,,"m","cm",
1003118039,"7143540",1003118026,,,,,,"m","cm",
1003118139,"7143541",1003118128,,,,,,"m","cm",
1003118434,"7143544",1003118422,,,,,,"m","cm",
1003118492,"7143545",1003118484,,,,,,"m","cm",
1003120756,"7143594",1003120747,,,,,,"m","cm",
1003120936,"7143595",1003120924,,,,,,"m","cm",
1003121016,"7143596",1003121007,,,,,,"m","cm",
1003121594,"7143613",1003121582,1,"10",2.85,7.45,"5","m","cm",6.00
1003123993,"7143661",1003123984,,,,,,"ft","inch",
1003124262,"7143663",1003124250,,,,,,"ft","inch",
1003124345,"7143664",1003124332,,,,,,"ft","inch",
1003124437,"7143665",1003124425,,,,,,"ft","inch",
1003124503,"7143666",1003124487,,,,,,"ft","inch",
1003124581,"7143667",1003124570,,,,,,"ft","inch",
1003124666,"7143668",1003124653,,,,,,"ft","inch",
1003124948,"7143671",1003124936,,,,,,"ft","inch",
1003125099,"7143672",1003125086,,,,,,"ft","inch",
1003125166,"7143673",1003125153,,,,,,"ft","inch",
1003125211,"7143674",1003125200,,,,,,"ft","inch",
1003125269,"7143675",1003125258,,,,,,"ft","inch",
1003130776,"7143787",1003130766,1,"10",5.50,8.50,"5","m","cm",5.80
1003131296,"7143813",1003131289,1,"10",2.00,5.16,"5","m","cm",4.10
1003138481,"7143933",1003138471,,,,,,"m","cm",
1003138550,"7143934",1003138542,,,,,,"m","cm",
1003304257,"7144017",1003304256,,,2.00,5.00,,"m",,
1003304266,"7144017",1003304265,,,2.00,5.00,,"m",,
1003304275,"7144017",1003304274,,,2.00,4.70,,"m",,
1003304284,"7144017",1003304283,,,2.00,5.00,,"m",,
1003304293,"7144017",1003304292,,,2.00,5.00,,"m",,
1003304302,"7144017",1003304301,,,2.00,5.00,,"m",,
1003304311,"7144017",1003304310,,,2.00,5.00,,"m",,
1003304319,"7144017",1003304318,,,3.00,,,"m",,
1003304331,"7144017",1003304322,1,"10",,,"5","m","cm",5.80
1003141786,"7144018",1003141779,,,,,,"ft","inch",
1003142154,"7144019",1003142144,1,"10",2.55,4.28,"5","m","cm",4.10
1003146996,"7144093",1003146988,1,"10",0.91,1.83,"5","m","cm",4.21
1003153714,"7144200",1003153706,1,"10",,,"5","m","cm",4.82
1003153765,"7144201",1003153757,1,"10",,,"5","m","cm",4.21
1003153794,"7144202",1003153786,1,"10",,,"5","m","cm",4.82
1003153805,"7144203",1003153797,1,"10",,,"5","m","cm",4.82
1003154403,"7144211",1003154393,1,"10.",1.83,4.88,"5","m","cm",6.03
1003154492,"7144212",1003154482,1,"10",1.83,4.88,"5","m","cm",6.03
1003154521,"7144213",1003154512,1,"10",0.91,3.66,"5","m","cm",4.82
1003155106,"7144214",1003155098,1,"10",1.50,4.57,"5","m","cm",4.82
1003155166,"7144215",1003155158,1,"10",1.50,4.57,"5","m","cm",6.03
1003155220,"7144216",1003155210,1,"10",3.10,6.10,"5","m","cm",6.03
1003161091,"7144321",1003161083,1,"40",7.93,14.03,"5","m","cm",13.97
1003161143,"7144322",1003161131,,,,,,"m","cm",
1003161181,"7144323",1003161169,,,,,,"m","cm",
1003161235,"7144324",1003161225,1,"8",8.54,9.45,"1","m","cm",13.97
1003161319,"7144325",1003161308,1,"10",45.14,46.36,"1","m","cm",13.97
1003162356,"7144356",1003162346,,,,,,"m","cm",
1003162446,"7144357",1003162437,,,,,,"m","cm",
1003170229,"7144559",1003170220,,,,,,"m","cm",
1003170502,"7144572",1003170493,,,,,,"m","cm",
1003161613,"7144794",1003161600,,,,,,"ft","inch",
1003177303,"7145161",1003177293,1,".01",10.00,20.00,"5","ft","inch",3.50
1003192974,"7145392",1003192964,1,"10",2.13,3.66,"5","m","cm",4.82
1003192989,"7145393",1003192979,1,"10",4.27,5.79,"5","m","cm",4.82
1003193005,"7145394",1003192994,1,"10",2.13,3.66,"5","m","cm",4.82
1003310570,"7145404",1003310569,,,1.22,7.32,,"m",,
1003310579,"7145404",1003310578,,,1.22,7.32,,"m",,
1003310588,"7145404",1003310587,,,1.22,7.32,,"m",,
1003310597,"7145404",1003310596,,,1.22,7.32,,"m",,
1003310606,"7145404",1003310605,,,1.22,7.32,,"m",,
1003310618,"7145404",1003310609,1,"10",,,"5","m","cm",4.82
1003193232,"7145431",1003193223,1,"10",1.83,3.35,"5","m","cm",4.82
1003193244,"7145432",1003193237,1,"10",1.83,3.35,"5","m","cm",4.82
1003193258,"7145433",1003193249,1,"10",3.10,4.57,"5","m","cm",4.82
1003193273,"7145434",1003193263,1,"10",3.10,4.57,"5","m","cm",4.82
1003193286,"7145435",1003193278,1,"10",0.31,1.83,"5","m","cm",4.82
1003193351,"7145439",1003193341,1,"10",3.96,7.01,"5","m","cm",4.82
1003311839,"7145546",1003311838,,,4.50,6.10,,"m",,
1003311848,"7145546",1003311847,,,6.40,8.80,,"m",,
1003311857,"7145546",1003311856,,,4.50,6.10,,"m",,
1003311866,"7145546",1003311865,,,6.00,8.20,,"m",,
1003311875,"7145546",1003311874,,,9.80,12.20,,"m",,
1003311887,"7145546",1003311878,1,"10",,,"5","m","cm",5.80
1003050166,"7145625",1003050160,,,,,,"m","cm",
1003050213,"7145626",1003050206,,,,,,"m","cm",
1003050238,"7145627",1003050228,,,,,,"m","cm",
1003050392,"7145628",1003050381,,,,,,"m","cm",
1003050545,"7145629",1003050534,,,,,,"m","cm",
1003053537,"7145630",1003053525,,,,,,"m","cm",
1003054184,"7145631",1003054171,,,,,,"m","cm",
1003054722,"7145634",1003054711,,,,,,"m","cm",
1003055221,"7145653",1003055210,,,,,,"m","cm",
1003055253,"7145654",1003055243,,,,,,"m","cm",
1003055356,"7145655",1003055346,,,,,,"m","cm",
1003056154,"7145656",1003056141,,,,,,"m","cm",
1003056463,"7145659",1003056452,,,,,,"m","cm",
1003056521,"7145660",1003056508,,,,,,"m","cm",
1003056715,"7145662",1003056705,,,,,,"m","cm",
1003057363,"7145665",1003057351,,,,,,"m","cm",
1003057446,"7145666",1003057435,,,,,,"m","cm",
1003057577,"7145667",1003057566,,,,,,"m","cm",
1003058704,"7145668",1003058693,,,,,,"m","cm",
1003058894,"7145669",1003058888,,,,,,"m","cm",
1003059366,"7145670",1003059355,,,,,,"m","cm",
1003059631,"7145671",1003059620,,,,,,"m","cm",
1003059728,"7145672",1003059718,,,,,,"m","cm",
1003059965,"7145673",1003059952,,,,,,"m","cm",
1003060030,"7145674",1003060018,,,,,,"m","cm",
1003060351,"7145677",1003060339,,,,,,"m","cm",
1003060462,"7145679",1003060451,,,,,,"ft","inch",
1003060810,"7145685",1003060802,,,,,,"ft","inch",
1003061922,"7145703",1003061912,,,,,,"m","cm",
1003069699,"7145771",1003069690,1,"12",32.00,36.00,"1","ft","inch",5.50
1003083043,"7145838",1003083032,,,,,,"ft","inch",
1003083113,"7145839",1003083102,,,,,,"ft","inch",
1003083168,"7145840",1003083158,,,,,,"ft","inch",
1003083395,"7145841",1003083370,,,,,,"ft","inch",
1003083506,"7145843",1003083493,,,,,,"ft","inch",
1003083568,"7145844",1003083555,,,,,,"ft","inch",
1003083610,"7145845",1003083598,,,,,,"ft","inch",
1003083651,"7145846",1003083640,,,,,,"ft","inch",
1003083751,"7145847",1003083739,,,,,,"ft","inch",
1003083835,"7145848",1003083822,,,,,,"ft","inch",
1003083875,"7145849",1003083865,,,,,,"ft","inch",
1003089096,"7145852",1003089082,,,,,,"ft","inch",
1003089168,"7145853",1003089161,,,,,,"ft","inch",
1003090046,"7145855",1003090032,,,,,,"ft","inch",
1003090121,"7145856",1003090109,,,,,,"ft","inch",
1003090234,"7145858",1003090220,,,,,,"ft","inch",
1003090292,"7145859",1003090283,,,,,,"ft","inch",
1003090333,"7145860",1003090322,,,,,,"ft","inch",
1003090465,"7145862",1003090452,,,,,,"ft","inch",
1003091383,"7145864",1003091371,,,,,,"ft","inch",
1003091422,"7145865",1003091413,,,,,,"ft","inch",
1003126423,"7146116",1003126410,,,,,,"m","cm",
1003126845,"7146117",1003126836,,,,,,"m","cm",
1003312573,"7146132",1003312572,,,4.50,6.10,,"m",,
1003312582,"7146132",1003312581,,,5.80,7.60,,"m",,
1003312591,"7146132",1003312590,,,1.50,5.90,,"m",,
1003312600,"7146132",1003312599,,,3.00,5.90,,"m",,
1003312613,"7146132",1003312603,1,"10",,,"5","m","cm",5.80
1003312662,"7146133",1003312661,,,3.50,6.10,,"m",,
1003312676,"7146133",1003312665,1,"10",,,"5","m","cm",5.80
1003129875,"7146134",1003129865,1,"10",1.65,4.50,"5","m","cm",4.10
1003135159,"7146224",1003135151,,,,,,"m","cm",
1003143063,"7146290",1003143050,1,"12",23.16,24.69,"1","m","cm",13.97
1003143064,"7146290",1003143050,2,"12",14.02,17.06,"1","m","cm",13.97
1003144853,"7146298",1003144838,,,,,,"m","cm",
1003148701,"7146317",1003148688,,,,,,"m","cm",
1003148818,"7146318",1003148809,,,,,,"m","cm",
1003148933,"7146319",1003148924,,,,,,"m","cm",
1003149081,"7146320",1003149069,,,,,,"m","cm",
1003149222,"7146321",1003149216,,,,,,"m","cm",
1003149293,"7146322",1003149283,,,,,,"m","cm",
1003149452,"7146323",1003149442,,,,,,"m","cm",
1003149737,"7146326",1003149731,,,,,,"m","cm",
1003149748,"7146327",1003149742,,,,,,"m","cm",
1003203835,"7146410",1003203828,,,,,,"m","cm",
1003204958,"7146421",1003204944,,,,,,"m","cm",
1003206944,"7146472",1003206936,,,,,,"ft","inch",
1003317224,"7146651",1003317223,,,2.10,5.10,,"m",,
1003317233,"7146651",1003317232,,,2.10,5.10,,"m",,
1003317245,"7146651",1003317236,1,"10",,,"5","m","cm",5.80
1003180964,"7146862",1003180955,,,,,,"ft","inch",
1003181161,"7146896",1003181151,1,"10",3.66,6.71,"5","m","cm",4.82
1003181555,"7146897",1003181544,1,"10",4.27,10.36,"5","m","cm",4.82
1003181569,"7146898",1003181560,1,"10",5.79,8.84,"5","m","cm",4.21
1003181584,"7146899",1003181574,1,"10",4.57,7.62,"5","m","cm",4.21
1003181599,"7146900",1003181589,1,"10",1.83,4.88,"5","m","cm",4.82
1003181615,"7146901",1003181604,1,"10",5.49,9.75,"5","m","cm",4.82
1003319699,"7146912",1003319698,,,0.91,2.44,,"m",,
1003319708,"7146912",1003319707,,,0.91,2.44,,"m",,
1003319721,"7146912",1003319711,1,"10",,,"5","m","cm",4.21
1003319904,"7146914",1003319903,,,2.44,5.49,,"m",,
1003319913,"7146914",1003319912,,,2.44,5.49,,"m",,
1003319922,"7146914",1003319921,,,2.13,5.18,,"m",,
1003319933,"7146914",1003319925,1,"10",,,"5","m","cm",4.82
1003182073,"7146922",1003182062,1,"10",1.50,6.10,"5","m","cm",4.82
1003182176,"7146923",1003182166,1,"10",1.50,6.10,"5","m","cm",4.82
1003182220,"7146924",1003182209,1,"10",2.74,8.84,"5","m","cm",4.82
1003182275,"7146925",1003182265,1,"10",1.22,4.27,"5","m","cm",4.21
1003320196,"7146926",1003320195,,,1.88,4.88,,"m",,
1003320205,"7146926",1003320204,,,1.88,4.88,,"m",,
1003320214,"7146926",1003320213,,,2.44,5.49,,"m",,
1003320223,"7146926",1003320222,,,2.13,5.18,,"m",,
1003320232,"7146926",1003320231,,,2.74,5.79,,"m",,
1003320242,"7146926",1003320235,1,"10",,,"5","m","cm",
1003320683,"7146947",1003320682,,,1.22,4.27,,"m",,
1003320692,"7146947",1003320691,,,1.22,4.27,,"m",,
1003320701,"7146947",1003320700,,,1.22,4.27,,"m",,
1003320710,"7146947",1003320709,,,1.22,4.27,,"m",,
1003320723,"7146947",1003320713,1,"10",,,"5","m","cm",6.03
1003185902,"7146971",1003185895,1,"10",2.00,12.00,"5","ft","inch",1.50
1003185914,"7146972",1003185907,1,"10",2.00,12.00,"5","ft","inch",1.50
1003185926,"7146973",1003185919,1,"10",2.00,12.00,"5","ft","inch",1.50
1003185953,"7146974",1003185946,1,"10",2.00,12.00,"5","ft","inch",1.50
1003185965,"7146975",1003185958,1,"10",0.00,8.00,"5","ft","inch",1.50
1003185977,"7146976",1003185970,1,"10",0.00,8.00,"5","ft","inch",1.50
1003185989,"7146977",1003185982,1,"10",0.00,8.00,"5","ft","inch",1.50
1003186114,"7146981",1003186106,1,"10",1.83,3.35,"5","m","cm",4.82
1003190849,"7147017",1003190839,1,"10",5.49,8.53,"5","m","cm",8.02
1003190878,"7147018",1003190868,1,"10",5.49,8.53,"5","m","cm",8.02
1003190936,"7147019",1003190926,1,"10",5.49,8.53,"5","m","cm",8.02
1003190951,"7147020",1003190941,1,"10",5.49,8.53,,"m","cm",
1003190966,"7147021",1003190956,1,"10",5.49,8.53,"5","m","cm",8.02
1003190981,"7147022",1003190971,1,"10",5.49,8.53,"5","m","cm",8.02
1003190997,"7147023",1003190986,1,"10",5.49,8.53,"5","m","cm",8.02
1003191012,"7147024",1003191002,1,"10",5.49,8.53,"5","m","cm",8.02
1003191028,"7147025",1003191017,1,"10",5.49,8.53,"5","m","cm",8.02
1003191044,"7147026",1003191033,1,"10",5.49,8.84,"5","m","cm",8.02
1003191060,"7147027",1003191049,1,"10",5.18,8.53,"5","m","cm",8.02
1003191077,"7147028",1003191065,1,"10",5.49,8.53,"5","m","cm",8.02
1003191091,"7147029",1003191082,1,"10",3.66,6.71,"5","m","cm",8.02
1003191131,"7147032",1003191122,1,"10",10.00,20.00,"5","ft","inch",1.25
1003191145,"7147033",1003191136,1,"10",10.00,20.00,"5","ft","inch",1.25
1003191159,"7147034",1003191150,1,"10",10.00,20.00,"5","ft","inch",1.25
1003193736,"7147048",1003193728,1,"10",0.91,7.32,"5","m","cm",4.21
1003194569,"7147062",1003194560,1,"10",2.74,5.79,"5","m","cm",4.82
1003194583,"7147063",1003194574,1,"10",2.74,5.79,"5","m","cm",4.82
1003194597,"7147064",1003194588,1,"10",3.05,5.18,"5","m","cm",4.82
1003192720,"7147330",1003192708,,,,,,"ft","inch",
1003193441,"7147331",1003193428,,,,,,"ft","inch",
1003193550,"7147332",1003193529,,,,,,"ft","inch",
1003193797,"7147335",1003193785,,,,,,"ft","inch",
1003193963,"7147338",1003193952,,,,,,"ft","inch",
1003194363,"7147343",1003194349,,,,,,"ft","inch",
1003194408,"7147344",1003194393,,,,,,"ft","inch",
1003194441,"7147345",1003194431,,,,,,"ft","inch",
1003194614,"7147348",1003194602,,,,,,"ft","inch",
1003194906,"7147351",1003194891,,,,,,"ft","inch",
1003194969,"7147352",1003194958,,,,,,"ft","inch",
1003195017,"7147353",1003195007,,,,,,"ft","inch",
1003195089,"7147354",1003195079,,,,,,"ft","inch",
1003195283,"7147355",1003195271,,,,,,"ft","inch",
1003195367,"7147356",1003195354,,,,,,"ft","inch",
1003196044,"7147357",1003196032,,,,,,"ft","inch",
1003196114,"7147358",1003196104,,,,,,"ft","inch",
1003196196,"7147359",1003196185,1,,,,,"ft","inch",
1003196235,"7147360",1003196223,,,,,,"ft","inch",
1003196275,"7147361",1003196259,1,,,,,"ft","inch",
1003196317,"7147362",1003196308,,,,,,"ft","inch",
1003196377,"7147363",1003196364,1,,,,,"ft","inch",
1003196429,"7147364",1003196417,1,,,,,"ft","inch",
1003196558,"7147365",1003196543,,,,,,"ft","inch",
1003196630,"7147366",1003196619,,,,,,"ft","inch",
1003196725,"7147367",1003196712,,,,,,"ft","inch",
1003196792,"7147368",1003196779,1,,,,,"ft","inch",
1003196824,"7147369",1003196812,,,,,,"ft","inch",
1003197165,"7147373",1003197153,,,,,,"ft","inch",
1003197209,"7147374",1003197195,,,,,,"ft","inch",
1003197264,"7147375",1003197250,,,,,,"ft","inch",
1003198130,"7147380",1003198119,,,,,,"ft","inch",
1003200736,"7147457",1003200723,,,,,,"m","cm",
1003200893,"7147458",1003200881,,,,,,"m","cm",
1003200955,"7147459",1003200943,,,,,,"m","cm",
1003201179,"7147461",1003201169,,,,,,"m","cm",
1003201610,"7147466",1003201599,,,,,,"m","cm",
1003322473,"7147534",1003322472,,,0.90,6.00,,"m",,
1003322482,"7147534",1003322481,,,1.20,5.70,,"m",,
1003322496,"7147534",1003322485,1,"10",,,"5","m","cm",5.80
1003196472,"7147768",1003196459,,,,,,"ft","inch",
1003196681,"7147771",1003196669,,,,,,"ft","inch",
1003106983,"7147852",1003106976,,,,,"5",,,
1003208435,"7147871",1003208425,,,,,,"ft","inch",
1003208714,"7147872",1003208702,,,,,,"ft","inch",
1003208856,"7147873",1003208843,,,,,,"ft","inch",
1003208933,"7147874",1003208923,,,,,,"ft","inch",
1003209155,"7147875",1003209142,,,,,,"ft","inch",
1003170353,"7147885",1003170339,,,,,,"ft","inch",
1003170633,"7147886",1003170622,,,,,,"ft","inch",
1003125870,"7147911",1003125862,,,,,,"m","cm",
1003125908,"7147912",1003125900,,,,,,"m","cm",
1003180504,"7147935",1003180491,,,,,,"m","cm",
1003180792,"7147936",1003180783,,,,,,"m","cm",
1003180889,"7147938",1003180879,,,,,,"m","cm",
1003180923,"7147939",1003180911,,,,,,"m","cm",
1003210764,"7147973",1003210758,,,,,,"m","cm",
1003211817,"7148016",1003211805,,,,,,"m","cm",
1003211904,"7148239",1003211893,1,,0.00,46.00,"1","ft","inch",6.00
1003219495,"7148254",1003219482,1,,0.00,59.00,"1","ft","inch",6.00
1003325684,"7148283",1003325683,,,3.40,6.70,,"m",,
1003325693,"7148283",1003325692,,,3.50,6.60,,"m",,
1003325702,"7148283",1003325701,,,4.90,7.30,,"m",,
1003325711,"7148283",1003325710,,,3.00,6.60,,"m",,
1003325723,"7148283",1003325714,1,"10",,,"5","m","cm",5.80
1003220715,"7148295",1003220705,1,"10",2.20,4.90,"5","m","cm",5.90
1003220837,"7148296",1003220826,1,"10",3.00,6.10,"5","m","cm",5.80
1003325783,"7148298",1003325782,,,3.00,5.10,,"m",,
1003325792,"7148298",1003325791,,,4.50,6.70,,"m",,
1003325801,"7148298",1003325800,,,2.50,7.00,,"m",,
1003325814,"7148298",1003325804,1,"10",,,"5","m","cm",5.80
1003225037,"7148397",1003225029,1,"10",0.61,3.66,"5","m","cm",4.82
1003225140,"7148398",1003225132,1,"10",0.61,3.66,"5","m","cm",4.82
1003225224,"7148399",1003225216,1,"10",0.61,3.66,"5","m","cm",4.82
1003225541,"7148400",1003225533,1,"10",0.61,3.66,"5","m","cm",4.82
1003225722,"7148401",1003225714,1,"10",0.61,3.66,"5","m","cm",4.82
1003209720,"7148425",1003209711,1,"10",13.00,18.00,"5","ft","inch",1.25
1003210104,"7148435",1003210095,1,"10",0.61,2.13,"5","m","cm",4.21
1003210118,"7148436",1003210109,1,"10",0.91,1.83,"5","m","cm",4.21
1003230980,"7148452",1003230971,1,"10",2.44,3.96,"5","m","cm",4.82
1003232335,"7148453",1003232326,1,"10",1.50,3.10,"5","m","cm",4.82
1003232415,"7148454",1003232406,1,"10",0.91,1.83,"5","m","cm",4.82
1003232451,"7148455",1003232442,1,"10",0.61,2.13,"5","m","cm",4.82
1003186163,"7148579",1003186156,,,,,,"m","cm",
1003329660,"7148911",1003329659,,,7.30,10.40,,"m",,
1003329669,"7148911",1003329668,,,1.50,3.00,,"m",,
1003329678,"7148911",1003329677,,,6.10,9.10,,"m",,
1003329687,"7148911",1003329686,,,1.50,4.60,,"m",,
1003329696,"7148911",1003329695,,,7.60,9.10,,"m",,
1003329705,"7148911",1003329704,,,4.00,5.50,,"m",,
1003329717,"7148911",1003329708,1,"10",,,"5","m","cm",5.80
1003329727,"7148912",1003329726,,,2.30,6.10,,"m",,
1003329736,"7148912",1003329735,,,2.50,6.10,,"m",,
1003329747,"7148912",1003329739,1,"010",,,"5","m","cm",3.80
1003257981,"7149185",1003257967,,,,,,"ft","inch",
1003260883,"7149211",1003260877,1,,,,,"m","cm",
1003260892,"7149212",1003260886,,,,,,"m","cm",
1003260902,"7149213",1003260895,,,,,,"m","cm",
1003260967,"7149214",1003260961,,,,,,"m","cm",
1003261007,"7149215",1003260999,,,,,,"m","cm",
1003261019,"7149216",1003261011,1,"10",0.60,3.35,"5","m","cm",50.00
1003261020,"7149216",1003261011,2,,0.60,0.91,,"m","cm",
1003261097,"7149217",1003261089,1,"10",0.60,2.13,"5","m","cm",50.00
1003261392,"7149222",1003261381,,,,,,"m","cm",
1003261499,"7149225",1003261488,,,,,,"m","cm",
1003261570,"7149226",1003261559,,,,,,"m","cm",
1003261629,"7149227",1003261618,,,,,,"m","cm",
1003261913,"7149231",1003261902,,,,,,"m","cm",
1003261993,"7149232",1003261980,,,,,,"m","cm",
1003262327,"7149236",1003262315,,,,,,"m","cm",
1003262368,"7149237",1003262357,,,,,,"m","cm",
1003262398,"7149238",1003262392,,,,,,"m","cm",
1003262412,"7149239",1003262401,,,,,,"m","cm",
1003262947,"7149240",1003262941,,,,,,"m","cm",
1003262956,"7149241",1003262950,,,,,,"m","cm",
1003263025,"7149242",1003263019,,,,,,"m","cm",
1003263057,"7149243",1003263051,,,,,,"m","cm",
1003263066,"7149244",1003263060,,,,,,"m","cm",
1003263110,"7149245",1003263102,,,,,,"m","cm",
1003263291,"7149246",1003263280,,,,,,"m","cm",
1003263330,"7149247",1003263319,,,,,,"m","cm",
1003263395,"7149249",1003263384,,,,,,"m","cm",
1003263425,"7149250",1003263414,,,,,,"m","cm",
1003263465,"7149251",1003263454,,,,,,"m","cm",
1003263495,"7149252",1003263484,,,,,,"m","cm",
1003263528,"7149253",1003263518,,,,,,"m","cm",
1003263569,"7149254",1003263559,,,,,,"m","cm",
1003272543,"7149271",1003272534,,,,,,"m","cm",
1003273444,"7149275",1003273432,,,,,,"m","cm",
1003273480,"7149276",1003273469,,,,,,"m","cm",
1003273605,"7149277",1003273599,,,,,,"m","cm",
1003283726,"7149331",1003283718,,,,,,"ft","inch",
1003288402,"7149332",1003288391,,,,,,"ft","inch",
1003288587,"7149333",1003288576,,,,,,"ft","inch",
1003288892,"7149337",1003288880,,,,,,"ft","inch",
1003288934,"7149338",1003288922,,,,,,"ft","inch",
1003289009,"7149339",1003288997,,,,,,"ft","inch",
1003294116,"7149340",1003294109,,,,,,"ft","inch",
1003294358,"7149342",1003294346,,,,,,"ft","inch",
1003294400,"7149343",1003294388,,,,,,"ft","inch",
1003294486,"7149344",1003294472,,,,,,"ft","inch",
1003294595,"7149346",1003294584,,,,,,"ft","inch",
1003298583,"7149347",1003298571,1,,,,,"ft","inch",
1003298624,"7149348",1003298613,,,,,,"ft","inch",
1003298946,"7149354",1003298936,,,,,,"ft","inch",
1003299031,"7149355",1003299018,,,,,,"ft","inch",
1003299074,"7149356",1003299061,,,,,,"ft","inch",
1003299156,"7149357",1003299144,,,,,,"ft","inch",
1003299198,"7149358",1003299186,,,,,,"ft","inch",
1003299357,"7149360",1003299345,,,,,,"ft","inch",
1003299444,"7149361",1003299430,,,,,,"ft","inch",
1003299522,"7149362",1003299509,,,,,,"ft","inch",
1003299567,"7149363",1003299552,,,,,,"ft","inch",
1003299678,"7149364",1003299667,,,,,,"ft","inch",
1003299720,"7149365",1003299708,,,,,,"ft","inch",
1003299808,"7149366",1003299797,,,,,,"ft","inch",
1003299851,"7149367",1003299840,,,,,,"ft","inch",
1003300022,"7149370",1003300006,,,,,,,,
1003300291,"7149371",1003300278,,,,,,"ft","inch",
1003300373,"7149373",1003300362,,,,,,"ft","inch",
1003303045,"7149391",1003303033,,,,,,"m","cm",
1003303145,"7149394",1003303135,,,,,,"m","cm",
1003307906,"7149395",1003307900,,,,,,"m","cm",
1007041403,"7149451",1007041402,1,,,,,"m","cm",
1007041412,"7149451",1007041411,1,,,,,"m","cm",
1007041421,"7149451",1007041420,1,,,,,"m","cm",
1007041430,"7149451",1007041429,1,,,,,"m","cm",
1007041439,"7149451",1007041438,1,,,,,"m","cm",
1007041448,"7149451",1007041447,1,,,,,"m","cm",
1007041457,"7149451",1007041456,1,,,,,"m","cm",
1007041466,"7149451",1007041465,1,,,,,"m","cm",
1007041475,"7149451",1007041474,1,,,,,"m","cm",
1007041484,"7149451",1007041483,1,,,,,"m","cm",
1007041493,"7149451",1007041492,1,,,,,"m","cm",
1007041502,"7149451",1007041501,1,,,,,"m","cm",
1007041511,"7149451",1007041510,1,,,,,"m","cm",
1007041520,"7149451",1007041519,1,,,,,"m","cm",
1007041529,"7149451",1007041528,1,,,,,"m","cm",
1007041538,"7149451",1007041537,1,,,,,"m","cm",
1007041547,"7149451",1007041546,1,,,,,"m","cm",
1007041556,"7149451",1007041555,1,,,,,"m","cm",
1007041565,"7149451",1007041564,1,,,,,"m","cm",
1007041574,"7149451",1007041573,1,,,,,"m","cm",
1007041583,"7149451",1007041577,1,"10",,,"5","m","cm",
1004566406,"7149495",1004566405,1,,3.05,6.10,,"m","cm",
1004566415,"7149495",1004566414,1,,3.05,6.10,,"m","cm",
1004566424,"7149495",1004566423,1,,3.05,6.10,,"m","cm",
1004566433,"7149495",1004566432,1,,3.05,6.10,,"m","cm",
1004566442,"7149495",1004566441,1,,3.05,6.10,,"m","cm",
1004566451,"7149495",1004566450,1,,3.05,6.10,,"m","cm",
1004566462,"7149495",1004566454,1,"10",,,"5","m","cm",4.21
1004566692,"7149497",1004566691,1,,1.50,6.10,,"m","cm",
1004566701,"7149497",1004566700,1,,1.50,6.10,,"m","cm",
1004566710,"7149497",1004566709,1,,1.50,6.10,,"m","cm",
1004566719,"7149497",1004566718,1,,1.50,6.10,,"m","cm",
1004566728,"7149497",1004566727,1,,1.50,6.10,,"m","cm",
1004566741,"7149497",1004566731,1,"10",,,,"m","cm",4.82
1003313200,"7149500",1003313189,1,"10",1.50,6.10,"5","m","cm",4.82
1003313217,"7149501",1003313205,1,".39",4.88,8.84,"5","m","cm",5.23
1003313290,"7149502",1003313279,1,"10",4.27,8.84,"5","m","cm",4.82
1003313345,"7149503",1003313334,1,"10",4.27,8.84,"5","m","cm",4.82
1003313769,"7149516",1003313760,1,"10",1.22,4.27,"5","m","cm",4.82
1003313820,"7149517",1003313811,1,"10",1.83,4.88,"5","m","cm",4.82
1003313834,"7149518",1003313825,1,"10",1.83,4.88,"5","m","cm",4.82
1003313847,"7149519",1003313837,1,"10",4.88,7.93,"5","m","cm",8.38
1003313933,"7149520",1003313923,1,"10",4.88,7.93,"5","m","cm",8.38
1003313961,"7149521",1003313951,1,"10",3.10,6.10,"5","m","cm",8.38
1003313989,"7149522",1003313980,1,"10",4.88,6.71,"5","m","cm",8.38
1004567383,"7149563",1004567382,1,,8.00,13.50,,"m","cm",
1004567392,"7149563",1004567391,1,,9.00,14.00,,"m","cm",
1004567401,"7149563",1004567400,1,,8.50,13.50,,"m","cm",
1004567410,"7149563",1004567409,1,,10.00,20.00,,"m","cm",
1004567418,"7149563",1004567413,1,"10",,,"5","m","cm",1.50
1003296936,"7149662",1003296930,,,,,,"ft","inch",
1003298129,"7149725",1003298120,,,,,,"m","cm",
1003298156,"7149726",1003298147,,,,,,"m","cm",
1003298238,"7149729",1003298229,,,,,,"m","cm",
1003315392,"7150117",1003315380,,,,,,"ft","inch",
1003315436,"7150118",1003315422,,,,,,"ft","inch",
1003315478,"7150119",1003315466,,,,,,"ft","inch",
1003315560,"7150121",1003315548,,,,,,"ft","inch",
1003315979,"7150138",1003315966,,,,,,"ft","inch",
1003316020,"7150139",1003316009,,,,,,"ft","inch",
1003316063,"7150140",1003316050,,,,,,"ft","inch",
1003316105,"7150141",1003316093,,,,,,"ft","inch",
1003316268,"7150145",1003316256,,,,,,"ft","inch",
1003316350,"7150147",1003316339,,,,,,"ft","inch",
1003316871,"7150197",1003316862,1,"10",4.62,7.62,"5","m","cm",5.80
1003320398,"7150285",1003320388,1,"10",4.57,7.62,"5","m","cm",6.03
1003320413,"7150286",1003320403,1,"10",3.66,5.18,"5","m","cm",6.03
1003320483,"7150287",1003320473,1,"10",3.10,6.10,"5","m","cm",6.03
1003320495,"7150288",1003320486,1,"10",3.10,4.57,"5","m","cm",6.03
1003324678,"7150363",1003324671,1,"10",0.91,5.49,"5","m","cm",6.03
1003324690,"7150364",1003324683,1,"10",0.91,5.49,"5","m","cm",6.03
1003324700,"7150365",1003324693,1,"10",0.91,5.49,"5","m","cm",4.82
1003324712,"7150366",1003324705,1,"10",0.91,5.49,"5","m","cm",6.03
1003324725,"7150367",1003324717,1,"10",1.82,4.88,"5","m","cm",4.82
1003324738,"7150368",1003324730,1,"10",1.83,4.88,"5","m","cm",4.82
1003324752,"7150369",1003324743,1,"10",2.74,5.79,"5","m","cm",4.82
1003324797,"7150370",1003324788,1,"1.0",1.40,5.74,"5","m","cm",4.82
1003324811,"7150371",1003324802,1,"10",2.74,5.79,"5","m","cm",4.82
1003324825,"7150372",1003324816,1,"10",2.74,5.79,"5","m","cm",4.82
1003324877,"7150373",1003324867,1,"10",6.10,10.67,"5","m","cm",4.83
1003324892,"7150374",1003324882,1,"10",6.10,10.67,"5","m","cm",4.21
1003324907,"7150375",1003324897,1,"10",1.52,4.57,"5","m","cm",4.21
1003325153,"7150376",1003325142,1,"10",1.52,4.57,"5","m","cm",4.21
1003325547,"7150396",1003325537,1,"10",2.74,4.88,"5","m","cm",4.21
1003325600,"7150397",1003325590,1,"10",3.35,4.88,"5","m","cm",4.21
1003325601,"7150397",1003325590,2,,,,,"m","cm",
1003325649,"7150398",1003325639,1,"10",3.66,5.49,"5","m","cm",4.21
1003328136,"7150458",1003328126,,,,,,"m","cm",
1003328174,"7150459",1003328166,1,"8",8.23,9.15,"1","m","cm",13.97
1003328216,"7150460",1003328204,,,,,,"m","cm",
1003328257,"7150461",1003328246,,,,,,"m","cm",
1003328297,"7150462",1003328287,,,,,,"m","cm",
1003333495,"7150464",1003333487,1,"8",13.26,14.48,"1","m","cm",13.97
1003333533,"7150465",1003333525,1,"8",14.34,15.50,"1","m","cm",13.97
1003333574,"7150466",1003333563,,,,,,"m","cm",
1003333614,"7150467",1003333604,,,,,,"m","cm",
1004565477,"7150478",1004565476,1,,5.48,8.54,,"m","cm",
1004565486,"7150478",1004565485,1,,2.13,5.18,,"m","cm",
1004565495,"7150478",1004565494,1,,1.52,4.57,,"m","cm",
1004565504,"7150478",1004565503,1,,1.52,4.57,,"m","cm",
1004565513,"7150478",1004565512,1,,3.04,6.10,,"m","cm",
1004565522,"7150478",1004565521,1,,1.21,4.27,,"m","cm",
1003333747,"7150482",1003333739,1,".10",1.52,3.04,"5","m","cm",5.08
1003342910,"7150544",1003342904,,,,,,"ft","inch",
1003363966,"7150611",1003363954,1,"10",,,"5","m","cm",5.80
1003490456,"7150611",1003490455,,,4.40,11.00,,"m",,
1003490465,"7150611",1003490464,,,6.00,7.00,,"m",,
1003490474,"7150611",1003490473,,,5.50,7.00,,"m",,
1003490483,"7150611",1003490482,,,9.00,10.57,,"m",,
1003490492,"7150611",1003490491,,,3.60,9.60,,"m",,
1003490501,"7150611",1003490500,,,6.00,7.50,,"m",,
1003490510,"7150611",1003490509,,,3.00,7.90,,"m",,
1003344511,"7150613",1003344501,1,"10",1.20,4.25,"5","m","cm",0.10
1003344539,"7150614",1003344529,1,"10",0.90,3.40,"5","m","cm",4.10
1003344575,"7150615",1003344564,1,"10",0.85,5.60,"5","m","cm",4.10
1003344588,"7150616",1003344579,1,"10",0.90,4.00,"5","m","cm",4.10
1003349980,"7150705",1003349972,,,,,,"m","cm",
1003350056,"7150708",1003350049,1,"10",1.80,3.40,"5","m","cm",4.10
1003350070,"7150709",1003350060,1,"10",0.00,6.00,"5","m","cm",5.80
1003350165,"7150717",1003350153,,,,,,"m","inch",
1003350577,"7150749",1003350571,,,,,,"m","cm",
1003350731,"7150755",1003350720,,,,,,"m","cm",
1003353534,"7150760",1003353524,,,,,,"m","cm",
1003353571,"7150761",1003353559,,,,,,"m","cm",
1003333457,"7150774",1003333446,,,,,,,,
1003354068,"7150775",1003354060,,,,,,"m","cm",
1003354106,"7150776",1003354098,,,,,,"m","cm",
1003354142,"7150777",1003354136,,,,,,"ft","inch",
1003354154,"7150778",1003354145,,,,,,"ft","inch",
1003354167,"7150779",1003354158,,,,,,"ft","inch",
1003354206,"7150780",1003354197,,,,,,"ft","inch",
1003355387,"7150781",1003355378,,,,,,"ft","inch",
1003355770,"7150782",1003355763,,,,,,"ft","inch",
1003356487,"7150879",1003356478,,,,,,"m","cm",
1003356748,"7150885",1003356734,,,,,,"m","cm",
1003364582,"7150956",1003364572,1,"10",1.80,5.49,"5","m","cm",4.10
1003364625,"7150958",1003364618,1,"10",4.20,7.30,"5","m","cm",4.10
1003364649,"7150959",1003364639,1,"10",0.30,2.04,"5","m","cm",4.10
1003364672,"7150960",1003364663,1,"10",1.80,6.40,"5","m","cm",6.00
1003364686,"7150961",1003364676,1,"10",2.12,3.66,"5","m","cm",4.10
1003404251,"7151015",1003404238,,,,,,"m","cm",
1003405908,"7151046",1003405902,,,,,,"ft","inch",
1003422656,"7151310",1003422647,1,,0.00,84.00,"1","ft","inch",6.00
1003422698,"7151311",1003422686,1,,0.00,22.00,"1","ft","inch",6.00
1003423458,"7151320",1003423444,1,,0.00,22.00,"1","ft","inch",6.00
1003423707,"7151326",1003423695,1,,0.00,22.00,"1","ft","inch",6.00
1003424013,"7151331",1003424004,1,,0.00,22.00,"1","ft","inch",6.00
1003425417,"7151371",1003425411,,,,,,"ft","inch",
1003426311,"7151384",1003426296,,,,,,"ft","inch",
1003426396,"7151386",1003426382,,,,,,"ft","inch",
1003427489,"7151396",1003427479,,,,,,"ft","inch",
1003427987,"7151401",1003427975,,,,,,"ft","inch",
1003428110,"7151402",1003428095,,,,,,"ft","inch",
1003428244,"7151404",1003428228,,,,,,"ft","inch",
1003428288,"7151405",1003428274,,,,,,"ft","inch",
1003428613,"7151406",1003428600,,,,,,"ft","inch",
1003428782,"7151409",1003428770,,,,,,"ft","inch",
1003428866,"7151410",1003428853,,,,,,"ft","inch",
1003428902,"7151411",1003428891,,,,,,"ft","inch",
1003428983,"7151412",1003428973,,,,,,"ft","inch",
1003429654,"7151418",1003429641,,,,,,"ft","inch",
1003429695,"7151419",1003429684,,,,,,"ft","inch",
1003429781,"7151421",1003429766,,,,,,"ft","inch",
1003429824,"7151422",1003429811,,,,,,"ft","inch",
1003429871,"7151423",1003429858,,,,,,"ft","inch",
1003430074,"7151425",1003430063,,,,,,"ft","inch",
1003430116,"7151426",1003430104,,,,,,"ft","inch",
1003430156,"7151427",1003430146,,,,,,"ft","inch",
1003430230,"7151429",1003430218,,,,,,"ft","inch",
1003430274,"7151430",1003430260,,,,,,"ft","inch",
1003430316,"7151431",1003430304,,,,,,"ft","inch",
1003430356,"7151432",1003430346,,,,,,"ft","inch",
1003430396,"7151433",1003430386,,,,,,"ft","inch",
1003430478,"7151435",1003430470,,,,,,"ft","inch",
1003430561,"7151437",1003430548,,,,,,"ft","inch",
1003430643,"7151439",1003430634,,,,,,"ft","inch",
1003430682,"7151440",1003430673,,,,,,"ft","inch",
1003430721,"7151441",1003430712,,,,,,"ft","inch",
1003430763,"7151442",1003430751,,,,,,"ft","inch",
1003430919,"7151447",1003430912,,,,,,"ft","inch",
1003430949,"7151450",1003430943,,,,,,"ft","inch",
1003440803,"7151472",1003440792,,,,,,"m","cm",
1003440982,"7151473",1003440971,,,,,,"m","cm",
1003441037,"7151474",1003441026,,,,,,"m","cm",
1003441047,"7151475",1003441041,,,,,,"m","cm",
1003441099,"7151476",1003441092,,,,,,"m","cm",
1003441288,"7151477",1003441275,,,,,,"m","cm",
1003441325,"7151478",1003441318,1,,,,,"m","cm",
1003441354,"7151479",1003441344,,,,,,"m","cm",
1003441423,"7151480",1003441413,,,,,,"m","cm",
1003442895,"7151485",1003442884,,,,,,"m","cm",
1003442925,"7151486",1003442914,,,,,,"m","cm",
1003442954,"7151487",1003442944,,,,,,"m","cm",
1003442984,"7151488",1003442975,,,,,,"m","cm",
1003443021,"7151489",1003443011,,,,,,"m","cm",
1003447628,"7151490",1003447618,,,,,,"m","cm",
1003447653,"7151491",1003447647,,,,,,"m","cm",
1003447671,"7151493",1003447665,,,,,,"m","cm",
1003447684,"7151494",1003447674,,,,,,"m","cm",
1003447761,"7151496",1003447749,,,,,,"m","cm",
1003447796,"7151497",1003447783,,,,,,"m","cm",
1003447875,"7151499",1003447863,,,,,,"m","cm",
1003447912,"7151500",1003447902,,,,,,"m","cm",
1003451550,"7151501",1003451538,,,,,,"m","cm",
1003451630,"7151503",1003451619,,,,,,"m","cm",
1003451680,"7151504",1003451669,,,,,,"m","cm",
1003451787,"7151505",1003451777,,,,,,"m","cm",
1003451819,"7151506",1003451812,,,,,,"m","cm",
1003451829,"7151507",1003451822,,,,,,"m","cm",
1003340782,"7151538",1003340776,,,,,,"ft","inch",
1003340796,"7151543",1003340785,1,"10",2.30,3.80,"5","m","cm",4.10
1003348265,"7151544",1003348258,1,,,,,"ft","inch",
1003452878,"7151551",1003452862,,,,,,"m","cm",
1003452977,"7151553",1003452964,1,"10",4.50,12.10,"5","m","cm",5.80
1003600545,"7151736",1003600544,,,3.10,6.10,,"m",,
1003600554,"7151736",1003600553,,,2.80,5.30,,"m",,
1003600563,"7151736",1003600562,,,3.00,5.70,,"m",,
1003600572,"7151736",1003600571,,,2.50,4.60,,"m",,
1003600581,"7151736",1003600580,,,2.90,5.90,,"m",,
1003600590,"7151736",1003600589,,,2.50,5.60,,"m",,
1003600599,"7151736",1003600598,,,3.00,6.00,,"m",,
1003600608,"7151736",1003600607,,,3.00,4.60,,"m",,
1003600617,"7151736",1003600616,,,4.50,9.10,,"m",,
1003600626,"7151736",1003600625,,,3.20,6.20,,"m",,
1003600635,"7151736",1003600634,,,3.00,5.10,,"m",,
1003600653,"7151736",1003600642,1,"10",,,"5","m","cm",5.80
1003603237,"7151736",1003603236,,,6.90,9.90,,"m",,
1003603246,"7151736",1003603245,,,4.60,7.60,,"m",,
1003603255,"7151736",1003603254,,,1.90,10.20,,"m",,
1003603264,"7151736",1003603263,,,3.00,11.70,,"m",,
1003603273,"7151736",1003603272,,,1.80,9.70,,"m",,
1003603282,"7151736",1003603281,,,2.80,5.30,,"m",,
1003603291,"7151736",1003603290,,,3.00,8.40,,"m",,
1003603300,"7151736",1003603299,,,3.00,9.10,,"m",,
1003603309,"7151736",1003603308,,,6.80,9.10,,"m",,
1003603318,"7151736",1003603317,,,7.30,11.70,,"m",,
1003600663,"7151737",1003600662,,,6.20,7.70,,"m",,
1003600672,"7151737",1003600671,,,4.00,5.50,,"m",,
1003600681,"7151737",1003600680,,,6.40,7.90,,"m",,
1003600690,"7151737",1003600689,,,6.10,7.60,,"m",,
1003600702,"7151737",1003600693,1,"10",,,"5","m","cm",5.80
1003600712,"7151738",1003600711,,,5.20,8.20,,"m",,
1003600721,"7151738",1003600720,,,5.20,8.20,,"m",,
1003600730,"7151738",1003600729,,,4.60,7.60,,"m",,
1003600739,"7151738",1003600738,,,4.60,7.60,,"m",,
1003600748,"7151738",1003600747,,,4.60,7.60,,"m",,
1003600757,"7151738",1003600756,,,4.60,5.10,,"m",,
1003600766,"7151738",1003600765,,,4.60,7.60,,"m",,
1003600775,"7151738",1003600774,,,4.60,7.60,,"m",,
1003600784,"7151738",1003600783,,,4.60,7.60,,"m",,
1003600793,"7151738",1003600792,,,1.50,4.50,,"m",,
1003600804,"7151738",1003600796,1,"10",,,"5","m","cm",5.80
1003603327,"7151738",1003603326,,,4.60,7.60,,"m",,
1003603336,"7151738",1003603335,,,4.00,7.00,,"m",,
1003603345,"7151738",1003603344,,,6.10,9.10,,"m",,
1003603354,"7151738",1003603353,,,4.60,7.60,,"m",,
1003603363,"7151738",1003603362,,,6.70,9.70,,"m",,
1003603372,"7151738",1003603371,,,5.20,8.20,,"m",,
1003603381,"7151738",1003603380,,,4.60,7.60,,"m",,
1003603390,"7151738",1003603389,,,5.80,8.80,,"m",,
1003603399,"7151738",1003603398,,,4.90,7.90,,"m",,
1003603408,"7151738",1003603407,,,2.10,5.10,,"m",,
1003603417,"7151738",1003603416,,,4.60,7.60,,"m",,
1003600839,"7151740",1003600838,,,1.80,3.30,,"m",,
1003600849,"7151740",1003600842,1,"10",,,"5","m","cm",5.80
1003478987,"7151742",1003478975,1,"10",6.35,7.85,"5","m","cm",4.10
1003479001,"7151743",1003478991,,,,,,"ft","inch",
1003602297,"7151895",1003602296,,,3.05,6.10,,"m",,
1003602306,"7151895",1003602305,,,3.05,6.10,,"m",,
1003602315,"7151895",1003602314,,,3.05,6.10,,"m",,
1003602324,"7151895",1003602323,,,3.05,6.10,,"m",,
1003602333,"7151895",1003602332,,,1.22,2.74,,"m",,
1003602342,"7151895",1003602341,,,1.22,2.74,,"m",,
1003602354,"7151895",1003602345,1,"10",,,"5","m","cm",4.82
1003602369,"7151896",1003602359,1,"10",,,"5","m","cm",6.03
1003603837,"7151915",1003603836,,,3.00,8.00,,"m",,
1003603846,"7151915",1003603845,,,3.00,8.00,,"m",,
1003603855,"7151915",1003603854,,,3.00,8.00,,"m",,
1003603864,"7151915",1003603863,,,3.00,8.00,,"m",,
1003603873,"7151915",1003603872,,,8.00,8.00,,"m",,
1003603881,"7151915",1003603876,1,"10",,,"5","m","cm",1.50
1003510389,"7151939",1003510380,1,"10",1.83,4.88,"5","m","cm",6.03
1003511116,"7151966",1003511106,1,"10",3.10,6.10,"5","m","cm",4.82
1003511131,"7151967",1003511121,1,"10",3.10,6.10,"5","m","cm",4.82
1003511146,"7151968",1003511136,1,"10",0.31,0.61,"5","m","cm",4.82
1003511161,"7151969",1003511151,1,"10",1.83,4.88,"5","m","cm",4.82
1003511176,"7151970",1003511166,1,"10",1.83,4.88,"5","m","cm",4.82
1003511239,"7151971",1003511230,1,"10",1.83,4.88,"5","m","cm",4.82
1003511864,"7152001",1003511855,1,"10",3.05,6.10,"5","m","cm",4.21
1003511878,"7152002",1003511869,1,"10",3.05,6.10,"5","m","cm",4.21
1003518851,"7152155",1003518844,,,,,,"m","cm",
1003518867,"7152156",1003518860,,,,,,"ft","inch",
1003518891,"7152157",1003518883,,,,,,"m","cm",
1003519155,"7152165",1003519147,,,,,,"m","cm",
1003520416,"7152167",1003520410,,,,,,"m","cm",
1003609339,"7152197",1003609338,,,1.50,3.00,,"m",,
1003609352,"7152197",1003609342,1,"10",,,"5","m","cm",5.80
1003360418,"7152218",1003360409,,,,,,"m","cm",
1003363885,"7152259",1003363879,,,,,,"m","cm",
1003363895,"7152260",1003363889,,,,,,"m","cm",
1003363936,"7152264",1003363930,,,,,,"m","cm",
1003363946,"7152265",1003363940,,,,,,"m","cm",
1003366213,"7152272",1003366201,,,,,,"m","cm",
1003366255,"7152273",1003366243,,,,,,"ft","inch",
1003366339,"7152277",1003366327,,,,,,"m","cm",
1003611074,"7152295",1003611073,,,4.00,4.00,,"m",,
1003611084,"7152295",1003611083,,,4.00,4.00,,"m",,
1003611094,"7152295",1003611093,,,4.00,4.00,,"m",,
1003403954,"7152335",1003403946,1,".10",5.00,15.00,"5","ft","inch",2.25
1003406950,"7152399",1003406940,,,,,,"m","cm",
1003406981,"7152400",1003406971,,,,,,"m","cm",
1003416921,"7152497",1003416908,,,,,,"m","cm",
1003416959,"7152498",1003416951,,,,,,"m","cm",
1003416999,"7152499",1003416989,,,,,,"m","cm",
1003417048,"7152500",1003417038,,,,,,"m","cm",
1003417173,"7152503",1003417164,,,,,,"m","cm",
1003417215,"7152504",1003417203,,,,,,"m","cm",
1003424946,"7152712",1003424935,1,"10",2.80,5.90,"5","m","cm",5.80
1003611384,"7152713",1003611383,,,1.30,4.30,,"m",,
1003611393,"7152713",1003611392,,,1.20,4.80,,"m",,
1003611402,"7152713",1003611401,,,1.20,4.20,,"m",,
1003611411,"7152713",1003611410,,,2.50,5.90,,"m",,
1003611420,"7152713",1003611419,,,1.30,4.70,,"m",,
1003611429,"7152713",1003611428,,,1.70,4.70,,"m",,
1003611440,"7152713",1003611432,1,"10",,,"5","m","cm",5.80
1003611450,"7152714",1003611449,,,1.80,4.80,,"m",,
1003611459,"7152714",1003611458,,,3.10,6.70,,"m",,
1003611468,"7152714",1003611467,,,2.40,5.40,,"m",,
1003611477,"7152714",1003611476,,,3.10,6.70,,"m",,
1003611486,"7152714",1003611485,,,1.83,5.40,,"m",,
1003611495,"7152714",1003611494,,,2.60,5.70,,"m",,
1003611504,"7152714",1003611503,,,3.00,5.40,,"m",,
1003611521,"7152714",1003611511,1,"10",,,"5","m","cm",5.80
1003611531,"7152715",1003611530,,,2.80,5.90,,"m",,
1003611540,"7152715",1003611539,,,4.00,6.00,,"m",,
1003611549,"7152715",1003611548,,,3.50,6.60,,"m",,
1003611558,"7152715",1003611557,,,2.90,6.00,,"m",,
1003611572,"7152715",1003611565,1,"10",,,"5","m","cm",5.80
1003425542,"7152740",1003425532,1,"10",4.50,6.00,"5","m","cm",5.80
1004572081,"7152742",1004572080,1,,,5.10,,"m","cm",
1004572089,"7152742",1004572088,1,,,5.10,,"m","cm",
1003427803,"7152815",1003427791,,,,,,"ft","inch",
1003427945,"7152816",1003427936,,,,,,"ft","inch",
1003428026,"7152817",1003428017,,,,,,"ft","inch",
1003428065,"7152818",1003428056,,,,,,"ft","inch",
1003428190,"7152819",1003428181,,,,,,"ft","inch",
1003428334,"7152820",1003428318,,,,,,"ft","inch",
1003428697,"7152829",1003428685,,,,,,"ft","inch",
1003428943,"7152831",1003428932,,,,,,"ft","inch",
1003429024,"7152832",1003429013,,,,,,"ft","inch",
1003429106,"7152833",1003429095,,,,,,"ft","inch",
1003429145,"7152834",1003429135,,,,,,"ft","inch",
1003429200,"7152835",1003429183,,,,,,"ft","inch",
1003429244,"7152836",1003429230,,,,,,"ft","inch",
1003429299,"7152837",1003429286,,,,,,"ft","inch",
1003436728,"7152844",1003436718,,,,,,"ft","inch",
1003436769,"7152845",1003436758,,,,,,"ft","inch",
1003443481,"7153053",1003443472,,,,,,"m","cm",
1003444886,"7153083",1003444872,,,,,,"ft","inch",
1003444930,"7153084",1003444916,,,,,,"ft","inch",
1003444967,"7153085",1003444960,,,,,,"ft","inch",
1003444985,"7153086",1003444978,,,,,,"ft","inch",
1003444996,"7153087",1003444989,1,,,,,"ft","inch",
1004573616,"7153136",1004573615,1,,1.50,6.10,,"m","cm",
1004573626,"7153136",1004573619,1,"10",,,"5","m","cm",5.80
1004573635,"7153137",1004573634,1,,2.10,5.10,,"m","cm",
1004573644,"7153137",1004573643,1,,2.10,5.10,,"m","cm",
1004573658,"7153137",1004573647,1,"10",,,"5","m","cm",5.80
1003446350,"7153183",1003446338,,,,,,"m","cm",
1003446378,"7153184",1003446368,1,"10",6.70,9.14,"1","m","cm",15.55
1003446403,"7153185",1003446396,1,"10",2.10,3.90,"5","m","cm",5.08
1003469565,"7153709",1003469553,,,,,,"m","cm",
1003472544,"7153836",1003472532,1,"14",10.67,11.90,"1","m","cm",13.97
1003472895,"7153839",1003472885,,,,,,"m","cm",
1003472983,"7153840",1003472972,,,,,,"m","cm",
1003473040,"7153841",1003473028,,,,,,"m","cm",
1003473124,"7153842",1003473117,,,,,,"m","cm",
1003406349,"7153853",1003406339,,,,,,"m","cm",
1004579056,"7154053",1004579055,1,,2.50,5.50,,"m","cm",
1004579065,"7154053",1004579064,1,,6.50,6.50,,"m","cm",
1004579074,"7154053",1004579073,1,,2.50,6.00,,"m","cm",
1004579084,"7154053",1004579077,1,,,,"5","m","cm",3.50
1003481831,"7154075",1003481821,1,"10",1.22,5.79,"5","m","cm",4.82
1003482020,"7154088",1003482009,1,"10",1.83,6.40,"5","m","cm",4.82
1003482036,"7154089",1003482025,1,"10",2.74,7.32,"5","m","cm",4.82
1003482050,"7154090",1003482041,1,"10",1.22,4.27,"5","m","cm",4.82
1003482065,"7154091",1003482055,1,"10",1.22,3.10,"5","m","cm",6.03
1003482081,"7154092",1003482070,1,"10",1.22,2.74,"5","m","cm",6.03
1003482096,"7154093",1003482086,1,"10",1.22,3.10,"5","m","cm",6.03
1003482111,"7154094",1003482101,1,"10",1.22,3.10,"5","m","cm",6.03
1003483690,"7154129",1003483680,1,"10",1.22,5.79,"5","m","cm",4.82
1003483705,"7154130",1003483695,1,"10",3.10,7.62,"5","m","cm",4.82
1003483720,"7154131",1003483710,1,"10",3.10,7.26,"5","m","cm",4.82
1003483734,"7154132",1003483725,1,"10",3.66,5.18,"5","m","cm",6.03
1003483749,"7154133",1003483739,1,"10",9.75,11.28,"5","m","cm",6.03
1003483878,"7154142",1003483868,1,,9.00,19.00,"5","ft","inch",1.50
1003483978,"7154145",1003483970,1,"10",3.10,6.10,"5","m","cm",4.82
1003483993,"7154146",1003483983,1,"10",3.10,6.10,"5","m","cm",4.82
1003484033,"7154149",1003484026,,,,,,"m","cm",
1003484210,"7154156",1003484198,1,"10",4.26,8.84,"5","m","cm",
1003484225,"7154157",1003484215,1,"10",2.13,5.18,"5","m","cm",4.21
1003484242,"7154158",1003484230,1,"10",3.04,7.62,"5","m","cm",4.21
1003484258,"7154159",1003484247,1,"10",1.52,4.57,"5","m","cm",6.21
1003484274,"7154160",1003484263,1,"10",4.57,9.14,"5","m","cm",4.21
1003485170,"7154175",1003485163,,,,,,"m","cm",
1003485181,"7154176",1003485174,,,,,,"m","cm",
1003485193,"7154177",1003485185,,,,,,"m","cm",
1003485206,"7154178",1003485197,,,,,,"m","cm",
1003489741,"7154209",1003489735,,,,,,"ft","inch",
1003489750,"7154210",1003489744,,,,,,"ft","inch",
1004579134,"7154241",1004579133,1,,1.50,3.00,,"m","cm",
1004579143,"7154241",1004579142,1,,1.50,3.00,,"m","cm",
1004579152,"7154241",1004579151,1,,1.50,3.00,,"m","cm",
1004579161,"7154241",1004579160,1,,1.50,3.00,,"m","cm",
1004579170,"7154241",1004579169,1,,1.50,3.00,,"m","cm",
1004579179,"7154241",1004579178,1,,1.50,3.00,,"m","cm",
1004579188,"7154241",1004579187,1,,1.50,3.00,,"m","cm",
1004579197,"7154241",1004579196,1,,1.50,3.00,,"m","cm",
1004579206,"7154241",1004579205,1,,1.50,3.00,,"m","cm",
1004579216,"7154241",1004579209,1,"10",,,"5","m","cm",
1003508509,"7154278",1003508501,,,,,,"ft","inch",
1003508530,"7154279",1003508522,,,,,,"ft","inch",
1003508539,"7154280",1003508533,,,,,,"ft","inch",
1003508550,"7154281",1003508542,,,,,,"ft","inch",
1003522818,"7154331",1003522812,,,,,,"ft","inch",
1003522832,"7154332",1003522821,1,,,,,"m","cm",
1003522869,"7154333",1003522862,,,,,,"m","cm",
1003528161,"7154335",1003528150,,,,,,"m","cm",
1003533431,"7154485",1003533421,,,,,,"m","cm",
1003533548,"7154488",1003533539,,,,,,"m","cm",
1003533658,"7154491",1003533647,,,,,,"m","cm",
1003542031,"7154606",1003542023,,,,,,"ft","inch",
1003543428,"7154642",1003543421,,,,,,"ft","inch",
1003543444,"7154643",1003543437,,,,,,"ft","inch",
1003543510,"7154645",1003543499,,,,,,"ft","inch",
1003543570,"7154646",1003543554,,,,,,"ft","inch",
1003543636,"7154647",1003543622,,,,,,"ft","inch",
1003543683,"7154648",1003543672,,,,,,"ft","inch",
1003543819,"7154650",1003543808,,,,,,"ft","inch",
1003543863,"7154651",1003543851,,,,,,"ft","inch",
1003543962,"7154652",1003543952,,,,,,"ft","inch",
1003545645,"7154657",1003545633,,,,,,"ft","inch",
1003545677,"7154658",1003545667,,,,,,"ft","inch",
1003545935,"7154663",1003545922,,,,,,"ft","inch",
1003545978,"7154664",1003545965,,,,,,"ft","inch",
1003546063,"7154665",1003546052,,,,,,"ft","inch",
1003546115,"7154666",1003546103,,,,,,"ft","inch",
1003546329,"7154670",1003546317,1,,,,,"ft","inch",
1003546370,"7154671",1003546359,,,,,,"ft","inch",
1003546412,"7154672",1003546400,,,,,,"ft","inch",
1003547376,"7154674",1003547365,,,,,,"ft","inch",
1003547419,"7154675",1003547406,,,,,,"ft","inch",
1003548575,"7154714",1003548566,1,".1",16.00,26.00,"5","ft","inch",2.25
1003548918,"7154726",1003548906,1,"10",3.05,5.18,"5","m","cm",6.00
1003548937,"7154727",1003548928,1,"10",4.55,7.62,"5","m","cm",6.00
1003548959,"7154728",1003548949,1,"10",2.45,4.05,"5","m","cm",4.10
1003549145,"7154750",1003549135,1,"10",4.25,7.95,"5","m","cm",4.10
1003550795,"7154795",1003550783,,,,,,"ft","inch",
1003553317,"7154877",1003553302,,,,,,"ft","inch",
1003553478,"7154883",1003553463,,,,,,"ft","inch",
1003553733,"7154892",1003553721,,,,,,"ft","inch",
1003553841,"7154899",1003553835,,,,,,"ft","inch",
1003553851,"7154900",1003553845,,,,,,"ft","inch",
1003554070,"7154902",1003554064,,,,,,"ft","inch",
1003554080,"7154903",1003554074,,,,,,"ft","inch",
1003555314,"7154947",1003555306,1,"10",4.45,5.95,"5","m","cm",5.80
1003555908,"7154953",1003555895,1,"10",7.80,10.10,"5","m","cm",5.80
1003556023,"7154978",1003556016,,,,,,"ft","inch",
1003565469,"7155006",1003565458,1,,0.00,22.00,,"ft","inch",6.00
1003579465,"7155063",1003579450,,,,,,"m","cm",
1003580570,"7155066",1003580560,,,,,,"m","cm",
1003566430,"7155267",1003566420,1,".10",1.52,4.57,"5","m","cm",5.08
1003525459,"7155308",1003525444,1,"10",1.55,4.88,"5","m","cm",4.10
1003527775,"7155399",1003527769,,,,,,"m","cm",
1003527863,"7155402",1003527852,,,,,,"m","cm",
1003527892,"7155403",1003527881,,,,,,"m","cm",
1003567179,"7155407",1003567168,,,,,,"m","cm",
1003567207,"7155408",1003567201,,,,,,"m","cm",
1003567223,"7155409",1003567210,,,,,,"m","cm",
1003522924,"7155561",1003522913,1,"10",5.18,8.32,"5","m","cm",8.02
1003523045,"7155574",1003523031,,,,,,"ft","inch",
1003523187,"7155632",1003523177,1,"14",43.00,47.00,"1","ft","inch",5.50
1003600239,"7155698",1003600226,,,,,,"m","cm",
1003600865,"7155704",1003600853,,,,,,"m","cm",
1003609425,"7155728",1003609418,,,,,,"m","cm",
1003609436,"7155729",1003609429,,,,,,"m","cm",
1003609447,"7155730",1003609440,,,,,,"m","cm",
1003609457,"7155731",1003609450,,,,,,"m","cm",
1003609496,"7155732",1003609486,,,,,,"m","cm",
1003609658,"7155741",1003609652,,,,,,"ft","inch",
1003629099,"7155788",1003629090,1,"10",1.50,4.57,"5","m","cm",4.82
1003629113,"7155789",1003629104,1,"10",1.50,4.57,"5","m","cm",4.82
1003629127,"7155790",1003629118,1,"10",1.50,6.10,"5","m","cm",4.82
1003629141,"7155791",1003629132,1,"10",1.50,4.57,"5","m","cm",4.82
1006149867,"7155812",1006149866,1,,1.50,6.10,,"m","cm",
1006149876,"7155812",1006149875,1,,1.50,6.10,,"m","cm",
1006149885,"7155812",1006149884,1,,1.50,6.10,,"m","cm",
1006149894,"7155812",1006149893,1,,1.50,6.10,,"m","cm",
1006149903,"7155812",1006149902,1,,1.50,6.10,,"m","cm",
1006149916,"7155812",1006149906,1,"10",,,"5","m","cm",4.82
1006150786,"7155859",1006150785,1,,1.50,7.32,,"m","cm",
1006150795,"7155859",1006150794,1,,1.50,7.32,,"m","cm",
1006150804,"7155859",1006150803,1,,1.50,7.32,,"m","cm",
1006150813,"7155859",1006150812,1,,1.50,7.32,,"m","cm",
1006150826,"7155859",1006150816,1,"10",,,"5","m","cm",4.82
1006151063,"7155867",1006151062,1,,1.52,6.10,,"m","cm",
1006151072,"7155867",1006151071,1,,1.52,6.10,,"m","cm",
1006151081,"7155867",1006151080,1,,1.52,6.10,,"m","cm",
1006151103,"7155867",1006151091,1,"10",,,"5","m","cm",4.21
1006151123,"7155868",1006151122,1,,0.25,3.10,,"m","cm",
1006151134,"7155868",1006151126,1,"10",,,"5","m","cm",
1003635121,"7155871",1003635111,1,"10",4.27,10.36,"5","m","cm",4.82
1003635136,"7155872",1003635126,1,"10",2.74,7.32,"5","m","cm",4.82
1003635152,"7155873",1003635141,1,"10",2.74,7.36,"5","m","cm",4.82
1003635168,"7155874",1003635157,1,"10",3.96,10.36,"5","m","cm",4.82
1003638410,"7155881",1003638400,1,"10",3.10,6.10,"5","m","cm",4.82
1003638552,"7155882",1003638541,1,"10",1.50,4.57,"5","m","cm",4.82
1003638566,"7155883",1003638557,1,"10",3.10,6.10,"5","m","cm",4.82
1003638701,"7155884",1003638691,1,"10",3.10,6.10,"5","m","cm",4.82
1003638716,"7155885",1003638706,1,"10",3.10,6.10,"5","m","cm",4.82
1003638857,"7155886",1003638847,1,"10",3.10,6.10,"5","m","cm",4.82
1003638872,"7155887",1003638862,1,"10",3.10,6.10,"5","m","cm",4.82
1003638888,"7155888",1003638877,1,"10",1.50,4.57,"5","m","cm",4.82
1003638903,"7155889",1003638893,1,"10",1.50,4.57,"5","m","cm",4.82
1003638918,"7155890",1003638908,1,"10",1.50,4.57,"5","m","cm",4.82
1003638933,"7155891",1003638923,1,"10",4.57,7.62,"5","m","cm",4.82
1003723711,"7155914",1003723704,1,"10",0.91,3.96,"5","m","cm",4.82
1003723931,"7155919",1003723923,1,,,,"4","m","cm",
1003723981,"7155920",1003723973,1,,,,"4","m","cm",
1003724100,"7155921",1003724092,1,"10",1.22,3.96,"5","m","cm",4.21
1003724115,"7155922",1003724107,1,,,,"4","m","cm",
1003724127,"7155923",1003724121,1,"10",0.91,2.44,"5","m","cm",4.21
1003724142,"7155924",1003724136,1,"10",0.91,2.44,"5","m","cm",4.20
1003724553,"7155948",1003724545,1,"10",3.10,6.10,"5","m","cm",4.82
1003724569,"7155949",1003724562,1,"10",3.10,6.10,"5","m","cm",4.82
1003724585,"7155950",1003724577,1,"10",3.10,6.10,"5","m","cm",4.82
1003724780,"7155951",1003724774,1,"10",1.50,3.10,"5","m","cm",4.82
1003725015,"7155952",1003725007,1,"10",4.27,7.32,"5","m","cm",4.82
1003728179,"7155966",1003728171,1,"10",7.01,10.05,"5","m","cm",4.21
1003729015,"7155967",1003729007,1,"10",4.57,7.62,"5","m","cm",4.21
1003729031,"7155968",1003729024,1,"10",4.57,7.62,"5","m","cm",4.21
1003729323,"7155977",1003729316,1,"10",0.91,2.44,"5","m","cm",4.82
1003729338,"7155978",1003729331,1,"10",0.91,2.44,"5","m","cm",4.82
1003729354,"7155979",1003729347,1,"10",0.91,3.10,"5","m","cm",4.82
1003729396,"7155980",1003729388,1,"10",0.91,3.10,"5","m","cm",4.82
1003730530,"7156015",1003730524,1,"10",9.00,14.00,"5","ft","inch",1.50
1003730547,"7156016",1003730540,1,"10",9.00,14.00,"5","ft","inch",1.50
1003724978,"7156075",1003724968,,,,,,"m","cm",
1003725694,"7156076",1003725684,,,,,,"m","cm",
1003728034,"7156079",1003728025,,,,,,"m","cm",
1003728987,"7156081",1003728976,,,,,,"m","cm",
1003729590,"7156088",1003729579,,,,,,"m","cm",
1003729656,"7156090",1003729651,,,,,,"ft","inch",
1003729681,"7156091",1003729676,,,,,,"m","cm",
1003729706,"7156092",1003729701,,,,,,"m","cm",
1003729875,"7156093",1003729866,1,,,,,"m","cm",
1003730045,"7156095",1003730036,,,,,,"m","cm",
1003730308,"7156098",1003730299,,,,,,"m","cm",
1003730494,"7156100",1003730484,,,,,,"m","cm",
1003730803,"7156102",1003730792,,,,,,"m","cm",
1003730925,"7156103",1003730914,,,,,,"m","cm",
1003730955,"7156104",1003730950,,,,,,"m","cm",
1003731181,"7156105",1003731172,,,,,,"m","cm",
1003731239,"7156106",1003731228,,,,,,"m","cm",
1003731355,"7156107",1003731344,,,,,,"m","cm",
1003731454,"7156108",1003731444,,,,,,"m","cm",
1003731718,"7156109",1003731707,1,,,,,"m","cm",
1003731854,"7156110",1003731844,,,,,,"m","cm",
1003731910,"7156111",1003731901,,,,,,"m","cm",
1003732009,"7156112",1003731998,,,,,,"m","cm",
1003732248,"7156113",1003732239,,,,,,"m","cm",
1003732722,"7156116",1003732710,,,,,,"m","cm",
1003732784,"7156117",1003732773,,,,,,"m","cm",
1003732831,"7156118",1003732819,,,,,,"m","cm",
1003732899,"7156119",1003732888,,,,,,"m","cm",
1003733346,"7156126",1003733334,,,,,,"m","cm",
1003733407,"7156127",1003733399,,,,,,"m","cm",
1003733490,"7156128",1003733480,,,,,,"m","cm",
1003733564,"7156129",1003733553,1,,,,,"m","cm",
1003733588,"7156130",1003733583,,,,,,"ft","inch",
1003733597,"7156131",1003733592,,,,,,"m","cm",
1003733611,"7156132",1003733601,,,,,,"m","cm",
1003620385,"7156247",1003620377,,,,,,"m","cm",
1003623115,"7156319",1003623109,,,,,,"ft","inch",
1003623741,"7156351",1003623728,1,"10",8.30,10.10,"5","m","cm",4.10
1006153947,"7156386",1006153946,1,,7.62,12.20,,"m","cm",
1006153956,"7156386",1006153955,1,,6.10,10.67,,"m","cm",
1006153965,"7156386",1006153964,1,,5.18,9.75,,"m","cm",
1006153974,"7156386",1006153973,1,,6.10,10.67,,"m","cm",
1006153983,"7156386",1006153982,1,,6.10,10.67,,"m","cm",
1006153994,"7156386",1006153986,1,"10",,,"5","m","cm",6.00
1003631468,"7156518",1003631459,1,"8",6.00,7.32,"1","m","cm",13.97
1003631511,"7156519",1003631498,,,,,,"m","cm",
1003632216,"7156523",1003632203,,,,,,"m","cm",
1003693166,"7156595",1003693158,,,,,,"m","cm",
1003736412,"7156679",1003736406,,,,,,"ft","inch",
1003736755,"7156684",1003736744,,,,,,"ft","inch",
1003737747,"7156722",1003737742,,,,,,"m","cm",
1003737764,"7156723",1003737757,1,"10",6.40,9.45,"5","m","cm",4.10
1003591656,"7156734",1003591645,1,"10",11.00,16.00,"5","ft","inch",1.50
1003738543,"7156775",1003738538,,,,,,"ft","inch",
1003734437,"7156837",1003734426,,,,,,"m","cm",
1003734482,"7156838",1003734472,,,,,,"m","cm",
1003734713,"7156841",1003734702,,,,,,"m","cm",
1003734908,"7156843",1003734897,,,,,,"m","cm",
1003735021,"7156844",1003735015,,,,,,"m","cm",
1003444732,"7156845",1003444723,,,,,,"m","cm",
1003735078,"7156846",1003735067,,,,,,"ft","inch",
1003739246,"7156847",1003739236,,,,,,"ft","inch",
1003739387,"7156849",1003739378,,,,,,"ft","inch",
1003739462,"7156850",1003739452,,,,,,"ft","inch",
1003739631,"7156852",1003739619,,,,,,"ft","inch",
1003739721,"7156853",1003739708,,,,,,"ft","inch",
1003739802,"7156854",1003739792,,,,,,"ft","inch",
1003739866,"7156855",1003739857,,,,,,"ft","inch",
1003739999,"7156857",1003739989,,,,,,"ft","inch",
1003740126,"7156858",1003740114,,,,,,"ft","inch",
1003740294,"7156859",1003740283,,,,,,"ft","inch",
1003740473,"7156860",1003740461,,,,,,"ft","inch",
1003740557,"7156861",1003740545,,,,,,"ft","inch",
1003592375,"7156862",1003592361,,,,,,"ft","inch",
1003592417,"7156863",1003592405,,,,,,"ft","inch",
1003593592,"7156864",1003593581,,,,,,"ft","inch",
1003593635,"7156865",1003593622,,,,,,"ft","inch",
1003594629,"7156867",1003594618,,,,,,"ft","inch",
1003594716,"7156868",1003594709,,,,,,"ft","inch",
1003594860,"7156870",1003594854,,,,,,"ft","inch",
1003594953,"7156871",1003594946,,,,,,"ft","inch",
1003595044,"7156872",1003595037,,,,,,"ft","inch",
1003595057,"7156873",1003595051,,,,,,"ft","inch",
1003595194,"7156875",1003595185,,,,,,"ft","inch",
1003595414,"7156876",1003595408,,,,,,"ft","inch",
1003714339,"7156956",1003714327,1,"10",3.12,4.88,"5","m","cm",4.10
1003574221,"7157025",1003574211,,,,,,"ft","inch",
1003584465,"7157191",1003584457,,,,,,"m","cm",
1003584478,"7157195",1003584469,,,,,,"ft","inch",
1003734867,"7157552",1003734858,,,,,,"ft","inch",
1003734939,"7157553",1003734930,,,,,,"ft","inch",
1003738694,"7157554",1003738687,,,,,,"ft","inch",
1003768440,"7157667",1003768434,1,"10",1.22,4.27,"5","m","cm",4.82
1003772808,"7157668",1003772801,1,"10",1.50,3.10,"5","m","cm",4.82
1004583811,"7157691",1004583810,1,,3.05,6.10,,"m","cm",
1004583820,"7157691",1004583819,1,,2.44,5.48,,"m","cm",
1004583829,"7157691",1004583828,1,,1.52,4.57,,"m","cm",
1004583841,"7157691",1004583832,1,"10",,,"5","m","cm",4.82
1004583956,"7157723",1004583955,1,,1.50,4.57,,"m","cm",
1004583965,"7157723",1004583964,1,,1.50,4.57,,"m","cm",
1004583974,"7157723",1004583973,1,,1.50,4.57,,"m","cm",
1004583983,"7157723",1004583982,1,,1.50,4.57,,"m","cm",
1004583995,"7157723",1004583986,1,"10",,,"5","m","cm",4.82
1004584004,"7157724",1004584003,1,,3.10,6.10,,"m","cm",
1004584013,"7157724",1004584012,1,,3.10,6.10,,"m","cm",
1004584026,"7157724",1004584016,1,"10",,,"5","m","cm",4.82
1003781101,"7157742",1003781091,1,"10",1.22,4.27,"5","m","cm",4.82
1003781473,"7157743",1003781466,1,"10",2.44,5.49,"5","m","cm",4.82
1003781695,"7157761",1003781690,,,,,,"m","cm",
1003783295,"7157807",1003783287,1,"10",1.52,5.18,"5","m","cm",4.21
1003783311,"7157808",1003783303,1,"10",1.52,5.18,"5","m","cm",4.21
1003783327,"7157809",1003783319,1,"10",1.50,4.57,"5","m","cm",4.21
1003783342,"7157810",1003783334,1,"10",1.50,4.57,"5","m","cm",4.21
1003783356,"7157811",1003783349,1,"10",3.10,6.10,"5","m","cm",4.82
1003783413,"7157812",1003783406,1,"10",3.10,6.10,"5","m","cm",4.82
1003783470,"7157813",1003783463,1,"10",3.10,5.49,"5","m","cm",4.82
1003783485,"7157814",1003783478,1,"10",3.10,6.10,"5","m","cm",4.82
1003783540,"7157815",1003783533,1,"10",3.10,6.10,"5","m","cm",4.82
1003783695,"7157823",1003783684,1,"10",7.92,10.06,"5","m","cm",4.21
1003744084,"7157857",1003744075,,,,,,"ft","inch",
1003744135,"7157858",1003744125,,,,,,"ft","inch",
1003744173,"7157859",1003744165,,,,,,"ft","inch",
1003744194,"7157860",1003744184,,,,,,"ft","inch",
1003744233,"7157861",1003744224,,,,,,"ft","inch",
1003744275,"7157862",1003744265,,,,,,"ft","inch",
1003744326,"7157863",1003744318,,,,,,"ft","inch",
1003744378,"7157864",1003744369,,,,,,"ft","inch",
1003744506,"7157865",1003744498,,,,,,"ft","inch",
1003744674,"7157866",1003744666,,,,,,"ft","inch",
1003744894,"7157867",1003744884,,,,,,"ft","inch",
1003745024,"7157868",1003745014,,,,,,"ft","inch",
1003745286,"7157870",1003745275,,,,,,"ft","inch",
1003746403,"7157876",1003746394,,,,,,"ft","inch",
1003747065,"7157878",1003747052,,,,,,"ft","inch",
1003747703,"7157882",1003747690,,,,,,"ft","inch",
1003747760,"7157883",1003747747,,,,,,"ft","inch",
1003747805,"7157884",1003747792,,,,,,"ft","inch",
1003768202,"7158176",1003768192,,,,,,"m","cm",
1003768428,"7158181",1003768419,,,,,,"m","cm",
1003768531,"7158184",1003768520,,,,,,"m","cm",
1003768600,"7158185",1003768589,,,,,,"m","cm",
1003768829,"7158186",1003768821,,,,,,"ft","inch",
1003768874,"7158187",1003768869,,,,,,"ft","inch",
1003769662,"7158202",1003769655,1,,,,,"m","cm",
1003769732,"7158204",1003769723,1,,,7.50,,"m","cm",
1004584687,"7158261",1004584686,1,,1.40,4.40,,"m","cm",
1004584696,"7158261",1004584695,1,,1.40,4.40,,"m","cm",
1004584705,"7158261",1004584704,1,,1.40,4.40,,"m","cm",
1004584714,"7158261",1004584713,1,,1.40,4.40,,"m","cm",
1004584724,"7158261",1004584717,1,"10",,,"5","m","cm",5.80
1004584734,"7158262",1004584733,1,,,5.20,,"m","cm",
1004584743,"7158262",1004584742,1,,,8.90,,"m","cm",
1004584752,"7158262",1004584751,1,,,8.10,,"m","cm",
1004584761,"7158262",1004584760,1,,,5.40,,"m","cm",
1004584770,"7158262",1004584769,1,,,7.30,,"m","cm",
1004584779,"7158262",1004584778,1,,,5.40,,"m","cm",
1004584791,"7158263",1004584790,1,,3.00,6.00,,"m","cm",
1004584801,"7158263",1004584794,1,"10",,,"5","m","cm",5.80
1004584810,"7158264",1004584809,1,,5.20,8.20,,"m","cm",
1004584819,"7158264",1004584818,1,,8.30,11.30,,"m","cm",
1004584828,"7158264",1004584827,1,,7.00,10.00,,"m","cm",
1004584841,"7158264",1004584831,1,"10",,,"5","m","cm",5.80
1003771481,"7158268",1003771475,,,,,,"ft","inch",
1004585226,"7158272",1004585225,1,,2.44,7.01,,"m","cm",
1004585235,"7158272",1004585234,1,,3.05,7.62,,"m","cm",
1004585244,"7158272",1004585243,1,,2.13,3.66,,"m","cm",
1004585253,"7158272",1004585252,1,,1.88,4.88,,"m","cm",
1004585267,"7158272",1004585256,1,"10",,,"5","m","cm",4.21
1004585277,"7158273",1004585276,1,,3.05,7.62,,"m","cm",
1004585286,"7158273",1004585285,1,,3.05,7.62,,"m","cm",
1004585301,"7158273",1004585289,1,"10",,,"5","m","cm",4.21
1003777540,"7158469",1003777532,1,"10",3.05,6.10,"5","m","cm",4.21
1006184119,"7158491",1006184118,1,,,,,"m","cm",
1006184128,"7158491",1006184127,1,,,,,"m","cm",
1006184137,"7158491",1006184136,1,,,,,"m","cm",
1006184146,"7158491",1006184145,1,,,,,"m","cm",
1006184154,"7158491",1006184149,1,"10",,,"5","m","cm",3.70
1003780004,"7158588",1003779990,,,,,,"ft","inch",
1003780095,"7158590",1003780086,,,,,,"ft","inch",
1003780155,"7158591",1003780140,,,,,,"ft","inch",
1003752450,"7158752",1003752442,,,,,,"m","cm",
1003757770,"7158832",1003757759,,,,,,"m","cm",
1003757859,"7158833",1003757851,,,,,,"m","cm",
1003758437,"7158836",1003758427,,,,,,"ft","inch",
1003760733,"7158862",1003760728,,,,,,"ft","inch",
1003762109,"7158902",1003762103,,,,,,"ft","inch",
1003762151,"7158903",1003762139,,,,,,"ft","inch",
1003762167,"7158904",1003762157,,,,,,"ft","inch",
1003768755,"7159001",1003768747,1,"10",2.45,4.77,"5","m","cm",4.10
1003768916,"7159008",1003768904,,,,,,"ft","inch",
1003769005,"7159009",1003768992,,,,,,"ft","inch",
1003769041,"7159010",1003769036,1,,,,,"ft","inch",
1003769146,"7159011",1003769134,,,,,,"ft","inch",
1003769234,"7159014",1003769229,,,,,,"ft","inch",
1003769244,"7159015",1003769239,,,,,,"ft","inch",
1003769344,"7159017",1003769332,,,,,,"ft","inch",
1003769389,"7159018",1003769376,,,,,,"ft","inch",
1003769431,"7159019",1003769420,,,,,,"ft","inch",
1003769547,"7159022",1003769542,,,,,,"ft","inch",
1003769563,"7159023",1003769552,,,,,,"ft","inch",
1003769623,"7159024",1003769610,,,,,,"ft","inch",
1003769691,"7159025",1003769681,,,,,,"ft","inch",
1003772567,"7159152",1003772557,,,,,,"ft","inch",
1003475174,"7159235",1003475171,1,,12.50,17.70,,"m","cm",
1003777261,"7159287",1003777252,,,,,,"ft","inch",
1006195757,"7159333",1006195756,1,,3.10,9.14,,"m","cm",
1006195766,"7159333",1006195765,1,,3.10,9.14,,"m","cm",
1006195775,"7159333",1006195774,1,,3.10,9.14,,"m","cm",
1006195788,"7159333",1006195778,1,"10",,,"5","m","cm",4.82
1003778759,"7159344",1003778752,1,"10",1.83,4.88,"5","m","cm",4.21
1003778794,"7159345",1003778787,1,"10",1.83,4.88,"5","m","cm",4.21
1003778826,"7159346",1003778819,1,"10",1.83,4.88,"5","m","cm",4.21
1006201076,"7159359",1006201075,1,,,,,"m","cm",
1006201086,"7159359",1006201085,1,,,1.83,,"m","cm",
1006201096,"7159359",1006201095,1,,,1.83,,"m","cm",
1006201106,"7159359",1006201105,1,,,1.83,,"m","cm",
1006201115,"7159359",1006201109,1,"10",,,"5","m","cm",4.82
1003779218,"7159360",1003779211,1,"10",3.05,7.62,"5","m","cm",4.21
1003779276,"7159361",1003779269,1,"10",3.05,7.62,"5","m","cm",4.21
1003794261,"7159532",1003794252,,,,,,"m","cm",
1003794431,"7159533",1003794420,,,,,,"m","cm",
1003794667,"7159535",1003794662,,,,,,"m","cm",
1003794877,"7159537",1003794866,,,,,,"m","cm",
1003805146,"7159643",1003805141,1,"10",0.75,2.28,"5","m","cm",6.00
1003805243,"7159644",1003805236,1,"10",3.15,7.65,"5","m","cm",4.10
1003805278,"7159646",1003805269,1,"10",1.55,6.10,"5","m","cm",4.10
1003805864,"7159656",1003805859,1,"10",,,"5","m","cm",8.89
1003805937,"7159657",1003805932,1,"10",,,"5","m","cm",8.89
1003806015,"7159658",1003806010,1,"10",,,"5","m","cm",8.89
1003806134,"7159659",1003806129,1,"10",,,"5","m","cm",8.89
1003806237,"7159660",1003806232,1,"10",,,"5","m","cm",8.89
1003806334,"7159661",1003806329,1,"10",,,"5","m","cm",8.89
1003806346,"7159662",1003806341,1,"10",,,"5","m","cm",8.89
1003806405,"7159663",1003806364,1,"10",,,"5","m","cm",8.89
1003806463,"7159664",1003806458,1,"10",,,"5","m","cm",8.89
1003806570,"7159665",1003806565,1,"10",,,"5","m","cm",8.89
1003806630,"7159666",1003806625,1,"10",,,"5","m","cm",8.89
1003806648,"7159667",1003806643,1,"10",,,"5","m","cm",8.89
1003806710,"7159668",1003806704,1,"10",2.44,5.49,"5","m","cm",4.21
1003806838,"7159669",1003806832,1,"10",2.44,5.49,"5","m","cm",4.21
1003806914,"7159670",1003806908,1,"10",2.44,5.49,"5","m","cm",4.21
1003807946,"7159685",1003807940,1,"10",2.44,5.49,"5","m","cm",4.21
1003809714,"7159720",1003809706,1,"10",2.74,7.32,"5","m","cm",4.82
1003809751,"7159721",1003809744,1,"10",3.10,7.62,"5","m","cm",4.82
1003809872,"7159722",1003809866,1,"10",3.10,7.60,"5","m","cm",4.82
1003809992,"7159723",1003809987,1,"10",3.10,7.60,"5","ft","inch",3.81
1003810554,"7159734",1003810547,1,"10",0.91,3.96,"5","m","cm",4.82
1003810599,"7159735",1003810592,1,"10",1.50,4.57,"5","m","cm",4.82
1003810627,"7159736",1003810621,1,"10",1.50,4.57,"5","m","cm",4.82
1003810669,"7159737",1003810663,1,"10",0.90,3.96,"5","m","cm",4.82
1003811616,"7159758",1003811611,,,,,,"m","cm",
1003811627,"7159759",1003811622,,,,,,"m","cm",
1003811758,"7159765",1003811751,,,,,,"m","cm",
1003811802,"7159766",1003811793,1,"10",41.48,42.70,"1","m","cm",13.97
1003811841,"7159767",1003811834,1,"8",45.44,46.67,"1","m","cm",13.97
1003811857,"7159768",1003811852,,,,,,"m","cm",
1003811909,"7159769",1003811900,,,,,,"m","cm",
1003796420,"7160096",1003796409,,,,,,"ft","inch",
1003797822,"7160144",1003797815,,,,,,"ft","inch",
1003800806,"7160248",1003800801,,,,,,"ft","inch",
1003800815,"7160256",1003800810,,,,,,"ft","inch",
1003800825,"7160257",1003800820,,,,,,"m","cm",
1003800835,"7160258",1003800830,,,,,,"ft","inch",
1003800849,"7160259",1003800840,,,,,,"ft","inch",
1003800894,"7160260",1003800880,,,,,,"ft","inch",
1003800945,"7160261",1003800930,,,,,,"ft","inch",
1003800990,"7160262",1003800977,,,,,,"ft","inch",
1003801031,"7160263",1003801022,,,,,,"ft","inch",
1003801075,"7160264",1003801062,,,,,,"ft","inch",
1003801118,"7160265",1003801107,,,,,,"ft","inch",
1003801165,"7160266",1003801150,,,,,,"ft","inch",
1003801208,"7160267",1003801197,,,,,,"ft","inch",
1003801352,"7160268",1003801342,,,,,,"ft","inch",
1003801504,"7160270",1003801494,,,,,,"ft","inch",
1003812554,"7160390",1003812543,,,,,,"ft","inch",
1003812634,"7160392",1003812627,,,,,,"ft","inch",
1003813394,"7160457",1003813386,1,"10",5.00,20.00,"5","ft","inch",2.28
1003813458,"7160458",1003813450,1,"10",5.00,20.00,"5","ft","inch",2.28
1003813660,"7160460",1003813652,1,"10",5.00,20.00,"5","ft","inch",2.28
1003813770,"7160461",1003813762,1,"10",5.00,20.00,"5","ft","inch",2.28
1003813848,"7160462",1003813840,1,"10",5.00,20.00,"5","ft","inch",2.28
1003813897,"7160463",1003813889,1,"10",5.00,20.00,"5","ft","inch",2.28
1003814283,"7160470",1003814276,1,"10",0.91,2.44,"5","m","cm",4.82
1003817086,"7160483",1003817079,1,"10",4.00,14.00,"5","ft","inch",1.75
1003817097,"7160484",1003817090,1,"10",1.50,4.57,"5","m","cm",4.82
1003817115,"7160485",1003817109,1,"10",4.00,14.00,"5","ft","inch",
1003524038,"7160524",1003524029,,,,,,"m","cm",
1003524154,"7160527",1003524146,,,,,,"ft","inch",
1003524268,"7160530",1003524262,,,,,,"m","cm",
1003835964,"7160740",1003835959,,,,,,"m","cm",
1003836836,"7160743",1003836826,,,,,,"ft","inch",
1003836942,"7160744",1003836929,1,"16",31.00,35.00,"1","ft","inch",5.25
1003837048,"7160745",1003837038,1,"18",36.00,40.00,"1","ft","inch",5.25
1003837124,"7160746",1003837117,,,,,,"ft","inch",
1003837151,"7160747",1003837141,1,"18",34.00,38.00,"1","ft","inch",5.50
1003837226,"7160748",1003837217,1,"18",34.00,38.00,"1","ft","inch",5.50
1003837297,"7160749",1003837287,1,"12",39.00,43.00,"1","ft","inch",5.50
1003837514,"7160750",1003837506,,,,,,"ft","inch",
1003837680,"7160751",1003837672,,,,,,"ft","inch",
1003714646,"7160755",1003714632,,,,,,"ft","inch",
1003837730,"7160762",1003837720,1,"14",35.00,39.00,"1","ft","inch",5.50
1003837793,"7160772",1003837786,1,"10",1.20,4.30,"5","m","cm",4.10
1003816816,"7160872",1003816809,1,"8",10.06,11.28,"1","m","cm",13.97
1003864811,"7161173",1003864805,,,,,,"m","cm",
1003864821,"7161174",1003864815,,,,,,"m","cm",
1003826077,"7161261",1003826066,,,,,,"m","cm",
1003826357,"7161262",1003826346,,,,,,"m","cm",
1003826387,"7161263",1003826378,,,,,,"m","cm",
1003830948,"7161387",1003830934,,,,,,"ft","inch",
1003831114,"7161390",1003831103,,,,,,"m","cm",
1003831155,"7161391",1003831145,1,,,,,"m","cm",
1003831228,"7161392",1003831220,,,,,,"m","cm",
1003831293,"7161393",1003831285,,,,,,"m","cm",
1003831390,"7161394",1003831379,,,,,,"m","cm",
1003831435,"7161395",1003831427,1,"8",14.03,16.16,"1","m","cm",13.97
1003831656,"7161411",1003831648,1,"10",5.68,9.14,"5","m","cm",4.10
1003496221,"7161465",1003496212,,,,,,"m","cm",
1003833768,"7161475",1003833761,1,"10",6.00,7.62,"5","m","cm",10.16
1003834049,"7161497",1003834042,1,"10",2.70,7.30,"5","m","cm",3.80
1003837376,"7161581",1003837368,,,,,,"m","cm",
1003837469,"7161583",1003837461,,,,,,"m","cm",
1003840747,"7161652",1003840738,,,,,,"ft","inch",
1003877035,"7162036",1003877027,1,"10",2.74,5.79,"5","m","cm",4.21
1003878409,"7162072",1003878402,1,"10",1.50,4.57,"5","m","cm",4.82
1003878448,"7162073",1003878441,1,"10",1.50,4.57,"5","m","cm",4.82
1003878472,"7162074",1003878466,1,"10",1.50,4.57,"5","m","cm",4.82
1003879518,"7162098",1003879507,,,,,,"m","cm",
1003879553,"7162099",1003879548,,,,,,"ft","inch",
1003879602,"7162100",1003879591,,,,,,"m","cm",
1003879676,"7162101",1003879667,,,,,,"m","cm",
1003879712,"7162102",1003879702,,,,,,"m","cm",
1003879780,"7162103",1003879771,,,,,,"m","cm",
1003879918,"7162104",1003879908,,,,,,"m","cm",
1003879988,"7162105",1003879978,,,,,,"m","cm",
1003880022,"7162106",1003880012,,,,,,"m","cm",
1003880104,"7162107",1003880095,,,,,,"m","cm",
1003880169,"7162108",1003880161,,,,,,"m","cm",
1003880236,"7162109",1003880226,,,,,,"m","cm",
1003880280,"7162110",1003880270,,,,,,"m","cm",
1003880645,"7162117",1003880635,,,,,,"m","cm",
1003880736,"7162118",1003880726,,,,,,"m","cm",
1003880774,"7162119",1003880764,,,,,,"m","cm",
1003880883,"7162122",1003880873,,,,,,"m","cm",
1003880950,"7162123",1003880940,,,,,,"m","cm",
1003881022,"7162124",1003881012,,,,,,"m","cm",
1003881090,"7162126",1003881080,,,,,,"m","cm",
1003881118,"7162127",1003881108,,,,,,"m","cm",
1003881552,"7162129",1003881542,,,,,,"m","cm",
1003883184,"7162151",1003883175,,,,,,"ft","inch",
1003883367,"7162152",1003883355,,,,,,"ft","inch",
1003884161,"7162178",1003884149,,,,,,"ft","inch",
1003884209,"7162179",1003884195,,,,,,"ft","inch",
1003884415,"7162181",1003884401,,,,,,"ft","inch",
1003884527,"7162182",1003884513,,,,,,"ft","inch",
1003884726,"7162183",1003884712,,,,,,"ft","inch",
1003884890,"7162184",1003884876,,,,,,"ft","inch",
1003884986,"7162185",1003884976,,,,,,"ft","inch",
1003885043,"7162186",1003885032,,,,,,"ft","inch",
1003885096,"7162187",1003885087,,,,,,"ft","inch",
1003885150,"7162188",1003885138,,,,,,"ft","inch",
1003885218,"7162189",1003885206,,,,,,"ft","inch",
1003885331,"7162190",1003885319,,,,,,"ft","inch",
1003885371,"7162191",1003885361,,,,,,"ft","inch",
1003885464,"7162192",1003885451,,,,,,"ft","inch",
1003885611,"7162193",1003885606,,,,,,"ft","inch",
1003885862,"7162197",1003885849,,,,,,"ft","inch",
1003809157,"7162750",1003809149,1,"10",3.66,6.71,"5","m","cm",4.82
1003809172,"7162751",1003809165,1,"10",3.96,7.01,"5","m","cm",4.82
1003809187,"7162752",1003809180,1,"10",3.96,7.01,"5","m","cm",4.82
1003809220,"7162753",1003809213,1,"10",2.74,5.79,"5","m","cm",4.21
1003809235,"7162754",1003809228,1,"10",2.74,5.79,"5","m","cm",4.21
1003809266,"7162755",1003809259,1,"10",2.74,5.79,"5","m","cm",4.21
1003809281,"7162756",1003809274,1,"10",2.74,5.79,"5","m","cm",4.21
1003809296,"7162757",1003809289,1,"10",3.10,7.62,"5","m","cm",4.82
1003809389,"7162758",1003809380,1,"10",3.66,8.23,"5","m","cm",4.82
1003809424,"7162759",1003809417,1,"10",4.57,9.14,"5","m","cm",4.82
1003809441,"7162760",1003809435,1,"10",3.10,7.62,"5","m","cm",4.82
1003809479,"7162761",1003809472,1,"10",3.10,7.62,"5","m","cm",4.82
1003809497,"7162762",1003809490,1,"10",3.10,7.62,"5","m","cm",4.82
1003810348,"7162820",1003810339,,,,,,"m","cm",
1003810362,"7162821",1003810353,,,,,,"m","cm",
1003810896,"7162862",1003810888,,,,,,"ft","inch",
1003818524,"7162997",1003818513,,,,,,"ft","inch",
1003821608,"7163102",1003821602,1,"10",2.83,5.91,"5","m","cm",4.10
1003821866,"7163106",1003821854,,,,,,"m","cm",
1003821912,"7163107",1003821903,,,,,,"m","cm",
1003821948,"7163108",1003821943,,,,,,"m","cm",
1003821957,"7163109",1003821952,,,,,,"m","cm",
1003822017,"7163110",1003822006,,,,,,"m","cm",
1003822145,"7163113",1003822134,,,,,,"m","cm",
1003822212,"7163114",1003822202,,,,,,"m","cm",
1003900050,"7163229",1003900045,,,,,,"ft","inch",
1003900060,"7163230",1003900055,,,,,,"ft","inch",
1003900107,"7163231",1003900102,,,,,,"ft","inch",
1003900152,"7163232",1003900147,,,,,,"ft","inch",
1003900161,"7163233",1003900156,,,,,,"ft","inch",
1003900175,"7163234",1003900165,,,,,,"ft","inch",
1003900426,"7163237",1003900415,,,,,,"ft","inch",
1003900686,"7163240",1003900672,,,,,,"ft","inch",
1003900759,"7163241",1003900747,,,,,,"ft","inch",
1003901008,"7163243",1003900992,,,,,,"ft","inch",
1003901060,"7163244",1003901047,,,,,,"ft","inch",
1003901191,"7163245",1003901178,,,,,,"ft","inch",
1003901277,"7163246",1003901264,,,,,,"ft","inch",
1003901352,"7163247",1003901339,,,,,,"ft","inch",
1003901465,"7163248",1003901454,,,,,,"ft","inch",
1003901528,"7163249",1003901514,,,,,,"ft","inch",
1003902114,"7163254",1003902102,,,,,,"ft","inch",
1003902181,"7163255",1003902168,,,,,,"ft","inch",
1003913585,"7163582",1003913578,1,"10",1.54,4.63,"5","m","cm",6.00
1003913990,"7163594",1003913981,,,,,,"m","cm",
1003916667,"7163673",1003916661,,,,,,"m","cm",
1003916687,"7163674",1003916681,,,,,,"m","cm",
1003916740,"7163675",1003916734,,,,,,"m","cm",
1003796705,"7163764",1003796699,1,"10",6.10,9.14,"5","m","cm",4.82
1003796829,"7163765",1003796823,1,"10",9.30,12.40,"5","m","cm",4.82
1003796843,"7163766",1003796837,1,"10",1.50,4.57,"5","m","cm",4.82
1003796901,"7163767",1003796895,1,"10",1.50,4.57,"5","m","cm",4.82
1003798906,"7163778",1003798899,1,"10",2.44,5.48,"5","m","cm",4.03
1003798922,"7163779",1003798914,1,"10",0.91,3.96,"5","m","cm",4.82
1003801302,"7163794",1003801294,1,"10",3.05,9.14,"5","m","cm",6.03
1003801318,"7163795",1003801310,,,,,,"m","cm",
1003801334,"7163796",1003801326,,,,,,"m","cm",
1003801392,"7163797",1003801384,1,"10",3.05,9.14,"5","m","cm",6.03
1003801444,"7163798",1003801436,1,"10",3.05,9.14,"5","m","cm",6.03
1003801922,"7163814",1003801915,1,"10",3.05,6.10,"5","m","cm",4.03
1003801936,"7163815",1003801929,1,"10",1.52,4.57,"5","m","cm",4.03
1003802622,"7163827",1003802615,1,"10",1.50,6.10,"5","m","cm",4.82
1003802637,"7163828",1003802630,1,"10",1.50,6.10,"5","m","cm",4.82
1003802696,"7163829",1003802689,1,"10",1.50,6.10,"5","m","cm",4.82
1003802729,"7163830",1003802721,1,"10",,7.62,"5","m","cm",4.82
1003802743,"7163831",1003802737,1,"10",0.91,3.66,"5","m","cm",4.82
1003802759,"7163832",1003802751,1,"10",3.10,6.10,"5","m","cm",4.82
1003826136,"7163868",1003826128,,,,,,"m","cm",
1003522095,"7163942",1003522085,,,,,,,,
1003522192,"7163947",1003522181,,,,,,,,
1003936899,"7164199",1003936890,1,"10",1.50,4.57,"5","m","cm",4.82
1003936952,"7164200",1003936944,1,"10",3.10,7.62,"5","m","cm",4.82
1003936974,"7164201",1003936967,1,"10",1.50,4.57,"5","m","cm",4.82
1003937025,"7164202",1003937016,1,"10",7.93,9.45,"5","m","cm",4.21
1003937039,"7164203",1003937033,1,"10",1.50,3.35,"5","m","cm",4.82
1003937564,"7164218",1003937558,1,"10",1.50,6.10,"5","m","cm",4.82
1003937577,"7164219",1003937571,1,"10",1.50,6.10,"5","m","cm",4.83
1003937599,"7164220",1003937593,1,"10",1.50,6.10,"5","m","cm",4.82
1003945104,"7164270",1003945099,1,"10",0.91,2.44,"5","m","cm",4.21
1003983885,"7164575",1003983876,,,,,,"m","cm",
1003983940,"7164576",1003983931,,,,,,"m","cm",
1003983975,"7164577",1003983970,,,,,,"m","cm",
1003984069,"7164580",1003984060,,,,,,"m","cm",
1003833056,"7164874",1003833046,,,,,,"ft","inch",
1003841150,"7164951",1003841145,,,,,,"m","cm",
1003841168,"7164952",1003841158,,,,,,"m","cm",
1003841211,"7164953",1003841199,,,,,,"m","cm",
1003841293,"7164955",1003841286,,,,,,"m","cm",
1003841401,"7164957",1003841390,,,,,,"m","cm",
1003841469,"7164958",1003841459,,,,,,"m","cm",
1003841519,"7164959",1003841510,,,,,,"m","cm",
1003841628,"7164960",1003841615,,,,,,"m","cm",
1003841685,"7164961",1003841676,,,,,,"m","cm",
1003841765,"7164962",1003841757,,,,,,"m","cm",
1003841837,"7164963",1003841830,,,,,,"m","cm",
1003841889,"7164964",1003841883,,,,,,"m","cm",
1003856460,"7164982",1003856450,,,,,,"m","cm",
1003856496,"7164983",1003856490,,,,,,"m","cm",
1003858637,"7165034",1003858629,1,"10",1.50,3.60,"5","m","cm",6.00
1003860666,"7165078",1003860655,,,,,,"m","cm",
1003860709,"7165079",1003860703,,,,,,"m","cm",
1003865459,"7165129",1003865453,,,,,,"m","cm",
1003865469,"7165130",1003865463,,,,,,"m","cm",
1003865479,"7165131",1003865473,,,,,,"m","cm",
1003865489,"7165132",1003865483,,,,,,"m","cm",
1003865499,"7165133",1003865493,,,,,,"m","cm",
1003865509,"7165134",1003865503,,,,,,"m","cm",
1003865519,"7165135",1003865513,,,,,,"m","cm",
1003865529,"7165136",1003865523,,,,,,"m","cm",
1003865539,"7165137",1003865533,,,,,,"m","cm",
1003867328,"7165173",1003867317,,,,,,"ft","inch",
1003868065,"7165180",1003868053,,,,,,"ft","inch",
1003882604,"7165285",1003882586,,,,,,"ft","inch",
1003882687,"7165286",1003882679,,,,,,"ft","inch",
1003882834,"7165287",1003882822,,,,,,"ft","inch",
1003883555,"7165293",1003883544,,,,,,"ft","inch",
1003883675,"7165294",1003883660,,,,,,"ft","inch",
1003884128,"7165299",1003884123,,,,,,"ft","inch",
1003884252,"7165300",1003884238,,,,,,"ft","inch",
1003884932,"7165307",1003884921,,,,,,"ft","inch",
1003916134,"7165557",1003916127,,,,,,"ft","inch",
1003918602,"7165593",1003918596,,,,,,"ft","inch",
1003932913,"7165784",1003932905,1,"10",2.76,5.87,"5","m","cm",4.10
1003933008,"7165791",1003932998,,,,,,"ft","inch",
1003933180,"7165793",1003933171,,,,,,"ft","inch",
1003933858,"7165799",1003933845,,,,,,"ft","inch",
1003934577,"7165805",1003934563,,,,,,"ft","inch",
1003938265,"7165807",1003938250,,,,,,"ft","inch",
1003938305,"7165808",1003938296,,,,,,"ft","inch",
1003938390,"7165810",1003938378,,,,,,"ft","inch",
1003950357,"7165811",1003950346,,,,,,"ft","inch",
1003951222,"7165813",1003951217,,,,,,"ft","inch",
1003951274,"7165814",1003951260,,,,,,"ft","inch",
1003951313,"7165815",1003951308,,,,,,"ft","inch",
1003951494,"7165820",1003951481,,,,,,"ft","inch",
1003952010,"7165824",1003951999,,,,,,"ft","inch",
1003954670,"7165869",1003954657,,,,,,"m","cm",
1003954706,"7165870",1003954700,,,,,,"m","cm",
1003954717,"7165871",1003954711,,,,,,"m","cm",
1004022690,"7166135",1004022685,,,,,,"ft","inch",
1004022701,"7166136",1004022696,,,,,,"ft","inch",
1004029020,"7166197",1004029010,,,,,,"ft","inch",
1004029116,"7166198",1004029107,,,,,,"ft","inch",
1004029176,"7166199",1004029165,,,,,,"ft","inch",
1004031469,"7166243",1004031461,,,,,,"m","cm",
1004031838,"7166244",1004031833,,,,,,"ft","inch",
1004032398,"7166255",1004032390,,,,,,"m","cm",
1004032804,"7166258",1004032796,,,,,,"m","cm",
1004004842,"7166271",1004004831,,,,,,"ft","inch",
1004005043,"7166272",1004005036,,,,,,"ft","inch",
1004005387,"7166274",1004005373,,,,,,"ft","inch",
1003865343,"7166315",1003865330,,,,,,"ft","inch",
1003868454,"7166373",1003868449,,,,,,"m","cm",
1003870032,"7166393",1003870026,1,".10",3.00,8.00,"5","ft","inch",2.25
1003877476,"7166465",1003877468,,,,,,"ft","inch",
1003877751,"7166466",1003877743,,,,,,"ft","inch",
1003877923,"7166467",1003877916,,,,,,"ft","inch",
1003888630,"7166670",1003888623,1,"10",6.10,9.14,"5","m","cm",6.03
1003888669,"7166671",1003888662,1,"10",6.10,9.14,"5","m","cm",6.03
1003888709,"7166672",1003888702,1,"10",6.10,9.14,"5","m","cm",6.03
1003889188,"7166681",1003889181,1,"10",1.52,4.57,"5","m","cm",4.82
1003889203,"7166682",1003889196,1,"10",0.91,3.10,"5","m","cm",4.83
1003889224,"7166683",1003889217,1,"10",1.52,4.57,"5","m","cm",4.82
1003893941,"7166748",1003893935,1,"10",3.66,7.01,"5","m","cm",4.82
1003893993,"7166749",1003893987,1,"10",4.27,7.32,"5","m","cm",4.82
1003894119,"7166750",1003894113,1,"10",4.57,7.93,"5","m","cm",4.82
1003896280,"7166778",1003896272,1,"10",3.35,6.10,"5","m","cm",4.21
1003896326,"7166779",1003896318,1,"10",3.10,5.55,"5","m","cm",4.21
1003896380,"7166780",1003896370,1,"10",1.83,4.88,"5","m","cm",4.21
1003896381,"7166780",1003896370,2,"10",5.49,7.20,"5","m","cm",
1003896396,"7166781",1003896389,1,"10",1.50,6.10,"5","m","cm",4.21
1003896397,"7166781",1003896389,2,,,,"5","m","cm",
1003896924,"7166792",1003896918,1,"10",3.00,13.00,"5","ft","inch",1.75
1003896996,"7166793",1003896988,1,"10",3.05,6.10,"5","m","cm",4.82
1003897182,"7166797",1003897174,1,,3.96,7.01,"5","m","cm",3.45
1003897208,"7166798",1003897201,1,"10",1.83,4.33,"5","m","cm",4.21
1003897332,"7166799",1003897325,1,"10",1.83,4.88,"5","m","cm",4.21
1003897384,"7166800",1003897377,1,"10",1.83,4.88,"5","m","cm",4.25
1003901127,"7166837",1003901116,,,,,,"m","cm",
1003901451,"7166840",1003901446,,,,,,"m","cm",
1003901572,"7166841",1003901560,,,,,,"m","cm",
1003901864,"7166842",1003901854,,,,,,"m","cm",
1003901924,"7166843",1003901913,,,,,,"m","cm",
1003902072,"7166845",1003902063,,,,,,"m","cm",
1003902253,"7166846",1003902243,,,,,,"m","cm",
1003902340,"7166847",1003902331,,,,,,"m","cm",
1003902421,"7166848",1003902411,,,,,,"m","cm",
1003902548,"7166850",1003902538,,,,,,"m","cm",
1003902752,"7166851",1003902741,,,,,,"m","cm",
1003902858,"7166852",1003902847,,,,,,"m","cm",
1003903637,"7166853",1003903632,,,,,,"m","cm",
1003903645,"7166854",1003903640,,,,,,"m","cm",
1003903759,"7166856",1003903749,,,,,,"m","cm",
1003903810,"7166857",1003903800,,,,,,"m","cm",
1003903837,"7166858",1003903828,,,,,,"m","cm",
1003903937,"7166860",1003903932,,,,,,"m","cm",
1003904128,"7166864",1003904121,1,"10",3.10,6.10,"5","m","cm",4.82
1003905792,"7166893",1003905786,,,,,,"m","cm",
1003908218,"7166914",1003908212,,,,,,"m","cm",
1003909442,"7166937",1003909437,1,"10",0.60,3.70,"5","m","cm",4.10
1003916247,"7167051",1003916236,,,,,,"ft","inch",
1003923283,"7167126",1003923275,,,,,,"ft","inch",
1003927102,"7167156",1003927093,,,,,,"m","cm",
1003927550,"7167158",1003927540,,,,,,"m","cm",
1003927602,"7167159",1003927594,,,,,,"m","cm",
1003927897,"7167160",1003927888,,,,,,"m","cm",
1003931340,"7167203",1003931332,1,"10",1.50,4.57,"5","m","cm",6.03
1003931396,"7167204",1003931389,1,"10",1.50,4.57,"5","m","cm",6.03
1003931410,"7167205",1003931403,1,"10",1.50,4.57,"5","m","cm",6.03
1003931449,"7167206",1003931442,1,"10",3.10,6.10,"5","m","cm",4.82
1003931472,"7167207",1003931465,1,"10",3.10,6.10,"5","m","cm",4.82
1003946488,"7167435",1003946482,,,,,,"ft","inch",
1003948523,"7167521",1003948518,,,,,,"ft","inch",
1003948988,"7167522",1003948976,,,,,,"ft","inch",
1003949011,"7167523",1003948999,,,,,,"ft","inch",
1003949116,"7167525",1003949105,,,,,,"ft","inch",
1003949164,"7167526",1003949147,,,,,,"ft","inch",
1003949571,"7167537",1003949558,,,,,,"ft","inch",
1003949615,"7167538",1003949602,,,,,,"ft","inch",
1003949657,"7167539",1003949645,,,,,,"ft","inch",
1003949846,"7167540",1003949833,,,,,,"ft","inch",
1003949951,"7167542",1003949936,,,,,,"ft","inch",
1003950006,"7167543",1003949991,,,,,,"ft","inch",
1003950058,"7167544",1003950046,,,,,,"ft","inch",
1003950168,"7167546",1003950153,,,,,,"ft","inch",
1003950216,"7167547",1003950202,,,,,,"ft","inch",
1003950259,"7167548",1003950246,,,,,,"ft","inch",
1003950312,"7167549",1003950299,,,,,,"ft","inch",
1003950445,"7167551",1003950433,,,,,,"ft","inch",
1003951011,"7167558",1003950998,,,,,,"ft","inch",
1003954052,"7167645",1003954043,1,"10",1.22,4.67,"5","m","cm",6.03
1003954067,"7167646",1003954059,1,"10",1.22,4.67,"5","m","cm",6.03
1003954082,"7167647",1003954074,1,"10",1.22,4.67,"5","m","cm",6.03
1003955011,"7167663",1003955004,1,"10",1.22,4.57,"5","m","cm",4.21
1003955026,"7167664",1003955019,1,"10",1.83,3.35,"5","m","cm",4.21
1003955041,"7167665",1003955033,1,"10",6.10,11.00,"5","m","cm",2.79
1003955184,"7167670",1003955176,1,"10",4.57,6.10,"5","m","cm",4.21
1003955356,"7167678",1003955348,1,"10",1.50,3.10,"5","m","cm",4.21
1003955528,"7167685",1003955522,,,,,,"m","cm",
1003955540,"7167686",1003955534,,,,,,"m","cm",
1003955566,"7167687",1003955560,,,,,,"m","cm",
1003966379,"7167911",1003966370,,,,,,"m","cm",
1003966523,"7167913",1003966512,,,,,,"ft","inch",
1003967902,"7167926",1003967895,1,"#8",10.37,11.59,"1","m","cm",13.97
1003967939,"7167927",1003967932,1,"#8",9.76,10.98,"1","m","cm",13.97
1003975660,"7167928",1003975651,,,,,,"m","cm",
1003975791,"7167929",1003975783,,,,,,"m","cm",
1003976231,"7167930",1003976223,,,,,,"m","cm",
1003976606,"7167931",1003976597,,,,,,"m","cm",
1003918482,"7168058",1003918475,1,"10",1.22,4.27,"5","m","cm",4.82
1003919478,"7168092",1003919471,1,"10",3.96,7.01,"5","m","cm",6.03
1003919493,"7168093",1003919488,1,,,,"5","m","cm",6.03
1003919530,"7168094",1003919525,1,,,,"5","m","cm",6.03
1003920412,"7168154",1003920405,,,,,,"m","cm",
1003920491,"7168156",1003920483,,,,,,"m","cm",
1003921102,"7168169",1003921089,,,,,,"m","cm",
1003921180,"7168171",1003921171,,,,,,"m","cm",
1003921497,"7168182",1003921492,,,,,,"ft","inch",
1003921550,"7168183",1003921545,,,,,,"ft","inch",
1003923782,"7168229",1003923775,1,"10",1.55,3.05,"5","m","cm",5.80
1003929496,"7168387",1003929484,,,,,,"ft","inch",
1003929576,"7168389",1003929567,,,,,,"ft","inch",
1003932259,"7168471",1003932253,,,,,,"m","cm",
1003932269,"7168472",1003932263,,,,,,"m","cm",
1003932279,"7168473",1003932273,,,,,,"m","cm",
1003932332,"7168474",1003932326,,,,,,"m","cm",
1003932457,"7168476",1003932451,,,,,,"m","cm",
1003932470,"7168477",1003932463,,,,,,"m","cm",
1003936330,"7168575",1003936320,,,,,,"m","cm",
1003936358,"7168576",1003936349,,,,,,"m","cm",
1003936585,"7168580",1003936576,,,,,,"m","cm",
1003936624,"7168581",1003936615,,,,,,"m","cm",
1003936655,"7168582",1003936647,,,,,,"m","cm",
1003937817,"7168612",1003937812,,,,,,"m","cm",
1003968926,"7168874",1003968911,,,,,,"ft","inch",
1003980173,"7169058",1003980165,,,,,,"m","cm",
1003992627,"7169195",1003992618,,,,,,"ft","inch",
1003997143,"7169242",1003997134,,,,,,"m","cm",
1003997368,"7169245",1003997358,,,,,,"m","cm",
1003997569,"7169248",1003997560,,,,,,"m","cm",
1003997718,"7169250",1003997706,,,,,,"m","cm",
1003998024,"7169258",1003998017,1,".10",25.00,35.00,"5","ft","inch",2.25
1003974788,"7169445",1003974779,,,,,,"m","cm",
1003974894,"7169446",1003974886,1,"8",7.62,8.85,"1","m","cm",13.97
1003975034,"7169447",1003975024,,,,,,"m","cm",
1003975106,"7169448",1003975098,,,,,,"m","cm",
1003975151,"7169449",1003975146,,,,,,"m","cm",
1003975443,"7169453",1003975433,,,,,,"m","cm",
1003979396,"7169517",1003979391,,,,,,"m","cm",
1003980133,"7169519",1003980123,,,,,,"m","cm",
1003980214,"7169520",1003980203,,,,,,"m","cm",
1003980251,"7169521",1003980244,,,,,,"m","cm",
1003980443,"7169524",1003980435,,,,,,"m","cm",
1003980489,"7169525",1003980480,,,,,,"m","cm",
1003986180,"7169685",1003986168,,,,,,"ft","inch",
1003986444,"7169688",1003986434,,,,,,"ft","inch",
1003986573,"7169690",1003986560,,,,,,"ft","inch",
1003986648,"7169691",1003986643,,,,,,"ft","inch",
1003986704,"7169692",1003986692,,,,,,"ft","inch",
1003987403,"7169697",1003987398,,,,,,"ft","inch",
1003987412,"7169698",1003987407,,,,,,"ft","inch",
1003987764,"7169700",1003987754,,,,,,"ft","inch",
1003987921,"7169701",1003987908,,,,,,"ft","inch",
1003988014,"7169702",1003988002,,,,,,"ft","inch",
1003988066,"7169703",1003988052,,,,,,"ft","inch",
1003988150,"7169704",1003988136,,,,,,"ft","inch",
1003988503,"7169707",1003988491,,,,,,"ft","inch",
1003988776,"7169710",1003988765,,,,,,"ft","inch",
1003988823,"7169711",1003988813,,,,,,"ft","inch",
1003988910,"7169712",1003988902,,,,,,"ft","inch",
1003988927,"7169713",1003988918,,,,,,"ft","inch",
1003989003,"7169714",1003988990,,,,,,"ft","inch",
1003989119,"7169716",1003989110,,,,,,"ft","inch",
1003990986,"7169737",1003990975,1,,,,,"ft","inch",
1003991028,"7169738",1003991016,,,,,,"ft","inch",
1003991108,"7169739",1003991102,,,,,,"ft","inch",
1003991189,"7169740",1003991177,,,,,,"ft","inch",
1003991342,"7169741",1003991331,,,,,,"ft","inch",
1003993574,"7169812",1003993567,1,"10",1.50,4.57,"5","m","cm",4.82
1003993627,"7169813",1003993620,1,"10",0.91,3.66,"5","m","cm",4.82
1004001827,"7169959",1004001821,1,"10",7.62,9.14,"5","m","cm",6.03
1004021349,"7170286",1004021341,,,,,,"m","cm",
1004021555,"7170289",1004021547,,,,,,"m","cm",
1004031246,"7170478",1004031237,,,,,,"m","cm",
1004031509,"7170481",1004031499,,,,,,"m","cm",
1004035743,"7170594",1004035732,1,"10",2.65,5.70,"5","m","cm",6.00
1003964803,"7170663",1003964797,1,"10",2.74,4.27,"5","m","cm",6.03
1003964842,"7170664",1003964835,1,"10",3.35,4.88,"5","m","cm",6.03
1003974204,"7170701",1003974197,1,"10",1.50,3.10,"5","m","cm",0.35
1003974227,"7170702",1003974220,1,"10",1.50,3.10,"5","m","cm",0.35
1003975361,"7170715",1003975352,1,"10",2.89,4.42,"5","m","cm",4.21
1003975481,"7170716",1003975474,1,"10",1.83,4.88,"5","m","cm",4.21
1003975546,"7170717",1003975537,1,"10",3.10,4.88,"5","m","cm",4.21
1003976327,"7170720",1003976315,1,"10",9.14,12.19,"5","m","cm",6.03
1003976429,"7170721",1003976418,1,"10",3.10,6.10,"5","m","cm",6.03
1003976577,"7170722",1003976568,1,"10",3.66,6.70,"5","m","cm",
1003976705,"7170723",1003976696,1,"10",2.74,5.79,"5","m","cm",
1003978306,"7170731",1003978301,,,,,,"ft","inch",
1003978374,"7170732",1003978369,,,,,,"ft","inch",
1003989241,"7170781",1003989236,,,,,,"m","cm",
1003989271,"7170782",1003989266,,,,,,"m","cm",
1003989279,"7170783",1003989273,,,,,,"m","cm",
1003990536,"7170795",1003990526,,,,,,"ft","inch",
1003997220,"7170841",1003997215,,,,,,"ft","inch",
1003997309,"7170842",1003997304,,,,,,"ft","inch",
1003997421,"7170843",1003997416,,,,,,"ft","inch",
1004000114,"7170880",1004000108,,,,,,"m","cm",
1004005756,"7170944",1004005747,,,,,,"m","cm",
1004005935,"7170945",1004005926,,,,,,"m","cm",
1004006078,"7170946",1004006068,,,,,,"m","cm",
1004006271,"7170947",1004006261,,,,,,"m","cm",
1004006739,"7170949",1004006730,,,,,,"m","cm",
1004006936,"7170951",1004006928,,,,,,"m","cm",
1004007026,"7170952",1004007015,,,,,,"m","cm",
1004007105,"7170953",1004007095,,,,,,"m","cm",
1004007322,"7170956",1004007317,,,,,,"m","cm",
1004007444,"7170957",1004007435,,,,,,"m","cm",
1004007549,"7170958",1004007538,,,,,,"m","cm",
1004007641,"7170959",1004007631,,,,,,"m","cm",
1004007728,"7170960",1004007718,,,,,,"m","cm",
1004007855,"7170961",1004007848,,,,,,"m","cm",
1004008360,"7170966",1004008350,,,,,,"m","cm",
1004008428,"7170967",1004008417,,,,,,"m","cm",
1004008612,"7170968",1004008602,,,,,,"m","cm",
1004008730,"7170970",1004008719,,,,,,"m","cm",
1004008861,"7170971",1004008849,,,,,,"m","cm",
1004008949,"7170972",1004008942,,,,,,"m","cm",
1004009021,"7170973",1004009016,,,,,,"m","cm",
1004009075,"7170975",1004009064,,,,,,"m","cm",
1004009204,"7170977",1004009195,,,,,,"m","cm",
1004009361,"7170978",1004009350,,,,,,"m","cm",
1004009445,"7170979",1004009435,,,,,,"m","cm",
1004009486,"7170980",1004009476,,,,,,"m","cm",
1004009547,"7170981",1004009536,,,,,,"m","cm",
1004009604,"7170982",1004009593,,,,,,"m","cm",
1004009627,"7170983",1004009617,,,,,,"m","cm",
1004009725,"7170985",1004009715,,,,,,"m","cm",
1004009796,"7170986",1004009786,,,,,,"m","cm",
1004009869,"7170987",1004009861,,,,,,"m","cm",
1004009923,"7170988",1004009913,,,,,,"m","cm",
1004010120,"7170989",1004010110,,,,,,"m","cm",
1004010149,"7170990",1004010140,,,,,,"m","cm",
1004010173,"7170991",1004010168,,,,,,"m","cm",
1004010242,"7170993",1004010237,,,,,,"m","cm",
1004010255,"7170994",1004010245,,,,,,"m","cm",
1004010350,"7170995",1004010341,,,,,,"m","cm",
1004010473,"7170996",1004010463,,,,,,"m","cm",
1004010594,"7170997",1004010583,,,,,,"m","cm",
1004010715,"7170998",1004010705,,,,,,"m","cm",
1004010840,"7170999",1004010833,,,,,,"m","cm",
1004010942,"7171000",1004010931,,,,,,"m","cm",
1004011003,"7171001",1004010993,,,,,,"m","cm",
1004011138,"7171002",1004011128,,,,,,"m","cm",
1004011185,"7171003",1004011175,,,,,,"m","cm",
1004011320,"7171004",1004011310,,,,,,"m","cm",
1004011351,"7171005",1004011342,,,,,,"m","cm",
1004011478,"7171006",1004011469,,,,,,"m","cm",
1004011596,"7171009",1004011591,,,,,,"ft","inch",
1004014987,"7171044",1004014976,,,,,,"m","cm",
1004016245,"7171061",1004016238,,,,,,"m","cm",
1004039327,"7171307",1004039318,,,,,,"m","cm",
1004039652,"7171310",1004039642,,,,,,"m","cm",
1004051481,"7171469",1004051472,,,,,,"ft","inch",
1004058205,"7171613",1004058199,1,"10",1.50,3.10,"5","m","cm",4.82
1004058218,"7171614",1004058212,1,"10",1.22,2.74,"5","m","cm",4.82
1004058230,"7171615",1004058224,1,"10",1.22,2.74,"5","m","cm",4.82
1004058243,"7171616",1004058237,1,"10",1.50,3.10,"5","m","cm",4.82
1004058256,"7171617",1004058250,1,"10",0.61,2.13,"5","m","cm",4.82
1004062759,"7171681",1004062753,1,"10",3.10,6.10,"5","m","cm",4.82
1004064142,"7171703",1004064136,1,"10",1.50,9.14,"5","m","cm",4.82
1004064156,"7171704",1004064149,1,"10",13.70,15.20,"5","m","cm",6.03
1004064183,"7171705",1004064175,1,,,,"5","m","cm",2.54
1004064612,"7171710",1004064606,1,"10",13.40,14.90,"5","m","cm",6.03
1004064723,"7171715",1004064714,1,"10",3.66,6.71,"5","m","cm",6.03
1004064739,"7171716",1004064730,1,"10",4.27,7.32,"5","m","cm",6.03
1004064754,"7171717",1004064746,1,"10",3.66,6.71,"5","m","cm",6.03
1004064769,"7171718",1004064761,1,"10",3.66,6.71,"5","m","cm",6.03
1004064789,"7171719",1004064781,1,"10",2.74,5.79,"5","m","cm",6.03
1004064804,"7171720",1004064797,1,"10",2.44,5.49,"5","m","cm",6.03
1004064818,"7171721",1004064811,1,"10",2.44,5.49,"5","m","cm",6.03
1004066262,"7171752",1004066251,1,"18",21.00,25.00,"1","ft","inch",5.50
1004066353,"7171753",1004066345,1,"18",43.00,47.00,"1","ft","inch",5.50
1004066387,"7171754",1004066378,,,,,,"ft","inch",
1004066436,"7171755",1004066427,1,"18",34.00,38.00,"1","ft","inch",5.50
1004066525,"7171756",1004066518,,,,,,"ft","inch",
1004068142,"7171785",1004068133,,,,,,"ft","inch",
1004068327,"7171787",1004068313,,,,,,"ft","inch",
1004068369,"7171788",1004068358,,,,,,"ft","inch",
1004068472,"7171789",1004068460,,,,,,"ft","inch",
1004068642,"7171790",1004068629,,,,,,"ft","inch",
1004068725,"7171791",1004068712,,,,,,"ft","inch",
1004069147,"7171794",1004069133,,,,,,"ft","inch",
1004069270,"7171796",1004069256,,,,,,"ft","inch",
1004069533,"7171799",1004069519,,,,,,"ft","inch",
1004070028,"7171808",1004070015,,,,,,"ft","inch",
1004070250,"7171810",1004070238,,,,,,"ft","inch",
1004070342,"7171811",1004070332,,,,,,"ft","inch",
1004070487,"7171812",1004070482,,,,,,"ft","inch",
1004070576,"7171813",1004070566,,,,,,"ft","inch",
1004070681,"7171814",1004070671,,,,,,"ft","inch",
1004070760,"7171815",1004070746,,,,,,"ft","inch",
1004071506,"7171817",1004071501,,,,,,"ft","inch",
1004075001,"7171851",1004074996,,,,,,"ft","inch",
1004075079,"7171852",1004075067,,,,,,"ft","inch",
1004075161,"7171853",1004075156,,,,,,"ft","inch",
1004075441,"7171855",1004075429,,,,,,"ft","inch",
1004075980,"7171862",1004075968,,,,,,"ft","inch",
1004076158,"7171865",1004076147,,,,,,"ft","inch",
1004076249,"7171866",1004076236,,,,,,"ft","inch",
1004076344,"7171868",1004076330,,,,,,"ft","inch",
1004076385,"7171869",1004076374,,,,,,"ft","inch",
1004076515,"7171872",1004076500,,,,,,"ft","inch",
1004076886,"7171874",1004076874,,,,,,"ft","inch",
1004077002,"7171875",1004076987,,,,,,"ft","inch",
1004077123,"7171876",1004077108,,,,,,"ft","inch",
1004077209,"7171877",1004077197,,,,,,"ft","inch",
1004077264,"7171878",1004077249,,,,,,"ft","inch",
1004077463,"7171879",1004077447,,,,,,"ft","inch",
1004077860,"7171882",1004077847,,,,,,"ft","inch",
1004078092,"7171884",1004078077,,,,,,"ft","inch",
1004078215,"7171885",1004078180,,,,,,"ft","inch",
1004078399,"7171889",1004078394,,,,,,"ft","inch",
1004078489,"7171890",1004078476,,,,,,"ft","inch",
1004078638,"7171891",1004078628,,,,,,"ft","inch",
1004078823,"7171892",1004078811,,,,,,"ft","inch",
1004078970,"7171893",1004078956,,,,,,"ft","inch",
1004079073,"7171894",1004079061,,,,,,"ft","inch",
1004079301,"7171896",1004079290,,,,,,"ft","inch",
1004079441,"7171897",1004079429,,,,,,"ft","inch",
1004079565,"7171898",1004079553,,,,,,"ft","inch",
1004079779,"7171900",1004079770,,,,,,"ft","inch",
1004079863,"7171901",1004079858,,,,,,"ft","inch",
1004080541,"7171904",1004080532,,,,,,"m","cm",
1004080682,"7171905",1004080671,,,,,,"m","cm",
1004084633,"7171957",1004084623,,,,,,"m","cm",
1004084891,"7171962",1004084882,,,,,,"m","cm",
1004089365,"7172099",1004089357,1,"10",3.10,6.10,"5","m","cm",4.82
1004089395,"7172100",1004089388,1,"10",1.50,4.57,"5","m","cm",4.82
1004089410,"7172101",1004089402,1,"10",2.44,5.60,"5","m","cm",4.82
1004089424,"7172102",1004089417,1,"10",4.88,7.93,"5","m","cm",6.03
1004089438,"7172103",1004089431,1,"10",5.18,8.23,"5","m","cm",6.03
1004089670,"7172104",1004089663,1,"10",5.18,8.23,"5","m","cm",6.03
1004089684,"7172105",1004089677,1,"10",5.18,8.23,"5","m","cm",6.03
1004089999,"7172106",1004089993,1,"10",6.71,9.75,"5","m","cm",4.82
1004090172,"7172107",1004090166,1,"10",6.71,9.75,"5","m","cm",4.82
1004090338,"7172108",1004090332,1,"10",6.10,9.14,"5","m","cm",4.82
1004090351,"7172109",1004090345,1,"10",6.71,9.75,"5","m","cm",4.82
1004090493,"7172113",1004090486,1,"10",4.57,7.62,"5","m","cm",4.21
1004090580,"7172114",1004090573,1,"10",4.88,6.40,"5","m","cm",4.21
1004090595,"7172115",1004090588,1,"10",4.57,6.71,"5","m","cm",4.21
1004090707,"7172116",1004090700,1,"10",4.57,6.40,"5","m","cm",4.21
1004090744,"7172117",1004090737,1,"10",4.27,6.10,"5","m","cm",4.21
1004090805,"7172118",1004090798,1,"10",3.10,4.27,"5","m","cm",4.21
1004090918,"7172119",1004090910,1,"10",2.74,4.27,"5","m","cm",4.21
1004090982,"7172120",1004090974,1,"10",3.35,4.88,"5","m","cm",4.21
1004091084,"7172121",1004091076,1,"10",3.10,4.57,"5","m","cm",4.21
1004091137,"7172122",1004091130,1,"10",3.35,4.88,"5","m","cm",4.21
1004096661,"7172199",1004096654,1,"10",3.10,4.57,"5","m","cm",4.21
1004113427,"7172612",1004113418,,,,,,"m","cm",
1004115632,"7172655",1004115627,,,,,,"ft","inch",
1004117675,"7172699",1004117670,,,,,,"ft","inch",
1004118069,"7172706",1004118064,,,,,,"ft","inch",
1004014416,"7172865",1004014408,,,,,,"ft","inch",
1004014626,"7172867",1004014613,,,,,,"ft","inch",
1004014770,"7172868",1004014759,,,,,,"ft","inch",
1004014862,"7172869",1004014850,,,,,,"ft","inch",
1004014946,"7172870",1004014933,,,,,,"ft","inch",
1004016070,"7172893",1004016057,,,,,,"ft","inch",
1004022911,"7172934",1004022902,,,,,,"ft","inch",
1004038760,"7173091",1004038752,,,,,,"ft","inch",
1004039705,"7173113",1004039696,,,,,,"m","cm",
1004047689,"7173219",1004047684,,,,,,"ft","inch",
1004052017,"7173319",1004052009,1,"10",4.57,7.62,,"m","cm",4.82
1004052032,"7173320",1004052024,1,"10",6.10,9.14,,"m","cm",4.82
1004052069,"7173323",1004052063,1,"10",1.22,3.35,,"m","cm",6.03
1004052083,"7173324",1004052076,1,"10",1.22,3.35,,"m","cm",6.03
1004052096,"7173325",1004052090,1,"10",1.22,4.27,,"m","cm",6.03
1004052725,"7173339",1004052712,,,,,,"ft","inch",
1004053787,"7173355",1004053780,1,"10",9.45,11.00,"5","m","cm",6.03
1004053829,"7173356",1004053822,1,"10",4.57,6.10,"5","m","cm",6.03
1004053860,"7173357",1004053854,1,"10",6.71,8.00,"5","m","cm",6.03
1004053896,"7173358",1004053889,1,"10",4.57,6.10,"5","m","cm",6.03
1004061735,"7173516",1004061729,,,,,,"m","cm",
1004061770,"7173517",1004061764,,,,,,"m","cm",
1004061791,"7173518",1004061786,,,,,,"m","cm",
1004061978,"7173519",1004061972,,,,,,"m","cm",
1004071351,"7173568",1004071341,1,"10",1.98,5.03,"5","m","cm",6.00
1004074104,"7173627",1004074098,1,".10",16.33,26.33,"5","ft","inch",2.25
1004075378,"7173712",1004075373,,,,,,"ft","inch",
1004075387,"7173713",1004075382,,,,,,"ft","inch",
1004075509,"7173714",1004075504,,,,,,"ft","inch",
1004075605,"7173716",1004075600,,,,,,"ft","inch",
1004075706,"7173717",1004075701,,,,,,"ft","inch",
1004075715,"7173718",1004075710,,,,,,"ft","inch",
1004075724,"7173719",1004075719,,,,,,"ft","inch",
1004075776,"7173720",1004075771,,,,,,"ft","inch",
1004075818,"7173721",1004075813,,,,,,"ft","inch",
1004077611,"7173739",1004077606,,,,,,"ft","inch",
1004077975,"7173742",1004077960,,,,,,"ft","inch",
1004078134,"7173744",1004078123,,,,,,"ft","inch",
1004078317,"7173746",1004078312,,,,,,"ft","inch",
1004078389,"7173747",1004078384,,,,,,"ft","inch",
1004081299,"7173778",1004081287,,,,,,"ft","inch",
1004081377,"7173779",1004081372,,,,,,"ft","inch",
1004081387,"7173780",1004081382,,,,,,"ft","inch",
1004085936,"7173841",1004085931,,,,,,"ft","inch",
1004086073,"7173842",1004086061,,,,,,"ft","inch",
1004086550,"7173848",1004086545,,,,,,"ft","inch",
1004086589,"7173849",1004086577,,,,,,"ft","inch",
1004086655,"7173850",1004086644,,,,,,"ft","inch",
1004086728,"7173851",1004086723,,,,,,"ft","inch",
1004086786,"7173852",1004086774,,,,,,"ft","inch",
1004086858,"7173853",1004086844,,,,,,"ft","inch",
1004086923,"7173854",1004086911,,,,,,"ft","inch",
1004087003,"7173855",1004086990,,,,,,"ft","inch",
1004087096,"7173856",1004087084,,,,,,"ft","inch",
1004087534,"7173858",1004087525,,,,,,"ft","inch",
1004087934,"7173863",1004087922,,,,,,"ft","inch",
1004088617,"7173871",1004088605,,,,,,"ft","inch",
1004088702,"7173873",1004088689,,,,,,"ft","inch",
1004088839,"7173875",1004088827,,,,,,"ft","inch",
1004091174,"7173890",1004091161,,,,,,"ft","inch",
1004091547,"7173892",1004091534,,,,,,"ft","inch",
1004091716,"7173894",1004091703,,,,,,"ft","inch",
1004092041,"7173897",1004092030,,,,,,"ft","inch",
1004092450,"7173899",1004092438,,,,,,"ft","inch",
1004092560,"7173900",1004092547,,,,,,"ft","inch",
1004092739,"7173902",1004092726,,,,,,"ft","inch",
1004093030,"7173905",1004093018,,,,,,"ft","inch",
1004093141,"7173907",1004093136,,,,,,"ft","inch",
1004098320,"7174019",1004098309,,,,,,"ft","inch",
1004098453,"7174020",1004098444,,,,,,"ft","inch",
1004099079,"7174021",1004099071,,,,,,"ft","inch",
1004099103,"7174022",1004099095,,,,,,"ft","inch",
1004099161,"7174023",1004099153,,,,,,"ft","inch",
1004099189,"7174024",1004099180,,,,,,"ft","inch",
1004099250,"7174025",1004099241,,,,,,"ft","inch",
1004099263,"7174026",1004099254,,,,,,"ft","inch",
1004099398,"7174027",1004099390,,,,,,"ft","inch",
1004114572,"7174191",1004114564,1,"10",7.93,9.14,"5","m","cm",7.93
1004114643,"7174192",1004114637,1,"10",5.49,7.32,"5","m","cm",4.82
1004114711,"7174193",1004114705,1,"10",1.84,3.35,"5","m","cm",4.82
1004114803,"7174194",1004114796,1,"10",5.49,7.01,"5","m","cm",4.82
1004114855,"7174195",1004114849,1,"10",2.13,3.66,"5","m","cm",4.82
1004114926,"7174196",1004114919,1,"10",4.57,6.10,"5","m","cm",4.83
1004114963,"7174197",1004114957,1,"10",2.13,3.66,"5","m","cm",4.82
1004115054,"7174199",1004115047,1,"10",9.14,12.10,"5","m","cm",6.03
1004116749,"7174252",1004116743,1,"10",2.74,,"5","m","cm",4.21
1004116762,"7174253",1004116756,1,"10",2.74,5.79,"5","m","cm",4.21
1004116843,"7174254",1004116837,1,"10",2.74,5.79,"5","m","cm",4.21
1004121353,"7174308",1004121345,,,,,,"m","cm",
1004121406,"7174309",1004121395,,,,,,"m","cm",
1004122220,"7174313",1004122214,,,,,,"m","cm",
1004122296,"7174314",1004122287,,,,,,"m","cm",
1004022158,"7174333",1004022151,1,"10",1.22,4.27,"5","m","cm",4.82
1004022561,"7174334",1004022554,1,"10",1.22,4.27,"5","m","cm",4.82
1004023652,"7174335",1004023645,1,"10",1.22,3.66,"5","m","cm",4.82
1004042951,"7174552",1004042942,,,,,,"m","cm",
1004043072,"7174554",1004043064,1,"10",1.60,4.57,"5","m","cm",6.00
1004043128,"7174555",1004043120,1,"10",2.90,4.57,"5","m","cm",6.00
1004045834,"7174570",1004045827,1,"10",1.55,4.65,"5","m","cm",4.10
1004049971,"7174580",1004049963,1,"10",3.81,6.86,"5","m","cm",1.82
1004050001,"7174581",1004049993,1,"10",3.81,6.86,"5","m","cm",4.82
1004053440,"7174606",1004053435,1,,,,"5","m","cm",6.03
1004054855,"7174648",1004054848,1,"10",3.10,6.10,"5","m","cm",4.82
1004054869,"7174649",1004054862,1,"10",1.83,4.88,"5","m","cm",4.82
1004054893,"7174650",1004054886,1,"10",2.13,5.18,"5","m","cm",4.82
1004054907,"7174651",1004054900,1,"10",1.83,4.88,"5","m","cm",4.82
1004056055,"7174652",1004056049,1,"10",1.50,4.57,"5","m","cm",4.82
1004056069,"7174653",1004056062,1,"10",1.83,4.88,"5","m","cm",4.82
1004060231,"7174676",1004060225,1,"10",1.50,4.57,"5","m","cm",4.82
1004060244,"7174677",1004060238,1,"10",1.50,4.57,"5","m","cm",4.82
1004060263,"7174678",1004060257,1,"10",1.50,4.57,"5","m","cm",4.82
1004060326,"7174679",1004060320,1,"10",1.50,4.57,"5","m","cm",4.82
1004066053,"7174725",1004066048,,,,,,"ft","inch",
1004116041,"7174887",1004116035,1,,7.77,8.08,,"m","cm",2.14
1004116922,"7174888",1004116911,,,,,,"m","cm",
1004117031,"7174889",1004117026,,,,,,"m","cm",
1004117045,"7174890",1004117036,,,,,,"m","cm",
1004117097,"7174891",1004117087,,,,,,"m","cm",
1004117147,"7174892",1004117138,,,,,,"m","cm",
1004118033,"7174893",1004118023,,,,,,"m","cm",
1004118103,"7174894",1004118095,1,"8",8.54,9.76,"1","m","cm",13.97
1004123601,"7174895",1004123590,,,,,,"m","cm",
1004123660,"7174896",1004123652,1,"8",12.20,14.34,"1","m","cm",13.97
1004123745,"7174897",1004123737,,,,,,"m","cm",
1004118196,"7175033",1004118185,,,,,,"m","cm",
1004119141,"7175063",1004119136,,,,,,"m","cm",
1004119319,"7175066",1004119308,,,,,,"m","cm",
1004119396,"7175067",1004119386,,,,,,"m","cm",
1004139116,"7175411",1004139106,1,"10",4.70,7.80,"5","m","cm",4.10
1004139130,"7175413",1004139123,1,"10",1.60,4.57,"5","m","cm",6.00
1004139491,"7175429",1004139485,,,,,,"m","cm",
1004142010,"7175484",1004142004,1,".10",5.00,15.00,"5","ft","inch",2.25
1004142043,"7175486",1004142036,1,".10",11.00,26.00,"5","ft","inch",2.25
1004142123,"7175488",1004142112,,,,,,"ft","inch",
1004142163,"7175489",1004142153,,,,,,"ft","inch",
1004142204,"7175490",1004142193,,,,,,"ft","inch",
1004142247,"7175491",1004142234,,,,,,"ft","inch",
1004144398,"7175555",1004144393,,,,,,"ft","inch",
1004144408,"7175556",1004144403,,,,,,"ft","inch",
1004144418,"7175557",1004144413,,,,,,"ft","inch",
1004144430,"7175558",1004144425,,,,,,"ft","inch",
1004144482,"7175562",1004144470,,,,,,"ft","inch",
1004144729,"7175566",1004144719,,,,,,"ft","inch",
1004144778,"7175567",1004144768,,,,,,"ft","inch",
1004144826,"7175568",1004144814,,,,,,"ft","inch",
1004144881,"7175569",1004144868,,,,,,"ft","inch",
1004144929,"7175570",1004144914,,,,,,"ft","inch",
1004145043,"7175571",1004145031,,,,,,"ft","inch",
1004145118,"7175572",1004145106,,,,,,"ft","inch",
1004145158,"7175573",1004145148,,,,,,"ft","inch",
1004145244,"7175574",1004145229,,,,,,"ft","inch",
1004145284,"7175575",1004145274,,,,,,"ft","inch",
1004145416,"7175578",1004145402,,,,,,"ft","inch",
1004145462,"7175579",1004145447,,,,,,"ft","inch",
1004147309,"7175584",1004147297,,,,,,"ft","inch",
1004147351,"7175585",1004147339,,,,,,"ft","inch",
1004147394,"7175586",1004147382,,,,,,"ft","inch",
1004147430,"7175587",1004147425,,,,,,"ft","inch",
1004147980,"7175621",1004147975,,,,,,"ft","inch",
1004147992,"7175622",1004147987,,,,,,"ft","inch",
1004148000,"7175623",1004147995,,,,,,"ft","inch",
1004148008,"7175624",1004148003,,,,,,"ft","inch",
1004148016,"7175625",1004148011,,,,,,"ft","inch",
1004148936,"7175656",1004148929,1,"10",2.20,5.20,"5","m","cm",4.10
1004124386,"7175992",1004124381,,,,,,"ft","inch",
1004177402,"7176060",1004177393,1,"10",5.49,7.01,"5","m","cm",4.82
1004044291,"7176077",1004044284,1,"10",1.22,4.27,"5","m","cm",4.82
1004044412,"7176078",1004044405,1,"10",4.57,6.10,"5","m","cm",4.82
1004053174,"7176079",1004053167,1,"10",1.22,4.27,"5","m","cm",4.82
1004053297,"7176080",1004053290,1,"10",4.57,6.10,"5","m","cm",4.82
1004053388,"7176081",1004053381,1,"10",1.22,4.27,"5","m","cm",4.82
1004053429,"7176082",1004053422,1,"10",1.22,4.27,"5","m","cm",4.82
1004053475,"7176083",1004053467,1,"10",5.18,6.71,"5","m","cm",4.82
1004053574,"7176084",1004053567,1,"10",1.22,4.27,"5","m","cm",4.82
1004057617,"7176085",1004057610,1,"10",1.50,4.57,"5","m","cm",4.82
1004057159,"7176380",1004057149,,,,,,"m","cm",
1004057387,"7176382",1004057379,,,,,,"m","cm",
1004057885,"7176384",1004057872,,,,,,"m","cm",
1004057939,"7176385",1004057928,,,,,,"m","cm",
1004058667,"7176386",1004058656,,,,,,"m","cm",
1004058782,"7176387",1004058774,,,,,,"m","cm",
1004058868,"7176388",1004058858,,,,,,"m","cm",
1004059026,"7176389",1004059014,,,,,,"m","cm",
1004059110,"7176390",1004059099,,,,,,"m","cm",
1004059163,"7176391",1004059153,,,,,,"m","cm",
1004059639,"7176394",1004059627,,,,,,"m","cm",
1004059760,"7176395",1004059749,,,,,,"m","cm",
1004059881,"7176396",1004059871,,,,,,"m","cm",
1004060060,"7176397",1004060050,,,,,,"m","cm",
1004060129,"7176398",1004060120,,,,,,"m","cm",
1004060187,"7176399",1004060182,,,,,,"m","cm",
1004060354,"7176400",1004060342,,,,,,"m","cm",
1004060669,"7176402",1004060659,,,,,,"m","cm",
1004061065,"7176404",1004061056,,,,,,"m","cm",
1004061152,"7176405",1004061143,,,,,,"m","cm",
1004061206,"7176406",1004061196,,,,,,"m","cm",
1004061282,"7176407",1004061271,,,,,,"m","cm",
1004061391,"7176408",1004061383,,,,,,"m","cm",
1004061497,"7176409",1004061486,,,,,,"m","cm",
1004061617,"7176410",1004061607,,,,,,"m","cm",
1004061750,"7176411",1004061742,,,,,,"m","cm",
1004061915,"7176413",1004061905,,,,,,"m","cm",
1004061952,"7176414",1004061943,,,,,,"m","cm",
1004061992,"7176415",1004061982,,,,,,"m","cm",
1004092506,"7176919",1004092501,1,"10",1.22,4.26,"5","m","cm",4.82
1004092540,"7176920",1004092535,1,"10",1.22,4.26,"5","m","cm",4.82
1004092917,"7176932",1004092910,1,"10",3.10,6.10,"5","m","cm",4.82
1004092986,"7176933",1004092979,1,"10",3.10,6.10,"5","m","cm",4.82
1004093073,"7176934",1004093066,1,"10",2.74,5.79,"5","m","cm",4.82
1004093158,"7176935",1004093151,1,"10",3.10,5.79,"5","m","cm",4.82
1004093187,"7176936",1004093180,1,"10",1.50,4.50,"5","m","cm",4.82
1004095110,"7176965",1004095104,1,"10",2.13,3.35,"5","m","cm",3.34
1004095132,"7176966",1004095126,1,"10",2.13,3.35,"5","m","cm",4.21
1004095401,"7176969",1004095393,1,"10",3.10,6.10,"5","m","cm",4.82
1004099410,"7177011",1004099402,1,"8",7.93,9.15,,"m","cm",13.97
1004099542,"7177012",1004099532,1,"10",27.54,29.07,"5","m","cm",5.08
1004099597,"7177013",1004099585,,,,,,"m","cm",
1004100043,"7177024",1004100032,,,,,,"m","cm",
1004103946,"7177033",1004103940,,,,,,"ft","inch",
1004103957,"7177034",1004103952,,,,,,"ft","inch",
1004160981,"7177295",1004160970,1,"10",6.90,11.45,"5","m","cm",6.90
1004161001,"7177296",1004160988,1,"10",8.30,11.34,"5","m","cm",4.40
1004170541,"7177604",1004170536,,,,,,"ft","inch",
1004177721,"7177717",1004177715,1,"10",1.25,3.66,"5","m","cm",4.21
1004177733,"7177718",1004177727,1,"10",1.00,3.35,"5","m","cm",4.21
1004177748,"7177719",1004177742,1,"10",1.25,3.66,"5","m","cm",4.21
1004178233,"7177744",1004178227,1,"10",1.50,3.10,"5","m","cm",3.34
1004178312,"7177745",1004178306,1,"10",1.50,3.10,"5","m","cm",3.34
1004178328,"7177746",1004178322,1,"10",1.50,3.10,"5","m","cm",4.21
1004180385,"7177787",1004180378,1,"10",3.10,6.10,"5","m","cm",4.82
1004180399,"7177788",1004180392,1,"10",1.50,4.57,"5","m","cm",4.82
1004180416,"7177789",1004180409,1,"10",3.10,6.10,"5","m","cm",4.82
1004180468,"7177792",1004180461,1,"10",3.10,6.10,"5","m","cm",6.03
1004180481,"7177793",1004180475,1,"10",3.10,6.10,"5","m","cm",6.03
1004180494,"7177794",1004180488,1,"10",3.10,6.10,"5","m","cm",6.03
1004180507,"7177795",1004180501,1,"10",3.10,6.10,"5","m","cm",6.03
1004180654,"7177801",1004180647,1,"10",1.83,3.35,"5","m","cm",6.03
1004180699,"7177802",1004180691,1,"10",1.83,4.88,"5","m","cm",6.03
1004180715,"7177803",1004180706,1,"10",4.57,7.62,"5","m","cm",6.03
1004180730,"7177804",1004180722,1,"10",5.18,8.23,"5","m","cm",6.03
1004180778,"7177805",1004180771,1,"10",1.52,3.10,"5","m","cm",6.03
1004181033,"7177824",1004181027,1,"10",2.13,5.18,"5","m","cm",4.21
1004181046,"7177825",1004181039,1,"10",2.74,5.79,"5","m","cm",4.82
1004181060,"7177826",1004181053,1,"10",2.79,5.79,"5","m","cm",4.82
1004181074,"7177827",1004181067,1,"10",2.74,5.79,"5","m","cm",4.82
1004181088,"7177828",1004181081,1,"10",2.74,5.79,"5","m","cm",4.82
1004181102,"7177829",1004181095,1,"10",3.10,6.10,"5","m","cm",4.82
1004181116,"7177830",1004181109,1,"10",2.59,5.64,"5","m","cm",4.82
1004181130,"7177831",1004181123,1,"10",2.74,5.79,"5","m","cm",4.82
1004193358,"7178063",1004193348,,,,,,"m","cm",
1004194812,"7178174",1004194799,,,,,,"ft","inch",
1004194921,"7178175",1004194909,1,,,,,"ft","inch",
1004195023,"7178177",1004195010,,,,,,"ft","inch",
1004195263,"7178182",1004195249,,,,,,"ft","inch",
1004195318,"7178183",1004195302,,,,,,"ft","inch",
1004195371,"7178184",1004195358,,,,,,"ft","inch",
1004195416,"7178185",1004195407,,,,,,"ft","inch",
1004195464,"7178186",1004195452,,,,,,"ft","inch",
1004199065,"7178270",1004199057,1,"10",2.40,5.40,"5","m","cm",4.10
1004203439,"7178325",1004203427,,,,,,"m","cm",
1004221975,"7178534",1004221969,,,,,,"ft","inch",
1004228802,"7178600",1004228790,,,,,,"ft","inch",
1004228844,"7178601",1004228832,,,,,,"ft","inch",
1004228886,"7178602",1004228874,,,,,,"ft","inch",
1004228930,"7178603",1004228916,,,,,,"ft","inch",
1004228957,"7178604",1004228952,,,,,,"ft","inch",
1004229228,"7178611",1004229212,,,,,,"ft","inch",
1004229400,"7178615",1004229385,,,,,,"ft","inch",
1004229798,"7178625",1004229783,,,,,,"ft","inch",
1004229916,"7178626",1004229904,,,,,,"ft","inch",
1004229965,"7178627",1004229952,,,,,,"ft","inch",
1004237197,"7178879",1004237188,1,"10",3.10,4.90,"5","m","cm",4.10
1004237219,"7178892",1004237214,1,,,,,"ft","inch",
1004237226,"7178893",1004237221,,,,,,"ft","inch",
1004237234,"7178894",1004237229,,,,,,"ft","inch",
1004237310,"7178899",1004237302,,,,,,"m","cm",
1004237350,"7178900",1004237340,,,,,,"m","cm",
1004237423,"7178902",1004237418,,,,,,"m","cm",
1004238311,"7178903",1004238306,,,,,,"m","cm",
1004238323,"7178904",1004238314,,,,,,"m","cm",
1004238574,"7178912",1004238566,,,,,,"m","cm",
1004238585,"7178913",1004238578,1,"10",3.10,5.33,"5","m","cm",4.10
1004247109,"7179334",1004247104,1,,,,"5","m","cm",5.00
1004247118,"7179335",1004247113,1,,,,"5","m","cm",5.00
1006702457,"7179347",1006702451,,,,,,"m","cm",
1004248302,"7179491",1004248295,1,"10",3.66,6.71,"5","m","cm",4.82
1004248316,"7179492",1004248309,1,"10",3.66,6.71,"5","m","cm",4.82
1004249639,"7179551",1004249632,1,"10",2.74,4.27,"5","m","cm",4.82
1004251291,"7179591",1004251285,1,"10",1.83,3.35,"5","m","cm",4.82
1004251304,"7179592",1004251298,1,"10",1.50,3.10,"5","m","cm",4.83
1004251315,"7179593",1004251309,1,"10",1.98,3.35,"5","m","cm",4.82
1004251327,"7179594",1004251322,1,"10",0.76,1.98,"5","m","cm",4.82
1004251384,"7179598",1004251377,1,"10",3.96,7.01,"5","m","cm",4.21
1004251399,"7179599",1004251392,1,"10",3.10,6.10,"5","m","cm",4.21
1004251414,"7179600",1004251407,1,"10",3.66,6.72,"5","m","cm",4.21
1004251429,"7179601",1004251422,1,"10",,,"5","m","cm",4.21
1004258646,"7179701",1004258635,,,,,,"m","cm",
1004285250,"7179766",1004285245,,,,,,"m","cm",
1004285259,"7179767",1004285254,,,,,,"m","cm",
1004285268,"7179768",1004285263,,,,,,"m","cm",
1004285277,"7179769",1004285272,,,,,,"m","cm",
1004287178,"7179838",1004287172,1,"10",0.91,3.96,"5","m","cm",4.21
1004287191,"7179839",1004287185,1,"10",1.22,4.27,"5","m","cm",4.21
1004287204,"7179840",1004287198,1,"10",0.51,3.66,"5","m","cm",4.21
1004287219,"7179841",1004287211,1,"10",1.50,4.57,"5","m","cm",6.03
1004287234,"7179842",1004287226,1,"10",1.50,4.57,"5","m","cm",6.03
1004287248,"7179843",1004287241,1,"10",1.22,4.27,"5","m","cm",6.03
1004287263,"7179844",1004287255,1,"10",1.50,4.57,"5","m","cm",6.03
1004287276,"7179845",1004287270,1,"10",3.10,4.57,"5","m","cm",4.21
1004287426,"7179856",1004287419,1,"10",1.22,2.74,"5","m","cm",4.21
1004287440,"7179857",1004287433,1,"10",0.91,2.44,"5","m","cm",4.21
1004290996,"7180045",1004290991,1,"10",13.50,3.50,,"ft","inch",1.50
1004291005,"7180046",1004291000,1,"10",27.50,17.50,,"ft","inch",1.50
1004291538,"7180082",1004291532,,,,,,"m","cm",
1004291841,"7180110",1004291833,1,"10",1.50,4.60,"5","m","cm",4.10
1004271435,"7180233",1004271418,,,,,,"ft","inch",
1004298046,"7180495",1004298041,1,"10",0.91,2.44,"5","m","cm",4.21
1004298063,"7180496",1004298058,1,"10",1.22,2.74,"5","m","cm",4.21
1004298183,"7180505",1004298175,1,"10",2.74,5.79,"5","m","cm",6.03
1004298198,"7180506",1004298190,1,"10",3.10,6.10,"5","m","cm",6.03
1004298213,"7180507",1004298205,1,"10",2.74,5.79,"5","m","cm",6.03
1004298228,"7180508",1004298223,1,"10",2.74,5.79,"5","m","cm",6.03
1004298977,"7180549",1004298970,1,"10",1.52,4.57,"5","m","cm",4.83
1004298992,"7180550",1004298984,1,"10",6.10,7.62,"5","m","cm",6.03
1004299036,"7180553",1004299030,1,"10",1.52,4.57,"5","m","cm",6.03
1004299051,"7180554",1004299043,1,"10",4.57,6.10,"5","m","cm",6.03
1004299064,"7180555",1004299058,1,"10",1.52,3.10,"5","m","cm",6.03
1004301368,"7180603",1004301359,1,"10",3.66,6.71,"5","m","cm",4.82
1004301561,"7180608",1004301553,1,"10",1.54,3.10,"5","m","cm",4.82
1004302668,"7180632",1004302661,1,"10",10.36,12.15,"5","m","cm",4.21
1004302687,"7180633",1004302675,1,"10",10.36,11.89,"5","m","cm",4.21
1004302891,"7180634",1004302884,1,"10",10.67,12.18,"5","m","cm",4.21
1004302970,"7180635",1004302957,1,"10",10.40,11.89,"5","m","cm",4.21
1004303004,"7180636",1004302992,1,"10",2.67,12.50,"5","m","cm",4.21
1004303025,"7180637",1004303014,1,"10",10.36,11.89,"5","m","cm",4.21
1004303499,"7180661",1004303491,1,"10",5.49,8.53,"5","m","cm",4.82
1004303584,"7180667",1004303577,1,"10",3.10,6.10,"5","m","cm",4.21
1004303745,"7180679",1004303738,1,"10",3.10,6.10,"5","m","cm",4.21
1004303759,"7180680",1004303752,1,"10",2.59,5.64,"5","m","cm",4.21
1004303881,"7180687",1004303874,1,"10",1.52,4.57,"5","m","cm",4.83
1004303895,"7180688",1004303888,1,"10",1.52,4.57,"5","m","cm",4.83
1004303909,"7180689",1004303902,1,"10",1.52,4.57,"5","m","cm",4.83
1004303923,"7180690",1004303916,1,"10",1.52,4.57,"5","m","cm",4.83
1004303963,"7180693",1004303958,,,,,,"m","cm",
1004303973,"7180694",1004303968,,,,,,"m","cm",
1004303984,"7180695",1004303979,,,,,,"m","cm",
1004304024,"7180698",1004304019,,,,,,"m","cm",
1004304034,"7180699",1004304029,,,,,,"m","cm",
1004304045,"7180700",1004304040,,,,,,"m","cm",
1004304053,"7180701",1004304048,,,,,,"m","cm",
1004304075,"7180702",1004304070,,,,,,"m","cm",
1004304085,"7180703",1004304080,,,,,,"m","cm",
1004304167,"7180709",1004304160,1,"10",1.50,4.57,"5","m","cm",4.21
1004304181,"7180710",1004304174,1,"10",1.83,4.88,"5","m","cm",4.21
1004304731,"7180738",1004304721,1,,,,,"m","cm",
1004304809,"7180740",1004304800,,,,,,"m","cm",
1004306073,"7180782",1004306068,1,,30.00,20.00,"1","ft","inch",6.00
1004306121,"7180784",1004306113,,,,,,"ft","inch",
1004306181,"7180785",1004306170,,,,,,"ft","inch",
1004306224,"7180786",1004306212,,,,,,"ft","inch",
1003815353,"7180793",1003815346,,,,,"5",,,
1004307873,"7180869",1004307868,,,,,,"m","cm",
1004309041,"7180941",1004309035,1,"10",1.50,4.57,"5","m","cm",4.21
1004309968,"7180984",1004309960,1,"10",3.80,5.28,"5","m","cm",4.10
1004309980,"7180985",1004309973,1,"10",2.70,5.64,"5","m","cm",4.10
1004309993,"7180986",1004309985,1,"10",3.92,5.40,"5","m","cm",4.10
1004310008,"7180987",1004309998,1,"10",1.50,3.70,"5","m","cm",4.10
1004310039,"7180989",1004310030,1,"10",2.50,5.49,"5","m","cm",6.00
1004310055,"7180990",1004310046,1,"10",2.13,5.03,"5","m","cm",4.10
1004310065,"7180991",1004310060,1,"10",0.30,3.40,"5","m","cm",4.10
1004310077,"7180992",1004310069,1,"10",0.83,6.10,"5","m","cm",6.00
1004310090,"7180993",1004310083,1,"10",1.52,6.10,"5","m","cm",4.10
1004310195,"7181009",1004310188,1,"10",2.13,5.18,"5","m","cm",4.21
1004310210,"7181010",1004310202,1,"10",2.44,5.49,"5","m","cm",4.21
1004310225,"7181011",1004310217,1,"10",2.44,5.49,"5","m","cm",4.21
1004310239,"7181012",1004310232,1,"10",2.13,5.18,"5","m","cm",4.21
1004311779,"7181089",1004311768,1,"10",12.19,15.24,"5","m","cm",4.82
1004312382,"7181122",1004312377,,,,,,"ft","inch",
1004312392,"7181123",1004312387,,,,,,"ft","inch",
1004312402,"7181124",1004312397,1,,,,,"ft","inch",
1004312660,"7181125",1004312647,,,,,,"ft","inch",
1004312703,"7181126",1004312691,,,,,,"ft","inch",
1004312885,"7181129",1004312873,,,,,,"ft","inch",
1004313589,"7181154",1004313584,,,,,,"ft","inch",
1004313605,"7181155",1004313600,,,,,,"ft","inch",
1004313624,"7181156",1004313619,,,,,,"ft","inch",
1004313634,"7181157",1004313629,,,,,,"ft","inch",
1004313695,"7181158",1004313690,,,,,,"ft","inch",
1004313772,"7181159",1004313760,,,,,,"ft","inch",
1004313835,"7181160",1004313824,,,,,,"ft","inch",
1004313871,"7181161",1004313866,,,,,,"ft","inch",
1004313933,"7181163",1004313920,,,,,,"ft","inch",
1004314140,"7181168",1004314127,,,,,,"ft","inch",
1004314183,"7181169",1004314171,,,,,,"ft","inch",
1004314227,"7181170",1004314214,,,,,,"ft","inch",
1004314272,"7181171",1004314258,,,,,,"ft","inch",
1004314360,"7181173",1004314347,,,,,,"ft","inch",
1004314405,"7181174",1004314391,,,,,,"ft","inch",
1004314449,"7181175",1004314436,,,,,,"ft","inch",
1004314497,"7181176",1004314480,,,,,,"ft","inch",
1004314537,"7181177",1004314528,,,,,,"ft","inch",
1004314583,"7181178",1004314568,,,,,,"ft","inch",
1004314626,"7181179",1004314614,,,,,,"ft","inch",
1004314670,"7181180",1004314657,,,,,,"ft","inch",
1004314798,"7181183",1004314786,,,,,,"ft","inch",
1004314841,"7181184",1004314828,,,,,,"ft","inch",
1004314883,"7181185",1004314872,,,,,,"ft","inch",
1004314968,"7181187",1004314954,,,,,,"ft","inch",
1004315009,"7181188",1004314999,,,,,,"ft","inch",
1004315048,"7181189",1004315032,,,,,,"ft","inch",
1004315092,"7181190",1004315079,,,,,,"ft","inch",
1004315134,"7181191",1004315123,,,,,,"ft","inch",
1004315178,"7181192",1004315165,,,,,,"ft","inch",
1004315221,"7181193",1004315208,,,,,,"ft","inch",
1004315265,"7181194",1004315252,,,,,,"ft","inch",
1004315329,"7181197",1004315324,1,,,,"5","m","cm",4.21
1004315384,"7181202",1004315378,1,"10",0.91,3.96,"5","m","cm",4.83
1004315398,"7181203",1004315391,1,"10",1.52,4.57,"5","m","cm",4.82
1004315549,"7181214",1004315543,1,"10",2.74,5.79,"5","m","cm",4.21
1004315562,"7181215",1004315555,1,"10",2.74,5.79,"5","m","cm",4.21
1004317628,"7181363",1004317621,1,"10",3.10,6.10,"5","m","cm",6.03
1004317644,"7181364",1004317638,1,"10",1.50,4.57,"5","m","cm",6.03
1004317670,"7181365",1004317663,1,"10",3.10,6.10,"5","m","cm",6.03
1004317702,"7181366",1004317695,1,"10",2.13,5.18,"5","m","cm",6.03
1004317716,"7181367",1004317709,1,"10",1.50,4.57,"5","m","cm",6.03
1004317730,"7181368",1004317723,1,"10",1.50,4.57,"5","m","cm",6.03
1004318183,"7181399",1004318175,1,"10",2.44,5.49,"5","m","cm",4.82
1004318198,"7181400",1004318190,1,"10",3.10,6.10,"5","m","cm",4.82
1004318213,"7181401",1004318205,1,"10",3.10,6.10,"5","m","cm",4.82
1004318228,"7181402",1004318220,1,"10",3.10,6.10,"5","m","cm",4.82
1004318761,"7181433",1004318754,1,"10",2.70,4.20,"5","m","cm",4.80
1004318772,"7181434",1004318767,,,,,,"ft","inch",
1004318846,"7181436",1004318839,1,,3.10,4.50,"5","m","cm",4.80
1004320498,"7181527",1004320490,1,"10",2.13,5.18,"5","m","cm",4.21
1004324149,"7181684",1004324141,1,"10",3.10,6.10,"5","m","cm",4.82
1004324457,"7181685",1004324450,1,"10",3.10,6.10,"5","m","cm",4.82
1004324471,"7181686",1004324464,1,"10",3.10,6.10,"5","m","cm",4.82
1004324486,"7181687",1004324478,1,"10",3.10,6.10,"5","m","cm",4.82
1004324499,"7181688",1004324493,1,"10",1.50,3.10,"5","m","cm",4.82
1004324514,"7181689",1004324506,1,"10",3.10,6.10,"5","m","cm",4.82
1004324529,"7181690",1004324521,1,"10",3.10,6.10,"5","m","cm",4.82
1004324544,"7181691",1004324536,1,"10",2.44,5.49,"5","m","cm",4.83
1004324559,"7181692",1004324551,1,"10",3.10,6.10,"5","m","cm",4.82
1004324575,"7181693",1004324566,1,"10",3.10,4.57,"5","m","cm",6.03
1004324591,"7181694",1004324582,1,"10",3.10,4.57,"5","m","cm",6.03
1004324606,"7181695",1004324598,1,"10",3.10,4.57,"5","m","cm",6.03
1004324621,"7181696",1004324613,1,"10",3.10,4.57,"5","m","cm",6.03
1004324635,"7181697",1004324628,1,"10",1.60,2.28,"5","m","cm",3.34
1004324650,"7181698",1004324642,1,"10",3.10,4.57,,"m","cm",
1004324666,"7181699",1004324657,1,"10",3.10,4.57,"5","m","cm",6.03
1004324682,"7181700",1004324673,1,"10",3.10,4.57,"5","m","cm",6.03
1004324698,"7181711",1004324689,1,"10",3.10,4.57,"5","m","cm",6.03
1004324714,"7181712",1004324705,1,"10",3.10,4.57,"5","m","cm",6.03
1004324730,"7181713",1004324721,1,"10",3.10,4.57,"5","m","cm",6.03
1004324746,"7181714",1004324737,1,"10",3.10,4.57,"5","m","cm",6.03
1004324762,"7181715",1004324753,1,"10",3.10,4.57,"5","m","cm",6.03
1004324778,"7181716",1004324769,1,"10",3.10,4.57,"5","m","cm",6.03
1004324794,"7181717",1004324785,1,"10",3.10,4.57,"5","m","cm",6.03
1004324810,"7181718",1004324801,1,"10",3.10,4.57,"5","m","cm",6.03
1004324823,"7181719",1004324817,1,"10",0.95,2.50,"5","m","cm",3.34
1004324837,"7181720",1004324830,1,"10",1.06,2.59,"5","m","cm",3.34
1004324851,"7181721",1004324844,1,"10",1.06,2.28,"5","m","cm",3.34
1004324865,"7181722",1004324858,1,"10",0.91,2.13,"5","m","cm",3.34
1004324879,"7181723",1004324872,1,"10",1.38,2.89,"5","m","cm",3.34
1004324893,"7181724",1004324886,1,"10",1.13,2.35,"5","m","cm",3.34
1004324904,"7181725",1004324899,1,"10",1.06,2.28,"5","m","cm",3.34
1004324924,"7181726",1004324917,1,"10",1.06,2.28,"5","m","cm",3.34
1004324938,"7181727",1004324931,1,"10",1.06,2.28,"5","m","cm",3.34
1004324952,"7181728",1004324945,1,"10",0.76,2.28,"5","m","cm",3.34
1004324966,"7181729",1004324959,1,"10",1.42,2.94,"5","m","cm",3.34
1003815318,"7181742",1003815310,,,,,,"m","cm",
1004325861,"7181759",1004325851,,,,,,"m","cm",
1004325901,"7181760",1004325892,,,,,,"m","cm",
1004325920,"7181761",1004325913,,,,,,"m","cm",
1004325958,"7181762",1004325950,,,,,,"m","cm",
1004325993,"7181763",1004325988,,,,,,"m","cm",
1004326064,"7181764",1004326056,,,,,,"m","cm",
1004326143,"7181766",1004326133,,,,,,"m","cm",
1004326188,"7181767",1004326176,,,,,,"m","cm",
1004326268,"7181769",1004326261,,,,,,"m","cm",
1004326308,"7181770",1004326297,,,,,,"m","cm",
1004326438,"7181777",1004326428,1,"10",3.66,5.18,"5","m","cm",4.82
1004326552,"7181783",1004326544,1,"10",0.91,2.44,"5","m","cm",4.03
1004326567,"7181784",1004326559,1,"10",0.91,3.10,"5","m","cm",4.03
1004327480,"7181830",1004327475,1,,,,"5","m","cm",6.03
1004327492,"7181831",1004327487,1,,,,"5","m","cm",6.03
1004327504,"7181832",1004327499,1,,,,"5","m","cm",6.03
1004327521,"7181833",1004327511,1,"10",1.98,5.03,"5","m","cm",4.21
1004327536,"7181834",1004327528,1,"10",3.10,6.10,"5","m","cm",4.82
1004327551,"7181835",1004327543,1,"10",3.10,6.10,"5","m","cm",4.82
1004327566,"7181836",1004327558,1,"10",3.10,6.10,"5","m","cm",4.82
1004327581,"7181837",1004327573,1,"10",3.10,6.10,"5","m","cm",4.82
1004328137,"7181888",1004328132,1,".10",2.00,7.00,"5","ft","inch",2.25
1004279712,"7181902",1004279704,,,,,,"m","cm",
1004279750,"7181903",1004279742,,,,,,"m","cm",
1004279783,"7181904",1004279775,,,,,,"ft","inch",
1004279794,"7181905",1004279788,,,,,,"ft","inch",
1004330581,"7182036",1004330570,,,,,,"m","cm",
1004331210,"7182045",1004331201,,,,,,"m","cm",
1004331362,"7182054",1004331355,1,"10",6.01,8.84,"5","m","cm",4.10
1004332102,"7182066",1004332091,,,,,,"m","cm",
1004337745,"7182221",1004337740,,,,,,"ft","inch",
1004337754,"7182222",1004337749,1,,14.00,0.00,,"ft","inch",48.00
1004350167,"7182440",1004350154,1,"10",67.00,92.00,"5","ft","inch",1.00
1004350168,"7182440",1004350154,2,,36.00,21.00,"5","ft","inch",1.00
1004350272,"7182441",1004350260,1,".10",22.00,32.00,"5","ft","inch",
1004350273,"7182441",1004350260,2,".10",64.00,92.00,"5","ft","inch",
1004350274,"7182441",1004350260,3,".10",109.00,114.00,"5","ft","inch",
1004350336,"7182442",1004350326,1,,60.00,70.00,"5","ft","inch",1.00
1004350337,"7182442",1004350326,2,,43.00,53.00,"5","ft","inch",1.00
1004350338,"7182442",1004350326,1,,28.00,18.00,"5","ft","inch",1.00
1004353188,"7182514",1004353182,1,"10",2.74,5.79,"5","m","cm",4.21
1004353198,"7182515",1004353192,1,"10",2.74,,"5","m","cm",4.21
1004355030,"7182536",1004355022,,,,,,"ft","inch",
1004355101,"7182537",1004355096,,,,,,"ft","inch",
1004360301,"7182646",1004360296,,,,,,"ft","inch",
1004362176,"7182712",1004362169,1,"10",1.83,4.88,"5","m","cm",4.21
1004362226,"7182713",1004362221,1,"10",1.83,4.88,"5","m","cm",4.21
1004364444,"7182738",1004364437,1,"10",2.13,3.66,"5","m","cm",6.03
1004364466,"7182739",1004364457,1,"10",4.57,7.62,"5","m","cm",6.03
1004364561,"7182740",1004364550,1,"10",9.14,12.19,"5","m","cm",6.03
1004364972,"7182755",1004364965,1,"10",0.91,2.44,"5","m","cm",4.82
1004364985,"7182756",1004364978,1,"10",0.91,2.44,"5","m","cm",4.82
1004365006,"7182757",1004364999,1,"10",0.91,2.44,"5","m","cm",4.82
1004365047,"7182758",1004365040,1,"10",0.91,2.44,"5","m","cm",4.82
1004365071,"7182759",1004365064,1,"10",3.35,4.88,"5","m","cm",6.03
1004365178,"7182760",1004365171,1,"10",3.35,4.88,"5","m","cm",6.03
1004365228,"7182761",1004365220,1,"10",3.35,4.88,"5","m","cm",6.03
1004365349,"7182762",1004365342,1,"10",3.35,4.88,"5","m","cm",6.03
1004365376,"7182763",1004365368,1,"10",3.35,4.88,"5","m","cm",6.02
1004365391,"7182764",1004365383,1,"10",3.10,6.10,"5","m","cm",6.03
1004365408,"7182765",1004365398,1,"10",3.35,4.88,"5","m","cm",6.03
1004365489,"7182766",1004365479,1,"10",7.01,8.53,"5","m","cm",6.03
1004366930,"7182817",1004366925,1,"10",4.27,6.10,"5","m","cm",4.21
1004367210,"7182822",1004367203,1,"10",4.57,7.62,"5","m","cm",6.03
1004367269,"7182823",1004367262,1,"10",4.57,7.62,"5","m","cm",6.03
1004367353,"7182824",1004367346,1,"10",4.57,7.62,"5","m","cm",6.03
1004367395,"7182825",1004367388,1,"10",5.49,8.53,"5","m","cm",6.03
1004367446,"7182826",1004367439,1,"10",4.57,7.62,"5","m","cm",6.03
1004367522,"7182827",1004367515,1,"10",3.96,7.01,"5","m","cm",6.03
1004370253,"7182857",1004370248,1,"10",4.27,6.40,"5","m","cm",4.22
1004370290,"7182858",1004370285,1,"10",,6.71,"5","m","cm",4.21
1004370312,"7182859",1004370307,1,"10",4.27,6.10,"5","m","cm",4.21
1004370359,"7182860",1004370354,1,"10",,7.62,"5","m","cm",4.21
1004370403,"7182861",1004370398,1,"10",6.10,7.62,"5","m","cm",4.82
1004370487,"7182862",1004370482,1,"10",4.57,9.14,"5","m","cm",4.82
1004370591,"7182863",1004370586,1,"10",3.10,7.62,"5","m","cm",4.82
1004370608,"7182864",1004370603,1,"10",,7.62,"5","m","cm",4.82
1004370644,"7182865",1004370639,1,"10",3.10,7.62,"5","m","cm",4.82
1004370680,"7182866",1004370675,1,"10",,7.62,"5","m","cm",4.82
1004373348,"7182929",1004373342,,,,,,"m","cm",
1004373389,"7182930",1004373383,,,,,,"m","cm",
1004373430,"7182931",1004373424,,,,,,"m","cm",
1004373478,"7182932",1004373472,,,,,,"m","cm",
1004393277,"7183246",1004393272,,,,,,"ft","inch",
1004393541,"7183250",1004393532,,,,,,"ft","inch",
1004394156,"7183270",1004394151,,,,,,"ft","inch",
1004395062,"7183281",1004395046,,,,,,"ft","inch",
1004395405,"7183282",1004395395,,,,,,"ft","inch",
1004395505,"7183283",1004395490,,,,,,"ft","inch",
1004396286,"7183293",1004396270,,,,,,"ft","inch",
1004396342,"7183294",1004396332,,,,,,"ft","inch",
1004396661,"7183295",1004396646,,,,,,"ft","inch",
1004396706,"7183296",1004396692,,,,,,"ft","inch",
1004396752,"7183297",1004396737,,,,,,"ft","inch",
1004396841,"7183299",1004396826,,,,,,"ft","inch",
1004396889,"7183300",1004396875,,,,,,"ft","inch",
1004397025,"7183303",1004397016,,,,,,"ft","inch",
1004333402,"7183304",1004333390,,,,,,"ft","inch",
1004334325,"7183331",1004334317,,,,,,"m","cm",
1004334851,"7183333",1004334843,1,,,,,"m","cm",
1004334987,"7183334",1004334981,,,,,,"ft","inch",
1004334995,"7183335",1004334990,,,,,,"ft","inch",
1004335092,"7183338",1004335084,,,,,,"m","cm",
1004335205,"7183347",1004335200,,,,,,"ft","inch",
1004335232,"7183348",1004335227,,,,,,"ft","inch",
1004335256,"7183349",1004335251,,,,,,"ft","inch",
1004335283,"7183350",1004335278,,,,,,"ft","inch",
1004397531,"7183403",1004397519,1,"10",10.36,11.89,"5","m","cm",4.21
1004397618,"7183405",1004397606,1,"10",10.40,11.89,"5","m","cm",4.21
1004342774,"7183616",1004342767,1,"10",1.52,4.57,"5","m","cm",4.82
1004342797,"7183617",1004342790,1,"10",1.54,4.57,"5","m","cm",4.82
1004342809,"7183618",1004342804,1,"10",4.57,7.40,"5","m","cm",4.03
1004342821,"7183619",1004342816,1,"10",4.57,9.14,"5","m","cm",4.03
1004342832,"7183620",1004342827,1,"10",4.57,7.40,"5","m","cm",4.03
1004343332,"7183646",1004343326,1,"10",1.50,3.10,"5","m","cm",3.34
1004343765,"7183661",1004343757,1,"10",4.57,7.62,"5","m","cm",6.03
1004343778,"7183662",1004343772,1,"10",1.22,3.35,"5","m","cm",6.03
1004343834,"7183663",1004343826,1,"19",6.10,7.62,"5","m","cm",6.03
1004345842,"7183725",1004345834,1,"10",4.57,7.62,"5","m","cm",4.82
1004345897,"7183726",1004345890,1,"10",3.96,7.01,"5","m","cm",6.03
1004345911,"7183727",1004345904,1,"10",3.96,7.01,"5","m","cm",4.82
1004345967,"7183728",1004345960,1,"10",1.50,4.57,"5","m","cm",4.82
1004345981,"7183729",1004345974,1,"10",1.22,4.27,"5","m","cm",4.82
1004346076,"7183730",1004346069,1,"10",2.13,5.18,"5","m","cm",4.82
1004346090,"7183731",1004346083,1,"10",2.13,5.18,"5","m","cm",4.82
1004346104,"7183732",1004346097,1,"10",1.83,4.88,"5","m","cm",4.82
1004349939,"7183813",1004349934,1,"10",1.52,4.57,"5","m","cm",6.03
1004353769,"7183899",1004353758,1,"10",0.80,3.60,"5","m","cm",4.10
1004353782,"7183900",1004353774,1,"10",2.13,3.66,"5","m","cm",4.10
1004080452,"7183919",1004080444,,,,,,"m","cm",
1004354739,"7183925",1004354730,,,,,,"m","cm",
1004360048,"7184052",1004360035,,,,,,"ft","inch",
1004360424,"7184059",1004360409,,,,,,"ft","inch",
1004360488,"7184060",1004360475,,,,,,"ft","inch",
1004360529,"7184061",1004360519,,,,,,"ft","inch",
1004360770,"7184065",1004360759,,,,,,"ft","inch",
1004360836,"7184066",1004360821,,,,,,"ft","inch",
1004360897,"7184067",1004360886,,,,,,"ft","inch",
1004360941,"7184068",1004360928,,,,,,"ft","inch",
1004360999,"7184069",1004360986,,,,,,"ft","inch",
1004361089,"7184070",1004361074,,,,,,"ft","inch",
1004361168,"7184071",1004361157,,,,,,"ft","inch",
1004361511,"7184075",1004361498,,,,,,"ft","inch",
1004361552,"7184076",1004361541,,,,,,"ft","inch",
1004361597,"7184077",1004361583,,,,,,"ft","inch",
1004361640,"7184078",1004361627,,,,,,"ft","inch",
1004361687,"7184079",1004361682,,,,,,"ft","inch",
1004361731,"7184080",1004361726,,,,,,"ft","inch",
1004361791,"7184081",1004361786,1,,,,,"ft","inch",
1004361830,"7184082",1004361825,,,,,,"ft","inch",
1004361886,"7184083",1004361881,,,,,,"ft","inch",
1004361895,"7184084",1004361890,,,,,,"ft","inch",
1004361904,"7184085",1004361899,,,,,,"ft","inch",
1004361913,"7184086",1004361908,,,,,,"ft","inch",
1004361935,"7184087",1004361930,,,,,,"ft","inch",
1004361953,"7184088",1004361948,,,,,,"ft","inch",
1004361970,"7184089",1004361957,,,,,,"ft","inch",
1004365278,"7184149",1004365269,,,,,,"ft","inch",
1004368049,"7184219",1004368044,,,,,,"ft","inch",
1004369876,"7184263",1004369869,,,,,,"ft","inch",
1004373733,"7184355",1004373723,,,,,,"m","cm",
1004374518,"7184376",1004374513,1,"10",1.40,4.40,"5","m","cm",4.10
1004382830,"7184611",1004382822,1,"40",1.61,3.10,"5","m","cm",4.10
1004386932,"7184700",1004386926,,,,,,"m","cm",
1004386942,"7184701",1004386936,,,,,,"m","cm",
1004386952,"7184702",1004386946,,,,,,"m","cm",
1004386962,"7184703",1004386956,,,,,,"m","cm",
1004386972,"7184704",1004386966,,,,,,"m","cm",
1004299600,"7184749",1004299594,,,,,,"m","cm",
1004346659,"7184811",1004346650,,,,,,"m","cm",
1004346920,"7184815",1004346910,,,,,,"m","cm",
1004353875,"7184820",1004353866,,,,,,"m","cm",
1004353910,"7184821",1004353905,,,,,,"m","cm",
1004361126,"7184828",1004361120,1,".01",2.30,3.80,"5","m","cm",6.30
1004369432,"7184911",1004369427,1,"10",,,"5","m","cm",6.23
1004369471,"7184912",1004369464,1,"10",1.50,4.57,"5","m","cm",4.82
1004369584,"7184913",1004369576,1,"10",3.10,6.10,"5","m","cm",6.03
1004369598,"7184914",1004369590,1,"10",3.10,6.10,"5","m","cm",6.03
1004369614,"7184915",1004369605,1,"0",3.10,6.10,"5","m","cm",6.03
1004369702,"7184917",1004369692,1,"10",5.64,7.16,"5","m","cm",4.82
1004369760,"7184918",1004369753,1,"10",5.64,8.08,"5","m","cm",4.82
1004369774,"7184919",1004369767,1,"10",5.79,7.32,"5","m","cm",4.82
1004369865,"7184920",1004369860,1,"10",,,"5","m","cm",6.03
1004369893,"7184921",1004369886,1,"10",1.50,4.57,"5","m","cm",4.82
1004370029,"7184923",1004370024,1,"10",,,"5","m","cm",6.03
1004370038,"7184924",1004370033,1,"10",,,"5","m","cm",6.03
1004370056,"7184925",1004370048,1,"10",4.27,7.32,"5","m","cm",4.82
1004370090,"7184926",1004370082,1,"10",3.10,6.10,"5","m","cm",4.82
1004370119,"7184927",1004370110,1,"10",4.27,7.32,"5","m","cm",4.82
1004370149,"7184928",1004370143,1,"10",4.88,7.93,"5","m","cm",4.82
1004370163,"7184929",1004370155,1,"10",4.27,7.32,"5","m","cm",4.82
1004389806,"7184950",1004389801,1,"10",1.52,4.57,"5","m","cm",4.82
1004389825,"7184951",1004389820,1,"10",3.10,6.10,"5","m","cm",4.82
1004389906,"7184952",1004389901,1,"10",1.52,4.57,"5","m","cm",4.82
1004389917,"7184953",1004389912,1,"10",1.52,4.57,"5","m","cm",4.82
1004389926,"7184954",1004389921,1,"10",1.52,4.57,"5","m","cm",4.82
1004389937,"7184955",1004389932,1,"10",3.10,6.10,"5","m","cm",4.82
1004389966,"7184956",1004389961,1,"10",1.52,4.57,"5","m","cm",4.82
1004389977,"7184957",1004389972,1,"10",3.10,6.10,"5","m","cm",4.82
1004389988,"7184958",1004389983,1,"10",1.52,4.57,"5","m","cm",4.82
1004390013,"7184959",1004390005,1,"10",2.44,5.48,"5","m","cm",4.82
1004390042,"7184960",1004390034,1,"10",2.44,5.48,"5","m","cm",4.82
1004390769,"7184986",1004390762,1,"10",3.10,6.10,"5","m","cm",4.40
1004390783,"7184987",1004390776,1,"10",3.10,6.10,"5","m","cm",4.40
1004390805,"7184988",1004390798,1,"10",3.10,6.10,"5","ft","inch",4.40
1004390860,"7184989",1004390853,1,"10",3.10,6.10,"5","m","cm",4.40
1004391152,"7184995",1004391144,1,"10",2.44,5.48,"5","m","cm",4.82
1004391167,"7184996",1004391159,1,"10",3.10,6.10,"5","m","cm",4.82
1004391182,"7184997",1004391174,1,"10",3.10,6.10,"5","m","cm",4.82
1004391237,"7184998",1004391229,1,"10",3.10,6.10,"5","m","cm",4.82
1004391252,"7184999",1004391244,1,"10",3.35,6.40,"5","m","cm",6.03
1004391267,"7185000",1004391259,1,"1.0",3.35,6.40,"5","m","cm",4.82
1004391282,"7185001",1004391274,1,"10",2.74,5.79,"5","m","cm",4.82
1004391339,"7185002",1004391330,1,"1.0",3.35,6.40,"5","m","cm",4.82
1004391404,"7185003",1004391396,1,"10",2.74,5.79,"5","m","cm",4.82
1004394425,"7185020",1004394420,1,"10",,,"5","m","cm",6.20
1004394434,"7185021",1004394429,1,"10",,,"5","m","cm",6.03
1004394443,"7185022",1004394438,1,"10",,,"5","m","cm",6.03
1004394452,"7185023",1004394447,1,"10",,,"5","m","cm",6.03
1004394461,"7185024",1004394456,1,"10",,,"5","m","cm",6.03
1004394470,"7185025",1004394465,1,"10",,,"5","m","cm",6.03
1004394521,"7185026",1004394516,1,"10",,,"5","m","cm",6.03
1004394530,"7185027",1004394525,1,"10",,,"5","m","cm",6.03
1004394539,"7185028",1004394534,1,"10",,,"5","m","cm",6.03
1004394548,"7185029",1004394543,1,"10",,,"5","m","cm",6.03
1004394557,"7185030",1004394552,1,"10",,,"5","m","cm",4.21
1004394566,"7185031",1004394561,1,"10",,,"5","m","cm",6.03
1004394706,"7185032",1004394701,1,"10",,,"5","m","cm",4.82
1004394715,"7185033",1004394710,1,"10",,,"5","m","cm",6.03
1004394724,"7185034",1004394719,1,"10",,,"5","m","cm",6.03
1004395485,"7185107",1004395480,,,,,,"m","cm",
1004399487,"7185236",1004399479,1,"10",2.44,5.49,"5","m","cm",4.02
1004399543,"7185237",1004399535,1,"10",0.91,2.44,"5","m","cm",4.02
1004399557,"7185238",1004399550,1,"10",2.13,5.18,"5","m","cm",4.03
1004399571,"7185239",1004399564,1,"10",1.83,4.88,"5","m","cm",4.03
1004399936,"7185260",1004399931,1,"10",,,"5","m","cm",4.03
1004399947,"7185261",1004399940,1,"10",1.83,4.27,"5","m","cm",4.21
1004399961,"7185262",1004399954,1,"10",1.83,4.27,"5","m","cm",4.21
1004406347,"7185416",1004406336,,,,,,"m","cm",
1004406987,"7185444",1004406979,,,,,,"ft","inch",
1004409145,"7185485",1004409133,,,,,,"m","cm",
1004409186,"7185486",1004409176,,,,,,"m","cm",
1004409263,"7185487",1004409256,,,,,,"m","cm",
1004409396,"7185489",1004409387,,,,,,"m","cm",
1004409476,"7185490",1004409469,1,"8",7.93,9.15,"1","m","cm",13.97
1004409648,"7185492",1004409641,1,,,,,"m","cm",
1004409839,"7185494",1004409828,,,,,,"m","cm",
1004409980,"7185496",1004409970,,,,,,"m","cm",
1004410016,"7185497",1004410011,1,".13",27.14,29.28,"1","m","cm",32.00
1004410033,"7185498",1004410023,,,,,,"m","cm",
1004410120,"7185499",1004410109,,,,,,"m","cm",
1004410163,"7185500",1004410153,,,,,,"m","cm",
1004426223,"7185734",1004426213,,,,,,"ft","inch",
1004426348,"7185736",1004426335,,,,,,"ft","inch",
1004426434,"7185737",1004426420,,,,,,"ft","inch",
1004426476,"7185738",1004426465,,,,,,"ft","inch",
1004431221,"7185841",1004431212,1,"10",9.59,11.01,"5","m","cm",5.80
1004431234,"7185842",1004431225,1,"10",4.57,6.10,"5","m","cm",5.80
1004431253,"7185845",1004431248,,,,,,"ft","inch",
1004431308,"7185846",1004431302,,,,,,"ft","inch",
1004431351,"7185848",1004431346,,,,,,"ft","inch",
1004431360,"7185849",1004431355,,,,,,"ft","inch",
1004431393,"7185850",1004431388,,,,,,"ft","inch",
1004431401,"7185851",1004431396,,,,,,"ft","inch",
1004432135,"7185854",1004432122,,,,,,"ft","inch",
1004432463,"7185857",1004432450,,,,,,"ft","inch",
1004432657,"7185859",1004432646,,,,,,"ft","inch",
1004432780,"7185860",1004432765,,,,,,"ft","inch",
1004432862,"7185861",1004432849,,,,,,"ft","inch",
1004432991,"7185863",1004432977,,,,,,"ft","inch",
1004433117,"7185865",1004433103,,,,,,"ft","inch",
1004433313,"7185867",1004433306,,,,,,"ft","inch",
1004433354,"7185868",1004433342,,,,,,"ft","inch",
1004433564,"7185870",1004433549,,,,,,"ft","inch",
1004433690,"7185872",1004433679,,,,,,"ft","inch",
1004433771,"7185873",1004433761,,,,,,"ft","inch",
1004433897,"7185875",1004433885,,,,,,"ft","inch",
1004434040,"7185877",1004434024,,,,,,"ft","inch",
1004434080,"7185878",1004434071,,,,,,"ft","inch",
1004434180,"7185880",1004434166,,,,,,"ft","inch",
1004441724,"7186182",1004441716,1,"10",6.29,9.24,"5","m","cm",5.80
1004441736,"7186183",1004441728,1,"10",6.20,7.22,"5","m","cm",5.80
1004387379,"7186211",1004387371,1,"10",1.50,4.57,"5","m","cm",4.21
1004387394,"7186212",1004387386,1,"10",1.50,4.57,"5","m","cm",4.21
1004387408,"7186213",1004387401,1,"10",0.91,3.96,"5","m","cm",4.21
1004387423,"7186214",1004387415,1,"10",1.50,4.57,"5","m","cm",4.21
1004387438,"7186215",1004387430,1,"10",5.49,6.10,"5","m","cm",4.21
1004387500,"7186220",1004387493,1,"10",0.91,3.96,"5","m","cm",6.03
1004387514,"7186221",1004387507,1,"10",1.50,4.57,"5","m","cm",6.03
1004387528,"7186222",1004387521,1,"10",0.91,3.94,"5","m","cm",6.03
1004388198,"7186272",1004388191,1,"10",1.50,4.57,"5","m","cm",4.21
1004388212,"7186273",1004388205,1,"10",1.83,4.88,"5","m","cm",4.88
1004388226,"7186274",1004388219,1,"10",3.10,6.10,"5","m","cm",4.21
1004388239,"7186275",1004388231,1,"10",4.57,7.62,"5","m","cm",4.21
1004388254,"7186276",1004388246,1,"10",3.10,6.10,"5","m","cm",4.21
1004388269,"7186277",1004388261,1,"10",1.83,4.88,"5","m","cm",4.21
1004388324,"7186281",1004388315,1,"10",1.50,4.57,"5","m","cm",6.03
1004388340,"7186282",1004388331,1,"10",1.50,4.57,"5","m","cm",6.03
1004388354,"7186283",1004388347,1,"10",1.50,4.57,"5","m","cm",6.03
1004388367,"7186284",1004388361,1,"10",1.50,4.57,"5","m","cm",6.03
1004388381,"7186285",1004388374,1,"10",1.50,4.57,"5","m","cm",6.03
1004416462,"7186373",1004416455,1,"10",5.18,8.23,"5","m","cm",6.03
1004416476,"7186374",1004416469,1,"10",3.96,5.18,"5","m","cm",6.03
1004416490,"7186375",1004416483,1,"10",3.35,4.88,"5","m","cm",6.03
1004416939,"7186393",1004416932,1,"10",2.44,5.49,"5","m","cm",4.21
1004416952,"7186394",1004416945,1,"10",2.74,5.79,"5","m","cm",4.21
1004416969,"7186395",1004416959,1,"10",2.74,5.79,"5","m","cm",4.21
1004417270,"7186411",1004417263,1,"10",4.57,9.14,"5","m","cm",6.03
1004417324,"7186412",1004417318,1,"10",1.83,3.35,"5","m","cm",4.21
1004417339,"7186413",1004417331,1,"10",1.50,4.57,"5","m","cm",4.21
1004417354,"7186414",1004417346,1,"10",1.50,4.57,"5","m","cm",4.21
1004417611,"7186424",1004417603,1,"10",3.10,6.10,"5","m","cm",6.03
1004417627,"7186425",1004417618,1,"10",3.10,6.10,"5","m","cm",6.03
1004417642,"7186426",1004417634,1,"10",3.10,6.10,"5","m","cm",6.03
1004418159,"7186446",1004418152,1,"10",2.44,5.49,"5","m","cm",4.21
1004418186,"7186448",1004418179,1,"10",1.50,3.10,"5","m","cm",4.21
1004419316,"7186496",1004419310,1,"10",1.50,4.57,"5","m","cm",4.21
1004419390,"7186501",1004419380,1,"10",7.01,8.53,"5","m","cm",4.21
1004419444,"7186503",1004419437,1,"10",0.91,1.83,"5","m","cm",4.03
1004419458,"7186504",1004419451,1,"10",0.91,1.83,"5","m","cm",4.21
1004419472,"7186505",1004419465,1,"10",0.91,1.83,"5","m","cm",4.21
1004419579,"7186509",1004419573,1,"10",1.50,4.57,"5","m","cm",4.82
1004419592,"7186510",1004419586,1,"10",1.22,4.27,"5","m","cm",4.82
1004419605,"7186511",1004419599,1,"10",1.50,4.57,"5","m","cm",4.82
1004419619,"7186512",1004419612,1,"10",2.13,5.18,"5","m","cm",4.82
1004424634,"7186651",1004424625,,,,,,"m","cm",
1004424779,"7186654",1004424769,,,,,,"m","cm",
1004424824,"7186655",1004424812,,,,,,"m","cm",
1004424873,"7186656",1004424861,,,,,,"m","cm",
1004425004,"7186658",1004424994,,,,,,"m","cm",
1004425055,"7186659",1004425045,,,,,,"m","cm",
1004425105,"7186660",1004425094,,,,,,"m","cm",
1004442862,"7186674",1004442853,,,,,,"ft","inch",
1004444376,"7186722",1004444371,,,,,,"m","cm",
1004447270,"7186771",1004447261,,,,,,"m","cm",
1004447348,"7186773",1004447339,,,,,,"m","cm",
1004453821,"7186867",1004453813,,,,,,"ft","inch",
1004455130,"7186897",1004455116,,,,,,"ft","inch",
1004455184,"7186898",1004455173,,,,,,"ft","inch",
1004455719,"7186916",1004455713,1,".1",21.00,26.00,"5","ft","inch",6.75
1004456386,"7186942",1004456377,,,,,,"m","cm",
1004458116,"7186972",1004458105,,,,,,"ft","inch",
1004458324,"7186975",1004458313,,,,,,"ft","inch",
1004458407,"7186976",1004458397,,,,,,"ft","inch",
1004462871,"7187111",1004462865,,,,,,"m","cm",
1004462881,"7187112",1004462875,,,,,,"m","cm",
1004462890,"7187113",1004462885,,,,,,"m","cm",
1004462899,"7187114",1004462893,,,,,,"m","cm",
1004650904,"7187371",1004650895,1,"10",18.29,19.82,"5","m","cm",4.50
1004650905,"7187371",1004650895,2,"10",3.81,5.30,,"m","cm",
1004408197,"7187394",1004408186,,,,,,"m","cm",
1004408231,"7187395",1004408219,,,,,,"m","cm",
1004408394,"7187400",1004408386,,,,,,"m","cm",
1004408902,"7187403",1004408891,,,,,,"m","cm",
1004409106,"7187404",1004409096,,,,,,"m","cm",
1004409228,"7187405",1004409219,,,,,,"m","cm",
1004409364,"7187406",1004409352,,,,,,"m","cm",
1004409439,"7187407",1004409431,,,,,,"m","cm",
1004409518,"7187408",1004409507,,,,,,"m","cm",
1004409597,"7187409",1004409587,,,,,,"m","cm",
1004409688,"7187410",1004409678,,,,,,"m","cm",
1004409726,"7187411",1004409716,,,,,,"m","cm",
1004409805,"7187412",1004409794,,,,,,"m","cm",
1004410210,"7187415",1004410202,,,,,,"m","cm",
1004410420,"7187418",1004410415,,,,,,"m","cm",
1004410476,"7187419",1004410471,,,,,,"m","cm",
1004410527,"7187420",1004410518,,,,,,"m","cm",
1004410695,"7187422",1004410685,,,,,,"m","cm",
1004410724,"7187423",1004410718,,,,,,"m","cm",
1004410751,"7187424",1004410741,,,,,,"m","cm",
1004410782,"7187425",1004410777,,,,,,"m","cm",
1004410926,"7187429",1004410917,,,,,,"m","cm",
1004410977,"7187431",1004410972,,,,,,"m","cm",
1004410985,"7187432",1004410980,,,,,,"m","cm",
1004410994,"7187433",1004410989,,,,,,"m","cm",
1004411548,"7187434",1004411543,,,,,,"m","cm",
1004411644,"7187436",1004411639,,,,,,"m","cm",
1004411830,"7187439",1004411821,,,,,,"m","cm",
1004411908,"7187440",1004411898,,,,,,"m","cm",
1004412019,"7187441",1004412007,,,,,,"m","cm",
1004412211,"7187443",1004412200,,,,,,"m","cm",
1004412311,"7187445",1004412301,,,,,,"m","cm",
1004412342,"7187446",1004412332,,,,,,"m","cm",
1004412660,"7187449",1004412650,,,,,,"m","cm",
1004412834,"7187451",1004412825,,,,,,"m","cm",
1004413009,"7187452",1004412998,,,,,,"m","cm",
1004413171,"7187453",1004413161,,,,,,"m","cm",
1004413271,"7187454",1004413264,,,,,,"m","cm",
1004413386,"7187455",1004413375,1,,,,,"m","cm",
1004413415,"7187456",1004413410,,,,,,"m","cm",
1004413922,"7187457",1004413910,,,,,,"m","cm",
1004413949,"7187458",1004413940,,,,,,"m","cm",
1004413983,"7187459",1004413973,,,,,,"m","cm",
1004414017,"7187460",1004414007,,,,,,"m","cm",
1004414048,"7187461",1004414038,,,,,,"m","cm",
1004414141,"7187464",1004414130,,,,,,"m","cm",
1004414176,"7187465",1004414166,,,,,,"m","cm",
1004414237,"7187467",1004414229,,,,,,"m","cm",
1004414263,"7187468",1004414252,,,,,,"m","cm",
1004414300,"7187469",1004414289,,,,,,"m","cm",
1004414334,"7187470",1004414323,,,,,,"m","cm",
1004417812,"7187530",1004417807,,,,,,"m","cm",
1004417823,"7187531",1004417815,,,,,,"m","cm",
1004417862,"7187532",1004417853,,,,,,"m","cm",
1004417904,"7187533",1004417892,,,,,,"m","cm",
1004417939,"7187534",1004417928,,,,,,"m","cm",
1004417967,"7187535",1004417959,,,,,,"m","cm",
1004417982,"7187536",1004417977,,,,,,"m","cm",
1004419827,"7187571",1004419818,,,,,,"ft","inch",
1004425582,"7187661",1004425574,,,,,,"ft","inch",
1004427136,"7187676",1004427123,,,,,,"ft","inch",
1004427225,"7187677",1004427210,,,,,,"ft","inch",
1004427322,"7187678",1004427307,,,,,,"ft","inch",
1004427366,"7187679",1004427352,,,,,,"ft","inch",
1004427459,"7187680",1004427445,,,,,,"ft","inch",
1004427531,"7187681",1004427520,,,,,,"ft","inch",
1004427661,"7187682",1004427648,,,,,,"ft","inch",
1004427938,"7187684",1004427928,,,,,,"ft","inch",
1004428787,"7187688",1004428775,,,,,,"ft","inch",
1004429033,"7187689",1004429023,,,,,,"ft","inch",
1004429239,"7187690",1004429226,,,,,,"ft","inch",
1004429494,"7187692",1004429484,,,,,,"ft","inch",
1004429616,"7187693",1004429606,,,,,,"ft","inch",
1004429683,"7187694",1004429670,,,,,,"ft","inch",
1004430619,"7187699",1004430608,,,,,,"ft","inch",
1004431186,"7187700",1004431173,,,,,,"ft","inch",
1004431271,"7187701",1004431256,,,,,,"ft","inch",
1004431420,"7187702",1004431405,,,,,,"ft","inch",
1004431478,"7187703",1004431466,,,,,,"ft","inch",
1004431517,"7187704",1004431509,,,,,,"ft","inch",
1004431596,"7187705",1004431588,,,,,,"ft","inch",
1004433276,"7187710",1004433266,,,,,,"ft","inch",
1004433983,"7187717",1004433971,,,,,,"ft","inch",
1004434019,"7187718",1004434014,,,,,,"ft","inch",
1004434116,"7187719",1004434111,,,,,,"ft","inch",
1004434246,"7187720",1004434231,,,,,,"ft","inch",
1004434621,"7187732",1004434616,,,,,,"ft","inch",
1004434640,"7187734",1004434635,,,,,,"ft","inch",
1004435431,"7187748",1004435422,1,"10",3.66,6.71,"5","m","cm",4.21
1004435501,"7187749",1004435492,1,"10",3.35,6.40,"5","m","cm",4.21
1004435526,"7187750",1004435517,1,"10",3.66,6.71,"5","m","cm",4.21
1004435589,"7187751",1004435581,1,"10",1.22,3.96,"5","m","cm",6.30
1004435635,"7187752",1004435628,1,"10",0.91,3.66,"5","m","cm",6.03
1004436831,"7187773",1004436824,1,"10",6.10,9.14,"5","m","cm",4.82
1004436863,"7187774",1004436856,1,"10",15.20,16.70,"5","m","cm",4.82
1004436883,"7187775",1004436876,1,"10",8.84,10.38,"5","m","cm",4.82
1004436918,"7187776",1004436911,1,"10",13.71,15.21,"5","m","cm",4.82
1004436985,"7187777",1004436978,1,"10",4.57,7.62,"5","m","cm",4.82
1004437033,"7187778",1004437026,1,"10",6.71,9.75,"5","m","cm",1.82
1004437087,"7187779",1004437080,1,"10",7.62,10.67,"5","m","cm",4.02
1004437150,"7187780",1004437142,1,"10",10.67,13.70,"5","m","cm",4.82
1004437206,"7187781",1004437196,1,"10",9.14,12.10,"5","m","cm",4.82
1004441857,"7187883",1004441850,1,"10",1.83,4.88,"5","m","cm",4.21
1004441871,"7187884",1004441864,1,"10",2.44,5.49,"5","m","cm",4.21
1004442807,"7187919",1004442800,1,"10",2.44,5.49,"5","m","cm",4.82
1004442900,"7187920",1004442893,1,"10",9.14,12.20,"5","m","cm",4.82
1004443509,"7187931",1004443502,1,"10",0.61,3.66,"5","m","cm",4.21
1004443549,"7187932",1004443542,1,"10",0.61,3.66,"5","m","cm",4.21
1004447241,"7187972",1004447236,1,"10",1.50,3.10,"5","m","cm",4.82
1004447842,"7187998",1004447833,1,"10",4.57,9.14,"5","m","cm",4.03
1004447858,"7187999",1004447849,1,"10",4.57,9.14,"5","m","cm",4.03
1004447871,"7188000",1004447866,1,"10",1.50,4.57,"5","m","cm",6.03
1004447895,"7188001",1004447890,1,"10",0.91,2.13,"5","m","cm",4.21
1004447908,"7188002",1004447901,1,"10",2.13,3.66,"5","m","cm",6.03
1004448485,"7188016",1004448480,1,"10",2.60,4.10,"5","m","cm",4.03
1004448703,"7188017",1004448696,1,"10",3.35,4.88,"5","m","cm",4.03
1004449518,"7188050",1004449512,1,"10",3.66,6.71,"5","m","cm",4.82
1004449532,"7188051",1004449523,1,"10",10.06,13.10,"5","m","cm",4.82
1004449733,"7188067",1004449724,,,,,,"ft","inch",
1004449771,"7188068",1004449763,1,"18",22.00,26.00,"1","ft","inch",5.50
1004449798,"7188069",1004449790,,,,,,"ft","inch",
1004450460,"7188078",1004450445,,,,,,"ft","inch",
1004451323,"7188081",1004451318,,,,,,"ft","inch",
1004451701,"7188086",1004451692,,,,,,"ft","inch",
1004451865,"7188087",1004451857,1,"12",41.00,45.00,"1","ft","inch",5.50
1004451901,"7188088",1004451895,,,,,,"ft","inch",
1004452050,"7188089",1004452045,,,,,,"ft","inch",
1004452083,"7188090",1004452077,,,,,,"ft","inch",
1004452122,"7188091",1004452113,1,"8",36.00,44.00,"5","ft","inch",5.50
1004452151,"7188092",1004452142,1,"16",24.00,28.00,"1","ft","inch",5.50
1004452189,"7188093",1004452181,,,,,,"ft","inch",
1004470330,"7188418",1004470325,1,"10",0.65,3.34,"5","m","cm",6.00
1004471838,"7189133",1004471830,,,,,,"ft","inch",
1004472816,"7189148",1004472808,,,,,,"ft","inch",
1004474860,"7189205",1004474855,1,,,,,"m","cm",
1004474895,"7189206",1004474890,,,,,,"ft","inch",
1004474906,"7189207",1004474901,,,,,,"ft","inch",
1004476276,"7189269",1004476265,,,,,,"ft","inch",
1004476358,"7189271",1004476348,,,,,,"ft","inch",
1004478163,"7189332",1004478158,,,,,,"ft","inch",
1004452856,"7189354",1004452851,,,,,,"ft","inch",
1004485770,"7189539",1004485761,,,,,,"m","cm",
1004485805,"7189540",1004485800,,,,,,"m","cm",
1004498969,"7189652",1004498962,1,,,,,"ft","inch",
1004499918,"7189677",1004499913,1,,,,,"ft","inch",
1004500381,"7189747",1004500376,1,,,,,"ft","inch",
1004504569,"7189856",1004504556,,,,,,"ft","inch",
1004504609,"7189857",1004504601,1,"10",24.00,28.00,"1","ft","inch",5.50
1004504637,"7189858",1004504629,,,,,,"ft","inch",
1004504871,"7189868",1004504864,1,"10",1.50,4.57,"5","m","cm",4.82
1004504885,"7189869",1004504878,1,"10",1.22,3.35,"5","m","cm",4.82
1004504899,"7189870",1004504892,1,"10",1.50,4.57,"5","m","cm",4.82
1004504912,"7189871",1004504906,1,"10",1.50,4.57,"5","m","cm",4.82
1004506245,"7189926",1004506237,1,"10",3.10,6.10,"5","m","cm",3.34
1004506259,"7189927",1004506252,1,"10",3.10,4.88,"5","m","cm",3.34
1004506448,"7189934",1004506443,1,"10",3.96,7.01,"5","m","cm",6.03
1004506461,"7189935",1004506456,1,"10",4.11,7.16,"5","m","cm",4.82
1004506474,"7189936",1004506469,1,"10",4.57,7.62,"5","m","cm",4.82
1004506541,"7189938",1004506535,1,"10",5.49,8.53,"5","m","cm",4.82
1004506555,"7189939",1004506548,1,"10",4.88,7.93,"5","m","cm",4.82
1004507355,"7189974",1004507347,1,"10",1.50,4.57,"5","m","cm",4.21
1004508090,"7190015",1004508083,1,"10",3.10,6.10,"5","m","cm",6.03
1004511753,"7190089",1004511743,,,,,,"m","cm",
1004511812,"7190090",1004511804,,,,,,"m","cm",
1004511857,"7190091",1004511848,,,,,,"m","cm",
1004512890,"7190104",1004512883,1,"16",57.00,61.00,"1","ft","inch",5.00
1004513117,"7190105",1004513105,,,,,,"ft","inch",
1004516952,"7190151",1004516938,,,,,,"ft","inch",
1004517217,"7190153",1004517203,,,,,,"ft","inch",
1004517262,"7190154",1004517248,,,,,,"ft","inch",
1004517393,"7190155",1004517383,,,,,,"ft","inch",
1004517962,"7190156",1004517950,,,,,,"ft","inch",
1004518008,"7190157",1004517993,,,,,,"ft","inch",
1004518052,"7190158",1004518038,,,,,,"ft","inch",
1004518096,"7190159",1004518083,,,,,,"ft","inch",
1004518173,"7190161",1004518168,,,,,,"ft","inch",
1004518187,"7190162",1004518177,,,,,,"ft","inch",
1004518317,"7190165",1004518304,,,,,,"ft","inch",
1004518401,"7190167",1004518392,,,,,,"ft","inch",
1004518447,"7190168",1004518431,,,,,,"ft","inch",
1004518492,"7190169",1004518478,,,,,,"ft","inch",
1004518584,"7190172",1004518574,,,,,,"ft","inch",
1004518629,"7190173",1004518615,,,,,,"ft","inch",
1004518706,"7190175",1004518701,,,,,,"ft","inch",
1004518720,"7190176",1004518710,,,,,,"ft","inch",
1004518805,"7190178",1004518795,,,,,,"ft","inch",
1004518840,"7190179",1004518835,1,,,,,"ft","inch",
1004518857,"7190180",1004518844,,,,,,"ft","inch",
1004518893,"7190181",1004518888,1,,,,,"ft","inch",
1004518902,"7190182",1004518897,,,,,,"ft","inch",
1004518958,"7190184",1004518948,,,,,,"ft","inch",
1004519080,"7190187",1004519075,,,,,,"ft","inch",
1004519688,"7190224",1004519674,,,,,,"m","cm",
1004519771,"7190226",1004519760,,,,,,"m","cm",
1004519854,"7190228",1004519841,,,,,,"m","cm",
1004519935,"7190229",1004519927,1,"8",8.24,9.45,"1","m","cm",13.97
1004520060,"7190230",1004520050,,,,,,"m","cm",
1004520152,"7190232",1004520140,1,"20",17.84,19.06,"1","m","cm",13.97
1004520287,"7190234",1004520277,,,,,,"m","cm",
1004520328,"7190235",1004520319,,,,,,"m","cm",
1004520751,"7190255",1004520744,1,"12",38.00,42.00,"1","ft","inch",5.50
1004520779,"7190256",1004520772,1,"12",38.00,42.00,"1","ft","inch",5.50
1004520808,"7190257",1004520800,1,"6",42.00,46.00,"1","ft","inch",5.50
1004520840,"7190258",1004520833,1,"14",42.00,46.00,"1","ft","inch",5.50
1004523392,"7190363",1004523386,,,,,,"m","cm",
1004523402,"7190364",1004523396,,,,,,"m","cm",
1004523411,"7190365",1004523405,,,,,,"m","cm",
1004523421,"7190366",1004523415,,,,,,"m","cm",
1004523431,"7190367",1004523425,,,,,,"m","cm",
1004523441,"7190368",1004523435,,,,,,"m","cm",
1004523459,"7190369",1004523453,,,,,,"m","cm",
1004525017,"7190436",1004525012,1,".10",10.00,20.00,"5","ft","inch",2.25
1004525025,"7190437",1004525020,,,,,,"ft","inch",
1004525035,"7190438",1004525030,1,,,,,"ft","inch",
1004526126,"7190441",1004526121,,,,,,"ft","inch",
1004526136,"7190442",1004526131,,,,,,"ft","inch",
1004526150,"7190443",1004526144,1,".1",5.50,15.50,"5","ft","inch",2.25
1004526163,"7190444",1004526158,,,,,,"ft","inch",
1004526176,"7190445",1004526171,,,,,,"ft","inch",
1004526189,"7190446",1004526184,1,,,,,"ft","inch",
1004526202,"7190447",1004526197,,,,,,"ft","inch",
1004530024,"7190611",1004530009,,,,,,"ft","inch",
1004530308,"7190613",1004530296,,,,,,"ft","inch",
1004477766,"7190821",1004477757,,,,,,"m","cm",
1004477871,"7190822",1004477861,,,,,,"m","cm",
1004478096,"7190826",1004478086,,,,,,"m","cm",
1004482337,"7190855",1004482330,,,,,,"ft","inch",
1004485865,"7190920",1004485860,1,"10",4.52,6.10,"5","m","cm",6.03
1004485877,"7190921",1004485872,1,"10",4.57,6.10,"5","m","cm",6.03
1004485889,"7190922",1004485884,1,"10",3.10,6.10,"5","m","cm",6.03
1004485918,"7190923",1004485910,1,"10",6.10,10.67,"5","m","cm",4.82
1004485946,"7190924",1004485938,1,"10",6.10,10.67,"5","m","cm",4.82
1004485961,"7190925",1004485953,1,"10",6.10,10.07,"5","m","cm",4.82
1004485988,"7190926",1004485980,1,"10",6.10,10.67,"5","m","cm",4.82
1004486029,"7190927",1004486021,1,"10",6.10,10.67,"5","m","cm",4.82
1004486070,"7190928",1004486062,1,"10",6.10,10.67,"5","m","cm",4.82
1004486071,"7190928",1004486062,2,,,,,"m","cm",
1004486086,"7190929",1004486078,1,"10",6.10,10.67,"5","m","cm",4.82
1004486486,"7190946",1004486478,1,"10",6.10,10.67,"5","m","cm",4.82
1004486501,"7190947",1004486493,1,"10",6.10,10.67,"5","m","cm",4.82
1004486626,"7190962",1004486619,1,"10",3.10,6.10,"5","m","cm",4.82
1004486640,"7190963",1004486633,1,"10",3.10,6.10,"5","m","cm",4.82
1004486654,"7190964",1004486647,1,"10",3.10,6.10,"5","m","cm",4.82
1004486668,"7190965",1004486661,1,"10",3.10,6.10,"5","m","cm",4.82
1004486682,"7190966",1004486675,1,"10",3.10,6.10,"5","m","cm",4.21
1004486696,"7190967",1004486689,1,"10",3.10,6.10,"5","m","cm",4.21
1004486710,"7190968",1004486703,1,"10",3.10,6.10,"5","m","cm",4.21
1004486724,"7190969",1004486717,1,"10",3.10,6.10,"5","m","cm",4.21
1004486738,"7190970",1004486731,1,"10",3.10,6.10,"5","m","cm",4.21
1004486852,"7190979",1004486844,1,"10",7.62,9.14,"5","m","cm",4.82
1004488423,"7191035",1004488415,1,"10",6.10,9.14,"5","m","cm",6.03
1004488882,"7191042",1004488874,1,"10",5.79,8.84,"5","m","cm",6.03
1004489147,"7191049",1004489140,1,"10",3.10,6.10,"5","m","cm",4.82
1004489217,"7191050",1004489210,1,"10",2.74,5.79,"5","m","cm",4.82
1004489235,"7191051",1004489228,1,"10",3.10,6.10,"5","m","cm",4.82
1004489248,"7191052",1004489242,1,"10",3.10,6.10,"5","m","cm",4.82
1004489262,"7191053",1004489255,1,"10",3.10,6.10,"5","m","cm",4.82
1004489277,"7191054",1004489269,1,"10",3.10,6.10,"5","m","cm",4.21
1004489294,"7191055",1004489287,1,"10",3.10,6.10,"5","m","cm",4.21
1004489398,"7191060",1004489390,1,"10",6.10,9.14,"5","m","cm",6.03
1004489413,"7191061",1004489405,1,"10",7.01,10.06,"5","m","cm",6.03
1004489428,"7191062",1004489420,1,"10",7.01,10.06,"5","m","cm",6.03
1004490075,"7191091",1004490068,1,"10",3.35,4.88,"5","m","cm",4.82
1004490094,"7191092",1004490085,1,"10",7.62,9.14,"5","m","cm",6.03
1004490112,"7191093",1004490104,1,"10",7.47,8.99,"5","m","cm",4.82
1004490134,"7191094",1004490125,1,"10",7.32,8.84,"5","m","cm",6.03
1004490159,"7191095",1004490152,1,"10",6.10,7.62,"5","m","cm",6.03
1004490186,"7191096",1004490178,1,"10",7.32,8.84,"5","m","cm",6.03
1004495216,"7191212",1004495208,1,"10",3.05,6.10,"5","m","cm",5.80
1004495229,"7191213",1004495220,1,"10",2.90,,"5","m","cm",5.80
1004495240,"7191214",1004495232,1,"10",2.05,5.20,"5","m","cm",5.80
1004496268,"7191253",1004496259,,,,,,"m","cm",
1004503311,"7191363",1004503300,,,,,,"m","cm",
1004506064,"7191392",1004506054,,,,,,"ft","inch",
1004525554,"7191532",1004525547,1,"10",9.14,12.10,"5","m","cm",4.82
1004526668,"7191555",1004526662,1,"10",0.91,3.96,"5","m","cm",4.82
1004526830,"7191556",1004526822,1,"10",4.57,7.62,"5","m","cm",4.82
1004526866,"7191557",1004526860,1,"10",0.91,3.96,"5","m","cm",4.82
1004526934,"7191558",1004526927,1,"10",2.74,5.79,"5","m","cm",4.82
1004526990,"7191559",1004526983,1,"10",1.83,4.88,"5","m","cm",4.82
1004527044,"7191560",1004527037,1,"10",0.91,3.96,"5","m","cm",4.82
1004530617,"7191615",1004530604,,,,,,"ft","inch",
1004532901,"7191734",1004532890,,,,,,"m","cm",
1004532984,"7191736",1004532977,1,"8",14.03,15.25,"1","m","cm",13.97
1004533127,"7191738",1004533120,,,,,,"m","cm",
1004533206,"7191739",1004533194,,,,,,"m","cm",
1004533249,"7191740",1004533239,,,,,,"m","cm",
1004533302,"7191741",1004533291,,,,,,"m","cm",
1004535860,"7191906",1004535853,1,"10",2.25,5.18,"5","m","cm",6.00
1004535877,"7191908",1004535871,1,"10",0.77,3.80,"5","m","cm",4.10
1004537291,"7192006",1004537281,1,"10",2.90,4.50,"5","m","cm",5.80
1004539421,"7192096",1004539415,,,,,,"m","cm",
1004539431,"7192097",1004539425,,,,,,"m","cm",
1004539441,"7192098",1004539435,,,,,,"m","cm",
1004539451,"7192099",1004539445,,,,,,"m","cm",
1004539461,"7192100",1004539455,,,,,,"m","cm",
1004539471,"7192101",1004539465,,,,,,"m","cm",
1004539481,"7192102",1004539475,,,,,,"m","cm",
1004544201,"7192353",1004544192,1,"10",3.10,6.20,"5","m","cm",5.80
1004488692,"7192428",1004488683,,,,,,"ft","inch",
1004450703,"7192436",1004450698,,,,,,"ft","inch",
1004450726,"7192437",1004450713,,,,,,"ft","inch",
1004614655,"7192503",1004614649,,,,,,"ft","inch",
1004614667,"7192504",1004614658,,,,,,"ft","inch",
1004616180,"7192505",1004616171,,,,,,"ft","inch",
1004484456,"7192538",1004484444,,,,,,"ft","inch",
1004485058,"7192542",1004485044,,,,,,"ft","inch",
1004485187,"7192545",1004485172,,,,,,"ft","inch",
1004485232,"7192546",1004485218,,,,,,"ft","inch",
1004485319,"7192548",1004485307,,,,,,"ft","inch",
1004485432,"7192549",1004485420,,,,,,"ft","inch",
1004487570,"7192552",1004487560,,,,,,"ft","inch",
1004487615,"7192553",1004487600,,,,,,"ft","inch",
1004487820,"7192556",1004487808,,,,,,"ft","inch",
1004488091,"7192560",1004488079,,,,,,"ft","inch",
1004488440,"7192565",1004488430,,,,,,"ft","inch",
1004488632,"7192568",1004488627,,,,,,"ft","inch",
1004488642,"7192569",1004488637,,,,,,"ft","inch",
1004488652,"7192570",1004488647,,,,,,"ft","inch",
1004544590,"7192663",1004544585,1,"10",,3.68,"5","m","cm",4.21
1004511572,"7192664",1004511566,1,"10",,3.10,"5","m","cm",4.21
1004524782,"7192665",1004524776,1,"10",,3.10,"5","m","cm",4.21
1004524876,"7192666",1004524870,1,"10",,4.27,"5","m","cm",4.21
1004524897,"7192667",1004524891,1,"10",,3.68,"5","m","cm",4.21
1004524918,"7192668",1004524912,1,"10",,4.57,"5","m","cm",6.03
1004524926,"7192669",1004524920,1,"10",,4.27,"5","m","cm",6.03
1004561418,"7192670",1004561412,1,"10",,4.27,"5","m","cm",6.03
1004561426,"7192671",1004561420,1,"10",,4.57,"5","m","cm",6.03
1004700010,"7192718",1004700003,1,"10",3.10,6.10,"5","m","cm",6.03
1004700024,"7192719",1004700017,1,"10",3.10,6.10,"5","m","cm",6.03
1004700038,"7192720",1004700031,1,"10",2.74,5.79,"5","m","cm",4.82
1004700061,"7192721",1004700054,1,"10",2.59,5.64,"5","m","cm",4.82
1004700081,"7192722",1004700074,1,"10",2.74,5.79,"5","m","cm",4.82
1004700098,"7192723",1004700091,1,"10",2.74,5.79,"5","m","cm",4.82
1004700112,"7192724",1004700105,1,"10",2.74,5.79,"5","m","cm",4.82
1004674754,"7192725",1004674747,1,"10",2.74,5.79,"5","m","cm",4.82
1004674767,"7192726",1004674760,1,"10",2.74,5.79,"5","m","cm",4.82
1004676493,"7192749",1004676485,1,"10",2.38,3.91,"5","m","cm",6.03
1004676514,"7192750",1004676506,1,"10",2.33,3.86,"5","m","cm",6.03
1004676532,"7192751",1004676524,1,"10",2.44,3.96,"5","m","cm",6.03
1004676547,"7192752",1004676539,1,"10",2.59,4.11,"5","m","cm",6.03
1004676561,"7192753",1004676554,1,"10",2.59,4.11,"5","m","cm",6.03
1004676574,"7192754",1004676568,1,"10",1.50,3.10,"5","m","cm",6.03
1004676589,"7192755",1004676581,1,"10",2.28,3.81,"5","m","cm",6.03
1004676604,"7192756",1004676596,1,"10",2.59,4.11,"5","m","cm",6.03
1004677526,"7192771",1004677521,1,"10",,,"5","m","cm",4.82
1004677544,"7192772",1004677539,1,"10",,,"5","m","cm",4.82
1004677553,"7192773",1004677548,1,"10",,,"5","m","cm",4.82
1004532857,"7192813",1004532850,1,"10",2.44,5.48,"5","m","cm",4.82
1004544600,"7192814",1004544594,1,"10",3.10,6.10,"5","m","cm",4.82
1004544614,"7192815",1004544607,1,"10",3.10,6.10,"5","m","cm",4.82
1004544628,"7192816",1004544621,1,"10",3.10,6.10,"5","m","cm",4.82
1004544643,"7192817",1004544635,1,"10",5.48,8.25,"5","m","cm",4.82
1004544656,"7192818",1004544650,1,"10",3.10,6.10,"5","m","cm",4.82
1004544669,"7192819",1004544663,1,"10",3.10,6.10,"5","m","cm",4.82
1004544681,"7192820",1004544676,1,"10",1.22,2.74,"5","m","cm",4.21
1004544690,"7192821",1004544685,1,"10",1.22,2.74,"5","m","cm",4.21
1004544739,"7192834",1004544731,1,"10",3.10,6.10,"5","m","cm",4.82
1004544754,"7192835",1004544746,1,"10",3.10,6.10,"5","m","cm",4.82
1004544771,"7192836",1004544761,1,"10",4.57,6.10,"5","m","cm",4.21
1004544785,"7192837",1004544778,1,"10",4.57,7.62,"5","m","cm",4.82
1004544799,"7192838",1004544792,1,"10",3.10,6.10,"5","m","cm",4.82
1004545172,"7192864",1004545164,1,"10",3.10,6.10,"5","m","cm",6.03
1004545187,"7192865",1004545179,1,"10",4.57,7.62,"5","m","cm",6.03
1004545202,"7192866",1004545194,1,"10",2.44,5.48,"5","m","cm",6.03
1004545350,"7192877",1004545342,1,"10",11.28,14.30,"5","m","cm",6.03
1004545365,"7192878",1004545357,1,"10",8.53,11.58,"5","m","cm",6.03
1004545379,"7192879",1004545371,1,"10",10.97,13.70,"5","m","cm",6.03
1004545392,"7192880",1004545385,1,"10",9.14,12.10,"5","m","cm",6.03
1004545680,"7192901",1004545672,1,"10",1.22,4.27,"5","m","cm",4.82
1004545695,"7192902",1004545687,1,"10",1.22,4.27,"5","m","cm",4.83
1004546416,"7192919",1004546410,1,"10",2.44,5.49,"5","m","cm",6.03
1004546429,"7192920",1004546423,1,"10",2.49,5.49,"5","m","cm",6.03
1004546441,"7192921",1004546435,1,"10",0.91,3.35,"5","m","cm",6.03
1004546454,"7192922",1004546448,1,"10",1.22,3.66,"5","m","cm",6.03
1004549822,"7193099",1004549811,,,,,,"m","cm",
1004549865,"7193100",1004549855,,,,,,"m","cm",
1004550095,"7193106",1004550087,,,,,,"m","cm",
1004550992,"7193148",1004550987,1,,,,,"ft","inch",
1004551055,"7193173",1004551045,1,"10",2.10,5.01,"5","m","cm",4.20
1004553621,"7193266",1004553610,,,,,,"m","cm",
1004553701,"7193268",1004553692,,,,,,"ft","inch",
1004553952,"7193278",1004553943,1,"10",4.20,10.30,"5","m","cm",5.80
1004553966,"7193279",1004553956,1,"10",4.60,6.10,"5","m","cm",5.80
1004444748,"7193301",1004444739,,,,,,"m","cm",
1004554736,"7193332",1004554728,,,,,,"ft","inch",
1004555460,"7193357",1004555453,,,,,,"ft","inch",
1004555899,"7193411",1004555891,1,"10",1.50,4.57,"5","m","cm",6.03
1004555915,"7193412",1004555906,1,"10",3.10,6.10,"5","m","cm",6.03
1004555984,"7193431",1004555977,1,"10",1.22,3.66,"5","m","cm",9.82
1004509971,"7193505",1004509964,1,"10",1.54,4.57,"5","m","cm",6.03
1004619975,"7193506",1004619966,1,"10",4.57,7.62,"5","m","cm",6.03
1004619990,"7193507",1004619982,,,,,,"m","cm",
1004620005,"7193508",1004619997,1,"10",3.10,6.10,"5","m","cm",6.03
1004676060,"7193538",1004676052,1,"10",3.35,6.40,"5","m","cm",6.03
1004676075,"7193539",1004676067,1,"10",3.10,6.10,"5","m","cm",6.03
1004677036,"7193540",1004677027,1,"10",3.10,6.10,"5","m","cm",6.03
1004682126,"7193591",1004682117,,,,,,"ft","inch",
1004684338,"7193614",1004684331,,,,,,"ft","inch",
1004695590,"7194006",1004695585,,,,,,"ft","inch",
1004696298,"7194007",1004696293,,,,,,"ft","inch",
1004696344,"7194008",1004696339,,,,,,"ft","inch",
1004696477,"7194009",1004696472,,,,,,"ft","inch",
1004696487,"7194010",1004696482,,,,,,"ft","inch",
1004690737,"7194021",1004690722,,,,,,"ft","inch",
1004691173,"7194025",1004691159,,,,,,"ft","inch",
1004691261,"7194027",1004691248,,,,,,"ft","inch",
1004691370,"7194029",1004691358,,,,,,"ft","inch",
1004691412,"7194030",1004691400,,,,,,"ft","inch",
1004691562,"7194033",1004691546,,,,,,"ft","inch",
1004740728,"7194475",1004740718,,,,,,"m","cm",
1004740797,"7194477",1004740786,,,,,,"m","cm",
1004710874,"7194536",1004710869,,,,,,"ft","inch",
1004710930,"7194537",1004710925,,,,,,"ft","inch",
1004754189,"7194993",1004754180,1,"10",1.80,4.30,"5","m","cm",4.10
1004754228,"7194995",1004754221,1,"10",1.50,4.60,"5","m","cm",6.00
1004754607,"7195008",1004754598,1,"10",3.36,4.48,"5","m","cm",4.10
1004754755,"7195010",1004754749,1,"10",3.10,6.17,"5","m","cm",4.10
1004754805,"7195012",1004754798,1,"10",1.80,3.66,"5","m","cm",4.10
1004754882,"7195014",1004754877,1,"10",3.10,6.10,"5","m","cm",6.00
1004746045,"7195069",1004746037,1,,,,,"m","cm",
1004746160,"7195072",1004746152,,,,,,"m","cm",
1004746522,"7195084",1004746506,,,,,,"ft","inch",
1004746566,"7195085",1004746553,,,,,,"ft","inch",
1004746608,"7195086",1004746597,,,,,,"ft","inch",
1004746653,"7195087",1004746638,,,,,,"ft","inch",
1004747408,"7195089",1004747397,,,,,,"ft","inch",
1004747490,"7195090",1004747480,,,,,,"ft","inch",
1004747627,"7195092",1004747615,1,"10",1.20,4.30,"5","m","cm",4.10
1004747714,"7195094",1004747709,,,,,,"m","cm",
1004747800,"7195098",1004747795,,,,,,"m","cm",
1004750667,"7195135",1004750657,,,,,,"ft","inch",
1004755834,"7195200",1004755829,1,,,,,"m","cm",6.03
1004755843,"7195201",1004755838,1,,,,,"m","cm",6.03
1004755892,"7195202",1004755887,1,,,,,"m","cm",6.03
1004755901,"7195203",1004755896,1,,,,,"m","cm",6.03
1004755910,"7195204",1004755905,1,,,,,"m","cm",6.03
1004755919,"7195205",1004755914,1,,,,,"m","cm",6.03
1004755968,"7195206",1004755963,,,,,,"m","cm",
1004755977,"7195207",1004755972,,,,,,"m","cm",
1004755984,"7195208",1004755979,1,"10",0.61,3.35,"5","m","cm",6.03
1004756946,"7195209",1004756940,1,"10",0.91,3.96,"5","m","cm",6.03
1004757041,"7195210",1004757036,1,"10",0.61,3.35,"5","m","cm",6.03
1004757064,"7195211",1004757057,1,,,,,"m","cm",6.03
1004757124,"7195212",1004757119,1,"10",1.22,4.27,"5","m","cm",6.03
1004757182,"7195213",1004757176,1,,,,"5","m","cm",6.03
1004757194,"7195214",1004757189,1,,,,,"m","cm",6.03
1004757203,"7195215",1004757198,1,,,,,"m","cm",6.03
1004757212,"7195216",1004757207,1,,,,,"m","cm",6.03
1004757275,"7195217",1004757270,1,,,,,"m","cm",6.03
1004757753,"7195230",1004757745,1,"10",2.44,5.49,"5","m","cm",5.03
1004757767,"7195231",1004757760,1,"10",1.22,4.27,"5","m","cm",5.03
1004757982,"7195232",1004757973,1,"10",7.01,11.57,"5","m","cm",5.03
1004758138,"7195233",1004758131,1,"10",5.49,8.53,"5","m","cm",5.03
1004758211,"7195234",1004758205,1,"10",5.79,7.32,"5","m","cm",4.82
1004758224,"7195235",1004758217,,,,,,"m","cm",
1004758293,"7195236",1004758285,1,"10",7.62,10.97,"5","m","cm",5.03
1004758350,"7195237",1004758342,1,"10",3.10,6.10,"5","m","cm",5.03
1004760520,"7195522",1004760512,,,,,,"ft","inch",
1004745167,"7195941",1004745153,,,,,,"ft","inch",
1004745211,"7195942",1004745198,,,,,,"ft","inch",
1004745333,"7195944",1004745321,,,,,,"ft","inch",
1004745391,"7195945",1004745377,,,,,,"ft","inch",
1004745592,"7195949",1004745582,,,,,,"ft","inch",
1004745620,"7195950",1004745609,,,,,,"ft","inch",
1004745718,"7195952",1004745705,,,,,,"ft","inch",
1004745829,"7195953",1004745813,,,,,,"ft","inch",
1004745886,"7195954",1004745874,,,,,,"ft","inch",
1004746829,"7195957",1004746819,,,,,,"ft","inch",
1004746872,"7195958",1004746859,,,,,,"ft","inch",
1004777690,"7196079",1004777682,1,"10",3.66,4.57,"5","m","cm",4.21
1004777939,"7196080",1004777931,1,"10",3.66,4.57,"5","m","cm",4.21
1004777996,"7196081",1004777988,1,"10",3.66,4.57,"5","m","cm",4.21
1004778097,"7196082",1004778089,1,"10",3.50,4.42,"5","m","cm",4.21
1004778699,"7196091",1004778694,1,"10",1.22,6.10,"5","m","cm",6.03
1004778863,"7196092",1004778858,1,"10",1.22,6.10,"5","m","cm",6.03
1004778873,"7196093",1004778868,1,"10",1.22,6.10,"5","m","cm",6.03
1004780984,"7196179",1004780977,1,"10",3.10,6.10,"5","m","cm",4.82
1004781240,"7196193",1004781232,1,"10",0.91,3.35,"5","m","cm",4.21
1004781360,"7196197",1004781352,1,"10",1.83,3.35,"5","m","cm",4.82
1004781374,"7196198",1004781367,1,"10",1.22,4.27,"5","m","cm",4.21
1004781388,"7196199",1004781381,1,"10",1.22,4.27,"5","m","cm",4.21
1004781402,"7196200",1004781395,1,"10",1.22,4.27,"5","m","cm",4.21
1004781416,"7196201",1004781409,1,"10",1.20,4.23,"5","m","cm",10.00
1004781433,"7196202",1004781426,1,"10",1.50,4.57,"5","m","cm",4.21
1004782131,"7196225",1004782126,,,,,,"ft","inch",
1004722061,"7196543",1004722056,,,,,,"ft","inch",
1004722474,"7196544",1004722464,1,,,,,"ft","inch",4.00
1004743638,"7196547",1004743633,,,,,,"ft","inch",
1004757433,"7196668",1004757427,,,,,,"m","cm",
1004766380,"7196845",1004766373,,,,,,"ft","inch",
1004766475,"7196847",1004766465,,,,,,"ft","inch",
1004766512,"7196848",1004766506,,,,,,"ft","inch",
1004788788,"7197138",1004788778,,,,,,"ft","inch",
1004800093,"7197258",1004800086,1,"10",4.57,7.62,"5","m","cm",4.82
1004800307,"7197259",1004800300,1,"10",3.10,6.10,"5","m","cm",4.82
1004803913,"7197282",1004803905,1,"10",1.50,4.57,"5","m","cm",4.82
1004803928,"7197283",1004803920,1,"10",3.10,6.10,"5","m","cm",4.82
1004804489,"7197302",1004804482,1,"10",4.57,7.62,"5","m","cm",4.57
1004804510,"7197303",1004804503,1,"10",7.01,10.06,"5","m","cm",4.82
1004819402,"7197427",1004819393,1,"18",42.00,46.00,"1","ft","inch",5.50
1004822542,"7197486",1004822537,,,,,,"ft","inch",
1004823399,"7197488",1004823388,,,,,,"ft","inch",
1004824736,"7197490",1004824724,,,,,,"ft","inch",
1004824916,"7197492",1004824903,,,,,,"ft","inch",
1004825072,"7197493",1004825059,,,,,,"ft","inch",
1004826846,"7197497",1004826833,,,,,,"ft","inch",
1004826896,"7197498",1004826886,,,,,,"ft","inch",
1004831861,"7197576",1004831856,,,,,,"ft","inch",
1004831869,"7197577",1004831864,,,,,,"ft","inch",
1004866520,"7197615",1004866513,,,,,,"ft","inch",
1004866788,"7197618",1004866779,,,,,,"ft","inch",
1004891744,"7197675",1004891733,,,,,,"ft","inch",
1004902110,"7197755",1004902102,,,,,,"m","cm",
1004902692,"7197833",1004902681,,,,,,"m","cm",
1004903016,"7197835",1004903011,,,,,,"m","cm",
1004903094,"7197836",1004903089,,,,,,"m","cm",
1004903367,"7197839",1004903359,1,"8",13.42,14.94,"1","m","cm",13.97
1004903424,"7197840",1004903415,,,,,,"m","cm",
1004903964,"7197841",1004903953,,,,,,"m","cm",
1004904332,"7197842",1004904327,,,,,,"m","cm",
1004776267,"7197889",1004776262,,,,,,"m","cm",
1004776275,"7197890",1004776270,,,,,,"ft","inch",
1004776282,"7197891",1004776277,,,,,,"ft","inch",
1004776289,"7197892",1004776284,,,,,,"m","cm",
1004776296,"7197893",1004776291,,,,,,"ft","inch",
1004776303,"7197894",1004776298,,,,,,"ft","inch",
1004776310,"7197895",1004776305,,,,,,"ft","inch",
1004776317,"7197896",1004776312,,,,,,"m","cm",
1004776324,"7197897",1004776319,,,,,,"m","cm",
1004776332,"7197898",1004776327,,,,,,"m","cm",
1004776345,"7197899",1004776335,1,"10",1.50,4.90,"5","m","cm",5.80
1004776386,"7197900",1004776378,1,"10",0.45,3.50,"5","m","cm",5.80
1004776417,"7197901",1004776404,1,"10",7.20,10.20,"5","m","cm",5.80
1004776446,"7197902",1004776435,1,"10",2.15,3.66,"5","m","cm",4.20
1004776459,"7197903",1004776450,1,"10",2.67,5.72,"5","m","cm",4.20
1004776468,"7197904",1004776463,,,,,,"m","cm",
1004792225,"7198052",1004792218,1,"10",4.27,7.32,"5","m","cm",4.82
1004792277,"7198053",1004792270,1,"10",4.27,7.32,"5","m","cm",4.82
1004792608,"7198055",1004792601,1,"10",1.83,4.88,"5","m","cm",4.21
1004820115,"7198182",1004820106,1,"10",7.62,10.67,"5","m","cm",4.82
1004836275,"7198412",1004836269,1,"10",4.05,5.50,"5","m","cm",4.10
1004838435,"7198457",1004838425,1,"10",6.00,9.00,"5","m","cm",
1004838462,"7198458",1004838455,1,"10",3.00,6.00,"5","m","cm",
1004838476,"7198459",1004838466,1,"10",3.35,4.88,"5","m","cm",4.20
1004838504,"7198460",1004838498,1,"10",5.20,8.40,"5","m","cm",5.80
1004838580,"7198463",1004838574,1,"10",6.00,7.20,"5","m","cm",4.20
1004906800,"7198750",1004906793,1,"10",1.50,4.60,"5","m","cm",4.10
1004908469,"7198791",1004908460,1,"10",2.58,5.61,"5","m","cm",4.10
1004908537,"7198794",1004908531,1,"10",3.05,6.10,"5","m","cm",6.00
1004914568,"7198880",1004914561,1,"10",2.44,5.49,"5","m","cm",
1004914582,"7198881",1004914575,1,"10",2.44,5.49,"5","m","cm",12.65
1004914597,"7198882",1004914589,1,"10",2.13,3.66,"5","m","cm",6.03
1004914609,"7198883",1004914604,1,,,,"5","m","cm",6.03
1004914622,"7198884",1004914615,1,"10",2.13,3.66,"5","m","cm",6.03
1004914637,"7198885",1004914629,1,"10",2.13,3.66,"5","m","cm",6.03
1004914735,"7198892",1004914729,1,"10",3.10,6.10,"5","m","cm",4.81
1004914788,"7198893",1004914783,1,"10",2.44,5.49,"5","m","cm",4.82
1004914844,"7198894",1004914837,1,"10",2.44,5.49,"5","m","cm",
1004918589,"7198934",1004918581,1,"10",3.10,6.10,"5","m","cm",4.82
1004918609,"7198935",1004918601,1,"10",3.10,6.10,"5","m","cm",4.82
1004946574,"7199334",1004946565,1,"10",1.30,4.30,"5","m","cm",6.00
1004946585,"7199335",1004946578,1,"10",4.60,6.70,"5","m","cm",6.00
1004958988,"7199471",1004958981,1,"10",6.09,3.04,"5","m","cm",2.00
1004958989,"7199471",1004958981,2,,3.04,0.00,"5","m","cm",2.00
1004959005,"7199472",1004959000,,,,,,"m","cm",
1004959034,"7199473",1004959029,,,,,,"m","cm",
1004959045,"7199474",1004959040,,,,,,"ft","inch",
1004959053,"7199475",1004959048,1,,,,,"m","cm",
1004959158,"7199478",1004959147,,,,,,"m","cm",
1004959200,"7199479",1004959191,,,,,,"m","cm",
1004959290,"7199480",1004959280,,,,,,"m","cm",
1004959364,"7199481",1004959353,,,,,,"m","cm",
1004960385,"7199483",1004960375,,,,,,"m","cm",
1004960490,"7199484",1004960480,,,,,,"m","cm",
1004960599,"7199485",1004960590,,,,,,"m","cm",
1004960747,"7199487",1004960735,,,,,,"m","cm",
1004960832,"7199488",1004960823,,,,,,"m","cm",
1004960991,"7199489",1004960983,,,,,,"m","cm",
1004961040,"7199490",1004961031,,,,,,"m","cm",
1004961111,"7199491",1004961100,,,,,,"m","cm",
1004961151,"7199492",1004961146,,,,,,"ft","inch",
1004961234,"7199493",1004961223,,,,,,"m","cm",
1004961285,"7199494",1004961280,,,,,,"m","cm",
1004961442,"7199496",1004961433,,,,,,"m","cm",
1004961556,"7199497",1004961548,,,,,,"m","cm",
1004961632,"7199498",1004961622,,,,,,"m","cm",
1004961727,"7199499",1004961716,,,,,,"m","cm",
1004961782,"7199500",1004961771,,,,,,"m","cm",
1004962047,"7199503",1004962038,,,,,,"m","cm",
1004963531,"7199504",1004963520,,,,,,"m","cm",
1004963815,"7199505",1004963804,,,,,,"m","cm",
1004963945,"7199506",1004963935,,,,,,"m","cm",
1004973939,"7199589",1004973929,,,,,,"m","cm",
1004973972,"7199590",1004973962,,,,,,"m","cm",
1004974045,"7199592",1004974035,,,,,,"m","cm",
1004974079,"7199593",1004974068,,,,,,"m","cm",
1004974111,"7199594",1004974101,,,,,,"m","cm",
1004974146,"7199595",1004974140,,,,,,"m","cm",
1004982288,"7199597",1004982272,,,,,,"m","cm",
1004982366,"7199598",1004982361,,,,,,"m","cm",
1004982374,"7199599",1004982369,1,,,,,"ft","inch",
1004982419,"7199600",1004982414,,,,,,"m","cm",
1004982640,"7199601",1004982635,,,,,,"m","cm",
1004982971,"7199602",1004982962,,,,,,"m","cm",
1004781136,"7199621",1004781129,1,"10",2.42,5.49,"5","m","cm",6.00
1004781596,"7199622",1004781588,1,"10.",4.10,5.65,"5","m","cm",4.10
1004783625,"7199627",1004783616,1,"10",4.58,6.10,"5","m","cm",6.00
1004783882,"7199628",1004783875,1,"10",6.73,8.22,"5","m","cm",6.00
1004783990,"7199632",1004783983,1,"10",7.60,9.10,"5","m","cm",3.50
1004789556,"7199725",1004789548,1,"10",3.80,5.36,"5","m","cm",4.20
1004789598,"7199726",1004789591,1,"10",2.80,3.00,"5","m","cm",3.80
1004797113,"7199871",1004797106,1,"10",1.10,3.35,"5","m","cm",6.00
1004797186,"7199876",1004797174,,,,,,"ft","inch",
1004801910,"7199990",1004801902,1,"10",1.22,3.35,"5","m","cm",4.21
1004802299,"7199997",1004802292,1,"10",7.62,10.67,"5","m","cm",4.82
1004802527,"7199998",1004802520,1,"10",7.32,10.36,"5","m","cm",10.00
1004802616,"7199999",1004802609,1,"10",5.79,8.84,"5","m","cm",4.82
1004802631,"7200000",1004802623,1,"10",5.18,8.23,"5","m","cm",4.82
1004817466,"7200240",1004817458,1,"10",4.10,5.70,"5","m","cm",5.80
1004817477,"7200241",1004817470,1,"10",4.30,5.90,"5","m","cm",5.80
1004825684,"7200343",1004825679,,,,,,"ft","inch",
1004825746,"7200345",1004825732,,,,,,"ft","inch",
1004825788,"7200346",1004825777,,,,,,"ft","inch",
1004825831,"7200347",1004825818,,,,,,"ft","inch",
1004825871,"7200348",1004825861,,,,,,"ft","inch",
1004825917,"7200349",1004825901,,,,,,"ft","inch",
1004825962,"7200350",1004825948,,,,,,"ft","inch",
1004826213,"7200356",1004826200,,,,,,"ft","inch",
1004826259,"7200357",1004826244,,,,,,"ft","inch",
1004826344,"7200359",1004826331,,,,,,"ft","inch",
1004827159,"7200383",1004827152,1,"10",5.79,7.32,"5","m","cm",1.21
1004827176,"7200384",1004827169,1,"10",5.18,6.71,"5","m","cm",4.21
1004827190,"7200385",1004827183,1,"10",4.27,5.79,"5","m","cm",4.21
1004827207,"7200386",1004827200,1,"10",3.10,4.57,"5","m","cm",4.21
1004827643,"7200417",1004827637,1,"10",0.50,1.50,"5","m","cm",4.21
1004827656,"7200418",1004827649,1,"10",4.88,6.40,"5","m","cm",4.21
1004827795,"7200419",1004827789,1,"10",0.50,1.50,"5","m","cm",4.21
1004827831,"7200420",1004827825,1,"10",0.50,1.50,"1","m","cm",4.21
1004827860,"7200421",1004827853,1,"10",4.88,6.40,"5","m","cm",4.21
1004827888,"7200422",1004827882,1,"10",4.88,6.40,"5","m","cm",4.21
1004827907,"7200423",1004827902,1,"10",,,"5","m","cm",4.21
1004827919,"7200424",1004827914,1,"10",0.91,1.50,"5","m","cm",4.21
1004827932,"7200425",1004827925,1,"10",4.88,6.40,"5","m","cm",4.21
1004827945,"7200426",1004827939,1,"10",0.50,1.50,"5","m","cm",4.21
1004827973,"7200427",1004827967,1,"10",0.50,1.50,"5","m","cm",4.21
1004827992,"7200428",1004827987,1,"10",0.61,1.50,"5","m","cm",4.21
1004828011,"7200429",1004828006,1,"10",0.91,1.50,"5","m","cm",4.21
1004828022,"7200430",1004828017,1,"10",0.61,1.50,"5","m","cm",4.21
1004828041,"7200431",1004828036,,,,,,"m","cm",
1004828596,"7200446",1004828589,1,"10",3.10,6.10,"5","m","cm",4.21
1004828611,"7200447",1004828603,1,"10",3.10,6.10,"5","m","cm",4.82
1004828626,"7200448",1004828618,1,"10",2.44,5.49,"5","m","cm",4.82
1004828640,"7200449",1004828633,1,"10",3.10,6.10,"5","m","cm",4.21
1004830603,"7200475",1004830596,1,"10",20.00,30.00,"5","ft","inch",2.20
1004830641,"7200480",1004830634,1,"10",12.55,14.32,"5","m","cm",6.00
1004830670,"7200481",1004830662,1,"10",3.13,5.72,"5","m","cm",4.10
1004830752,"7200484",1004830744,1,"10",0.90,3.97,"5","m","cm",6.00
1004833626,"7200569",1004833615,,,,,,"m","cm",
1004833663,"7200570",1004833656,,,,,,"m","cm",
1004840853,"7200673",1004840846,,,,,,"ft","inch",
1004842104,"7200691",1004842094,,,,,,"ft","inch",
1004844510,"7200738",1004844498,1,"10",13.30,16.36,"5","m","cm",3.30
1004844529,"7200739",1004844520,1,"10",17.00,20.04,"5","m","cm",3.30
1004845407,"7200815",1004845399,,,,,,"ft","inch",
1004845830,"7200824",1004845813,,,,,,"ft","inch",
1004846035,"7200827",1004846023,,,,,,"ft","inch",
1004850449,"7200942",1004850442,1,"10",0.50,1.50,"5","m","cm",4.21
1004850461,"7200943",1004850455,1,"10",4.88,6.40,"5","m","cm",4.21
1004850473,"7200944",1004850467,1,"10",4.88,6.40,"5","m","cm",4.21
1004850485,"7200945",1004850479,1,"10",0.50,1.50,"5","m","cm",4.21
1004850497,"7200946",1004850491,1,"10",0.50,1.50,"5","m","cm",4.21
1004852884,"7200995",1004852874,1,"10",2.13,5.18,"5","m","cm",4.21
1004853625,"7201038",1004853618,1,".1",5.00,10.00,"5","ft","inch",1.25
1004767617,"7201222",1004767612,1,"10",2.50,,"5","ft","inch",2.00
1004767675,"7201223",1004767670,,,,,,"ft","inch",
1004767697,"7201224",1004767692,,,,,,"ft","inch",
1004767759,"7201225",1004767754,,,,,,"ft","inch",
1004767779,"7201226",1004767774,,,,,,"ft","inch",
1004767794,"7201227",1004767789,,,,,,"ft","inch",
1004767802,"7201228",1004767797,,,,,,"ft","inch",
1004767810,"7201229",1004767805,1,,,,"5","ft","inch",
1004572054,"7201232",1004572047,1,"10",3.10,6.10,"5","m","cm",4.82
1004705401,"7201240",1004705396,,,,,,"ft","inch",
1004803230,"7201429",1004803217,,,,,,"ft","inch",
1004804957,"7201434",1004804940,,,,,,"ft","inch",
1004805212,"7201435",1004805200,,,,,,"ft","inch",
1004806511,"7201442",1004806500,,,,,,"ft","inch",
1004807958,"7201446",1004807947,,,,,,"ft","inch",
1004808103,"7201447",1004808091,,,,,,"ft","inch",
1004818983,"7201536",1004818978,,,,,,"m","cm",
1004818990,"7201537",1004818985,,,,,,"m","cm",
1004835357,"7201623",1004835350,1,"10",1.83,4.88,"5","m","cm",6.03
1004839663,"7201631",1004839658,1,"10",1.22,4.27,"5","m","cm",4.82
1004839782,"7201640",1004839774,1,"10",4.88,7.96,"5","m","cm",4.21
1004841361,"7201641",1004841353,1,"10",4.88,7.92,"5","m","cm",4.21
1004841376,"7201642",1004841368,1,"10",4.88,7.93,"5","m","cm",4.21
1004841391,"7201643",1004841383,1,"10",4.88,7.93,"5","m","cm",4.21
1004841409,"7201644",1004841401,1,"10",4.88,7.93,"5","m","cm",4.21
1004841451,"7201647",1004841444,1,"10",3.10,4.57,"5","m","cm",4.21
1004841530,"7201652",1004841523,1,"10",0.91,3.96,"5","m","cm",4.82
1004841546,"7201653",1004841539,1,"10",0.91,3.96,"5","m","cm",4.82
1004843081,"7201654",1004843074,1,"10",0.91,3.96,"5","m","cm",4.82
1004843094,"7201655",1004843087,1,"10",0.91,3.96,"5","m","cm",4.82
1004843107,"7201656",1004843100,1,"10",4.57,7.62,"5","m","cm",6.03
1004843120,"7201657",1004843113,1,"10",5.49,8.53,"5","m","cm",6.03
1004843135,"7201658",1004843126,1,"10",4.57,7.62,"5","m","cm",6.03
1004843148,"7201659",1004843141,1,"10",4.57,7.62,"5","m","cm",6.03
1004843159,"7201660",1004843154,1,,,,,"m","cm",6.03
1004843171,"7201661",1004843166,1,"10",2.74,5.79,"5","m","cm",6.03
1004843182,"7201662",1004843176,1,,,,"5","m","cm",6.03
1004843674,"7201671",1004843668,1,"10",3.10,4.57,"5","m","cm",4.21
1004845448,"7201697",1004845440,1,"10",7.01,10.06,"5","m","cm",6.03
1004845500,"7201698",1004845493,1,"10",2.13,6.10,"5","m","cm",6.03
1004845563,"7201699",1004845556,1,"10",2.44,3.35,"5","m","cm",6.03
1004845604,"7201700",1004845596,1,"10",7.01,10.06,"5","m","cm",6.03
1004847775,"7201704",1004847769,1,"10",0.50,1.50,"5","m","cm",4.21
1004847821,"7201705",1004847816,1,"10",0.61,1.50,"5","m","cm",4.21
1004847832,"7201706",1004847827,1,"10",0.61,1.50,"5","m","cm",4.21
1004847871,"7201707",1004847865,1,"10",4.88,6.40,"5","m","cm",4.21
1004847911,"7201708",1004847905,1,"10",4.88,6.40,"5","m","cm",4.21
1004849345,"7201723",1004849340,1,"10",0.61,1.50,"5","m","cm",4.21
1004849356,"7201724",1004849351,1,"10",0.61,1.50,"5","m","cm",4.21
1004851547,"7201737",1004851541,1,"10",4.88,6.40,"5","m","cm",4.21
1004870765,"7201951",1004870757,1,"10",3.10,6.10,"5","m","cm",4.21
1004870879,"7201953",1004870871,1,"10",9.75,12.80,"5","m","cm",4.21
1004870903,"7201954",1004870895,1,"10",6.71,9.75,"5","m","cm",4.82
1004870918,"7201955",1004870910,1,"10",6.71,9.75,"5","m","cm",4.82
1004870984,"7201960",1004870977,1,"10",6.71,7.32,"1","m","cm",3.34
1004919717,"7201974",1004919710,1,"10",0.91,3.96,"5","m","cm",4.82
1004919745,"7201975",1004919738,1,"10",0.91,3.96,"5","m","cm",4.82
1004919824,"7201976",1004919817,1,"10",1.50,4.57,"5","m","cm",4.82
1004919953,"7201977",1004919946,1,"10",1.50,4.57,"5","m","cm",4.82
1004878766,"7202037",1004878759,1,"10",1.52,4.57,"5","m","cm",4.82
1004878793,"7202038",1004878786,1,"10",1.52,4.57,"5","m","cm",4.82
1004878820,"7202039",1004878813,1,"10",1.52,4.57,"5","m","cm",4.82
1004878832,"7202051",1004878825,1,"10",1.52,4.57,"5","m","cm",4.82
1004878846,"7202052",1004878839,1,"10",1.07,4.11,"5","m","cm",4.82
1004878874,"7202053",1004878867,1,"10",1.52,4.57,"5","m","cm",4.82
1004878917,"7202054",1004878910,1,"10",1.52,4.57,"5","m","cm",4.82
1004878973,"7202055",1004878966,1,"10",1.52,4.57,"5","m","cm",4.82
1004879045,"7202056",1004879038,1,"10",1.52,4.57,"5","m","cm",4.82
1004879087,"7202057",1004879080,1,"10",1.52,4.57,"5","m","cm",4.82
1004879129,"7202058",1004879122,1,"10",1.22,4.27,"5","m","cm",4.82
1004879158,"7202059",1004879151,1,"10",1.22,4.27,"5","m","cm",4.82
1004779426,"7202176",1004779421,,,,,,"m","cm",
1004931178,"7202257",1004931171,1,"10",7.60,10.60,"5","m","cm",5.80
1004940153,"7202306",1004940145,1,"10",2.30,5.30,"5","m","cm",6.00
1004893016,"7202341",1004893009,,,,,,"ft","inch",
1004893031,"7202342",1004893026,,,,,,"ft","inch",
1004893051,"7202343",1004893046,,,,,,"ft","inch",
1004901285,"7202458",1004901280,,,,,,"m","cm",
1004901396,"7202459",1004901386,,,,,,"m","cm",
1004901526,"7202462",1004901521,,,,,,"m","cm",
1004901534,"7202463",1004901529,,,,,,"m","cm",
1004901747,"7202467",1004901735,,,,,,"m","cm",
1004901786,"7202468",1004901778,,,,,,"m","cm",
1004901909,"7202471",1004901901,,,,,,"m","cm",
1004901983,"7202472",1004901972,,,,,,"m","cm",
1004905934,"7202571",1004905926,1,"10",1.83,3.35,"5","m","cm",4.82
1004906082,"7202572",1004906075,1,"10",7.62,9.14,"5","m","cm",4.82
1004906095,"7202573",1004906089,1,"10",4.57,6.10,"5","m","cm",4.82
1004906108,"7202574",1004906102,1,"10",7.62,9.14,"5","m","cm",4.82
1004906122,"7202575",1004906115,1,"10",7.62,9.14,"5","m","cm",4.82
1004906163,"7202576",1004906157,1,"10",7.62,9.14,"5","m","cm",4.82
1004906208,"7202577",1004906195,1,"10",4.57,6.10,"5","m","cm",4.82
1004906336,"7202578",1004906329,1,"10",3.10,4.57,"5","m","cm",4.82
1004906362,"7202579",1004906356,1,"10",7.62,9.14,"5","m","cm",4.82
1004906388,"7202580",1004906382,1,"10",5.18,6.71,"5","m","cm",4.82
1004906414,"7202581",1004906408,1,"10",4.57,6.10,"5","m","cm",4.82
1004907603,"7202596",1004907596,1,"10",0.91,3.35,"5","m","cm",4.82
1004907740,"7202597",1004907732,1,"10",0.91,3.35,"5","m","cm",4.82
1004907988,"7202598",1004907977,1,"10",0.91,3.96,"5","m","cm",4.82
1004908054,"7202599",1004908047,1,"10",0.91,3.96,"5","m","cm",4.82
1004908141,"7202600",1004908135,1,"10",0.91,3.96,"5","m","cm",4.82
1004909159,"7202609",1004909153,1,"10",7.62,9.14,"5","m","cm",4.82
1004910887,"7202636",1004910879,1,"10",3.10,4.51,"5","m","cm",4.82
1004910904,"7202637",1004910896,1,"10",4.57,6.10,"5","m","cm",4.82
1004910958,"7202638",1004910950,1,"10",1.22,4.27,"5","m","cm",4.82
1004917519,"7202751",1004917514,,,,,,"ft","inch",
1004924785,"7202964",1004924775,,,,,,"ft","inch",
1004926460,"7202986",1004926452,,,,,,"ft","inch",
1004928110,"7203017",1004928102,1,"10",3.10,6.10,"5","m","cm",1.82
1004928161,"7203018",1004928152,1,"10",2.74,5.79,"5","m","cm",4.82
1004928190,"7203019",1004928183,1,"10",4.27,7.30,"5","m","cm",4.21
1004928191,"7203019",1004928183,2,,,,,"m","cm",
1004928254,"7203020",1004928247,1,"10",4.57,7.62,"5","m","cm",6.03
1004930193,"7203109",1004930183,1,"15",60.00,64.00,"1","ft","inch",5.00
1004933375,"7203156",1004933366,1,"8",0.16,10.08,"1","m","cm",13.97
1004933436,"7203157",1004933427,,,,,,"m","cm",
1004933537,"7203159",1004933527,,,,,,"m","cm",
1004933617,"7203160",1004933607,1,,,,,"m","cm",
1004933694,"7203161",1004933687,,,,,,"m","cm",
1004950330,"7203550",1004950325,1,,,,"5","m","cm",7.78
1004950781,"7203551",1004950774,1,"10",0.61,3.10,"5","m","cm",1.82
1004950807,"7203552",1004950801,1,"10",0.61,3.35,"5","m","cm",1.82
1004950821,"7203553",1004950814,1,"10",0.61,3.10,,"m","cm",1.82
1004950848,"7203554",1004950841,1,"10",0.61,3.10,"5","m","cm",4.82
1004950870,"7203555",1004950864,1,"10",0.61,3.66,"5","m","cm",4.82
1004951205,"7203571",1004951200,,,,,,"ft","inch",
1004951429,"7203574",1004951420,1,"10",9.75,12.71,"5","m","cm",4.21
1004969017,"7203873",1004969008,1,"10",4.81,7.65,"5","m","cm",4.21
1004969077,"7203874",1004969070,1,"10",4.80,7.72,"5","m","cm",4.40
1004809360,"7204221",1004809353,1,"10",1.50,4.57,"5","m","cm",4.80
1004809374,"7204222",1004809367,1,"10",1.50,4.57,"5","m","cm",4.82
1004809388,"7204223",1004809381,1,"10",1.50,4.57,"5","m","cm",4.82
1004809402,"7204224",1004809395,1,"10",1.22,4.57,"5","m","cm",4.82
1004810166,"7204253",1004810159,1,"10",1.83,4.88,"5","m","cm",4.21
1004810179,"7204254",1004810173,1,"10",3.10,4.57,"5","m","cm",4.21
1004811632,"7204273",1004811626,1,".10",3.00,13.00,"5","ft","inch",2.25
1004811644,"7204274",1004811638,1,".10",25.00,35.00,"5","ft","inch",2.25
1004812383,"7204293",1004812376,1,"10",1.50,4.57,"5","m","cm",4.82
1004812601,"7204297",1004812594,1,"10",2.44,5.49,"5","m","cm",4.21
1004812629,"7204298",1004812622,1,"10",2.44,5.49,"5","m","cm",4.21
1004812673,"7204299",1004812665,1,"10",3.10,5.40,"5","m","cm",4.21
1004812702,"7204300",1004812694,1,"10",2.90,5.60,"5","m","cm",4.21
1004812735,"7204301",1004812727,1,"10",3.10,5.79,"5","m","cm",4.21
1004815775,"7204376",1004815765,,,,,,"m","cm",
1004816195,"7204379",1004816185,,,,,,"m","cm",
1004821781,"7204404",1004821773,1,"10",12.19,15.24,"5","m","cm",4.82
1004821850,"7204405",1004821842,1,"10",12.19,15.24,"5","m","cm",4.82
1004823276,"7204424",1004823268,1,"10",3.66,6.71,"5","m","cm",4.20
1004823290,"7204425",1004823283,1,"10",3.35,6.71,"5","m","cm",4.82
1004823304,"7204426",1004823297,1,"10",3.66,7.62,"5","m","cm",4.82
1004829510,"7204427",1004829503,1,"10",3.35,6.40,"5","m","cm",4.21
1004829524,"7204428",1004829517,1,"10",3.35,6.40,"5","m","cm",4.21
1004829537,"7204429",1004829530,1,"10",3.10,6.10,"5","m","cm",4.82
1004829552,"7204430",1004829544,1,"10",3.10,6.10,"5","m","cm",4.82
1004835923,"7204558",1004835915,,,,,,"m","cm",
1004836543,"7204562",1004836532,,,,,,"m","cm",
1004838555,"7204600",1004838549,1,".10",7.00,17.00,"5","ft","inch",2.25
1004840457,"7204631",1004840452,,,,,,"ft","inch",
1004840487,"7204632",1004840482,,,,,,"ft","inch",
1004840617,"7204635",1004840612,,,,,,"ft","inch",
1004840643,"7204637",1004840631,,,,,,"ft","inch",
1004840976,"7204639",1004840964,,,,,,"ft","inch",
1004841102,"7204641",1004841087,,,,,,"ft","inch",
1004841195,"7204642",1004841183,,,,,,"ft","inch",
1004841253,"7204643",1004841237,,,,,,"ft","inch",
1004841317,"7204644",1004841301,,,,,,"ft","inch",
1004842231,"7204645",1004842216,,,,,,"ft","inch",
1004843436,"7204647",1004843424,,,,,,"ft","inch",
1004843480,"7204648",1004843467,,,,,,"ft","inch",
1004843525,"7204649",1004843511,,,,,,"ft","inch",
1004843566,"7204650",1004843556,,,,,,"ft","inch",
1004843694,"7204652",1004843680,,,,,,"ft","inch",
1004843779,"7204653",1004843765,,,,,,"ft","inch",
1004844018,"7204654",1004844004,,,,,,"ft","inch",
1004844087,"7204655",1004844073,,,,,,"ft","inch",
1004844234,"7204656",1004844221,,,,,,"ft","inch",
1004845047,"7204662",1004845032,,,,,,"ft","inch",
1004845186,"7204663",1004845171,,,,,,"ft","inch",
1004850148,"7204746",1004850142,,,,,,"ft","inch",
1004850188,"7204747",1004850180,,,,,,"ft","inch",
1004857822,"7204891",1004857816,,,,,,"ft","inch",
1004857832,"7204892",1004857826,,,,,,"m","cm",
1004861084,"7204947",1004861079,,,,,,"ft","inch",
1004861641,"7204950",1004861628,,,,,,"ft","inch",
1004862835,"7204955",1004862822,,,,,,"ft","inch",
1004863011,"7204956",1004862998,,,,,,"ft","inch",
1004863482,"7204971",1004863476,1,"10",6.10,9.30,"5","m","cm",4.10
1004863519,"7204977",1004863513,1,"10",2.62,5.66,"5","ft","inch",6.00
1004874305,"7205156",1004874298,1,"10",1.50,4.57,"5","m","cm",6.03
1004874319,"7205157",1004874312,1,"10",1.22,4.88,"5","m","cm",6.03
1004874332,"7205158",1004874326,1,"10",1.22,4.27,"5","m","cm",4.21
1004874346,"7205159",1004874339,1,"10",1.83,4.88,"5","m","cm",6.03
1004874484,"7205166",1004874475,1,"10",4.57,7.62,"5","m","cm",4.82
1004875321,"7205197",1004875312,1,"10",7.62,9.14,"5","m","cm",4.21
1004875508,"7205203",1004875501,1,"10",1.83,4.88,"5","m","cm",6.02
1004875564,"7205204",1004875557,1,"10",1.22,4.27,"5","m","cm",6.05
1004875624,"7205205",1004875616,1,"10",1.83,4.80,"5","m","cm",6.05
1004875625,"7205205",1004875616,2,,,,,"m","cm",
1004875890,"7205218",1004875883,1,"10",0.91,3.96,"5","m","cm",4.82
1004875904,"7205219",1004875897,1,"10",1.22,4.27,"5","m","cm",4.82
1004875960,"7205220",1004875953,1,"10",0.91,3.06,"5","m","cm",4.82
1004876014,"7205221",1004876007,1,"10",0.91,3.60,"5","m","cm",4.82
1004876029,"7205222",1004876021,1,"10",0.91,3.96,"5","m","cm",4.82
1004876087,"7205223",1004876079,1,"10",1.50,4.57,"5","m","cm",4.82
1004876145,"7205224",1004876137,1,"10",1.50,4.57,"5","m","cm",4.82
1004885454,"7205441",1004885449,,,,,,"ft","inch",
1004889296,"7205575",1004889286,,,,,,"ft","inch",
1004889402,"7205576",1004889392,,,,,,"ft","inch",
1004889477,"7205577",1004889467,,,,,,"ft","inch",
1004889565,"7205578",1004889551,,,,,,"ft","inch",
1004889996,"7205579",1004889984,,,,,,"ft","inch",
1004890148,"7205580",1004890137,,,,,,"ft","inch",
1004890245,"7205581",1004890234,1,,,,,"ft","inch",
1004980780,"7205660",1004980775,,,,,,"m","cm",
1004980827,"7205661",1004980822,1,".10",19.33,19.33,"5","ft","inch",2.12
1004912512,"7205824",1004912503,,,,,,"ft","inch",
1004915681,"7205840",1004915671,,,,,,"ft","inch",
1004918957,"7205866",1004918949,,,,,,"m","cm",
1004918980,"7205867",1004918972,1,"10",3.05,6.10,"4","m","cm",6.03
1004925769,"7205900",1004925762,1,".10",13.00,21.00,"5","ft","inch",2.25
1004926397,"7205916",1004926389,1,"10",3.00,6.10,"5","m","cm",5.81
1004926966,"7205917",1004926959,1,"10",3.50,5.10,"5","m","cm",5.80
1004927018,"7205918",1004927007,1,"10",17.20,18.80,"5","m","cm",5.80
1004962420,"7205955",1004962410,,,,,,"m","cm",
1004962525,"7205956",1004962517,,,,,,"m","cm",
1004962600,"7205957",1004962594,1,"8",8.85,10.07,"1","m","cm",13.97
1004962662,"7205958",1004962654,,,,,,"m","cm",
1004962706,"7205959",1004962696,,,,,,"m","cm",
1004962863,"7205960",1004962854,,,,,,"m","cm",
1004963062,"7205962",1004963052,,,,,,"m","cm",
1004977769,"7206093",1004977760,,,,,,"ft","inch",
1004982472,"7206169",1004982462,,,,,,"m","cm",
1004985538,"7206182",1004985533,,,,,,"ft","inch",
1004985586,"7206183",1004985581,,,,,,"ft","inch",
1004985595,"7206184",1004985590,,,,,,"ft","inch",
1004985614,"7206185",1004985609,,,,,,"ft","inch",
1004993610,"7206300",1004993599,,,,,,"ft","inch",
1004993880,"7206304",1004993875,,,,,,"ft","inch",
1004960414,"7206469",1004960407,1,"10",1.65,3.25,"5","m","cm",4.02
1004960444,"7206470",1004960437,1,"10",1.06,4.11,"5","m","cm",4.82
1004960458,"7206471",1004960451,1,"10",1.50,4.57,"5","m","cm",1.82
1004960519,"7206472",1004960512,1,"10",4.57,7.62,"5","m","cm",4.82
1004962242,"7206514",1004962237,1,"10",1.50,4.57,"5","m","cm",6.03
1004962304,"7206515",1004962297,1,"10",1.22,4.27,"5","m","cm",6.03
1004962317,"7206516",1004962311,1,"10",1.22,2.74,"5","m","cm",6.03
1004962381,"7206517",1004962376,1,"10",1.50,4.39,"5","m","cm",6.03
1004962392,"7206518",1004962387,1,"10",0.91,3.96,"5","m","cm",6.03
1004962406,"7206519",1004962398,1,"10",2.44,5.49,"5","m","cm",6.03
1004962763,"7206526",1004962755,1,"10",1.83,,"5","m","cm",4.21
1004962849,"7206527",1004962842,1,"10",3.10,6.10,"5","m","cm",4.21
1004962914,"7206528",1004962906,1,"10",1.50,4.57,"5","m","cm",4.21
1004962942,"7206529",1004962933,1,"10",2.14,5.18,"5","m","cm",4.21
1004962966,"7206530",1004962958,1,"10",1.83,,"5","m","cm",4.21
1004965766,"7206603",1004965759,1,"10",1.50,4.57,"5","m","cm",4.82
1004965780,"7206604",1004965773,1,"10",2.28,5.33,"5","m","cm",4.82
1004967873,"7206645",1004967866,,,,,,"ft","inch",
1004968233,"7206651",1004968228,,,,,,"ft","inch",
1004968243,"7206652",1004968238,,,,,,"ft","inch",
1004968296,"7206654",1004968291,,,,,,"ft","inch",
1004968305,"7206655",1004968300,,,,,,"ft","inch",
1004968333,"7206656",1004968328,,,,,,"ft","inch",
1004968342,"7206657",1004968337,,,,,,"ft","inch",
1004968490,"7206660",1004968478,,,,,,"ft","inch",
1004968533,"7206661",1004968520,,,,,,"ft","inch",
1004968734,"7206664",1004968723,,,,,,"ft","inch",
1004968857,"7206666",1004968842,,,,,,"ft","inch",
1004969039,"7206668",1004969024,,,,,,"ft","inch",
1004969587,"7206675",1004969575,,,,,,"ft","inch",
1004969629,"7206676",1004969617,,,,,,"ft","inch",
1004969672,"7206677",1004969659,,,,,,"ft","inch",
1004969715,"7206678",1004969703,,,,,,"ft","inch",
1004969804,"7206680",1004969792,,,,,,"ft","inch",
1004969848,"7206681",1004969834,,,,,,"ft","inch",
1004969883,"7206682",1004969869,,,,,,"ft","inch",
1004969924,"7206683",1004969914,,,,,,"ft","inch",
1004969969,"7206684",1004969955,,,,,,"ft","inch",
1004970044,"7206686",1004970030,,,,,,"ft","inch",
1004970131,"7206688",1004970118,,,,,,"ft","inch",
1004970497,"7206696",1004970482,,,,,,"ft","inch",
1004970544,"7206697",1004970528,,,,,,"ft","inch",
1004993473,"7206799",1004993466,,,,,,"m","cm",
1004993583,"7206800",1004993578,,,,,,"ft","inch",
1005003142,"7206941",1005003134,1,"40",7.20,10.34,"5","m","cm",5.80
1005003155,"7206942",1005003147,1,"10",7.50,10.57,"5","m","cm",5.80
1005005622,"7206990",1005005614,,,,,,"ft","inch",
1005021243,"7207119",1005021232,,,,,,"m","cm",
1005021916,"7207124",1005021903,,,,,,"m","cm",
1005021951,"7207125",1005021946,,,,,,"m","cm",
1005022013,"7207127",1005022004,,,,,,"m","cm",
1004947281,"7207206",1004947273,,,,,,"m","cm",
1004949080,"7207224",1004949071,,,,,,"ft","inch",
1004587079,"7207341",1004587070,1,"10",1.55,6.10,"5","m","cm",6.00
1004587139,"7207352",1004587133,,,,,,"m","cm",
1004587149,"7207353",1004587143,,,,,,"m","cm",
1004587158,"7207354",1004587152,,,,,,"m","cm",
1004588870,"7207380",1004588864,,,,,,"m","cm",
1004594252,"7207451",1004594242,,,,,,"m","cm",
1004594292,"7207452",1004594282,,,,,,"m","cm",
1004594618,"7207461",1004594607,,,,,,"m","cm",
1004594658,"7207462",1004594648,,,,,,"m","cm",
1004594693,"7207463",1004594688,,,,,,"ft","inch",
1004597002,"7207538",1004596994,1,"0",1.83,4.88,"5","m","cm",4.82
1004597017,"7207539",1004597009,1,"10",2.14,,"5","m","cm",4.82
1004597508,"7207624",1004597503,,,,,,"ft","inch",
1004597518,"7207625",1004597513,,,,,,"ft","inch",
1004597528,"7207626",1004597523,,,,,,"ft","inch",
1004597540,"7207627",1004597533,1,"10",9.14,12.19,"5","m","cm",4.82
1004597554,"7207628",1004597546,1,"10",2.13,5.18,"5","m","cm",4.82
1004597568,"7207629",1004597560,1,"10",2.13,5.18,"5","m","cm",4.82
1004597582,"7207630",1004597574,1,"10",2.44,5.49,"5","m","cm",4.82
1004597597,"7207631",1004597589,1,"10",1.50,4.57,"5","m","cm",4.82
1004597612,"7207632",1004597604,1,"10",0.91,3.96,"5","m","cm",4.82
1004597627,"7207633",1004597619,1,"10",2.44,5.49,"5","m","cm",4.82
1004597643,"7207634",1004597635,1,"10",0.91,3.96,"5","m","cm",4.83
1004597658,"7207635",1004597650,1,"10",2.13,5.18,"5","m","cm",4.82
1004597672,"7207636",1004597664,1,"10",3.10,6.10,"5","m","cm",4.82
1004597687,"7207637",1004597679,1,"10",3.10,6.10,"5","m","cm",4.82
1004597701,"7207638",1004597693,1,"10",2.13,5.18,"5","m","cm",4.82
1004597715,"7207639",1004597707,1,"10",2.13,5.18,"5","m","cm",4.82
1004597729,"7207640",1004597721,1,"10",1.22,5.18,"5","m","cm",4.82
1004597743,"7207641",1004597735,1,"10",4.57,7.62,"5","m","cm",5.03
1004597760,"7207642",1004597752,1,"10",6.10,10.67,"5","m","cm",5.03
1004597776,"7207643",1004597767,1,"10",4.57,7.62,"5","m","cm",5.03
1004597794,"7207644",1004597784,1,"10",7.62,10.67,"5","m","cm",5.03
1004597808,"7207645",1004597801,1,"10",8.53,11.58,"5","m","cm",7.82
1004587593,"7207708",1004587585,1,"10",1.50,4.57,"5","m","cm",4.82
1004587608,"7207709",1004587600,1,"10",1.50,4.57,"5","m","cm",4.82
1004587650,"7207710",1004587643,1,"10",1.50,4.57,"5","m","cm",4.82
1004587962,"7207711",1004587955,1,"10",1.50,4.57,"5","m","cm",4.82
1004588200,"7207717",1004588193,1,"10",1.50,4.57,"5","m","cm",5.03
1004588214,"7207718",1004588207,1,"10",0.50,4.57,"5","m","cm",5.03
1004599101,"7207735",1004599093,1,"10",7.62,9.14,"5","m","cm",6.03
1004599122,"7207736",1004599115,1,"10",6.10,9.14,"5","m","cm",6.03
1004599142,"7207737",1004599135,1,"10",6.10,9.14,"5","m","cm",6.03
1004600781,"7207986",1004600776,1,"10",7.10,8.74,"5","m","cm",5.80
1004600794,"7207987",1004600789,1,"10",7.10,10.39,"5","m","cm",5.80
1004578042,"7208054",1004578032,,,,,,"m","cm",
1004578489,"7208055",1004578481,,,,,,"m","cm",
1004580983,"7208056",1004580972,,,,,,"m","cm",
1004591017,"7208252",1004591011,1,,75.00,65.00,"5","ft","inch",2.00
1004593207,"7208309",1004593198,,,,,,"ft","inch",
1004593245,"7208310",1004593237,,,,,,"ft","inch",
1004593278,"7208311",1004593270,1,"10",20.00,24.00,"1","ft","inch",5.75
1004593357,"7208312",1004593350,1,"10",23.00,27.00,"1","ft","inch",5.50
1004593384,"7208313",1004593377,1,"14",38.00,42.00,"1","ft","inch",5.50
1004608564,"7208353",1004608550,1,"10",4.10,7.10,"5","m","cm",5.80
1004626325,"7208596",1004626311,,,,,,"ft","inch",
1004613257,"7208647",1004613248,1,"10",4.88,7.92,"5","m","cm",6.03
1004613273,"7208648",1004613264,1,"10",4.88,7.92,"5","m","cm",6.03
1004613289,"7208649",1004613280,1,"10",4.88,7.92,"5","m","cm",6.03
1004613305,"7208650",1004613296,1,"10",4.88,7.92,"5","m","cm",6.03
1004613420,"7208658",1004613413,1,"10",1.22,4.27,"5","m","cm",4.21
1004613433,"7208659",1004613426,1,"10",1.22,4.27,"5","m","cm",4.21
1004613872,"7208672",1004613865,1,"10",4.27,7.32,"5","m","cm",4.21
1004614018,"7208673",1004614011,1,"10",3.10,6.10,"5","m","cm",4.21
1004622080,"7208743",1004622072,1,"10",2.44,5.49,"5","m","cm",4.21
1004622424,"7208751",1004622417,1,"10",7.01,10.06,"5","m","cm",6.03
1004622455,"7208752",1004622445,1,"10",15.24,18.29,"5","m","cm",6.03
1004622539,"7208755",1004622531,1,"10",3.35,6.40,"5","m","cm",4.82
1004622554,"7208756",1004622546,1,"10",4.88,7.93,"5","m","cm",4.82
1004622570,"7208757",1004622561,1,"10",4.88,7.93,"5","m","cm",4.82
1004622598,"7208758",1004622590,1,"10",4.88,7.93,"5","m","cm",4.82
1004622665,"7208759",1004622657,1,"10",3.96,7.01,"5","m","cm",4.82
1004624650,"7208820",1004624642,,,,,,"m","cm",
1004624688,"7208821",1004624680,,,,,,"m","cm",
1004628361,"7208899",1004628352,1,"10",13.40,16.44,"5","m","cm",6.03
1004628474,"7208900",1004628466,1,"10",8.84,11.80,"5","m","cm",6.03
1004628504,"7208901",1004628498,1,"10",1.50,4.57,"5","m","cm",6.03
1004628520,"7208902",1004628511,1,"10",10.36,13.41,"5","m","cm",6.03
1004628534,"7208903",1004628527,1,"10",1.52,3.10,"5","m","cm",6.03
1004635506,"7209054",1004635501,,,,,,"ft","inch",
1004642079,"7209109",1004642073,1,"10",10.00,20.00,"5","ft","inch",2.00
1004642092,"7209110",1004642086,1,"10",6.00,11.00,"5","ft","inch",2.00
1004652916,"7209190",1004652904,,,,,,"m","cm",
1004661490,"7209234",1004661484,,,,,,"m","cm",
1004661500,"7209235",1004661494,,,,,,"m","cm",
1004661510,"7209236",1004661504,,,,,,"m","cm",
1004661570,"7209243",1004661562,1,"10",0.61,2.97,"5","m","cm",5.80
1004661584,"7209244",1004661574,1,"10",25.30,27.40,,"m","cm",5.80
1004661599,"7209245",1004661588,,,,,,"m","cm",
1004662413,"7209246",1004662400,,,,,,"m","cm",
1004662448,"7209247",1004662443,,,,,,"m","cm",
1004662456,"7209248",1004662451,,,,,,"m","cm",
1004662464,"7209249",1004662459,,,,,,"m","cm",
1004662472,"7209250",1004662467,,,,,,"m","cm",
1004662483,"7209251",1004662475,,,,,,"m","cm",
1004662636,"7209258",1004662631,,,,,,"ft","inch",
1004662654,"7209260",1004662649,,,,,,"ft","inch",
1004662663,"7209261",1004662658,,,,,,"ft","inch",
1004666648,"7209262",1004666643,,,,,,"ft","inch",
1004666656,"7209263",1004666651,,,,,,"ft","inch",
1004666664,"7209264",1004666659,,,,,,"ft","inch",
1004666672,"7209265",1004666667,,,,,,"ft","inch",
1004666730,"7209267",1004666720,,,,,,"ft","inch",
1004666816,"7209269",1004666804,,,,,,"ft","inch",
1004666860,"7209270",1004666847,,,,,,"ft","inch",
1004666907,"7209271",1004666891,,,,,,"ft","inch",
1004666952,"7209272",1004666938,,,,,,"ft","inch",
1004666994,"7209273",1004666983,,,,,,"ft","inch",
1004669319,"7209275",1004669310,,,,,,"ft","inch",
1004669362,"7209276",1004669349,,,,,,"ft","inch",
1004669405,"7209277",1004669393,,,,,,"ft","inch",
1004669450,"7209278",1004669436,,,,,,"ft","inch",
1004669537,"7209280",1004669522,,,,,,"ft","inch",
1004670693,"7209281",1004670681,,,,,,"ft","inch",
1004670736,"7209282",1004670724,,,,,,"ft","inch",
1004670778,"7209283",1004670766,,,,,,"ft","inch",
1004671908,"7209284",1004671894,,,,,,"ft","inch",
1004671953,"7209285",1004671938,,,,,,"ft","inch",
1004669581,"7209287",1004669568,,,,,,"ft","inch",
1004669704,"7209290",1004669691,,,,,,"ft","inch",
1004660666,"7209293",1004660651,,,,,,"ft","inch",
1004660870,"7209296",1004660854,,,,,,"ft","inch",
1004661161,"7209300",1004661148,,,,,,"ft","inch",
1004661369,"7209311",1004661358,,,,,,"ft","inch",
1004661635,"7209312",1004661629,,,,,,"ft","inch",
1004661766,"7209313",1004661756,,,,,,"ft","inch",
1004663626,"7209314",1004663615,,,,,,"ft","inch",
1004672034,"7209315",1004672025,,,,,,"m","cm",
1004659766,"7209360",1004659758,1,"10",3.10,6.10,"5","m","cm",4.82
1004620717,"7209376",1004620708,1,,,,,"m","cm",
1004634262,"7209554",1004634253,1,"10",3.65,5.18,"5","m","cm",4.21
1004660485,"7210353",1004660480,,,,,,"m","cm",
1004662671,"7210354",1004662666,,,,,,"m","cm",
1004662693,"7210355",1004662688,,,,,,"m","cm",
1004863287,"7210543",1004863278,,,,,,"ft","inch",
1004863340,"7210544",1004863330,,,,,,"ft","inch",
1004868435,"7210650",1004868425,,,,,,"m","cm",
1004868516,"7210652",1004868503,1,,,,,"m","cm",
1004869380,"7210658",1004869368,,,,,,"ft","inch",
1004869489,"7210660",1004869475,,,,,,"ft","inch",
1004869660,"7210661",1004869648,,,,,,"ft","inch",
1004870212,"7210662",1004870198,,,,,,"ft","inch",
1004870335,"7210663",1004870322,,,,,,"ft","inch",
1004871177,"7210670",1004871164,,,,,,"ft","inch",
1004871556,"7210675",1004871543,,,,,,"ft","inch",
1004871645,"7210676",1004871632,,,,,,"ft","inch",
1004871776,"7210679",1004871771,,,,,,"ft","inch",
1004873219,"7210699",1004873209,,,,,,"ft","inch",
1004873473,"7210704",1004873465,1,"16",42.00,46.50,"1","ft","inch",5.25
1004873508,"7210705",1004873503,,,,,,"ft","inch",
1004873521,"7210706",1004873513,,,,,,"ft","inch",
1004875002,"7210729",1004874997,,,,,,"ft","inch",
1004875012,"7210730",1004875007,,,,,,"ft","inch",
1004875021,"7210731",1004875016,,,,,,"ft","inch",
1004875031,"7210732",1004875026,,,,,,"ft","inch",
1004875040,"7210733",1004875035,,,,,,"ft","inch",
1004875054,"7210734",1004875049,,,,,,"ft","inch",
1004875064,"7210735",1004875059,,,,,,"ft","inch",
1004875074,"7210736",1004875069,,,,,,"ft","inch",
1004875084,"7210737",1004875079,,,,,,"ft","inch",
1004875094,"7210738",1004875089,,,,,,"ft","inch",
1004875104,"7210739",1004875099,,,,,,"ft","inch",
1004875128,"7210740",1004875123,,,,,,"ft","inch",
1004875167,"7210741",1004875162,,,,,,"ft","inch",
1004875177,"7210742",1004875172,,,,,,"ft","inch",
1004875471,"7210748",1004875460,,,,,,"ft","inch",
1004875582,"7210750",1004875571,,,,,,"ft","inch",
1004875657,"7210751",1004875646,,,,,,"ft","inch",
1004875810,"7210752",1004875796,,,,,,"ft","inch",
1004875922,"7210753",1004875911,,,,,,"ft","inch",
1004875977,"7210754",1004875965,,,,,,"ft","inch",
1004876049,"7210755",1004876036,,,,,,"ft","inch",
1004876106,"7210756",1004876094,,,,,,"ft","inch",
1004876165,"7210757",1004876152,,,,,,"ft","inch",
1004876210,"7210758",1004876195,,,,,,"ft","inch",
1004876266,"7210759",1004876256,,,,,,"ft","inch",
1004876307,"7210760",1004876296,1,,,,,"m","cm",
1004876435,"7210761",1004876427,,,,,,"m","cm",
1004877082,"7210767",1004877073,,,,,,"m","cm",
1004877247,"7210769",1004877242,,,,,,"m","cm",
1004877296,"7210770",1004877291,,,,,,"m","cm",
1004877319,"7210771",1004877314,,,,,,"m","cm",
1004877329,"7210772",1004877324,,,,,,"m","cm",
1004880939,"7210812",1004880932,1,"10",1.83,4.88,"5","m","cm",4.82
1004881397,"7210813",1004881390,1,"10",1.83,4.88,"5","m","cm",4.82
1004881574,"7210834",1004881568,1,"10",1.50,3.66,"5","m","cm",4.21
1004881628,"7210835",1004881622,1,"10",1.50,4.57,"5","m","cm",4.21
1004881718,"7210841",1004881713,,,,,,"m","cm",
1004881728,"7210842",1004881723,,,,,,"m","cm",
1004881738,"7210843",1004881733,,,,,,"m","cm",
1004881748,"7210844",1004881743,,,,,,"m","cm",
1004882886,"7210879",1004882879,1,"10",1.83,4.88,"5","m","cm",4.82
1004882899,"7210880",1004882892,1,"10",1.83,4.88,"5","m","cm",4.82
1004882912,"7210881",1004882905,1,"10",1.83,4.88,"5","m","cm",4.82
1004882928,"7210882",1004882921,1,"10",1.83,4.88,"5","m","cm",4.82
1004882947,"7210883",1004882940,1,"10",1.83,4.88,"5","m","cm",4.82
1004883024,"7210888",1004883017,1,"10",2.79,3.79,"5","m","cm",4.82
1004883211,"7210900",1004883204,1,"10",1.22,4.27,"5","m","cm",4.82
1004886814,"7210981",1004886806,1,"10",3.96,7.01,"5","m","cm",4.82
1004886828,"7210982",1004886821,1,"10",11.89,14.94,"5","m","cm",4.82
1004887197,"7210983",1004887190,1,"10",3.96,7.01,"5","m","cm",4.82
1004887395,"7210984",1004887387,1,"10",9.19,12.19,"5","m","cm",4.82
1004887826,"7210986",1004887819,1,"10",5.79,7.32,"5","m","cm",4.21
1004887869,"7210987",1004887862,1,"10",10.67,12.10,"5","m","cm",4.21
1004887899,"7210988",1004887890,1,"10",,,"5","m","cm",4.21
1004888096,"7210989",1004888087,1,"10",11.28,11.80,"5","m","cm",4.21
1004888387,"7210990",1004888379,1,"10",1.83,4.57,"5","m","cm",4.82
1004888439,"7210991",1004888431,1,"10",2.13,4.57,"5","m","cm",4.82
1004888454,"7210992",1004888446,1,"10",1.52,4.57,"5","m","cm",4.82
1004888469,"7210993",1004888461,1,"10",2.49,4.88,"5","m","cm",4.82
1004888483,"7210994",1004888475,1,"10",2.49,4.88,"5","m","cm",4.82
1004894433,"7211084",1004894427,,,,,,"m","cm",
1004894558,"7211085",1004894552,,,,,,"m","cm",
1004894980,"7211086",1004894974,1,,,,,"m","cm",
1004895023,"7211087",1004895017,,,,,,"m","cm",
1004895678,"7211107",1004895673,,,,,,"m","cm",
1004895687,"7211108",1004895682,,,,,,"m","cm",
1004895707,"7211109",1004895702,,,,,,"ft","inch",
1004895716,"7211110",1004895711,,,,,,"ft","inch",
1004895725,"7211111",1004895720,,,,,,"ft","inch",
1004895746,"7211112",1004895741,,,,,,"ft","inch",
1004895755,"7211113",1004895750,,,,,,"ft","inch",
1004895764,"7211114",1004895759,,,,,,"ft","inch",
1004895773,"7211115",1004895768,,,,,,"ft","inch",
1004895875,"7211118",1004895870,,,,,,"ft","inch",
1004895894,"7211119",1004895889,,,,,,"ft","inch",
1004897137,"7211166",1004897128,,,,,,"ft","inch",
1004898493,"7211179",1004898486,,,,,,"ft","inch",
1004940926,"7211601",1004940920,1,"10",1.50,3.05,"5","m","cm",15.80
1004950919,"7211753",1004950914,,,,,,"ft","inch",
1004950931,"7211754",1004950926,,,,,,"ft","inch",
1004951244,"7211760",1004951236,,,,,,"ft","inch",
1004951873,"7211785",1004951868,,,,,,"ft","inch",
1004951922,"7211786",1004951917,,,,,,"ft","inch",
1004953937,"7211826",1004953928,,,,,,"ft","inch",
1004973509,"7211954",1004973501,1,"10",4.88,7.93,"5","m","cm",4.82
1004973524,"7211955",1004973516,1,"10",4.88,7.93,"5","m","cm",4.82
1004973539,"7211956",1004973531,1,"10",4.57,7.62,"5","m","cm",4.82
1004973554,"7211957",1004973546,1,"10",2.74,5.79,"5","m","cm",4.82
1004974272,"7211958",1004974263,1,"10",3.10,6.10,"5","m","cm",4.82
1004975014,"7211959",1004975006,1,"10",3.10,6.10,"5","m","cm",4.82
1004975029,"7211960",1004975021,1,"10",3.10,6.10,"5","m","cm",4.82
1004975058,"7211961",1004975050,1,"10",3.10,6.10,"5","m","cm",4.82
1004975087,"7211962",1004975079,1,"10",3.10,6.10,"5","m","cm",4.82
1004975221,"7211970",1004975213,1,"10",1.50,4.57,"5","m","cm",6.03
1004975279,"7211971",1004975271,1,"10",1.22,4.27,"5","m","cm",6.03
1004975294,"7211972",1004975286,1,"10",1.50,4.57,"5","m","cm",6.03
1004975324,"7211973",1004975316,1,"10",1.50,4.57,"5","m","cm",6.03
1004975352,"7211974",1004975346,1,"10",2.13,3.96,"5","m","cm",4.82
1004976198,"7212003",1004976191,1,"10",3.10,6.10,"5","m","cm",4.21
1004976212,"7212004",1004976205,1,"10",3.10,4.57,"5","m","cm",4.24
1004976983,"7212027",1004976975,1,"10",0.91,3.35,"5","m","cm",4.21
1004976998,"7212028",1004976990,1,"10",0.91,3.35,"5","m","cm",4.21
1004977012,"7212029",1004977005,1,"10",5.49,6.40,"5","m","cm",4.21
1004977026,"7212030",1004977019,1,"10",5.49,6.40,"5","m","cm",4.21
1004977205,"7212037",1004977197,1,"10",21.95,25.00,"5","m","cm",4.82
1004977232,"7212038",1004977224,1,"10",21.95,25.00,"5","m","cm",4.82
1004977508,"7212049",1004977501,1,"10",1.50,4.57,"5","m","cm",4.82
1004978365,"7212067",1004978358,1,"10",3.10,6.10,"5","m","cm",4.21
1004978396,"7212069",1004978389,1,"10",4.27,5.79,"5","m","cm",6.03
1004978420,"7212070",1004978413,1,"5",4.27,5.79,"5","m","cm",6.03
1004978445,"7212071",1004978438,1,"10",3.10,4.57,"5","m","cm",6.03
1004980413,"7212187",1004980404,,,,,,"ft","inch",
1004980562,"7212188",1004980556,,,,,,"ft","inch",
1004980695,"7212190",1004980686,,,,,,"ft","inch",
1005004849,"7212375",1005004844,,,,,,"ft","inch",
1005013192,"7212506",1005013183,,,,,,"m","cm",
1005018216,"7212534",1005018211,1,"10",15.00,25.00,"5","ft","inch",2.00
1005018225,"7212535",1005018220,1,"10",10.00,45.00,"5","ft","inch",2.00
1004982884,"7212630",1004982877,,,,,,"ft","inch",
1004982894,"7212631",1004982887,1,,,,,"ft","inch",
1005000525,"7213035",1005000517,1,"14",42.00,46.00,"1","ft","inch",5.50
1005000553,"7213036",1005000547,,,,,,"ft","inch",
1005000794,"7213039",1005000788,,,,,,"ft","inch",
1005000816,"7213040",1005000808,,,,,,"ft","inch",
1005006707,"7213063",1005006702,,,,,,"ft","inch",
1005007461,"7213066",1005007456,,,,,,"ft","inch",
1005007597,"7213067",1005007592,,,,,,"ft","inch",
1005007606,"7213068",1005007601,,,,,,"ft","inch",
1005007973,"7213072",1005007960,,,,,,"ft","inch",
1005008385,"7213075",1005008371,,,,,,"ft","inch",
1005008569,"7213077",1005008557,,,,,,"ft","inch",
1005008829,"7213079",1005008814,,,,,,"ft","inch",
1005009663,"7213085",1005009652,,,,,,"ft","inch",
1005009944,"7213089",1005009930,,,,,,"ft","inch",
1005010558,"7213090",1005010544,,,,,,"ft","inch",
1005010762,"7213091",1005010748,,,,,,"ft","inch",
1005011504,"7213092",1005011493,,,,,,"ft","inch",
1005011753,"7213093",1005011740,,,,,,"ft","inch",
1005012020,"7213095",1005012007,,,,,,"ft","inch",
1005013540,"7213101",1005013529,,,,,,"ft","inch",
1005013582,"7213102",1005013570,,,,,,"ft","inch",
1005013664,"7213103",1005013651,,,,,,"ft","inch",
1005013747,"7213104",1005013733,,,,,,"ft","inch",
1005013828,"7213105",1005013817,,,,,,"ft","inch",
1005032258,"7213374",1005032251,1,"10",1.52,4.57,"5","m","cm",4.82
1005032280,"7213375",1005032273,1,"10",1.50,4.57,"5","m","cm",4.82
1005032551,"7213386",1005032543,1,"10",12.19,13.72,"5","m","cm",4.82
1005032582,"7213387",1005032574,1,"10",6.70,8.23,"5","m","cm",4.82
1005032597,"7213388",1005032589,1,"10",9.14,10.67,"5","m","cm",4.82
1005032612,"7213389",1005032604,1,"10",13.71,15.24,"5","m","cm",4.82
1005009998,"7213390",1005009990,1,"10",7.01,8.53,"5","m","cm",4.82
1005010013,"7213391",1005010005,1,"10",12.19,15.24,"5","m","cm",4.82
1005010027,"7213392",1005010020,1,"10",1.50,4.57,"5","m","cm",4.82
1005010040,"7213393",1005010033,1,"10",1.50,4.57,"5","m","cm",4.82
1005010053,"7213394",1005010046,1,"10",1.50,4.57,"5","m","cm",4.82
1005010291,"7213407",1005010284,1,"10",0.91,3.96,"5","m","cm",4.21
1005010305,"7213408",1005010298,1,"10",0.91,3.96,"5","m","cm",4.82
1005010319,"7213409",1005010312,1,"10",0.91,3.96,"5","m","cm",4.87
1005010363,"7213410",1005010356,1,"10",0.91,3.96,"5","m","cm",4.82
1005024352,"7213429",1005024345,1,"10",1.50,4.88,"5","m","cm",4.21
1005025890,"7213440",1005025883,1,"10",3.10,4.57,"5","m","cm",4.21
1005026009,"7213446",1005026003,1,"10",1.22,4.27,"5","m","cm",4.21
1005026109,"7213447",1005026103,1,"10",1.83,4.88,"5","m","cm",4.21
1005026121,"7213448",1005026115,1,"10",1.83,4.88,"5","m","cm",4.21
1005026133,"7213449",1005026127,1,"10",1.83,4.88,"5","m","cm",4.21
1005026610,"7213458",1005026605,,,,,,"m","cm",
1005026620,"7213459",1005026615,,,,,,"m","cm",
1005026682,"7213460",1005026677,,,,,,"m","cm",
1005026694,"7213461",1005026689,,,,,,"m","cm",
1005026719,"7213462",1005026714,,,,,,"m","cm",
1005026780,"7213463",1005026773,1,"10",1.50,4.57,"5","m","cm",4.21
1005027591,"7213479",1005027583,1,"10",3.10,6.10,"5","m","cm",6.03
1005027635,"7213480",1005027628,1,"10",1.83,3.35,"5","m","cm",6.03
1005027663,"7213481",1005027655,1,"10",3.10,6.10,"5","m","cm",6.03
1005027746,"7213482",1005027737,1,"10",9.14,12.19,"5","m","cm",6.03
1005029767,"7213493",1005029761,1,"10",1.50,4.57,"5","m","cm",4.82
1005029780,"7213494",1005029774,1,"10",2.13,5.10,"5","m","cm",4.82
1005029821,"7213495",1005029815,1,"10",2.44,5.60,"5","m","cm",4.82
1005029872,"7213496",1005029866,1,"10",1.83,4.88,"5","m","cm",4.82
1005030034,"7213500",1005030027,1,"10",2.44,5.49,"5","m","cm",6.03
1005030107,"7213501",1005030100,1,"10",1.83,4.88,"5","m","cm",4.83
1005025632,"7213502",1005025625,1,"10",1.83,4.88,"5","m","cm",4.82
1005025672,"7213503",1005025665,1,"10",1.83,4.88,"5","m","cm",4.82
1005025702,"7213504",1005025695,1,"10",1.83,4.88,"5","m","cm",4.82
1005025756,"7213505",1005025749,1,"10",1.83,4.88,"5","m","cm",4.82
1005029927,"7213562",1005029920,1,"10",1.50,4.57,"5","m","cm",4.82
1005029994,"7213563",1005029987,1,"10",1.50,4.57,"5","m","cm",4.82
1005030020,"7213564",1005030013,1,"10",1.52,4.57,"5","m","cm",4.82
1005030093,"7213565",1005030086,1,"10",1.52,4.57,"5","m","cm",4.82
1005030121,"7213566",1005030114,1,"10",1.52,4.57,"5","m","cm",4.82
1004991753,"7213938",1004991744,,,,,,"ft","inch",
1005020602,"7213943",1005020596,,,,,,"m","cm",
1005020667,"7213944",1005020661,,,,,,"m","cm",
1005020690,"7213945",1005020684,,,,,,"m","cm",
1005056144,"7214510",1005056138,1,"10",5.00,15.00,"5","ft","inch",2.00
1005056207,"7214511",1005056201,1,"10",10.00,20.00,"5","ft","inch",2.00
1004967636,"7214740",1004967629,1,"10",3.10,6.10,"5","m","cm",4.82
1005056660,"7214932",1005056655,1,"10",13.00,23.00,"5","ft","inch",2.00
1005040446,"7215036",1005040438,1,"10",3.30,6.40,"5","m","cm",4.82
1005040463,"7215037",1005040454,1,"10",3.35,6.40,"5","m","cm",4.82
1005040589,"7215038",1005040581,1,"10",14.02,17.07,"5","m","cm",4.82
1005059117,"7215094",1005059110,1,"10",1.50,4.57,"5","m","cm",4.82
1005057827,"7215393",1005057822,,,,,,"ft","inch",
1005057900,"7215394",1005057895,,,,,,"ft","inch",
1005057935,"7215395",1005057930,,,,,,"ft","inch",
1005057983,"7215396",1005057978,,,,,,"ft","inch",
1005058027,"7215397",1005058022,,,,,,"ft","inch",
1005058036,"7215398",1005058031,,,,,,"ft","inch",
1005058094,"7215399",1005058089,,,,,,"ft","inch",
1005058103,"7215400",1005058098,,,,,,"ft","inch",
1005058163,"7215401",1005058158,,,,,,"ft","inch",
1005058274,"7215402",1005058261,,,,,,"ft","inch",
1005058621,"7215405",1005058614,,,,,,"ft","inch",
1005071904,"7215410",1005071890,,,,,,"ft","inch",
1005037625,"7215428",1005037612,1,"20",25.31,38.12,"5","m","cm",12.70
1005037738,"7215430",1005037731,1,"8",8.24,9.45,"1","m","cm",13.97
1005037877,"7215431",1005037866,,,,,,"m","cm",
1005037914,"7215432",1005037907,1,"8",9.76,10.98,"1","m","cm",13.97
1005037961,"7215433",1005037954,1,"8",9.45,10.68,"1","m","cm",13.97
1005038015,"7215434",1005038007,,,,,,"m","cm",
1005038055,"7215435",1005038044,,,,,,"m","cm",
1005038107,"7215436",1005038095,,,,,,"m","cm",
1005038147,"7215437",1005038137,,,,,,"m","cm",
1005038187,"7215438",1005038176,,,,,,"m","cm",
1005044236,"7215492",1005044223,,,,,,"ft","inch",
1005044281,"7215493",1005044270,,,,,,"ft","inch",
1005047659,"7215568",1005047648,,,,,,"m","cm",
1005083651,"7215793",1005083644,1,"10",7.32,10.36,"5","m","cm",6.00
1005085745,"7215813",1005085737,,,,,,"m","cm",
1005077707,"7215987",1005077700,1,"10",1.82,3.96,"5","m","cm",4.83
1005077721,"7215988",1005077714,1,"10",1.82,3.92,"5","m","cm",4.83
1005077750,"7215989",1005077743,1,"10",1.82,3.96,"5","m","cm",6.03
1005073561,"7216034",1005073555,1,"10",0.91,2.44,"5","m","cm",6.03
1005073574,"7216035",1005073568,1,"10",0.91,2.44,"5","m","cm",6.03
1005073587,"7216036",1005073581,1,"10",0.91,2.44,"5","m","cm",6.20
1005073600,"7216037",1005073594,1,"10",0.91,2.44,"5","m","cm",6.03
1005073613,"7216038",1005073607,1,"10",0.91,2.44,"5","m","cm",6.20
1005073651,"7216039",1005073645,1,"10",0.91,2.44,"5","m","cm",6.03
1005073664,"7216040",1005073658,1,"10",0.61,2.44,"5","m","cm",6.03
1005073686,"7216041",1005073680,1,"10",0.61,2.44,"5","m","cm",6.03
1005073708,"7216042",1005073702,1,"10",5.49,8.53,"5","m","cm",6.03
1005073721,"7216043",1005073715,1,"10",0.61,2.44,"5","m","cm",6.03
1005073990,"7216057",1005073985,1,"10",0.91,2.13,"5","m","cm",4.21
1005074010,"7216058",1005074005,1,"10",0.91,2.13,"5","m","cm",4.21
1005074041,"7216059",1005074036,1,"10",0.91,2.13,"5","m","cm",4.21
1005074393,"7216078",1005074388,1,"10",1.22,3.66,"5","m","cm",4.21
1005074402,"7216079",1005074397,1,"10",1.22,3.66,"5","m","cm",4.21
1005074411,"7216080",1005074406,1,"10",2.13,5.18,"5","m","cm",4.21
1005074429,"7216081",1005074417,1,"10",1.22,4.27,"5","m","cm",4.21
1005074444,"7216082",1005074439,1,"10",,3.96,"5","m","cm",6.03
1005074454,"7216083",1005074449,1,"10",,3.66,"5","m","cm",6.03
1005074466,"7216084",1005074461,1,"10",,3.96,"5","m","cm",4.21
1005074965,"7216112",1005074960,1,,,,"5","m","cm",10.01
1005074976,"7216113",1005074971,1,,,,,"m","cm",10.92
1005074988,"7216114",1005074983,1,,,,"5","m","cm",10.92
1005075000,"7216115",1005074995,1,,,,"5","m","cm",4.21
1005075012,"7216116",1005075007,1,,,,,"m","cm",4.82
1005075024,"7216117",1005075019,1,,,,"5","m","cm",4.82
1005075035,"7216118",1005075030,1,,,,"5","m","cm",4.82
1005075049,"7216119",1005075042,1,"10",0.61,3.10,"5","m","cm",3.34
1005075062,"7216120",1005075055,1,"10",0.61,3.10,"5","m","cm",3.34
1005075075,"7216121",1005075068,1,"10",3.10,4.57,"5","m","cm",4.82
1005075089,"7216122",1005075081,1,"10",6.71,8.23,"5","m","cm",4.83
1005075454,"7216123",1005075446,1,"10",4.57,6.10,"5","m","cm",4.82
1005075473,"7216124",1005075466,1,"10",1.83,3.35,"5","m","cm",4.82
1005075502,"7216125",1005075497,1,"10",2.74,3.10,"5","m","cm",3.34
1005075591,"7216126",1005075586,1,"10",5.79,6.10,"5","m","cm",3.34
1005075613,"7216127",1005075608,1,"10",8.84,9.14,"5","m","cm",3.34
1005077838,"7216194",1005077830,1,"10",3.10,6.10,"5","m","cm",4.82
1005077853,"7216195",1005077845,1,"10",3.10,6.10,"5","m","cm",4.82
1005077868,"7216196",1005077860,1,"10",6.10,9.14,"5","m","cm",4.82
1005077883,"7216197",1005077875,1,"10",6.10,9.14,"5","m","cm",4.82
1005077898,"7216198",1005077890,1,"10",6.10,9.14,"5","m","cm",4.82
1005079890,"7216255",1005079885,1,"10",0.61,3.10,"5","m","cm",6.03
1005080018,"7216268",1005080011,1,"10",4.57,7.62,"5","m","cm",4.82
1005080031,"7216269",1005080024,1,"10",4.57,7.62,"5","m","cm",4.82
1005080044,"7216270",1005080037,1,"10",3.10,6.10,"5","m","cm",4.82
1005080058,"7216271",1005080050,1,"10",12.00,14.30,"5","m","cm",4.82
1005080071,"7216272",1005080064,1,"10",1.50,4.57,"5","m","cm",4.82
1005080084,"7216273",1005080077,1,"10",1.50,4.57,"5","m","cm",4.82
1005081146,"7216302",1005081137,,,,,,"m","cm",
1005081227,"7216304",1005081216,,,,,,"m","cm",
1005062895,"7216306",1005062884,,,,,,"m","cm",
1005063475,"7216308",1005063469,1,"10",20.00,10.00,"5","ft","inch",2.00
1005064380,"7216313",1005064374,1,,20.00,10.00,"5","ft","inch",2.00
1005064409,"7216314",1005064404,1,"10",5.00,15.00,"5","ft","inch",2.00
1005064456,"7216316",1005064451,1,"10",3.50,13.50,"5","ft","inch",2.00
1005081534,"7216378",1005081522,,,,,,"ft","inch",
1005086589,"7216515",1005086583,1,"10",60.00,70.00,"5","ft","inch",2.00
1005086611,"7216516",1005086606,,,,,,"ft","inch",
1005086618,"7216517",1005086613,,,,,,"ft","inch",
1005068952,"7216771",1005068947,1,,,,"5","ft","inch",
1005068960,"7216772",1005068955,1,"10",0.50,3.50,"5","m","cm",2.00
1005068371,"7216875",1005068363,1,"10",2.44,5.18,"5","m","cm",4.82
1005068436,"7216876",1005068429,1,"10",1.50,4.57,"5","m","cm",4.82
1005072163,"7216891",1005072155,1,"10",2.44,5.49,"5","m","cm",4.21
1005072178,"7216892",1005072170,1,"10",3.10,6.10,"5","m","cm",4.21
1005072207,"7216893",1005072199,1,"10",4.57,7.62,"5","m","cm",4.21
1005072352,"7216900",1005072344,1,"10",2.14,5.18,"5","m","cm",4.82
1005072406,"7216901",1005072398,1,"10",2.14,5.18,"5","m","cm",4.82
1005072461,"7216902",1005072453,1,"10",2.74,6.10,"5","m","cm",4.82
1005072500,"7216903",1005072492,1,"10",2.14,5.18,"5","m","cm",4.82
1005072561,"7216904",1005072553,1,"10",4.27,7.32,"5","m","cm",4.82
1005072605,"7216905",1005072597,1,"10",3.10,6.10,"5","m","cm",4.82
1005072627,"7216906",1005072619,1,"10",3.10,6.10,"5","m","cm",4.82
1005072648,"7216907",1005072640,1,"10",3.10,6.10,"5","m","cm",4.82
1005072685,"7216908",1005072677,1,"10",2.13,5.18,"5","m","cm",4.82
1005072777,"7216909",1005072769,1,"10",2.44,5.49,"5","m","cm",4.82
1005085550,"7217014",1005085545,1,"10",5.00,10.00,"5","ft","inch",1.25
1005086279,"7217032",1005086270,,,,,,"ft","inch",
1005089140,"7217094",1005089131,,,,,,"m","cm",
1005071135,"7217213",1005071123,,,,,,"ft","inch",
1005071263,"7217216",1005071248,,,,,,"ft","inch",
1005071303,"7217217",1005071293,,,,,,"ft","inch",
1005071467,"7217221",1005071462,,,,,,"ft","inch",
1005071629,"7217235",1005071619,,,,,,"ft","inch",
1005071645,"7217236",1005071634,,,,,,"ft","inch",
1005091987,"7217422",1005091980,1,"10",0.91,3.96,"5","m","cm",6.03
1005092009,"7217423",1005092002,1,"10",1.52,4.57,"5","m","cm",6.03
1005092695,"7217443",1005092688,1,"10",3.10,6.10,"5","m","cm",4.82
1005094395,"7217444",1005094388,1,"10",3.10,6.10,"5","m","cm",4.82
1005087277,"7217463",1005087270,1,"10",1.52,4.57,"5","m","cm",6.03
1005094949,"7217513",1005094942,1,"10",10.67,15.20,"5","m","cm",4.21
1005095013,"7217514",1005095006,1,"10",1.50,15.20,"5","m","cm",4.21
1005096806,"7217533",1005096798,1,"10",6.10,9.14,"5","m","cm",6.03
1005096852,"7217534",1005096844,1,"10",6.10,9.14,"5","m","cm",6.03
1005096952,"7217536",1005096945,1,"10",6.10,9.14,"5","m","cm",6.03
1005097023,"7217537",1005097016,1,"10",4.57,7.62,"5","m","cm",6.03
1005097110,"7217538",1005097103,1,"10",2.13,5.18,"5","m","cm",6.03
1005097165,"7217539",1005097160,,,,,,"m","cm",
1005099871,"7217546",1005099864,1,"10",1.83,4.88,"5","m","cm",4.82
1005107209,"7218023",1005107201,1,"10",9.75,12.80,"5","m","cm",6.03
1005107248,"7218024",1005107241,1,"10",0.91,3.96,"5","m","cm",6.03
1005107496,"7218032",1005107488,1,"10",1.50,4.57,"5","m","cm",4.82
1005107511,"7218033",1005107503,1,"10",1.22,4.27,"5","m","cm",4.82
1005093649,"7218163",1005093639,1,"10",6.40,9.45,"5","m","cm",4.82
1005093904,"7218167",1005093896,1,"10",8.00,18.00,"5","ft","inch",2.37
1005093964,"7218168",1005093957,1,"10",5.00,10.00,"5","ft","inch",2.37
1005093988,"7218169",1005093981,1,"10",3.10,6.10,"5","m","cm",4.82
1005094032,"7218170",1005094025,1,"10",1.50,5.79,"5","m","cm",4.82
1005094105,"7218171",1005094096,1,"10",4.27,11.89,"5","m","cm",4.82
1005099067,"7218201",1005099055,,,,,,"m","cm",
1005099109,"7218203",1005099099,,,,,,"m","cm",
1005099135,"7218204",1005099125,,,,,,"m","cm",
1005099160,"7218205",1005099153,,,,,,"m","cm",
1005099199,"7218206",1005099190,,,,,,"m","cm",
1005099227,"7218207",1005099217,,,,,,"m","cm",
1005099258,"7218208",1005099248,,,,,,"m","cm",
1005099909,"7218209",1005099898,,,,,,"m","cm",
1005100127,"7218211",1005100122,,,,,,"m","cm",
1005100140,"7218212",1005100135,,,,,,"m","cm",
1005100611,"7218213",1005100606,,,,,,"m","cm",
1005100630,"7218214",1005100617,,,,,,"m","cm",
1005100668,"7218215",1005100663,,,,,,"m","cm",
1005100708,"7218217",1005100697,,,,,,"m","cm",
1005101354,"7218218",1005101343,,,,,,"m","cm",
1005101519,"7218219",1005101510,,,,,,"m","cm",
1005101590,"7218221",1005101581,,,,,,"m","cm",
1005101745,"7218223",1005101736,,,,,,"m","cm",
1005101774,"7218224",1005101764,,,,,,"m","cm",
1005101819,"7218225",1005101808,,,,,,"m","cm",
1005101850,"7218226",1005101840,,,,,,"m","cm",
1005101887,"7218227",1005101875,,,,,,"m","cm",
1005101923,"7218228",1005101918,,,,,,"m","cm",
1005101931,"7218229",1005101926,,,,,,"m","cm",
1005101975,"7218233",1005101970,,,,,,"m","cm",
1005101997,"7218235",1005101992,,,,,,"m","cm",
1005102005,"7218236",1005102000,,,,,,"m","cm",
1005102640,"7218239",1005102630,,,,,,"m","cm",
1005103280,"7218241",1005103271,,,,,,"m","cm",
1005103320,"7218242",1005103310,,,,,,"m","cm",
1005103379,"7218244",1005103374,,,,,,"m","cm",
1005103388,"7218245",1005103382,,,,,,"m","cm",
1005103417,"7218246",1005103407,,,,,,"m","cm",
1005103543,"7218247",1005103535,,,,,,"m","cm",
1005104361,"7218249",1005104350,,,,,,"m","cm",
1005104392,"7218250",1005104382,,,,,,"m","cm",
1005104426,"7218251",1005104415,,,,,,"m","cm",
1005104518,"7218254",1005104510,,,,,,"m","cm",
1005106388,"7218311",1005106379,1,"16",38.00,42.00,"1","ft","inch",5.50
1005106420,"7218312",1005106411,1,"10",34.00,41.00,"1","ft","inch",5.00
1005106453,"7218313",1005106445,1,"10",43.00,47.00,"1","ft","inch",5.50
1005110736,"7218378",1005110725,,,,,,"ft","inch",
1005113401,"7218440",1005113396,,,,,,"ft","inch",
1005113409,"7218441",1005113404,,,,,,"ft","inch",
1005113570,"7218442",1005113565,,,,,,"ft","inch",
1005118891,"7218684",1005118880,,,,,,"m","cm",
1005118920,"7218685",1005118915,,,,,,"m","cm",
1005121301,"7218686",1005121292,,,,,,"m","cm",
1005111233,"7218687",1005111223,,,,,,"m","cm",
1005111302,"7218689",1005111293,,,,,,"m","cm",
1005111368,"7218691",1005111357,,,,,,"m","cm",
1005111396,"7218692",1005111386,,,,,,"m","cm",
1005111444,"7218695",1005111435,,,,,,"m","cm",
1005111593,"7218699",1005111582,,,,,,"m","cm",
1005111949,"7218700",1005111939,,,,,,"m","cm",
1005112052,"7218702",1005112043,,,,,,"m","cm",
1005112093,"7218703",1005112082,,,,,,"m","cm",
1005112128,"7218704",1005112119,,,,,,"m","cm",
1005112224,"7218707",1005112216,,,,,,"m","cm",
1005112258,"7218708",1005112249,,,,,,"m","cm",
1005112289,"7218709",1005112284,1,,,,,"m","cm",
1005112302,"7218710",1005112292,,,,,,"m","cm",
1005112344,"7218711",1005112333,,,,,,"m","cm",
1005112398,"7218712",1005112387,,,,,,"m","cm",
1005112546,"7218716",1005112541,1,,,,,"m","cm",
1005112558,"7218717",1005112549,,,,,,"m","cm",
1005112671,"7218720",1005112660,1,,,,,"m","cm",
1005112710,"7218721",1005112701,,,,,,"m","cm",
1005112790,"7218723",1005112779,,,,,,"m","cm",
1005112867,"7218725",1005112858,,,,,,"m","cm",
1005112974,"7218728",1005112968,,,,,,"m","cm",
1005112987,"7218729",1005112977,,,,,,"m","cm",
1005113019,"7218730",1005113009,,,,,,"m","cm",
1005113060,"7218731",1005113049,,,,,,"m","cm",
1005113096,"7218732",1005113089,1,"10",3.00,8.00,"5","ft","inch",2.00
1005115675,"7218766",1005115664,1,"10",24.38,27.43,"5","m","cm",3.89
1005133803,"7218925",1005133794,1,"10",2.60,,"5","m","cm",5.80
1005133895,"7218926",1005133884,1,"10",3.05,4.57,"5","m","cm",3.89
1005133991,"7218927",1005133982,1,"10",4.25,,"5","m","cm",3.89
1005134003,"7218928",1005133995,1,"10",3.05,,"5","m","cm",3.80
1005138323,"7218981",1005138317,1,"10",15.00,20.00,"5","ft","inch",2.00
1005138857,"7219021",1005138850,,,,,,"ft","inch",
1005129481,"7219344",1005129473,1,"10",5.18,8.23,"5","m","cm",6.03
1005129623,"7219345",1005129615,1,,,,"5","m","cm",
1005129639,"7219346",1005129631,1,"10",4.57,7.62,"5","m","cm",6.03
1005129694,"7219347",1005129687,,,,,,"m","cm",
1005129749,"7219348",1005129742,1,"10",12.10,15.20,"5","m","cm",4.82
1005129763,"7219349",1005129756,1,"10",,,"5","m","cm",4.82
1005132392,"7219385",1005132383,1,"10",10.00,26.00,"5","ft","inch",2.25
1005126472,"7219455",1005126462,,,,,,"ft","inch",
1005129029,"7219573",1005129024,,,,,,"ft","inch",
1005129039,"7219574",1005129034,,,,,,"ft","inch",
1005129049,"7219575",1005129044,,,,,,"ft","inch",
1005129085,"7219576",1005129080,,,,,,"ft","inch",
1005129102,"7219577",1005129097,,,,,,"ft","inch",
1005129159,"7219578",1005129154,,,,,,"ft","inch",
1005129168,"7219579",1005129163,,,,,,"ft","inch",
1005129190,"7219580",1005129172,,,,,,"ft","inch",
1005129317,"7219582",1005129306,,,,,,"ft","inch",
1005129371,"7219583",1005129358,,,,,,"ft","inch",
1005129429,"7219584",1005129415,,,,,,"ft","inch",
1005129500,"7219585",1005129488,,,,,,"ft","inch",
1005129542,"7219586",1005129530,,,,,,"ft","inch",
1005129656,"7219588",1005129646,,,,,,"ft","inch",
1005129796,"7219590",1005129783,,,,,,"ft","inch",
1005129840,"7219591",1005129827,,,,,,"ft","inch",
1005129882,"7219592",1005129871,,,,,,"ft","inch",
1005135890,"7219638",1005135881,,,,,,"ft","inch",
1005135927,"7219639",1005135921,,,,,,"ft","inch",
1005146132,"7219843",1005146123,,,,,,"m","cm",
1005146142,"7219844",1005146136,1,"10",3.07,4.60,"5","m","cm",5.10
1005147666,"7219882",1005147660,,,,,,"m","cm",
1005152875,"7220405",1005152867,1,"10",2.13,3.66,"5","m","cm",6.03
1005152907,"7220406",1005152899,1,"10",2.13,3.66,"5","m","cm",6.03
1005152933,"7220407",1005152925,,,,,,"m","cm",
1005153191,"7220408",1005153183,1,"10",1.83,3.35,"5","m","cm",6.03
1005153251,"7220409",1005153243,,,,,,"m","cm",
1005154463,"7220435",1005154455,1,"10",1.83,3.35,"5","m","cm",6.03
1005154476,"7220436",1005154468,1,"10",1.83,3.35,"5","m","cm",6.03
1005154491,"7220437",1005154483,1,,1.83,3.35,"5","m","cm",6.03
1005154506,"7220438",1005154498,1,"10",1.83,3.35,"5","m","cm",6.03
1005154520,"7220439",1005154513,1,"10",2.13,3.66,"5","m","cm",6.03
1005154534,"7220440",1005154527,1,"10",2.13,3.66,"5","m","cm",6.03
1005154548,"7220441",1005154541,1,"10",2.13,3.66,"5","m","cm",6.03
1005154562,"7220442",1005154555,1,"10",2.13,3.66,"5","m","cm",6.03
1005154576,"7220443",1005154569,1,"10",2.13,3.66,"5","m","cm",6.03
1005154606,"7220444",1005154598,1,"10",2.13,3.66,"5","m","cm",6.03
1005154636,"7220446",1005154628,1,"10",2.13,3.66,"5","m","cm",6.03
1005156516,"7220510",1005156508,1,"10",15.24,18.28,"5","m","cm",6.03
1005156711,"7220520",1005156704,1,"10",1.22,4.27,"5","m","cm",4.82
1005156725,"7220521",1005156718,1,"10",4.00,14.00,"5","ft","inch",1.90
1005156739,"7220522",1005156732,1,"10",5.00,15.00,"5","ft","inch",1.90
1005145177,"7220595",1005145168,,,,,,"ft","inch",
1005172362,"7220779",1005172354,1,"10",3.10,6.10,"5","m","cm",3.80
1005172375,"7220780",1005172366,1,"10",5.80,10.44,"5","m","cm",5.80
1005172387,"7220781",1005172379,1,"10",6.20,9.20,"5","m","cm",5.00
1005172401,"7220782",1005172391,1,"10",12.40,15.39,"5","m","cm",5.10
1005172413,"7220783",1005172405,1,"10",21.00,22.86,"5","m","cm",3.80
1005172802,"7220784",1005172794,1,"10",3.20,6.20,"5","m","cm",3.80
1005172827,"7220785",1005172818,1,"10",1.80,4.88,"5","m","cm",3.80
1005172839,"7220786",1005172831,1,"10",3.00,4.57,"5","m","cm",3.80
1005173032,"7220787",1005173023,1,"10",3.00,3.10,,"m","cm",3.80
1005164484,"7220875",1005164474,,,,,,"ft","inch",
1004968814,"7220936",1004968809,,,,,,"ft","inch",
1005157095,"7220938",1005157090,,,,,,"ft","inch",
1004968971,"7220942",1004968963,,,,,,"ft","inch",
1004988146,"7220944",1004988140,,,,,,"m","cm",
1005166109,"7220992",1005166102,1,"10",1.52,4.57,"5","m","cm",4.82
1005166165,"7220993",1005166160,1,"10",0.91,3.35,"5","m","cm",6.03
1005166178,"7220994",1005166172,1,"10",1.22,4.27,"5","m","cm",6.03
1005166191,"7220995",1005166185,1,"10",1.00,3.84,"5","m","cm",6.03
1005166523,"7221013",1005166517,1,"10",3.10,6.10,"5","m","cm",6.03
1005166536,"7221014",1005166529,1,"10",3.10,6.10,"5","m","cm",6.03
1005166548,"7221015",1005166542,1,"10",3.10,6.10,"5","m","cm",6.03
1005166650,"7221019",1005166644,1,"10",1.22,4.27,"5","m","cm",4.82
1005166678,"7221020",1005166672,1,"10",1.50,3.10,"5","m","cm",4.82
1005166755,"7221021",1005166748,1,"10",1.52,4.57,"5","m","cm",4.82
1005166792,"7221022",1005166785,1,"10",1.52,4.57,"5","m","cm",4.82
1005166821,"7221023",1005166814,1,"10",1.52,4.57,"5","m","cm",4.82
1005166847,"7221024",1005166840,1,"10",1.50,4.57,"5","m","cm",4.82
1005166873,"7221025",1005166866,1,"10",1.50,4.57,"5","m","cm",4.82
1005166916,"7221026",1005166909,1,"10",1.50,4.57,"5","m","cm",4.82
1005166928,"7221027",1005166921,1,"10",1.50,4.57,"5","m","cm",4.82
1005167050,"7221028",1005167044,1,"10",1.60,4.57,"5","m","cm",4.82
1005167077,"7221029",1005167071,1,"10",1.60,4.57,"5","m","cm",4.82
1004992562,"7221113",1004992556,1,"10",1.22,4.27,"5","ft","inch",6.03
1004992612,"7221114",1004992607,1,"10",0.91,2.74,"5","m","cm",6.03
1005167358,"7221152",1005167348,1,"10",15.00,30.00,"5","ft","inch",2.37
1005167387,"7221153",1005167380,1,"10",3.10,6.10,"5","m","cm",4.82
1005167416,"7221154",1005167408,1,"10",3.10,6.10,"5","m","cm",4.82
1005168087,"7221155",1005168079,1,"10",10.00,20.00,"5","ft","inch",1.90
1005168126,"7221156",1005168120,1,"10",1.83,4.88,"5","m","cm",4.82
1005168148,"7221157",1005168142,1,"10",1.50,4.57,"5","m","cm",4.82
1005168175,"7221158",1005168169,1,"10",1.50,4.57,"5","m","cm",4.82
1005169002,"7221187",1005168996,1,"5",,,"5","m","cm",6.03
1005169014,"7221188",1005169008,1,"5",1.22,3.66,"5","m","cm",6.03
1005169027,"7221189",1005169021,,,,,,"m","cm",
1005169039,"7221190",1005169033,1,"10",1.22,3.66,"5","m","cm",6.03
1005169049,"7221191",1005169043,,,,,,"m","cm",
1005169064,"7221192",1005169058,,,,,,"m","cm",
1005169080,"7221193",1005169074,,,,,,"m","cm",
1005169095,"7221194",1005169089,,,,,,"m","cm",
1005169112,"7221195",1005169107,1,"10",1.22,2.74,"5","m","cm",3.34
1005158482,"7221222",1005158475,1,"10",3.66,8.13,"5","m","cm",6.03
1005158507,"7221223",1005158501,1,"10",3.35,7.93,"5","m","cm",6.03
1005158528,"7221224",1005158521,1,"10",3.66,8.23,"5","m","cm",6.03
1005124513,"7221348",1005124505,,,,,,"ft","inch",
1005124829,"7221411",1005124821,1,"10",6.10,9.14,"5","m","cm",4.82
1005182679,"7221757",1005182674,1,,,,"5","m","cm",1.25
1005184553,"7221811",1005184546,1,"10",1.50,4.57,"5","m","cm",4.20
1005184567,"7221812",1005184560,1,"10",1.50,4.57,"5","m","cm",4.20
1005184810,"7221821",1005184804,1,"10",,,"5","m","cm",6.03
1005184828,"7221822",1005184822,1,"10",,,"5","m","cm",4.82
1005184841,"7221823",1005184834,1,"10",0.91,3.96,"5","m","cm",4.82
1005185585,"7221824",1005185579,,,,,,"m","cm",
1005185597,"7221825",1005185591,1,"10",,,"5","m","cm",6.03
1005185705,"7221826",1005185699,1,,,,,"m","cm",0.36
1005186077,"7221827",1005186071,1,"10",,,"5","m","cm",4.03
1005186089,"7221828",1005186083,1,"10",1.50,4.57,"5","m","cm",6.03
1005186101,"7221829",1005186095,1,"10",,,"5","m","cm",4.82
1005190990,"7221904",1005190980,,,,,,"ft","inch",
1005211609,"7222117",1005211604,,,,,,"ft","inch",
1005225412,"7222177",1005225399,,,,,,"ft","inch",
1005182254,"7222292",1005182244,,,,,,"m","cm",
1005182295,"7222296",1005182285,,,,,,"ft","inch",
1005182394,"7222297",1005182380,,,,,,"ft","inch",
1005182596,"7222299",1005182581,,,,,,"ft","inch",
1005182752,"7222301",1005182738,,,,,,"ft","inch",
1005182810,"7222302",1005182797,,,,,,"ft","inch",
1005182879,"7222303",1005182868,,,,,,"ft","inch",
1005182934,"7222304",1005182922,,,,,,"ft","inch",
1005183017,"7222306",1005183007,,,,,,"ft","inch",
1005183087,"7222307",1005183072,,,,,,"ft","inch",
1005183133,"7222308",1005183121,,,,,,"ft","inch",
1005183204,"7222309",1005183192,,,,,,"ft","inch",
1005183403,"7222312",1005183391,,,,,,"ft","inch",
1005183483,"7222313",1005183472,,,,,,"ft","inch",
1005183871,"7222316",1005183860,,,,,,"ft","inch",
1005184053,"7222318",1005184040,,,,,,"ft","inch",
1005184114,"7222319",1005184099,,,,,,"ft","inch",
1005184152,"7222320",1005184144,,,,,,"ft","inch",
1005184229,"7222321",1005184211,,,,,,"ft","inch",
1005184291,"7222322",1005184275,,,,,,"ft","inch",
1005184351,"7222323",1005184337,,,,,,"ft","inch",
1005184455,"7222324",1005184441,,,,,,"ft","inch",
1005184502,"7222325",1005184486,,,,,,"ft","inch",
1005184615,"7222326",1005184605,,,,,,"ft","inch",
1005184861,"7222328",1005184848,,,,,,"ft","inch",
1005185659,"7222329",1005185648,,,,,,"ft","inch",
1005185727,"7222330",1005185711,,,,,,"ft","inch",
1005185962,"7222332",1005185946,,,,,,"ft","inch",
1005186603,"7222334",1005186589,,,,,,"ft","inch",
1005186644,"7222335",1005186634,,,,,,"ft","inch",
1005186686,"7222336",1005186675,,,,,,"ft","inch",
1005186730,"7222337",1005186717,,,,,,"ft","inch",
1005186765,"7222338",1005186760,,,,,,"ft","inch",
1005186785,"7222340",1005186780,,,,,,"ft","inch",
1005186795,"7222341",1005186790,,,,,,"ft","inch",
1005186805,"7222342",1005186800,,,,,,"ft","inch",
1005186817,"7222343",1005186812,,,,,,"ft","inch",
1005186842,"7222345",1005186837,,,,,,"ft","inch",
1005186875,"7222348",1005186870,,,,,,"ft","inch",
1005187537,"7222361",1005187532,,,,,,"m","cm",
1005187615,"7222362",1005187610,,,,,,"m","cm",
1005187633,"7222363",1005187628,,,,,,"m","cm",
1005187918,"7222386",1005187911,1,"10",0.92,3.07,"5","m","cm",6.28
1005187967,"7222387",1005187959,1,"10",0.92,3.99,"5","m","cm",6.28
1005187979,"7222388",1005187972,1,"10",0.92,3.99,"5","m","cm",6.28
1005193385,"7222476",1005193375,,,,,,"m","cm",
1005193817,"7222480",1005193806,,,,,,"m","cm",
1005193929,"7222481",1005193918,,,,,,"m","cm",
1005194067,"7222482",1005194058,,,,,,"m","cm",
1005194224,"7222484",1005194214,,,,,,"m","cm",
1005194301,"7222485",1005194291,1,,,,,"m","cm",
1005194387,"7222486",1005194377,,,,,,"m","cm",
1005194433,"7222487",1005194423,,,,,,"m","cm",
1005194544,"7222488",1005194533,,,,,,"m","cm",
1005194683,"7222489",1005194673,,,,,,"m","cm",
1005194808,"7222490",1005194798,,,,,,"m","cm",
1005195534,"7222493",1005195524,,,,,,"m","cm",
1005195785,"7222496",1005195774,,,,,,"m","cm",
1005196300,"7222499",1005196295,,,,,,"ft","inch",
1005196365,"7222500",1005196356,,,,,,"m","cm",
1005196684,"7222501",1005196671,,,,,,"m","cm",
1005196985,"7222502",1005196976,,,,,,"m","cm",
1005198062,"7222503",1005198049,,,,,,"m","cm",
1005198097,"7222504",1005198092,,,,,,"m","cm",
1005198105,"7222505",1005198100,,,,,,"m","cm",
1005198116,"7222506",1005198111,1,,,,,"m","cm",
1005198145,"7222508",1005198133,,,,,,"m","cm",
1005207493,"7222585",1005207488,,,,,,"ft","inch",
1005212458,"7222666",1005212451,1,"10",3.66,6.71,"5","m","cm",4.21
1005212472,"7222667",1005212465,1,"10",4.27,7.32,"5","m","cm",4.21
1005213928,"7222684",1005213922,1,"10",1.50,3.10,"5","m","cm",5.20
1005213951,"7222685",1005213945,1,"10",4.57,6.10,"5","m","cm",6.03
1005213976,"7222686",1005213971,1,"5",1.50,3.10,"5","m","cm",4.82
1005214037,"7222687",1005214032,1,"5",4.57,6.10,"5","m","cm",4.82
1005200086,"7222850",1005200080,1,"10",0.91,3.10,"5","m","cm",4.82
1005200207,"7222851",1005200201,1,"10",0.91,3.10,"5","m","cm",4.82
1005200271,"7222852",1005200265,1,"10",0.91,3.10,"5","m","cm",9.82
1005200403,"7222853",1005200397,1,"10",0.91,3.10,"5","m","cm",4.82
1005200417,"7222854",1005200410,1,"10",3.10,6.10,"5","m","cm",4.82
1005200431,"7222855",1005200424,1,"10",3.10,6.10,"5","m","cm",4.82
1005200488,"7222856",1005200481,1,"10",3.10,6.10,"5","m","cm",4.82
1005200501,"7222857",1005200495,1,"10",0.91,3.10,"5","m","cm",4.82
1005200554,"7222858",1005200548,1,"10",0.91,3.10,"5","m","cm",4.82
1005200568,"7222859",1005200561,1,"10",1.52,4.57,"5","m","cm",4.82
1005200582,"7222860",1005200575,1,"10",1.52,4.57,"5","m","cm",4.82
1005200596,"7222861",1005200589,1,"10",1.52,4.57,"5","m","cm",4.82
1005200757,"7222878",1005200751,1,"10",8.00,18.00,"5","ft","inch",2.00
1005200767,"7222879",1005200761,1,"10",8.00,18.00,"5","ft","inch",2.00
1005132630,"7222998",1005132625,,,,,,"ft","inch",
1005204345,"7223393",1005204335,1,"10",2.90,4.40,"5","m","cm",
1005204456,"7223394",1005204445,1,"10",7.40,9.40,"5","m","cm",
1005205287,"7223402",1005205281,1,"10",3.20,4.70,"5","m","cm",5.80
1005205300,"7223403",1005205291,1,"10",6.10,7.87,"5","m","cm",3.80
1005205312,"7223404",1005205304,1,"10",9.20,12.62,"5","m","cm",3.80
1005207962,"7223470",1005207953,,,,,,"m","cm",
1005208167,"7223473",1005208157,,,,,,"m","cm",
1005208496,"7223475",1005208487,,,,,,"m","cm",
1005208668,"7223477",1005208658,1,,,,,"m","cm",
1005208753,"7223479",1005208745,1,".48",0.60,34.84,"1","m","cm",5.55
1005215323,"7223610",1005215317,,,,,,"m","cm",
1005215338,"7223611",1005215328,,,,,,"m","cm",
1005215737,"7223612",1005215726,,,,,,"m","cm",
1005215946,"7223615",1005215935,,,,,,"m","cm",
1005217214,"7223641",1005217205,,,,,,"ft","inch",
1005221468,"7223725",1005221456,,,,,,"ft","inch",
1005221510,"7223726",1005221499,,,,,,"ft","inch",
1005221550,"7223727",1005221541,,,,,,"ft","inch",
1005221706,"7223734",1005221696,,,,,,"m","cm",
1005221749,"7223735",1005221737,,,,,,"m","cm",
1005221795,"7223736",1005221784,,,,,,"m","cm",
1005221985,"7223740",1005221977,,,,,,"m","cm",
1005222106,"7223743",1005222096,,,,,,"m","cm",
1005231304,"7224068",1005231296,1,"10",1.50,4.57,"5","m","cm",4.82
1005232970,"7224109",1005232963,1,"10",1.50,4.57,"5","m","cm",6.03
1005233045,"7224110",1005233038,1,"10",1.22,2.74,"5","m","cm",6.03
1005233762,"7224130",1005233756,1,"10",1.50,4.57,"5","m","cm",6.03
1005233789,"7224131",1005233782,1,"10",1.50,4.57,"5","m","cm",6.03
1005233803,"7224132",1005233796,1,"10",1.50,4.57,"5","m","cm",6.03
1005233817,"7224133",1005233810,1,"10",1.50,4.57,"5","m","cm",6.03
1005233831,"7224134",1005233824,1,"10",3.10,6.10,"5","m","cm",6.03
1005233845,"7224135",1005233838,1,"10",3.10,6.10,"5","m","cm",6.03
1005233859,"7224136",1005233852,1,,,,,"m","cm",6.03
1005233873,"7224137",1005233866,1,"10",1.50,4.57,"5","m","cm",6.63
1005234011,"7224147",1005234004,1,"10",1.22,2.34,"5","m","cm",6.03
1005234025,"7224148",1005234018,1,"10",0.91,2.44,"5","m","cm",6.03
1005234039,"7224149",1005234032,1,"10",1.22,2.74,"5","m","cm",6.03
1005234200,"7224157",1005234193,1,"10",1.50,4.57,"5","m","cm",6.03
1005234340,"7224160",1005234333,1,"10",1.50,4.57,"5","m","cm",6.03
1005234410,"7224165",1005234402,1,"10",1.50,4.57,"5","m","cm",6.03
1005234424,"7224166",1005234416,1,"10",1.50,4.57,"5","m","cm",4.82
1005235009,"7224187",1005235004,1,"10",1.50,3.10,"5","m","cm",6.03
1005235019,"7224188",1005235014,1,"10",1.22,2.70,"5","m","cm",6.03
1005235026,"7224189",1005235021,1,"10",1.50,4.57,"5","m","cm",6.03
1005233161,"7224358",1005233154,1,"10",1.50,3.10,"5","m","cm",6.03
1005233189,"7224359",1005233182,1,"10",1.50,3.10,"5","m","cm",6.03
1005237889,"7224465",1005237882,1,"10",7.00,10.00,"5","ft","inch",2.00
1005237903,"7224466",1005237896,1,"10",7.00,10.00,"5","ft","inch",1.25
1005249927,"7224576",1005249918,,,,,,"ft","inch",
1005250582,"7224587",1005250575,,,,,,"ft","inch",
1005254512,"7224651",1005254505,1,"10",1.85,4.87,"5","m","cm",3.89
1005254524,"7224652",1005254516,1,"10",2.50,4.87,"5","m","cm",3.89
1005254536,"7224653",1005254528,1,"10",1.85,4.87,"5","m","cm",3.89
1005254545,"7224654",1005254540,,,,,,"m","cm",
1005254553,"7224655",1005254548,,,,,,"m","cm",
1005254561,"7224656",1005254556,,,,,,"m","cm",
1005266769,"7224839",1005266758,,,,,,"m","cm",
1005266847,"7224841",1005266839,1,,,,,"m","cm",
1005267605,"7224842",1005267598,,,,,,"m","cm",
1005267631,"7224844",1005267624,,,,,,"m","cm",
1005267642,"7224845",1005267635,,,,,,"m","cm",
1005267735,"7224848",1005267726,,,,,,"m","cm",
1005176336,"7225113",1005176331,1,,4.00,6.00,"5","m","mm",59.00
1005176345,"7225114",1005176340,1,".01",1.50,3.00,"5","m","mm",59.00
1005177154,"7225178",1005177146,,,,,,"m","cm",
1005177234,"7225180",1005177226,,,,,,"m","cm",
1005179676,"7225232",1005179667,1,".48",0.60,14.84,"1","m","cm",15.55
1005179677,"7225232",1005179667,2,,,,,"m","cm",
1005179813,"7225235",1005179803,,,,,,"m","cm",
1005179984,"7225238",1005179973,1,,,,,"m","cm",
1005227527,"7225303",1005227522,,,,,,"m","cm",
1005270632,"7225371",1005270624,1,"10",2.74,5.79,"5","m","cm",4.21
1005270649,"7225372",1005270642,1,"10",7.62,9.14,"5","m","cm",6.03
1005270669,"7225373",1005270662,1,"10",3.66,6.70,"5","m","cm",6.03
1005270683,"7225374",1005270676,1,"10",3.96,7.01,"5","m","cm",6.03
1005271179,"7225387",1005271174,1,,,,"5","m","cm",4.21
1005271191,"7225388",1005271186,1,,,,"5","m","cm",4.21
1005271203,"7225389",1005271198,1,,,,"5","m","cm",4.21
1005271227,"7225390",1005271222,1,,,,"5","m","cm",4.21
1005271359,"7225394",1005271354,1,"10",,,"5","m","cm",4.82
1005271381,"7225395",1005271376,1,"10",,,"5","m","cm",4.82
1005271418,"7225396",1005271413,1,"10",,,"5","m","cm",6.03
1005271436,"7225397",1005271431,1,"10",3.96,7.01,"5","m","cm",4.33
1005272399,"7225424",1005272394,1,"10",,5.49,"5","m","cm",4.21
1005272424,"7225425",1005272419,1,"10",,6.10,"5","m","cm",6.03
1005272435,"7225426",1005272430,1,"10",,5.49,"5","m","cm",47.82
1005272460,"7225427",1005272455,1,"10",,4.88,"5","m","cm",4.82
1005274850,"7225492",1005274845,1,"10",,2.74,"5","m","cm",4.82
1005274861,"7225493",1005274856,1,"10",,5.79,"5","m","cm",4.21
1005274876,"7225494",1005274867,1,"10",3.65,5.18,"5","m","cm",6.03
1005274891,"7225495",1005274883,1,"10",3.65,5.18,"5","m","cm",6.03
1005274906,"7225496",1005274898,1,"10",3.65,5.18,"5","m","cm",6.03
1005274919,"7225497",1005274913,1,"10",3.65,5.18,"5","m","cm",6.03
1005274932,"7225498",1005274926,1,"10",3.65,5.18,"5","m","cm",6.03
1005276120,"7225530",1005276113,1,"10",4.57,6.10,"5","m","cm",6.03
1005278641,"7225562",1005278633,1,"10",3.65,5.18,"5","m","cm",6.03
1005278677,"7225563",1005278669,1,"10",3.65,5.18,"5","m","cm",6.03
1005278692,"7225564",1005278684,1,"10",4.27,5.79,"5","m","cm",4.82
1005278707,"7225565",1005278699,1,"10",6.70,8.22,"5","m","cm",6.03
1005278722,"7225566",1005278714,1,"10",6.70,8.22,"5","m","cm",6.03
1005278736,"7225567",1005278729,1,"10",2.44,3.96,"5","m","cm",6.03
1005278751,"7225568",1005278743,1,"10",3.65,5.18,"5","m","cm",6.03
1005278766,"7225569",1005278758,1,"10",3.65,5.18,"5","m","cm",6.03
1005278781,"7225570",1005278773,1,"10",3.65,5.18,"5","m","cm",6.03
1005278835,"7225571",1005278827,1,"10",3.65,5.18,"5","m","cm",6.03
1005278850,"7225572",1005278842,1,"10",3.66,5.18,"5","m","cm",6.03
1005278877,"7225573",1005278869,1,"10",6.70,8.22,"5","m","cm",6.03
1005278892,"7225574",1005278884,1,"10",3.65,5.18,"5","m","cm",6.03
1005278906,"7225575",1005278899,1,"10",2.13,3.66,"5","m","cm",6.03
1005278921,"7225576",1005278913,1,"10",3.66,5.18,"5","m","cm",6.03
1005278936,"7225577",1005278928,1,"10",3.66,5.18,"5","m","cm",6.03
1005278966,"7225578",1005278958,1,"10",3.65,5.18,"5","m","cm",6.03
1005279184,"7225593",1005279178,,,,,,"ft","inch",
1005302670,"7225930",1005302660,,,,,,"ft","inch",
1005303072,"7225980",1005303065,1,"10",5.00,15.00,"5","ft","inch",2.00
1005303172,"7225983",1005303163,1,"10",40.00,50.00,"5","ft","inch",2.00
1005303259,"7225984",1005303247,1,"10",52.00,62.00,"5","ft","inch",2.00
1005303298,"7225985",1005303291,1,"10",36.00,46.00,"5","ft","inch",2.00
1005303311,"7225986",1005303302,1,"10",69.00,79.00,"5","ft","inch",2.00
1005303312,"7225986",1005303302,2,,,,,"ft","inch",
1005303323,"7225987",1005303316,1,"10",53.00,63.00,"5","ft","inch",2.00
1005303334,"7225988",1005303327,1,"10",40.00,50.00,"5","ft","inch",2.00
1005303347,"7225989",1005303338,1,"10",57.00,67.00,"5","ft","inch",2.00
1005303358,"7225990",1005303351,1,"10",26.00,36.00,"5","ft","inch",2.00
1005332653,"7226085",1005332645,,,,,,"m","cm",
1005348719,"7226311",1005348713,1,"10",10.00,15.00,"5","ft","inch",2.00
1005348729,"7226312",1005348723,1,"10",10.00,15.00,"5","ft","inch",2.00
1005348739,"7226313",1005348733,1,"10",10.00,15.00,"5","ft","inch",2.00
1005240920,"7226474",1005240915,,,,,,"ft","inch",
1005240935,"7226475",1005240930,,,,,,"ft","inch",
1005240999,"7226477",1005240986,,,,,,"ft","inch",
1005241042,"7226478",1005241030,,,,,,"ft","inch",
1005241145,"7226479",1005241132,,,,,,"ft","inch",
1005241241,"7226481",1005241232,,,,,,"ft","inch",
1005241638,"7226486",1005241626,,,,,,"ft","inch",
1005241822,"7226489",1005241811,,,,,,"ft","inch",
1005241955,"7226490",1005241943,,,,,,"ft","inch",
1005242194,"7226495",1005242180,,,,,,"ft","inch",
1005242329,"7226498",1005242314,,,,,,"ft","inch",
1005242371,"7226499",1005242359,,,,,,"ft","inch",
1005242414,"7226500",1005242402,,,,,,"ft","inch",
1005242582,"7226502",1005242573,,,,,,"ft","inch",
1005242739,"7226505",1005242723,,,,,,"ft","inch",
1005242819,"7226507",1005242814,,,,,,"ft","inch",
1005242829,"7226508",1005242824,,,,,,"ft","inch",
1005242846,"7226510",1005242841,,,,,,"ft","inch",
1005242880,"7226513",1005242868,1,,84.00,110.00,"4","ft","inch",5.87
1005242940,"7226514",1005242925,,,,,,"ft","inch",
1005243139,"7226515",1005243126,,,,,,"ft","inch",
1005243191,"7226516",1005243175,,,,,,"ft","inch",
1005243309,"7226518",1005243297,,,,,,"ft","inch",
1005243477,"7226520",1005243463,1,,,,,"ft","inch",
1005244359,"7226526",1005244344,,,,,,"ft","inch",
1005244402,"7226527",1005244390,,,,,,"ft","inch",
1005244448,"7226528",1005244433,,,,,,"ft","inch",
1005244493,"7226529",1005244479,,,,,,"ft","inch",
1005244617,"7226532",1005244607,,,,,,"ft","inch",
1005244660,"7226533",1005244647,,,,,,"ft","inch",
1005244706,"7226534",1005244691,,,,,,"ft","inch",
1005244749,"7226535",1005244737,,,,,,"ft","inch",
1005244869,"7226541",1005244864,,,,,,"m","cm",
1005244877,"7226542",1005244872,1,,,,,"m","cm",
1005245267,"7226543",1005245258,1,"10",1.85,4.60,"5","m","cm",5.86
1005245328,"7226544",1005245319,1,"10",1.90,4.60,"5","m","cm",5.86
1005245339,"7226545",1005245332,1,"10",1.70,4.60,"5","m","cm",5.86
1005245351,"7226546",1005245343,1,"10",1.40,4.50,"5","m","cm",5.86
1005245366,"7226547",1005245358,1,"10",1.90,4.50,"5","m","cm",5.86
1005245378,"7226548",1005245370,1,"10",1.85,4.60,"5","m","cm",5.86
1005251479,"7226651",1005251469,,,,,,"ft","inch",
1005256283,"7226780",1005256278,1,,,,"5","m","cm",6.03
1005256342,"7226781",1005256337,1,,,,"5","m","cm",6.03
1005256386,"7226782",1005256381,1,,,,"5","ft","inch",6.03
1005256423,"7226783",1005256418,1,,,,"5","m","cm",6.03
1005256435,"7226784",1005256430,1,,,,"5","m","cm",6.03
1005256447,"7226785",1005256442,,,,,,"m","cm",
1005256459,"7226786",1005256454,,,,,,"m","cm",
1005262959,"7226796",1005262953,1,"10",3.10,6.10,"5","m","cm",6.03
1005262971,"7226797",1005262966,1,"10",,,"5","m","cm",6.03
1005262980,"7226798",1005262975,,,,,,"m","cm",
1005262993,"7226799",1005262986,1,"10",3.10,6.10,"5","m","cm",6.03
1005263007,"7226800",1005263000,1,"10",3.10,6.10,"5","m","cm",6.03
1005263021,"7226801",1005263014,1,"10",6.71,9.14,"5","m","cm",6.03
1005263033,"7226802",1005263028,1,,,,"5","m","cm",6.03
1005263045,"7226803",1005263040,1,,,,"5","m","cm",6.03
1005263058,"7226804",1005263051,1,"10",6.71,9.14,"5","m","cm",6.03
1005263072,"7226805",1005263065,1,"10",3.10,6.10,"5","m","cm",6.03
1005328758,"7226959",1005328750,1,"10",2.44,5.49,"5","m","cm",4.21
1005328774,"7226960",1005328765,1,"10",1.83,4.88,"5","m","cm",4.21
1005329163,"7226984",1005329156,1,"10",6.10,9.14,"5","m","cm",6.03
1005329181,"7226985",1005329173,1,"10",6.10,9.14,"5","m","cm",6.03
1005329196,"7226986",1005329188,1,"10",6.10,9.14,"5","m","cm",6.03
1005331466,"7227031",1005331457,1,"10",2.74,4.27,"5","m","cm",4.21
1005331527,"7227032",1005331518,1,"10",2.74,5.45,"5","m","cm",4.21
1005331767,"7227036",1005331760,1,"10",1.22,4.27,"5","m","cm",4.82
1005332176,"7227056",1005332168,1,"10",3.66,5.18,"5","m","cm",4.21
1005345942,"7227287",1005345937,,,,,,"ft","inch",
1005350651,"7227293",1005350640,,,,,,"ft","inch",
1005356229,"7227433",1005356219,1,"12",58.50,41.00,"1","ft","inch",5.50
1005356260,"7227434",1005356248,1,"12",65.00,47.50,"1","ft","inch",5.00
1005356302,"7227435",1005356291,,,,,,"ft","inch",
1005356314,"7227436",1005356306,,,,,,"ft","inch",
1005356337,"7227437",1005356327,,,,,,"ft","inch",
1005359898,"7227438",1005359893,,,,,,"ft","inch",
1005378959,"7227708",1005378954,1,"10",5.00,10.00,"5","ft","inch",2.00
1005379190,"7227730",1005379185,1,,,,"5","m","cm",
1005379287,"7227736",1005379282,1,"10",2.13,5.18,"5","m","cm",6.03
1005379600,"7227752",1005379593,1,"10",2.44,4.57,"5","m","cm",6.03
1005379742,"7227758",1005379735,1,"10",1.22,4.27,"5","m","cm",4.82
1005381677,"7227759",1005381669,1,"10",1.22,4.27,"5","m","cm",4.82
1005381700,"7227760",1005381692,1,"10",1.50,4.57,"5","m","cm",4.82
1005381825,"7227765",1005381818,1,"10",1.22,3.35,"5","m","cm",4.82
1005381840,"7227766",1005381832,1,"10",7.62,9.14,"5","m","cm",4.82
1005381856,"7227767",1005381847,1,"10",10.67,12.19,"5","m","cm",4.82
1005381872,"7227768",1005381863,1,"10",10.67,12.19,"5","m","cm",4.87
1005381900,"7227769",1005381892,1,"10",7.62,9.14,"5","m","cm",4.82
1005394115,"7227808",1005394108,1,"10",1.50,4.57,"5","m","cm",4.82
1005394129,"7227809",1005394122,1,"10",1.50,4.57,"5","m","cm",4.82
1005394687,"7227810",1005394680,1,"10",1.50,4.57,"5","m","cm",4.85
1005394832,"7227811",1005394825,1,"10",1.50,4.57,"5","m","cm",4.82
1005395023,"7227812",1005395016,1,"10",1.50,4.57,"5","m","cm",4.82
1005395061,"7227813",1005395054,1,"10",1.50,4.57,"5","m","cm",4.82
1005395099,"7227814",1005395091,1,"10",1.50,4.57,"5","m","cm",4.82
1005401124,"7227883",1005401117,1,"10",2.13,5.33,"5","m","cm",4.82
1005401153,"7227884",1005401146,1,"10",2.13,5.18,"5","m","cm",4.82
1005401170,"7227885",1005401163,1,"10",1.50,4.57,"5","m","cm",4.82
1005401184,"7227886",1005401177,1,"10",0.91,3.10,"5","m","cm",4.82
1005410255,"7227977",1005410247,,,,,,"ft","inch",
1005410367,"7227982",1005410353,,,,,,"ft","inch",
1005410427,"7227983",1005410413,,,,,,"ft","inch",
1005413337,"7228005",1005413328,,,,,,"ft","inch",
1005413346,"7228006",1005413341,,,,,,"ft","inch",
1005413389,"7228007",1005413377,,,,,,"ft","inch",
1005413447,"7228008",1005413435,,,,,,"ft","inch",
1005413491,"7228009",1005413476,,,,,,"ft","inch",
1005413561,"7228010",1005413547,,,,,,"ft","inch",
1005413625,"7228011",1005413613,,,,,,"ft","inch",
1005413692,"7228012",1005413680,,,,,,"ft","inch",
1005413803,"7228014",1005413790,,,,,,"ft","inch",
1005413848,"7228015",1005413836,,,,,,"ft","inch",
1005413887,"7228016",1005413878,,,,,,"ft","inch",
1005413975,"7228017",1005413961,,,,,,"ft","inch",
1005414414,"7228018",1005414402,,,,,,"ft","inch",
1005414535,"7228019",1005414518,,,,,,"ft","inch",
1005414821,"7228021",1005414809,,,,,,"ft","inch",
1005414921,"7228022",1005414907,,,,,,"ft","inch",
1005415171,"7228024",1005415161,,,,,,"ft","inch",
1005415257,"7228025",1005415244,,,,,,"ft","inch",
1005415444,"7228027",1005415432,,,,,,"ft","inch",
1005415745,"7228031",1005415733,,,,,,"ft","inch",
1005415788,"7228032",1005415775,,,,,,"ft","inch",
1005415831,"7228033",1005415819,,,,,,"ft","inch",
1005415871,"7228034",1005415861,,,,,,"ft","inch",
1005416555,"7228038",1005416550,,,,,,"ft","inch",
1005416565,"7228051",1005416560,,,,,,"m","cm",
1005427914,"7228086",1005427903,,,,,,"m","cm",
1005427999,"7228089",1005427994,,,,,,"m","cm",
1005428006,"7228090",1005428001,,,,,,"m","cm",
1005431799,"7228282",1005431792,,,,,,"ft","inch",
1005433570,"7228356",1005433565,1,"10",0.31,2.13,"5","m","cm",4.82
1005435495,"7228427",1005435490,1,"10",1.22,4.27,"5","m","cm",4.21
1005377166,"7228805",1005377158,1,"10",41.48,42.70,"1","m","cm",13.97
1005377194,"7228806",1005377189,,,,,,"m","cm",
1005377247,"7228808",1005377236,,,,,,"m","cm",
1005377502,"7228809",1005377491,,,,,,"m","cm",
1005377544,"7228810",1005377533,,,,,,"m","cm",
1005377582,"7228811",1005377574,,,,,,"m","cm",
1005377697,"7228814",1005377692,,,,,,"m","cm",
1005377711,"7228815",1005377701,,,,,,"m","cm",
1005377747,"7228816",1005377742,,,,,,"m","cm",
1005379799,"7228935",1005379793,1,"10",8.00,18.00,"5","ft","inch",2.00
1005379913,"7228936",1005379907,1,"10",6.00,16.00,"5","ft","inch",2.00
1005381753,"7228996",1005381743,,,,,,"m","cm",
1005381885,"7228997",1005381879,,,,,,"m","cm",
1005382262,"7229001",1005382251,,,,,,"m","cm",
1005382627,"7229007",1005382616,,,,,,"m","cm",
1005382746,"7229010",1005382736,,,,,,"m","cm",
1005382786,"7229011",1005382776,,,,,,"m","cm",
1005382826,"7229012",1005382816,,,,,,"m","cm",
1005382942,"7229015",1005382934,,,,,,"m","cm",
1005383059,"7229018",1005383049,,,,,,"m","cm",
1005388930,"7229189",1005388918,,,,,,"ft","inch",
1005395568,"7229420",1005395563,1,".10",3.05,3.96,"5","m","cm",5.60
1005395627,"7229421",1005395622,,,,,,"ft","inch",
1005395652,"7229422",1005395647,1,".10",10.00,15.00,"5","ft","inch",2.37
1005400815,"7229541",1005400810,1,,,,"5","ft","inch",
1005358468,"7229963",1005358462,1,"10",0.91,3.66,"5","m","cm",4.21
1005358481,"7229964",1005358475,1,"10",0.90,3.66,"5","m","cm",4.21
1005358494,"7229965",1005358488,1,"10",5.00,12.00,"5","ft","inch",1.90
1005358506,"7229966",1005358500,1,"10",4.00,10.50,"5","ft","inch",1.90
1005359128,"7230013",1005359120,1,,,,"5","m","cm",4.21
1005359143,"7230014",1005359135,1,"10",2.13,4.88,"5","m","cm",4.21
1005359158,"7230015",1005359150,1,"10",1.50,4.57,"5","m","cm",4.21
1005359225,"7230032",1005359218,1,"10",4.57,7.62,"5","m","cm",4.82
1005359239,"7230033",1005359232,1,"10",0.00,4.57,"5","m","cm",4.82
1005359311,"7230034",1005359304,1,"10",1.50,4.57,"5","m","cm",6.03
1005359480,"7230035",1005359473,1,"10",1.50,4.57,"5","m","cm",6.03
1005359650,"7230039",1005359642,1,"10",1.83,4.88,"5","m","cm",4.21
1005359708,"7230040",1005359700,1,"10",1.83,4.88,"5","m","cm",4.21
1005359761,"7230044",1005359753,1,"10",3.10,6.10,"5","m","cm",4.82
1005359815,"7230045",1005359807,1,"10",3.10,6.10,"5","m","cm",4.82
1005359830,"7230046",1005359822,1,"10",3.10,6.10,"5","m","cm",4.82
1005361219,"7230084",1005361211,1,"10",2.30,3.82,"5","m","cm",5.89
1005361232,"7230085",1005361223,1,"10",7.64,9.16,"5","m","cm",5.89
1005361462,"7230087",1005361454,1,"10",1.60,4.60,"5","m","cm",5.86
1005361509,"7230088",1005361501,1,"10",1.52,3.04,"5","m","cm",5.89
1005361543,"7230089",1005361534,1,"10",,,"5","m","cm",5.86
1005361578,"7230090",1005361569,1,"10",3.70,6.80,"5","m","cm",5.86
1005361710,"7230092",1005361700,1,"10",3.00,6.00,"5","m","cm",3.89
1005361733,"7230093",1005361724,1,"10",3.00,4.60,"5","m","cm",3.89
1005361754,"7230094",1005361747,1,"10",1.20,4.25,"5","m","cm",5.86
1005361782,"7230095",1005361776,1,"10",4.70,7.50,"5","m","cm",5.86
1005361801,"7230096",1005361795,,,,,,"m","cm",
1005361814,"7230097",1005361804,1,"10",10.80,12.20,"5","m","cm",5.86
1005361830,"7230098",1005361823,1,"10",6.80,10.00,"5","m","cm",5.86
1005370724,"7230217",1005370714,,,,,,"ft","inch",
1005371527,"7230291",1005371516,,,,,,"m","cm",
1005404690,"7230307",1005404685,,,,,,"ft","inch",
1005404699,"7230308",1005404694,,,,,,"ft","inch",
1005404731,"7230309",1005404720,,,,,,"ft","inch",
1005404824,"7230310",1005404810,,,,,,"ft","inch",
1005404914,"7230311",1005404902,,,,,,"ft","inch",
1005404972,"7230312",1005404960,,,,,,"ft","inch",
1005405045,"7230313",1005405032,,,,,,"ft","inch",
1005405634,"7230317",1005405624,,,,,,"ft","inch",
1005405678,"7230318",1005405665,,,,,,"ft","inch",
1005405727,"7230319",1005405714,,,,,,"ft","inch",
1005405780,"7230320",1005405767,,,,,,"ft","inch",
1005405952,"7230324",1005405939,,,,,,"ft","inch",
1005360243,"7230759",1005360236,1,"10",5.00,15.00,"5","ft","inch",2.00
1005420446,"7230793",1005420436,,,,,,"m","cm",
1005408224,"7230919",1005408219,1,"10",2.44,5.49,"5","m","cm",6.03
1005408240,"7230920",1005408234,,,,,,"m","cm",
1005408259,"7230921",1005408253,1,,,,"5","m","cm",6.03
1005408283,"7230922",1005408278,1,"10",0.61,3.66,"5","m","cm",6.03
1005408301,"7230923",1005408296,1,"10",2.74,4.27,"5","m","cm",4.82
1005408532,"7230926",1005408526,1,"10",,6.10,"5","m","cm",4.82
1005408541,"7230927",1005408536,1,"10",3.10,4.57,"5","m","cm",4.82
1005408550,"7230928",1005408545,1,"10",15.00,4.57,"5","m","cm",6.03
1005408589,"7230929",1005408584,1,"10",3.10,4.57,"5","m","cm",6.03
1005408712,"7230930",1005408707,1,"10",3.10,4.57,"5","m","cm",5.20
1005409608,"7230956",1005409600,1,"10",18.29,19.81,"5","m","cm",4.82
1005409647,"7230959",1005409641,1,"10",4.57,7.62,"5","m","cm",4.82
1005409688,"7230962",1005409680,1,"10",10.67,12.19,"5","m","cm",6.03
1005409702,"7230963",1005409695,1,"10",1.50,3.10,"5","m","cm",6.03
1005410199,"7230965",1005410191,1,"10",7.93,12.45,"5","m","cm",4.21
1005283699,"7231245",1005283693,1,"10",25.00,30.00,"5","ft","inch",2.00
1005283768,"7231249",1005283762,,,,,,"m","cm",
1005283778,"7231250",1005283772,,,,,,"m","cm",
1005283791,"7231251",1005283785,,,,,,"m","cm",
1005283804,"7231252",1005283798,,,,,,"m","cm",
1005283820,"7231253",1005283814,,,,,,"m","cm",
1005285277,"7231254",1005285271,,,,,,"m","cm",
1005285286,"7231255",1005285281,,,,,,"ft","inch",
1005286436,"7231361",1005286428,1,"10",5.79,10.38,"5","m","cm",4.21
1005286454,"7231362",1005286446,1,"10",7.32,10.36,"5","m","cm",4.21
1005286667,"7231367",1005286658,1,"10",2.13,3.66,"5","m","cm",4.82
1005291255,"7231497",1005291250,,,,,,"m","cm",
1005291284,"7231498",1005291279,,,,,,"m","cm",
1005291301,"7231499",1005291296,,,,,,"m","cm",
1005291312,"7231500",1005291307,,,,,,"m","cm",
1005291323,"7231501",1005291318,1,,,,"5","m","cm",6.03
1005291334,"7231502",1005291329,1,,,,,"m","cm",4.82
1005291351,"7231503",1005291346,1,,,,"5","ft","inch",6.03
1005291365,"7231504",1005291360,1,,,,,"m","cm",6.03
1005291382,"7231505",1005291377,,,,,,"m","cm",
1005291399,"7231506",1005291394,,,,,,"m","cm",
1005291413,"7231507",1005291408,1,,,,,"m","cm",6.03
1005291427,"7231508",1005291422,1,,,,,"m","cm",4.82
1005291444,"7231509",1005291439,1,"10",,4.57,"5","m","cm",4.82
1005291461,"7231510",1005291456,1,"10",,7.62,"5","m","cm",6.03
1005291526,"7231511",1005291521,1,"10",7.32,10.38,"5","ft","inch",4.82
1005291537,"7231512",1005291532,1,"10",6.10,9.14,"5","m","cm",6.03
1005291551,"7231513",1005291546,1,"10",2.13,5.18,"5","m","cm",6.03
1005291562,"7231514",1005291557,1,"10",12.10,15.20,"5","m","cm",6.03
1005291573,"7231515",1005291568,1,"10",7.62,10.67,"5","m","cm",4.82
1005291587,"7231516",1005291582,1,"10",2.13,5.18,"5","m","cm",4.82
1005291604,"7231517",1005291599,1,"10",6.40,9.45,"5","m","cm",6.03
1005291621,"7231518",1005291616,1,"10",12.10,15.24,"5","m","cm",4.82
1005291632,"7231519",1005291627,1,"10",7.62,10.67,"5","m","cm",4.82
1005291643,"7231520",1005291638,1,"10",2.44,5.49,"5","m","cm",4.82
1005291732,"7231524",1005291727,,,,,,"m","cm",
1005291744,"7231525",1005291738,1,,,,,"m","cm",6.03
1005291754,"7231526",1005291748,1,,7.32,8.40,"5","m","cm",4.21
1005291844,"7231527",1005291839,,,,,,"m","cm",
1005291855,"7231528",1005291850,,,,,,"m","cm",
1005291866,"7231529",1005291861,,,,,,"m","cm",
1005291878,"7231530",1005291872,1,,,,,"m","cm",3.34
1005291887,"7231531",1005291882,,,,,,"m","cm",
1005291904,"7231532",1005291899,,,,,,"m","cm",
1005291915,"7231533",1005291910,,,,,,"m","cm",
1005291931,"7231534",1005291924,1,"10",1.22,4.27,"5","m","cm",6.03
1005291954,"7231535",1005291947,1,"10",1.22,4.27,"5","m","cm",6.03
1005335216,"7231680",1005335210,,,,,,"ft","inch",
1005335284,"7231681",1005335278,,,,,,"ft","inch",
1005340911,"7231783",1005340902,1,"10",7.90,6.40,"5","m","cm",3.80
1005340912,"7231783",1005340902,2,,4.50,3.00,"5","m","cm",3.80
1005340924,"7231784",1005340919,1,"10",0.00,1.50,"5","m","cm",3.80
1005344234,"7231898",1005344226,,,,,,"m","cm",
1005410867,"7231974",1005410861,,,,,,"m","cm",
1005410917,"7231975",1005410908,,,,,,"m","cm",
1005411290,"7231976",1005411280,,,,,,"m","cm",
1005430233,"7232100",1005430224,1,"10",12.50,14.02,"5","m","cm",4.82
1005431407,"7232120",1005431400,1,"10",1.83,4.88,"5","m","cm",4.82
1005431421,"7232121",1005431414,1,"10",1.83,4.88,"5","m","cm",4.82
1005431449,"7232122",1005431442,1,"10",2.13,5.18,"5","m","cm",4.82
1005453638,"7232395",1005453630,,,,,,"ft","inch",
1005455324,"7232407",1005455319,,,,,,"ft","inch",
1005469776,"7232659",1005469771,,,,,,"m","cm",
1005472721,"7232751",1005472711,,,,,,"ft","inch",
1005408025,"7233005",1005408015,,,,,,"m","cm",
1005408093,"7233007",1005408083,,,,,,"m","cm",
1005408316,"7233008",1005408307,,,,,,"m","cm",
1005418223,"7233118",1005418216,1,".10",10.00,15.00,"5","ft","inch",2.12
1005418284,"7233119",1005418279,1,"010",19.00,24.00,"5","ft","inch",
1005448048,"7233451",1005448039,1,"10",5.00,10.00,"5","ft","inch",2.00
1005448049,"7233451",1005448039,2,"10",12.00,17.00,"5","ft","inch",2.00
1005448187,"7233452",1005448178,1,"10",5.00,10.00,"5","ft","inch",2.00
1005448188,"7233452",1005448178,2,"10",16.00,21.00,"5","ft","inch",2.00
1005458455,"7233550",1005458446,,,,,,"m","cm",
1005458834,"7233554",1005458824,,,,,,"m","cm",
1005458886,"7233555",1005458878,,,,,,"m","cm",
1005459063,"7233558",1005459054,,,,,,"m","cm",
1005459105,"7233559",1005459095,,,,,,"m","cm",
1005459168,"7233560",1005459160,,,,,,"m","cm",
1005459365,"7233564",1005459353,,,,,,"m","cm",
1005459497,"7233567",1005459487,,,,,,"m","cm",
1005459587,"7233570",1005459575,,,,,,"m","cm",
1005459659,"7233571",1005459630,,,,,,"m","cm",
1005459753,"7233572",1005459744,,,,,,"m","cm",
1005459804,"7233573",1005459794,,,,,,"m","cm",
1005459942,"7233574",1005459932,,,,,,"m","cm",
1005460074,"7233575",1005460063,,,,,,"m","cm",
1005460179,"7233576",1005460168,,,,,,"m","cm",
1005460310,"7233577",1005460300,,,,,,"m","cm",
1005461142,"7233583",1005461134,,,,,,"m","cm",
1005461235,"7233584",1005461225,,,,,,"m","cm",
1005461313,"7233585",1005461303,,,,,,"m","cm",
1005461627,"7233586",1005461617,,,,,,"m","cm",
1005461733,"7233588",1005461723,,,,,,"m","cm",
1005462831,"7233590",1005462822,,,,,,"m","cm",
1005462904,"7233591",1005462893,,,,,,"m","cm",
1005463348,"7233592",1005463337,,,,,,"m","cm",
1005463577,"7233593",1005463565,,,,,,"m","cm",
1005463859,"7233596",1005463847,,,,,,"m","cm",
1005463969,"7233597",1005463958,,,,,,"m","cm",
1005464063,"7233598",1005464055,,,,,,"m","cm",
1005464076,"7233599",1005464067,,,,,,"m","cm",
1005464088,"7233600",1005464080,,,,,,"m","cm",
1005464101,"7233601",1005464093,,,,,,"m","cm",
1005464115,"7233602",1005464105,,,,,,"m","cm",
1005464155,"7233603",1005464145,,,,,,"m","cm",
1005464188,"7233604",1005464183,,,,,,"m","cm",
1005464196,"7233605",1005464191,,,,,,"m","cm",
1005464204,"7233606",1005464199,,,,,,"m","cm",
1005464220,"7233608",1005464215,,,,,,"ft","inch",
1005464228,"7233609",1005464223,,,,,,"m","cm",
1005464244,"7233611",1005464239,,,,,,"m","cm",
1005464408,"7233613",1005464403,,,,,,"m","cm",
1005464450,"7233614",1005464441,,,,,,"m","cm",
1005422960,"7233762",1005422954,1,"10",3.10,6.10,"5","m","cm",4.82
1005422974,"7233763",1005422967,1,"10",1.50,4.57,"5","m","cm",4.82
1005423106,"7233764",1005423100,1,"10",1.50,4.57,"5","m","cm",4.82
1005424241,"7233786",1005424232,1,"10",3.39,4.88,"5","m","cm",4.21
1005424292,"7233787",1005424285,1,"10",0.91,2.44,"5","m","cm",6.03
1005424856,"7233788",1005424849,1,"10",0.91,2.44,"5","m","cm",6.03
1005424870,"7233789",1005424863,1,"10",0.91,3.80,"5","m","cm",6.03
1005424901,"7233790",1005424893,1,"10",2.13,5.18,"5","m","cm",6.03
1005424913,"7233791",1005424908,,,,,,"m","cm",
1005424949,"7233792",1005424944,,,,,,"m","cm",
1005424972,"7233793",1005424967,,,,,,"m","cm",
1005424982,"7233794",1005424976,,,,,,"m","cm",
1005425005,"7233795",1005425000,,,,,,"m","cm",
1005425021,"7233796",1005425016,,,,,,"m","cm",
1005425049,"7233797",1005425044,,,,,,"m","cm",
1005425076,"7233798",1005425071,,,,,,"m","cm",
1005425086,"7233799",1005425081,,,,,,"m","cm",
1005425096,"7233800",1005425091,,,,,,"ft","inch",
1005425321,"7233801",1005425316,,,,,,"m","cm",
1005425413,"7233802",1005425408,,,,,,"m","cm",
1005426203,"7233812",1005426194,1,"10",30.00,40.00,"5","ft","inch",1.90
1005426256,"7233813",1005426247,1,"10",30.00,40.00,"5","ft","inch",1.90
1005426313,"7233814",1005426304,1,"10",30.00,40.00,"5","ft","inch",1.66
1005434071,"7233815",1005434062,1,"10",23.00,33.00,"5","ft","inch",1.66
1005434099,"7233816",1005434090,1,"10",23.00,33.00,"5","ft","inch",1.66
1005434127,"7233817",1005434118,1,"10",23.00,33.00,"5","ft","inch",1.66
1005434155,"7233818",1005434146,1,"10",23.00,33.00,"5","ft","inch",1.66
1005434194,"7233819",1005434185,1,"10",23.00,33.00,"5","ft","inch",1.66
1005436213,"7233868",1005436206,1,"10",2.13,4.27,"5","m","cm",4.21
1005436487,"7233874",1005436479,1,"10",3.10,6.10,"5","m","cm",6.03
1005436589,"7233875",1005436581,1,"10",3.10,6.10,"5","m","cm",6.03
1005436714,"7233876",1005436706,1,"10",3.10,6.10,"5","m","cm",6.03
1005436728,"7233877",1005436721,1,"10",2.13,3.66,"5","m","cm",4.82
1005436742,"7233878",1005436735,1,"10",2.44,5.49,"5","m","cm",4.82
1005436754,"7233879",1005436747,1,"10",2.13,5.18,"5","m","cm",4.82
1005436931,"7233882",1005436924,1,"10",1.52,4.57,"5","m","cm",4.82
1005436945,"7233883",1005436938,1,"10",1.52,4.57,"5","m","cm",4.82
1005436958,"7233884",1005436951,1,"10",1.52,4.57,"5","m","cm",4.82
1005437031,"7233889",1005437023,1,"10",3.50,5.03,"5","m","cm",6.03
1005443276,"7234037",1005443270,,,,,,"ft","inch",
1005443695,"7234058",1005443690,,,,,,"ft","inch",
1005467801,"7234367",1005467792,,,,,,"ft","inch",
1005484061,"7234691",1005484054,1,"17",42.00,46.00,"1","ft","inch",5.50
1005484127,"7234692",1005484119,1,"14",37.00,41.00,"1","ft","inch",5.50
1005484188,"7234693",1005484182,1,"18",26.00,30.00,"1","ft","inch",5.50
1005484215,"7234694",1005484207,,,,,,"ft","inch",
1005484242,"7234695",1005484234,1,"6",21.00,24.00,"1","ft","inch",5.50
1005484302,"7234696",1005484295,,,,,,"ft","inch",
1005484370,"7234697",1005484363,1,"16",25.00,29.00,"1","ft","inch",5.50
1005484438,"7234698",1005484431,1,"12",41.00,45.00,"1","ft","inch",5.50
1005484488,"7234699",1005484481,1,"18",41.00,46.00,"1","ft","inch",5.50
1005488492,"7234755",1005488485,,,,,,"ft","inch",
1005488529,"7234756",1005488522,,,,,,"ft","inch",
1005489155,"7234778",1005489150,,,,,,"ft","inch",
1005489176,"7234780",1005489171,,,,,,"ft","inch",
1005489196,"7234781",1005489191,,,,,,"ft","inch",
1005489242,"7234782",1005489237,,,,,,"ft","inch",
1005489287,"7234783",1005489274,,,,,,"ft","inch",
1005489342,"7234784",1005489331,,,,,,"ft","inch",
1005489553,"7234788",1005489538,,,,,,"ft","inch",
1005489624,"7234789",1005489609,,,,,,"ft","inch",
1005489927,"7234794",1005489914,,,,,,"ft","inch",
1005489985,"7234795",1005489970,,,,,,"ft","inch",
1005490069,"7234796",1005490057,,,,,,"ft","inch",
1005490408,"7234798",1005490395,,,,,,"ft","inch",
1005490601,"7234801",1005490590,,,,,,"ft","inch",
1005490843,"7234804",1005490831,,,,,,"ft","inch",
1005490899,"7234805",1005490887,,,,,,"ft","inch",
1005490970,"7234806",1005490958,,,,,,"ft","inch",
1005491029,"7234807",1005491015,,,,,,"ft","inch",
1005491140,"7234809",1005491128,,,,,,"ft","inch",
1005491697,"7234814",1005491685,,,,,,"ft","inch",
1005492886,"7234822",1005492876,,,,,,"ft","inch",
1005492995,"7234823",1005492985,,,,,,"ft","inch",
1005493397,"7234826",1005493384,,,,,,"ft","inch",
1005493538,"7234827",1005493524,,,,,,"ft","inch",
1005493764,"7234829",1005493750,,,,,,"ft","inch",
1005493892,"7234831",1005493882,,,,,,"ft","inch",
1005493986,"7234832",1005493976,,,,,,"ft","inch",
1005494434,"7234834",1005494418,,,,,,"ft","inch",
1005494864,"7234836",1005494853,,,,,,"ft","inch",
1005495248,"7234839",1005495239,,,,,,"ft","inch",
1005495853,"7234840",1005495840,,,,,,"ft","inch",
1005495939,"7234841",1005495929,,,,,,"ft","inch",
1005496181,"7234842",1005496169,,,,,,"ft","inch",
1005497908,"7234852",1005497897,,,,,,"ft","inch",
1005497990,"7234853",1005497978,,,,,,"ft","inch",
1005498142,"7234857",1005498137,,,,,,"ft","inch",
1005498470,"7234863",1005498465,,,,,,"ft","inch",
1005499881,"7234865",1005499876,,,,,,"m","cm",
1005499937,"7234868",1005499932,,,,,,"ft","inch",
1005504472,"7234935",1005504462,,,,,,"ft","inch",
1005504845,"7234939",1005504834,,,,,,"ft","inch",
1005504876,"7234940",1005504871,,,,,,"ft","inch",
1005506140,"7234960",1005506133,,,,,,"ft","inch",
1005506157,"7234961",1005506152,,,,,,"ft","inch",
1005516703,"7235128",1005516694,,,,,,"ft","inch",
1005516981,"7235130",1005516974,,,,,,"ft","inch",
1005517335,"7235132",1005517327,,,,,,"ft","inch",
1005519942,"7235158",1005519934,,,,,,"m","cm",
1005521324,"7235186",1005521319,,,,,,"ft","inch",
1005522621,"7235225",1005522613,,,,,,"m","cm",
1005522690,"7235226",1005522684,,,,,,"m","cm",
1005522763,"7235227",1005522755,,,,,,"m","cm",
1005522800,"7235228",1005522793,,,,,,"m","cm",
1005522839,"7235229",1005522828,,,,,,"m","cm",
1005523572,"7235255",1005523564,1,"10",2.74,5.79,"5","m","cm",6.03
1005477542,"7235349",1005477536,1,"10",1.50,4.57,"5","m","cm",4.82
1005477899,"7235350",1005477893,1,"10",1.50,4.57,"5","m","cm",4.82
1005477953,"7235351",1005477946,1,"10",3.44,3.66,"5","m","cm",4.21
1005477966,"7235352",1005477960,1,"10",1.50,4.57,"5","m","cm",4.82
1005478954,"7235353",1005478947,1,"10",1.50,3.10,"5","m","cm",4.21
1005479917,"7235380",1005479909,1,"10",3.10,6.10,"5","m","cm",4.82
1005479944,"7235381",1005479936,1,"10",3.10,6.10,"5","m","cm",4.82
1005479959,"7235382",1005479951,1,"10",3.10,6.10,"5","m","cm",4.82
1005480840,"7235404",1005480833,,,,,,"m","cm",
1005480941,"7235406",1005480936,,,,,,"m","cm",
1005480990,"7235407",1005480981,,,,,,"m","cm",
1005481134,"7235408",1005481128,1,,,,,"m","cm",
1005483483,"7235426",1005483468,,,,,,"ft","inch",
1005493927,"7236010",1005493922,,,,,,"ft","inch",
1005510920,"7236334",1005510914,1,"10",1.50,4.57,"5","m","cm",4.21
1005510933,"7236335",1005510927,1,"10",1.27,4.88,"5","m","cm",4.21
1005510945,"7236336",1005510940,1,"10",2.44,5.49,"5","m","cm",4.21
1005510956,"7236337",1005510950,1,"10",1.22,4.27,"5","m","cm",4.21
1005510980,"7236338",1005510975,1,"10",1.22,3.66,"5","m","cm",4.21
1005511027,"7236339",1005511021,1,"10",1.50,4.57,"5","m","cm",4.21
1005511052,"7236340",1005511046,1,"10",1.22,4.27,"5","m","cm",4.21
1005511119,"7236341",1005511110,1,"10",1.22,4.27,"5","m","cm",4.21
1005511320,"7236342",1005511314,1,"10",1.50,4.57,"5","m","cm",4.21
1005511429,"7236343",1005511423,1,"10",2.74,5.79,"5","m","cm",4.21
1005511483,"7236344",1005511477,1,"10",2.74,5.79,"5","m","cm",4.21
1005517373,"7236428",1005517365,1,"10",1.50,4.57,"5","m","cm",4.82
1005517512,"7236429",1005517504,1,"10",1.50,4.57,"5","m","cm",4.82
1005517646,"7236430",1005517638,1,"10",1.50,4.57,"5","m","cm",4.82
1005517758,"7236431",1005517750,1,"10",1.50,4.57,"5","m","cm",4.82
1005517862,"7236432",1005517855,1,"10",8.53,11.58,"5","m","cm",4.83
1005518052,"7236433",1005518043,1,"10",16.76,19.81,"5","m","cm",4.82
1005518080,"7236434",1005518074,1,"10",3.35,6.40,"5","m","cm",4.82
1005523612,"7236481",1005523607,1,"10",10.00,20.00,"5","ft","inch",2.00
1005523666,"7236482",1005523660,1,"10",22.00,32.00,"5","ft","inch",2.00
1005523709,"7236483",1005523703,1,"10",29.00,39.00,"5","ft","inch",2.00
1005528191,"7236603",1005528184,1,"10",6.20,7.62,"5","m","cm",5.86
1005528201,"7236604",1005528195,1,"10",3.50,6.12,"5","m","cm",5.86
1005528213,"7236605",1005528205,1,"10",4.55,6.78,"5","m","cm",5.86
1005528224,"7236606",1005528217,1,"10",4.50,6.00,"5","m","cm",5.86
1005528283,"7236607",1005528273,1,"10",4.60,7.60,"5","m","cm",5.86
1005528741,"7236609",1005528732,1,"10",3.00,7.60,"5","m","cm",5.86
1005528759,"7236610",1005528754,,,,,,"m","cm",
1005528793,"7236611",1005528781,1,"10",5.50,6.70,"5","m","cm",5.89
1005497653,"7236666",1005497642,,,,,,"ft","inch",
1005546064,"7237170",1005546053,1,"10",1.52,4.57,"5","m","cm",5.86
1005546111,"7237171",1005546103,1,"10",1.52,4.57,"5","m","cm",5.86
1005548219,"7237237",1005548210,1,"10",1.52,4.57,"5","m","cm",5.86
1005552926,"7237332",1005552918,1,"10",4.57,6.10,"5","m","cm",3.34
1005559137,"7237398",1005559128,,,,,,"m","cm",
1005525796,"7237540",1005525789,1,"10",1.50,4.57,"5","m","cm",4.82
1005525810,"7237541",1005525803,1,"10",1.50,4.57,"5","m","cm",4.82
1005525846,"7237542",1005525839,1,"10",1.50,4.57,"5","m","cm",4.82
1005539326,"7237608",1005539319,1,"10",2.44,5.49,"5","m","cm",4.82
1005539340,"7237609",1005539333,1,"10",3.10,6.10,"5","m","cm",4.82
1005539354,"7237610",1005539347,1,"10",3.10,6.10,"5","m","cm",4.82
1005544924,"7237673",1005544919,,,,,,"ft","inch",
1005545223,"7237676",1005545209,,,,,,"ft","inch",
1005545340,"7237677",1005545326,,,,,,"ft","inch",
1005545620,"7237679",1005545607,,,,,,"ft","inch",
1005546640,"7237691",1005546628,,,,,,"ft","inch",
1005546726,"7237692",1005546716,,,,,,"ft","inch",
1005560252,"7237920",1005560247,,,,,,"ft","inch",
1005560261,"7237921",1005560256,,,,,,"ft","inch",
1005563018,"7238457",1005563012,1,"10",6.71,8.23,"5","m","cm",6.03
1005563071,"7238458",1005563065,1,"10",3.96,7.01,"5","m","cm",6.03
1005563135,"7238459",1005563128,1,"10",3.96,7.01,"5","m","cm",5.20
1005563148,"7238460",1005563142,1,"10",8.23,9.75,"5","m","cm",6.03
1005563486,"7238472",1005563480,1,"10",2.13,5.18,"5","m","cm",4.82
1005563519,"7238473",1005563512,1,"10",2.74,5.79,"5","m","cm",4.82
1005563532,"7238474",1005563526,1,"10",2.44,5.49,"5","m","cm",4.82
1005563546,"7238475",1005563539,1,"10",3.10,6.10,"5","m","cm",6.03
1005563560,"7238476",1005563553,1,"10",3.10,6.10,"5","m","cm",6.03
1005563595,"7238477",1005563586,1,"10",3.66,8.71,"5","m","cm",6.03
1005564367,"7238493",1005564360,1,"10",2.44,3.96,"5","m","cm",4.82
1005564395,"7238494",1005564388,1,"10",2.44,3.96,"5","m","cm",4.82
1005564497,"7238495",1005564490,1,"10",1.83,3.35,"5","m","cm",4.82
1005564527,"7238496",1005564520,1,"10",1.50,4.57,"5","m","cm",4.82
1005564720,"7238497",1005564713,1,"10",0.91,3.96,"5","m","cm",4.82
1005564820,"7238498",1005564813,1,"10",1.50,4.57,"5","m","cm",4.82
1005564874,"7238499",1005564867,1,"10",1.22,4.27,"5","m","cm",4.82
1005564963,"7238500",1005564956,1,"10",2.44,5.49,"5","m","cm",4.83
1005573124,"7238981",1005573118,1,"10",10.00,15.00,"5","ft","inch",2.00
1005573134,"7238982",1005573128,1,"10",10.00,15.00,"5","ft","inch",2.00
1005573169,"7238983",1005573163,1,"10",10.00,15.00,"5","ft","inch",2.00
1005573190,"7238984",1005573184,1,"10",10.00,15.00,"5","ft","inch",2.00
1005590785,"7239603",1005590779,,,,,,"m","cm",
1005590795,"7239604",1005590789,,,,,,"m","cm",
1005590805,"7239605",1005590799,,,,,,"m","cm",
1005590815,"7239606",1005590809,,,,,,"m","cm",
1005590825,"7239607",1005590819,,,,,,"m","cm",
1005590835,"7239608",1005590829,,,,,,"m","cm",
1005590845,"7239609",1005590839,,,,,,"m","cm",
1005592307,"7239610",1005592301,,,,,,"m","cm",
1005592328,"7239611",1005592322,,,,,,"m","cm",
1005593168,"7239628",1005593162,,,,,,"m","cm",
1005594886,"7239651",1005594879,1,"10",1.22,2.74,"5","m","cm",4.82
1005595150,"7239652",1005595142,1,"10",2.13,3.66,"5","m","cm",4.82
1005595163,"7239653",1005595157,,,,,,"m","cm",
1005595173,"7239654",1005595167,,,,,,"m","cm",
1005595276,"7239655",1005595270,,,,,,"m","cm",
1005595332,"7239656",1005595326,,,,,,"m","cm",
1005595412,"7239657",1005595406,,,,,,"m","cm",
1005595448,"7239658",1005595442,,,,,,"m","cm",
1005597506,"7239693",1005597498,1,"10",3.10,6.10,"5","m","cm",4.82
1005576432,"7239791",1005576424,1,"10",3.10,9.14,"5","m","cm",4.82
1005576506,"7239792",1005576499,1,"10",2.43,5.48,"5","m","cm",4.82
1005576562,"7239793",1005576554,1,"10",2.43,5.48,"5","m","cm",4.82
1005576575,"7239794",1005576569,,,,,,"m","cm",
1005576585,"7239795",1005576579,,,,,,"m","cm",
1005576595,"7239796",1005576589,,,,,,"m","cm",
1005576605,"7239797",1005576599,,,,,,"m","cm",
1005578542,"7239798",1005578536,,,,,,"m","cm",
1005565402,"7239931",1005565396,,,,,,"ft","inch",
1005605957,"7240281",1005605950,1,"10",6.10,9.14,"5","m","cm",4.82
1005605983,"7240282",1005605966,1,"10",6.10,9.14,"5","m","cm",4.82
1005595056,"7240365",1005595048,1,"10",3.10,4.57,"5","m","cm",6.03
1005595071,"7240366",1005595063,1,"10",7.62,9.14,"5","m","cm",4.82
1005598590,"7240367",1005598582,1,"10",3.10,4.57,"5","m","cm",6.03
1005598625,"7240368",1005598617,1,"10",3.10,4.57,"5","m","cm",6.03
1005598995,"7240369",1005598988,1,"10",1.50,6.10,"5","m","cm",6.03
1005599029,"7240370",1005599022,1,"10",1.50,5.79,"5","m","cm",6.03
1005599054,"7240371",1005599047,1,"10",1.50,,"5","m","cm",6.03
1005599086,"7240372",1005599079,1,"10",1.50,4.57,"5","m","cm",6.03
1005599136,"7240373",1005599129,1,"10",1.50,6.10,"5","m","cm",6.03
1005672592,"7240491",1005672587,,,,,,"ft","inch",
1005591557,"7240493",1005591544,,,,,,"ft","inch",
1005591859,"7240496",1005591847,,,,,,"ft","inch",
1005591959,"7240497",1005591947,,,,,,"ft","inch",
1005592020,"7240498",1005592006,,,,,,"ft","inch",
1005592995,"7240504",1005592985,,,,,,"ft","inch",
1005593106,"7240505",1005593092,,,,,,"ft","inch",
1005594157,"7240506",1005594144,,,,,,"ft","inch",
1005595683,"7240509",1005595675,,,,,,"ft","inch",
1005597282,"7240515",1005597269,,,,,,"ft","inch",
1005597582,"7240516",1005597571,,,,,,"ft","inch",
1005597800,"7240518",1005597795,,,,,,"ft","inch",
1005597867,"7240519",1005597862,,,,,,"ft","inch",
1005598016,"7240520",1005598011,,,,,,"ft","inch",
1005556877,"7240752",1005556870,1,"10",4.20,5.10,"5","m","cm",3.89
1005585395,"7240824",1005585388,1,"10",6.40,7.93,"5","m","cm",4.82
1005585425,"7240825",1005585418,1,"10",1.83,,"5","m","cm",4.82
1005585444,"7240826",1005585438,1,"10",1.22,4.27,"5","m","cm",4.82
1005585478,"7240827",1005585472,1,"10",1.60,4.27,"5","m","cm",4.82
1005603364,"7240885",1005603357,1,"10",3.10,6.10,"5","m","cm",4.82
1005603430,"7240886",1005603423,1,"10",9.14,12.19,"5","m","cm",4.82
1005603563,"7240887",1005603555,1,"10",12.19,15.24,"5","m","cm",4.82
1005610395,"7241178",1005610387,1,"10",8.50,10.00,"5","m","cm",3.21
1005612258,"7241180",1005612248,1,"10",18.50,21.50,"5","m","cm",3.21
1005612329,"7241181",1005612322,1,,2.80,6.10,,"m","cm",3.21
1005613183,"7241191",1005613178,,,,,,"m","cm",
1005613237,"7241192",1005613228,1,"10",6.11,7.33,"1","m","cm",13.97
1005613341,"7241193",1005613332,1,"10",6.11,7.33,"1","m","cm",13.97
1005613342,"7241193",1005613332,2,"0",7.33,3.20,"2","m","cm",
1005613368,"7241194",1005613363,,,,,,"m","cm",
1005613391,"7241195",1005613386,,,,,,"m","cm",
1005599602,"7241347",1005599591,,,,,,"m","cm",
1005600096,"7241352",1005600085,,,,,,"m","cm",
1005600182,"7241353",1005600171,,,,,,"m","cm",
1005630230,"7241717",1005630220,,,,,,"ft","inch",
1005627495,"7241758",1005627488,1,"10",1.85,2.74,"5","m","cm",5.86
1005623797,"7241830",1005623790,1,"10",3.10,6.10,"5","m","cm",4.82
1005623867,"7241831",1005623860,1,"10",3.10,6.10,"5","m","cm",4.82
1005623956,"7241832",1005623949,1,"10",3.10,6.10,"5","m","cm",4.82
1005624010,"7241833",1005624003,1,"10",2.74,5.79,"5","m","cm",4.82
1005624059,"7241834",1005624054,1,"10",1.83,4.88,"5","m","cm",4.21
1005624483,"7241840",1005624474,1,"10",1.22,4.27,"5","m","cm",6.03
1005624499,"7241841",1005624490,1,"10",1.22,4.27,"5","m","cm",6.03
1005625498,"7241865",1005625493,1,,,4.87,"5","m","cm",6.03
1005626075,"7241882",1005626069,1,"10",7.01,10.10,"5","m","cm",6.03
1005626813,"7241900",1005626805,1,"10",4.57,7.62,"5","m","cm",4.82
1005612749,"7242085",1005612730,1,"10",3.10,6.10,"5","m","cm",4.21
1005612779,"7242086",1005612772,1,"10",3.10,6.10,"5","m","cm",4.21
1005531888,"7242177",1005531882,1,"10",5.00,15.00,"5","ft","inch",2.00
1005566195,"7242288",1005566188,1,,3.05,4.58,"5","m","cm",5.86
1005566207,"7242289",1005566199,1,,3.35,5.03,"5","m","cm",5.86
1005626179,"7242514",1005626174,,,,,,"ft","inch",
1005626220,"7242515",1005626215,,,,,,"ft","inch",
1005646710,"7242677",1005646704,,,,,,"m","cm",
1005647410,"7242679",1005647403,1,"10",1.22,4.27,"5","m","cm",8.74
1005655498,"7242705",1005655489,1,"10",3.10,6.10,"5","m","cm",4.82
1005656390,"7242733",1005656381,1,"10",7.92,10.97,"5","m","cm",6.03
1005656511,"7242734",1005656502,1,"10",6.10,9.19,"5","m","cm",6.03
1005656527,"7242735",1005656518,1,"10",5.79,8.89,"5","m","cm",6.03
1005656543,"7242736",1005656534,1,"10",9.75,12.80,"5","m","cm",6.03
1005656557,"7242737",1005656550,1,"10",1.52,4.57,"5","m","cm",6.03
1005656573,"7242738",1005656564,1,"10",7.62,10.67,"5","m","cm",6.03
1005656587,"7242739",1005656580,1,"10",3.66,6.71,"5","m","cm",6.03
1005656603,"7242740",1005656594,1,"10",9.75,12.80,"5","m","cm",6.03
1005656733,"7242750",1005656726,1,"10",1.52,4.57,"5","m","cm",4.23
1005656749,"7242751",1005656740,1,"10",12.19,15.24,"5","m","cm",4.83
1005657577,"7242765",1005657572,1,,,,"5","ft","inch",1.90
1005657608,"7242766",1005657603,1,,,,"5","ft","inch",2.37
1005657625,"7242767",1005657620,1,,,,"5","ft","inch",2.37
1005657636,"7242768",1005657631,1,,,,"5","ft","inch",2.37
1005657667,"7242769",1005657662,1,,,,"5","ft","inch",2.37
1005657706,"7242770",1005657701,1,,,,"5","ft","inch",2.37
1005657723,"7242771",1005657718,1,,,,"5","ft","inch",2.37
1005657737,"7242772",1005657732,1,,,,"5","ft","inch",2.37
1005657748,"7242773",1005657743,1,,,,"5","ft","inch",2.37
1005657768,"7242774",1005657763,1,,,,"5","ft","inch",2.37
1005657785,"7242775",1005657780,1,,,,"5","ft","inch",2.37
1005657799,"7242776",1005657794,1,,,,"5","ft","inch",2.37
1005657810,"7242777",1005657805,1,,,,"5","ft","inch",2.37
1005657821,"7242778",1005657816,1,,,,"5","ft","inch",1.90
1005657832,"7242779",1005657827,1,,,,"5","ft","inch",2.37
1005659603,"7242856",1005659594,,,,,,"m","cm",
1005659654,"7242858",1005659643,,,,,,"m","cm",
1005660295,"7242886",1005660289,,,,,,"ft","inch",
1005660306,"7242887",1005660298,1,"10",3.25,4.75,"5","m","cm",5.86
1005660825,"7242931",1005660818,1,"10",2.90,5.90,"5","m","cm",3.88
1005660834,"7242932",1005660829,,,,,,"m","cm",
1005660994,"7242935",1005660986,1,"10",2.45,3.96,"5","m","cm",5.86
1005661036,"7242936",1005661026,1,"10",4.48,6.00,"5","m","cm",5.86
1005575097,"7242994",1005575092,,,,,,"ft","inch",
1005575107,"7242995",1005575102,,,,,,"ft","inch",
1005575130,"7242997",1005575125,,,,,,"ft","inch",
1005575140,"7242998",1005575135,,,,,,"ft","inch",
1005575160,"7242999",1005575145,,,,,,"ft","inch",
1005581086,"7243006",1005581072,,,,,,"ft","inch",
1005581172,"7243007",1005581157,,,,,,"ft","inch",
1005581257,"7243008",1005581243,,,,,,"ft","inch",
1005581342,"7243009",1005581328,,,,,,"ft","inch",
1005581426,"7243010",1005581413,,,,,,"ft","inch",
1005583248,"7243021",1005583236,,,,,,"ft","inch",
1005583393,"7243022",1005583381,,,,,,"ft","inch",
1005583510,"7243023",1005583496,,,,,,"ft","inch",
1005583585,"7243024",1005583573,,,,,,"ft","inch",
1005583722,"7243025",1005583712,,,,,,"ft","inch",
1005583936,"7243027",1005583922,,,,,,"ft","inch",
1005586589,"7243031",1005586574,,,,,,"ft","inch",
1005586719,"7243032",1005586707,,,,,,"ft","inch",
1005586819,"7243033",1005586806,,,,,,"ft","inch",
1005598577,"7243094",1005598569,1,"10",16.00,8.00,"5","ft","inch",2.00
1005645554,"7243303",1005645548,,,,,,"ft","inch",
1005645906,"7243309",1005645900,,,,,,"ft","inch",
1005647176,"7243353",1005647165,,,,,,"m","cm",
1005647242,"7243354",1005647232,,,,,,"m","cm",
1005647373,"7243355",1005647362,,,,,,"m","cm",
1005647420,"7243356",1005647415,,,,,,"m","cm",
1005647434,"7243357",1005647424,,,,,,"m","cm",
1005647553,"7243359",1005647548,,,,,,"m","cm",
1005647573,"7243360",1005647568,,,,,,"m","cm",
1005647581,"7243361",1005647576,,,,,,"m","cm",
1005648088,"7243363",1005648077,,,,,,"m","cm",
1005648414,"7243365",1005648408,,,,,,"m","cm",
1005648633,"7243369",1005648622,,,,,,"m","cm",
1005648715,"7243370",1005648703,,,,,,"m","cm",
1005648793,"7243371",1005648783,,,,,,"m","cm",
1005649143,"7243372",1005649131,,,,,,"m","cm",
1005649209,"7243373",1005649204,,,,,,"ft","inch",
1005649247,"7243374",1005649242,,,,,,"ft","inch",
1005649304,"7243375",1005649291,,,,,,"m","cm",
1005649369,"7243376",1005649362,,,,,,"ft","inch",
1005649426,"7243377",1005649416,,,,,,"m","cm",
1005666019,"7243381",1005666009,,,,,,"m","cm",
1005666054,"7243382",1005666049,,,,,,"m","cm",
1005666062,"7243383",1005666057,,,,,,"ft","inch",
1005666075,"7243384",1005666065,,,,,,"m","cm",
1005666115,"7243385",1005666105,,,,,,"m","cm",
1005666156,"7243386",1005666145,,,,,,"m","cm",
1005666194,"7243387",1005666186,,,,,,"m","cm",
1005666269,"7243389",1005666264,,,,,,"m","cm",
1005666280,"7243390",1005666272,,,,,,"m","cm",
1005666315,"7243391",1005666305,,,,,,"m","cm",
1005666360,"7243392",1005666345,,,,,,"m","cm",
1005658429,"7243416",1005658422,1,"10",1.22,4.27,"5","m","cm",5.88
1005658467,"7243417",1005658461,1,"10",2.74,4.27,"5","m","cm",3.86
1005658660,"7243422",1005658648,,,,,,"ft","inch",
1005658838,"7243425",1005658833,,,,,,"ft","inch",
1005666494,"7243428",1005666489,,,,,,"ft","inch",
1005618395,"7243515",1005618389,1,"10",1.52,4.57,"5","m","cm",
1005618421,"7243516",1005618415,1,"10",1.52,4.57,"5","m","cm",1.03
1005618462,"7243517",1005618456,1,"10",1.52,4.57,"5","m","cm",6.03
1005618504,"7243518",1005618498,1,"10",1.52,4.57,"5","m","cm",6.03
1005618752,"7243522",1005618744,1,"10",3.10,4.57,"5","m","cm",6.03
1005618856,"7243523",1005618848,1,"10",3.10,4.57,"5","m","cm",6.03
1005618914,"7243524",1005618906,1,"10",0.31,4.37,"5","m","cm",6.03
1005618956,"7243525",1005618948,1,"10",3.10,4.57,"5","m","cm",6.03
1005619046,"7243526",1005619038,1,"10",3.10,4.57,"5","m","cm",6.03
1005619061,"7243527",1005619053,1,"10",3.10,4.57,"5","m","cm",6.03
1005616068,"7243546",1005616060,1,"10",2.44,5.49,"5","m","cm",6.03
1005616158,"7243547",1005616150,1,"10",2.44,5.49,"5","m","cm",6.03
1005616253,"7243548",1005616245,1,"10",2.13,3.66,"5","m","cm",6.03
1005616400,"7243549",1005616391,1,"10",12.50,14.02,"5","m","cm",4.82
1005616442,"7243550",1005616434,1,"10",12.50,14.02,"5","m","cm",4.82
1005616512,"7243551",1005616504,1,"10",12.50,14.02,"5","m","cm",4.82
1005616564,"7243552",1005616556,1,"10",2.44,5.49,"5","m","cm",6.03
1005616618,"7243553",1005616610,1,"10",12.50,14.02,"5","m","cm",6.03
1005616811,"7243554",1005616803,1,"10",12.50,14.02,"5","m","cm",6.03
1005616877,"7243555",1005616869,1,"10",12.50,14.02,"5","m","cm",6.23
1005616940,"7243556",1005616932,1,"10",12.50,14.02,"5","m","cm",4.82
1005617056,"7243557",1005617047,1,"10",12.50,14.02,"5","m","cm",4.82
1005617134,"7243558",1005617124,1,"10",5.18,6.71,"5","m","cm",6.03
1005617962,"7243559",1005617956,,,,,,"ft","inch",
1005617973,"7243560",1005617966,1,"10",2.13,3.66,"5","m","cm",5.03
1005618059,"7243561",1005618052,1,"10",1.65,2.59,"5","m","cm",6.03
1005618073,"7243562",1005618066,1,"10",1.50,2.44,"5","m","cm",6.03
1005618104,"7243563",1005618097,1,"10",1.50,2.74,"5","m","cm",6.03
1005618126,"7243564",1005618119,1,"10",1.50,2.44,"5","m","cm",6.03
1005618177,"7243565",1005618172,1,"10",1.50,3.10,"5","m","cm",3.34
1005619522,"7243591",1005619515,1,"10",1.50,4.57,"5","m","cm",4.82
1005619600,"7243592",1005619593,1,"10",1.22,4.27,"5","m","cm",4.82
1005619628,"7243593",1005619621,1,"10",1.50,4.57,"5","m","cm",0.82
1005619646,"7243594",1005619635,1,"10",3.10,6.10,"5","m","cm",4.82
1005620517,"7243596",1005620510,1,"10",1.22,4.27,"5","m","cm",4.82
1005620531,"7243597",1005620524,1,"10",1.22,4.27,"5","m","cm",6.82
1005620592,"7243598",1005620584,1,"10",1.83,4.88,"5","m","cm",4.82
1005565837,"7244072",1005565831,,,,,,"m","cm",
1005653341,"7244461",1005653332,,,,,,"ft","inch",
1005668343,"7244691",1005668338,,,,,,"m","cm",
1005668509,"7244696",1005668500,,,,,,"m","cm",
1005586341,"7244904",1005586336,,,,,,"ft","inch",
1005586350,"7244905",1005586345,,,,,,"ft","inch",
1005586398,"7244906",1005586392,,,,,,"ft","inch",
1005586444,"7244907",1005586439,,,,,,"ft","inch",
1005586762,"7244909",1005586750,,,,,,"ft","inch",
1005587010,"7244910",1005586997,,,,,,"ft","inch",
1005587544,"7244912",1005587531,,,,,,"ft","inch",
1005587837,"7244913",1005587826,,,,,,"ft","inch",
1005588302,"7244915",1005588292,,,,,,"ft","inch",
1005588652,"7244917",1005588639,,,,,,"ft","inch",
1005589112,"7244921",1005589099,,,,,,"ft","inch",
1005589169,"7244922",1005589156,,,,,,"ft","inch",
1005589243,"7244923",1005589229,,,,,,"ft","inch",
1005590516,"7244924",1005590502,,,,,,"ft","inch",
1005590681,"7244926",1005590670,,,,,,"ft","inch",
1005606066,"7244930",1005606052,,,,,,"ft","inch",
1005606109,"7244931",1005606097,,,,,,"ft","inch",
1005606240,"7244932",1005606226,,,,,,"ft","inch",
1005606339,"7244933",1005606328,,,,,,"ft","inch",
1005606692,"7244937",1005606684,,,,,,"ft","inch",
1005606747,"7244938",1005606735,,,,,,"ft","inch",
1005606881,"7244939",1005606868,,,,,,"ft","inch",
1005607015,"7244942",1005607010,,,,,,"ft","inch",
1005607034,"7244943",1005607029,,,,,,"ft","inch",
1005607099,"7244944",1005607089,,,,,,"m","cm",
1005607172,"7244945",1005607163,,,,,,"m","cm",
1005608010,"7244952",1005608000,,,,,,"m","cm",
1005649544,"7245024",1005649539,1,"10",0.91,3.10,"5","m","cm",4.21
1005649553,"7245025",1005649548,1,"10",0.91,3.66,"5","m","cm",4.21
1005649588,"7245027",1005649583,1,,,,,"m","cm",4.21
1005649599,"7245028",1005649594,,,,,,"m","cm",
1005649621,"7245029",1005649616,,,,,,"m","cm",
1005562456,"7245111",1005562450,1,"10",1.22,4.27,"5","m","cm",4.82
1005562481,"7245112",1005562474,1,"10",1.50,4.57,"5","m","cm",4.82
1005562508,"7245113",1005562501,1,"10",5.18,6.71,"5","m","cm",4.82
1005562521,"7245114",1005562514,1,"10",1.50,4.57,"5","m","cm",4.82
1005562534,"7245115",1005562527,1,"10",5.18,6.71,"5","m","cm",4.82
1005562561,"7245116",1005562553,1,"10",3.10,6.10,"5","m","cm",4.82
1005562768,"7245123",1005562759,1,"10",6.00,16.00,"5","ft","inch",1.66
1005562782,"7245124",1005562775,1,"10",4.00,14.00,"5","ft","inch",1.66
1005562796,"7245125",1005562789,1,"10",4.00,9.00,"5","ft","inch",1.66
1005562810,"7245126",1005562803,1,"10",4.00,14.00,"5","ft","inch",1.66
1005562824,"7245127",1005562817,1,"10",15.00,20.00,"5","ft","inch",1.66
1005562838,"7245128",1005562831,1,"10",8.00,18.00,"5","ft","inch",1.66
1005562852,"7245129",1005562845,1,"10",10.00,20.00,"5","ft","inch",1.66
1005681008,"7245510",1005681002,,,,,,"ft","inch",
1005681045,"7245511",1005681038,,,,,,"ft","inch",
1005638154,"7245870",1005638149,1,"10",13.00,18.00,"5","ft","inch",2.50
1005638168,"7245871",1005638163,1,"10",9.00,14.00,"5","ft","inch",2.50
1005638177,"7245872",1005638171,1,"10",11.00,16.00,"5","ft","inch",2.50
1005638659,"7245882",1005638648,1,"010",8.90,5.70,"5","m","cm",
1005638715,"7245883",1005638710,1,"015",24.00,34.00,"5","ft","inch",2.15
1005643005,"7245885",1005643000,1,"015",12.00,17.00,"5","ft","inch",1.25
1005651867,"7245900",1005651856,,,,,,"m","cm",
1005652014,"7245901",1005652003,,,,,,"m","cm",
1005652060,"7245902",1005652054,,,,,,"m","cm",
1005652264,"7245907",1005652257,1,"10",20.75,10.75,"5","ft","inch",2.00
1005652276,"7245908",1005652269,1,"10",22.00,12.00,"5","ft","inch",2.00
1005652328,"7245909",1005652320,1,"10",18.00,8.00,"5","ft","inch",2.00
1005652462,"7245910",1005652454,1,"10",8.00,18.00,"5","ft","inch",2.00
1005652474,"7245911",1005652467,1,"10",23.00,13.00,"5","ft","inch",2.00
1005688970,"7246005",1005688963,1,"010",40.00,50.00,"5","ft","inch",1.70
1005689072,"7246007",1005689063,,,,,,"m","cm",
1005690920,"7246031",1005690912,1,"10",1.52,4.57,"5","m","cm",6.03
1005691526,"7246035",1005691521,1,"10",0.00,5.00,"5","ft","inch",1.66
1005691571,"7246036",1005691566,1,"10",0.00,5.00,"5","ft","inch",1.66
1005692037,"7246037",1005692032,1,"10",0.00,3.00,"5","ft","inch",1.66
1005692289,"7246038",1005692282,1,"10",2.74,5.79,"5","m","cm",4.82
1005692549,"7246039",1005692542,1,"10",2.13,5.18,"5","m","cm",4.82
1005692563,"7246040",1005692556,1,"10",2.13,5.18,"5","m","cm",4.82
1005692575,"7246041",1005692570,1,"10",,,"5","m","cm",6.03
1005692587,"7246042",1005692582,1,,,,"5","m","cm",4.82
1005692599,"7246043",1005692594,1,,,,"5","m","cm",4.82
1005693074,"7246044",1005693069,1,"10",,,"5","m","cm",6.03
1005693089,"7246045",1005693084,1,"10",,,"5","m","cm",4.82
1005693149,"7246046",1005693144,1,,,,"5","m","cm",4.82
1005693200,"7246047",1005693195,1,,,,"5","m","cm",6.03
1005693215,"7246048",1005693210,1,,,,"5","m","cm",6.03
1005693227,"7246049",1005693222,1,,,,"5","m","cm",4.82
1005693280,"7246050",1005693275,1,,,,"5","m","cm",6.03
1005693449,"7246051",1005693444,1,,,,,"m","cm",6.03
1005675037,"7246065",1005675030,1,"10",1.52,4.57,"5","m","cm",6.03
1005675051,"7246066",1005675044,1,"10",2.74,4.27,"5","m","cm",6.03
1005675065,"7246067",1005675058,1,"10",1.52,4.57,"5","m","cm",
1005675079,"7246068",1005675072,1,"10",1.22,4.27,"5","m","cm",4.82
1005675093,"7246069",1005675086,1,"10",0.91,3.35,"5","m","cm",4.82
1005675107,"7246070",1005675100,1,"10",2.44,5.49,"5","m","cm",6.03
1005675121,"7246071",1005675114,1,"10",2.13,5.18,"5","m","cm",6.03
1005675135,"7246072",1005675128,1,"10",2.13,5.18,"5","m","cm",6.03
1005675149,"7246073",1005675142,1,"10",2.13,5.18,"5","m","cm",6.03
1005675161,"7246074",1005675154,1,"10",2.13,5.18,"5","m","cm",6.03
1005675177,"7246075",1005675168,1,"10",4.27,7.31,"5","m","cm",6.03
1005685189,"7246315",1005685179,,,,,,"ft","inch",
1005685215,"7246316",1005685207,,,,,,"ft","inch",
1005685275,"7246317",1005685262,,,,,,"ft","inch",
1005690156,"7246345",1005690151,,,,,,"m","cm",
1005690165,"7246346",1005690160,,,,,,"m","cm",
1005690190,"7246348",1005690179,1,"25",18.91,21.35,"1","m","cm",19.00
1005690191,"7246348",1005690179,2,,62.00,70.00,"1","m","cm",
1005690226,"7246349",1005690221,1,,18.91,21.35,"1","m","cm",
1005690241,"7246350",1005690235,,,,,,"m","cm",
1005690256,"7246351",1005690251,,,,,,"m","cm",
1005690268,"7246352",1005690262,,,,,,"m","cm",
1005691857,"7246382",1005691852,,,,,,"m","cm",
1005691877,"7246383",1005691869,,,,,,"m","cm",
1005691954,"7246385",1005691946,,,,,,"m","cm",
1005694603,"7246387",1005694594,1,,,,,"m","cm",
1005694641,"7246388",1005694633,,,,,,"m","cm",
1005694757,"7246391",1005694747,,,,,,"m","cm",
1005694794,"7246392",1005694785,1,,,,,"m","cm",
1005686611,"7246514",1005686606,,,,,,"ft","inch",
1005687857,"7246556",1005687850,,,,,,"ft","inch",
1005706756,"7246706",1005706748,,,,,,"m","cm",
1005701321,"7246772",1005701315,,,,,,"ft","inch",
1005704591,"7246842",1005704584,1,"10",10.00,20.00,"5","ft","inch",1.06
1005704604,"7246843",1005704598,1,"10",3.00,10.00,"5","ft","inch",1.66
1005704616,"7246844",1005704611,1,"10",4.00,9.00,"5","ft","inch",2.37
1005704627,"7246845",1005704622,1,"10",4.00,9.00,"5","ft","inch",2.37
1005704664,"7246848",1005704657,1,"10",2.44,5.49,"5","m","cm",4.21
1005704678,"7246849",1005704671,1,"10",2.74,5.79,"5","m","cm",4.21
1005710541,"7246872",1005710534,1,"10",4.57,7.62,"5","m","cm",6.03
1005710554,"7246873",1005710547,1,"10",5.49,7.62,"5","m","cm",6.03
1005710568,"7246874",1005710561,1,"10",1.50,4.57,"5","m","cm",6.03
1005717680,"7246963",1005717672,1,"10",4.00,14.00,"5","ft","inch",1.66
1005717710,"7246965",1005717702,1,"10",3.50,13.50,"5","ft","inch",1.66
1005717724,"7246966",1005717717,1,"10",1.22,4.27,"5","m","cm",4.21
1005717736,"7246967",1005717729,1,"10",1.22,4.88,"5","m","cm",4.20
1005717750,"7246968",1005717743,1,"10",1.22,4.27,"5","m","cm",4.21
1005717764,"7246969",1005717757,1,"10",1.22,4.27,"5","m","cm",4.21
1005718510,"7246982",1005718502,1,"10",4.27,7.32,"5","m","cm",3.34
1005718511,"7246982",1005718502,2,"10",9.14,12.10,"5","m","cm",3.34
1005719736,"7247024",1005719729,1,"10",2.44,5.49,"5","m","cm",4.82
1005719781,"7247025",1005719774,1,"10",2.44,5.49,"5","m","cm",4.82
1005719807,"7247026",1005719800,1,"10",2.44,5.49,"5","m","cm",4.82
1005719843,"7247027",1005719836,1,"10",2.44,5.49,"5","m","cm",4.82
1005719886,"7247028",1005719879,1,"10",2.44,5.49,"5","m","cm",4.82
1005692092,"7247248",1005692087,,,,,,"ft","inch",
1005695380,"7247290",1005695374,,,,,,"m","cm",
1005695390,"7247291",1005695384,,,,,,"m","cm",
1005695399,"7247292",1005695394,,,,,,"m","cm",
1005695407,"7247293",1005695401,,,,,,"m","cm",
1005695416,"7247294",1005695411,,,,,,"m","cm",
1005721196,"7247456",1005721188,,,,,,"ft","inch",
1005732415,"7247771",1005732410,,,,,,"ft","inch",
1005732424,"7247772",1005732419,,,,,,"m","cm",
1005729941,"7247805",1005729929,,,,,,"m","cm",
1005730036,"7247807",1005730025,,,,,,"m","cm",
1005732345,"7247870",1005732335,1,"10",7.50,12.50,"5","ft","inch",2.00
1005733602,"7247871",1005733593,1,"10",7.33,12.33,"5","ft","inch",2.00
1005735885,"7247944",1005735876,,,,,,"ft","inch",
1005735931,"7247945",1005735923,,,,,,"ft","inch",
1005736249,"7247948",1005736244,,,,,,"ft","inch",
1005755342,"7248341",1005755333,,,,,,"m","cm",
1005755624,"7248346",1005755616,,,,,,"m","cm",
1005755668,"7248347",1005755657,,,,,,"m","cm",
1005755870,"7248350",1005755860,,,,,,"m","cm",
1005756073,"7248352",1005756063,,,,,,"m","cm",
1005756869,"7248360",1005756862,,,,,,"ft","inch",
1005750636,"7248412",1005750626,,,,,,"m","cm",
1005750720,"7248413",1005750710,,,,,,"m","cm",
1005748538,"7248484",1005748529,,,,,,"m","cm",
1005721487,"7248684",1005721478,1,"10",55.00,60.00,"5","m","cm",
1005721503,"7248685",1005721494,1,"10",35.00,40.00,"5","m","cm",
1005721518,"7248686",1005721510,1,"10",3.10,6.10,"5","m","cm",6.03
1005721532,"7248687",1005721524,1,"10",3.10,6.10,"5","m","cm",6.03
1005721546,"7248688",1005721538,1,"10",3.10,6.10,"5","m","cm",6.03
1005721560,"7248689",1005721552,1,"10",2.74,5.79,"5","m","cm",6.03
1005721573,"7248690",1005721566,1,"10",2.74,5.79,"5","m","cm",4.82
1005721588,"7248691",1005721580,1,"10",2.74,5.79,"5","m","cm",4.82
1005721603,"7248692",1005721595,1,"10",2.74,5.79,"5","m","cm",4.82
1005721617,"7248693",1005721610,1,"10",2.74,5.29,"5","m","cm",4.82
1005721631,"7248694",1005721624,1,"10",3.10,6.10,"5","m","cm",4.82
1005721645,"7248695",1005721638,1,"10",2.74,5.79,"5","m","cm",4.82
1005721659,"7248696",1005721652,1,"10",3.10,6.10,"5","m","cm",4.82
1005721756,"7248703",1005721750,1,,,,,"m","cm",6.03
1005721876,"7248710",1005721869,1,"10",1.22,4.27,"5","m","cm",1.82
1005721890,"7248711",1005721883,1,"10",1.22,4.27,"5","m","cm",4.82
1005721904,"7248712",1005721897,1,"10",1.22,4.27,"5","m","cm",4.82
1005721919,"7248713",1005721911,1,"10",2.29,3.81,"5","m","cm",
1005721935,"7248714",1005721926,1,"10",4.57,6.10,"5","m","cm",
1005721951,"7248715",1005721942,1,"10",5.79,7.32,"5","m","cm",6.03
1005721982,"7248717",1005721973,1,"10",10.67,12.19,"5","m","cm",4.82
1005721997,"7248718",1005721989,1,"10",10.67,12.19,"5","m","cm",4.82
1005722184,"7248730",1005722178,,,,,,"m","cm",
1005722194,"7248731",1005722188,,,,,,"m","cm",
1005722204,"7248732",1005722198,,,,,,"m","cm",
1005722213,"7248733",1005722208,,,,,,"ft","inch",
1005722223,"7248734",1005722218,,,,,,"ft","inch",
1005722232,"7248735",1005722227,,,,,,"ft","inch",
1005723614,"7248740",1005723609,,,,,,"ft","inch",
1005723624,"7248741",1005723619,,,,,,"ft","inch",
1005723638,"7248742",1005723633,,,,,,"ft","inch",
1005723659,"7248743",1005723654,,,,,,"ft","inch",
1005723698,"7248745",1005723684,,,,,,"ft","inch",
1005723767,"7248746",1005723751,,,,,,"ft","inch",
1005724218,"7248750",1005724203,1,,,,,"ft","inch",
1005724555,"7248753",1005724542,,,,,,"ft","inch",
1005724923,"7248756",1005724913,,,,,,"ft","inch",
1005725111,"7248758",1005725097,,,,,,"ft","inch",
1005725166,"7248759",1005725156,,,,,,"ft","inch",
1005725206,"7248760",1005725196,,,,,,"ft","inch",
1005725251,"7248761",1005725237,,,,,,"ft","inch",
1005725320,"7248762",1005725309,,,,,,"ft","inch",
1005725385,"7248763",1005725371,,,,,,"ft","inch",
1005725492,"7248764",1005725482,,,,,,"ft","inch",
1005725563,"7248765",1005725549,,,,,,"ft","inch",
1005725634,"7248766",1005725620,,,,,,"ft","inch",
1005725834,"7248769",1005725825,,,,,,"ft","inch",
1005725879,"7248770",1005725865,,,,,,"ft","inch",
1005726174,"7248773",1005726163,,,,,,"ft","inch",
1005726918,"7248774",1005726907,,,,,,"ft","inch",
1005727029,"7248775",1005727017,,,,,,"ft","inch",
1005727113,"7248776",1005727100,,,,,,"ft","inch",
1005727228,"7248778",1005727218,,,,,,"ft","inch",
1005727270,"7248779",1005727258,,,,,,"ft","inch",
1005727312,"7248780",1005727300,,,,,,"ft","inch",
1005727437,"7248783",1005727427,,,,,,"ft","inch",
1005727593,"7248787",1005727580,,,,,,"ft","inch",
1005727636,"7248788",1005727623,,,,,,"ft","inch",
1005727680,"7248789",1005727667,,,,,,"ft","inch",
1005727723,"7248790",1005727711,,,,,,"ft","inch",
1005727786,"7248791",1005727772,,,,,,"ft","inch",
1005727960,"7248793",1005727949,,,,,,"ft","inch",
1005728090,"7248796",1005728077,,,,,,"ft","inch",
1005728164,"7248797",1005728151,,,,,,"ft","inch",
1005728206,"7248798",1005728195,,,,,,"ft","inch",
1005728248,"7248799",1005728237,,,,,,"ft","inch",
1005728290,"7248800",1005728278,,,,,,"ft","inch",
1005738552,"7248926",1005738546,,,,,,"ft","inch",
1005739208,"7248979",1005739199,1,"10",5.00,10.00,"5","ft","inch",2.00
1005739222,"7248980",1005739215,1,"10",8.00,13.00,"5","ft","inch",82.00
1005771157,"7249125",1005771145,,,,,,"ft","inch",
1005760209,"7249179",1005760201,1,"10",3.10,6.10,"5","m","cm",4.82
1005760223,"7249180",1005760216,1,"10",3.10,4.57,"5","m","cm",4.82
1005760440,"7249191",1005760432,1,"10",3.10,6.10,"5","m","cm",6.03
1005760454,"7249192",1005760447,1,"10",0.91,3.10,"5","m","cm",6.03
1005760468,"7249193",1005760461,1,"10",0.91,3.10,"5","m","cm",6.03
1005760630,"7249205",1005760622,1,"10",3.10,6.10,"5","m","cm",4.82
1005762797,"7249248",1005762790,1,"10",3.10,6.10,"5","m","cm",4.21
1005762881,"7249254",1005762874,1,"10",3.10,6.10,"5","m","cm",6.03
1005762992,"7249261",1005762985,1,"10",3.10,6.10,"5","m","cm",6.03
1005731578,"7249315",1005731572,,,,,,"m","cm",
1005768548,"7249738",1005768539,1,"10",3.96,5.49,"5","m","cm",6.03
1005770743,"7249987",1005770737,1,"40",7.00,17.00,"5","ft","inch",2.00
1005770752,"7249988",1005770747,,,,,,"ft","inch",
1005770777,"7249989",1005770769,1,"10",120.00,130.00,"5","ft","inch",2.00
1005770792,"7249990",1005770782,1,"10",40.00,50.00,"5","ft","inch",2.00
1005772787,"7250129",1005772780,1,"10",0.91,3.96,"5","m","cm",4.82
1005772822,"7250130",1005772815,1,"10",0.91,3.96,"5","m","cm",4.82
1005776064,"7250131",1005776057,1,"10",0.91,3.96,"5","m","cm",4.82
1005776210,"7250136",1005776202,1,"10",2.74,4.27,"5","m","cm",
1005776425,"7250142",1005776418,1,"10",3.10,6.10,"5","m","cm",4.82
1005776460,"7250143",1005776453,1,"10",1.52,4.57,"5","m","cm",4.82
1005776495,"7250144",1005776488,1,"10",3.10,6.10,"5","m","cm",4.82
1005776523,"7250145",1005776515,1,"10",12.19,13.71,"5","m","cm",4.82
1005776550,"7250146",1005776542,1,"10",15.27,16.76,"5","m","cm",4.82
1005776566,"7250147",1005776557,1,"10",12.19,13.72,"5","m","cm",4.82
1005776584,"7250148",1005776573,1,"10",11.27,12.80,"5","m","cm",4.83
1005776599,"7250149",1005776591,1,"10",15.24,16.76,"5","m","cm",4.82
1005776623,"7250150",1005776615,1,"10",10.10,11.58,"5","m","cm",1.82
1005791028,"7250162",1005791020,1,"10",2.74,4.88,"5","m","cm",6.03
1005791053,"7250163",1005791045,1,"10",3.10,6.10,"5","m","cm",6.03
1005777724,"7250248",1005777716,1,"10",3.66,,"5","m","cm",4.82
1005772573,"7250302",1005772566,1,"10",3.10,7.62,"5","m","cm",4.82
1005772587,"7250303",1005772580,1,"10",3.10,7.62,"5","m","cm",4.82
1005773561,"7250368",1005773555,1,"10",0.75,2.30,"5","m","cm",6.03
1005773906,"7250369",1005773899,1,"10",0.75,3.80,"5","m","cm",6.03
1005773922,"7250370",1005773915,1,"10",0.75,3.80,"5","m","cm",4.82
1005774118,"7250371",1005774111,1,"10",0.75,3.80,"5","m","cm",4.82
1005774163,"7250375",1005774155,1,"10",9.45,12.50,"5","m","cm",4.82
1005774178,"7250376",1005774170,1,"10",9.75,12.80,"5","m","cm",4.82
1005774194,"7250377",1005774185,1,"10",15.24,18.29,"5","m","cm",4.82
1005776321,"7250433",1005776316,,,,,,"ft","inch",
1005780940,"7250556",1005780928,,,,,,"m","cm",
1005781024,"7250558",1005781013,1,,,,,"m","cm",
1005782329,"7250602",1005782324,,,,,,"ft","inch",
1005782344,"7250603",1005782333,,,,,,"ft","inch",
1005782420,"7250605",1005782415,,,,,,"ft","inch",
1005785893,"7250704",1005785888,,,,,,"ft","inch",
1005787364,"7250716",1005787359,,,,,,"m","cm",
1005787376,"7250717",1005787368,,,,,,"m","cm",
1005789364,"7250759",1005789359,,,,,,"m","cm",
1005789372,"7250760",1005789367,,,,,,"m","cm",
1005789381,"7250761",1005789376,,,,,,"m","cm",
1005789390,"7250762",1005789385,,,,,,"m","cm",
1005789399,"7250763",1005789394,,,,,,"m","cm",
1005789408,"7250764",1005789403,,,,,,"m","cm",
1005789416,"7250765",1005789411,,,,,,"m","cm",
1005799709,"7250948",1005799704,,,,,,"ft","inch",
1005799717,"7250949",1005799712,,,,,,"ft","inch",
1005799725,"7250950",1005799720,,,,,,"ft","inch",
1005799733,"7250951",1005799728,,,,,,"ft","inch",
1005788818,"7250999",1005788808,,,,,,"m","cm",
1005789078,"7251002",1005789067,,,,,,"m","cm",
1005789857,"7251004",1005789846,,,,,,"m","cm",
1005789988,"7251006",1005789983,,,,,,"m","cm",
1005790080,"7251008",1005790075,,,,,,"m","cm",
1005790133,"7251009",1005790119,,,,,,"m","cm",
1005790703,"7251014",1005790692,,,,,,"m","cm",
1005790777,"7251016",1005790772,,,,,,"m","cm",
1005790791,"7251017",1005790780,,,,,,"m","cm",
1005791507,"7251020",1005791502,,,,,,"m","cm",
1005791992,"7251021",1005791980,,,,,,"m","cm",
1005792039,"7251022",1005792028,,,,,,"m","cm",
1005792079,"7251023",1005792069,,,,,,"m","cm",
1005794819,"7251077",1005794808,1,"10",1.52,4.57,"5","m","cm",5.88
1005794865,"7251078",1005794857,1,"10",1.52,4.57,"5","m","cm",5.88
1005795029,"7251080",1005795019,1,,,,,"m","cm",
1005795237,"7251088",1005795232,,,,,,"m","cm",
1005796798,"7251129",1005796789,1,"10",5.00,15.00,"5","ft","inch",1.66
1005796809,"7251130",1005796803,1,"10",5.00,10.00,"5","ft","inch",1.31
1005796824,"7251131",1005796816,1,,5.18,6.70,"5","m","cm",
1005797959,"7251171",1005797951,1,"10",3.00,13.00,"5","ft","inch",1.80
1005798065,"7251172",1005798056,1,"10",3.00,13.00,"5","ft","inch",1.66
1005798079,"7251173",1005798072,1,"10",0.91,3.96,"5","m","cm",4.82
1005798153,"7251174",1005798146,1,"10",0.91,3.96,"5","m","cm",4.82
1005798167,"7251175",1005798160,1,"10",1.22,4.27,"5","m","cm",4.82
1005798299,"7251176",1005798292,1,"10",0.91,3.96,"5","m","cm",4.82
1005798324,"7251177",1005798317,1,"10",0.91,3.96,"5","m","cm",4.82
1005798349,"7251178",1005798342,1,"10",0.91,3.96,"5","m","cm",4.82
1005798363,"7251179",1005798356,1,"10",1.50,4.57,"5","m","cm",6.03
1005798522,"7251180",1005798515,1,"10",1.50,4.57,"5","m","cm",6.03
1005798560,"7251181",1005798553,1,"10",1.50,4.57,"5","m","cm",6.03
1005798584,"7251182",1005798577,1,"10",1.83,4.88,"5","m","cm",6.03
1005800841,"7251207",1005800834,1,"10",3.10,6.10,"5","m","cm",4.82
1005800854,"7251208",1005800848,1,"10",1.50,4.57,"5","m","cm",4.82
1005800957,"7251209",1005800951,1,"10",1.50,4.57,"5","m","cm",4.82
1005806530,"7251475",1005806524,,,,,,"m","cm",
1005806540,"7251476",1005806534,,,,,,"m","cm",
1005806549,"7251477",1005806544,,,,,,"ft","inch",
1005807012,"7251492",1005807007,,,,,,"ft","inch",
1005807020,"7251494",1005807015,,,,,,"ft","inch",
1005808381,"7251506",1005808376,1,,,,,"ft","inch",
1005808396,"7251509",1005808391,1,".01",4.60,6.10,"5","m","cm",6.10
1005808404,"7251510",1005808399,1,".01",2.90,4.40,"5","ft","inch",6.10
1005810285,"7251541",1005810275,,,,,,"ft","inch",
1005814387,"7251825",1005814377,1,,,,,"m","cm",
1005814499,"7251827",1005814488,,,,,,"m","cm",
1005816356,"7251830",1005816347,,,,,,"m","cm",
1005847548,"7251932",1005847538,,,,,,"m","cm",
1005847562,"7251933",1005847552,,,,,,"m","cm",
1005847719,"7251938",1005847710,,,,,,"m","cm",
1005814950,"7252002",1005814945,,,,,,"m","cm",
1005814959,"7252003",1005814954,,,,,,"m","cm",
1005815007,"7252006",1005815002,,,,,,"m","cm",
1005815031,"7252007",1005815026,,,,,,"m","cm",
1005815163,"7252008",1005815158,,,,,,"m","cm",
1005815265,"7252023",1005815258,1,"10",1.50,4.57,"5","m","cm",4.82
1005817672,"7252042",1005817664,1,"10",2.44,5.49,"5","m","cm",4.82
1005817686,"7252043",1005817679,1,"10",1.50,4.57,"5","m","cm",4.82
1005817701,"7252044",1005817693,1,"10",3.10,6.10,"5","m","cm",4.82
1005817716,"7252045",1005817708,1,"10",3.10,6.10,"5","m","cm",4.82
1005817731,"7252046",1005817723,1,"10",3.10,6.10,"5","m","cm",4.82
1005817746,"7252047",1005817738,1,"10",3.10,6.10,"5","m","cm",4.82
1005817758,"7252048",1005817750,1,"10",1.50,4.57,"5","m","cm",4.82
1005817773,"7252049",1005817765,1,"10",0.91,3.96,"5","m","cm",4.82
1005817787,"7252050",1005817780,1,"10",1.50,4.57,"5","m","cm",4.82
1005817802,"7252051",1005817794,1,"10",2.13,5.18,"5","m","cm",4.82
1005817816,"7252052",1005817809,1,"10",3.66,6.71,"5","m","cm",6.03
1005817830,"7252053",1005817823,1,"10",3.10,6.10,"5","m","cm",6.03
1005817844,"7252054",1005817837,1,"10",3.10,6.10,"5","m","cm",6.03
1005817858,"7252055",1005817851,1,"10",3.10,6.10,"5","m","cm",6.03
1005817872,"7252056",1005817865,1,"10",2.44,5.49,"5","m","cm",6.03
1005817887,"7252057",1005817880,1,"10",3.10,6.10,"5","m","cm",6.03
1005817902,"7252058",1005817894,1,"10",3.66,6.71,"5","m","cm",6.03
1005817917,"7252059",1005817909,1,"10",3.66,6.71,"5","m","cm",6.03
1005817932,"7252060",1005817924,1,"10",3.66,6.71,"5","m","cm",6.03
1005817946,"7252061",1005817939,1,"10",3.10,6.10,"5","m","cm",6.03
1005818002,"7252065",1005817995,1,"10",1.50,4.57,"5","m","cm",4.82
1005818584,"7252066",1005818576,1,"010",,,"5","m","cm",4.82
1005818599,"7252067",1005818591,1,"10",,,"5","m","cm",4.82
1005818614,"7252068",1005818606,1,"10",,,"5","m","cm",4.82
1005818628,"7252069",1005818620,1,"10",3.10,6.10,"5","m","cm",4.82
1005818643,"7252070",1005818635,1,"10",3.10,6.10,"5","m","cm",4.82
1005818658,"7252071",1005818650,1,"10",2.74,5.79,"5","m","cm",4.82
1005818673,"7252072",1005818665,1,"10",3.96,7.01,"5","m","cm",4.82
1005808646,"7252073",1005808639,1,"10",2.74,5.79,"5","m","cm",4.82
1005808674,"7252074",1005808667,1,"10",3.10,6.10,"5","m","cm",4.82
1005808710,"7252075",1005808703,1,"10",3.10,6.10,"5","m","cm",4.82
1005808725,"7252076",1005808717,1,"10",3.10,6.10,"5","m","cm",4.82
1005808740,"7252077",1005808732,1,"10",3.10,6.10,"5","m","cm",4.82
1005808755,"7252078",1005808747,1,"10",2.74,5.79,"5","m","cm",4.82
1005808790,"7252081",1005808783,1,"10",1.50,3.10,"5","m","cm",4.21
1005808804,"7252082",1005808797,1,"10",,,"5","m","cm",4.21
1005808818,"7252083",1005808811,1,"10",3.10,6.10,"5","m","cm",6.03
1005817443,"7252280",1005817433,,,,,,"ft","inch",
1005817484,"7252281",1005817474,,,,,,"ft","inch",
1005817527,"7252282",1005817515,,,,,,"ft","inch",
1005818020,"7252283",1005818009,,,,,,"ft","inch",
1005818105,"7252285",1005818094,,,,,,"ft","inch",
1005818149,"7252286",1005818136,,,,,,"ft","inch",
1005818268,"7252287",1005818256,,,,,,"ft","inch",
1005818424,"7252288",1005818413,,,,,,"ft","inch",
1005819021,"7252290",1005819009,,,,,,"ft","inch",
1005819063,"7252291",1005819052,1,,,,,"ft","inch",
1005819112,"7252292",1005819100,,,,,,"ft","inch",
1005819201,"7252294",1005819190,,,,,,"ft","inch",
1005819436,"7252296",1005819425,,,,,,"ft","inch",
1005820322,"7252305",1005820314,,,,,,"m","cm",
1005851855,"7252361",1005851850,,,,,,"ft","inch",
1005851942,"7252362",1005851937,,,,,,"ft","inch",
1005852610,"7252366",1005852605,,,,,,"ft","inch",
1005852620,"7252367",1005852615,,,,,,"ft","inch",
1005852636,"7252368",1005852631,,,,,,"ft","inch",
1005852646,"7252369",1005852641,,,,,,"ft","inch",
1005852662,"7252370",1005852657,,,,,,"ft","inch",
1005852895,"7252375",1005852880,,,,,,"ft","inch",
1005852939,"7252376",1005852926,,,,,,"ft","inch",
1005853254,"7252378",1005853242,,,,,,"ft","inch",
1005853297,"7252379",1005853285,,,,,,"ft","inch",
1005837051,"7252380",1005837039,,,,,,"ft","inch",
1005837104,"7252381",1005837091,,,,,,"ft","inch",
1005837203,"7252383",1005837190,,,,,,"ft","inch",
1005837315,"7252385",1005837303,,,,,,"ft","inch",
1005837360,"7252386",1005837346,,,,,,"ft","inch",
1005837600,"7252388",1005837590,,,,,,"ft","inch",
1005837647,"7252389",1005837637,,,,,,"ft","inch",
1005831720,"7252393",1005831704,,,,,,"ft","inch",
1005831851,"7252396",1005831838,,,,,,"ft","inch",
1005831965,"7252399",1005831953,,,,,,"ft","inch",
1005832008,"7252400",1005831996,,,,,,"ft","inch",
1005834108,"7252401",1005834095,,,,,,"ft","inch",
1005834148,"7252402",1005834138,,,,,,"ft","inch",
1005834192,"7252403",1005834179,,,,,,"ft","inch",
1005834238,"7252404",1005834223,,,,,,"ft","inch",
1005834281,"7252405",1005834268,,,,,,"ft","inch",
1005840654,"7252413",1005840642,,,,,,"ft","inch",
1005841062,"7252414",1005841052,,,,,,"ft","inch",
1005841109,"7252417",1005841101,,,,,,"ft","inch",
1005841132,"7252418",1005841124,,,,,,"ft","inch",
1005824296,"7252458",1005824285,,,,,,"m","cm",
1005824509,"7252460",1005824498,,,,,,"m","cm",
1005824659,"7252463",1005824648,,,,,,"m","cm",
1005827652,"7252699",1005827644,,,,,,"ft","inch",
1005828435,"7252725",1005828430,,,,,,"ft","inch",
1005844087,"7252745",1005844077,,,,,,"ft","inch",
1005849401,"7252981",1005849396,,,,,,"ft","inch",
1005842296,"7253033",1005842291,,,,,,"m","cm",
1005842304,"7253046",1005842299,,,,,,"ft","inch",
1005842313,"7253047",1005842308,,,,,,"ft","inch",
1005842994,"7253089",1005842989,,,,,,"ft","inch",
1005847364,"7253249",1005847357,1,"10",0.91,3.10,"5","m","cm",4.82
1005847636,"7253250",1005847629,1,"10",4.27,5.79,"5","m","cm",6.03
1005847649,"7253251",1005847643,1,"10",6.00,16.00,"5","ft","inch",
1005847703,"7253252",1005847697,1,"10",14.00,24.00,"5","m","cm",
1005847755,"7253253",1005847749,1,"10",5.00,15.00,"5","m","cm",
1005847931,"7253258",1005847923,1,"10",3.96,7.01,"5","m","cm",4.82
1005848234,"7253261",1005848228,1,"10",3.35,4.88,"5","m","cm",6.03
1005848247,"7253262",1005848241,1,"10",3.35,4.88,"5","m","cm",6.03
1005848262,"7253263",1005848254,1,"10",3.96,7.01,"5","m","cm",6.03
1005851644,"7253369",1005851637,1,"10",5.00,15.00,"5","m","cm",
1005851659,"7253370",1005851651,1,"10",6.00,16.00,"5","m","cm",2.10
1005880740,"7253604",1005880733,,,,,,"ft","inch",
1005880758,"7253605",1005880751,,,,,,"ft","inch",
1005864407,"7253797",1005864402,,,,,,"m","cm",
1005876926,"7253961",1005876920,1,"10",0.91,2.44,"5","m","cm",4.21
1005876939,"7253962",1005876933,1,"10",0.91,2.44,"5","m","cm",4.21
1005876952,"7253963",1005876946,1,"10",0.91,2.44,"5","m","cm",4.21
1005876965,"7253964",1005876959,1,"10",0.91,2.44,"5","m","cm",4.21
1005877094,"7253974",1005877086,1,"10",4.57,7.62,"5","m","cm",6.03
1005877109,"7253975",1005877101,1,"10",3.96,7.01,"5","m","cm",6.03
1005877124,"7253976",1005877116,1,"10",3.96,7.01,"5","m","cm",6.03
1005878937,"7253990",1005878930,1,"10",0.50,3.10,"5","m","cm",4.82
1005878950,"7253991",1005878943,1,"10",1.50,3.10,"5","m","cm",4.82
1005878995,"7253992",1005878988,1,"10",0.85,2.00,"5","m","cm",4.82
1005879043,"7253993",1005879034,1,"10",3.04,6.09,"5","m","cm",4.82
1005879059,"7253994",1005879050,1,"10",3.04,6.09,"5","m","cm",4.82
1005879098,"7253995",1005879089,1,"10",3.04,6.09,"5","m","cm",4.82
1005879113,"7253996",1005879105,1,"10",2.28,3.81,"5","m","cm",6.03
1005879128,"7253997",1005879120,1,"10",2.28,3.81,"5","m","cm",6.03
1005879155,"7253998",1005879147,1,"10",2.28,3.81,"5","m","cm",6.03
1005882363,"7254028",1005882355,1,"10",2.74,1.22,"5","m","cm",4.82
1005856394,"7254238",1005856383,,,,,,"m","cm",
1005856435,"7254239",1005856421,,,,,,"m","cm",
1005856575,"7254240",1005856563,,,,,,"m","cm",
1005856773,"7254244",1005856768,,,,,,"m","cm",
1005856785,"7254245",1005856776,,,,,,"m","cm",
1005856827,"7254246",1005856815,,,,,,"m","cm",
1005856864,"7254247",1005856857,,,,,,"m","cm",
1005856902,"7254248",1005856893,,,,,,"m","cm",
1005856975,"7254250",1005856963,,,,,,"m","cm",
1005857132,"7254254",1005857125,,,,,,"m","cm",
1005857164,"7254255",1005857159,,,,,,"m","cm",
1005857175,"7254256",1005857167,,,,,,"m","cm",
1005857216,"7254257",1005857205,,,,,,"m","cm",
1005857251,"7254258",1005857240,,,,,,"m","cm",
1005857278,"7254259",1005857273,,,,,,"m","cm",
1005857340,"7254262",1005857329,,,,,,"m","cm",
1005857369,"7254263",1005857364,,,,,,"m","cm",
1005889804,"7254663",1005889799,,,,,,"ft","inch",
1005930661,"7254692",1005930653,,,,,,"m","cm",
1005930673,"7254693",1005930667,,,,,,"m","cm",
1005931580,"7254738",1005931573,,,,,,"ft","inch",
1005931624,"7254739",1005931615,,,,,,"ft","inch",
1005954064,"7254951",1005954058,,,,,,"m","cm",
1005954167,"7254953",1005954160,,,,,,"m","cm",
1005954242,"7254954",1005954235,1,"8",8.23,9.45,"1","m","cm",
1005954523,"7254955",1005954512,,,,,,"m","cm",
1005954612,"7254956",1005954606,,,,,,"m","cm",
1005954660,"7254957",1005954654,,,,,,"m","cm",
1005954682,"7254958",1005954676,1,"8",8.38,9.60,"1","m","cm",13.94
1005954761,"7254959",1005954754,,,,,,"m","cm",
1005954827,"7254960",1005954815,1,,,,,"m","cm",
1005954943,"7254961",1005954938,,,,,,"m","cm",
1005958164,"7255015",1005958159,,,,,,"m","cm",
1005964311,"7255197",1005964306,,,,,,"m","cm",
1005938927,"7255328",1005938922,,,,,,"ft","inch",
1005900260,"7255440",1005900248,,,,,,"ft","inch",
1005900362,"7255442",1005900347,,,,,,"ft","inch",
1005900380,"7255443",1005900366,,,,,,"ft","inch",
1005900421,"7255444",1005900411,,,,,,"ft","inch",
1005900609,"7255449",1005900599,,,,,,"ft","inch",
1005900696,"7255451",1005900683,,,,,,"ft","inch",
1005900739,"7255452",1005900727,,,,,,"ft","inch",
1005900825,"7255454",1005900815,,,,,,"ft","inch",
1005900912,"7255456",1005900900,1,,,,,"ft","inch",
1005901193,"7255458",1005901179,,,,,,"ft","inch",
1005901263,"7255459",1005901251,,,,,,"ft","inch",
1005901409,"7255461",1005901397,,,,,,"ft","inch",
1005901455,"7255462",1005901445,,,,,,"ft","inch",
1005901498,"7255463",1005901485,,,,,,"ft","inch",
1005901884,"7255465",1005901872,,,,,,"ft","inch",
1005902091,"7255466",1005902078,,,,,,"ft","inch",
1005902200,"7255468",1005902186,,,,,,"ft","inch",
1005902360,"7255471",1005902355,,,,,,"ft","inch",
1005902408,"7255474",1005902403,,,,,,"ft","inch",
1005902468,"7255477",1005902463,,,,,,"ft","inch",
1005902488,"7255478",1005902481,,,,,,"ft","inch",
1005902544,"7255479",1005902539,,,,,,"ft","inch",
1005902576,"7255480",1005902571,,,,,,"ft","inch",
1005905228,"7255545",1005905217,,,,,,"ft","inch",
1005925913,"7255857",1005925900,,,,,,"ft","inch",
1005926073,"7255861",1005926068,,,,,,"ft","inch",
1005926081,"7255862",1005926076,,,,,,"ft","inch",
1005926091,"7255863",1005926086,,,,,,"ft","inch",
1005953551,"7256054",1005953543,,,,,,"ft","inch",
1005966486,"7256245",1005966476,,,,,,"m","cm",
1005966749,"7256248",1005966741,,,,,,"m","cm",
1005968207,"7256330",1005968198,,,,,,"m","cm",
1005968273,"7256331",1005968262,,,,,,"m","cm",
1005968419,"7256334",1005968413,,,,,,"m","cm",
1005968502,"7256335",1005968493,,,,,,"m","cm",
1005973489,"7256439",1005973482,1,"10",1.52,4.57,"5","m","cm",4.82
1005973544,"7256440",1005973537,1,"10",1.21,4.26,"5","m","cm",4.82
1005973558,"7256441",1005973551,1,"10",1.21,4.26,"5","m","cm",4.82
1005973584,"7256442",1005973577,1,"10",1.52,4.57,"5","m","cm",4.82
1005973663,"7256443",1005973656,1,"10",1.52,4.57,"5","m","cm",4.82
1005973789,"7256444",1005973782,1,"10",1.52,4.57,"5","m","cm",6.03
1005975453,"7256481",1005975448,,,,,,"m","cm",
1005975504,"7256482",1005975499,,,,,,"m","cm",
1005975538,"7256483",1005975533,,,,,,"ft","inch",
1005975675,"7256484",1005975670,,,,,,"m","cm",
1005975703,"7256485",1005975698,,,,,,"m","cm",
1005978060,"7256521",1005978053,1,"10",1.52,3.10,"5","m","cm",4.21
1005978087,"7256522",1005978080,1,"10",2.44,5.49,"5","m","cm",4.82
1005978101,"7256523",1005978094,1,"10",3.35,6.40,"5","m","cm",4.82
1005978115,"7256524",1005978108,1,"10",3.66,6.71,"5","m","cm",4.82
1005978130,"7256525",1005978122,1,"10",3.10,6.10,"5","m","cm",4.82
1005978145,"7256526",1005978137,1,"10",3.10,6.10,"5","m","cm",4.82
1005978160,"7256527",1005978152,1,"10",3.10,6.10,"5","m","cm",4.82
1005978175,"7256528",1005978167,1,"10",2.74,5.79,"5","m","cm",4.82
1005978506,"7256563",1005978499,1,"10",1.52,4.57,"5","m","cm",4.82
1005978520,"7256564",1005978513,1,"10",1.52,3.10,"5","m","cm",4.82
1005978534,"7256565",1005978527,1,,0.91,2.44,"5","m","cm",4.82
1005978547,"7256566",1005978540,1,,1.50,4.57,"5","m","cm",4.82
1005978728,"7256567",1005978721,1,,2.44,5.49,"5","m","cm",4.82
1005946351,"7256598",1005946343,1,"10",1.21,4.26,"5","m","cm",4.82
1005946381,"7256599",1005946373,1,"10",1.21,4.26,"5","m","cm",4.82
1005946425,"7256600",1005946416,1,"10",3.81,6.85,"5","m","cm",4.82
1005983993,"7256608",1005983988,,,,,,"m","cm",
1005946664,"7256626",1005946655,1,"10",11.50,18.50,"5","ft","inch",1.66
1005946703,"7256627",1005946696,1,"10",5.00,7.50,"5","ft","inch",1.90
1005946755,"7256629",1005946747,1,"10",6.40,9.45,"5","m","cm",6.03
1005984540,"7256736",1005984534,1,"10",3.66,5.18,"5","m","cm",6.03
1005984582,"7256737",1005984575,1,"10",4.57,7.62,"5","m","cm",6.03
1005984595,"7256738",1005984589,1,"10",3.10,6.10,"5","m","cm",6.09
1005984622,"7256739",1005984616,1,"10",3.35,4.88,"5","m","cm",6.03
1005985243,"7256766",1005985238,,,,,,"ft","inch",
1005985261,"7256767",1005985248,,,,,,"ft","inch",
1005985462,"7256771",1005985457,,,,,,"ft","inch",
1005979412,"7256839",1005979405,,,,,,"ft","inch",
1005993590,"7257138",1005993580,1,"10",12.12,15.24,"5","m","cm",6.03
1005993608,"7257139",1005993598,1,"10",14.33,17.37,"5","m","cm",6.03
1005993626,"7257140",1005993616,1,"10",9.45,12.50,"5","m","cm",6.03
1005993702,"7257145",1005993693,1,"10",7.62,9.14,"5","m","cm",6.03
1005993718,"7257146",1005993709,1,"10",7.62,9.14,"5","m","cm",6.03
1005993737,"7257147",1005993728,1,"10",7.31,8.84,"5","m","cm",6.03
1005993762,"7257148",1005993753,1,"10",6.10,7.62,"5","m","cm",6.03
1005993796,"7257149",1005993787,1,"10",7.62,8.83,"5","m","cm",6.03
1005993823,"7257150",1005993815,1,"10",3.10,7.62,"5","m","cm",4.21
1005993843,"7257151",1005993836,1,"10",2.44,5.49,"5","m","cm",6.03
1005993857,"7257152",1005993849,1,"10",3.10,6.10,"5","m","cm",6.03
1005993871,"7257153",1005993863,1,"10",3.10,6.10,"5","m","cm",6.03
1005993884,"7257154",1005993876,1,"10",3.10,6.10,"5","m","cm",6.03
1005968309,"7257359",1005968303,,,,,,"m","cm",
1005968319,"7257360",1005968314,,,,,,"m","cm",
1005968328,"7257361",1005968323,,,,,,"m","cm",
1005969679,"7257399",1005969669,1,"20",17.39,18.61,"8","m","cm",13.97
1005969755,"7257400",1005969746,,,,,,"m","cm",
1005969830,"7257401",1005969821,,,,,,"m","cm",
1005973403,"7257527",1005973398,1,,,,,"m","cm",
1005974569,"7257568",1005974563,1,"10",15.00,30.00,"5","ft","inch",2.37
1005974593,"7257569",1005974587,1,"10",15.00,30.00,"5","ft","inch",2.37
1005974616,"7257570",1005974610,1,"10",15.00,30.00,"5","ft","inch",2.37
1005975606,"7257599",1005975601,,,,,,"m","cm",
1005975619,"7257600",1005975614,,,,,,"ft","inch",
1005975632,"7257602",1005975625,,,,,,"m","cm",
1005980051,"7257720",1005980042,,,,,,"m","cm",
1005980127,"7257721",1005980118,,,,,,"m","cm",
1005980256,"7257723",1005980248,1,"18",44.00,48.00,"8","ft","inch",5.50
1005980325,"7257724",1005980317,,,,,,"ft","inch",
1005980376,"7257725",1005980369,1,"18",40.00,44.00,"8","ft","inch",5.50
1005980417,"7257726",1005980407,1,"16",22.00,26.00,"8","ft","inch",5.50
1005980448,"7257727",1005980438,,,,,,"ft","inch",
1005980489,"7257728",1005980482,1,"20",21.00,24.00,"8","ft","inch",5.50
1005980522,"7257729",1005980515,1,"18",23.00,26.00,"8","ft","inch",5.50
1005980555,"7257730",1005980547,1,"18",21.00,24.00,"8","ft","inch",5.50
1005980589,"7257731",1005980580,,,,,,"ft","inch",
1005982356,"7257830",1005982349,1,"10",2.13,5.18,"5","m","cm",4.82
1005983375,"7257872",1005983368,1,"10",1.50,4.27,"5","m","cm",4.82
1005983407,"7257883",1005983400,1,"10",1.22,3.96,"5","m","cm",4.82
1005983436,"7257884",1005983429,1,"10",1.52,4.27,"5","m","cm",4.82
1005983453,"7257885",1005983446,1,"10",1.52,4.27,"5","m","cm",4.80
1005983470,"7257886",1005983463,1,"10",2.13,5.18,"5","m","cm",4.82
1005983493,"7257887",1005983486,1,"10",2.13,5.18,"5","m","cm",4.82
1005985382,"7257961",1005985376,1,"10",3.10,4.57,"1","m","cm",6.03
1005985763,"7257973",1005985756,1,"10",2.13,3.66,"5","m","cm",4.21
1005985777,"7257974",1005985770,1,"10",1.22,3.66,"5","m","cm",4.21
1005985791,"7257975",1005985784,1,"10",1.22,3.66,"5","m","cm",4.21
1005985847,"7257976",1005985839,1,"10",2.44,5.49,"5","m","cm",6.03
1005985861,"7257977",1005985854,1,"10",2.13,,"5","m","cm",6.03
1005985918,"7257978",1005985910,1,"10",2.44,5.49,"5","m","cm",6.03
1005997782,"7258466",1005997773,1,,,,"7","m","cm",
1006012807,"7258763",1006012800,1,"10",3.10,6.10,"5","m","cm",4.82
1006012821,"7258764",1006012814,1,"10",2.13,5.18,"5","m","cm",4.82
1006012863,"7258765",1006012856,1,"10",2.13,5.18,"5","m","cm",4.82
1006061566,"7259941",1006061555,,,,,,"m","cm",
1006061693,"7259944",1006061682,,,,,,"m","cm",
1006045635,"7260240",1006045627,1,"10",3.04,5.18,"5","m","cm",4.21
1006045650,"7260241",1006045642,1,"10",3.20,4.87,"5","m","cm",4.21
1006047234,"7260318",1006047226,1,"10",4.57,7.62,"5","m","cm",6.03
1006047706,"7260327",1006047699,1,"10",4.57,7.62,"5","m","cm",4.82
1006047731,"7260328",1006047724,1,"10",4.57,7.62,"5","m","cm",4.82
1006048924,"7260372",1006048916,,,,,,"m","cm",
1006048948,"7260373",1006048940,1,"10",4.57,7.62,"5","m","cm",6.03
1006050579,"7260434",1006050571,1,"10",7.01,8.84,"5","m","cm",6.03
1006050594,"7260435",1006050586,1,"10",7.01,8.53,"4","m","cm",6.03
1006050609,"7260436",1006050601,1,"10",7.92,9.45,"5","m","cm",6.03
1006050625,"7260437",1006050616,1,"10",7.62,9.14,"5","m","cm",6.03
1006050800,"7260450",1006050792,1,"10",5.79,8.84,"5","m","cm",6.03
1006024821,"7260527",1006024812,,,,,,"ft","inch",
1006024858,"7260528",1006024851,,,,,,"ft","inch",
1006024892,"7260530",1006024884,,,,,,"ft","inch",
1006017860,"7261273",1006017854,,,,,,"m","cm",
1006022471,"7261339",1006022465,,,,,,"m","cm",
1006026834,"7261425",1006026829,,,,,,"m","cm",
1006026882,"7261426",1006026877,,,,,,"m","cm",
1006027089,"7261427",1006027079,,,,,,"m","cm",
1006037604,"7261694",1006037597,,,,,,"ft","inch",
1006040621,"7261826",1006040613,1,"10",3.04,6.04,"5","m","cm",6.03
1006040636,"7261827",1006040628,1,"10",3.96,7.01,"5","m","cm",6.03
1006040665,"7261828",1006040657,1,"10",3.04,6.09,"5","m","cm",6.03
1006040702,"7261829",1006040694,1,"10",5.18,8.23,"5","m","cm",6.03
1006042320,"7261889",1006042314,1,"10",0.76,3.81,"5","m","cm",6.03
1006042334,"7261890",1006042327,1,"10",3.66,6.71,"5","m","cm",6.03
1006042348,"7261891",1006042341,1,"10",3.66,6.71,"5","m","cm",6.03
1006042360,"7261892",1006042353,1,"10",3.66,6.71,"5","m","cm",6.03
1006043246,"7261907",1006043239,1,"10",1.15,3.59,"5","m","cm",4.21
1006043282,"7261908",1006043274,1,"10",0.94,3.07,"5","m","cm",4.21
1006043311,"7261909",1006043304,1,"10",2.43,3.56,"5","m","cm",4.21
1006043446,"7261916",1006043438,1,"10",2.44,4.88,"5","m","cm",4.21
1006043460,"7261917",1006043453,1,"0",2.74,4.87,"5","m","cm",4.21
1006043507,"7261920",1006043500,1,"10",2.13,4.88,"5","m","cm",4.21
1006067974,"7262270",1006067965,,,,,,"ft","inch",
1006068018,"7262271",1006068013,,,,,,"ft","inch",
1006070552,"7262314",1006070540,,,,,,"m","cm",
1006076875,"7262664",1006076865,,,,,,"m","cm",
1006077077,"7262667",1006077067,,,,,,"m","cm",
1006077147,"7262668",1006077138,,,,,,"m","cm",
1006077324,"7262669",1006077316,,,,,,"m","cm",
1006077399,"7262670",1006077392,,,,,,"m","cm",
1006077616,"7262671",1006077606,,,,,,"m","cm",
1006077811,"7262672",1006077800,,,,,,"m","cm",
1006077864,"7262673",1006077854,,,,,,"m","cm",
1006080047,"7262689",1006080042,,,,,,"ft","inch",
1006042111,"7262935",1006042097,,,,,,"ft","inch",
1006073612,"7262945",1006073602,,,,,,"ft","inch",
1006073729,"7262947",1006073717,,,,,,"ft","inch",
1006074144,"7262954",1006074134,,,,,,"ft","inch",
1006074230,"7262955",1006074220,,,,,,"ft","inch",
1006074318,"7262956",1006074306,,,,,,"ft","inch",
1006090321,"7263020",1006090300,,,,,,"ft","inch",
1006090332,"7263021",1006090325,,,,,,"ft","inch",
1006094300,"7263102",1006094295,,,,,,"ft","inch",
1006086449,"7263311",1006086444,,,,,,"ft","inch",
1006086501,"7263312",1006086496,,,,,,"m","cm",
1006108919,"7263380",1006108903,,,,,,"ft","inch",
1006113583,"7263428",1006113574,1,"10",1.83,4.88,"5","m","cm",3.89
1006113584,"7263428",1006113574,2,"10",11.43,14.48,"5","m","cm",3.89
1006113604,"7263429",1006113595,1,"10",4.57,7.62,"5","m","cm",3.89
1006113605,"7263429",1006113595,2,"10",12.35,15.40,"5","m","cm",3.89
1006113619,"7263430",1006113610,1,"10",1.52,4.57,"5","m","cm",3.89
1006113620,"7263430",1006113610,2,"10",11.20,14.25,"5","m","cm",3.89
1006113648,"7263431",1006113640,1,"10",6.40,7.90,"5","m","cm",5.88
1006113691,"7263432",1006113681,1,"10",6.40,7.90,"5","m","cm",5.88
1006113721,"7263434",1006113711,1,"10",6.10,7.62,"5","m","cm",5.88
1006113744,"7263435",1006113736,1,"10",3.60,5.15,"5","m","cm",5.88
1006113769,"7263436",1006113761,1,"10",4.10,5.64,"5","m","cm",5.88
1006113794,"7263437",1006113786,1,"10",3.35,4.82,"5","m","cm",5.88
1006113825,"7263438",1006113817,1,"10",3.05,4.60,"5","m","cm",5.88
1006113980,"7263449",1006113975,1,"10",3.05,6.10,"5","m","cm",5.80
1006118768,"7263516",1006118760,1,"10",9.14,10.67,"5","m","cm",4.82
1006118827,"7263517",1006118819,1,"10",9.14,10.67,"5","m","cm",4.82
1006118841,"7263518",1006118834,1,"10",3.10,4.57,"5","m","cm",4.82
1006118902,"7263519",1006118894,1,"10",4.57,7.62,"5","m","cm",4.82
1006118941,"7263520",1006118933,1,"10",3.10,6.10,"5","m","cm",4.82
1006119014,"7263521",1006119006,1,"10",2.44,4.57,"5","m","cm",4.22
1006120472,"7263537",1006120465,1,"10",4.57,7.62,"5","m","cm",6.03
1006120510,"7263538",1006120503,1,"10",4.57,7.62,"5","m","cm",6.03
1006018680,"7263676",1006018675,1,"10",0.91,3.04,"5","m","cm",4.82
1006018691,"7263677",1006018686,1,"10",0.76,2.89,"5","m","cm",6.03
1006018702,"7263678",1006018697,1,"10",0.91,3.38,"5","m","cm",4.82
1006018713,"7263679",1006018708,1,"10",0.91,3.04,"5","m","cm",4.82
1006018724,"7263680",1006018719,1,"10",0.91,3.50,"5","m","cm",6.03
1006018735,"7263681",1006018730,1,"10",1.21,4.26,"5","m","cm",6.03
1006127055,"7263706",1006127047,1,"10",3.10,4.57,"5","m","cm",6.03
1006127092,"7263707",1006127084,1,"10",3.35,4.87,"5","m","cm",6.03
1006127117,"7263708",1006127109,1,"10",3.35,4.87,"5","m","cm",6.03
1006127172,"7263709",1006127163,1,"10",5.49,7.01,"5","m","cm",6.03
1006127627,"7263710",1006127618,1,"10",3.65,5.18,"5","m","cm",4.21
1006127700,"7263711",1006127691,1,"10",9.14,10.66,"5","m","cm",6.03
1006127807,"7263712",1006127798,1,"10",4.57,6.09,"5","m","cm",4.82
1006127964,"7263713",1006127956,1,"10",0.91,3.96,"5","m","cm",4.82
1006128105,"7263714",1006128097,1,"10",0.91,3.96,"5","m","cm",4.82
1006128173,"7263715",1006128166,1,"10",0.61,1.22,"5","m","cm",4.82
1006129108,"7263716",1006129101,1,"10",1.50,4.57,"5","m","cm",4.82
1006129120,"7263717",1006129114,1,"10",0.61,1.22,"5","m","cm",4.82
1006074521,"7263718",1006074515,1,"10",0.61,1.22,"5","m","cm",4.82
1006074533,"7263719",1006074527,1,"10",0.61,1.58,"5","m","cm",4.82
1006075430,"7263751",1006075425,1,"10",1.52,4.57,"5","m","cm",4.82
1006075437,"7263752",1006075432,1,"10",1.52,4.57,"5","m","cm",6.03
1006076631,"7263771",1006076624,1,"10",0.91,3.65,"5","m","cm",4.21
1006076654,"7263772",1006076646,1,"10",3.10,4.57,"5","m","cm",6.03
1006077273,"7263792",1006077265,1,"10",2.74,4.27,"5","m","cm",6.03
1006077291,"7263793",1006077283,1,"10",4.27,5.79,"5","m","cm",6.03
1006077312,"7263794",1006077304,1,"10",7.31,8.83,"5","m","cm",6.03
1006077361,"7263795",1006077353,1,"10",3.35,4.88,"5","m","cm",6.03
1006077379,"7263796",1006077371,1,"10",3.35,4.88,"5","m","cm",6.03
1006077443,"7263797",1006077438,1,"10",0.91,3.04,"5","m","cm",4.82
1006077457,"7263798",1006077452,,,,,,"m","cm",
1006077468,"7263799",1006077463,,,,,,"m","cm",
1006077479,"7263800",1006077474,,,,,,"m","cm",
1006077490,"7263801",1006077485,,,,,,"m","cm",
1006077501,"7263802",1006077496,,,,,,"m","cm",
1006077515,"7263803",1006077508,1,"10",3.96,7.01,"5","m","cm",4.20
1006077529,"7263804",1006077522,1,"10",1.50,4.57,"5","m","cm",4.82
1006077584,"7263808",1006077576,1,"10",2.44,5.49,"5","m","cm",4.82
1006077599,"7263809",1006077591,1,"10",3.96,7.01,"5","m","cm",4.82
1006077654,"7263810",1006077646,1,"10",3.66,6.71,"5","m","cm",4.82
1006077668,"7263811",1006077661,1,"10",7.01,10.06,"5","m","cm",6.03
1006077683,"7263812",1006077675,1,"10",5.18,8.23,"5","m","cm",6.03
1006077698,"7263813",1006077690,1,"10",7.01,10.06,"5","m","cm",6.03
1006082074,"7263960",1006082069,1,"10",7.00,12.00,"5","ft","inch",2.50
1006082907,"7264035",1006082902,,,,,,"m","cm",
1006082915,"7264036",1006082910,,,,,,"m","cm",
1006082923,"7264037",1006082918,,,,,,"m","cm",
1006082931,"7264038",1006082926,,,,,,"m","cm",
1006082949,"7264039",1006082944,,,,,,"m","cm",
1006082957,"7264040",1006082952,,,,,,"m","cm",
1006082975,"7264041",1006082970,,,,,,"m","cm",
1006082983,"7264042",1006082978,,,,,,"m","cm",
1006083001,"7264043",1006082996,,,,,,"m","cm",
1006083009,"7264044",1006083004,,,,,,"m","cm",
1006083027,"7264045",1006083022,,,,,,"m","cm",
1006083035,"7264046",1006083030,,,,,,"m","cm",
1006083053,"7264047",1006083048,,,,,,"m","cm",
1006083061,"7264048",1006083056,,,,,,"m","cm",
1006083079,"7264049",1006083074,,,,,,"m","cm",
1006083087,"7264050",1006083082,,,,,,"m","cm",
1006083105,"7264051",1006083100,,,,,,"m","cm",
1006083113,"7264052",1006083108,,,,,,"m","cm",
1006083131,"7264053",1006083126,,,,,,"m","cm",
1006083202,"7264058",1006083197,,,,,,"m","cm",
1006083220,"7264059",1006083215,,,,,,"m","cm",
1006083431,"7264060",1006083426,,,,,,"m","cm",
1006083612,"7264069",1006083607,,,,,,"m","cm",
1006083634,"7264070",1006083629,,,,,,"m","cm",
1006083669,"7264071",1006083664,,,,,,"m","cm",
1006083677,"7264072",1006083672,,,,,,"m","cm",
1006083685,"7264073",1006083680,,,,,,"m","cm",
1006083693,"7264074",1006083688,,,,,,"m","cm",
1006083711,"7264075",1006083706,,,,,,"m","cm",
1006083719,"7264076",1006083714,,,,,,"m","cm",
1006083737,"7264077",1006083732,,,,,,"m","cm",
1006083745,"7264078",1006083740,,,,,,"m","cm",
1006083753,"7264079",1006083748,,,,,,"m","cm",
1006083761,"7264080",1006083756,,,,,,"m","cm",
1006083798,"7264081",1006083793,,,,,,"m","cm",
1006083806,"7264082",1006083801,,,,,,"m","cm",
1006083814,"7264083",1006083809,,,,,,"m","cm",
1006083867,"7264084",1006083862,,,,,,"m","cm",
1006083875,"7264085",1006083870,,,,,,"m","cm",
1006083883,"7264086",1006083878,,,,,,"m","cm",
1006083891,"7264087",1006083886,,,,,,"m","cm",
1006083899,"7264088",1006083894,,,,,,"m","cm",
1006083958,"7264089",1006083953,,,,,,"m","cm",
1006083966,"7264090",1006083961,,,,,,"m","cm",
1006083974,"7264091",1006083969,,,,,,"m","cm",
1006088909,"7264282",1006088904,,,,,,"ft","inch",
1006090554,"7264321",1006090548,,,,,,"m","cm",
1006090564,"7264322",1006090558,,,,,,"m","cm",
1006090574,"7264323",1006090568,,,,,,"m","cm",
1006090584,"7264324",1006090578,,,,,,"m","cm",
1006090594,"7264325",1006090588,,,,,,"m","cm",
1006090604,"7264326",1006090598,,,,,,"m","cm",
1006090698,"7264331",1006090692,,,,,,"ft","inch",
1006093206,"7264434",1006093201,,,,,,"m","cm",
1006096268,"7264516",1006096262,,,,,,"m","cm",
1006096315,"7264517",1006096304,,,,,,"m","cm",
1006099190,"7264591",1006099185,,,,,,"ft","inch",
1006099209,"7264592",1006099204,,,,,,"ft","inch",
1006099228,"7264593",1006099223,,,,,,"ft","inch",
1006099236,"7264594",1006099231,,,,,,"ft","inch",
1006099601,"7264607",1006099590,,,,,,"ft","inch",
1006099675,"7264608",1006099662,,,,,,"ft","inch",
1006102486,"7264662",1006102478,,,,,,"m","cm",
1006102590,"7264663",1006102582,,,,,,"m","cm",
1006105791,"7264754",1006105784,1,"10",6.10,9.15,"5","m","cm",3.89
1006107666,"7264784",1006107656,,,,,,"ft","inch",
1006109497,"7264838",1006109490,1,"10",1.83,3.35,"5","m","cm",1.82
1006109800,"7264851",1006109792,1,"10",10.66,13.71,"5","m","cm",4.82
1006109882,"7264854",1006109875,1,"10",5.79,8.83,"5","m","cm",4.82
1006109896,"7264855",1006109889,1,"10",6.09,9.14,"5","m","cm",4.82
1006109924,"7264856",1006109917,1,"10",5.79,8.83,"5","m","cm",4.82
1006109989,"7264857",1006109982,1,"10",5.79,8.83,"5","m","cm",
1006112676,"7264920",1006112668,1,"10",5.70,6.10,"5","m","cm",3.89
1006112849,"7264936",1006112841,1,"10",6.10,9.14,"5","m","cm",4.82
1006113567,"7264947",1006113559,1,"10",4.52,4.57,"5","m","cm",4.82
1006113633,"7264948",1006113625,1,"10",2.44,5.49,"5","m","cm",4.82
1006113857,"7264958",1006113852,,,,,,"m","cm",
1006113889,"7264960",1006113884,,,,,,"m","cm",
1006114571,"7264993",1006114565,,,,,,"ft","inch",
1006114628,"7264994",1006114620,1,,,,,"ft","inch",
1006114712,"7264995",1006114701,,,,,,"ft","inch",
1006122792,"7265216",1006122785,1,"10",2.59,5.48,"5","m","cm",6.03
1006122844,"7265217",1006122837,1,"10",2.59,5.48,"5","m","cm",6.03
1006122883,"7265218",1006122876,1,"10",2.59,5.48,"5","m","cm",6.03
1006122922,"7265219",1006122915,1,"10",3.96,7.01,"5","m","cm",6.03
1006123074,"7265220",1006123062,1,"10",3.96,7.01,"5","m","cm",6.03
1006123120,"7265221",1006123113,1,"10",3.96,7.01,"5","m","cm",6.03
1006123158,"7265222",1006123152,1,"10",1.83,4.88,"5","m","cm",4.21
1006123184,"7265223",1006123178,1,"10",1.50,4.57,"5","m","cm",4.21
1006123236,"7265224",1006123230,1,"10",1.50,4.57,"5","m","cm",4.21
1006125041,"7265294",1006125035,1,"10",0.91,2.44,"5","m","cm",6.03
1006125137,"7265301",1006125128,1,"10",1.52,4.57,"5","m","cm",4.82
1006125213,"7265302",1006125204,1,"10",1.52,4.57,"5","m","cm",4.82
1006125229,"7265303",1006125220,1,"10",1.52,4.57,"5","m","cm",4.82
1006125260,"7265304",1006125253,1,"10",1.50,4.57,"5","m","cm",4.21
1006125275,"7265305",1006125267,1,"10",2.44,5.49,"5","m","cm",3.34
1006125292,"7265306",1006125285,1,"10",1.83,4.88,"5","m","cm",4.21
1006125320,"7265307",1006125313,1,"10",1.06,4.11,"5","m","cm",4.82
1006125350,"7265308",1006125341,1,"10",3.10,4.57,"5","m","cm",4.82
1006125435,"7265309",1006125426,1,"10",1.52,4.57,"5","m","cm",4.82
1006127503,"7265374",1006127490,,,,,,"ft","inch",
1006127594,"7265376",1006127581,,,,,,"ft","inch",
1006127718,"7265378",1006127707,,,,,,"ft","inch",
1006127761,"7265379",1006127749,,,,,,"ft","inch",
1006127826,"7265381",1006127814,,,,,,"ft","inch",
1006127912,"7265382",1006127898,,,,,,"ft","inch",
1006127980,"7265383",1006127969,,,,,,"ft","inch",
1006128022,"7265384",1006128010,,,,,,"ft","inch",
1006128067,"7265385",1006128052,,,,,,"ft","inch",
1006128117,"7265386",1006128112,,,,,,"ft","inch",
1006128135,"7265387",1006128122,,,,,,"ft","inch",
1006128235,"7265389",1006128220,,,,,,"ft","inch",
1006128270,"7265390",1006128265,,,,,,"ft","inch",
1006128285,"7265391",1006128275,,,,,,"ft","inch",
1006128329,"7265392",1006128315,,,,,,"ft","inch",
1006128663,"7265393",1006128650,,,,,,"ft","inch",
1006128838,"7265397",1006128826,,,,,,"ft","inch",
1006128920,"7265398",1006128905,,,,,,"ft","inch",
1006129070,"7265401",1006129059,,,,,,"ft","inch",
1006099657,"7265450",1006099652,,,,,,"ft","inch",
1006122909,"7265881",1006122904,,,,,,"ft","inch",
1006123173,"7265885",1006123168,1,"10",1.83,4.90,"5","m","cm",5.89
1006123200,"7265886",1006123194,1,"10",6.71,9.75,"5","m","cm",5.89
1006123225,"7265887",1006123219,1,"10",7.62,10.70,"5","m","cm",5.89
1006123457,"7265888",1006123449,1,"10",1.82,4.00,"5","m","cm",3.89
1006128409,"7265934",1006128400,1,"10",4.27,7.32,"5","m","cm",4.82
1006128595,"7265947",1006128587,1,"10",3.10,6.10,"5","m","cm",6.03
1006128611,"7265948",1006128602,1,"10",2.74,5.29,"5","m","cm",6.03
1006128626,"7265949",1006128618,1,"10",2.74,5.79,"5","m","cm",6.03
1006128641,"7265950",1006128633,1,"10",1.83,4.88,"5","m","cm",6.03
1006128700,"7265951",1006128693,1,"10",4.57,7.62,"5","m","cm",6.03
1006129322,"7265962",1006129315,1,"10",5.00,15.00,"5","m","cm",2.10
1006129345,"7265963",1006129338,1,"10",5.00,15.00,"5","m","cm",2.10
1006131427,"7266067",1006131417,,,,,,"ft","inch",
1006131512,"7266068",1006131502,,,,,,"ft","inch",
1006131609,"7266070",1006131598,,,,,,"ft","inch",
1006131795,"7266071",1006131787,,,,,,"ft","inch",
1006131873,"7266072",1006131865,,,,,,"ft","inch",
1006131955,"7266073",1006131944,,,,,,"ft","inch",
1006134422,"7266157",1006134417,1,"10",3.10,6.10,"5","ft","inch",4.82
1006134432,"7266158",1006134427,1,"10",3.10,6.10,"5","ft","inch",4.82
1006134442,"7266159",1006134437,1,"10",3.10,6.10,"5","ft","inch",4.82
1006134637,"7266180",1006134626,1,,0.00,3.00,,"m","cm",
1006135468,"7266197",1006135458,1,"1",0.00,3.00,,"m","cm",0.40
1006138714,"7266269",1006138706,1,"10",3.10,6.10,"5","m","cm",6.03
1006141693,"7266285",1006141679,1,,,,,"ft","inch",
1006141913,"7266288",1006141906,1,"4.6",,7.60,"5","m","cm",3.89
1006142037,"7266291",1006142025,,,,,,"m","cm",
1006142126,"7266292",1006142114,,,,,,"ft","inch",
1006142705,"7266313",1006142698,,,,,,"ft","inch",
1006143507,"7266341",1006143502,,,,,,"m","cm",
1006147348,"7266433",1006147341,1,"10",2.44,5.49,"5","m","cm",6.03
1006150652,"7266495",1006150642,,,,,,"m","cm",
1006165864,"7266948",1006165855,,,,,,"ft","inch",
1006166122,"7266956",1006166114,1,"10",46.00,50.00,"8","ft","inch",5.50
1006170752,"7267308",1006170746,,,,,,"m","cm",
1006171193,"7267320",1006171182,,,,,,"m","cm",
1006172384,"7267373",1006172374,1,"10",7.62,9.14,"5","m","cm",6.03
1006172398,"7267374",1006172391,1,"10",1.83,4.88,"5","m","cm",6.03
1006172412,"7267375",1006172405,1,"10",1.83,4.88,"5","m","cm",6.03
1006172432,"7267376",1006172425,1,"10",1.98,5.03,"5","m","cm",6.03
1006172633,"7267389",1006172626,1,"10",0.61,2.29,"5","m","cm",6.03
1006172648,"7267390",1006172643,1,"10",0.71,2.30,"5","m","cm",6.03
1006172853,"7267403",1006172846,1,"10",1.83,4.88,"5","m","cm",6.03
1006172868,"7267404",1006172860,1,"10",0.91,3.96,"5","m","cm",6.03
1006173026,"7267416",1006173019,1,"10",2.43,5.48,"5","m","cm",6.03
1006173040,"7267417",1006173033,1,"10",2.43,5.48,"5","m","cm",6.03
1006173054,"7267418",1006173047,1,"10",2.43,6.09,"5","m","cm",6.03
1006173068,"7267419",1006173061,1,"10",3.04,6.09,"5","m","cm",6.03
1006173105,"7267420",1006173096,1,"10",10.67,12.19,"5","m","cm",6.03
1006173130,"7267421",1006173121,1,"10",7.62,9.14,"5","m","cm",6.03
1006173150,"7267422",1006173140,1,"10",10.67,12.19,"5","m","cm",6.03
1006173660,"7267435",1006173653,1,"10",20.00,30.00,"5","m","cm",2.10
1006173769,"7267436",1006173762,1,"10",22.50,32.50,"5","m","cm",2.10
1006173783,"7267437",1006173776,1,"10",20.00,30.00,"5","m","cm",
1006174674,"7267471",1006174666,1,"10",1.83,4.88,"5","m","cm",6.03
1006174688,"7267472",1006174681,1,"10",0.61,2.29,"5","m","cm",6.03
1006175758,"7267499",1006175749,1,"10",3.05,6.10,"5","m","cm",6.03
1006175774,"7267500",1006175765,1,"10",3.05,6.10,"5","m","cm",6.03
1006175790,"7267501",1006175781,1,"10",3.65,6.10,"5","m","cm",6.03
1006175805,"7267502",1006175797,1,"10",3.35,4.88,"5","m","cm",6.03
1006175819,"7267503",1006175812,1,"10",7.62,10.67,"5","m","cm",6.03
1006175833,"7267504",1006175826,1,"10",4.57,7.62,"5","m","cm",6.03
1006175848,"7267505",1006175840,1,"10",4.57,7.62,"5","m","cm",6.03
1006175867,"7267506",1006175858,1,"10",3.66,6.71,"5","m","cm",6.03
1006176266,"7267535",1006176259,1,"10",3.10,6.10,"5","m","cm",6.03
1006176295,"7267536",1006176287,1,"10",1.98,5.03,"5","m","cm",6.03
1006176316,"7267537",1006176308,1,"10",1.98,5.03,"5","m","cm",4.82
1006176331,"7267538",1006176323,1,"10",2.00,5.03,"5","m","cm",4.82
1006176352,"7267539",1006176344,1,"10",5.49,8.84,"5","m","cm",4.82
1006176384,"7267540",1006176377,1,"10",2.13,5.18,"5","m","cm",4.82
1006176455,"7267544",1006176447,1,"10",2.74,4.28,"5","m","cm",4.82
1006176473,"7267545",1006176465,1,"10",1.52,3.04,"5","m","cm",4.82
1006176491,"7267546",1006176483,1,"10",1.52,3.04,"5","m","cm",4.82
1006176507,"7267547",1006176498,1,"10",4.57,6.09,"5","m","cm",4.82
1006177218,"7267590",1006177209,1,"10",4.87,6.40,"5","m","cm",4.21
1006177232,"7267591",1006177225,1,"10",5.79,7.32,"5","m","cm",6.03
1006177247,"7267592",1006177239,1,"10",5.18,6.71,"5","m","cm",6.03
1006177263,"7267593",1006177255,1,"10",4.27,6.10,"5","m","cm",6.03
1006177484,"7267609",1006177476,1,"10",3.65,5.18,"5","m","cm",6.03
1006177499,"7267610",1006177491,1,"10",3.23,6.55,"5","m","cm",6.03
1006177517,"7267611",1006177509,1,"10",3.35,6.70,"5","m","cm",6.03
1006178457,"7267654",1006178447,,,,,,"m","cm",
1006179152,"7267672",1006179146,1,"10",1.52,3.05,"5","m","cm",3.89
1006179165,"7267673",1006179159,1,"10",1.52,3.05,"5","m","cm",3.89
1006179175,"7267674",1006179169,1,"10",1.52,3.05,"5","m","cm",3.89
1006180971,"7267738",1006180966,,,,,,"m","cm",
1006181026,"7267746",1006181018,1,"10",14.00,29.00,"5","ft","inch",2.37
1006181035,"7267747",1006181030,,,,,,"m","cm",
1006182482,"7267807",1006182476,,,,,,"ft","inch",
1006182517,"7267808",1006182508,,,,,,"ft","inch",
1006184968,"7267928",1006184954,,,,,,"ft","inch",
1006189894,"7268066",1006189889,1,,4.05,5.05,"5","m","cm",1.90
1006189903,"7268067",1006189898,,,,,,"m","cm",
1006189913,"7268068",1006189908,,,,,,"m","cm",
1006189923,"7268069",1006189918,,,,,,"m","cm",
1006191608,"7268155",1006191602,,,,,,"m","cm",
1006191618,"7268156",1006191612,1,,,,,"m","cm",
1006191628,"7268157",1006191622,,,,,,"m","cm",
1006191638,"7268158",1006191632,,,,,,"m","cm",
1006191758,"7268159",1006191752,,,,,,"m","cm",
1006191794,"7268160",1006191789,,,,,,"ft","inch",
1006201699,"7268381",1006201694,,,,,,"ft","inch",
1006201718,"7268382",1006201704,,,,,,"ft","inch",
1006201760,"7268383",1006201749,,,,,,"ft","inch",
1006201908,"7268384",1006201894,,,,,,"ft","inch",
1006204575,"7268385",1006204562,,,,,,"ft","inch",
1006204611,"7268386",1006204606,,,,,,"ft","inch",
1006204660,"7268387",1006204648,,,,,,"ft","inch",
1006197237,"7268392",1006197227,,,,,,"ft","inch",
1006197289,"7268393",1006197277,,,,,,"ft","inch",
1006197342,"7268394",1006197332,,,,,,"ft","inch",
1006197393,"7268395",1006197379,,,,,,"ft","inch",
1006197514,"7268398",1006197498,,,,,,"ft","inch",
1006197565,"7268399",1006197551,,,,,,"ft","inch",
1006197613,"7268400",1006197599,,,,,,"ft","inch",
1006197657,"7268401",1006197644,,,,,,"ft","inch",
1006197801,"7268404",1006197785,,,,,,"ft","inch",
1006197843,"7268405",1006197832,,,,,,"ft","inch",
1006197886,"7268406",1006197873,,,,,,"ft","inch",
1006197973,"7268408",1006197962,,,,,,"ft","inch",
1006204746,"7268412",1006204733,,,,,,"ft","inch",
1006204782,"7268413",1006204777,,,,,,"ft","inch",
1006204797,"7268414",1006204787,,,,,,"ft","inch",
1006201962,"7268418",1006201948,,,,,,"ft","inch",
1006202150,"7268422",1006202144,1,,,,,"ft","inch",
1006202206,"7268424",1006202201,,,,,,"ft","inch",
1006202216,"7268425",1006202211,,,,,,"ft","inch",
1006202225,"7268426",1006202220,,,,,,"ft","inch",
1006202242,"7268427",1006202230,,,,,,"ft","inch",
1006202286,"7268428",1006202273,,,,,,"ft","inch",
1006202330,"7268429",1006202316,,,,,,"ft","inch",
1006202414,"7268431",1006202402,,,,,,"ft","inch",
1006202459,"7268432",1006202447,,,,,,"ft","inch",
1006202581,"7268434",1006202567,,,,,,"ft","inch",
1006202714,"7268437",1006202702,,,,,,"ft","inch",
1006202753,"7268438",1006202744,,,,,,"ft","inch",
1006202803,"7268439",1006202788,,,,,,"ft","inch",
1006203021,"7268444",1006203009,,,,,,"ft","inch",
1006203065,"7268445",1006203052,,,,,,"ft","inch",
1006203188,"7268448",1006203180,,,,,,"ft","inch",
1006203226,"7268449",1006203217,,,,,,"ft","inch",
1006203269,"7268450",1006203255,,,,,,"ft","inch",
1006203313,"7268451",1006203300,,,,,,"ft","inch",
1006203398,"7268453",1006203384,,,,,,"ft","inch",
1006203439,"7268454",1006203428,,,,,,"ft","inch",
1006203564,"7268457",1006203553,,,,,,"ft","inch",
1006204970,"7268458",1006204956,,,,,,"ft","inch",
1006203611,"7268459",1006203595,,,,,,"ft","inch",
1006203652,"7268460",1006203642,,,,,,"ft","inch",
1006203866,"7268466",1006203861,,,,,,"ft","inch",
1006208731,"7268606",1006208724,1,"8",27.50,31.50,"7","ft","inch",5.00
1006208732,"7268606",1006208724,2,,25.00,31.50,"1","ft","inch",
1006208755,"7268607",1006208750,,,,,,"ft","inch",
1006208769,"7268608",1006208761,,,,,,"ft","inch",
1006208779,"7268609",1006208774,,,,,,"ft","inch",
1006208793,"7268610",1006208784,,,,,,"ft","inch",
1006217363,"7268951",1006217355,,,,,,"m","cm",
1006217454,"7268953",1006217444,,,,,,"m","cm",
1006217827,"7268963",1006217821,,,,,,"m","cm",
1006217843,"7268964",1006217835,,,,,,"m","cm",
1006218356,"7268973",1006218347,,,,,,"m","cm",
1006224202,"7269071",1006224196,,,,,,"m","cm",
1006224210,"7269072",1006224205,,,,,,"m","cm",
1006224219,"7269073",1006224213,,,,,,"m","cm",
1006224230,"7269074",1006224224,,,,,,"m","cm",
1006224241,"7269075",1006224235,,,,,,"m","cm",
1006224254,"7269076",1006224246,1,"10",3.05,6.10,"5","m","cm",6.03
1006224269,"7269077",1006224261,1,"10",3.05,6.10,"5","m","cm",6.03
1006224294,"7269079",1006224287,1,"10",1.06,3.20,"5","m","cm",4.21
1006224308,"7269080",1006224301,1,"10",0.75,3.75,"5","m","cm",4.21
1006227656,"7269113",1006227648,1,"10",12.65,14.17,"5","m","cm",6.03
1006227707,"7269114",1006227699,1,"10",12.57,14.09,"5","m","cm",6.03
1006227767,"7269115",1006227759,1,"10",19.28,20.80,"5","m","cm",6.03
1006227883,"7269116",1006227875,1,"10",13.72,15.24,"5","m","cm",6.03
1006227900,"7269117",1006227892,1,"10",4.57,7.62,"5","m","cm",6.03
1006227915,"7269118",1006227907,1,"10",12.34,13.86,"5","m","cm",6.03
1006227930,"7269119",1006227922,1,"10",12.50,14.02,"5","m","cm",6.03
1006227967,"7269120",1006227958,1,"10",12.50,14.02,"5","m","cm",6.03
1006228159,"7269131",1006228151,1,"10",3.96,5.49,"5","m","cm",4.82
1006230872,"7269181",1006230865,1,"10",3.10,6.10,"5","m","cm",4.82
1006230909,"7269182",1006230903,1,"10",2.13,5.18,"5","m","cm",4.82
1006231285,"7269188",1006231280,1,,,,"5","m","cm",6.03
1006231297,"7269189",1006231292,1,,,,,"m","cm",6.03
1006231307,"7269190",1006231302,1,,,,"5","m","cm",6.03
1006231319,"7269191",1006231314,1,"10",,,"5","m","cm",6.03
1006231331,"7269192",1006231326,1,"10",0.91,3.66,"5","m","cm",6.03
1006231687,"7269210",1006231680,1,"10",1.50,4.57,"5","m","cm",6.03
1006231728,"7269211",1006231721,1,"10",1.50,4.57,"5","m","cm",6.03
1006231742,"7269212",1006231735,1,"10",1.50,4.57,"5","m","cm",6.03
1006231760,"7269213",1006231753,1,"10",3.10,6.10,"5","m","cm",4.82
1006231776,"7269214",1006231769,1,"10",3.10,6.10,"5","m","cm",4.82
1006231791,"7269215",1006231784,1,"10",3.10,6.10,"5","m","cm",4.82
1006231804,"7269216",1006231798,1,"10",2.74,5.79,"5","m","cm",4.82
1006231832,"7269217",1006231825,1,"10",1.83,4.88,"5","m","cm",4.82
1006232671,"7269247",1006232663,1,"10",3.96,5.49,"5","m","cm",4.82
1006235989,"7269418",1006235981,,,,,,"m","cm",
1006245144,"7269708",1006245139,1,"40",10.00,20.00,,"ft","inch",2.25
1006245155,"7269709",1006245148,1,"40",10.00,20.00,"5","ft","inch",2.25
1006252833,"7270006",1006252825,1,"10",1.22,4.27,"5","m","cm",4.82
1006252857,"7270007",1006252849,1,"10",1.52,4.57,"5","m","cm",4.82
1006252900,"7270008",1006252888,1,"10",2.13,5.30,"5","m","cm",4.82
1006252940,"7270009",1006252931,1,"10",4.57,7.62,"5","m","cm",4.82
1006252971,"7270010",1006252963,1,"10",3.05,6.10,"5","m","cm",4.82
1006255234,"7270084",1006255229,,,,,,"ft","inch",
1006256029,"7270128",1006256024,,,,,,"m","cm",
1006256044,"7270129",1006256032,,,,,,"m","cm",
1006256079,"7270130",1006256074,,,,,,"m","cm",
1006256095,"7270131",1006256082,,,,,,"m","cm",
1006256166,"7270133",1006256155,,,,,,"m","cm",
1006256199,"7270134",1006256189,,,,,,"m","cm",
1006256215,"7270135",1006256204,,,,,,"m","cm",
1006256256,"7270136",1006256245,,,,,,"m","cm",
1006256291,"7270137",1006256286,,,,,,"m","cm",
1006256382,"7270140",1006256373,,,,,,"m","cm",
1006256417,"7270141",1006256412,,,,,,"m","cm",
1006256432,"7270142",1006256420,,,,,,"m","cm",
1006256473,"7270143",1006256462,,,,,,"m","cm",
1006256513,"7270144",1006256503,,,,,,"m","cm",
1006256555,"7270145",1006256543,,,,,,"m","cm",
1006256594,"7270146",1006256585,,,,,,"m","cm",
1006256628,"7270147",1006256623,,,,,,"m","cm",
1006256642,"7270148",1006256631,,,,,,"m","cm",
1006256682,"7270149",1006256672,,,,,,"m","cm",
1006256717,"7270150",1006256705,,,,,,"m","cm",
1006256749,"7270151",1006256744,,,,,,"m","cm",
1006256757,"7270152",1006256752,,,,,,"m","cm",
1006256799,"7270155",1006256788,,,,,,"m","cm",
1006256813,"7270156",1006256803,,,,,,"m","cm",
1006256837,"7270157",1006256832,,,,,,"m","cm",
1006256847,"7270158",1006256840,,,,,,"m","cm",
1006256887,"7270159",1006256875,,,,,,"m","cm",
1006256926,"7270160",1006256916,,,,,,"m","cm",
1006256961,"7270161",1006256956,,,,,,"m","cm",
1006257543,"7270166",1006257533,,,,,,"m","cm",
1006257581,"7270167",1006257570,,,,,,"m","cm",
1006257778,"7270173",1006257772,,,,,,"m","cm",
1006257812,"7270174",1006257798,,,,,,"m","cm",
1006257848,"7270175",1006257835,,,,,,"m","cm",
1006257890,"7270176",1006257878,,,,,,"m","cm",
1006257930,"7270177",1006257919,,,,,,"m","cm",
1006258085,"7270181",1006258078,,,,,,"m","cm",
1006258122,"7270182",1006258113,,,,,,"m","cm",
1006258165,"7270183",1006258152,,,,,,"m","cm",
1006258207,"7270184",1006258195,,,,,,"m","cm",
1006258320,"7270185",1006258311,,,,,,"m","cm",
1006258360,"7270186",1006258349,,,,,,"m","cm",
1006258402,"7270187",1006258390,,,,,,"m","cm",
1006259061,"7270191",1006259052,,,,,,"m","cm",
1006259109,"7270193",1006259099,,,,,,"m","cm",
1006267169,"7270396",1006267164,,,,,,"ft","inch",
1006269918,"7270604",1006269909,,,,,,"m","cm",
1006270033,"7270607",1006270023,,,,,,"m","cm",
1006390835,"7270610",1006390827,,,,,,"m","cm",
1006270416,"7270803",1006270408,1,"20",15.60,18.60,"5","m","cm",
1006270429,"7270804",1006270422,1,"10",2.08,4.52,"5","m","cm",
1006270445,"7270805",1006270434,1,"20",11.50,14.50,"5","m","inch",
1006391316,"7270806",1006391306,1,"10",3.66,6.70,"5","m","cm",
1006391378,"7270807",1006391370,1,"10",4.27,7.34,"5","m","cm",
1006391440,"7270808",1006391428,1,"20",12.49,15.49,"7","m","cm",
1006270462,"7270809",1006270452,1,"10",3.81,6.86,"5","m","cm",
1006270475,"7270810",1006270467,1,"20",14.50,17.50,"5","m","cm",3.80
1006270490,"7270811",1006270482,1,"10",4.26,7.31,"5","m","cm",
1006274130,"7270812",1006274122,1,"10",5.61,8.66,"5","m","cm",
1006274143,"7270813",1006274135,1,"20",16.66,19.66,"5","m","cm",
1006274158,"7270814",1006274150,1,"20",15.28,18.28,"5","m","cm",
1006274173,"7270815",1006274165,1,"10",6.57,9.63,"5","m","cm",
1006274270,"7270816",1006274265,1,"20",12.00,15.00,,"ft","inch",
1006285719,"7271255",1006285709,,,,,,"ft","inch",
1006286004,"7271263",1006285999,,,,,,"ft","inch",
1006309053,"7271365",1006309047,,,,,,"ft","inch",
1006309063,"7271366",1006309057,,,,,,"ft","inch",
1006309073,"7271367",1006309067,,,,,,"ft","inch",
1006309083,"7271368",1006309077,,,,,,"ft","inch",
1006309348,"7271434",1006309338,,,,,,"m","cm",
1006312448,"7271498",1006312443,,,,,,"ft","inch",
1006325106,"7271706",1006325101,,,,,,"ft","inch",
1006325141,"7271707",1006325136,,,,,,"ft","inch",
1006325155,"7271708",1006325150,,,,,,"ft","inch",
1006325174,"7271709",1006325167,,,,,,"ft","inch",
1006325186,"7271710",1006325181,,,,,,"ft","inch",
1006325203,"7271711",1006325198,,,,,,"ft","inch",
1006333298,"7271816",1006333284,1,,66.50,80.00,,"ft","inch",
1006333339,"7271817",1006333329,,,,,,"ft","inch",
1006333379,"7271818",1006333370,,,,,,"ft","inch",
1006337102,"7271866",1006337097,,,,,,"ft","inch",
1006337326,"7271870",1006337315,,,,,,"m","cm",
1006338174,"7271899",1006338167,1,"10",1.50,4.57,"5","m","cm",4.82
1006338188,"7271900",1006338181,1,"10",1.52,4.57,"5","m","cm",4.82
1006338202,"7271901",1006338195,1,"10",1.52,4.57,"5","m","cm",4.82
1006338217,"7271902",1006338209,1,"10",3.50,4.88,"5","m","cm",6.03
1006338229,"7271903",1006338224,,,,,,"m","cm",
1006338284,"7271905",1006338276,1,"10",11.58,14.63,"5","m","cm",4.82
1006338308,"7271906",1006338300,1,"10",11.58,14.63,"5","m","cm",4.82
1006338322,"7271907",1006338315,1,"10",4.57,7.62,"5","m","cm",9.82
1006338498,"7271919",1006338491,1,"10",2.28,2.59,"5","m","cm",6.03
1006338512,"7271920",1006338505,1,"10",1.82,2.13,"5","m","cm",6.03
1006338607,"7271921",1006338599,1,"10",2.59,2.89,"5","m","cm",6.03
1006338663,"7271922",1006338655,1,"10",3.20,3.50,"5","m","cm",6.03
1006338705,"7271923",1006338698,1,"10",6.00,7.00,"5","ft","inch",1.90
1006469624,"7272050",1006469619,,,,,,"ft","inch",
1006469656,"7272051",1006469651,1,,,,,"m","cm",4.21
1006471948,"7272141",1006471941,1,"10",1.98,3.50,"7","m","cm",4.82
1006472001,"7272142",1006471994,1,"10",1.98,3.50,"7","m","cm",4.82
1006472015,"7272143",1006472008,1,"10",1.98,3.50,"7","m","cm",4.82
1006315455,"7272238",1006315448,,,,,,"ft","inch",
1006535319,"7272337",1006535314,,,,,,"ft","inch",
1006535438,"7272339",1006535430,,,,,,"ft","inch",
1006535861,"7272345",1006535853,,,,,,"m","cm",
1006538462,"7272383",1006538457,,,,,,"ft","inch",
1006385327,"7272458",1006385318,,,,,,"ft","inch",
1006385372,"7272460",1006385367,,,,,,"ft","inch",
1006385422,"7272461",1006385417,,,,,,"ft","inch",
1006338556,"7272566",1006338551,1,"40",10.00,15.00,"5","ft","inch",2.00
1006338566,"7272567",1006338561,1,,20.00,30.00,"5","ft","inch",2.00
1006338576,"7272568",1006338571,1,,20.00,30.00,"5","ft","inch",2.00
1006393977,"7272724",1006393970,,,,,,"ft","inch",
1006394048,"7272725",1006394039,,,,,,"ft","inch",
1006395582,"7272753",1006395577,1,"40",23.00,33.00,"5","ft","inch",2.00
1006395593,"7272754",1006395588,1,"40",10.00,20.00,"5","ft","inch",
1006395911,"7272763",1006395904,,,,,,"ft","inch",
1006402442,"7272911",1006402433,,,,,,"ft","inch",
1006403589,"7272939",1006403584,,,,,,"ft","inch",
1006403599,"7272940",1006403594,,,,,,"ft","inch",
1006403609,"7272941",1006403604,,,,,,"ft","inch",
1006403628,"7272943",1006403623,,,,,,"ft","inch",
1006403637,"7272944",1006403632,,,,,,"ft","inch",
1006403682,"7272945",1006403677,,,,,,"ft","inch",
1006403691,"7272946",1006403686,,,,,,"ft","inch",
1006403700,"7272947",1006403695,,,,,,"ft","inch",
1006403718,"7272949",1006403713,,,,,,"ft","inch",
1006403727,"7272950",1006403722,,,,,,"ft","inch",
1006403736,"7272951",1006403731,,,,,,"ft","inch",
1006403745,"7272952",1006403740,,,,,,"ft","inch",
1006403790,"7272953",1006403785,,,,,,"ft","inch",
1006403799,"7272954",1006403794,,,,,,"ft","inch",
1006403854,"7272955",1006403841,,,,,,"ft","inch",
1006403936,"7272956",1006403921,,,,,,"ft","inch",
1006404379,"7272964",1006404366,,,,,,"ft","inch",
1006404423,"7272965",1006404410,,,,,,"ft","inch",
1006404465,"7272966",1006404454,,,,,,"ft","inch",
1006404737,"7272971",1006404726,,,,,,"ft","inch",
1006404792,"7272972",1006404779,,,,,,"ft","inch",
1006404949,"7272973",1006404935,,,,,,"ft","inch",
1006405006,"7272974",1006404996,,,,,,"ft","inch",
1006405129,"7272976",1006405115,,,,,,"ft","inch",
1006405183,"7272977",1006405169,,,,,,"ft","inch",
1006405259,"7272978",1006405247,,,,,,"ft","inch",
1006405319,"7272979",1006405309,,,,,,"ft","inch",
1006405595,"7272983",1006405582,,,,,,"ft","inch",
1006405654,"7272984",1006405642,,,,,,"ft","inch",
1006405925,"7272987",1006405916,,,,,,"ft","inch",
1006406492,"7272994",1006406482,,,,,,"ft","inch",
1006406597,"7272996",1006406587,,,,,,"ft","inch",
1006406672,"7272997",1006406658,,,,,,"ft","inch",
1006406994,"7273004",1006406981,,,,,,"ft","inch",
1006407325,"7273011",1006407312,,,,,,"ft","inch",
1006414072,"7273160",1006414062,,,,,,"m","cm",
1006414147,"7273161",1006414137,,,,,,"m","cm",
1006416183,"7273219",1006416178,,,,,,"ft","inch",
1006420737,"7273384",1006420730,1,"10",1.82,4.87,"7","m","cm",4.21
1006420806,"7273385",1006420799,1,"10",1.82,4.87,"7","m","cm",4.21
1006422384,"7273415",1006422376,1,"10",2.28,5.33,"7","m","cm",4.82
1006422413,"7273416",1006422405,1,"10",2.28,5.33,"7","m","cm",4.82
1006422442,"7273417",1006422434,1,"10",2.28,5.33,"7","m","cm",4.82
1006422472,"7273418",1006422464,1,"10",2.28,5.33,"7","m","cm",4.82
1006430299,"7273555",1006430294,,,,,,"m","cm",
1006430306,"7273556",1006430301,,,,,,"m","cm",
1006430313,"7273557",1006430308,,,,,,"m","cm",
1006430320,"7273558",1006430315,,,,,,"m","cm",
1006430381,"7273559",1006430367,,,,,,"m","cm",
1006430451,"7273560",1006430444,1,"8",10.37,11.59,"8","m","cm",13.97
1006430517,"7273562",1006430511,,,,,,"m","cm",
1006430528,"7273563",1006430523,,,,,,"m","cm",
1006452458,"7274027",1006452452,,,,,,"m","cm",
1006452813,"7274035",1006452806,1,"10",2.13,5.18,"7","m","cm",6.03
1006452828,"7274036",1006452820,1,"10",2.13,5.18,"7","m","cm",6.03
1006452858,"7274037",1006452851,1,"10",4.27,,"7","m","cm",4.82
1006458012,"7274093",1006458005,1,"10",5.00,15.00,"7","ft","inch",2.25
1006458035,"7274094",1006458029,1,"10",5.00,15.00,"7","ft","inch",2.25
1006458058,"7274095",1006458052,1,"10",5.00,15.00,"7","ft","inch",2.25
1006458080,"7274096",1006458074,1,"10",5.00,15.00,"7","ft","inch",2.25
1006459911,"7274145",1006459902,1,"10",15.80,17.31,"7","m","cm",4.21
1006459944,"7274146",1006459937,1,"10",7.62,10.67,"7","m","cm",6.03
1006459958,"7274147",1006459950,1,"10",5.18,8.23,"7","m","cm",6.03
1006459982,"7274148",1006459974,1,"10",5.18,8.23,"7","m","cm",6.03
1006460064,"7274149",1006460057,1,"10",6.71,9.75,"7","m","cm",6.03
1006460096,"7274150",1006460089,1,"10",7.01,10.06,"7","m","cm",6.03
1006460097,"7274150",1006460089,2,,,,,"m","cm",
1006460138,"7274151",1006460129,1,"10",10.67,13.72,"7","m","cm",6.03
1006460170,"7274152",1006460162,1,"10",8.20,11.30,"7","m","cm",6.03
1006460228,"7274153",1006460220,1,"10",6.10,9.10,"7","m","cm",6.03
1006460256,"7274154",1006460248,1,"10",7.62,10.60,"7","m","cm",6.03
1006460317,"7274155",1006460309,1,"10",6.55,9.59,"7","m","cm",6.03
1006460346,"7274156",1006460338,1,"10",7.62,10.60,"7","m","cm",6.03
1006460385,"7274157",1006460377,1,"10",6.10,9.40,"7","m","cm",6.03
1006460424,"7274158",1006460416,1,"10",6.10,9.10,"7","m","cm",6.03
1006460471,"7274159",1006460462,1,"10",16.70,18.00,"7","m","cm",4.82
1006460518,"7274160",1006460510,1,"10",7.00,10.00,"7","m","cm",6.03
1006474082,"7274221",1006474077,1,,40.00,50.00,"5","ft","inch",2.00
1006474092,"7274222",1006474087,1,,7.50,12.50,"5","ft","inch",2.00
1006384944,"7274239",1006384937,1,".25",6.00,12.00,"5","ft","inch",2.00
1006385312,"7274240",1006385304,2,,,,,"ft","inch",
1006385313,"7274240",1006385304,1,,6.50,11.50,"5","ft","inch",2.00
1006385120,"7274241",1006385113,1,,5.00,11.25,"5","ft","inch",2.00
1006388264,"7274291",1006388255,,,,,,"ft","inch",
1006388373,"7274293",1006388365,,,,,,"ft","inch",
1006399746,"7274498",1006399739,,,,,,"ft","inch",
1006408270,"7274772",1006408262,,,,,,"m","cm",
1006408787,"7274783",1006408780,1,"10",4.30,7.30,"5","m","cm",15.20
1006409335,"7274791",1006409324,,,,,,"m","cm",
1006409435,"7274793",1006409429,,,,,,"m","cm",
1006409954,"7274803",1006409945,,,,,,"m","cm",
1006411049,"7274826",1006411039,,,,,,"m","cm",
1006412342,"7274856",1006412332,,,,,,"ft","inch",
1006413027,"7274872",1006413018,,,,,,"m","cm",
1006415301,"7274960",1006415293,,,,,,"m","cm",
1006415902,"7274986",1006415897,,,,,,"ft","inch",
1006415910,"7274987",1006415905,,,,,,"ft","inch",
1006415918,"7274988",1006415913,,,,,,"ft","inch",
1006415941,"7274989",1006415936,,,,,,"ft","inch",
1006415949,"7274990",1006415944,,,,,,"ft","inch",
1006415957,"7274991",1006415952,,,,,,"ft","inch",
1006418192,"7275045",1006418180,,,,,,"ft","inch",
1006421089,"7275118",1006421079,,,,,,"ft","inch",
1006421184,"7275122",1006421179,,,,,,"ft","inch",
1006421194,"7275123",1006421187,,,,,,"ft","inch",
1006421202,"7275124",1006421197,,,,,,"ft","inch",
1006423180,"7275200",1006423173,1,"10",2.44,5.49,"5","m","cm",6.03
1006424777,"7275251",1006424770,1,"10",3.10,6.10,"5","m","cm",4.82
1006425921,"7275269",1006425914,1,"10",3.10,6.10,"5","m","cm",4.82
1006425974,"7275270",1006425967,1,"10",2.30,3.80,"5","m","cm",6.03
1006425988,"7275271",1006425981,1,"10",1.50,3.10,"5","m","cm",6.03
1006426002,"7275272",1006425995,1,"10",1.50,3.10,"5","m","cm",6.03
1006426016,"7275273",1006426009,1,"10",2.30,3.80,"5","m","cm",6.03
1006426030,"7275274",1006426023,1,"10",1.50,3.10,"5","m","cm",6.03
1006426044,"7275275",1006426037,1,"10",1.50,3.10,"5","m","cm",6.03
1006427485,"7275303",1006427478,1,"10",3.10,6.10,"5","m","cm",4.82
1006427543,"7275304",1006427536,1,"10",3.10,6.10,"5","m","cm",4.82
1006427557,"7275305",1006427550,1,"10",3.10,6.10,"5","m","cm",4.82
1006427615,"7275306",1006427608,1,"10",3.10,6.10,"5","m","cm",4.82
1006427833,"7275307",1006427826,1,"10",3.10,6.10,"5","m","cm",4.82
1006428031,"7275314",1006428024,1,"10",2.13,5.10,"5","m","cm",4.82
1006428059,"7275316",1006428052,1,"10",3.05,6.10,"5","m","cm",4.52
1006428074,"7275317",1006428066,1,"10",3.05,6.10,"5","m","cm",4.80
1006430823,"7275404",1006430815,1,"10",2.13,5.18,"5","m","cm",6.03
1006430847,"7275405",1006430839,1,"10",2.13,5.18,"5","m","cm",4.82
1006431713,"7275421",1006431705,1,"10",1.52,4.57,"5","m","cm",6.03
1006431740,"7275422",1006431733,1,"10",1.22,4.27,"5","m","cm",6.03
1006444872,"7275603",1006444862,,,,,,"m","cm",
1006444928,"7275604",1006444918,,,,,,"ft","inch",
1006445319,"7275613",1006445312,1,,30.75,40.75,"5","ft","inch",2.00
1006449473,"7275782",1006449460,,,,,,"ft","inch",
1006449689,"7275785",1006449675,,,,,,"ft","inch",
1006449737,"7275786",1006449732,,,,,,"ft","inch",
1006449757,"7275787",1006449752,,,,,,"ft","inch",
1006449921,"7275790",1006449915,,,,,,"ft","inch",
1006449931,"7275791",1006449925,,,,,,"ft","inch",
1006449954,"7275792",1006449948,,,,,,"ft","inch",
1006449964,"7275793",1006449958,,,,,,"ft","inch",
1006450175,"7275797",1006450170,,,,,,"ft","inch",
1006450201,"7275798",1006450194,1,"10",2.21,,"5","m","cm",3.88
1006452883,"7275844",1006452875,,,,,,"ft","inch",
1006452925,"7275845",1006452913,,,,,,"ft","inch",
1006452980,"7275846",1006452969,,,,,,"ft","inch",
1006453153,"7275848",1006453140,,,,,,"ft","inch",
1006453246,"7275849",1006453229,,,,,,"ft","inch",
1006453782,"7275850",1006453770,,,,,,"ft","inch",
1006453913,"7275852",1006453901,,,,,,"ft","inch",
1006453996,"7275853",1006453984,,,,,,"ft","inch",
1006454041,"7275854",1006454028,,,,,,"ft","inch",
1006455458,"7275892",1006455443,,,,,,"ft","inch",
1006455904,"7275901",1006455892,,,,,,"ft","inch",
1006455949,"7275902",1006455936,,,,,,"ft","inch",
1006456083,"7275905",1006456069,,,,,,"ft","inch",
1006456163,"7275907",1006456158,,,,,,"ft","inch",
1006456309,"7275909",1006456297,,,,,,"ft","inch",
1006456352,"7275910",1006456341,,,,,,"ft","inch",
1006456388,"7275911",1006456383,,,,,,"ft","inch",
1006456495,"7275913",1006456483,,,,,,"ft","inch",
1006456672,"7275917",1006456660,,,,,,"ft","inch",
1006456718,"7275918",1006456704,,,,,,"ft","inch",
1006456762,"7275919",1006456750,,,,,,"ft","inch",
1006456799,"7275920",1006456794,,,,,,"ft","inch",
1006456861,"7275922",1006456848,,,,,,"ft","inch",
1006456949,"7275924",1006456936,,,,,,"ft","inch",
1006456996,"7275925",1006456981,,,,,,"ft","inch",
1006457042,"7275926",1006457027,,,,,,"ft","inch",
1006457087,"7275927",1006457074,,,,,,"ft","inch",
1006457822,"7275955",1006457815,1,"10",6.10,7.62,"5","m","cm",3.88
1006457833,"7275956",1006457827,1,"10",4.47,5.95,"5","m","cm",3.88
1006457845,"7275957",1006457837,1,"10",4.57,6.10,"5","m","cm",3.88
1006463923,"7276228",1006463916,,,,,,"ft","inch",
1006464563,"7276245",1006464556,1,"10",3.05,6.10,"5","ft","inch",3.88
1006464574,"7276246",1006464568,,,,,,"ft","inch",
1006469541,"7276471",1006469536,1,,4.00,14.00,"5","ft","inch",2.00
1006471531,"7276549",1006471521,,,,,,"m","cm",
1006471639,"7276551",1006471629,,,,,,"m","cm",
1006471963,"7276559",1006471955,,,,,,"m","cm",
1006479823,"7276789",1006479816,1,"10",1.50,4.57,"5","m","cm",4.82
1006479858,"7276790",1006479851,1,"10",1.50,4.57,"5","m","cm",4.82
1006480709,"7276808",1006480700,1,"10",19.22,22.32,"5","m","cm",4.82
1006480726,"7276809",1006480717,1,"10",19.22,22.32,"5","m","cm",4.82
1006482407,"7276869",1006482400,1,"10",0.91,3.66,"5","m","cm",6.03
1006482421,"7276870",1006482414,1,"10",0.91,3.96,"5","m","cm",1.03
1006482435,"7276871",1006482428,1,"10",0.90,3.96,"5","m","cm",1.03
1006482449,"7276872",1006482442,1,"10",0.91,3.96,"5","m","cm",6.03
1006482464,"7276873",1006482456,1,"10",7.30,9.14,"5","m","cm",6.03
1006482478,"7276874",1006482471,1,"10",0.91,3.96,"5","m","cm",6.03
1006482492,"7276875",1006482485,1,"10",0.91,3.96,"5","m","cm",6.63
1006483723,"7276930",1006483716,1,"10",1.22,4.27,"5","m","cm",4.82
1006483737,"7276931",1006483730,1,"10",1.72,4.27,"5","m","cm",4.82
1006484818,"7276957",1006484810,1,"10",3.35,4.88,"5","m","cm",6.03
1006484833,"7276958",1006484825,1,"10",3.66,5.18,"5","m","cm",6.03
1006484888,"7276959",1006484880,1,"10",3.35,4.88,"5","m","cm",6.03
1006484904,"7276960",1006484896,1,,,,"4","m","cm",
1006484957,"7276961",1006484948,1,"10",3.35,4.88,"5","m","cm",6.03
1006484973,"7276962",1006484964,1,"10",3.35,4.88,"5","m","cm",6.03
1006484987,"7276963",1006484980,1,"10",1.07,4.11,"5","m","cm",4.82
1006485002,"7276964",1006484995,1,"10",3.50,13.50,"5","ft","inch",2.37
1006485016,"7276965",1006485009,1,"10",3.00,13.00,"5","ft","inch",2.37
1006485030,"7276966",1006485023,1,"10",4.00,14.00,"5","ft","inch",2.37
1006485083,"7276967",1006485076,1,"10",1.83,4.88,"5","m","cm",4.82
1006485106,"7276968",1006485099,1,"10",2.44,5.49,"5","m","cm",4.82
1006485127,"7276969",1006485120,1,"10",2.13,5.18,"5","m","cm",4.82
1006485254,"7276978",1006485249,,,,,,"m","cm",
1006488891,"7277050",1006488883,,,,,,"m","cm",
1006488966,"7277051",1006488957,,,,,,"ft","inch",
1006488991,"7277052",1006488983,,,,,,"m","cm",
1006489026,"7277053",1006489021,,,,,,"m","cm",
1006489445,"7277061",1006489439,,,,,,"m","cm",
1006489502,"7277063",1006489496,,,,,,"m","cm",
1006490553,"7277092",1006490543,,,,,,"ft","inch",
1006490591,"7277093",1006490583,,,,,,"ft","inch",
1006490613,"7277094",1006490607,,,,,,"ft","inch",
1006495659,"7277150",1006495649,1,,,,,"ft","inch",
1006495729,"7277151",1006495719,,,,,,"ft","inch",
1006496094,"7277156",1006496083,,,,,,"ft","inch",
1006496182,"7277157",1006496175,,,,,,"ft","inch",
1006497123,"7277158",1006497116,,,,,,"ft","inch",
1006498790,"7277218",1006498784,,,,,,"ft","inch",
1006498798,"7277219",1006498792,,,,,,"ft","inch",
1006502270,"7277326",1006502258,,,,,,"ft","inch",
1006502336,"7277327",1006502324,,,,,,"ft","inch",
1006502463,"7277332",1006502451,,,,,,"ft","inch",
1006502495,"7277333",1006502485,,,,,,"ft","inch",
1006502554,"7277334",1006502543,,,,,,"ft","inch",
1006506801,"7277429",1006506796,1,"40",1.00,3.50,"5","ft","inch",1.25
1006506810,"7277430",1006506805,1,"40",20.00,25.00,"5","ft","inch",1.25
1006506866,"7277431",1006506861,1,"40",2.00,4.50,"5","ft","inch",1.25
1006506876,"7277432",1006506871,1,"40",20.00,25.00,"5","ft","inch",1.25
1006507887,"7277453",1006507882,,,,,,"m","cm",
1006507897,"7277454",1006507892,,,,,,"m","cm",
1006507907,"7277455",1006507902,,,,,,"m","cm",
1006507958,"7277456",1006507953,,,,,,"m","cm",
1006507965,"7277457",1006507960,,,,,,"m","cm",
1006507984,"7277458",1006507979,,,,,,"m","cm",
1006507991,"7277459",1006507986,,,,,,"m","cm",
1006515461,"7277670",1006515451,,,,,,"m","cm",
1006515601,"7277673",1006515590,,,,,,"m","cm",
1006515687,"7277675",1006515676,,,,,,"m","cm",
1006516850,"7277725",1006516844,1,"10",1.83,3.35,"5","m","cm",6.03
1006516862,"7277726",1006516856,1,"10",1.83,3.35,"5","m","cm",6.03
1006517264,"7277745",1006517258,1,"10",1.52,3.10,"5","m","cm",4.82
1006517290,"7277746",1006517282,1,"10",11.27,12.80,"5","m","cm",4.82
1006517361,"7277749",1006517356,,,,,,"ft","inch",
1006517386,"7277750",1006517381,,,,,,"ft","inch",
1006517398,"7277751",1006517393,,,,,,"ft","inch",
1006517410,"7277752",1006517405,,,,,,"ft","inch",
1006517434,"7277753",1006517429,,,,,,"ft","inch",
1006517459,"7277754",1006517454,,,,,,"ft","inch",
1006518284,"7277792",1006518277,1,"10",2.77,4.27,"5","m","cm",6.03
1006518298,"7277793",1006518291,1,"10",1.72,2.74,"5","m","cm",6.03
1006518313,"7277794",1006518305,1,"10",11.27,12.80,"5","m","cm",4.82
1006518328,"7277795",1006518319,1,"10",1.52,3.10,"5","m","cm",4.82
1006518342,"7277796",1006518335,1,"10",,4.57,"5","m","cm",4.82
1006518357,"7277797",1006518349,1,"10",10.67,11.88,"5","m","cm",4.82
1006518371,"7277798",1006518364,1,"10",1.50,3.10,"5","m","cm",1.03
1006518385,"7277799",1006518378,1,"10",1.50,3.10,"5","m","cm",6.03
1006518399,"7277800",1006518392,1,"10",1.50,3.10,"5","m","cm",6.03
1006518412,"7277801",1006518406,1,"10",1.50,3.10,"5","m","cm",6.03
1006492962,"7278701",1006492954,1,"8",6.71,7.93,"8","m","cm",13.97
1006492997,"7278702",1006492992,,,,,,"m","cm",
1006493012,"7278703",1006493001,,,,,,"m","cm",
1006493027,"7278704",1006493016,1,"25",8.04,9.26,"8","m","cm",
1006493116,"7278706",1006493111,1,,,,,"m","cm",
1006493139,"7278707",1006493134,,,,,,"m","cm",
1006493178,"7278708",1006493173,,,,,,"m","cm",
1006493450,"7278711",1006493443,1,"8",10.07,11.29,"8","m","cm",13.97
1006493548,"7278712",1006493543,,,,,,"m","cm",
1006496376,"7278751",1006496367,,,,,,"ft","inch",
1006516841,"7279124",1006516836,,,,,,"ft","inch",
1006517227,"7279130",1006517219,,,,,,"ft","inch",
1006520501,"7279172",1006520492,,,,,,"ft","inch",
1006525427,"7279254",1006525418,,,,,,"m","cm",
1006526328,"7279259",1006526318,1,,,,,"m","cm",
1006554097,"7279698",1006554092,,,,,,"ft","inch",
1006555590,"7279747",1006555584,1,"10",88.00,98.00,"5","ft","inch",
1006555612,"7279748",1006555607,,,,,,"ft","inch",
1006556288,"7279761",1006556283,,,,,,"ft","inch",
1006556901,"7279784",1006556887,,,,,,"ft","inch",
1006556988,"7279785",1006556976,,,,,,"ft","inch",
1006557065,"7279786",1006557054,,,,,,"ft","inch",
1006557100,"7279787",1006557095,,,,,,"ft","inch",
1006557112,"7279788",1006557107,,,,,,"ft","inch",
1006557134,"7279789",1006557125,,,,,,"ft","inch",
1006557198,"7279790",1006557185,,,,,,"ft","inch",
1006557345,"7279792",1006557332,,,,,,"ft","inch",
1006557483,"7279794",1006557468,,,,,,"ft","inch",
1006557565,"7279795",1006557551,,,,,,"ft","inch",
1006557631,"7279796",1006557617,,,,,,"ft","inch",
1006558095,"7279800",1006558080,,,,,,"ft","inch",
1006558304,"7279802",1006558290,,,,,,"ft","inch",
1006558385,"7279803",1006558380,,,,,,"ft","inch",
1006558570,"7279804",1006558555,,,,,,"ft","inch",
1006559187,"7279812",1006559182,,,,,,"ft","inch",
1006559425,"7279816",1006559411,,,,,,"ft","inch",
1006559910,"7279819",1006559901,,,,,,"ft","inch",
1006559982,"7279820",1006559969,,,,,,"ft","inch",
1006560088,"7279822",1006560076,,,,,,"ft","inch",
1006560136,"7279823",1006560119,,,,,,"ft","inch",
1006560268,"7279826",1006560254,,,,,,"ft","inch",
1006560311,"7279827",1006560299,,,,,,"ft","inch",
1006539043,"7280013",1006539036,1,"10",5.00,15.00,"5","ft","inch",1.66
1006539063,"7280014",1006539056,1,"10",4.00,12.00,"5","ft","inch",1.66
1006539523,"7280028",1006539514,1,"10",36.80,39.90,"5","m","cm",4.82
1006539539,"7280029",1006539530,1,"10",36.80,39.90,"5","m","cm",4.82
1006539613,"7280032",1006539608,,,,,,"m","cm",
1006539624,"7280033",1006539619,,,,,,"m","cm",
1006539682,"7280034",1006539677,,,,,,"m","cm",
1006540032,"7280035",1006540027,,,,,,"m","cm",
1006540085,"7280036",1006540080,1,"10",3.00,8.00,"5","ft","inch",1.66
1006540095,"7280037",1006540090,1,"10",3.00,8.00,"5","ft","inch",1.66
1006540148,"7280038",1006540143,1,,,,"5","m","cm",6.63
1006540200,"7280039",1006540193,1,"10",11.58,14.63,"5","m","cm",4.82
1006540247,"7280040",1006540238,1,"10",3.00,8.00,"5","ft","inch",1.66
1006540301,"7280041",1006540293,1,"10",3.00,5.00,"5","ft","inch",1.63
1006540315,"7280042",1006540308,1,"10",3.00,8.00,"5","ft","inch",1.90
1006540827,"7280060",1006540820,1,"10",10.00,20.00,"5","m","cm",
1006540841,"7280061",1006540834,1,"10",10.00,20.00,"5","m","cm",
1006540885,"7280063",1006540878,1,"10",10.00,20.00,"5","m","cm",
1006541522,"7280089",1006541515,1,"10",3.00,8.00,"5","m","cm",2.10
1006541536,"7280090",1006541529,1,"10",3.00,8.00,"5","ft","inch",2.10
1006541550,"7280091",1006541543,1,"10",3.00,8.00,"5","m","cm",2.10
1006541564,"7280092",1006541557,1,"10",3.00,8.00,"5","m","cm",2.10
1006541578,"7280093",1006541571,1,"10",3.00,8.00,"5","m","cm",7.00
1006541592,"7280094",1006541585,1,"10",3.00,8.00,"5","m","cm",2.10
1006541606,"7280095",1006541599,1,"10",3.00,8.00,"5","m","cm",2.10
1006541620,"7280096",1006541613,1,"10",3.00,8.00,"5","m","cm",2.10
1006541634,"7280097",1006541627,1,"10",3.00,8.00,"5","m","cm",2.10
1006541648,"7280098",1006541641,1,"10",3.00,8.00,"5","m","cm",2.00
1006541662,"7280099",1006541655,1,"10",3.00,8.00,"5","m","cm",2.00
1006541676,"7280100",1006541669,1,"10",3.00,8.00,"5","m","cm",2.10
1006541760,"7280106",1006541753,1,"10",6.10,9.14,"5","m","cm",6.03
1006541775,"7280107",1006541767,1,"10",3.10,6.10,"5","m","cm",6.03
1006541789,"7280108",1006541782,1," 10",3.10,6.10,"5","m","cm",6.03
1006541814,"7280109",1006541807,1,"10",3.35,6.40,"5","m","cm",6.03
1006541828,"7280110",1006541821,1,"10",4.57,7.62,"5","m","cm",6.03
1006541876,"7280111",1006541868,1,"10",10.97,14.02,"5","m","cm",4.82
1006546613,"7280315",1006546606,1,"10",1.52,4.57,"5","m","cm",4.82
1006546628,"7280316",1006546620,1,"10",1.52,4.57,"5","m","cm",4.82
1006546753,"7280317",1006546744,1,"10",3.05,6.10,"5","m","cm",4.82
1006546784,"7280318",1006546776,1,"10",1.52,4.57,"5","m","cm",4.82
1006546798,"7280319",1006546791,1,"10",1.52,4.57,"5","m","cm",4.82
1006565711,"7280786",1006565704,1,"12",21.00,25.00,"8","ft","inch",5.50
1006565745,"7280787",1006565738,1,"16",23.00,27.00,"8","ft","inch",5.50
1006565808,"7280788",1006565801,1,"10",39.00,43.00,"8","ft","inch",5.50
1006565852,"7280789",1006565845,1,"12",41.00,45.00,"8","ft","inch",5.50
1006567195,"7280820",1006567184,,,,,,"m","cm",
1006567332,"7280822",1006567322,,,,,,"m","cm",
1006567384,"7280823",1006567373,,,,,,"m","cm",
1006570315,"7280836",1006570301,,,,,,"ft","inch",
1006568204,"7280837",1006568195,1,"10",36.80,39.90,"5","m","cm",4.82
1006569431,"7280852",1006569423,1,"12",22.00,26.00,"8","m","cm",5.50
1006583107,"7281262",1006583097,,,,,,"ft","inch",
1006584974,"7281313",1006584961,,,,,,"ft","inch",
1006594103,"7281513",1006594098,,,,,,"m","cm",
1006594111,"7281514",1006594106,,,,,,"ft","inch",
1006594130,"7281515",1006594125,,,,,,"m","cm",
1006600505,"7281787",1006600497,1,"16",2.13,5.13,"5","m","cm",6.03
1006600519,"7281788",1006600512,1,"10",3.23,6.28,"5","m","cm",6.03
1006600534,"7281789",1006600526,1,"10",1.22,3.96,"5","m","cm",4.82
1006600549,"7281790",1006600541,1,"10",8.53,11.58,"5","m","cm",4.82
1006600707,"7281798",1006600698,1,"10",7.00,8.50,"5","m","cm",6.03
1006600721,"7281799",1006600714,1,"10",1.22,4.27,"5","m","cm",6.03
1006600737,"7281800",1006600728,1,"10",13.70,15.24,"5","ft","inch",6.03
1006600923,"7281808",1006600915,1,"10",3.23,6.28,"5","m","cm",4.82
1006602477,"7281848",1006602470,1,"10",2.13,5.13,"5","m","cm",6.03
1006602886,"7281849",1006602879,1,"10",2.13,5.13,"5","ft","inch",6.03
1006602901,"7281850",1006602893,1,"10",1.50,4.57,"5","m","cm",6.03
1006603041,"7281856",1006603034,1,"10",3.35,6.40,"5","m","cm",6.03
1006603856,"7281887",1006603848,1,"10",4.57,7.62,"5","m","cm",4.82
1006603877,"7281888",1006603869,1,"10",4.57,7.62,"5","m","cm",4.82
1006604963,"7281932",1006604956,1,"10",1.52,4.57,"5","m","cm",4.82
1006604977,"7281933",1006604970,1,"10",1.52,4.57,"5","m","cm",4.82
1006614023,"7282203",1006614018,1,,5.00,15.00,"5","m","cm",2.00
1006581364,"7282743",1006581358,,,,,,"m","cm",
1006583995,"7282847",1006583988,1,"10",1.50,3.10,"5","m","cm",6.03
1006584009,"7282848",1006584002,1,"10",1.22,2.74,"5","m","cm",6.03
1006584120,"7282849",1006584113,1,"10",1.22,2.74,"5","m","cm",6.03
1006584772,"7282860",1006584765,1,"10",2.74,5.79,"5","m","cm",4.82
1006584825,"7282861",1006584817,1,"10",2.74,5.79,"5","m","cm",4.82
1006584881,"7282862",1006584873,1,"10",2.74,5.79,"5","m","cm",4.82
1006585232,"7282868",1006585225,1,"10",2.08,5.18,"5","m","cm",4.82
1006585256,"7282869",1006585249,1,"10",1.47,4.57,"5","m","cm",4.82
1006585281,"7282870",1006585274,1,"10",2.08,5.18,"5","m","cm",4.82
1006585308,"7282871",1006585301,1,"10",2.08,5.18,"5","m","cm",4.82
1006586693,"7282931",1006586686,1,"10",1.83,4.88,"5","m","cm",11.43
1006586720,"7282933",1006586713,1,"10",1.47,4.57,"5","m","cm",4.82
1006586734,"7282934",1006586727,1,"10",1.47,4.57,"5","m","cm",4.82
1006603592,"7283503",1006603587,,,,,,"ft","inch",
1006605066,"7283524",1006605061,,,,,,"ft","inch",
1006605111,"7283525",1006605105,,,,,,"ft","inch",
1006605159,"7283526",1006605154,,,,,,"ft","inch",
1006605167,"7283527",1006605162,,,,,,"m","cm",
1006605190,"7283528",1006605185,,,,,,"ft","inch",
1006605202,"7283529",1006605193,,,,,,"ft","inch",
1006605599,"7283536",1006605594,1,"10",4.57,7.62,"5","m","cm",5.89
1006607029,"7283607",1006607023,,,,,,"ft","inch",
1006609090,"7283649",1006609076,,,,,,"ft","inch",
1006628690,"7284036",1006628685,,,,,,"m","cm",
1006628702,"7284037",1006628697,,,,,,"m","cm",
1006628714,"7284038",1006628709,,,,,,"m","cm",
1006628782,"7284041",1006628777,,,,,,"ft","inch",
1006628794,"7284042",1006628789,,,,,,"ft","inch",
1006628806,"7284043",1006628801,,,,,,"ft","inch",
1006628832,"7284044",1006628825,1,"10",50.00,60.00,"5","ft","inch",
1006628846,"7284045",1006628841,,,,,,"ft","inch",
1006630910,"7284046",1006630905,1,,,,"8","ft","inch",
1006630926,"7284047",1006630920,1,"10",31.50,41.50,"5","ft","inch",
1006631181,"7284048",1006631176,1,,3.00,8.00,,"ft","inch",
1006631246,"7284049",1006631241,1,,11.00,26.00,,"ft","inch",
1006631271,"7284050",1006631266,1,,2.00,17.00,,"ft","inch",
1006618594,"7284134",1006618584,,,,,,"ft","inch",
1006618990,"7284140",1006618985,1,,15.00,25.00,"5","ft","inch",2.00
1006619019,"7284141",1006619014,1,,5.00,15.00,"5","ft","inch",2.00
1006619028,"7284142",1006619023,1,,5.00,15.00,"5","ft","inch",2.00
1006619039,"7284143",1006619034,1,,23.00,33.00,"5","ft","inch",2.00
1006619062,"7284144",1006619057,1,,5.00,15.00,"5","ft","inch",2.00
1006623095,"7284233",1006623088,1,,,,,"ft","inch",
1006631412,"7284482",1006631407,,,,,,"ft","inch",
1006639051,"7284721",1006639042,1,"10",1.83,3.35,"5","m","cm",4.21
1006639109,"7284722",1006639101,1,".10",5.18,8.23,"5","m","cm",4.82
1006639157,"7284723",1006639149,1,"20",3.96,7.01,"5","m","cm",4.82
1006639175,"7284724",1006639167,1,"10",4.57,7.62,"5","m","cm",4.82
1006643265,"7284814",1006643258,1,"10",2.13,5.18,"5","m","cm",6.03
1006643333,"7284816",1006643326,1,"10",1.83,4.88,"5","m","cm",6.03
1006661410,"7285187",1006661400,,,,,,"m","cm",
1006661508,"7285189",1006661499,,,,,,"m","cm",
1006669922,"7285351",1006669906,,,,,,"ft","inch",
1006670181,"7285355",1006670168,,,,,,"ft","inch",
1006670559,"7285356",1006670544,,,,,,"ft","inch",
1006670629,"7285357",1006670619,,,,,,"ft","inch",
1006670699,"7285358",1006670688,,,,,,"ft","inch",
1006670776,"7285359",1006670763,,,,,,"ft","inch",
1006670995,"7285362",1006670972,,,,,,"ft","inch",
1006671074,"7285363",1006671061,,,,,,"ft","inch",
1006671147,"7285364",1006671134,,,,,,"ft","inch",
1006671463,"7285367",1006671451,,,,,,"ft","inch",
1006671535,"7285368",1006671524,,,,,,"ft","inch",
1006671678,"7285369",1006671673,,,,,,"ft","inch",
1006671738,"7285370",1006671723,,,,,,"ft","inch",
1006671830,"7285371",1006671819,,,,,,"ft","inch",
1006641103,"7285377",1006641090,,,,,,"ft","inch",
1006641219,"7285378",1006641214,,,,,,"ft","inch",
1006641420,"7285380",1006641407,,,,,,"ft","inch",
1006641537,"7285381",1006641522,,,,,,"ft","inch",
1006641631,"7285382",1006641615,,,,,,"ft","inch",
1006642031,"7285383",1006642017,,,,,,"ft","inch",
1006642895,"7285384",1006642883,,,,,,"ft","inch",
1006680163,"7285385",1006680148,,,,,,"ft","inch",
1006680207,"7285386",1006680195,,,,,,"ft","inch",
1006680265,"7285387",1006680251,,,,,,"ft","inch",
1006683689,"7285388",1006683678,,,,,,"ft","inch",
1006683725,"7285389",1006683720,,,,,,"ft","inch",
1006686261,"7285421",1006686249,,,,,,"ft","inch",
1006689988,"7285490",1006689983,1,,5.00,15.00,"5","ft","inch",2.00
1006689999,"7285491",1006689994,1,,5.00,15.00,"5","ft","inch",2.00
1006690010,"7285492",1006690005,1,,7.00,17.00,"5","ft","inch",2.00
1006690022,"7285493",1006690017,1,,17.00,27.00,"5","ft","inch",2.00
1006690033,"7285494",1006690028,1,,17.00,27.00,"5","m","cm",2.00
1006690126,"7285495",1006690121,1,,5.00,15.00,"5","m","cm",2.00
1006696077,"7285594",1006696067,,,,,,"m","cm",
1006696128,"7285595",1006696117,,,,,,"m","cm",
1006659611,"7285649",1006659599,,,,,,"m","cm",
1006662621,"7285664",1006662611,1,"1",0.00,3.00,"5","m","cm",34.00
1006662835,"7285667",1006662828,1,,,,"1","m","cm",32.00
1006688979,"7285672",1006688969,1,"1",3.00,6.00,"5","m","cm",34.00
1006689359,"7285678",1006689351,,,,,,"ft","inch",
1006689460,"7285679",1006689449,,,,,,"ft","inch",
1006690138,"7285691",1006690132,,,,,,"m","cm",
1006640923,"7285825",1006640912,,,,,,"m","cm",
1006646589,"7285944",1006646584,,,,,,"ft","inch",
1006668630,"7286293",1006668623,1,"10",4.00,9.00,"5","ft","inch",1.66
1006668658,"7286294",1006668651,1,"10",4.00,9.00,"5","ft","inch",1.05
1006668687,"7286295",1006668680,1,"10",4.00,9.00,"5","ft","inch",1.66
1006668744,"7286296",1006668738,1,"10",1.38,3.35,"5","m","cm",4.03
1006668839,"7286297",1006668832,1,"10",3.04,6.09,"5","m","cm",4.03
1006668854,"7286298",1006668847,1,"10",4.26,7.30,"5","m","cm",4.03
1006675493,"7286402",1006675486,1,"10",1.50,4.57,"5","m","cm",6.03
1006675535,"7286403",1006675528,1,"10",1.50,4.57,"5","m","cm",6.03
1006675565,"7286404",1006675558,1,"10",1.50,4.57,"5","m","cm",6.03
1006675619,"7286405",1006675612,1,"10",1.50,4.57,"5","m","cm",6.03
1006675784,"7286408",1006675777,1,"10",5.00,10.00,"5","ft","inch",1.68
1006680097,"7286468",1006680090,1,"10",1.06,2.59,"5","m","cm",6.03
1006680245,"7286469",1006680239,1,"10",0.76,1.98,"5","m","cm",6.03
1006680303,"7286470",1006680297,1,"10",0.91,1.52,"5","m","cm",6.03
1006680315,"7286471",1006680309,1,"10",1.06,1.68,"5","m","cm",6.03
1006680327,"7286472",1006680321,1,"10",0.45,1.06,"5","m","cm",6.03
1006680508,"7286481",1006680501,1,"10",3.10,6.10,"5","m","cm",4.82
1006680545,"7286482",1006680538,1,"10",3.10,6.10,"5","m","cm",4.82
1006681705,"7286574",1006681699,1,"10",1.22,4.27,"5","m","cm",4.82
1006681718,"7286575",1006681712,1,"10",1.22,4.27,"5","m","cm",4.82
1006703525,"7286702",1006703514,,,,,,"ft","inch",
1006704351,"7286758",1006704346,,,,,,"ft","inch",
1006704471,"7286783",1006704466,,,,,,"ft","inch",
1006704480,"7286784",1006704475,,,,,,"ft","inch",
1006704490,"7286785",1006704485,,,,,,"ft","inch",
1006704502,"7286786",1006704497,,,,,,"ft","inch",
1006704513,"7286787",1006704508,,,,,,"ft","inch",
1006704525,"7286788",1006704520,,,,,,"ft","inch",
1006704537,"7286789",1006704532,,,,,,"ft","inch",
1006704548,"7286790",1006704543,,,,,,"ft","inch",
1006721245,"7286791",1006721239,,,,,,"ft","inch",
1006721267,"7286792",1006721262,,,,,,"ft","inch",
1006721328,"7286793",1006721323,,,,,,"ft","inch",
1006721388,"7286794",1006721383,,,,,,"ft","inch",
1006721401,"7286795",1006721396,,,,,,"ft","inch",
1006721426,"7286796",1006721421,,,,,,"ft","inch",
1006721453,"7286797",1006721448,,,,,,"ft","inch",
1006721475,"7286798",1006721470,,,,,,"ft","inch",
1006721493,"7286801",1006721488,,,,,,"ft","inch",
1006721514,"7286802",1006721509,,,,,,"ft","inch",
1006721586,"7286803",1006721581,,,,,,"ft","inch",
1006721626,"7286804",1006721621,,,,,,"ft","inch",
1006721760,"7286805",1006721755,,,,,,"ft","inch",
1006721769,"7286806",1006721764,,,,,,"ft","inch",
1006721778,"7286807",1006721773,,,,,,"ft","inch",
1006721837,"7286808",1006721832,,,,,,"ft","inch",
1006723181,"7286809",1006723176,,,,,,"ft","inch",
1006723290,"7286810",1006723285,,,,,,"ft","inch",
1006723318,"7286811",1006723313,,,,,,"ft","inch",
1006723333,"7286812",1006723328,,,,,,"ft","inch",
1006723354,"7286813",1006723349,,,,,,"ft","inch",
1006723363,"7286814",1006723358,,,,,,"ft","inch",
1006723402,"7286815",1006723397,,,,,,"ft","inch",
1006723615,"7286816",1006723610,,,,,,"ft","inch",
1006723623,"7286817",1006723618,,,,,,"ft","inch",
1006723631,"7286818",1006723626,,,,,,"ft","inch",
1006723685,"7286819",1006723680,,,,,,"ft","inch",
1006727144,"7286823",1006727139,,,,,,"ft","inch",
1006727162,"7286824",1006727157,,,,,,"ft","inch",
1006727212,"7286825",1006727207,,,,,,"ft","inch",
1006727268,"7286826",1006727263,,,,,,"ft","inch",
1006727328,"7286827",1006727323,,,,,,"ft","inch",
1006727376,"7286828",1006727371,,,,,,"ft","inch",
1006727384,"7286829",1006727379,,,,,,"ft","inch",
1006727393,"7286830",1006727388,,,,,,"ft","inch",
1006727402,"7286831",1006727397,,,,,,"ft","inch",
1006727410,"7286832",1006727405,,,,,,"ft","inch",
1006746429,"7286899",1006746417,,,,,,"m","cm",
1006746498,"7286900",1006746489,,,,,,"m","cm",
1006746618,"7286901",1006746607,,,,,,"m","cm",
1006749433,"7287107",1006749428,,,,,,"m","cm",
1006749517,"7287110",1006749508,,,,,,"m","cm",
1006749611,"7287111",1006749602,,,,,,"m","cm",
1006749700,"7287112",1006749690,,,,,,"m","cm",
1006749904,"7287114",1006749890,,,,,,"m","cm",
1006749951,"7287115",1006749940,,,,,,"m","cm",
1006749992,"7287116",1006749980,,,,,,"m","cm",
1006750074,"7287117",1006750064,,,,,,"m","cm",
1006750159,"7287118",1006750148,,,,,,"m","cm",
1006750244,"7287119",1006750233,,,,,,"m","cm",
1006750279,"7287120",1006750274,,,,,,"m","cm",
1006750337,"7287121",1006750326,,,,,,"m","cm",
1006750424,"7287122",1006750411,,,,,,"m","cm",
1006752480,"7287146",1006752468,,,,,,"m","cm",
1006752565,"7287148",1006752551,,,,,,"m","cm",
1006752603,"7287149",1006752598,,,,,,"m","cm",
1006752629,"7287150",1006752618,,,,,,"m","cm",
1006752696,"7287151",1006752683,,,,,,"m","cm",
1006752745,"7287152",1006752734,,,,,,"m","cm",
1006752787,"7287153",1006752775,,,,,,"m","cm",
1006752827,"7287154",1006752817,,,,,,"m","cm",
1006752905,"7287155",1006752895,,,,,,"m","cm",
1006752989,"7287157",1006752976,,,,,,"m","cm",
1006753042,"7287158",1006753037,,,,,,"m","cm",
1006740549,"7287159",1006740538,,,,,,"m","cm",
1006740564,"7287160",1006740553,,,,,,"m","cm",
1006740599,"7287161",1006740594,,,,,,"m","cm",
1006740681,"7287164",1006740672,,,,,,"m","cm",
1006740715,"7287165",1006740704,,,,,,"m","cm",
1006740750,"7287166",1006740745,,,,,,"m","cm",
1006740765,"7287167",1006740753,,,,,,"m","cm",
1006740807,"7287168",1006740795,,,,,,"m","cm",
1006740847,"7287169",1006740837,,,,,,"m","cm",
1006741054,"7287175",1006741043,,,,,,"m","cm",
1006742330,"7287203",1006742325,,,,,,"ft","inch",
1006742340,"7287204",1006742333,1,"12",56.00,60.00,"1","ft","inch",5.00
1006754407,"7287295",1006754396,,,,,,"m","cm",
1006675517,"7287579",1006675512,,,,,,"ft","inch",
1006677185,"7287580",1006677180,,,,,,"ft","inch",
1006677224,"7287581",1006677219,,,,,,"ft","inch",
1006677232,"7287582",1006677227,,,,,,"ft","inch",
1006677240,"7287583",1006677235,,,,,,"ft","inch",
1006677260,"7287584",1006677253,,,,,,"ft","inch",
1006677280,"7287585",1006677275,,,,,,"ft","inch",
1006677291,"7287586",1006677286,,,,,,"ft","inch",
1006702967,"7287758",1006702959,,,,,,"m","cm",
1006703373,"7287760",1006703364,,,,,,"m","cm",
1006703417,"7287761",1006703411,,,,,,"m","cm",
1006736463,"7287781",1006736458,1,,3.80,5.30,"5","ft","inch",2.00
1006736681,"7287782",1006736672,1,,154.00,164.00,"5","ft","inch",1.25
1006740494,"7287850",1006740489,,,,,,"ft","inch",
1006741873,"7287851",1006741868,,,,,,"ft","inch",
1006741882,"7287852",1006741877,,,,,,"ft","inch",
1006741898,"7287853",1006741893,,,,,,"ft","inch",
1006741929,"7287854",1006741924,,,,,,"ft","inch",
1006742013,"7287856",1006742000,,,,,,"ft","inch",
1006742382,"7287858",1006742370,,,,,,"ft","inch",
1006742552,"7287861",1006742541,,,,,,"ft","inch",
1006742585,"7287862",1006742573,,,,,,"ft","inch",
1006742631,"7287863",1006742616,1,,,,,"ft","inch",
1006742878,"7287867",1006742866,,,,,,"ft","inch",
1006742923,"7287868",1006742909,,,,,,"ft","inch",
1006742967,"7287869",1006742953,,,,,,"ft","inch",
1006745963,"7287872",1006745951,,,,,,"ft","inch",
1006746089,"7287873",1006746075,,,,,,"ft","inch",
1006747150,"7287885",1006747138,,,,,,"ft","inch",
1006747227,"7287887",1006747222,,,,,,"ft","inch",
1006747274,"7287889",1006747263,,,,,,"ft","inch",
1006747299,"7287890",1006747294,,,,,,"ft","inch",
1006747313,"7287891",1006747302,,,,,,"ft","inch",
1006747349,"7287892",1006747344,,,,,,"ft","inch",
1006747362,"7287893",1006747357,,,,,,"ft","inch",
1006747372,"7287894",1006747367,,,,,,"ft","inch",
1006747405,"7287897",1006747400,,,,,,"ft","inch",
1006747423,"7287898",1006747410,,,,,,"ft","inch",
1006749796,"7287901",1006749781,,,,,,"ft","inch",
1006750033,"7287903",1006750022,,,,,,"ft","inch",
1006750117,"7287904",1006750104,,,,,,"ft","inch",
1006750295,"7287906",1006750282,,,,,,"ft","inch",
1006750378,"7287907",1006750367,,,,,,"ft","inch",
1006750488,"7287908",1006750472,,,,,,"ft","inch",
1006750591,"7287909",1006750577,,,,,,"ft","inch",
1006750699,"7287910",1006750686,,,,,,"ft","inch",
1006750745,"7287911",1006750729,,,,,,"ft","inch",
1006750995,"7287913",1006750980,,,,,,"ft","inch",
1006751057,"7287914",1006751047,,,,,,"ft","inch",
1006751144,"7287916",1006751130,,,,,,"ft","inch",
1006751201,"7287917",1006751186,,,,,,"ft","inch",
1006751260,"7287918",1006751246,,,,,,"ft","inch",
1006751303,"7287919",1006751291,,,,,,"ft","inch",
1006751346,"7287920",1006751334,,,,,,"ft","inch",
1006751389,"7287921",1006751377,,,,,,"ft","inch",
1006751483,"7287923",1006751470,,,,,,"ft","inch",
1006751527,"7287924",1006751513,,,,,,"ft","inch",
1006751608,"7287925",1006751593,,,,,,"ft","inch",
1006721852,"7287997",1006721841,,,,,,"m","cm",
1006721887,"7287998",1006721882,,,,,,"m","cm",
1006767862,"7288278",1006767854,,,,,,"ft","inch",
1006771331,"7288355",1006771325,1,"8",11.90,13.12,"8","m","cm",13.97
1006771560,"7288357",1006771550,,,,,,"m","cm",
1006771579,"7288358",1006771572,1,"10",8.23,9.45,"8","m","cm",13.97
1006771630,"7288359",1006771622,1,"12",10.06,11.29,"8","m","cm",13.97
1006771730,"7288361",1006771721,,,,,,"m","cm",
1006771777,"7288362",1006771771,,,,,,"m","cm",
1006628821,"7289387",1006628816,,,,,,"m","cm",
1006645356,"7289589",1006645350,1,"10",12.00,17.00,"5","ft","inch",2.00
1006652867,"7289697",1006652859,1,"10",3.10,6.10,"5","m","cm",6.03
1006653202,"7289701",1006653194,1,"10",3.10,6.10,"5","m","cm",6.03
1006653292,"7289702",1006653284,1,"10",3.10,6.10,"5","m","cm",6.03
1006653366,"7289703",1006653358,1,"10",3.10,6.10,"5","m","cm",6.03
1006653886,"7289714",1006653878,1,"10",9.00,19.00,"5","ft","inch",1.66
1006653919,"7289715",1006653912,1,"10",5.00,15.00,"5","ft","inch",1.66
1006653964,"7289716",1006653957,1,".10",5.00,15.00,"5","ft","inch",1.66
1006654052,"7289718",1006654044,1,"10",3.10,6.10,"5","m","cm",6.03
1006654244,"7289721",1006654237,1,"10",1.37,4.42,"5","m","cm",6.03
1006654283,"7289722",1006654276,1,"10",1.98,5.03,"4","m","cm",6.03
1006654333,"7289723",1006654326,1,"10",2.13,5.18,"5","m","cm",6.03
1006654370,"7289724",1006654363,1,"10",0.91,3.96,"5","m","cm",6.03
1006654572,"7289731",1006654564,1,"10",5.00,15.00,"5","ft","inch",1.66
1006654621,"7289732",1006654614,1,"10",1.83,3.35,"5","m","cm",6.03
1006654635,"7289733",1006654628,1,"10",2.44,5.49,"5","m","cm",6.03
1006654650,"7289734",1006654642,1,"10",3.96,5.43,"5","m","cm",6.03
1006654740,"7289738",1006654733,1,"10",0.91,3.96,"5","m","cm",6.03
1006654790,"7289739",1006654783,1,"10",0.91,3.96,"5","m","cm",6.03
1006654826,"7289740",1006654819,1,"10",0.91,3.96,"5","m","cm",6.03
1006654840,"7289741",1006654833,1,"10",0.91,3.96,"5","m","cm",6.03
1006655714,"7289755",1006655706,1,"10",3.10,6.10,"5","m","cm",6.03
1006655759,"7289756",1006655751,1,"10",3.10,6.10,"5","m","cm",6.03
1006655790,"7289757",1006655783,1,"10",2.13,5.18,"5","m","cm",6.03
1006655890,"7289758",1006655883,1,"10",3.10,6.10,"5","m","cm",6.03
1006617552,"7289763",1006617547,,,,,,"m","cm",
1006617562,"7289764",1006617557,,,,,,"m","cm",
1006617572,"7289765",1006617567,,,,,,"m","cm",
1006617582,"7289766",1006617577,,,,,,"m","cm",
1006662965,"7289879",1006662957,1,"10",1.52,4.57,"5","m","cm",4.82
1006663039,"7289880",1006663030,1,"10",1.52,4.57,"5","m","cm",4.82
1006663085,"7289881",1006663077,1,"10",1.52,4.57,"5","m","cm",4.82
1006663264,"7289882",1006663256,1,"10",1.52,4.57,"5","m","cm",4.82
1006663754,"7289889",1006663746,1,"10",,,"5","m","cm",6.03
1006663792,"7289890",1006663784,1,"10",1.52,4.57,"5","m","cm",6.03
1006663807,"7289891",1006663799,1,"10",1.82,4.57,"5","m","cm",6.03
1006665094,"7289917",1006665087,1,"10",0.31,3.41,"5","m","cm",6.03
1006665151,"7289918",1006665144,1,"10",0.31,3.41,"5","m","cm",6.03
1006665170,"7289919",1006665163,1,"10",0.31,3.41,"5","m","cm",6.03
1006665190,"7289920",1006665183,1,"10",0.31,3.41,"5","m","cm",6.03
1006665256,"7289921",1006665249,1,"10",0.31,3.41,"5","m","cm",6.03
1006665287,"7289922",1006665280,1,"10",0.31,3.41,"5","ft","inch",6.03
1006665306,"7289923",1006665299,1,"10",0.31,3.41,"5","m","cm",6.03
1006665330,"7289924",1006665323,1,"10",0.31,3.41,"5","m","cm",6.03
1006669283,"7290001",1006669275,1,"10",0.91,3.66,"5","m","cm",6.03
1006669428,"7290008",1006669420,1,"10",1.50,4.57,"5","m","cm",6.03
1006669756,"7290015",1006669748,1,"10",4.57,7.62,"5","m","cm",4.82
1006670235,"7290023",1006670228,1,"10",2.44,5.49,"5","m","cm",6.03
1006670509,"7290024",1006670502,1,"10",2.44,5.49,"5","m","cm",6.03
1006670537,"7290025",1006670530,1,"10",2.44,5.49,"5","m","cm",6.03
1006670612,"7290026",1006670604,1,"10",3.10,6.10,"5","m","cm",6.03
1006671266,"7290048",1006671261,,,,,,"m","cm",
1006672516,"7290077",1006672511,,,,,,"m","cm",
1006672577,"7290078",1006672572,,,,,,"m","cm",
1006672587,"7290079",1006672582,,,,,,"m","cm",
1006672600,"7290080",1006672595,,,,,,"m","cm",
1006672684,"7290081",1006672679,,,,,,"m","cm",
1006672712,"7290082",1006672707,,,,,,"m","cm",
1006672740,"7290083",1006672735,,,,,,"m","cm",
1006672769,"7290084",1006672764,,,,,,"m","cm",
1006672808,"7290085",1006672799,,,,,,"m","cm",
1006672824,"7290086",1006672819,,,,,,"m","cm",
1006672853,"7290087",1006672848,,,,,,"m","cm",
1006672896,"7290088",1006672891,,,,,,"m","cm",
1006676360,"7290161",1006676350,,,,,,"ft","inch",
1006676722,"7290166",1006676708,,,,,,"ft","inch",
1006678339,"7290192",1006678332,1,".10",9.00,19.00,"5","ft","inch",1.75
1006685811,"7290341",1006685805,,,,,,"m","cm",
1006685863,"7290342",1006685857,,,,,,"m","cm",
1006685972,"7290344",1006685967,,,,,,"ft","inch",
1006686079,"7290345",1006686071,,,,,,"ft","inch",
1006691805,"7290426",1006691800,,,,,,"m","cm",
1006691812,"7290427",1006691807,,,,,,"m","cm",
1006694093,"7290463",1006694088,,,,,,"m","cm",
1006697505,"7290516",1006697500,,,,,,"ft","inch",
1006697577,"7290518",1006697572,,,,,,"m","cm",
1006698661,"7290545",1006698652,,,,,,"ft","inch",
1006698695,"7290546",1006698690,,,,,,"ft","inch",
1006698855,"7290576",1006698847,1,"10",6.50,8.07,"5","m","cm",3.88
1006698871,"7290577",1006698865,1,"10",10.06,11.58,"5","m","cm",3.88
1006701118,"7290681",1006701112,1,,10.00,20.00,"5","ft","inch",2.00
1006701138,"7290682",1006701132,1,,10.00,20.00,"5","ft","inch",2.00
1006701150,"7290683",1006701144,1,,10.00,20.00,"5","ft","inch",2.00
1006753865,"7290689",1006753860,1,,22.00,32.00,"5","ft","inch",2.00
1006753875,"7290690",1006753870,1,,34.00,44.00,"5","ft","inch",2.00
1006727035,"7290720",1006727030,,,,,,"m","cm",
1006727046,"7290721",1006727041,,,,,,"m","cm",
1006727284,"7290725",1006727272,,,,,,"m","cm",
1006728452,"7290731",1006728441,,,,,,"m","cm",
1006728496,"7290732",1006728491,,,,,,"m","cm",
1006728510,"7290733",1006728505,,,,,,"m","cm",
1006728542,"7290734",1006728531,,,,,,"m","cm",
1006728588,"7290735",1006728576,,,,,,"m","cm",
1006728640,"7290736",1006728630,,,,,,"m","cm",
1006728691,"7290737",1006728681,,,,,,"m","cm",
1006728739,"7290738",1006728729,,,,,,"m","cm",
1006728837,"7290740",1006728825,,,,,,"m","cm",
1006730270,"7290741",1006730265,,,,,,"m","cm",
1006730300,"7290742",1006730288,,,,,,"m","cm",
1006730506,"7290743",1006730495,,,,,,"m","cm",
1006730563,"7290744",1006730551,,,,,,"m","cm",
1006730600,"7290745",1006730595,,,,,,"m","cm",
1006730614,"7290746",1006730609,,,,,,"m","cm",
1006730622,"7290747",1006730617,,,,,,"m","cm",
1006730633,"7290748",1006730628,,,,,,"m","cm",
1006730641,"7290749",1006730636,,,,,,"m","cm",
1006730655,"7290750",1006730644,,,,,,"m","cm",
1006731108,"7290751",1006731098,,,,,,"m","cm",
1006731154,"7290752",1006731144,,,,,,"m","cm",
1006731260,"7290753",1006731248,,,,,,"m","cm",
1006731291,"7290754",1006731280,,,,,,"m","cm",
1006731335,"7290755",1006731324,,,,,,"m","cm",
1006731373,"7290756",1006731368,,,,,,"m","cm",
1006731384,"7290757",1006731379,,,,,,"m","cm",
1006731512,"7290760",1006731501,,,,,,"m","cm",
1006756430,"7290832",1006756420,,,,,,"m","cm",
1006760579,"7290839",1006760570,,,,,,"m","cm",
1006760707,"7290841",1006760697,,,,,,"m","cm",
1006760747,"7290842",1006760737,,,,,,"m","cm",
1006760788,"7290843",1006760783,,,,,,"m","cm",
1006809303,"7290881",1006809298,,,,,,"ft","inch",
1006809332,"7290882",1006809327,,,,,,"ft","inch",
1006809346,"7290883",1006809336,,,,,,"m","cm",
1006815528,"7291034",1006815518,,,,,,"ft","inch",
1006817431,"7291111",1006817426,,,,,,"ft","inch",
1006817438,"7291112",1006817433,,,,,,"ft","inch",
1006817445,"7291113",1006817440,,,,,,"ft","inch",
1006817611,"7291125",1006817605,1,"10",3.10,6.10,"5","m","cm",4.21
1006817624,"7291126",1006817618,1,"10",1.50,4.57,"5","m","cm",4.21
1006817637,"7291127",1006817631,1,"10",1.50,4.57,"5","m","cm",4.21
1006817738,"7291135",1006817731,1,"10",1.47,4.57,"5","m","cm",4.82
1006817749,"7291136",1006817744,,,,,,"ft","inch",
1006817758,"7291137",1006817753,,,,,,"ft","inch",
1006817770,"7291138",1006817765,,,,,,"ft","inch",
1006817782,"7291139",1006817777,,,,,,"ft","inch",
1006815636,"7291183",1006815631,1,"10",10.00,20.00,"5","ft","inch",1.90
1006815648,"7291184",1006815643,1,"10",5.00,15.00,"5","ft","inch",2.37
1006815660,"7291185",1006815655,1,"10",4.00,14.00,"5","ft","inch",2.37
1006815717,"7291186",1006815712,1,"10",5.00,15.00,"5","ft","inch",2.37
1006807535,"7291268",1006807530,1,"10",12.00,22.00,"5","ft","inch",1.91
1006810672,"7291329",1006810664,1,"10",3.10,6.20,"5","m","cm",4.82
1006810686,"7291330",1006810679,1,"10",3.10,6.20,"5","ft","inch",4.82
1006810699,"7291331",1006810693,1,"10",3.10,6.20,"5","m","cm",4.82
1006810713,"7291332",1006810706,1,"10",2.80,5.80,"5","m","cm",4.82
1006809881,"7291636",1006809875,1,"10",3.05,6.10,"5","m","cm",5.88
1006809929,"7291639",1006809921,1,"40",0.00,5.00,"5","ft","inch",2.00
1006809968,"7291640",1006809960,1,"40",5.00,15.00,"5","ft","inch",2.00
1006795194,"7291847",1006795188,,,,,,"m","cm",
1006796853,"7291859",1006796848,,,,,,"ft","inch",
1006796861,"7291860",1006796856,,,,,,"ft","inch",
1006800001,"7291932",1006799991,,,,,,"m","cm",
1006800083,"7291933",1006800077,1,,10.00,15.00,"5","ft","inch",1.25
1006827503,"7292117",1006827492,,,,,,"ft","inch",
1006827710,"7292119",1006827699,,,,,,"ft","inch",
1006830285,"7292120",1006830274,,,,,,"ft","inch",
1006830393,"7292122",1006830378,,,,,,"ft","inch",
1006832739,"7292126",1006832727,,,,,,"ft","inch",
1006832780,"7292127",1006832770,,,,,,"ft","inch",
1006834218,"7292129",1006834204,,,,,,"ft","inch",
1006834405,"7292132",1006834393,,,,,,"ft","inch",
1006834556,"7292134",1006834541,,,,,,"ft","inch",
1006834647,"7292135",1006834634,,,,,,"ft","inch",
1006834691,"7292136",1006834680,,,,,,"ft","inch",
1006834777,"7292138",1006834766,,,,,,"ft","inch",
1006834863,"7292140",1006834850,,,,,,"ft","inch",
1006835092,"7292144",1006835080,,,,,,"ft","inch",
1006836016,"7292145",1006836006,,,,,,"ft","inch",
1006836126,"7292147",1006836114,,,,,,"ft","inch",
1006836174,"7292148",1006836162,,,,,,"ft","inch",
1006836282,"7292150",1006836270,,,,,,"ft","inch",
1006836511,"7292153",1006836494,,,,,,"ft","inch",
1006837827,"7292166",1006837822,,,,,,"ft","inch",
1006837941,"7292167",1006837936,,,,,,"ft","inch",
1006837995,"7292168",1006837990,,,,,,"ft","inch",
1006838011,"7292170",1006838006,,,,,,"ft","inch",
1006838020,"7292171",1006838015,,,,,,"ft","inch",
1006838029,"7292172",1006838024,,,,,,"ft","inch",
1006838038,"7292173",1006838033,,,,,,"ft","inch",
1006838047,"7292174",1006838042,,,,,,"ft","inch",
1006838065,"7292176",1006838060,,,,,,"ft","inch",
1006838167,"7292178",1006838154,,,,,,"ft","inch",
1006838280,"7292180",1006838266,,,,,,"ft","inch",
1006838376,"7292182",1006838367,,,,,,"ft","inch",
1006842689,"7292191",1006842675,,,,,,"ft","inch",
1006842799,"7292192",1006842785,,,,,,"ft","inch",
1006842870,"7292193",1006842856,,,,,,"ft","inch",
1006842926,"7292194",1006842911,,,,,,"ft","inch",
1006843095,"7292235",1006843080,,,,,,"ft","inch",
1006843147,"7292236",1006843142,1,"10",5.00,6.50,"5","m","cm",5.88
1006843167,"7292237",1006843160,1,,,,"5","m","cm",5.88
1006832384,"7292671",1006832378,1,"10",6.30,16.30,"5","ft","inch",2.50
1006836685,"7292768",1006836679,1,"10",13.00,18.00,"5","ft","inch",2.50
1006839570,"7292864",1006839563,,,,,,"ft","inch",
1006840782,"7292880",1006840775,1,"10",5.00,15.00,"5","ft","inch",1.66
1006840802,"7292881",1006840795,1,"10",5.00,15.00,"5","ft","inch",1.66
1006841127,"7292892",1006841121,1,"10",3.10,6.10,"5","ft","inch",6.03
1006841183,"7292893",1006841177,1,"10",3.10,6.10,"5","m","cm",6.03
1006841243,"7292894",1006841237,1,"10",,,"5","m","cm",6.03
1006841262,"7292895",1006841256,1,"10",3.10,6.10,"5","m","cm",6.03
1006841317,"7292896",1006841309,1,"10",3.10,6.10,"5","m","cm",6.03
1006841451,"7292899",1006841444,1,"10",5.00,15.00,"5","ft","inch",1.66
1006841881,"7292905",1006841874,1,"10",3.10,6.10,"5","m","cm",6.03
1006841940,"7292906",1006841933,1,"10",3.10,6.10,"5","m","cm",6.03
1006841960,"7292907",1006841953,1,"10",3.10,6.10,"5","ft","inch",6.03
1006842551,"7292920",1006842544,1,"10",9.40,12.19,"5","ft","inch",4.82
1006842745,"7292921",1006842737,1,"10",9.14,12.19,"5","m","cm",4.82
1006842759,"7292922",1006842751,1,"10",12.19,15.24,"5","m","cm",4.82
1006843311,"7292925",1006843306,1,,,,"5","m","cm",4.21
1006843323,"7292926",1006843318,1,"10",,,"5","m","cm",4.21
1006843335,"7292927",1006843330,1,"10",,,"5","m","cm",4.21
1006843434,"7292934",1006843427,1,"10",1.50,4.57,"5","m","cm",6.03
1006843448,"7292935",1006843441,1,"10",0.91,3.96,"5","m","cm",6.03
1006843463,"7292936",1006843455,1,"10",1.50,4.57,"5","m","cm",6.03
1006843477,"7292937",1006843470,1,"10",1.50,4.57,"5","ft","inch",6.03
1006843492,"7292938",1006843484,1,"10",3.10,6.10,"5","m","cm",6.03
1006848672,"7293041",1006848664,1,"10",3.10,6.10,"5","m","cm",4.83
1006848707,"7293042",1006848699,1,"10",3.10,6.10,"5","m","cm",4.82
1006849837,"7293056",1006849830,1,"10",3.10,6.09,"5","m","cm",4.82
1006849854,"7293057",1006849847,1,"10",3.10,6.09,"5","m","cm",4.82
1006849868,"7293058",1006849861,1,"10",2.43,5.49,"5","m","cm",5.20
1006850083,"7293064",1006850075,,,,,,"m","cm",
1006850214,"7293065",1006850209,,,,,,"ft","inch",
1006850263,"7293066",1006850258,,,,,,"m","cm",
1006850275,"7293067",1006850270,,,,,,"m","cm",
1006850322,"7293068",1006850317,,,,,,"m","cm",
1006854817,"7293161",1006854810,1,"10",3.10,6.10,"5","m","cm",6.03
1006854831,"7293162",1006854824,1,"10",3.10,6.10,"5","m","cm",6.03
1006854845,"7293163",1006854838,1,"10",10.00,20.00,"5","ft","inch",2.10
1006854972,"7293171",1006854964,1,"10",3.10,6.10,"5","ft","inch",6.03
1006854987,"7293172",1006854979,1,"10",1.83,4.88,"5","m","cm",6.03
1006855014,"7293173",1006855007,1,"10",3.10,6.20,"5","m","cm",6.03
1006855029,"7293174",1006855021,1,"10",3.10,6.10,"5","m","cm",6.03
1006855043,"7293175",1006855036,1,"10",10.00,20.00,"5","ft","inch",2.10
1006855057,"7293176",1006855050,1,"10",7.50,17.50,"5","ft","inch",2.10
1006855071,"7293177",1006855064,1,"10",10.00,20.00,"5","ft","inch",2.10
1006855085,"7293178",1006855078,1,"10",5.00,15.00,"5","ft","inch",2.10
1006855099,"7293179",1006855092,1,"10",10.00,20.00,"5","ft","inch",2.10
1006855113,"7293180",1006855106,1,"10",10.00,20.00,"5","ft","inch",2.10
1006855141,"7293181",1006855133,1,"10",7.62,10.70,"5","m","cm",6.03
1006855156,"7293182",1006855148,1,"10",7.90,11.00,"5","m","cm",6.03
1006855171,"7293183",1006855163,1,"10",1.83,4.88,"5","m","cm",6.03
1006827071,"7293184",1006827063,1,"10",1.83,4.88,"5","m","cm",6.03
1006827085,"7293185",1006827078,1,"10",10.00,20.00,"5","ft","inch",2.25
1006827134,"7293186",1006827127,1,"10",10.00,20.00,"5","ft","inch",2.25
1006827148,"7293187",1006827141,1,"10",10.00,20.00,"5","ft","inch",2.25
1006827201,"7293188",1006827194,1,"10",3.10,6.20,"5","m","cm",6.03
1006827215,"7293189",1006827208,1,"10",3.10,6.10,"5","m","cm",6.03
1006827230,"7293190",1006827222,1,"10",10.00,20.00,"5","ft","inch",2.10
1006827245,"7293191",1006827237,1,"10",10.00,20.00,"5","ft","inch",2.10
1006827262,"7293192",1006827253,1,"10",10.00,20.00,"5","ft","inch",2.10
1006827277,"7293193",1006827269,1,"10",10.00,20.00,"5","ft","inch",2.10
1006827292,"7293194",1006827284,1,"10",10.00,20.00,"5","ft","inch",2.10
1006827307,"7293195",1006827299,1,"10",10.00,20.00,"5","ft","inch",2.10
1006827358,"7293196",1006827349,1,"10",10.00,20.00,"5","ft","inch",2.10
1006827404,"7293197",1006827395,1,"10",10.00,20.00,"5","ft","inch",2.10
1006827419,"7293198",1006827411,1,"10",2.62,10.70,"5","m","cm",6.03
1006827472,"7293199",1006827463,1,"10",9.10,12.10,"5","m","cm",6.03
1006827692,"7293209",1006827684,1,"10",10.00,20.00,"5","ft","inch",2.10
1006828527,"7293254",1006828519,1,"10",3.10,6.10,"5","m","cm",6.03
1006830451,"7293325",1006830443,1,"10",3.10,6.10,"5","m","cm",6.03
1006830465,"7293326",1006830458,1,"10",1.83,4.88,"5","m","cm",6.03
1006830483,"7293327",1006830475,1,"10",1.50,4.57,"5","m","cm",6.03
1006830514,"7293328",1006830507,1,"10",1.50,4.57,"5","m","cm",6.03
1006833363,"7293374",1006833358,1,,,,"5","m","cm",
1006835974,"7293457",1006835967,1,"10",8.00,18.00,"5","ft","inch",2.00
1006837536,"7293491",1006837531,,,,,,"m","cm",
1006851046,"7293667",1006851038,1,"10",4.10,7.00,"5","m","cm",15.55
1006851267,"7293671",1006851257,,,,,,"m","cm",
1006853143,"7293733",1006853137,,,,,,"ft","inch",
1006859230,"7293812",1006859223,,,,,,"m","cm",
1006859621,"7293822",1006859610,,,,,,"m","cm",
1006874791,"7294262",1006874786,,,,,,"ft","inch",
1006895514,"7294513",1006895509,,,,,,"ft","inch",
1006901847,"7294645",1006901837,,,,,,"m","cm",
1006890879,"7294916",1006890869,,,,,,"m","cm",
1006898982,"7294924",1006898974,,,,,,"m","cm",
1006902546,"7294961",1006902536,,,,,,"m","cm",
1006907474,"7294969",1006907469,,,,,,"ft","inch",
1006878410,"7295106",1006878397,,,,,,"ft","inch",
1006880235,"7295112",1006880224,,,,,,"ft","inch",
1006882471,"7295138",1006882460,,,,,,"ft","inch",
1006882692,"7295145",1006882684,1,".10",9.41,19.41,"5","ft","inch",1.75
1006882866,"7295149",1006882858,,,,,,"ft","inch",
1006882876,"7295150",1006882870,,,,,,"ft","inch",
1006882927,"7295151",1006882921,,,,,,"ft","inch",
1006883364,"7295723",1006883357,1,"10",1.37,4.41,"5","m","cm",4.82
1006883378,"7295724",1006883371,1,"10",1.21,4.26,"5","m","cm",4.82
1006883392,"7295725",1006883385,1,"10",1.52,4.57,"5","m","cm",4.82
1006883406,"7295726",1006883399,1,"10",1.52,4.57,"5","m","cm",4.82
1006883420,"7295727",1006883413,1,"10",1.37,4.41,"5","m","cm",4.82
1006883434,"7295728",1006883427,1,"10",2.43,5.48,"5","m","cm",4.82
1006883448,"7295729",1006883441,1,"10",2.74,5.79,"5","m","cm",4.82
1006883462,"7295730",1006883455,1,"10",2.74,5.79,"5","m","cm",4.82
1006883476,"7295731",1006883469,1,"10",2.74,5.79,"5","m","cm",4.82
1006883490,"7295732",1006883483,1,"10",2.79,5.79,"5","m","cm",4.82
1006883504,"7295733",1006883497,1,"10",2.74,5.79,"5","m","cm",4.82
1006883519,"7295734",1006883511,1,"10",2.44,5.49,"5","m","cm",4.82
1006884197,"7295741",1006884188,1,"10",5.49,7.62,"5","ft","inch",6.03
1006884234,"7295743",1006884226,1,"10",3.96,10.06,"5","m","cm",4.82
1006884705,"7295754",1006884697,1,"10",20.00,40.00,"5","ft","inch",1.66
1006884806,"7295756",1006884798,1,"10",3.50,6.50,"5","ft","inch",1.66
1006884848,"7295757",1006884839,1,"10",4.88,6.40,"5","m","cm",6.03
1006884880,"7295758",1006884870,1,"10",4.88,6.40,"5","m","cm",6.03
1006884913,"7295759",1006884904,1,"10",5.79,7.32,"5","m","cm",6.03
1006885049,"7295760",1006885040,1,"10",4.57,6.10,"5","m","cm",6.03
1006885081,"7295761",1006885072,1,"10",4.57,6.10,"5","ft","inch",6.03
1006896818,"7295844",1006896811,1,"10",0.91,2.44,"5","m","cm",6.03
1006896889,"7295845",1006896882,1,"10",1.22,2.74,"5","m","cm",6.03
1006897699,"7295846",1006897692,1,"10",1.22,2.74,"5","m","cm",6.03
1006897719,"7295847",1006897712,1,"10",1.52,3.10,"5","m","cm",6.03
1006897807,"7295848",1006897800,1,"10",0.22,2.74,"5","m","cm",6.03
1006897861,"7295849",1006897854,1,"10",0.22,2.74,"5","m","cm",6.03
1006897873,"7295850",1006897866,1,"10",1.52,3.10,"5","m","cm",6.03
1006929896,"7296138",1006929891,,,,,,"ft","inch",
1006929920,"7296139",1006929915,,,,,,"ft","inch",
1006929973,"7296141",1006929967,,,,,,"ft","inch",
1006929983,"7296142",1006929977,,,,,,"ft","inch",
1006929993,"7296143",1006929987,,,,,,"ft","inch",
1006930003,"7296144",1006929997,,,,,,"ft","inch",
1006930038,"7296145",1006930032,,,,,,"ft","inch",
1006930057,"7296146",1006930051,,,,,,"ft","inch",
1006930076,"7296147",1006930070,,,,,,"ft","inch",
1006930100,"7296148",1006930094,,,,,,"ft","inch",
1006930140,"7296149",1006930134,,,,,,"ft","inch",
1006930170,"7296150",1006930164,,,,,,"ft","inch",
1006932879,"7296257",1006932868,,,,,,"ft","inch",
1006932963,"7296258",1006932951,,,,,,"ft","inch",
1006933040,"7296259",1006933020,,,,,,"ft","inch",
1006933158,"7296260",1006933147,,,,,,"ft","inch",
1006933303,"7296262",1006933293,,,,,,"ft","inch",
1006933473,"7296265",1006933461,,,,,,"ft","inch",
1006933683,"7296267",1006933668,,,,,,"ft","inch",
1006933751,"7296268",1006933737,,,,,,"ft","inch",
1006933895,"7296270",1006933881,,,,,,"ft","inch",
1006933929,"7296271",1006933913,,,,,,"ft","inch",
1006934055,"7296273",1006934042,,,,,,"ft","inch",
1006934422,"7296277",1006934416,,,,,,"ft","inch",
1006934432,"7296278",1006934427,,,,,,"ft","inch",
1006934442,"7296279",1006934437,,,,,,"ft","inch",
1006934455,"7296280",1006934450,,,,,,"ft","inch",
1006934482,"7296282",1006934470,,,,,,"ft","inch",
1006934523,"7296283",1006934513,,,,,,"ft","inch",
1006934568,"7296284",1006934554,,,,,,"ft","inch",
1006934655,"7296286",1006934640,,,,,,"ft","inch",
1006934741,"7296288",1006934728,,,,,,"ft","inch",
1006934782,"7296289",1006934772,,,,,,"ft","inch",
1006934826,"7296290",1006934812,,,,,,"ft","inch",
1006934867,"7296291",1006934856,,,,,,"ft","inch",
1006934950,"7296293",1006934940,,,,,,"ft","inch",
1006935187,"7296297",1006935172,,,,,,"ft","inch",
1006935278,"7296298",1006935263,,,,,,"ft","inch",
1006935355,"7296299",1006935345,,,,,,"ft","inch",
1006935402,"7296300",1006935388,,,,,,"ft","inch",
1006935454,"7296301",1006935442,,,,,,"ft","inch",
1006935669,"7296303",1006935656,,,,,,"ft","inch",
1006935880,"7296305",1006935866,,,,,,"ft","inch",
1006935966,"7296306",1006935951,,,,,,"ft","inch",
1006936277,"7296307",1006936263,,,,,,"ft","inch",
1006936915,"7296308",1006936902,,,,,,"ft","inch",
1006937049,"7296309",1006937037,,,,,,"ft","inch",
1006937165,"7296310",1006937160,,,,,,"ft","inch",
1006937766,"7296312",1006937752,,,,,,"ft","inch",
1006938162,"7296313",1006938150,,,,,,"ft","inch",
1006941101,"7296314",1006941087,,,,,,"ft","inch",
1006941901,"7296319",1006941890,,,,,,"ft","inch",
1006942034,"7296320",1006942019,,,,,,"ft","inch",
1006942318,"7296321",1006942305,,,,,,"ft","inch",
1006942668,"7296328",1006942663,,,,,,"ft","inch",
1006945790,"7296374",1006945785,,,,,,"ft","inch",
1006946001,"7296376",1006945988,,,,,,"ft","inch",
1006946235,"7296379",1006946221,,,,,,"ft","inch",
1006946278,"7296380",1006946266,,,,,,"ft","inch",
1006946320,"7296381",1006946309,,,,,,"ft","inch",
1006946365,"7296382",1006946350,,,,,,"ft","inch",
1006947115,"7296384",1006947102,,,,,,"ft","inch",
1006947250,"7296386",1006947238,,,,,,"ft","inch",
1006948687,"7296447",1006948679,1,"10",3.10,4.57,"5","m","cm",4.21
1006948702,"7296448",1006948694,1,"10",2.43,4.57,"5","ft","inch",4.21
1006948720,"7296449",1006948712,1,"10",2.43,4.57,"5","m","cm",4.21
1006948736,"7296450",1006948728,1,"10",2.43,4.57,"5","m","cm",4.21
1006948750,"7296451",1006948743,1,"10",1.52,4.57,"5","m","cm",6.03
1006948764,"7296452",1006948757,1,"10",1.22,3.66,"5","m","cm",6.03
1006948778,"7296453",1006948771,1,"10",1.22,3.66,"5","m","cm",6.03
1006948791,"7296454",1006948784,1,"10",1.22,3.66,"5","m","cm",6.03
1006948805,"7296455",1006948798,1,,1.52,4.57,,"m","cm",
1006948825,"7296456",1006948818,1,"10",1.52,4.57,"5","m","cm",6.03
1006948845,"7296457",1006948838,1,"10",1.20,3.66,"5","m","cm",6.03
1006948868,"7296458",1006948861,1,"10",1.52,4.57,"5","ft","inch",6.03
1006948888,"7296459",1006948881,1,"10",1.52,4.57,"5","m","cm",6.03
1006951388,"7296511",1006951382,1,"10",3.66,6.71,"5","m","cm",4.82
1006951402,"7296512",1006951395,1,"10",2.44,5.49,"5","m","cm",4.82
1006951416,"7296513",1006951409,1,"10",1.52,4.57,"5","ft","inch",4.82
1006952952,"7296559",1006952944,1,"10",6.10,9.14,"5","m","cm",4.82
1006952967,"7296560",1006952959,1,"10",9.14,12.19,"5","ft","inch",4.82
1006953190,"7296571",1006953183,1,"10",0.80,3.90,"5","ft","inch",5.21
1006953245,"7296572",1006953237,1,"10",4.26,7.31,"5","ft","inch",6.03
1006953259,"7296573",1006953252,1,"10",2.74,5.79,"5","ft","inch",6.03
1006952704,"7296576",1006952697,1,"10",4.57,7.62,"5","m","cm",4.82
1006954687,"7296608",1006954682,,,,,,"ft","inch",
1006954698,"7296609",1006954693,,,,,,"ft","inch",
1006954718,"7296610",1006954713,,,,,,"m","cm",
1006954729,"7296611",1006954724,,,,,,"ft","inch",
1006955547,"7296639",1006955540,1,"10",1.50,4.57,"5","m","cm",4.82
1006955560,"7296640",1006955554,1,"10",1.50,4.57,"5","m","cm",4.82
1006955573,"7296641",1006955567,1,"10",0.91,3.96,"5","m","cm",4.82
1006955587,"7296642",1006955580,1,"10",1.22,4.27,"5","m","cm",4.82
1006958773,"7296695",1006958767,1,"10",3.66,6.71,"5","m","cm",4.82
1006958805,"7296696",1006958799,1,"10",3.66,6.71,"5","m","cm",4.82
1006912338,"7296766",1006912331,1,"10",1.86,4.96,"5","m","cm",4.82
1006912392,"7296767",1006912385,1,"10",1.55,4.65,"5","m","cm",4.82
1006912406,"7296768",1006912399,1,"10",2.48,5.58,"5","m","cm",4.82
1006912420,"7296769",1006912413,1,"10",2.60,5.27,"5","m","cm",4.82
1006912434,"7296770",1006912427,1,"10",2.79,5.89,"5","ft","inch",4.21
1006912444,"7296771",1006912439,,,,,,"ft","inch",
1006913041,"7296772",1006913036,,,,,,"ft","inch",
1006913094,"7296773",1006913089,,,,,,"ft","inch",
1006925931,"7296897",1006925924,1,"10",6.71,8.23,"5","m","cm",5.88
1006925949,"7296900",1006925944,1,"10",3.00,12.00,"5","ft","inch",2.37
1006925991,"7296901",1006925986,1,"10",3.33,12.33,"5","ft","inch",2.37
1006926024,"7296902",1006926019,1,"10",3.16,12.16,"5","ft","inch",2.37
1006931249,"7297047",1006931244,,,,,,"ft","inch",
1006927382,"7297242",1006927370,,,,,,"ft","inch",
1006930579,"7297243",1006930574,,,,,,"ft","inch",
1006946845,"7297366",1006946839,,,,,,"m","cm",
1006946950,"7297367",1006946944,,,,,,"m","cm",
1006947328,"7297368",1006947322,,,,,,"m","cm",
1006928445,"7297588",1006928440,,,,,,"ft","inch",
1006928466,"7297589",1006928461,,,,,,"ft","inch",
1006928481,"7297590",1006928476,,,,,,"ft","inch",
1006928493,"7297591",1006928488,,,,,,"ft","inch",
1006928502,"7297592",1006928497,,,,,,"ft","inch",
1006928514,"7297593",1006928509,,,,,,"ft","inch",
1006946516,"7297766",1006946505,,,,,,"m","cm",
1006946592,"7297768",1006946587,,,,,,"m","cm",
1006946603,"7297769",1006946597,,,,,,"m","cm",
1006946613,"7297770",1006946608,,,,,,"m","cm",
1006946623,"7297771",1006946618,,,,,,"m","cm",
1006946702,"7297772",1006946696,,,,,,"m","cm",
1006946827,"7297773",1006946820,,,,,,"m","cm",
1006964383,"7297830",1006964378,,,,,,"m","cm",
1006964392,"7297831",1006964387,,,,,,"m","cm",
1006964401,"7297832",1006964396,,,,,,"m","cm",
1006964410,"7297833",1006964405,,,,,,"ft","inch",
1006964419,"7297834",1006964414,,,,,,"m","cm",
1006964457,"7297839",1006964452,,,,,,"m","cm",
1006964466,"7297840",1006964461,,,,,,"ft","inch",
1006964475,"7297841",1006964470,,,,,,"ft","inch",
1006964484,"7297842",1006964479,,,,,,"m","cm",
1006964493,"7297843",1006964488,,,,,,"m","cm",
1006964502,"7297844",1006964497,,,,,,"m","cm",
1006964511,"7297845",1006964506,,,,,,"m","cm",
1006964520,"7297846",1006964515,,,,,,"m","cm",
1006964529,"7297847",1006964524,,,,,,"m","cm",
1006964538,"7297848",1006964533,,,,,,"ft","inch",
1006964547,"7297849",1006964542,,,,,,"ft","inch",
1006964556,"7297850",1006964551,,,,,,"m","cm",
1006961962,"7297887",1006961957,,,,,,"ft","inch",
1006963389,"7297908",1006963379,,,,,,"m","cm",
1006941276,"7297920",1006941269,,,,,,"ft","inch",
1006941286,"7297921",1006941279,,,,,,"ft","inch",
1006947840,"7298032",1006947835,1,".10",5.00,10.00,"5","ft","inch",1.75
1006955878,"7298089",1006955867,,,,,,"m","cm",
1006956036,"7298092",1006956030,1,"25",8.04,9.26,"1","m","cm",13.47
1006956079,"7298093",1006956069,1,"10",11.26,23.18,"1","m","cm",13.97
1006956080,"7298093",1006956069,2,,73.00,76.00,"1","m","cm",
1006956131,"7298094",1006956124,,,,,,"m","cm",
1006959801,"7298139",1006959790,,,,,,"m","cm",
1006960096,"7298148",1006960091,,,,,,"ft","inch",
1006960169,"7298152",1006960160,,,,,,"ft","inch",
1006960694,"7298157",1006960687,,,,,,"ft","inch",
1006906546,"7298291",1006906534,,,,,,"ft","inch",
1006913576,"7298415",1006913567,,,,,,"m","cm",
1006914020,"7298423",1006914010,,,,,,"m","cm",
1006914061,"7298424",1006914050,,,,,,"m","cm",
1006993391,"7298553",1006993380,,,,,,"ft","inch",
1006993401,"7298554",1006993396,,,,,,"ft","inch",
1006993417,"7298555",1006993405,,,,,,"ft","inch",
1006999027,"7298622",1006999017,,,,,,"m","cm",
1006999767,"7298627",1006999758,,,,,,"m","cm",
1007000268,"7298633",1007000258,1,,,,,"m","cm",
1007013437,"7298667",1007013428,,,,,,"ft","inch",
1007014640,"7298674",1007014632,,,,,,"m","cm",
1007014691,"7298675",1007014682,,,,,,"m","cm",
1007014729,"7298676",1007014721,,,,,,"m","cm",
1006967688,"7299149",1006967683,,,,,,"ft","inch",
1006967747,"7299151",1006967733,,,,,,"ft","inch",
1006967834,"7299153",1006967821,,,,,,"ft","inch",
1006968428,"7299156",1006968416,,,,,,"ft","inch",
1006968516,"7299158",1006968505,,,,,,"ft","inch",
1006969241,"7299164",1006969230,,,,,,"ft","inch",
1006969312,"7299165",1006969299,,,,,,"ft","inch",
1006969582,"7299168",1006969569,,,,,,"ft","inch",
1006969656,"7299169",1006969644,,,,,,"ft","inch",
1006969904,"7299170",1006969892,,,,,,"ft","inch",
1006969947,"7299171",1006969935,,,,,,"ft","inch",
1006969993,"7299173",1006969988,,,,,,"ft","inch",
1006970017,"7299175",1006970006,,,,,,"ft","inch",
1006970109,"7299177",1006970097,,,,,,"ft","inch",
1006970267,"7299180",1006970252,,,,,,"ft","inch",
1006970334,"7299181",1006970320,,,,,,"ft","inch",
1006970400,"7299182",1006970384,,,,,,"ft","inch",
1006970439,"7299183",1006970434,,,,,,"ft","inch",
1006978736,"7299191",1006978724,,,,,,"ft","inch",
1006978778,"7299192",1006978768,,,,,,"ft","inch",
1006978820,"7299193",1006978809,,,,,,"ft","inch",
1006978866,"7299194",1006978852,,,,,,"ft","inch",
1006980031,"7299195",1006980021,,,,,,"ft","inch",
1006985986,"7299196",1006985972,,,,,,"ft","inch",
1006986204,"7299198",1006986192,,,,,,"ft","inch",
1006986255,"7299199",1006986242,,,,,,"ft","inch",
1006987441,"7299201",1006987429,,,,,,"ft","inch",
1006987612,"7299202",1006987602,,,,,,"ft","inch",
1006987699,"7299204",1006987687,,,,,,"ft","inch",
1006988208,"7299208",1006988198,,,,,,"ft","inch",
1006988563,"7299210",1006988552,,,,,,"ft","inch",
1007037574,"7299398",1007037564,,,,,,"m","cm",
1007037788,"7299400",1007037777,,,,,,"m","cm",
1007037987,"7299401",1007037976,,,,,,"m","cm",
1007038289,"7299403",1007038284,,,,,,"m","cm",
1007038311,"7299404",1007038306,,,,,,"m","cm",
1007038333,"7299405",1007038328,,,,,,"m","cm",
1007038356,"7299406",1007038351,,,,,,"m","cm",
1007038367,"7299407",1007038362,,,,,,"m","cm",
1007038393,"7299408",1007038382,,,,,,"m","cm",
1007038467,"7299409",1007038456,,,,,,"m","cm",
1007038533,"7299410",1007038523,,,,,,"m","cm",
1007038580,"7299411",1007038569,,,,,,"m","cm",
1007040218,"7299413",1007040207,,,,,,"m","cm",
1007040257,"7299414",1007040247,,,,,,"m","cm",
1007040295,"7299415",1007040287,,,,,,"m","cm",
1007040309,"7299416",1007040300,,,,,,"m","cm",
1007040324,"7299417",1007040314,,,,,,"m","cm",
1007040356,"7299418",1007040346,,,,,,"m","cm",
1007040386,"7299419",1007040376,,,,,,"m","cm",
1007040458,"7299421",1007040447,,,,,,"m","cm",
1007040528,"7299423",1007040517,,,,,,"m","cm",
1007040568,"7299424",1007040558,,,,,,"m","cm",
1007040647,"7299426",1007040636,,,,,,"m","cm",
1007040677,"7299427",1007040666,,,,,,"m","cm",
1007040707,"7299428",1007040702,,,,,,"m","cm",
1006969388,"7299568",1006969383,,,,,,"ft","inch",
1007047650,"7299649",1007047645,,,,,,"ft","inch",
1007047657,"7299650",1007047652,,,,,,"ft","inch",
1007047665,"7299651",1007047660,,,,,,"ft","inch",
1007048101,"7299666",1007048096,,,,,,"ft","inch",
1006917709,"7299746",1006917704,,,,,,"ft","inch",
1006917768,"7299748",1006917755,1,,,,,"ft","inch",
1006920001,"7299813",1006919996,,,,,,"ft","inch",
1006920180,"7299814",1006920175,,,,,,"ft","inch",
1006920569,"7299829",1006920558,,,,,,"m","cm",
1006920613,"7299830",1006920602,,,,,,"m","cm",
1006920776,"7299832",1006920762,,,,,,"m","cm",
1006923820,"7300057",1006923812,,,,,,"m","cm",
1006923858,"7300058",1006923850,,,,,,"m","cm",
1007015647,"7300210",1007015642,,,,,,"ft","inch",
1007017052,"7300245",1007017047,,,,,,"m","cm",
1007033434,"7300402",1007033428,1,,5.00,20.00,"5","ft","inch",2.00
1007033456,"7300403",1007033450,1,,10.00,20.00,"5","ft","inch",2.00
1007034687,"7300412",1007034681,1,,10.00,20.00,"5","ft","inch",2.00
1007034697,"7300413",1007034691,1,,10.00,20.00,"5","ft","inch",2.00
1007034813,"7300417",1007034805,1,"10",5.64,7.16,"5","m","cm",6.03
1007034914,"7300418",1007034907,1,"10",0.91,3.96,"5","m","cm",6.03
1007035016,"7300419",1007035009,1,"10",0.91,3.96,"5","m","cm",6.03
1007035128,"7300420",1007035120,1,"10",0.62,7.62,"5","m","cm",6.03
1007035154,"7300421",1007035147,1,"10",1.52,4.57,"5","m","cm",6.03
1007035169,"7300422",1007035161,1,"10",6.10,7.62,"5","m","cm",6.03
1007035183,"7300423",1007035176,1,"10",0.91,3.96,"5","m","cm",6.03
1007035210,"7300424",1007035202,1,"10",6.10,7.62,"5","m","cm",6.03
1007035831,"7300440",1007035824,1,"10",1.05,4.10,"5","m","cm",4.82
1007035853,"7300441",1007035844,1,"10",1.50,4.57,"5","m","cm",4.82
1007035869,"7300442",1007035860,1,"10",1.50,4.57,"5","m","cm",4.82
1007042747,"7300610",1007042739,1,"10",5.49,8.54,"5","m","cm",4.82
1007042774,"7300611",1007042766,1,"10",5.49,8.54,"5","m","cm",4.82
1007044318,"7300644",1007044311,1,"10",5.00,15.00,"5","ft","inch",1.66
1007044332,"7300645",1007044325,1,"10",5.00,15.00,"5","ft","inch",1.66
1007045118,"7300682",1007045111,1,"10",2.13,5.16,"5","m","cm",4.82
1007045132,"7300683",1007045125,1,"10",1.82,4.87,"5","m","cm",4.82
1007045518,"7300713",1007045511,1,"10",3.10,6.10,"5","m","cm",4.82
1007045535,"7300714",1007045528,1,"10",5.00,12.00,"5","ft","inch",1.66
1007046209,"7300715",1007046202,1,"10",5.00,15.00,"5","ft","inch",1.66
1007046646,"7300734",1007046637,1,"10",4.50,14.50,"5","ft","inch",1.66
1007046663,"7300735",1007046653,1,"10",20.00,25.00,"5","ft","inch",1.66
1007046679,"7300736",1007046670,1,"10",4.00,14.00,"5","ft","inch",1.66
1007046694,"7300737",1007046686,1,"10",4.57,7.62,"5","m","cm",4.82
1007048007,"7300753",1007048000,1,"10",3.10,6.20,"5","m","cm",4.21
1007048035,"7300754",1007048028,1,"10",0.62,3.72,"5","m","cm",4.21
1007048227,"7300762",1007048219,1,"10",5.55,7.10,"5","m","cm",4.21
1007048252,"7300764",1007048245,1,"10",1.52,4.57,"5","m","cm",6.03
1007048770,"7300765",1007048763,1,"10",10.00,20.00,"5","ft","inch",2.10
1007048784,"7300766",1007048777,1,"10",32.00,42.00,"5","ft","inch",
1007048798,"7300767",1007048791,1,"10",10.00,20.00,"5","ft","inch",
1007049663,"7300804",1007049657,1,"10",5.00,15.00,"5","ft","inch",
1007049676,"7300805",1007049670,1,"10",5.00,15.00,"5","ft","inch",
1007049691,"7300806",1007049683,1,"10",5.00,15.00,"5","ft","inch",
1007049705,"7300807",1007049698,1,"10",5.00,15.00,"5","ft","inch",
1007049846,"7300818",1007049838,1,"10",8.53,10.06,"5","m","cm",4.82
1007049861,"7300819",1007049853,1,"10",8.23,9.75,"5","m","cm",4.82
1007049879,"7300820",1007049870,1,"10",2.74,4.26,"5","m","cm",4.82
1007049893,"7300821",1007049886,1,"10",2.24,4.26,"5","m","cm",4.82
1007049907,"7300822",1007049900,1,"10",2.74,4.26,"5","m","cm",4.82
1007049921,"7300823",1007049914,1,"10",2.74,4.26,"5","m","cm",4.82
1007050172,"7300842",1007050167,,,,,,"m","cm",
1007050181,"7300843",1007050176,,,,,,"m","cm",
1007050190,"7300844",1007050185,,,,,,"m","cm",
1007050382,"7300858",1007050374,1,"10",4.57,7.62,"5","m","cm",4.82
1007050396,"7300859",1007050389,1,"10",7.01,10.06,"5","m","cm",4.82
1007050410,"7300860",1007050403,1,"10",7.31,10.36,"5","m","cm",4.82
1007050423,"7300861",1007050417,1,"10",4.57,7.62,"5","m","cm",4.82
1007050438,"7300862",1007050430,1,"10",15.00,25.00,"5","ft","inch",1.66
1007050453,"7300863",1007050445,1,"10",,,"5","m","cm",4.21
1007050467,"7300864",1007050460,1,"10",4.57,7.62,"5","m","cm",6.03
1007050481,"7300865",1007050474,1,"10",3.10,6.10,"5","m","cm",6.03
1007050496,"7300866",1007050488,1,"10",4.57,7.62,"5","m","cm",6.03
1007051031,"7300897",1007051020,,,,,,"ft","inch",
1007053449,"7300905",1007053444,,,,,,"ft","inch",
1007061810,"7301042",1007061800,,,,,,"ft","inch",
1007061845,"7301043",1007061840,,,,,,"ft","inch",
1007064965,"7301091",1007064959,1,".10",4.00,14.00,"5","ft","inch",1.75
1007065075,"7301097",1007065067,,,,,,"ft","inch",
1007068104,"7301262",1007068096,1,"40",4.57,6.10,"5","m","cm",2.37
1007068143,"7301266",1007068133,,,,,,"ft","inch",
1007069892,"7301325",1007069887,,,,,,"ft","inch",
1007069982,"7301331",1007069977,,,,,,"ft","inch",
1007070006,"7301334",1007070001,,,,,,"ft","inch",
1007070091,"7301336",1007070086,,,,,,"ft","inch",
1007070105,"7301338",1007070100,,,,,,"ft","inch",
1007070126,"7301341",1007070121,,,,,,"ft","inch",
1007070133,"7301342",1007070128,,,,,,"ft","inch",
1007070140,"7301343",1007070135,,,,,,"ft","inch",
1007070147,"7301344",1007070142,,,,,,"ft","inch",
1007070154,"7301345",1007070149,1,,,,,"ft","inch",
1007070161,"7301346",1007070156,,,,,,"ft","inch",
1007070175,"7301348",1007070170,,,,,,"ft","inch",
1007070187,"7301349",1007070177,,,,,,"ft","inch",
1007070266,"7301350",1007070256,1,,,,,"ft","inch",
1007070336,"7301352",1007070325,,,,,,"ft","inch",
1007070389,"7301355",1007070379,,,,,,"ft","inch",
1007070425,"7301356",1007070420,,,,,,"ft","inch",
1007070455,"7301359",1007070450,,,,,,"ft","inch",
1007070465,"7301360",1007070460,,,,,,"ft","inch",
1007070475,"7301361",1007070470,,,,,,"ft","inch",
1007070496,"7301364",1007070491,,,,,,"ft","inch",
1007070521,"7301366",1007070505,,,,,,"ft","inch",
1007070555,"7301367",1007070550,,,,,,"ft","inch",
1007070562,"7301368",1007070557,,,,,,"ft","inch",
1007082684,"7301523",1007082679,,,,,,"m","cm",
1007082694,"7301524",1007082689,,,,,,"m","cm",
1007087001,"7301683",1007086995,,,,,,"ft","inch",
1007087025,"7301686",1007087019,,,,,,"ft","inch",
1007087032,"7301687",1007087027,,,,,,"ft","inch",
1007096883,"7302082",1007096876,1,"10",1.52,4.57,"5","m","cm",4.82
1007096897,"7302083",1007096890,1,"10",1.52,4.57,"5","m","cm",4.82
1007096912,"7302084",1007096904,1,"10",0.91,3.96,"5","m","cm",4.82
1007097075,"7302096",1007097066,1,"10",2.60,4.11,"5","m","cm",6.03
1007097091,"7302097",1007097082,1,"10",2.60,4.11,"5","m","cm",6.03
1007097131,"7302100",1007097124,1,"10",3.50,8.50,"5","ft","inch",1.66
1007098083,"7302147",1007098076,1,"10",2.13,3.66,"5","m","cm",6.03
1007098102,"7302148",1007098093,1,"10",6.10,9.14,"5","m","cm",6.03
1007099233,"7302160",1007099228,1,,,,"5","ft","inch",1.90
1007099246,"7302161",1007099239,1,"10",3.10,6.10,"5","m","cm",4.82
1007922999,"7302166",1007919846,1,"10",1.52,4.57,"5","m","cm",4.82
1007099372,"7302167",1007099364,1,"10",7.01,10.06,"5","m","cm",4.82
1007099387,"7302168",1007099379,1,"10",7.01,10.06,"5","m","cm",4.82
1007099549,"7302175",1007099540,1,"40",6.10,9.14,"5","m","cm",4.82
1007099550,"7302175",1007099540,2,,,,,"m","cm",
1007099609,"7302176",1007099601,1,"40",14.63,16.15,"5","m","cm",4.82
1007099669,"7302177",1007099661,1,"40",6.10,9.14,"5","m","cm",4.82
1007099729,"7302178",1007099721,1,"40",6.10,9.14,"5","m","cm",4.82
1007100107,"7302193",1007100100,1,"10",1.52,3.10,"5","m","cm",6.03
1007922931,"7302194",1007919613,1,"10",0.76,3.50,"5","m","cm",6.03
1007100265,"7302195",1007100258,1,"10",1.06,4.11,"5","m","cm",6.03
1007100287,"7302196",1007100278,1,"10",4.57,6.10,"5","ft","inch",6.03
1007922932,"7302210",1007919614,1,"10",1.50,4.57,"5","m","cm",0.82
1007100694,"7302218",1007100685,1,"10",3.10,6.10,"5","ft","inch",6.03
1007101828,"7302234",1007101821,1,"10",3.10,6.10,"5","m","cm",4.82
1007101842,"7302235",1007101835,1,"10",3.10,6.10,"5","m","cm",4.82
1007101856,"7302236",1007101849,1,"10",3.10,6.10,"5","m","cm",4.82
1007101870,"7302237",1007101863,1,"10",1.50,3.10,"5","m","cm",4.82
1007101884,"7302238",1007101877,1,"10",1.50,4.57,"5","m","cm",4.82
1007101898,"7302239",1007101891,1,"10",,,"5","m","cm",4.82
1007101913,"7302240",1007101906,1,"10",1.22,4.27,"5","m","cm",4.82
1007101927,"7302241",1007101920,1,"10",2.44,5.49,"5","m","cm",
1007106768,"7302286",1007106761,1,"10",1.98,5.03,"5","m","cm",4.82
1007107117,"7302287",1007107110,1,"10",1.22,4.27,"5","m","cm",4.82
1007107130,"7302288",1007107124,1,"10",4.27,7.32,"5","m","cm",4.82
1007107131,"7302288",1007107124,2,,,,,"m","cm",
1007107885,"7302320",1007107880,1,"10",5.00,15.00,"5","ft","inch",1.90
1007107896,"7302321",1007107891,1,"10",5.00,15.00,"5","ft","inch",1.31
1007107907,"7302322",1007107902,,,,,,"ft","inch",
1007107918,"7302323",1007107913,1,,,,"5","ft","inch",1.90
1007107929,"7302324",1007107924,1,,,,,"ft","inch",1.90
1007107959,"7302326",1007107950,1,"10",1.83,4.88,"5","m","cm",6.03
1007107974,"7302327",1007107966,1,"10",1.83,4.88,"5","m","cm",6.03
1007107989,"7302328",1007107981,1,"10",1.83,4.88,"5","m","cm",6.03
1007108004,"7302329",1007107996,1,"10",1.83,4.88,"5","m","cm",6.03
1007108018,"7302330",1007108011,1,"10",1.83,4.88,"5","m","cm",6.03
1007108568,"7302341",1007108561,1,"10",3.10,6.10,"5","m","cm",4.82
1007108728,"7302349",1007108721,1,"10",4.57,7.62,"5","m","cm",4.82
1007116754,"7302544",1007116748,,,,,,"m","cm",
1007116808,"7302545",1007116802,,,,,,"m","cm",
1007068342,"7302699",1007068331,,,,,,"m","cm",
1007068461,"7302700",1007068452,,,,,,"m","cm",
1007070830,"7302744",1007070821,,,,,,"ft","inch",
1007071189,"7302745",1007071184,,,,,,"ft","inch",
1007071248,"7302747",1007071238,,,,,,"ft","inch",
1007077372,"7302839",1007077365,,,,,,"ft","inch",
1007077411,"7302840",1007077403,,,,,,"ft","inch",
1007077535,"7302844",1007077530,,,,,,"ft","inch",
1007077542,"7302845",1007077537,,,,,,"ft","inch",
1007078594,"7302864",1007078583,,,,,,"m","cm",
1007078707,"7302869",1007078698,,,,,,"m","cm",
1007078747,"7302870",1007078738,,,,,,"m","cm",
1007078776,"7302871",1007078766,,,,,,"m","cm",
1007078798,"7302872",1007078790,,,,,,"m","cm",
1007119036,"7303674",1007119029,,,,,,"m","cm",
1007122165,"7303717",1007122156,1,"10",15.00,25.00,"5","m","cm",1.90
1007122206,"7303718",1007122197,1,"10",14.00,24.00,"5","m","cm",1.90
1007122233,"7303719",1007122226,1,"10",4.26,7.31,"5","m","cm",4.52
1007122250,"7303720",1007122243,1,"10",4.26,7.31,"5","m","cm",4.82
1007122273,"7303721",1007122266,1,"10",4.26,7.31,"5","m","cm",4.82
1007125384,"7303803",1007125377,1,"10",1.52,4.57,"5","m","cm",6.03
1007127597,"7303871",1007127590,1,"10",1.52,3.10,"5","m","cm",6.03
1007127611,"7303872",1007127604,1,"10",1.52,4.57,"5","m","cm",6.03
1007127625,"7303873",1007127618,1,"10",1.52,4.57,"5","m","cm",6.03
1007127639,"7303874",1007127632,1,"10",1.52,4.57,"5","m","cm",6.03
1007127708,"7303879",1007127700,1,"10",2.14,5.13,"5","m","cm",4.82
1007127849,"7303885",1007127842,1,"10",0.61,3.66,"5","m","cm",4.82
1007132209,"7303998",1007132203,1,"10",2.00,3.00,"5","ft","inch",1.31
1007132222,"7303999",1007132216,1,"10",2.50,3.50,"5","ft","inch",1.61
1007125232,"7304938",1007125227,1,,,,,"m","cm",
1007922928,"7304940",1007919607,1,"10",10.37,11.23,"8","m","cm",13.97
1007125277,"7304941",1007125272,,,,,,"m","cm",
1007143751,"7305504",1007143744,1,"10",7.62,10.66,"5","m","cm",6.03
1007144432,"7305505",1007144425,1,"10",7.62,10.66,"5","m","cm",6.03
1007144458,"7305506",1007144450,1,"10",24.50,34.50,"5","ft","inch",1.66
1007145569,"7305577",1007145561,1,"10",6.00,11.00,"5","ft","inch",1.66
1007145584,"7305578",1007145576,1,"10",2.00,5.00,"5","ft","inch",1.66
1007145598,"7305579",1007145591,1,"10",4.57,7.62,"5","m","cm",4.82
1007145612,"7305580",1007145605,1,"10",4.57,7.62,"5","m","cm",4.84
1007145626,"7305581",1007145619,1,"19",457.00,7.62,"5","m","cm",4.82
1007145640,"7305582",1007145633,1,"10",0.91,3.96,"5","m","cm",4.21
1007145654,"7305583",1007145647,1,"10",2.74,5.78,"5","m","cm",4.82
1007145668,"7305584",1007145661,1,"10",2.74,5.79,"5","ft","inch",4.82
1007145820,"7305585",1007145813,1,"10",2.74,5.79,"5","m","cm",4.82
1007147672,"7305656",1007147665,1,"10",10.67,13.72,"5","m","cm",4.82
1007148178,"7305680",1007148171,1,"10",2.44,5.49,"5","m","cm",4.82
1007148192,"7305681",1007148185,1,"10",2.44,5.49,"5","m","cm",4.82
1007148207,"7305682",1007148199,1,"10",5.49,8.53,"5","m","cm",4.82
1007149533,"7305683",1007149526,1,"10",2.44,5.49,"5","m","cm",4.82
1007151222,"7305740",1007151216,1,"10",1.50,4.57,"5","m","cm",4.82
1007151235,"7305741",1007151229,1,"10",1.22,4.27,"5","m","cm",4.82
1007151313,"7305747",1007151305,1,"10",10.00,20.00,"5","ft","inch",2.10
1007151329,"7305748",1007151320,1,"10",10.00,20.00,"5","ft","inch",2.10
1007151926,"7305786",1007151919,1,"10",3.50,13.50,"5","ft","inch",1.66
1007151970,"7305787",1007151963,1,"10",10.00,20.00,"5","ft","inch",1.66
1007192326,"7306804",1007192316,,,,,,"ft","inch",
1007194950,"7306909",1007194943,,,,,,"ft","inch",
1007195257,"7306913",1007195248,,,,,,"ft","inch",
1007204423,"7307035",1007204413,,,,,,"m","cm",
1007216831,"7307155",1007216826,,,,,,"m","cm",
1007216965,"7307157",1007216956,,,,,,"m","cm",
1007217069,"7307158",1007217058,,,,,,"m","cm",
1007217153,"7307159",1007217142,,,,,,"m","cm",
1007217312,"7307161",1007217299,,,,,,"m","cm",
1007217364,"7307162",1007217353,,,,,,"m","cm",
1007217397,"7307163",1007217385,,,,,,"m","cm",
1007217424,"7307164",1007217419,,,,,,"m","cm",
1007217437,"7307165",1007217427,,,,,,"m","cm",
1007217506,"7307167",1007217493,,,,,,"m","cm",
1007217969,"7307172",1007217960,,,,,,"m","cm",
1007218187,"7307177",1007218177,,,,,,"m","cm",
1007163393,"7307236",1007163385,1,"10",4.27,11.80,"5","m","cm",4.82
1007221001,"7307253",1007220992,1,"10",5.49,8.53,"5","m","cm",4.82
1007221015,"7307254",1007221008,1,"10 ",1.22,4.27,"5","m","cm",4.82
1007221029,"7307255",1007221022,1,"10",1.52,4.57,"5","m","cm",4.82
1007221042,"7307256",1007221035,1,"10",1.53,4.57,"5","m","cm",4.82
1007221107,"7307261",1007221100,1,"10 ",0.91,3.96,"5","m","cm",4.82
1007221121,"7307262",1007221114,1,"10 ",1.22,4.27,"5","m","cm",4.82
1007221134,"7307263",1007221128,1,"10",1.50,3.10,"5","m","cm",4.82
1007221148,"7307264",1007221141,1,"10",1.50,4.57,"5","m","cm",4.82
1007221161,"7307265",1007221155,1,"10",1.22,4.27,"5","m","cm",4.82
1007221941,"7307301",1007221935,1,"10",4.15,5.70,"5","m","cm",4.21
1007221956,"7307302",1007221948,1,"10 ",3.46,5.49,"5","m","cm",6.03
1007221971,"7307303",1007221963,1,"10",4.88,6.40,"5","m","cm",6.03
1007221986,"7307304",1007221978,1,"10",6.10,7.62,"5","m","cm",6.03
1007222049,"7307305",1007222041,1,"10",5.49,7.00,"5","m","cm",6.03
1007222079,"7307306",1007222071,1,"10",4.57,6.10,"5","m","cm",6.03
1007222100,"7307307",1007222092,1,"10",4.57,6.10,"5","m","cm",6.03
1007222121,"7307308",1007222113,1,"10",3.66,5.18,"5","m","cm",6.03
1007222134,"7307309",1007222127,1,"10",2.13,3.36,"5","m","cm",6.03
1007222148,"7307310",1007222140,1,"10",6.00,16.00,"5","ft","inch",1.66
1007222164,"7307311",1007222156,1,"10",10.00,20.00,"1","ft","inch",1.66
1007222179,"7307312",1007222171,1,"10",5.50,15.50,"5","ft","inch",1.55
1007222193,"7307313",1007222186,1,"10",1.50,4.57,"5","m","cm",4.82
1007222207,"7307314",1007222200,1,"10",1.50,4.57,"5","m","cm",4.82
1007222224,"7307315",1007222217,1,"10",1.50,4.57,"5","m","cm",4.82
1007222238,"7307316",1007222231,1,"10",1.50,4.57,"5","m","cm",4.82
1007222252,"7307317",1007222245,1,"10",1.50,4.57,"5","m","cm",4.82
1007222266,"7307318",1007222259,1,"70",1.50,4.50,"5","m","cm",4.82
1007222280,"7307319",1007222273,1,"10",1.50,4.57,"5","m","cm",4.82
1007224395,"7307455",1007224390,1,,,,,"m","cm",4.21
1007224429,"7307458",1007224424,1,,,,,"m","cm",6.03
1007224497,"7307463",1007224492,1,,,,,"ft","inch",6.03
1007224507,"7307464",1007224500,1,"10",3.10,4.57,"5","m","cm",1.03
1007225421,"7307512",1007225410,,,,,,"ft","inch",
1007215283,"7307570",1007215278,1,,15.00,20.00,"5","ft","inch",2.00
1007222435,"7307571",1007222429,1,,9.50,19.50,"5","ft","inch",2.00
1007222446,"7307572",1007222441,1,,9.50,19.50,"5","ft","inch",2.00
1007222548,"7307573",1007222542,1,,10.00,20.00,"5","ft","inch",2.00
1007193295,"7308034",1007193290,,,,,,"ft","inch",
1007215471,"7308108",1007215466,,,,,,"ft","inch",
1007232005,"7308361",1007231999,,,,,,"ft","inch",
1007246840,"7308474",1007246832,1,".10",10.00,20.00,"5","ft","inch",1.50
1007246861,"7308475",1007246855,1,".10",5.00,15.00,"5","ft","inch",1.75
1007238565,"7308541",1007238556,,,,,,"m","cm",
1007238606,"7308542",1007238597,,,,,,"m","cm",
1007238647,"7308543",1007238638,,,,,,"m","cm",
1007238689,"7308544",1007238679,,,,,,"m","cm",
1007238731,"7308545",1007238721,,,,,,"m","cm",
1007149047,"7309076",1007149037,,,,,,"m","cm",
1007149181,"7309077",1007149172,1,"10",7.93,9.15,"1","m","cm",13.97
1007149974,"7309086",1007149969,,,,,,"ft","inch",
1007149981,"7309087",1007149976,,,,,,"ft","inch",
1007172563,"7309297",1007172553,,,,,,"ft","inch",
1007173027,"7309302",1007173017,,,,,,"ft","inch",
1007173097,"7309303",1007173085,,,,,,"ft","inch",
1007173325,"7309305",1007173320,,,,,,"m","cm",
1007072383,"7309378",1007072378,1,,2.00,7.00,,"ft","inch",
1007073688,"7309411",1007073683,1,"10",2.50,8.00,"5","ft","inch",2.37
1007073781,"7309574",1007073776,,,,,,"m","cm",
1007073929,"7309581",1007073921,1,"10",5.48,8.50,"5","m","cm",4.82
1007250599,"7309882",1007250594,,,,,,"ft","inch",
1007253054,"7310006",1007253047,,,,,,"ft","inch",
1007253095,"7310007",1007253085,,,,,,"ft","inch",
1007253136,"7310008",1007253127,,,,,,"ft","inch",
1007253192,"7310009",1007253181,,,,,,"ft","inch",
1007253253,"7310010",1007253243,,,,,,"ft","inch",
1007253534,"7310016",1007253524,,,,,,"ft","inch",
1007253636,"7310018",1007253624,,,,,,"ft","inch",
1007253698,"7310019",1007253687,,,,,,"ft","inch",
1007074536,"7310023",1007074527,,,,,,"ft","inch",
1007253930,"7310025",1007253917,,,,,,"ft","inch",
1007253975,"7310026",1007253963,,,,,,"ft","inch",
1007254356,"7310031",1007254351,,,,,,"ft","inch",
1007254449,"7310033",1007254439,,,,,,"ft","inch",
1007254488,"7310034",1007254474,,,,,,"ft","inch",
1007254558,"7310037",1007254553,,,,,,"ft","inch",
1007254568,"7310038",1007254563,,,,,,"ft","inch",
1007254579,"7310039",1007254574,,,,,,"ft","inch",
1007254593,"7310040",1007254588,,,,,,"ft","inch",
1007254878,"7310048",1007254867,,,,,,"ft","inch",
1007254921,"7310049",1007254910,,,,,,"ft","inch",
1007255047,"7310051",1007255035,,,,,,"ft","inch",
1007255092,"7310052",1007255082,,,,,,"ft","inch",
1007255136,"7310053",1007255124,,,,,,"ft","inch",
1007255222,"7310055",1007255212,,,,,,"ft","inch",
1007255264,"7310056",1007255255,,,,,,"ft","inch",
1007255306,"7310057",1007255297,,,,,,"ft","inch",
1007255347,"7310058",1007255337,,,,,,"ft","inch",
1007255389,"7310059",1007255379,,,,,,"ft","inch",
1007255433,"7310060",1007255422,,,,,,"ft","inch",
1007256212,"7310071",1007256202,,,,,,"ft","inch",
1007256297,"7310073",1007256287,,,,,,"ft","inch",
1007256338,"7310074",1007256329,,,,,,"ft","inch",
1007257533,"7310111",1007257526,,,,,,"ft","inch",
1007257542,"7310112",1007257535,,,,,,"ft","inch",
1007257551,"7310113",1007257544,,,,,,"ft","inch",
1007257560,"7310114",1007257553,,,,,,"ft","inch",
1007257569,"7310115",1007257562,,,,,,"ft","inch",
1007257578,"7310116",1007257571,,,,,,"ft","inch",
1007257585,"7310117",1007257580,,,,,,"ft","inch",
1007257595,"7310118",1007257590,,,,,,"ft","inch",
1007273248,"7311372",1007273242,1,,3.05,6.10,"5","m","cm",3.89
1007274628,"7311402",1007274623,,,,,,"ft","inch",
1007278101,"7311540",1007278096,,,,,,"ft","inch",
1007278692,"7311564",1007278687,,,,,,"ft","inch",
1007278703,"7311565",1007278696,1,"10",5.18,8.23,"5","m","cm",5.89
1007279171,"7311595",1007279163,1,"3",7.25,17.25,"5","ft","inch",1.66
1007361470,"7311665",1007361465,1,"10",6.60,16.60,"5","ft","inch",1.25
1007361481,"7311666",1007361476,1,,2.89,8.00,"5","m","cm",4.20
1007361527,"7311667",1007361519,1,"3",21.75,31.75,"5","ft","inch",2.37
1007361537,"7311668",1007361532,1,,15.00,20.00,"7","ft","inch",
1007361589,"7311679",1007361584,1,"10",6.00,9.14,"5","ft","cm",5.89
1007361597,"7311680",1007361591,1,"10",,,"5","m","cm",5.89
1007361635,"7311685",1007361629,1,"3",20.00,30.00,"5","ft","inch",1.11
1007364901,"7311822",1007364895,,,,,,"ft","inch",
1007366685,"7311866",1007366680,,,,,,"ft","inch",
1007175360,"7312149",1007175354,,,,,,"m","cm",
1007175409,"7312150",1007175403,,,,,,"m","cm",
1007184333,"7312242",1007184323,,,,,,"m","cm",
1007184918,"7312245",1007184911,,,,,,"ft","inch",
1007195046,"7312443",1007195041,,,,,,"ft","inch",
1007207945,"7312601",1007207939,,,,,,"ft","inch",
1007209832,"7312631",1007209827,,,,,,"m","cm",
1007209840,"7312632",1007209835,,,,,,"m","cm",
1007209848,"7312633",1007209843,1,"10",6.58,16.58,"5","ft","inch",1.25
1007211543,"7312690",1007211538,,,,,,"ft","inch",
1007211553,"7312691",1007211547,,,,,,"ft","inch",
1007211574,"7312692",1007211569,,,,,,"ft","inch",
1007211808,"7312713",1007211803,,,,,,"ft","inch",
1007188897,"7312760",1007188892,,,,,,"ft","inch",
1007188932,"7312761",1007188927,,,,,,"ft","inch",
1007188996,"7312762",1007188991,,,,,,"ft","inch",
1007280229,"7312926",1007280220,,,,,,"ft","inch",
1007281953,"7312967",1007281942,,,,,,"ft","inch",
1007282062,"7312969",1007282054,,,,,,"m","cm",
1007367533,"7312981",1007367526,1,"10",0.91,3.96,"5","m","cm",6.03
1007367547,"7312982",1007367540,1,"10",0.91,3.96,"5","m","cm",6.03
1007367560,"7312983",1007367554,1,"10",1.50,3.10,"5","m","cm",6.03
1007367574,"7312984",1007367567,1,"10",1.22,4.27,"5","m","cm",6.03
1007367686,"7312991",1007367679,1,"10",1.83,4.88,"5","m","cm",6.03
1007367705,"7312992",1007367696,1,"10",6.71,8.23,"5","m","cm",6.03
1007367719,"7312993",1007367712,1,"10",1.22,4.27,"5","m","cm",6.03
1007367759,"7312995",1007367752,1,"10",3.10,6.10,"5","m","cm",4.82
1007367782,"7312996",1007367775,1,"10",10.00,20.00,"5","ft","inch",1.68
1007367824,"7312999",1007367814,1,"10",13.50,20.50,"5","ft","inch",1.55
1007367851,"7313000",1007367843,1,"10",5.00,10.00,"5","ft","inch",1.66
1007368141,"7313015",1007368133,1,"10",7.50,17.50,"5","ft","inch",1.90
1007368183,"7313016",1007368175,1,"10",7.00,17.00,"5","ft","inch",1.90
1007368212,"7313017",1007368204,1,"10",16.00,26.00,"5","ft","inch",1.90
1007368230,"7313018",1007368222,1,"10",8.00,18.00,"5","ft","inch",1.90
1007368254,"7313019",1007368246,1,"10",7.50,17.50,"5","ft","inch",1.90
1007369182,"7313046",1007369176,1,"10",8.00,13.00,"5","ft","inch",2.37
1007275218,"7313065",1007275213,1,"10",,,"5","m","cm",4.82
1007275295,"7313066",1007275290,1,,,,,"m","cm",4.82
1007275304,"7313067",1007275299,1,,,,,"m","cm",4.82
1007275311,"7313068",1007275306,1,,,,,"m","cm",6.03
1007372401,"7313088",1007372395,1,"10",0.91,3.96,"5","m","cm",4.82
1007372415,"7313089",1007372408,1,"10",0.18,4.88,"5","m","cm",4.82
1007372429,"7313090",1007372422,1,"10",2.44,5.49,"5","m","cm",4.82
1007372443,"7313091",1007372436,1,"10",2.44,5.49,"5","m","cm",4.82
1007372457,"7313092",1007372450,1,"10",3.10,6.10,"5","m","cm",4.82
1007372507,"7313096",1007372500,1,"10",3.10,6.09,"5","m","cm",4.82
1007372521,"7313097",1007372514,1,"10",3.10,6.09,"5","m","cm",4.82
1007372535,"7313098",1007372528,1,"10",3.10,6.10,"5","m","cm",4.82
1007372549,"7313099",1007372542,1,"10",3.10,6.10,"5","m","cm",4.82
1007275365,"7313123",1007275360,,,,,,"m","cm",
1007275372,"7313124",1007275367,,,,,,"m","cm",
1007275379,"7313125",1007275374,,,,,,"m","cm",
1007275399,"7313126",1007275394,,,,,,"m","cm",
1007275406,"7313127",1007275401,1,"10",0.91,3.96,"5","m","cm",4.82
1007275413,"7313128",1007275408,1,"10",0.91,3.96,"5","m","cm",4.82
1007275463,"7313129",1007275457,1,"10",0.91,3.96,"5","m","cm",4.82
1007275470,"7313130",1007275465,,,,,,"m","cm",
1007275477,"7313131",1007275472,,,,,,"m","cm",
1007275485,"7313132",1007275479,,,,,,"m","cm",
1007373119,"7313136",1007373113,1,"10",8.50,13.50,"5","ft","inch",2.37
1007373321,"7313148",1007373315,1,"10",1.22,4.22,"5","m","cm",4.21
1007373335,"7313149",1007373328,1,"10",6.00,16.00,"5","ft","inch",1.66
1007373349,"7313150",1007373342,1,"10",6.00,16.00,"5","ft","inch",1.91
1007275751,"7313162",1007275746,1,"10",,,"5","m","cm",4.82
1007275761,"7313163",1007275756,1,"10",,,"5","m","cm",4.82
1007275771,"7313164",1007275766,,,,,,"m","cm",
1007374912,"7313217",1007374905,1,"10",6.00,16.00,"5","ft","inch",1.66
1007374926,"7313218",1007374919,1,"10",5.00,15.00,"5","ft","inch",1.66
1007376344,"7313334",1007376336,,,,,,"ft","inch",
1007380084,"7313473",1007380079,,,,,,"ft","inch",
1007380092,"7313474",1007380087,,,,,,"ft","inch",
1007381983,"7313582",1007381978,,,,,,"ft","inch",
1007381999,"7313584",1007381994,,,,,,"ft","inch",
1007383573,"7313681",1007383568,,,,,,"ft","inch",
1007383595,"7313682",1007383590,,,,,,"ft","inch",
1007383709,"7313685",1007383698,,,,,,"ft","inch",
1007383773,"7313686",1007383764,,,,,,"ft","inch",
1007383820,"7313687",1007383810,,,,,,"ft","inch",
1007383946,"7313689",1007383941,,,,,,"ft","inch",
1007383973,"7313690",1007383963,,,,,,"ft","inch",
1007384029,"7313692",1007384024,,,,,,"ft","inch",
1007384046,"7313694",1007384041,,,,,,"ft","inch",
1007384053,"7313695",1007384048,,,,,,"ft","inch",
1007384163,"7313700",1007384158,,,,,,"ft","inch",
1007384177,"7313701",1007384165,,,,,,"ft","inch",
1007384218,"7313702",1007384208,,,,,,"ft","inch",
1007384258,"7313703",1007384246,,,,,,"ft","inch",
1007384300,"7313704",1007384289,,,,,,"ft","inch",
1007384342,"7313705",1007384331,,,,,,"ft","inch",
1007384383,"7313706",1007384372,,,,,,"ft","inch",
1007384435,"7313708",1007384425,,,,,,"ft","inch",
1007384527,"7313711",1007384516,,,,,,"ft","inch",
1007384570,"7313712",1007384558,,,,,,"ft","inch",
1007384653,"7313714",1007384642,,,,,,"ft","inch",
1007384689,"7313715",1007384684,,,,,,"ft","inch",
1007384984,"7313726",1007384973,,,,,,"ft","inch",
1007385222,"7313731",1007385211,,,,,,"ft","inch",
1007385263,"7313732",1007385253,,,,,,"ft","inch",
1007385359,"7313734",1007385354,,,,,,"ft","inch",
1007385368,"7313735",1007385363,,,,,,"ft","inch",
1007385375,"7313736",1007385370,,,,,,"ft","inch",
1007385473,"7313742",1007385462,,,,,,"ft","inch",
1007385636,"7313748",1007385627,,,,,,"ft","inch",
1007388165,"7313870",1007388154,,,,,,"m","cm",
1007188957,"7313923",1007188949,,,,,,"m","cm",
1007189797,"7313928",1007189789,,,,,,"m","cm",
1007189948,"7313929",1007189939,,,,,,"m","cm",
1007190072,"7313930",1007190064,,,,,,"m","cm",
1007190183,"7313931",1007190175,,,,,,"m","cm",
1007403227,"7314128",1007403217,,,,,,"ft","inch",
1007403419,"7314134",1007403412,,,,,,"ft","inch",
1007406304,"7314269",1007406296,1,"10",20.50,30.50,"5","ft","inch",
1007406321,"7314270",1007406315,1,"10",9.50,19.50,"5","ft","inch",
1007406597,"7314290",1007406590,1,"10",3.65,,"5","m","cm",5.88
1007406606,"7314292",1007406601,,,,,,"m","cm",
1007406640,"7314297",1007406634,1,"10",2.70,4.20,"5","m","cm",3.89
1007406662,"7314298",1007406656,1,,,,"5","m","cm",5.89
1007406706,"7314301",1007406701,1,"8",39.04,40.26,"8","m","cm",13.97
1007406713,"7314302",1007406708,,,,,,"m","cm",
1007406720,"7314303",1007406715,1,"8",10.67,11.90,"8","m","cm",13.97
1007389282,"7314382",1007389277,,,,,,"ft","inch",
1007389584,"7314396",1007389579,,,,,,"m","cm",
1007389593,"7314397",1007389588,,,,,,"m","cm",
1007389602,"7314398",1007389597,,,,,,"m","cm",
1007389611,"7314399",1007389606,,,,,,"m","cm",
1007389620,"7314400",1007389615,,,,,,"m","cm",
1007389745,"7314403",1007389736,,,,,,"m","cm",
1007373795,"7314528",1007373789,1,,,,,"ft","inch",
1007392330,"7314553",1007392324,,,,,,"m","cm",
1007392340,"7314554",1007392334,,,,,,"m","cm",
1007392350,"7314555",1007392344,,,,,,"m","cm",
1007392360,"7314556",1007392354,,,,,,"m","cm",
1007393846,"7314622",1007393840,,,,,,"m","cm",
1007393898,"7314627",1007393892,1,"10",13.00,23.00,"5","ft","inch",2.30
1007393906,"7314628",1007393901,1,"10",1.52,3.05,"5","m","cm",5.88
1007393915,"7314629",1007393910,1,"10",1.52,3.05,"5","m","cm",5.88
1007409034,"7315103",1007409026,,,,,,"m","cm",
1007410005,"7315150",1007410000,,,,,,"ft","inch",
1007410021,"7315151",1007410016,,,,,,"m","cm",
1007410611,"7315191",1007410604,1,"10",1.20,2.75,"5","m","cm",5.88
1007410622,"7315192",1007410617,1,"10",1.52,3.05,"5","m","cm",5.88
1007410637,"7315193",1007410632,1,"10",1.52,3.05,"5","m","cm",5.88
1007410649,"7315194",1007410644,1,"10",1.52,3.05,"5","m","cm",5.88
1007411899,"7315254",1007411894,,,,,,"ft","inch",
1007411917,"7315256",1007411912,,,,,,"ft","inch",
1007411930,"7315257",1007411924,,,,,,"ft","inch",
1007412063,"7315271",1007412058,,,,,,"m","cm",
1007412157,"7315278",1007412152,1,".01",20.00,30.00,"5","ft","inch",
1007412174,"7315280",1007412169,,,,,,"ft","inch",
1007412276,"7315283",1007412265,,,,,,"ft","inch",
1007412323,"7315284",1007412312,,,,,,"ft","inch",
1007412403,"7315288",1007412393,,,,,,"ft","inch",
1007412494,"7315290",1007412483,,,,,,"ft","inch",
1007412585,"7315293",1007412573,,,,,,"ft","inch",
1007412674,"7315295",1007412662,,,,,,"ft","inch",
1007412719,"7315296",1007412707,,,,,,"ft","inch",
1007412799,"7315300",1007412794,,,,,,"ft","inch",
1007412821,"7315301",1007412810,,,,,,"ft","inch",
1007412882,"7315305",1007412872,,,,,,"ft","inch",
1007413241,"7315316",1007413231,,,,,,"ft","inch",
1007413281,"7315317",1007413271,,,,,,"ft","inch",
1007413328,"7315319",1007413319,,,,,,"ft","inch",
1007413414,"7315321",1007413403,,,,,,"ft","inch",
1007413457,"7315322",1007413445,,,,,,"ft","inch",
1007481073,"7315680",1007481062,,,,,,"ft","inch",
1007481332,"7315681",1007481321,,,,,,"ft","inch",
1007498539,"7315892",1007498534,,,,,,"ft","inch",
1007498550,"7315893",1007498545,,,,,,"ft","inch",
1007498621,"7315894",1007498616,,,,,,"ft","inch",
1007502282,"7315969",1007502277,,,,,,"ft","inch",
1007418447,"7316538",1007418436,,,,,,"ft","inch",
1007425643,"7316747",1007425636,,,,,,"ft","inch",
1007952836,"7316748",1007948503,1,,,,,,"inch",
1007425687,"7316749",1007425680,,,,,,"ft","inch",
1007426846,"7316806",1007426841,1,,10.00,15.00,"5","ft","inch",2.00
1007426855,"7316807",1007426850,1,,5.00,15.00,"5","ft","inch",2.00
1007426864,"7316808",1007426859,1,,10.00,15.00,"5","ft","inch",2.00
1007426873,"7316809",1007426868,1,,5.00,15.00,"5","ft","inch",2.00
1007429125,"7316844",1007429113,,,,,,"ft","inch",
1007429170,"7316846",1007429165,1,,7.00,12.00,"5","ft","inch",2.00
1007429179,"7316847",1007429174,1,,5.00,12.00,"5","ft","inch",2.00
1007429188,"7316848",1007429183,1,,6.00,11.00,"5","ft","inch",2.00
1007436327,"7317116",1007436321,1,"10",6.00,7.62,"5","m","cm",5.86
1007436344,"7317117",1007436337,1,"10",3.20,6.00,"5","m","cm",3.89
1007436363,"7317118",1007436354,1,"10",3.20,6.10,"5","m","cm",3.89
1007440798,"7317328",1007440792,,,,,,"m","cm",
1007440808,"7317329",1007440802,,,,,,"m","cm",
1007440899,"7317350",1007440894,1,"10",5.00,15.00,"5","ft","inch",
1007440910,"7317351",1007440902,1,"10",5.00,15.00,"5","ft","inch",1.66
1007440925,"7317352",1007440917,1,"10",5.00,15.00,"5","ft","inch",1.66
1007440939,"7317353",1007440932,1,"10",12.50,14.00,"5","m","cm",6.03
1007952853,"7317355",1007948552,1,"10",10.06,13.10,"5","m","cm",6.03
1007952854,"7317356",1007948553,1,"10",7.01,10.06,"7","m","cm",6.03
1007441072,"7317364",1007441065,1,"10",3.00,9.00,"5","ft","inch",1.66
1007441444,"7317380",1007441436,1,"10",5.50,10.50,"5","ft","inch",1.66
1007441459,"7317381",1007441451,1,"10",5.00,10.00,"5","ft","inch",1.66
1007441513,"7317385",1007441508,1,"10",0.91,3.96,"5","m","cm",6.03
1007441525,"7317386",1007441520,1,"10",0.91,3.96,"5","m","cm",6.03
1007441537,"7317387",1007441532,1,"10",0.91,3.96,"5","m","cm",6.03
1007441564,"7317389",1007441557,1,"10",1.83,4.88,"5","m","cm",4.21
1007441578,"7317390",1007441571,1,"10",6.00,16.00,"5","ft","inch",
1007441596,"7317391",1007441588,1,"10",1.52,4.57,"5","m","cm",4.20
1007441611,"7317392",1007441603,1,"10",1.52,4.57,"5","m","cm",4.21
1007441624,"7317393",1007441618,1,"10",1.55,4.65,"5","m","cm",4.82
1007441637,"7317394",1007441631,1,"10",1.55,4.65,"5","m","cm",4.82
1007441651,"7317395",1007441644,1,"10",3.96,6.90,"5","m","cm",4.82
1007441672,"7317397",1007441666,1,"10",3.66,6.60,"5","m","cm",4.82
1007441685,"7317398",1007441679,1,"10",3.10,6.10,"5","ft","inch",4.82
1007441697,"7317399",1007441692,1,"10",2.73,5.79,"5","m","cm",4.82
1007441711,"7317400",1007441704,1,"10",3.31,6.31,"5","m","cm",4.82
1007441724,"7317401",1007441718,1,"10",3.31,6.31,"5","m","cm",4.82
1007441735,"7317402",1007441729,1,"10",4.27,7.31,"5","m","cm",4.82
1007441749,"7317403",1007441742,1,"10",4.27,7.31,"5","m","cm",4.82
1007441762,"7317404",1007441756,1,"10",4.27,7.31,"5","m","cm",4.82
1007442051,"7317405",1007442044,1,"10",4.57,7.62,"5","m","cm",4.82
1007442068,"7317406",1007442062,1,"10",4.57,7.62,"5","m","cm",4.82
1007442081,"7317407",1007442075,1,"10",3.10,6.10,"5","m","cm",4.82
1007442094,"7317408",1007442088,1,"10",3.10,6.10,"5","m","cm",4.82
1007442961,"7317426",1007442952,1,"10",4.00,14.00,"5","ft","inch",1.65
1007443553,"7317450",1007443548,1,,28.90,32.00,"5","m","cm",4.21
1007443561,"7317451",1007443556,1,,15.24,18.30,"5","m","cm",4.21
1007443569,"7317452",1007443564,1,,35.90,39.00,"5","m","cm",4.21
1007443628,"7317457",1007443619,1,"10",5.00,15.00,"5","ft","inch",2.37
1007443663,"7317458",1007443654,1,"10",5.00,15.00,"5","ft","inch",2.37
1007443804,"7317461",1007443794,1,"10",4.88,6.35,"5","m","cm",6.04
1007443823,"7317462",1007443812,1,"10",4.88,6.35,"5","m","cm",6.03
1007443841,"7317463",1007443831,1,"10",4.88,6.35,"5","m","cm",6.03
1007443862,"7317464",1007443852,1,"10",4.88,6.35,"5","m","cm",6.03
1007443883,"7317465",1007443876,1,"10",1.50,3.10,"5","m","cm",6.03
1007443947,"7317470",1007443939,1,"10",0.00,6.20,"5","m","cm",6.03
1007443970,"7317471",1007443963,1,"10",3.41,6.51,"5","m","cm",6.03
1007443985,"7317472",1007443977,1,"10",3.10,6.20,"5","m","cm",6.03
1007444745,"7317510",1007444736,1,"10",3.10,6.10,"4","m","cm",4.80
1007444761,"7317511",1007444752,1,"10",3.96,5.49,"5","m","cm",4.82
1007444844,"7317516",1007444839,,,,,,"m","cm",
1007444880,"7317517",1007444873,1,"10",2.44,5.49,"5","m","cm",6.03
1007445036,"7317522",1007445028,1,"10",4.57,7.62,"5","m","cm",4.82
1007445054,"7317523",1007445046,1,"10",3.10,6.10,"5","m","cm",4.82
1007445072,"7317524",1007445064,1,"10",3.96,7.01,"5","m","cm",4.82
1007447239,"7317578",1007447232,1,"10",0.93,4.03,"5","m","cm",4.82
1007447555,"7317591",1007447550,1,"10",,,"5","m","cm",4.82
1007447568,"7317592",1007447561,1,"10",0.93,3.10,"5","m","cm",4.82
1007447594,"7317594",1007447588,1,"10",7.00,12.00,"5","ft","inch",2.10
1007447760,"7317603",1007447753,1,"10",3.35,4.88,"5","m","cm",6.03
1007447780,"7317604",1007447773,1,"10",3.10,4.57,"5","m","cm",6.03
1007447797,"7317605",1007447790,1,,3.10,4.57,"5","m","cm",11.43
1007447820,"7317606",1007447813,1,"10",2.74,4.27,"5","m","cm",11.43
1007447834,"7317607",1007447827,1,"10",2.89,4.41,"5","m","cm",11.43
1007447851,"7317608",1007447841,1,"10",3.10,4.57,"5","m","cm",11.43
1007447868,"7317609",1007447861,1,"10",3.10,4.57,"5","m","cm",11.43
1007447891,"7317610",1007447884,1,"10",2.74,4.27,"5","m","cm",11.43
1007447914,"7317611",1007447907,1,"10",3.10,4.57,"5","m","cm",11.43
1007447928,"7317612",1007447921,1,"10",3.36,5.49,"5","m","cm",11.43
1007447945,"7317613",1007447935,1,"10",4.88,6.35,"5","m","cm",6.03
1007448021,"7317619",1007448014,1,"10",7.62,10.67,"5","m","cm",6.03
1007448122,"7317625",1007448114,1,"10",4.27,5.79,"5","m","cm",6.03
1007448137,"7317626",1007448129,1,"10",4.27,5.79,"5","m","cm",6.03
1007521675,"7317787",1007521664,,,,,,"m","cm",
1007521712,"7317788",1007521701,,,,,,"m","cm",
1007521792,"7317789",1007521779,,,,,,"m","cm",
1007522643,"7317792",1007522633,,,,,,"m","cm",
1007522817,"7317794",1007522812,,,,,,"m","cm",
1007451719,"7317796",1007451708,,,,,,"m","cm",
1007451756,"7317797",1007451747,,,,,,"m","cm",
1007451784,"7317798",1007451772,,,,,,"m","cm",
1007451828,"7317799",1007451817,,,,,,"m","cm",
1007451901,"7317800",1007451891,,,,,,"m","cm",
1007451931,"7317801",1007451921,,,,,,"m","cm",
1007452012,"7317804",1007452007,,,,,,"m","cm",
1007452104,"7317807",1007452094,,,,,,"m","cm",
1007452181,"7317809",1007452170,,,,,,"m","cm",
1007452206,"7317810",1007452195,,,,,,"m","cm",
1007452265,"7317811",1007452254,,,,,,"m","cm",
1007452308,"7317812",1007452298,,,,,,"m","cm",
1007452364,"7317813",1007452353,,,,,,"m","cm",
1007452392,"7317814",1007452381,,,,,,"m","cm",
1007452428,"7317815",1007452422,,,,,,"m","cm",
1007452436,"7317816",1007452431,,,,,,"m","cm",
1007452444,"7317817",1007452439,,,,,,"m","cm",
1007452452,"7317818",1007452447,,,,,,"m","cm",
1007452508,"7317822",1007452497,,,,,,"m","cm",
1007452540,"7317823",1007452529,,,,,,"m","cm",
1007452578,"7317824",1007452567,,,,,,"m","cm",
1007452619,"7317825",1007452608,,,,,,"m","cm",
1007452660,"7317826",1007452649,,,,,,"m","cm",
1007452700,"7317827",1007452690,,,,,,"m","cm",
1007452730,"7317828",1007452721,,,,,,"m","cm",
1007452766,"7317829",1007452758,,,,,,"m","cm",
1007452774,"7317830",1007452769,,,,,,"m","cm",
1007455286,"7317889",1007455281,,,,,,"ft","inch",
1007455362,"7317892",1007455352,,,,,,"m","cm",
1007456139,"7317920",1007456134,,,,,,"ft","inch",
1007456151,"7317921",1007456144,,,,,,"ft","inch",
1007456239,"7317929",1007456234,,,,,,"ft","inch",
1007462920,"7318033",1007462912,,,,,,"ft","inch",
1007463064,"7318038",1007463053,,,,,,"ft","inch",
1007463364,"7318047",1007463357,,,,,,"ft","inch",
1007463573,"7318052",1007463563,,,,,,"ft","inch",
1007463609,"7318053",1007463603,,,,,,"ft","inch",
1007463664,"7318055",1007463653,,,,,,"ft","inch",
1007463715,"7318057",1007463705,,,,,,"ft","inch",
1007464210,"7318058",1007464199,,,,,,"ft","inch",
1007464530,"7318064",1007464520,,,,,,"ft","inch",
1007464688,"7318068",1007464677,,,,,,"ft","inch",
1007464732,"7318069",1007464725,,,,,,"ft","inch",
1007464792,"7318074",1007464783,,,,,,"ft","inch",
1007464865,"7318075",1007464855,,,,,,"ft","inch",
1007465073,"7318079",1007465064,,,,,,"ft","inch",
1007465119,"7318080",1007465112,,,,,,"ft","inch",
1007465152,"7318083",1007465142,,,,,,"ft","inch",
1007465217,"7318084",1007465207,,,,,,"ft","inch",
1007465272,"7318085",1007465260,,,,,,"ft","inch",
1007465318,"7318086",1007465311,,,,,,"ft","inch",
1007465491,"7318090",1007465482,,,,,,"ft","inch",
1007465581,"7318093",1007465571,,,,,,"ft","inch",
1007466515,"7318094",1007466505,,,,,,"ft","inch",
1007466682,"7318097",1007466672,,,,,,"ft","inch",
1007466874,"7318102",1007466865,,,,,,"ft","inch",
1007466916,"7318103",1007466907,,,,,,"ft","inch",
1007467042,"7318105",1007467037,,,,,,"ft","inch",
1007467051,"7318106",1007467046,,,,,,"ft","inch",
1007467061,"7318107",1007467056,,,,,,"ft","inch",
1007467071,"7318108",1007467066,,,,,,"ft","inch",
1007467142,"7318110",1007467137,,,,,,"ft","inch",
1007467317,"7318116",1007467312,,,,,,"ft","inch",
1007467371,"7318120",1007467366,,,,,,"ft","inch",
1007467800,"7318131",1007467795,,,,,,"ft","inch",
1007456870,"7318211",1007456864,1,"10",,,"5","m","cm",6.03
1007456891,"7318212",1007456883,1,"10",4.27,7.32,"5","m","cm",6.03
1007456908,"7318213",1007456901,1,"10",1.50,4.57,"5","m","cm",6.03
1007456923,"7318214",1007456917,1,"10",1.50,4.57,"5","m","cm",6.03
1007456936,"7318215",1007456929,1,"10",1.50,4.57,"5","m","cm",6.03
1007456954,"7318216",1007456948,1,"10",1.50,4.57,"5","m","cm",6.03
1007456968,"7318217",1007456963,1,,,,"5","m","cm",6.03
1007457042,"7318222",1007457034,1,"10",9.00,14.00,"5","ft","inch",1.66
1007457112,"7318227",1007457104,1,"10",6.00,16.00,"5","ft","inch",1.90
1007457127,"7318228",1007457119,1,"10",6.00,16.00,"5","ft","inch",1.90
1007457142,"7318229",1007457134,1,"10",6.00,16.00,"5","ft","inch",1.90
1007457166,"7318230",1007457158,1,"10",6.00,16.00,"5","ft","inch",1.90
1007457218,"7318233",1007457210,1,"10",6.00,16.00,"5","ft","inch",1.90
1007469648,"7318244",1007469640,1,"8",21.00,25.00,"1","ft","inch",5.50
1007469676,"7318245",1007469668,1,"14",33.00,37.00,"8","ft","inch",5.50
1007469708,"7318246",1007469700,1,"12",20.00,24.00,"8","ft","inch",5.50
1007469739,"7318247",1007469731,1,"16",40.00,44.00,"8","ft","inch",5.50
1007470653,"7318265",1007470648,,,,,,"ft","inch",
1007952885,"7318266",1007948665,1,"14",28.00,33.70,"8","ft","inch",5.50
1007952886,"7318267",1007948666,1,"18",25.00,27.00,"8","ft","inch",5.50
1007457379,"7318279",1007457370,1,"10",2.79,5.89,"5","m","cm",6.03
1007457398,"7318280",1007457389,1,"10",4.65,7.75,"5","m","cm",6.03
1007457448,"7318281",1007457441,1,"10",0.93,3.10,"5","m","cm",6.03
1007457471,"7318282",1007457464,1,"10",0.93,3.10,"5","m","cm",6.03
1007457488,"7318283",1007457481,1,"10",1.50,4.57,"5","m","cm",4.82
1007457505,"7318284",1007457498,1,"10",3.10,6.10,"5","m","cm",4.82
1007457522,"7318285",1007457515,1,"10",4.57,7.62,"5","m","cm",4.82
1007457551,"7318286",1007457544,1,"10",0.93,3.10,"5","m","cm",6.03
1007457587,"7318287",1007457580,1,"10",0.93,3.10,"5","m","cm",6.03
1007457735,"7318334",1007457726,1,"10",15.00,20.00,"5","ft","inch",2.10
1007457766,"7318335",1007457759,1,"10",5.00,15.00,"5","ft","inch",2.10
1007457779,"7318336",1007457772,1,"10",5.00,15.00,"5","ft","inch",2.10
1007457798,"7318337",1007457788,1,"10",15.00,20.00,"5","ft","inch",2.10
1007458082,"7318348",1007458075,1,"10",1.55,4.65,"5","m","cm",4.82
1007458101,"7318349",1007458095,1,"10",1.55,3.10,"5","m","cm",4.82
1007458115,"7318350",1007458108,1,"10",1.55,3.10,"5","m","cm",4.82
1007458138,"7318351",1007458131,1,"10",1.55,3.10,"5","m","cm",4.82
1007458158,"7318352",1007458151,1,"10",1.22,4.27,"5","m","cm",4.82
1007458177,"7318353",1007458171,1,"10",2.48,5.58,"5","m","cm",6.03
1007458208,"7318354",1007458202,1,"10",2.79,5.80,"5","m","cm",6.03
1007458221,"7318355",1007458215,1,"10",1.55,4.65,"5","m","cm",6.03
1007458243,"7318356",1007458237,1,"10",1.24,4.34,"5","m","cm",6.03
1007458265,"7318357",1007458256,1,"10",3.10,6.20,"5","m","cm",6.03
1007458298,"7318358",1007458293,1,"10",,,"5","m","cm",4.50
1007458314,"7318359",1007458309,1,"10",,,"5","m","cm",4.82
1007458324,"7318360",1007458319,1,,,,"5","m","cm",6.03
1007458339,"7318361",1007458332,1,"10",1.50,4.50,"5","m","cm",4.82
1007458356,"7318362",1007458349,1,"10",1.50,4.50,"5","m","cm",4.82
1007458372,"7318363",1007458366,1,"10",1.50,3.10,"5","m","cm",4.82
1007458518,"7318367",1007458513,,,,,,"ft","inch",
1007458530,"7318368",1007458525,,,,,,"ft","inch",
1007458542,"7318369",1007458537,,,,,,"ft","inch",
1007458554,"7318370",1007458549,,,,,,"ft","inch",
1007458566,"7318371",1007458561,,,,,,"ft","inch",
1007458581,"7318372",1007458576,,,,,,"ft","inch",
1007458593,"7318373",1007458588,,,,,,"ft","inch",
1007458611,"7318374",1007458606,,,,,,"ft","inch",
1007458623,"7318375",1007458618,,,,,,"ft","inch",
1007458635,"7318376",1007458630,,,,,,"ft","inch",
1007458648,"7318377",1007458643,,,,,,"ft","inch",
1007459031,"7318395",1007459022,1,"10",2.13,3.96,"5","m","cm",4.82
1007459047,"7318396",1007459038,1,"10",3.10,4.37,"5","m","cm",4.82
1007459060,"7318397",1007459054,1,"10",10.00,20.00,"5","ft","inch",1.66
1007459074,"7318398",1007459067,1,"10",10.00,20.00,"5","ft","inch",1.66
1007459088,"7318399",1007459081,1,"10",8.37,11.47,"5","m","cm",6.03
1007459108,"7318400",1007459101,1,"10",9.61,13.81,"5","m","cm",6.03
1007459122,"7318401",1007459115,1,"10",3.10,6.10,"5","m","cm",4.82
1007459157,"7318402",1007459150,1,"10",5.00,15.00,"5","ft","inch",1.66
1007459176,"7318403",1007459170,1,"10",4.00,12.00,"5","ft","inch",1.90
1007459192,"7318404",1007459186,1,"10",7.00,12.00,"5","ft","inch",1.90
1007459217,"7318405",1007459211,1,"10",3.10,6.20,"5","m","cm",6.03
1007459234,"7318406",1007459227,1,"10",3.10,6.00,"5","m","cm",6.03
1007459263,"7318407",1007459256,1,"10",3.10,6.20,"5","m","cm",6.03
1007459339,"7318412",1007459332,1,"10",1.55,4.65,"5","m","cm",6.03
1007459353,"7318413",1007459346,1,"10",1.55,4.65,"5","m","cm",6.03
1007459367,"7318414",1007459360,1,"10",1.55,4.60,"5","m","cm",6.03
1007459381,"7318415",1007459374,1,"10",1.55,4.65,"5","m","cm",6.03
1007486881,"7318939",1007486871,,,,,,"m","cm",
1007486977,"7318943",1007486965,,,,,,"m","cm",
1007487222,"7318945",1007487214,,,,,,"m","cm",
1007487254,"7318947",1007487245,,,,,,"m","cm",
1007495199,"7319236",1007495190,,,,,,"ft","inch",
1007518540,"7319245",1007518535,,,,,,"ft","inch",
1007535070,"7319273",1007535065,1,,3.00,6.00,"5","ft","inch",2.00
1007537103,"7319941",1007537098,,,,,,"ft","inch",
1007537521,"7319950",1007537516,,,,,,"m","cm",
1007537592,"7319951",1007537580,,,,,,"m","cm",
1007537748,"7319957",1007537742,,,,,,"m","cm",
1007352419,"7319978",1007352413,1,"10",10.00,20.00,"5","ft","inch",1.66
1007352431,"7319979",1007352424,1,"12",1.55,3.10,"5","m","cm",4.82
1007536361,"7320092",1007536352,,,,,,"ft","inch",
1007536458,"7320093",1007536447,,,,,,"ft","inch",
1007536756,"7320095",1007536744,,,,,,"ft","inch",
1007536840,"7320096",1007536832,,,,,,"ft","inch",
1007536939,"7320098",1007536933,,,,,,"ft","inch",
1007543680,"7320156",1007543671,,,,,,"ft","inch",
1007550762,"7320226",1007550752,,,,,,"ft","inch",
1007552819,"7320251",1007552814,,,,,,"ft","inch",
1007552842,"7320252",1007552837,,,,,,"ft","inch",
1007552860,"7320253",1007552855,,,,,,"ft","inch",
1007538114,"7320411",1007538106,,,,,,"m","cm",
1007565967,"7320858",1007565956,,,,,,"m","cm",
1007566020,"7320860",1007566009,,,,,,"m","cm",
1007579212,"7321065",1007579207,,,,,,"ft","inch",
1007579222,"7321066",1007579217,,,,,,"ft","inch",
1007579249,"7321069",1007579244,,,,,,"ft","inch",
1007579456,"7321074",1007579451,,,,,,"ft","inch",
1007579465,"7321075",1007579460,,,,,,"ft","inch",
1007579480,"7321076",1007579469,,,,,,"ft","inch",
1007579528,"7321077",1007579518,,,,,,"ft","inch",
1007579577,"7321078",1007579568,,,,,,"ft","inch",
1007579677,"7321082",1007579666,,,,,,"ft","inch",
1007579717,"7321083",1007579708,,,,,,"ft","inch",
1007581127,"7321131",1007581116,,,,,,"ft","inch",
1007581329,"7321135",1007581318,,,,,,"ft","inch",
1007581457,"7321139",1007581446,,,,,,"ft","inch",
1007581498,"7321140",1007581488,,,,,,"ft","inch",
1007581560,"7321144",1007581550,,,,,,"ft","inch",
1007581642,"7321146",1007581632,,,,,,"ft","inch",
1007581805,"7321150",1007581795,,,,,,"ft","inch",
1007581970,"7321154",1007581959,,,,,,"ft","inch",
1007582012,"7321155",1007582001,,,,,,"ft","inch",
1007582053,"7321156",1007582043,,,,,,"ft","inch",
1007582135,"7321158",1007582124,,,,,,"ft","inch",
1007582177,"7321159",1007582166,,,,,,"ft","inch",
1007552363,"7321416",1007552355,1,"14",20.00,24.00,"8","ft","inch",5.50
1007568697,"7321553",1007568690,1,"10",3.10,6.10,"5","m","cm",6.03
1007568709,"7321554",1007568704,,,,,,"ft","inch",
1007568746,"7321557",1007568739,1,"10",3.10,6.10,"5","m","cm",6.03
1007568759,"7321558",1007568753,1,"10",5.00,15.00,"5","ft","inch",1.66
1007568773,"7321559",1007568766,1,"10",5.00,15.00,"5","ft","inch",1.31
1007568800,"7321561",1007568794,1,"10",1.50,4.57,"5","m","cm",4.82
1007568812,"7321562",1007568806,1,"10",1.50,4.57,"5","m","cm",4.82
1007568825,"7321563",1007568819,1,"10",1.50,4.57,"5","m","cm",4.82
1007570169,"7321596",1007570162,1,"10",3.10,6.10,"5","m","cm",4.82
1007570192,"7321597",1007570185,1,"10",3.10,6.10,"5","m","cm",4.82
1007570649,"7321621",1007570644,,,,,,"m","cm",
1007570657,"7321622",1007570652,,,,,,"m","cm",
1007570665,"7321623",1007570660,,,,,,"m","cm",
1007570673,"7321624",1007570668,,,,,,"m","cm",
1007570681,"7321625",1007570676,,,,,,"m","cm",
1007570691,"7321626",1007570686,,,,,,"m","cm",
1007570712,"7321627",1007570706,1,"10",1.50,4.57,"5","m","cm",4.82
1007570800,"7321631",1007570793,1,"10",1.52,4.57,"5","m","cm",4.82
1007570914,"7321639",1007570908,1,"10",3.10,6.10,"5","m","cm",4.82
1007570927,"7321640",1007570920,1,"10",3.66,6.60,"5","m","cm",4.82
1007570939,"7321641",1007570933,1,"10",1.50,4.57,"5","m","cm",4.82
1007570978,"7321642",1007570972,1,"10",1.50,3.10,"5","m","cm",4.82
1007570988,"7321643",1007570982,1,"10",1.50,4.57,"5","m","cm",4.82
1007571001,"7321644",1007570994,1,"10",3.72,6.90,"5","m","cm",4.82
1007571014,"7321645",1007571007,1,"10",6.00,16.00,"5","ft","inch",1.66
1007605386,"7321808",1007605374,,,,,,"ft","inch",
1007605467,"7321810",1007605460,,,,,,"ft","inch",
1007624211,"7322056",1007624199,,,,,,"ft","inch",
1007624329,"7322057",1007624324,,,,,,"ft","inch",
1007624555,"7322061",1007624545,,,,,,"ft","inch",
1007630026,"7322075",1007630021,,,,,,"ft","inch",
1007646452,"7322192",1007646447,,,,,,"ft","inch",
1007633228,"7322539",1007633219,,,,,,"m","cm",
1007633315,"7322542",1007633306,,,,,,"m","cm",
1007633548,"7322545",1007633540,,,,,,"m","cm",
1007635749,"7322574",1007635739,,,,,,"m","cm",
1007635818,"7322575",1007635807,,,,,,"m","cm",
1007593074,"7322626",1007593064,1,".10",2.29,5.33,"5","m","cm",6.03
1007593109,"7322627",1007593099,1,".10",2.74,,"5","m","cm",6.03
1007595694,"7322672",1007595685,,,,,,"ft","inch",
1007595751,"7322673",1007595741,,,,,,"ft","inch",
1007595815,"7322674",1007595804,,,,,,"ft","inch",
1007648664,"7323014",1007648654,,,,,,"m","cm",
1007648706,"7323015",1007648694,,,,,,"m","cm",
1007648785,"7323016",1007648776,1,,,,,"ft","inch",
1007678898,"7323047",1007678893,,,,,,"ft","inch",
1007652121,"7323319",1007652116,,,,,,"ft","inch",
1007652129,"7323320",1007652124,,,,,,"ft","inch",
1007652137,"7323321",1007652132,,,,,,"ft","inch",
1007652145,"7323322",1007652140,,,,,,"ft","inch",
1007652153,"7323323",1007652148,,,,,,"ft","inch",
1007712147,"7324337",1007712137,,,,,,"m","cm",
1007688774,"7324848",1007688765,1,,,,"7","ft","inch",
1007708943,"7324974",1007708938,,,,,,"m","cm",
1007704611,"7325332",1007703916,1,"10",3.66,6.71,"5","ft","inch",6.03
1007704612,"7325333",1007703917,1,"10",3.66,6.11,"5","m","cm",6.03
1007704617,"7325338",1007703922,1,"10",7.62,9.14,"5","m","cm",6.03
1007714440,"7325406",1007713342,1,"10",6.00,16.00,"5","ft","inch",1.66
1007714441,"7325407",1007713343,1,"10",6.00,16.00,"5","ft","inch",1.66
1007514835,"7325490",1007514823,,,,,,"m","cm",
1007693589,"7325494",1007693580,,,,,,"m","cm",
1007693716,"7325496",1007693706,,,,,,"m","cm",
1007532971,"7326058",1007532962,,,,,,"m","cm",
1007506555,"7326125",1007506546,,,,,,"ft","inch",
1007506568,"7326126",1007506559,,,,,,"ft","inch",
1007511043,"7326158",1007511037,1,"10",10.00,20.00,"5","ft","inch",2.25
1007511181,"7326161",1007511175,1,"6",21.00,25.00,"8","ft","inch",2.00
1007516131,"7326196",1007516120,,,,,,"ft","inch",
1007714457,"7326558",1007713358,1,"10",9.50,18.50,"5","ft","inch",1.66
1007714458,"7326559",1007713359,1,"10",9.50,18.50,"5","ft","inch",1.66
1007714459,"7326560",1007713360,1,"10",4.00,8.50,"5","ft","inch",1.90
1007714460,"7326561",1007713361,1,"10",12.50,16.50,"5","ft","inch",1.66
1007714461,"7326562",1007713362,1,"10",11.00,16.50,"5","ft","inch",1.66
1007714462,"7326563",1007713363,1,"10",11.00,18.00,"5","ft","inch",1.66
1007714463,"7326564",1007713364,1,"10",11.00,18.00,"5","ft","inch",1.66
1007714464,"7326565",1007713365,1,"10",11.00,17.50,"5","ft","inch",1.66
1007714484,"7326589",1007713388,1,"10",12.00,16.50,"5","ft","inch",1.66
1007714485,"7326590",1007713389,1,"10",4.00,8.50,"5","ft","inch",1.90
1007714486,"7326591",1007713390,1,"10",11.50,16.50,"5","ft","inch",1.66
1007714487,"7326592",1007713391,1,"10",10.00,14.50,"5","ft","inch",1.66
1007714488,"7326593",1007713392,1,"10",3.50,6.50,"5","ft","inch",1.90
1007714489,"7326594",1007713393,1,"10",9.00,16.00,"5","ft","inch",1.66
1007723985,"7326714",1007723534,1,"10",5.49,7.00,"5","m","cm",6.03
1007723986,"7326715",1007723535,1,"10",5.49,7.01,"5","m","cm",6.30
1007723987,"7326716",1007723536,1,"10",0.91,3.96,"5","m","cm",6.03
1007723992,"7326721",1007723541,1,"10",11.00,15.00,"5","ft","inch",1.66
1007618326,"7327753",1007618315,,,,,,"ft","inch",
1007621973,"7327769",1007621964,,,,,,"m","cm",
1007622008,"7327770",1007622003,1,,,,,"m","cm",
1007622083,"7327772",1007622072,,,,,,"m","cm",
1007629669,"7327873",1007629657,,,,,,"ft","inch",
1007629711,"7327874",1007629700,,,,,,"ft","inch",
1007629881,"7327878",1007629871,,,,,,"ft","inch",
1007632400,"7328001",1007632394,1,"10",4.57,7.62,"5","m","cm",6.03
1007632413,"7328002",1007632407,1,"10",4.57,7.62,"5","m","cm",6.03
1007632468,"7328003",1007632461,1,"10",1.52,4.57,"5","m","cm",6.03
1007632482,"7328004",1007632475,1,"10",2.13,5.18,"5","m","cm",6.03
1007632509,"7328005",1007632500,1,"10",4.57,7.62,"5","m","cm",4.82
1007632561,"7328006",1007632553,1,"10",4.57,7.62,"5","m","cm",4.82
1007632576,"7328007",1007632568,1,"10",3.00,13.00,"5","ft","inch",1.90
1007632605,"7328009",1007632597,1,"10",3.96,5.49,"5","m","cm",6.03
1007632618,"7328010",1007632612,1,"10",1.52,3.10,"5","m","cm",6.03
1007632631,"7328011",1007632625,1,"10",1.52,4.57,"5","m","cm",6.03
1007632645,"7328012",1007632638,1,"10",1.52,3.10,"5","m","cm",6.03
1007632658,"7328013",1007632652,1,"10",1.52,3.10,"5","m","cm",6.03
1007632673,"7328014",1007632665,1,"10",3.10,6.10,"5","m","cm",4.82
1007632688,"7328015",1007632680,1,"10",4.57,7.62,"5","m","cm",4.82
1007632703,"7328016",1007632695,1,"10",4.57,7.62,"5","m","cm",4.82
1007664308,"7328450",1007664301,1,"10",3.41,4.96,"5","m","cm",6.03
1007664322,"7328451",1007664315,1,"10",2.17,3.72,"5","m","cm",6.03
1007664336,"7328452",1007664329,1,"10",3.72,4.03,"5","m","cm",6.03
1007665596,"7328478",1007665591,1,,,,"5","m","cm",6.03
1007668898,"7328498",1007668890,1,"10",3.96,7.01,"5","m","cm",6.03
1007668956,"7328499",1007668948,1,"10",3.96,7.01,"5","m","cm",6.03
1007668974,"7328500",1007668966,1,"10",3.96,7.01,"5","m","cm",6.03
1007668992,"7328501",1007668984,1,"10",3.96,7.01,"5","m","cm",6.03
1007669031,"7328502",1007669023,1,"10",3.96,7.01,"5","m","cm",6.03
1007669111,"7328503",1007669101,1,"10",15.24,18.29,"5","m","cm",6.03
1007669189,"7328504",1007669181,1,"10",7.32,10.36,"5","m","cm",6.03
1007670007,"7328522",1007669999,1,"10",7.62,10.67,"5","m","cm",6.03
1007670022,"7328523",1007670014,1,"10",7.32,10.36,"5","m","cm",6.03
1007670037,"7328524",1007670029,1,"10",3.96,7.01,"5","m","cm",6.03
1007670105,"7328525",1007670097,1,"10",3.96,7.01,"5","m","cm",6.03
1007670140,"7328526",1007670132,1,"10",3.10,6.20,"5","m","cm",6.03
1007670164,"7328527",1007670156,1,"10",3.10,6.20,"5","m","cm",6.03
1007670217,"7328529",1007670209,1,"10",3.66,6.71,"5","ft","inch",6.03
1007670261,"7328532",1007670253,1,"10",3.72,6.82,"5","m","cm",
1007636544,"7328552",1007636536,1,"10",8.23,11.28,"5","m","cm",6.03
1007636558,"7328553",1007636551,1,"10",3.96,7.01,"5","m","cm",6.03
1007637441,"7328570",1007637433,1,"10",3.96,7.01,"5","m","cm",6.03
1007637485,"7328571",1007637477,1,"10",7.01,10.06,"5","m","cm",6.03
1007637497,"7328572",1007637490,1,"10",3.96,7.01,"5","m","cm",6.03
1007637681,"7328577",1007637674,1,"10",3.10,6.20,"5","m","cm",6.03
1007637934,"7328581",1007637927,1,"10",9.10,12.10,"5","m","cm",6.03
1007702751,"7328582",1007701893,1,"10",4.57,7.62,"5","ft","inch",6.03
1007702752,"7328583",1007701894,1,"10",7.30,10.30,"5","ft","inch",6.03
1007702753,"7328585",1007701930,1,"10",8.08,11.13,"5","m","cm",6.03
1007702754,"7328586",1007701896,1,"10",9.00,12.00,"5","m","cm",6.03
1007702755,"7328587",1007701897,1,"10",3.96,7.01,"5","m","cm",6.03
1007702709,"7328591",1007701900,1,"10",7.80,11.00,"5","m","cm",6.03
1007702711,"7328598",1007701905,1,"10",4.88,8.50,"5","m","cm",6.03
1007702757,"7328605",1007701911,1,"10",3.00,10.50,"5","ft","inch",1.90
1007702758,"7328606",1007701912,1,"10",1.54,4.57,"5","m","cm",6.03
1007702759,"7328607",1007701913,1,"10",1.54,4.57,"5","m","cm",6.03
1007702760,"7328608",1007701891,1,"10",1.54,4.57,"5","m","cm",6.03
1007702761,"7328609",1007701928,1,"10",1.54,4.57,"5","m","cm",6.03
1007702762,"7328610",1007701914,1,"10",1.54,4.57,"5","m","cm",6.03
1007702763,"7328611",1007701915,1,"10",4.57,7.62,"5","m","cm",4.82
1007702764,"7328612",1007701916,1,"10",4.57,7.62,"5","m","cm",4.82
1007702765,"7328613",1007701917,1,"3.6",4.57,7.62,"5","m","cm",4.82
1007702723,"7328619",1007701870,1,"10",2.90,5.94,"5","m","cm",6.03
1007702724,"7328620",1007701871,1,"10",2.90,5.94,"5","m","cm",6.05
1007702725,"7328621",1007701872,1,"10",2.59,5.64,"5","m","cm",6.03
1007702726,"7328622",1007701873,1,"10",2.59,5.64,"5","m","cm",6.03
1007702766,"7328623",1007701874,1,"10",,,"5",,"cm",6.03
1007702767,"7328624",1007701875,1,,,,"5",,"cm",6.03
1007702734,"7328632",1007701883,1,"10",4.27,7.30,"5","m","cm",6.03
1007702730,"7328635",1007701885,1,"10",2.44,5.49,"5","m","cm",6.03
1007735952,"7329232",1007735939,1,"1",0.00,3.00,"5","m","cm",32.00
1007735968,"7329233",1007735956,1,"1",0.00,3.00,"5","m","cm",32.00
1007803970,"7329941",1007798850,1,"10",29.00,39.00,"5","ft","inch",2.25
1007803972,"7329942",1007798851,1,"10",13.00,23.00,"5","ft","inch",2.25
1007803976,"7329943",1007798852,1,"10",29.00,39.00,"5","ft","inch",2.25
1007803978,"7329944",1007798853,1,"10",15.00,25.00,"5","ft","inch",2.25
1007803979,"7329945",1007798854,1,"10",28.00,38.00,"5","ft","inch",2.25
1007519600,"7330092",1007519595,,,,,,"ft","inch",
1007814145,"7330437",1007809735,1,"10",20.00,30.00,"5","ft",,
1007526001,"7330701",1007525996,,,,,,"ft","inch",
1007838744,"7331223",1007834400,1,"10",11.00,16.00,"5","ft","cm",6.00
1007838743,"7331224",1007834401,1,"10",10.00,15.00,"5","ft","inch",6.00
1007838745,"7331225",1007834402,1,"10",10.41,15.41,"5","ft","inch",5.20
1007524489,"7331299",1007524483,,,,,,"m","cm",
1007893099,"7331453",1007888164,1,,,,,,"inch",
1007893100,"7331455",1007888166,1,,,,,,"inch",
1007893101,"7331462",1007888173,1,,,,,,"inch",
1007820897,"7332182",1007820885,,,,,,"ft","inch",
1007821058,"7332187",1007821048,,,,,,"ft","inch",
1007772836,"7332478",1007772831,,,,,,"ft","inch",
1007772885,"7332479",1007772880,,,,,,"ft","inch",
1007805328,"7332596",1007805318,,,,,,"ft","inch",
1007808787,"7333815",1007805952,1,"10",4.65,7.75,"5","m","cm",6.03
1007814293,"7333857",1007809958,1,"10",6.50,11.00,"5","m","cm",6.03
1007814294,"7333858",1007809959,1,"10",3.50,8.10,"5","ft","inch",6.03
1007814295,"7333859",1007809960,1,"10",6.50,11.00,"5","ft","inch",6.03
1007814296,"7333860",1007809961,1,"10",7.13,10.00,"5","m","cm",6.03
1007814297,"7333861",1007809962,1,"10",1.22,4.27,"5","m","cm",6.03
1007814298,"7333862",1007809963,1,"10",6.30,9.80,"5","m","cm",6.03
1007814299,"7333863",1007809964,1,"10",1.24,4.03,"5","m","cm",6.03
1007814300,"7333864",1007809965,1,"10",1.24,4.03,"5","m","cm",6.03
1007814301,"7333865",1007809966,1,"70",1.24,4.03,"5","m","cm",6.03
1007814302,"7333866",1007809967,1,"10",1.08,4.18,"5","m","cm",6.03
1007814303,"7333867",1007809968,1,"10",4.65,7.75,"5","m","cm",6.03
1007814304,"7333868",1007809969,1,"10",4.65,7.75,"5","m","cm",6.03
1007814305,"7333869",1007809970,1,"10",3.72,6.82,"5","m","cm",6.03
1007814306,"7333870",1007809971,1,"10",1.24,2.79,"5","m","cm",6.03
1007814307,"7333871",1007809972,1,"10",1.55,4.65,"5","m","cm",6.03
1007966475,"7333875",1007961918,1,"10",3.10,6.10,"5","ft","inch",4.82
1007814318,"7333883",1007809983,1,"10",1.22,3.96,"5","m","cm",6.03
1007814319,"7333884",1007809984,1,"10",1.22,4.27,"5","m","cm",6.03
1007814320,"7333885",1007809985,1,"10",1.50,4.57,"5","m","cm",6.03
1007814321,"7333886",1007809986,1,"10",2.48,5.58,"5","m","cm",4.82
1007814322,"7333887",1007809987,1,"10",2.17,5.27,"5","m","cm",4.82
1007814323,"7333888",1007809988,1,"10",1.47,4.57,"5","m","cm",4.82
1007814324,"7333889",1007809989,1,"10",2.17,5.27,"5","m","cm",6.03
1007814346,"7333911",1007810011,1,"10",3.10,6.10,"5","m","cm",4.82
1007814347,"7333912",1007810012,1,"10",3.10,6.10,"5","m","cm",4.82
1007814348,"7333913",1007810013,1,"10",3.10,6.10,"5","m","cm",4.82
1007814418,"7333990",1007810090,1,"10",5.49,8.53,"5","m","cm",4.82
1007814419,"7333991",1007810091,1,"10",3.10,6.10,"5","m","cm",6.03
1007814420,"7333992",1007810092,1,"10",3.10,6.10,"5","m","cm",6.03
1007814421,"7333993",1007810093,1,"10",3.10,6.10,"5","m","cm",6.03
1007814422,"7333994",1007810094,1,"10",3.96,7.01,"5","m","cm",6.03
1007814423,"7333995",1007810095,1,"10",3.96,7.01,"5","m","cm",6.03
1007896390,"7334260",1007896385,,,,,,"ft","inch",
1007896492,"7334266",1007896486,1,".10",10.00,20.00,"5","ft","inch",2.25
1007896988,"7334280",1007896983,1,"10",15.00,25.00,"5","ft","inch",2.30
1007814444,"7334675",1007810122,1,"10",4.00,14.00,"5","ft","inch",1.66
1007814445,"7334676",1007810123,1,"10",1.52,3.10,"5","m","cm",6.05
1007814446,"7334677",1007810124,1,"10",1.52,3.10,"5","m","cm",6.03
1007814447,"7334678",1007810125,1,"10",1.52,3.10,"5","m","cm",6.03
1007814448,"7334679",1007810126,1,"10",1.52,3.10,"5","m","cm",6.03
1007814450,"7334681",1007810128,1,"10",3.10,6.10,"5","m","cm",6.03
1007901376,"7334682",1007897539,1,"10",3.10,6.10,"5","m","cm",6.03
1007814451,"7334683",1007810129,1,"10",3.10,6.10,"5","m","cm",6.03
1007814452,"7334684",1007810130,1,"10",3.10,6.10,"5","m","cm",6.03
1007814453,"7334685",1007810131,1,"10",1.50,4.57,"5","m","cm",6.03
1007814454,"7334686",1007810132,1,"10",1.22,4.27,"5","m","cm",1.03
1007814455,"7334687",1007810133,1,"10",8.00,18.00,"5","ft","inch",2.37
1007814456,"7334688",1007810134,1,"10",2.00,12.00,"5","ft","inch",2.57
1007814469,"7334702",1007810148,1,"10",5.00,15.00,"5","ft","inch",2.37
1007814487,"7334720",1007810166,1,"10",3.00,13.00,"5","ft","inch",1.66
1007814488,"7334721",1007810167,1,"10",1.50,4.57,"5","m","cm",4.82
1007814489,"7334722",1007810168,1,"10",1.50,4.57,"5","m","cm",4.12
1007814490,"7334723",1007810169,1,"10",1.50,4.57,"5","m","cm",4.82
1007814491,"7334724",1007810170,1,"10",1.50,4.57,"5","m","cm",4.82
1007814492,"7334725",1007810171,1,"10",1.22,4.27,"5","m","cm",4.82
1007814493,"7334726",1007810172,1,"10",1.50,4.57,"5","m","cm",4.82
1007814510,"7334744",1007810189,1,"10",6.00,16.00,"5","ft","inch",1.66
1007828968,"7334745",1007822305,1,"10",6.00,16.00,"5","ft","inch",1.66
1007828969,"7334746",1007822306,1,"10",1.50,4.57,"5","m","cm",4.82
1007828970,"7334747",1007822307,1,"10",1.50,4.57,"5","m","cm",4.82
1007828971,"7334748",1007822308,1,"10",1.50,4.57,"5","m","cm",4.82
1007828972,"7334749",1007822309,1,"10",1.50,4.57,"5","m","cm",4.82
1007828973,"7334750",1007822310,1,"10",2.74,5.79,"5","m","cm",4.82
1007828975,"7334751",1007822311,1,"10",3.10,6.10,"5","m","cm",4.82
1007828979,"7334756",1007822316,1,"10",25.00,12.50,"5","ft","inch",1.66
1007828981,"7334757",1007822317,1,"10",7.00,15.00,"5","ft","inch",1.86
1007828982,"7334758",1007822318,1,"10",1.55,4.65,"5","m","cm",6.03
1007828984,"7334759",1007822319,1,"10",3.10,6.20,"5","m","cm",6.03
1007828986,"7334760",1007822320,1,"10",3.10,6.20,"5","m","cm",6.03
1007828987,"7334762",1007822321,1,"10",6.00,16.00,"5","ft","inch",1.66
1007828989,"7334763",1007822322,1,"10",8.00,18.00,"5","ft","inch",1.66
1007828992,"7334764",1007822323,1,"10",,7.62,"5","m","cm",6.03
1007828994,"7334765",1007822324,1,"10",4.57,7.62,"5","m","cm",6.03
1007828996,"7334766",1007822325,1,"10",4.57,7.62,"5","m","cm",6.03
1007828998,"7334767",1007822326,1,"10",4.57,7.62,"5","m","cm",6.03
1007828999,"7334768",1007822327,1,"10",4.57,7.62,"5","m","cm",6.03
1007829000,"7334769",1007822328,1,"10",3.00,13.00,"5","ft","inch",2.37
1007829002,"7334770",1007822329,1,"10",5.00,15.00,"5","ft","inch",2.37
1007829003,"7334771",1007822330,1,"10",5.00,15.00,"5","ft","inch",1.90
1007829004,"7334772",1007822331,1,"10",5.00,15.00,"5","ft","inch",1.90
1007829005,"7334773",1007822332,1,"10",3.00,13.00,"5","ft","inch",1.90
1007829019,"7334788",1007822346,1,"10",3.10,6.10,"5","m","cm",6.03
1007829020,"7334789",1007822347,1,"10",3.10,6.10,"5","m","cm",6.03
1007829021,"7334790",1007822348,1,"10",3.10,6.10,"5","m","cm",6.03
1007829036,"7334803",1007822361,1,"10",1.52,4.52,"5","m","cm",4.82
1007829039,"7334804",1007822362,1,"10",1.52,4.52,"5","m","cm",4.82
1007829040,"7334805",1007822363,1,"10",7.21,4.26,"5","m","cm",4.82
1007829041,"7334806",1007822364,1,"10",1.52,4.52,"5","m","cm",4.82
1007829042,"7334807",1007822365,1,"10",4.00,14.00,"5","ft","inch",2.37
1007829043,"7334808",1007822366,1,"10",4.00,14.00,"5","ft","inch",2.37
1007829047,"7334809",1007822367,1,"10",10.67,13.72,"5","m","cm",6.03
1007829049,"7334810",1007822368,1,"10",10.67,13.72,"5","m","cm",6.03
1007829054,"7334815",1007822373,1,"10",6.00,16.00,"5","ft","inch",1.31
1007829055,"7334816",1007822374,1,"10",6.00,16.00,"5","ft","inch",1.31
1007829056,"7334817",1007822375,1,"10",1.22,4.27,"5","m","cm",1.03
1007829057,"7334818",1007822376,1,"10",1.50,4.57,"5","m","cm",6.03
1007829058,"7334819",1007822377,1,"10",3.35,6.40,"5","m","cm",6.03
1007829067,"7335205",1007822385,1,"10",6.70,9.75,"5","m","cm",6.03
1007829068,"7335206",1007822386,1,"10",4.57,7.62,"5","m","cm",6.03
1007829069,"7335207",1007822387,1,"10",6.70,9.75,"5","m","cm",6.03
1007829070,"7335208",1007822388,1,"10",3.41,13.41,"5","ft","inch",1.66
1007829071,"7335209",1007822389,1,"10",1.52,4.57,"5","m","cm",4.82
1007829072,"7335210",1007822390,1,"10",2.74,5.79,"5","m","cm",4.82
1007829073,"7335211",1007822391,1,"10",6.10,9.14,"5","m","cm",4.82
1007829077,"7335215",1007822395,1,"10",4.41,14.41,"5","ft","inch",1.66
1007829078,"7335216",1007822396,1,"10",7.00,12.00,"5","ft","inch",1.38
1007829081,"7335219",1007822399,1,"10",,4.57,"5","m","cm",4.82
1007829082,"7335220",1007822400,1,"10",4.11,7.16,"5","m","cm",4.82
1007829102,"7335234",1007822414,1,"10",1.47,4.57,"5","m","cm",4.82
1007829104,"7335235",1007822415,1,"10",0.93,4.03,"5","m","cm",4.82
1007829105,"7335236",1007822416,1,".10",1.47,4.57,"5","m","cm",4.82
1007829108,"7335237",1007822417,1,"10",3.10,6.20,"5","m","cm",4.82
1007829110,"7335238",1007822418,1,"10",3.10,6.20,"5","m","cm",4.82
1007829112,"7335239",1007822419,1,"10",3.10,6.20,"5","m","cm",4.82
1007829114,"7335240",1007822420,1,"10",3.10,6.20,"5","m","cm",4.82
1007829141,"7335250",1007822430,1,"10",2.48,4.03,"5","m","cm",4.21
1007829144,"7335251",1007822431,1,"10",3.02,4.57,"5","m","cm",4.21
1007829146,"7335252",1007822432,1,"10",2.17,3.72,"5","m","cm",4.21
1007829149,"7335253",1007822433,1,"10",3.10,6.20,"5","m","cm",4.21
1007829151,"7335254",1007822434,1,"10",8.06,9.61,"5","m","cm",4.21
1007829153,"7335255",1007822435,1,"10",2.48,4.03,"5","m","cm",4.21
1007829156,"7335256",1007822436,1,"10",6.82,8.37,"5","m","cm",4.21
1007829158,"7335257",1007822437,1,"10",6.90,10.00,"5","m","cm",4.82
1007829163,"7335258",1007822438,1,"10",6.90,10.00,"5","m","cm",4.82
1007829164,"7335259",1007822439,1,"10",6.90,10.00,"5","m","cm",4.21
1007829166,"7335260",1007822440,1,"10",2.79,4.34,"5","m","cm",4.82
1007829169,"7335261",1007822441,1,"10",1.50,4.57,"5","m","cm",4.82
1007829170,"7335262",1007822442,1,"10",1.22,4.27,"5","m","cm",4.82
1007829172,"7335263",1007822443,1,"10",1.22,4.27,"5","m","cm",4.82
1007829259,"7335264",1007822444,1,"10",1.50,4.57,"5","m","cm",4.82
1007829263,"7335265",1007822445,1,"10",1.52,4.57,"5","m","cm",4.82
1007829265,"7335266",1007822446,1,"10",1.52,4.57,"5","m","cm",4.82
1007829268,"7335267",1007822447,1,"10",6.71,9.75,"5","m","cm",6.03
1007829272,"7335268",1007822448,1,"10",6.10,9.14,"5","m","cm",6.03
1007829276,"7335269",1007822449,1,"10",6.10,9.14,"5","m","cm",6.03
1007733553,"7335295",1007733545,1,"10",3.10,6.10,"5","m","cm",6.03
1007733568,"7335296",1007733560,1,"10",1.52,3.10,"5","m","cm",6.03
1007733583,"7335297",1007733575,1,"10",3.10,6.10,"5","m","cm",6.03
1007966550,"7335298",1007962264,1,"10",1.52,4.57,"5","m","cm",6.03
1007733598,"7335299",1007733590,1,"10",1.83,3.35,"5","m","cm",6.03
1007734245,"7335311",1007734236,1,"10",5.31,9.96,"5","m","cm",6.03
1007734266,"7335312",1007734258,1,"10",,4.65,"5","m","cm",6.03
1007734329,"7335313",1007734321,1,"10",2.17,,"5","m","cm",6.03
1007966564,"7335403",1007962323,1,"10",1.25,4.90,"5","m","cm",5.88
1007966565,"7335404",1007962324,1,"10",1.45,2.90,"5","m","cm",5.88
1007966570,"7335660",1007962335,1,"10",1.22,4.57,"5","m","cm",5.86
1007966571,"7335661",1007962336,1,"10",4.57,6.09,"5","m","cm",5.89
1007966572,"7335661",1007962336,2,"10",10.36,12.19,"5","m","cm",5.89
1007979629,"7335690",1007975033,1,"10",2.60,5.80,"5","m","cm",5.88
1007979657,"7335786",1007975113,1,"8",49.50,53.50,"8","ft","inch",5.50
1007979658,"7335788",1007975115,1,"8",46.50,50.50,"8","ft","inch",5.50
1007993884,"7336314",1007990644,1,".1",2.59,5.63,"5","m","cm",6.03
1007993885,"7336315",1007990645,1,"0.1",3.05,6.10,"5","m","cm",0.03
1007993890,"7336320",1007990650,1,"0.1",1.52,4.57,"5","m","cm",6.03
1007993891,"7336321",1007990651,1,".1",1.52,4.57,"5","m","cm",6.03
1007993892,"7336322",1007990652,1,"0.1",1.52,4.57,"5","m","cm",6.03
1007993893,"7336323",1007990653,1,"0.1",1.52,4.57,"5","m","cm",6.03
1007993852,"7336405",1007990340,1,,,,,,"inch",
1007993854,"7336413",1007990348,1,"10",1.10,3.56,"5","m","cm",5.88
1007993855,"7336414",1007990349,1,"10",1.35,3.48,"5","m","cm",5.88
1007993928,"7336491",1007990410,1,"10",1.66,4.83,"5","ft","inch",1.66
1007993929,"7336491",1007990410,2,,,,,,"inch",
1007993930,"7336492",1007990411,1,"10",1.66,4.66,"5","ft","inch",1.66
1007993931,"7336493",1007990412,1,"10",1.66,4.66,"5","ft","inch",1.66
1007993897,"7336495",1007990662,1,"10",1.66,4.66,"5","ft","inch",1.66
1007993862,"7336751",1007990576,1,,,,,,"inch",
1007993952,"7336841",1007990516,1,,,,,,"inch",
1008006132,"7337306",1008002440,1,,13.00,23.00,"5","ft","inch",2.00
1008018255,"7337483",1008014183,1,"10",2.43,5.10,"5","m","cm",4.82
1008018256,"7337484",1008014184,1,"10",1.80,4.80,"5","m","cm",4.82
1008018198,"7337489",1008014126,1,"10",3.35,4.88,"5","m","cm",4.82
1008018259,"7337490",1008014187,1,"10",1.50,4.57,"5","m","cm",6.03
1008018260,"7337491",1008014188,1,"10",1.50,4.57,"5","m","cm",6.03
1008018055,"7337492",1008013958,1,"10",1.50,4.57,"5","m","cm",6.03
1008018056,"7337493",1008013959,1,"10",1.50,4.57,"5","m","cm",6.03
1008018057,"7337494",1008013960,1,"10",1.50,4.57,"5","m","cm",6.03
1008018060,"7337497",1008013963,1,"10",6.00,16.00,"5","ft","inch",1.91
1008018061,"7337500",1008013964,1,"10",2.17,5.27,"5","m","cm",6.03
1008018062,"7337501",1008013965,1,"10",6.00,16.00,"5","ft","inch",1.66
1008018063,"7337502",1008013966,1,"10",2.17,5.27,"5","m","cm",6.03
1008018064,"7337503",1008013967,1,"10",2.17,5.27,"5","m","cm",6.03
1008018065,"7337504",1008013968,1,"10",1.24,5.27,"5","m","cm",6.03
1007862420,"7337583",1007856967,1,"10",5.00,15.00,"5","ft","inch",1.66
1007862422,"7337585",1007856969,1,"10",1.50,4.57,"5","m","cm",6.03
1007862423,"7337586",1007856970,1,"10",9.14,12.19,"5","m","cm",6.03
1007862424,"7337587",1007856971,1,"10",1.90,4.80,"5","m","cm",6.03
1007862425,"7337588",1007856972,1,"10",9.14,12.19,"5","m","cm",6.03
1007862433,"7337596",1007856980,1,"10",1.50,3.10,"5","m","cm",4.21
1007862434,"7337597",1007856981,1,"10",1.50,3.10,"5","m","cm",4.21
1007862435,"7337598",1007856982,1,"10",0.91,2.44,"5","m","cm",4.21
1007862450,"7337613",1007856997,1,"10",1.86,3.10,"5","m","cm",6.03
1007862451,"7337614",1007856998,1,"10",1.24,4.34,"5","m","cm",6.03
1007862452,"7337615",1007856999,1,"10",1.86,3.10,"5","m","cm",6.03
1007862453,"7337616",1007857000,1,"10",2.01,5.11,"5","m","cm",6.03
1007862454,"7337617",1007857001,1,"10",2.63,5.73,"5","m","cm",6.03
1007862455,"7337618",1007857002,1,"10",2.79,5.89,"5","m","cm",6.03
1007862456,"7337619",1007857003,1,"10",2.63,5.73,"5","m","cm",6.03
1007862457,"7337620",1007857004,1,"10",1.24,3.72,"5","m","cm",6.03
1007862464,"7337627",1007857011,1,"10",1.55,4.65,"5","m","cm",6.03
1007862465,"7337628",1007857012,1,"10",1.24,4.34,"5","m","cm",6.03
1007862466,"7337629",1007857013,1,"10",7.75,9.30,"5","m","cm",6.03
1007862467,"7337630",1007857014,1,"10",3.10,6.20,"5","m","cm",6.03
1007862468,"7337631",1007857015,1,"10",14.33,15.85,"5","m","cm",6.03
1007862469,"7337632",1007857016,1,"10",14.33,15.85,"5","m","cm",6.63
1007862470,"7337633",1007857017,1,"10",3.10,6.10,"5","m","cm",6.03
1007862471,"7337634",1007857018,1,"10",3.10,6.10,"5","m","cm",6.03
1007862472,"7337635",1007857019,1,"10",3.10,6.10,"5","m","cm",6.03
1007862473,"7337636",1007857020,1,"10",3.10,6.10,"5","m","cm",6.03
1007862474,"7337637",1007857021,1,"10",3.66,6.10,"5","m","cm",6.03
1007862475,"7337638",1007857022,1,"10",3.10,6.10,"5","m","cm",6.03
1007862476,"7337639",1007857023,1,"10",3.10,6.10,"5","m","cm",6.03
1007862494,"7337657",1007857041,1,"10",2.63,5.73,"5","m","cm",6.03
1007862495,"7337658",1007857042,1,"10",6.51,9.61,"5","m","cm",4.52
1007862504,"7337667",1007857051,1,"10",4.00,14.00,"5","ft","inch",1.66
1007869702,"7337682",1007864821,1,"10",1.50,4.57,"5","m","cm",6.03
1007869707,"7337683",1007864822,1,"10",1.50,4.57,"5","m","cm",6.03
1007979706,"7337684",1007975259,1,"10",1.50,4.57,"7","m","cm",6.03
1007869709,"7337685",1007864823,1,"10",1.50,4.57,"5","m","cm",6.03
1007869727,"7337691",1007864829,1,"10",2.79,5.89,"5","m","cm",6.03
1007869729,"7337692",1007864830,1,"10",3.10,6.20,"5","m","cm",6.03
1007869749,"7337700",1007864838,1,"10",3.00,8.00,"5","ft","inch",2.37
1007869756,"7337702",1007864840,1,"10",1.50,3.10,"5","m","cm",6.03
1007869757,"7337702",1007864840,2,"10",3.10,4.57,"5","m",,
1007869759,"7337703",1007864841,1,"10",7.00,10.00,"5","m","cm",6.03
1007869764,"7337704",1007864842,1,"10",9.00,12.00,"5","m","cm",6.03
1007869778,"7337709",1007864847,1,"10",2.94,6.04,"5","m","cm",4.82
1007869781,"7337710",1007864848,1,"10",2.79,5.89,"5","m","cm",4.82
1007869783,"7337711",1007864849,1,"10",1.55,4.65,"5","m","cm",6.03
1007869786,"7337712",1007864850,1,"10",2.79,5.89,"5","m","cm",6.03
1007869795,"7337717",1007864855,1,"10",2.01,5.11,"5","m","cm",6.03
1007869798,"7337718",1007864856,1,"10",2.01,5.11,"5","m","cm",6.03
1007869800,"7337719",1007864857,1,"10",1.83,4.87,"5","m","cm",6.03
1007869801,"7337720",1007864858,1,"10",1.83,4.87,"5","m","cm",6.03
1007869807,"7337721",1007864859,1,"10",1.55,4.65,"5","m","cm",6.03
1007869808,"7337722",1007864860,1,"10",1.55,4.65,"5","m","cm",6.03
1007869809,"7337723",1007864861,1,"10",1.55,4.65,"5","m","cm",6.03
1007869841,"7337728",1007864866,1,"10",2.79,5.89,"5","m","cm",4.82
1007869845,"7337729",1007864867,1,"10",2.79,5.89,"5","m","cm",4.82
1007869847,"7337730",1007864868,1,"10",2.79,5.89,"5","m","cm",4.82
1007869849,"7337731",1007864869,1,"10",1.86,4.46,"5","m","cm",4.82
1007869853,"7337732",1007864870,1,"10",2.17,5.27,"5","m","cm",6.03
1008006207,"7338527",1008002659,1,"10",1.47,3.00,"5","m","cm",5.88
1008006208,"7338528",1008002660,1,"10",3.23,4.75,"5","m","cm",5.88
1008006209,"7338529",1008002661,1,"10",4.01,5.53,"5","m","cm",5.88
1008006210,"7338530",1008002662,1,"10",1.27,2.18,"5","m","cm",5.88
1008006211,"7338531",1008002663,1,"10",2.49,4.01,"5","m","cm",5.88
1008006212,"7338532",1008002664,1,"10",3.05,6.10,"5","m","cm",5.88
1008006213,"7338533",1008002665,1,"10",1.14,4.19,"5","m","cm",5.88
1008006214,"7338534",1008002666,1,"10",3.05,6.10,"5","ft","inch",5.88
1008006215,"7338535",1008002667,1,"10",2.80,5.85,"5","m","cm",5.88
1008006216,"7338536",1008002668,1,"10",2.59,5.64,"5","m","cm",5.89
1008006217,"7338537",1008002669,1,"10",2.44,5.49,"5","m","cm",5.88
1008006218,"7338538",1008002670,1,"10",3.05,6.10,"5","m","cm",5.88
1008006219,"7338539",1008002671,1,"10",,,"5",,"cm",3.88
1008018008,"7338540",1008013788,1,"10",5.97,7.47,"5","m","cm",3.88
1008018009,"7338541",1008013789,1,"10",3.70,4.70,"5","m","cm",3.88
1008018010,"7338542",1008013790,1,"10",2.18,5.18,"5","m","cm",3.88
1008018019,"7338588",1008013809,1,"10",4.27,5.80,"5","m","cm",3.88
1008018020,"7338589",1008013810,1,"10",1.78,3.30,"5","m","cm",3.88
1008018021,"7338590",1008013811,1,"10",1.50,3.66,"5","m","cm",3.89
1008018022,"7338591",1008013812,1,"10",2.44,5.49,"5","m","cm",3.88
1008121411,"7338720",1008121406,,,,,,"m","cm",
1008121418,"7338721",1008121413,,,,,,"m","cm",
1008121425,"7338722",1008121420,,,,,,"m","cm",
1008121432,"7338723",1008121427,,,,,,"ft","inch",
1008121439,"7338725",1008121434,,,,,,"m","cm",
1008018280,"7339401",1008013891,1,"10",6.16,11.16,"5","ft","inch",1.66
1008018281,"7339402",1008013892,1,"10",11.66,16.66,"5","ft","inch",1.66
1008028466,"7339559",1008023859,1,"10",3.65,5.13,"7","m","cm",5.88
1008122223,"7339678",1008122218,,,,,,"m","cm",
1008122232,"7339679",1008122226,,,,,,"m","cm",
1008028500,"7339877",1008023968,1,"10",,,"5",,"cm",5.88
1008028501,"7339878",1008023969,1,"10",3.35,5.94,"5","m",,
1008028604,"7340333",1008024223,1,,,,,,"inch",
1008122499,"7340339",1008122494,,,,,,"ft","inch",
1008122523,"7340366",1008122518,,,,,,"ft","inch",
1008122531,"7340367",1008122526,,,,,,"ft","inch",
1008039428,"7340973",1008036864,1,"10",3.05,6.10,"5","ft","inch",5.88
1008039429,"7340974",1008036865,1,"10",9.10,12.70,"5","m","cm",5.88
1008039435,"7341012",1008036889,1,"10",2.82,4.34,"5","m","cm",5.88
1008039436,"7341013",1008036890,1,"10",3.05,6.10,"5","m","cm",5.88
1008123503,"7341449",1008123498,,,,,,"m","cm",
1008123510,"7341451",1008123505,,,,,,"m","cm",
1008123523,"7341453",1008123518,,,,,,"m","cm",
1008047565,"7341522",1008046340,1,"8",47.00,51.00,"8","ft","inch",5.00
1008203796,"7341980",1008201121,1,"10",,,"5",,"inch",2.00
1008203797,"7341981",1008201122,1,"10",,,"5",,"inch",2.00
1008203798,"7341982",1008201123,1,"10",5.18,8.23,"5","m","cm",6.03
1008203799,"7341983",1008201124,1,"10",5.18,8.23,"5","m","cm",6.03
1008203802,"7341988",1008201127,1,"10",4.57,7.62,"5","m","cm",2.85
1008203819,"7342008",1008201145,1,"10",3.96,6.10,"5","m","cm",6.03
1008203820,"7342009",1008201146,1,"10",5.18,6.70,"5","m","cm",6.03
1008203821,"7342010",1008201147,1,"10",2.90,6.10,"5","m","cm",6.03
1008203822,"7342011",1008201148,1,"10",3.96,7.01,"5","m","cm",3.06
1008203823,"7342012",1008201149,1,"10",3.10,6.10,"5","m","cm",6.03
1008203824,"7342013",1008201150,1,"10",4.27,6.10,"5","m","cm",6.03
1008203830,"7342019",1008201156,1,"10",,,"5",,"inch",2.00
1008203888,"7342077",1008201214,1,"10",6.10,9.14,"5","m","cm",6.03
1008203889,"7342078",1008201215,1,"10",5.94,8.99,"5","m","cm",6.03
1008203890,"7342079",1008201216,1,"10",6.10,9.14,"5","m","cm",6.03
1008203891,"7342080",1008201217,1,"10",6.10,9.14,"5","m","cm",6.03
1008203892,"7342081",1008201218,1,"10",6.10,9.14,"5","m","cm",6.03
1008203893,"7342082",1008201219,1,"10",6.10,9.14,"5","m","cm",6.03
1008203894,"7342083",1008201220,1,"10",5.49,8.53,"5","m","cm",6.03
1008203895,"7342084",1008201221,1,"10",6.10,9.14,"5","m","cm",6.03
1008203896,"7342085",1008201222,1,"10",6.10,9.14,"5","m","cm",6.03
1008203897,"7342086",1008201223,1,"10",3.10,6.20,"5","m","cm",6.03
1008203898,"7342087",1008201224,1,"10",3.10,6.20,"5","m","cm",6.03
1008203941,"7342131",1008201267,1,"10",0.91,2.74,"5","m","cm",4.82
1008203942,"7342132",1008201268,1,"10",0.91,3.10,"5","m","cm",4.82
1008203943,"7342133",1008201269,1,"10",0.91,3.10,"5","m","cm",4.82
1008203944,"7342134",1008201270,1,"10",0.91,3.10,"5","m","cm",4.82
1008203945,"7342135",1008201271,1,"10",0.91,3.10,"5","m","cm",4.82
1008203949,"7342139",1008201275,1,"10",13.00,23.00,"5","ft","inch",2.37
1008203950,"7342140",1008201276,1,"10",14.00,24.00,"5","ft","inch",2.37
1008203951,"7342140",1008201276,2,,,,,,"inch",
1008203963,"7342152",1008201288,1,"10",5.27,8.37,"5","m","cm",6.03
1008203964,"7342153",1008201289,1,"10",5.27,8.37,"5","m","cm",6.03
1008206838,"7342197",1008204592,1,"10",3.10,6.20,"5","m","cm",6.03
1008206839,"7342198",1008204593,1,"10",3.10,6.20,"5","m","cm",6.03
1008206840,"7342199",1008204594,1,"10",2.10,6.20,"5","m","cm",6.03
1008210863,"7342328",1008208020,1,"10",3.00,13.00,"5","ft","inch",1.66
1008210864,"7342329",1008208021,1,"10",4.00,14.00,"5","ft","inch",1.38
1008210898,"7342363",1008208055,1,"10",1.98,5.03,"5","m","cm",6.03
1008210899,"7342364",1008208056,1,"10",1.52,3.10,"5","m","cm",6.03
1008210907,"7342372",1008208064,1,"10",1.52,4.57,"5","m","cm",6.03
1007966576,"7342414",1007962359,1,"10",1.52,4.57,"5","m","cm",6.03
1007850556,"7342415",1007845032,1,"10",1.52,4.57,"5","m","cm",6.03
1007850559,"7342416",1007845033,1,"10",1.52,4.57,"5","m","cm",6.03
1007966577,"7342420",1007962360,1,"10",1.83,3.35,"5","m","cm",4.21
1007850601,"7342430",1007845045,1,"10",3.10,6.10,"5","m","cm",6.03
1008124493,"7342762",1008124487,,,,,,"ft","inch",
1008061078,"7342763",1008059431,1,"18",20.00,24.00,"8","ft","inch",5.50
1008061079,"7342763",1008059431,2,,,,,,"inch",
1008124626,"7342938",1008124621,,,,,,"ft","inch",
1008067562,"7343043",1008065332,1,"10",25.00,30.00,"5","ft","inch",1.66
1008067568,"7343048",1008065337,1,"10",6.83,11.83,"5","ft","inch",2.37
1007850620,"7343162",1007845051,1,"10",39.00,49.00,"5","ft","inch",2.37
1007850623,"7343163",1007845052,1,"10",42.00,52.00,"5","ft","inch",2.37
1007850628,"7343164",1007845053,1,"10",42.00,52.00,"5","ft","inch",2.37
1007850633,"7343165",1007845054,1,"10",16.00,26.00,"5","ft","inch",1.05
1007850634,"7343165",1007845054,2,"10",30.00,40.00,"5","ft","inch",1.05
1007850639,"7343166",1007845055,1,"10",23.50,33.50,"5","ft","inch",2.37
1007850641,"7343167",1007845056,1,"10",13.71,16.76,"5","m","cm",4.21
1007850642,"7343168",1007845057,1,"10",13.71,16.76,"5","m","cm",4.21
1007850643,"7343169",1007845058,1,"10",13.71,16.76,"5","m","cm",4.21
1007850646,"7343170",1007845059,1,"10",13.71,16.76,"5","m","cm",4.21
1007850652,"7343171",1007845060,1,"10",13.00,23.00,"5","ft","inch",1.05
1007850653,"7343171",1007845060,2,"10",28.50,38.50,"5","ft","inch",1.05
1007850903,"7343172",1007845061,1,"10",16.00,26.00,"5","ft","inch",1.05
1007850904,"7343172",1007845061,2,"10",30.00,40.00,"5","ft","inch",1.05
1007850926,"7343177",1007845066,1,"10",15.24,18.29,"5","m","cm",4.21
1007850930,"7343178",1007845067,1,"10",15.24,18.29,"5","m","cm",4.21
1007850676,"7343179",1007845068,1,"10",26.00,36.00,"5","ft","inch",2.37
1007850694,"7343180",1007845069,1,"10",45.00,55.00,"5","ft","inch",2.37
1007850699,"7343181",1007845070,1,"10",26.00,36.00,"5","ft","inch",1.66
1007850702,"7343182",1007845071,1,"10",44.00,54.00,"5","ft","inch",2.37
1007850710,"7343183",1007845072,1,"10",26.50,36.50,"5","ft","inch",2.37
1007850716,"7343184",1007845073,1,"10",26.00,36.00,"5","ft","inch",2.37
1007850722,"7343185",1007845074,1,"10",26.00,36.00,"5","ft","inch",2.37
1007850723,"7343186",1007845075,1,"10",42.00,52.00,"5","ft","inch",2.37
1007850725,"7343187",1007845076,1,"10",43.00,53.00,"5","ft","inch",2.37
1007850729,"7343188",1007845077,1,"10",16.00,26.00,"5","ft","inch",1.05
1007850730,"7343188",1007845077,2,"10",30.00,40.00,"5","ft","inch",1.05
1007850735,"7343189",1007845078,1,"10",16.00,26.00,"5","ft","inch",1.05
1007850736,"7343189",1007845078,2,"10",30.00,40.00,"5","ft","inch",1.05
1007850742,"7343190",1007845079,1,"10",16.00,26.00,"5","ft","inch",1.05
1007850743,"7343190",1007845079,2,"10",30.50,40.50,"5","ft","inch",1.05
1007850748,"7343191",1007845080,1,"10",28.50,38.50,"5","ft","inch",0.80
1007850749,"7343191",1007845080,2,"10",48.50,58.50,"5","ft","inch",0.80
1007850759,"7343192",1007845081,1,"10",43.00,53.00,"5","ft","inch",2.37
1007850765,"7343193",1007845082,1,"10",25.00,35.00,"5","ft","inch",1.06
1007850770,"7343194",1007845083,1,"10",46.00,56.00,"5","ft","inch",2.37
1007850773,"7343195",1007845084,1,"10",27.00,37.00,"5","ft","inch",2.37
1007850777,"7343196",1007845085,1,"10",27.00,37.00,"5","ft","inch",2.37
1007850782,"7343197",1007845086,1,"10",47.00,57.00,"5","ft","inch",2.37
1007850785,"7343198",1007845087,1,"10",27.00,37.00,"5","ft","inch",2.37
1007850790,"7343199",1007845088,1,"10",27.00,37.00,"5","ft","inch",2.37
1007850796,"7343200",1007845089,1,"10",40.00,50.00,"5","ft","inch",2.37
1008210922,"7343229",1008208080,1,"10",1.55,4.65,"5","m","cm",4.21
1007850871,"7343237",1007845124,1,"10",1.55,4.65,"5","m","cm",4.21
1007966580,"7343242",1007962364,1,"10",6.10,9.14,"5","m","cm",
1007862638,"7343267",1007857214,1,"10",1.55,4.65,"5","m","cm",4.21
1007862639,"7343268",1007857215,1,"10",1.55,4.65,"5","m","cm",4.21
1007862643,"7343272",1007857219,1,"10",8.53,11.58,"5","m","cm",4.82
1007862672,"7343301",1007857248,1,"10",6.00,16.00,"5","ft","inch",1.75
1007862673,"7343302",1007857249,1,"10",6.00,16.00,"5","ft","inch",1.50
1007862676,"7343305",1007857252,1,"10",6.00,16.00,"5","ft","inch",1.50
1007862687,"7343318",1007857265,1,"10",9.50,19.50,"5","ft","inch",2.37
1007862688,"7343324",1007857270,1,"10",5.50,15.50,"5","ft","inch",1.90
1007862689,"7343325",1007857271,1,,5.50,15.50,"5","ft","inch",1.90
1007862690,"7343327",1007857273,1,"10",2.50,12.50,"5","ft","inch",1.90
1007862701,"7343338",1007857284,1,"10",10.00,20.00,"5","m",,
1007862717,"7343355",1007857301,1,"10",10.00,20.00,"5","m",,
1007862718,"7343356",1007857302,1,"10",10.00,20.00,"5","m",,
1007862719,"7343357",1007857303,1,"10",10.00,20.00,"5","m",,
1007862720,"7343358",1007857304,1,"10",20.00,30.00,"5","m",,
1007862721,"7343359",1007857305,1,"10",15.00,25.00,"5","m",,
1007869726,"7343421",1007865204,1,"10",3.96,6.71,"5","m","cm",4.82
1007869903,"7343491",1007865270,1,"10",2.13,5.18,"5","m","cm",6.03
1007869909,"7343492",1007865271,1,"10",3.10,6.10,"5","m","cm",6.03
1007869913,"7343493",1007865272,1,"10",2.13,5.18,"5","m","cm",6.03
1007869916,"7343494",1007865273,1,"10",6.00,15.00,"5","ft","inch",1.66
1007869978,"7343504",1007865283,1,"10",5.00,15.00,"5","ft","inch",1.66
1007869983,"7343505",1007865284,1,"10",3.50,13.50,"5","ft","inch",1.31
1007869987,"7343506",1007865285,1,"10",3.00,10.00,"5","ft","inch",1.31
1007870033,"7343518",1007865297,1,"10",1.52,4.57,"5","m","cm",4.82
1007870034,"7343519",1007865298,1,"10",1.52,4.57,"5","m","cm",4.82
1007870038,"7343520",1007865299,1,"10",0.91,3.96,"5","m","cm",4.82
1007870040,"7343521",1007865300,1,"10",0.91,3.96,"5","m","cm",4.82
1007876321,"7343574",1007871552,1,"10",9.00,14.00,"5","ft","inch",1.66
1007876322,"7343575",1007871553,1,"10",4.57,7.62,"5","m","cm",4.82
1007876348,"7343602",1007871579,1,"10",6.51,9.61,"5","m","cm",6.03
1007876349,"7343603",1007871580,1,"10",6.51,9.61,"5","m","cm",6.03
1008089949,"7344470",1008084759,1,"10",20.00,25.00,"5","ft",,
1008089950,"7344471",1008084760,1,"10",20.00,25.00,"5","ft",,
1008089951,"7344472",1008084761,1,"10",10.00,15.00,"5","ft",,
1008089952,"7344473",1008084762,1,"10",15.00,20.00,"5","ft",,
1008089953,"7344474",1008084763,1,"10",10.00,15.00,"5","ft",,
1008089954,"7344475",1008084764,1,"10",10.00,15.00,"5","ft",,
1008089955,"7344476",1008084765,1,"10",15.00,20.00,"5","ft",,
1008089956,"7344477",1008084766,1,"10",10.00,15.00,"5","ft",,
1008089961,"7344482",1008084770,1,"10",7.00,17.00,"5","ft",,
1008089960,"7344483",1008084771,1,"10",7.00,17.00,"5","ft",,
1008089962,"7344484",1008084772,1,"10",13.00,23.00,"5","ft",,
1008089985,"7344664",1008084815,1,"3",15.00,25.00,"5","ft","inch",1.16
1008089984,"7344668",1008084816,1,"3",11.00,16.00,"5","ft","inch",1.66
1008089986,"7344677",1008084821,1,"3",15.00,25.00,"5","ft","inch",2.00
1008111978,"7344678",1008109784,1,"10",49.50,59.50,"5","ft","inch",1.66
1008089989,"7344679",1008084822,1,"3",32.00,37.00,"5","ft","inch",2.37
1008089987,"7344680",1008084823,1,"1",9.83,19.83,"5","ft","inch",2.37
1008089988,"7344681",1008084824,1,"3",8.00,13.00,"5","ft","inch",2.37
1008089991,"7344683",1008084826,1,"3",8.25,13.25,"5","ft","inch",2.37
1008089992,"7344684",1008084827,1,"3",5.83,10.83,"5","ft","inch",2.37
1008089998,"7344732",1008084856,1,"10",12.00,17.00,"5","ft","inch",2.37
1008089999,"7344733",1008084857,1,"10",12.00,17.00,"5","ft","inch",2.37
1007876506,"7344764",1007871756,1,"10",4.57,7.62,"5","m","cm",6.03
1007876507,"7344765",1007871757,1,"10",3.10,6.10,"5","m","cm",6.03
1007876508,"7344766",1007871758,1,"10",3.10,6.10,"5","m","cm",6.03
1007876509,"7344767",1007871759,1,"10",3.10,6.10,"5","m","cm",6.03
1007876510,"7344768",1007871760,1,"10",3.10,6.10,"5","m","cm",6.03
1007876522,"7344780",1007871772,1,"10",20.00,30.00,"5","ft","inch",1.50
1007876526,"7344784",1007871776,1,"10",5.49,7.01,"5","m","cm",6.03
1007876527,"7344785",1007871777,1,"10",4.57,6.10,"5","m","cm",6.03
1007876528,"7344786",1007871778,1,"10",3.96,5.49,"5","ft","inch",6.03
1007876529,"7344787",1007871779,1,"10",10.00,15.00,"5","m","cm",2.37
1007876530,"7344788",1007871780,1,"10",10.00,15.00,"5","m","cm",2.37
1007876531,"7344789",1007871781,1,"10",10.00,15.00,"5","m","cm",2.37
1007876532,"7344790",1007871782,1,"10",1.52,3.10,"5","m","cm",6.03
1007876533,"7344791",1007871783,1,"10",6.00,16.00,"5","ft","inch",2.00
1007876534,"7344792",1007871784,1,"10",7.00,12.00,"5","ft","inch",2.00
1007876535,"7344793",1007871785,1,"10",7.00,17.00,"5","m","cm",2.00
1007876578,"7344836",1007871828,1,"10",1.55,3.41,"5","m","cm",6.03
1007876579,"7344837",1007871829,1,"10",1.24,2.79,"5","m","cm",6.03
1007876580,"7344838",1007871830,1,"10",2.17,5.24,"5","m","cm",6.03
1007885284,"7344919",1007879151,1,"10",3.96,7.01,"5","m","cm",4.22
1007885290,"7344925",1007879157,1,"10",1.47,4.57,"5","m","cm",6.03
1007885291,"7344926",1007879158,1,"10",1.47,4.57,"5","m","cm",6.03
1007885292,"7344927",1007879159,1,"10",1.47,4.57,"5","m","cm",6.03
1007885293,"7344928",1007879160,1,"10",1.47,4.57,"5","m","cm",6.03
1007885299,"7344934",1007879166,1,"10",1.47,4.57,"5","m","cm",6.03
1007885318,"7344953",1007879185,1,"10",8.69,11.73,"5","m","cm",4.82
1007885319,"7344954",1007879186,1,".10",7.62,10.67,"5","m","cm",4.82
1007885333,"7344968",1007879200,1,"10",1.52,4.57,"5","m","cm",4.82
1008089925,"7345623",1008085122,1,"10",7.01,8.24,"8","m","cm",13.97
1008089924,"7345626",1008085123,1,"10",10.68,11.90,"8","m","cm",13.97
1008089926,"7345628",1008085125,1,"10",10.68,11.90,"8","m","cm",13.97
1007885508,"7345816",1007879436,1,"10",17.68,19.20,"5","m","cm",4.23
1007885509,"7345817",1007879437,1,"10",11.58,13.11,"5","m","cm",4.21
1007885510,"7345818",1007879438,1,"10",5.79,8.84,"5","m","cm",4.21
1007885519,"7345827",1007879447,1,"10",3.66,6.71,"5","m","cm",6.03
1007885522,"7345830",1007879450,1,"10",1.52,4.57,"5","m","cm",6.03
1007885523,"7345831",1007879451,1,"10",4.57,7.62,"5","m","cm",6.03
1007885524,"7345832",1007879452,1,"10",3.10,6.10,"5","m","cm",6.03
1007885532,"7345840",1007879460,1,"10",3.10,6.10,"5","m","cm",4.82
1007885533,"7345841",1007879461,1,"10",1.52,4.57,"5","m","cm",4.82
1007885541,"7345849",1007879469,1,"10",3.66,6.70,"5","m","cm",6.03
1007885543,"7345851",1007879471,1,"10",2.48,5.58,"5","m","cm",6.03
1007885544,"7345852",1007879472,1,"10",1.55,4.65,"5","m","cm",6.03
1007885545,"7345853",1007879473,1,"10",1.55,4.65,"5","m","cm",6.03
1007885546,"7345854",1007879474,1,"10",1.55,4.65,"5","m","cm",6.03
1007893357,"7346044",1007888618,1,,,,"5",,"cm",6.03
1007893358,"7346045",1007888619,1,"10",,,"5",,"cm",6.03
1007893359,"7346046",1007888620,1,,,,"5",,"cm",6.03
1007893360,"7346047",1007888621,1,,,,"5",,"cm",6.03
1007893361,"7346048",1007888622,1,,,,"5",,"cm",6.03
1007893379,"7346071",1007888645,1,"10",3.96,7.01,"5","m","cm",4.82
1007893380,"7346072",1007888646,1,"10",3.10,6.10,"5","m","cm",6.03
1007893381,"7346073",1007888647,1,"10",7.01,10.06,"5","m","cm",4.82
1007893382,"7346074",1007888648,1,"10",2.44,5.47,"5","m","cm",4.82
1007893388,"7346080",1007888654,1,"10",3.10,6.20,"5","m","cm",6.03
1007901450,"7346081",1007897615,1,,2.79,5.89,"5","m","cm",6.03
1007901451,"7346082",1007897616,1,"10",3.10,6.20,"5","m","cm",6.05
1007901452,"7346083",1007897617,1,"10",1.55,4.65,"5","m","cm",4.21
1007901459,"7346090",1007897624,1,,,,"5",,"cm",6.03
1007901460,"7346091",1007897625,1,,,,"5",,,
1007901461,"7346092",1007897626,1,,,,"5",,"cm",6.03
1007901462,"7346093",1007897627,1,,,,"5",,"cm",6.03
1007901463,"7346094",1007897628,1,,,,"5",,"cm",6.03
1007901464,"7346095",1007897629,1,,,,"5",,,
1007901465,"7346096",1007897630,1,,,,"5",,"cm",6.03
1007901466,"7346097",1007897631,1,,,,"5",,"cm",6.03
1007901483,"7346114",1007897648,1,,,,"5",,"cm",6.03
1008090036,"7346280",1008085200,1,,,,,,"inch",
1008090038,"7346296",1008085215,1,,,,,,"inch",
1008090037,"7346297",1008085216,1,,,,,,"inch",
1008112005,"7347068",1008109816,1,"10",4.57,6.01,"7","m","cm",5.88
1008112006,"7347069",1008109817,1,"10",3.05,4.57,"5","m","cm",5.88
1008112007,"7347070",1008109818,1,"10",6.71,8.23,"7","m","cm",5.88
1008112024,"7347128",1008109850,1,"10",5.28,6.81,"5","m","cm",3.89
1008112025,"7347129",1008109851,1,"10",3.60,5.13,"7","m","cm",3.89
1008112026,"7347130",1008109852,1,"10",3.10,7.62,"5","m","cm",3.89
1008112027,"7347131",1008109853,1,"10",6.09,7.62,"5","m","cm",3.88
1008112028,"7347132",1008109854,1,"10",30.50,6.10,"5","m","cm",5.88
1008112029,"7347133",1008109855,1,"10",4.28,7.30,"7","m","cm",5.89
1008112065,"7347258",1008109961,1,"10",,,"7",,"cm",3.89
1008112066,"7347259",1008109962,1,"10",3.05,9.40,"7","ft","inch",3.89
1008112067,"7347260",1008109963,1,"10",6.86,9.91,"7","m","cm",3.88
1008127843,"7348020",1008125180,1,"10",25.00,30.00,"5","ft","inch",1.66
1008127844,"7348021",1008125181,1,"10",25.00,30.00,"5","ft","inch",1.66
1008127845,"7348022",1008125182,1,"10",25.00,30.00,"5","ft","inch",1.66
1008127846,"7348023",1008125183,1,"10",3.00,10.00,"5","ft","inch",1.66
1008127847,"7348024",1008125184,1,"10",3.00,8.00,"5","ft","inch",1.66
1008127848,"7348025",1008125185,1,"10",3.00,8.00,"5","ft","inch",1.66
1008127849,"7348026",1008125186,1,"10",3.00,8.00,"5","ft","inch",1.66
1008135689,"7348027",1008132615,1,"10",10.00,20.00,"5","ft","inch",1.90
1008127850,"7348028",1008125187,1,"10",10.00,20.00,"5","ft","inch",0.90
1008127851,"7348029",1008125188,1,"10",10.00,20.00,"5","ft","inch",1.90
1007901581,"7348134",1007897746,1,"10",11.00,16.00,"5","ft","inch",2.25
1007901582,"7348135",1007897747,1,"10",15.00,20.00,"5","ft","inch",2.25
1007901583,"7348136",1007897748,1,"10",13.00,18.00,"5","ft","inch",2.25
1007901584,"7348137",1007897749,1,"10",11.00,16.00,"5","ft","inch",2.25
1007901592,"7348144",1007897756,1,"10",10.00,15.00,"5","ft","inch",1.90
1007901593,"7348145",1007897757,1,"10",10.00,15.00,"5","ft","inch",1.90
1007901594,"7348146",1007897758,1,"10",10.00,15.00,"5","ft","inch",1.90
1007901595,"7348147",1007897759,1,"10",10.00,15.00,"5","ft","inch",1.90
1007901596,"7348148",1007897760,1,"10",10.00,15.00,"5","ft","inch",1.90
1007901597,"7348149",1007897761,1,"10",10.00,15.00,"5","ft","inch",1.90
1007901598,"7348150",1007897762,1,"10",10.00,15.00,"5","ft","inch",1.90
1007901599,"7348151",1007897763,1,"10",10.00,15.00,"5","ft","inch",1.90
1007901600,"7348152",1007897764,1,"10",10.00,15.00,"5","ft","inch",1.90
1007901613,"7348166",1007897777,1,"10",,,"5",,"inch",1.50
1007901614,"7348167",1007897778,1,,,,"5",,"inch",2.25
1007901620,"7348173",1007897784,1,"10",15.00,20.00,"5","ft","inch",2.25
1007901621,"7348174",1007897785,1,"10",18.00,23.00,"5","ft","inch",2.25
1007901622,"7348175",1007897786,1,"10",18.00,23.00,"5","ft","inch",2.25
1007901623,"7348176",1007897787,1,"10",18.00,23.00,"5","ft","inch",2.25
1007901629,"7348182",1007897793,1,"10",,,"5",,"inch",2.25
1007901630,"7348183",1007897794,1,"10",20.00,30.00,"5","ft","inch",2.25
1007901631,"7348184",1007897795,1,"10",20.00,30.00,"5","ft","inch",2.25
1007901632,"7348185",1007897796,1,"10",20.00,30.00,"5","ft","inch",2.25
1007901633,"7348186",1007897797,1,"10",3.10,6.20,"5","m","cm",6.03
1007901634,"7348187",1007897798,1,"10",3.35,6.32,"5","m","cm",6.03
1007909703,"7348284",1007904761,1,,,,"5",,"cm",6.03
1007909724,"7348305",1007904782,1,,,,"5",,"cm",6.03
1007909725,"7348306",1007904783,1,,,,"5",,"cm",6.03
1007909735,"7348316",1007904793,1,"10",3.00,13.00,"5","m","cm",2.10
1007909736,"7348317",1007904794,1,"10",4.00,14.00,"5","m","cm",2.10
1007909795,"7348380",1007904853,1,"10",2.10,5.18,"5","m","cm",6.03
1007909796,"7348381",1007904854,1,"10",4.57,7.62,"5","m","cm",6.03
1007909798,"7348383",1007904856,1,"10",4.57,7.62,"5","m","cm",6.03
1007909801,"7348386",1007904859,1,"10",2.30,5.34,"5","m","cm",6.03
1008135734,"7348533",1008132669,1,".01",1.52,4.57,"5","m","mm",58.00
1008305768,"7348570",1008305763,,,,,,"m","cm",
1007916650,"7348627",1007913416,1,"10",3.00,13.00,"5","ft","inch",1.90
1007966589,"7348642",1007962374,1,"10",,,"5","ft","inch",1.31
1007966590,"7348643",1007962375,1,"10",,,"5","ft","inch",1.66
1007916668,"7348647",1007913434,1,"10",,,"5",,"inch",1.31
1008305971,"7348928",1008305966,,,,,,"ft","inch",
1008305980,"7348935",1008305975,,,,,,"m","cm",
1008305989,"7348937",1008305984,,,,,,"m","cm",
1008305998,"7348938",1008305993,,,,,,"m","cm",
1008306007,"7348939",1008306002,,,,,,"m","cm",
1008306070,"7349013",1008306064,,,,,,"m","cm",
1008143957,"7349014",1008141646,1,"10",10.37,11.60,"8","m","cm",13.97
1008143958,"7349015",1008141647,1,"8",15.30,16.50,"8","m","cm",13.97
1008143984,"7349124",1008141712,1,"10",8.54,9.76,"8","m","cm",13.97
1008151451,"7349260",1008148103,1,"10",4.00,9.00,"5","ft","inch",2.37
1008151452,"7349261",1008148104,1,"10",11.41,16.41,"5","ft","inch",2.37
1008151453,"7349262",1008148105,1,"10",7.08,12.08,"5","ft","inch",2.37
1008151475,"7349899",1008148179,1,,,,,,"cm",
1008151524,"7350052",1008148279,1,"10",19.00,24.00,"5","ft","inch",4.10
1008151526,"7350054",1008148281,1,"10",10.00,20.00,"5","ft","inch",6.00
1008151535,"7350063",1008148290,1,"10",16.75,27.75,"5","ft","inch",1.50
1008151537,"7350065",1008148292,1,"40",10.00,20.00,"5","ft",,
1008151540,"7350068",1008148295,1,"10",5.00,10.00,"5","ft","inch",6.00
1008151542,"7350070",1008148297,1,"10",18.00,33.00,"5","ft","inch",6.00
1008151543,"7350071",1008148298,1,"10",18.00,33.00,"5","ft","inch",4.10
1008151554,"7350082",1008148309,1,"10",15.00,20.00,"5","ft","inch",4.10
1008151555,"7350083",1008148310,1,"10",10.00,20.00,"5","ft","inch",6.00
1008151556,"7350084",1008148311,1,"10",10.00,20.00,"5","ft","inch",6.00
1008151557,"7350085",1008148312,1,"10",10.00,20.00,"5","ft","inch",6.20
1008151558,"7350086",1008148313,1,"10",21.25,31.25,"5","ft","inch",6.00
1008151560,"7350088",1008148315,1,"10",3.58,8.58,"5","ft","inch",6.00
1008313562,"7350089",1008313557,,,,,,"ft","inch",
1008151561,"7350090",1008148316,1,"10",13.00,28.00,"5","ft","inch",6.00
1008151564,"7350093",1008148319,1,"10",3.75,11.75,"5","ft","inch",1.62
1008151565,"7350094",1008148320,1,"10",3.33,11.33,"5","ft","inch",1.62
1008151566,"7350095",1008148321,1,"10",7.50,15.50,"5","ft","inch",1.62
1008151567,"7350096",1008148322,1,"10",5.16,15.16,"5","ft","inch",1.62
1008151568,"7350097",1008148323,1,"10",10.16,15.16,"5","ft","inch",1.62
1008151569,"7350098",1008148324,1,"10",5.16,15.16,"5","ft","inch",1.62
1008151570,"7350099",1008148325,1,"10",5.33,15.33,"5","ft","inch",1.62
1008161096,"7350422",1008157450,1,"10",1.52,3.05,"5","m","cm",5.88
1008161123,"7350528",1008157513,1,"10",2.00,7.00,"5","ft","inch",1.66
1008161124,"7350529",1008157514,1,"10",4.00,14.00,"5","ft","inch",1.66
1008161125,"7350530",1008157515,1,"10",5.00,15.00,"5","ft","inch",1.66
1008237961,"7350569",1008228722,1,"10",9.00,19.00,"5","m","cm",2.10
1008237962,"7350570",1008228723,1,"10",9.00,19.00,"5","m","cm",2.10
1008237963,"7350571",1008228724,1,"10",9.00,19.00,"5","m","cm",2.10
1008315878,"7350587",1008315873,,,,,,"ft","inch",
1008315890,"7350588",1008315885,,,,,,"ft","inch",
1008315902,"7350589",1008315897,,,,,,"ft","inch",
1008237981,"7350595",1008228744,1,"10",2.79,5.89,"5","m","cm",6.03
1008237982,"7350596",1008228745,1,"10",2.17,5.27,"5","m","cm",6.03
1008238013,"7350640",1008228776,1,"10",1.55,4.65,"5","m","cm",4.83
1008238014,"7350641",1008228777,1,"10",1.24,4.34,"5","m","cm",4.83
1008238015,"7350642",1008228778,1,"10",0.93,4.03,"5","m","cm",4.83
1008238125,"7350756",1008228888,1,"10",3.35,4.88,"5","m","cm",4.21
1008238144,"7350774",1008228906,1,"10",2.44,3.96,"5","m","cm",6.03
1008238145,"7350775",1008228907,1,"10",7.00,12.00,"5","m","cm",2.37
1008238146,"7350776",1008228908,1,"10",1.22,2.74,"5","m","cm",6.03
1008238147,"7350777",1008228909,1,"10",3.35,4.88,"5","m","cm",4.21
1008238148,"7350778",1008228910,1,"10",3.35,4.88,"5","m","cm",4.21
1008238171,"7350809",1008228933,1,"10",6.00,11.00,"5","ft","inch",1.31
1008316186,"7350811",1008316181,1,,,,"5","ft","inch",2.37
1008238175,"7350814",1008228937,1,"10",4.57,6.10,"5","m","cm",6.03
1008238176,"7350815",1008228938,1,"10",3.66,5.18,"5","m","cm",6.03
1008238177,"7350816",1008228939,1,"10",4.57,6.10,"5","m","cm",0.03
1008238178,"7350817",1008228940,1,"10",4.57,6.10,"5","m","cm",6.03
1008238179,"7350818",1008228941,1,"10",4.57,6.10,"5","m","cm",6.03
1008238180,"7350819",1008228942,1,"10",4.57,6.10,"5","m","cm",6.03
1008238181,"7350820",1008228943,1,"10",3.66,5.18,"5","m","cm",6.01
1008238182,"7350821",1008228944,1,"10",3.66,5.18,"5","m","cm",6.03
1008238183,"7350822",1008228945,1,"10",3.66,5.18,"5","m","cm",6.03
1008238185,"7350824",1008228947,1,"10",3.66,5.18,"5","m","cm",6.03
1008238186,"7350825",1008228948,1,"10",4.57,6.10,"5","m","cm",6.03
1008238187,"7350826",1008228949,1,"10",3.66,5.18,"5","m","cm",6.03
1008238188,"7350827",1008228950,1,"10",4.57,6.10,"5","m","cm",5.03
1008238189,"7350828",1008228951,1,"10",3.66,5.18,"5","m","cm",6.03
1008238190,"7350829",1008228952,1,"10",3.66,5.18,"5","m","cm",6.03
1008238191,"7350830",1008228953,1,"10",4.57,6.10,"5","m","cm",6.03
1008238192,"7350831",1008228954,1,"10",4.57,6.10,"5","m","cm",6.03
1008238193,"7350832",1008228955,1,"10",4.57,6.10,"5","m","cm",6.03
1008238194,"7350833",1008228956,1,"10",4.27,5.79,"5","m","cm",6.03
1008238195,"7350834",1008228957,1,"10",3.66,5.18,"5","m","cm",6.03
1008238196,"7350835",1008228958,1,"10",4.57,6.10,"5","m","cm",6.03
1008238197,"7350836",1008228959,1,"10",4.57,6.10,"5","m","cm",6.03
1008238198,"7350837",1008228960,1,"10",4.57,6.10,"5","m","cm",6.03
1008238199,"7350838",1008228961,1,"10",4.57,6.10,"5","m","cm",6.03
1008238200,"7350839",1008228962,1,"10",7.13,9.00,"5","m","cm",6.03
1008238201,"7350840",1008228963,1,"10",23.50,28.50,"5","ft","inch",2.25
1008238206,"7350845",1008228968,1,"10",1.52,3.10,"5","m","cm",6.03
1008238207,"7350846",1008228969,1,"10",1.22,4.27,"5","m","cm",6.03
1008151587,"7350850",1008148437,1,"10",10.00,20.00,"5","ft","inch",2.37
1008151588,"7350851",1008148438,1,"10",12.00,22.00,"5","ft","inch",2.37
1008151589,"7350852",1008148439,1,"10",17.00,27.00,"5","ft","inch",2.37
1008151590,"7350853",1008148440,1,"10",10.00,20.00,"5","ft","inch",2.37
1008161126,"7350854",1008157518,1,"10",15.00,25.00,"5","ft","inch",2.37
1008316428,"7351121",1008316420,,,,,,"m","cm",
1008316446,"7351122",1008316441,,,,,,"m","cm",
1008316457,"7351123",1008316451,,,,,,"m","cm",
1008316487,"7351124",1008316481,,,,,,"m","cm",
1008316509,"7351125",1008316503,,,,,,"m","cm",
1008316519,"7351126",1008316513,,,,,,"m","cm",
1008316636,"7351170",1008316631,,,,,,"ft","inch",
1008316701,"7351188",1008316696,,,,,,"ft","inch",
1008316711,"7351189",1008316706,,,,,,"ft","inch",
1008161136,"7351197",1008157568,1,"10",,,"5",,"cm",5.88
1008319861,"7351198",1008319856,,,,,,"m","cm",
1008321320,"7351210",1008321315,,,,,,"ft","inch",
1008322173,"7351354",1008322168,,,,,,"ft","inch",
1008322288,"7351357",1008322283,,,,,,"ft","inch",
1008322694,"7351359",1008322689,,,,,,"ft","inch",
1008322867,"7351398",1008322862,,,,,,"m","cm",
1008322875,"7351399",1008322870,,,,,,"m","cm",
1008322892,"7351401",1008322887,,,,,,"m","cm",
1008322900,"7351402",1008322895,,,,,,"m","cm",
1008322916,"7351408",1008322911,,,,,,"m","cm",
1008322924,"7351414",1008322919,,,,,,"m","cm",
1008322932,"7351415",1008322927,,,,,,"m","cm",
1008322940,"7351426",1008322935,,,,,,"m","cm",
1008322948,"7351432",1008322943,,,,,,"m","cm",
1008322956,"7351434",1008322951,,,,,,"ft","inch",
1008322964,"7351439",1008322959,,,,,,"m","cm",
1008338014,"7351907",1008338008,,,,,,"m","cm",
1008340531,"7352441",1008340526,,,,,,"m","cm",
1008340540,"7352442",1008340535,,,,,,"m","cm",
1008340550,"7352443",1008340545,,,,,,"m","cm",
1008340559,"7352445",1008340554,,,,,,"ft","inch",
1008340569,"7352446",1008340564,,,,,,"m","cm",
1008340579,"7352447",1008340574,,,,,,"m","cm",
1008340589,"7352448",1008340584,,,,,,"m","cm",
1008182969,"7352449",1008181827,1,"10",4.57,6.01,"5","m","cm",5.88
1008198463,"7353506",1008195359,1,"10",7.32,8.54,"8","m","cm",13.97
1008241457,"7353635",1008240248,1,,,,,,"inch",2.00
1008241458,"7353636",1008240249,1,"10",10.00,15.00,"5","ft","inch",2.38
1008241461,"7353715",1008240254,1,"3",39.50,44.50,"5","ft","inch",1.66
1008241462,"7353718",1008240256,1,"10",20.00,30.00,"5","ft","inch",2.40
1008241463,"7353719",1008240257,1,"10",20.00,30.00,"5","ft","inch",2.40
1008241464,"7353720",1008240258,1,"10",20.00,30.00,"5","ft","inch",2.40
1008241465,"7353721",1008240259,1,"10",20.00,30.00,"5","ft","inch",2.40
1008241466,"7353722",1008240260,1,,10.00,15.00,"5","ft","inch",2.00
1008241467,"7353723",1008240261,1,"10",15.00,10.00,"5","ft","inch",2.50
1008241468,"7353724",1008240262,1,"10",10.00,20.00,"5","ft","inch",2.40
1008241469,"7353725",1008240263,1,"10",10.00,15.00,"5","ft","inch",2.37
1008241471,"7353727",1008240265,1,"10",10.00,15.00,"5","ft","inch",2.38
1008257222,"7353728",1008257074,1,"10",10.00,15.00,"5","ft","inch",2.38
1008241472,"7353729",1008240266,1,"10",24.00,30.00,"1","ft","inch",12.75
1008241473,"7353730",1008240267,1,"10",24.00,30.00,"5","ft","inch",12.79
1008241474,"7353731",1008240268,1,"10",24.00,30.00,"1","ft","inch",12.75
1008241475,"7353732",1008240269,1,"10",24.00,30.00,"1","ft","inch",12.75
1008241476,"7353733",1008240270,1,"10",10.00,15.00,"5","ft","inch",1.66
1008241477,"7353734",1008240271,1,"10",13.00,18.00,"5","ft","inch",1.66
1008241478,"7353736",1008240272,1,"10",12.00,17.00,"5","ft","inch",2.37
1008241486,"7353770",1008240290,1,"10",,,"5",,"inch",5.85
1008241487,"7353771",1008240291,1,"10",1.83,4.88,"5","m","cm",5.88
1008213796,"7353935",1008212225,1,"10",1.12,2.64,"5","m","cm",5.88
1008213797,"7353936",1008212226,1,"10",1.16,3.18,"5","m","cm",5.88
1008213798,"7353937",1008212227,1,"10",4.34,5.87,"5","m","cm",5.88
1008219335,"7353938",1008215664,1,"10",2.60,4.11,"5","m","cm",5.88
1008219336,"7353939",1008215665,1,"10",3.05,6.10,"5","m","cm",5.88
1008219337,"7353940",1008215666,1,"10",4.37,5.89,"5","m","cm",5.88
1008219338,"7353941",1008215667,1,"10",2.77,5.82,"5","ft","inch",5.88
1008219339,"7353942",1008215668,1,"10",3.43,4.95,"5","m","cm",5.88
1008219340,"7353943",1008215669,1,"10",4.57,6.10,"5","m","cm",5.88
1008219341,"7353944",1008215670,1,"10",1.78,4.83,"5","m","cm",5.88
1008219342,"7353945",1008215671,1,"10",1.77,4.82,"5","m","cm",5.88
1008219343,"7353946",1008215672,1,"10",1.83,4.88,"5","m","cm",5.88
1008219344,"7353947",1008215673,1,"10",4.28,5.79,"5","m","cm",5.88
1008219345,"7353948",1008215674,1,"10",4.57,6.10,"5","m","cm",5.88
1008219346,"7353974",1008215676,1,"10",1.91,4.95,"5","m","cm",5.88
1008219347,"7353975",1008215677,1,"10",,,"5",,"cm",5.88
1008219348,"7353976",1008215678,1,"10",2.08,3.61,"5","m","cm",5.88
1008219349,"7353977",1008215679,1,"10",3.05,4.57,"5","m","cm",5.88
1008219350,"7353978",1008215680,1,"10",4.10,5.64,"5","m","cm",5.88
1008219351,"7353979",1008215681,1,"10",1.37,2.90,"5","m","cm",5.88
1008219352,"7353980",1008215682,1,"10",1.91,4.95,"5","m","cm",5.88
1008219353,"7353981",1008215683,1,"10",3.50,5.03,"5","m","cm",5.88
1008219354,"7353982",1008215684,1,"10",1.19,,"5","m","cm",5.88
1008219355,"7353983",1008215685,1,"10",0.64,2.16,"5","m","cm",5.88
1008219356,"7353984",1008215686,1,"10",1.27,2.12,"5","m","cm",5.08
1008219357,"7353985",1008215687,1,"10",4.37,6.50,"5","m","cm",5.88
1008238543,"7353987",1008229436,1,"10",11.00,21.00,"5","ft","inch",1.66
1008253840,"7354045",1008249849,1,"10",,,"5",,"cm",6.03
1008253841,"7354046",1008249850,1,,,,"5",,"cm",6.03
1008253842,"7354047",1008249851,1,"10",,,"5",,"cm",6.03
1008253843,"7354048",1008249852,1,"10",,,"5",,"cm",6.03
1008253844,"7354049",1008249853,1,"10",,,"5",,"cm",6.03
1008253854,"7354059",1008249863,1,"1",,,"5",,"inch",6.03
1008253855,"7354060",1008249864,1,,,,"5",,"cm",6.03
1008253856,"7354061",1008249865,1,,,,"5",,"cm",6.03
1008253857,"7354062",1008249866,1,,,,"5",,"cm",6.03
1008253858,"7354063",1008249867,1,,,,"5",,"cm",6.03
1008253859,"7354064",1008249868,1,"10",6.00,16.00,"5","ft","inch",1.66
1008253866,"7354071",1008249875,1,"10",3.10,4.57,"5","m","cm",6.03
1008253867,"7354072",1008249876,1,"10",3.66,5.18,"5","m","cm",6.03
1008253868,"7354073",1008249877,1,"10",5.00,15.00,"5","ft","inch",1.90
1008253869,"7354074",1008249878,1,"10",3.10,4.57,"5","m","cm",6.03
1008253872,"7354077",1008249881,1,"10",3.10,6.10,"5","m","cm",6.03
1008253873,"7354078",1008249882,1,"10",3.10,6.10,"5","m","cm",6.03
1008253874,"7354079",1008249883,1,,3.00,13.00,"5","ft","inch",1.66
1008253875,"7354080",1008249884,1,"10",2.44,5.49,"5","m","cm",6.03
1008253877,"7354082",1008249886,1,,,,"5",,"cm",6.03
1008253921,"7354127",1008249931,1,"10",9.30,12.40,"5","m","cm",6.03
1008253922,"7354128",1008249932,1,"10",9.30,12.40,"5","m","cm",6.03
1008253998,"7354215",1008250008,1,"10",4.00,12.50,"5","ft","inch",1.66
1008253999,"7354216",1008250009,1,"10",5.00,15.00,"5","ft","inch",1.66
1008254000,"7354217",1008250010,1,"10",4.50,12.50,"5","ft","inch",1.66
1008254001,"7354218",1008250011,1,"10",5.00,13.00,"5","ft","inch",1.66
1008254002,"7354219",1008250012,1,"10",4.50,12.50,"5","ft","inch",1.66
1008254003,"7354220",1008250013,1,"10",4.00,12.00,"5","ft","inch",1.66
1008254004,"7354221",1008250014,1,"10",4.00,12.00,"5","ft","inch",1.66
1008254005,"7354222",1008250015,1,"10",4.00,12.00,"5","ft","inch",1.66
1008254006,"7354223",1008250016,1,,,,"5",,"cm",4.83
1008254007,"7354224",1008250017,1,"10",1.47,4.57,"5","m","cm",6.03
1008254023,"7354240",1008250033,1,"10",3.10,6.10,"5","m","cm",6.03
1008254024,"7354241",1008250034,1,"10",2.13,5.18,"5","m","cm",6.03
1008254025,"7354242",1008250035,1,"10",3.66,6.70,"5","m","cm",6.03
1008254026,"7354243",1008250036,1,"10",4.03,7.13,"5","m","cm",4.82
1008254027,"7354244",1008250037,1,"10",3.10,6.10,"5","m","cm",4.82
1008254028,"7354245",1008250038,1,"10",3.10,6.10,"5","m","cm",4.82
1008254031,"7354248",1008250041,1,"10",4.65,7.75,"5","m","cm",6.03
1008254032,"7354249",1008250042,1,"10",3.10,6.10,"5","m","cm",6.03
1008254037,"7354266",1008250059,1,"10",1.39,4.49,"5","m","cm",6.03
1008254038,"7354267",1008250060,1,"10",1.39,4.49,"5","m","cm",6.03
1008254039,"7354268",1008250061,1,"10",1.08,4.18,"5","m","cm",6.03
1008254048,"7354277",1008250070,1,"10",3.41,7.44,"5","m","cm",6.03
1008254049,"7354278",1008250071,1,"10",3.10,7.13,"5","m","cm",6.03
1008254050,"7354279",1008250072,1,"10",3.10,6.10,"5","m","cm",4.82
1008254051,"7354280",1008250073,1,"10",2.32,5.42,"5","m","cm",4.82
1008737753,"7354736",1008737748,,,,,,"m","cm",
1008737761,"7354737",1008737756,,,,,,"m","cm",
1008292327,"7354738",1008288861,1,,,,"5","m","cm",
1008746098,"7354884",1008746093,,,,,,"m","cm",
1008292349,"7354887",1008288886,1,,,,"5",,"cm",5.40
1008921177,"7354926",1008921172,,,,,,"ft","inch",
1008292309,"7354930",1008288830,1,"10",5.00,25.00,"5","ft","inch",1.66
1008292310,"7354931",1008288831,1,"10",8.00,23.00,"5","ft","inch",2.37
1008292311,"7354932",1008288832,1,"10",5.00,25.00,"5","ft","inch",2.37
1008269634,"7355111",1008267869,1,,1.30,2.80,"5","m",,
1008269635,"7355111",1008267869,2,,,,,,"cm",
1008334712,"7355925",1008333056,1,"10",1.16,6.16,"5","ft","inch",1.66
1008334713,"7355926",1008333057,1,"10",1.50,6.50,"5","ft","inch",1.66
1008334722,"7356021",1008333069,1,".01",7.00,10.00,"5","m","cm",5.60
1008334750,"7356084",1008333104,1,".01",1.60,4.60,"5","m","cm",5.70
1008334751,"7356085",1008333105,1,".01",0.76,2.26,"5","m","cm",5.70
1008337506,"7356087",1008337212,1,".01",6.40,9.45,"5","m","cm",4.40
1008337507,"7356087",1008337212,2,,4.00,5.45,,"m",,
1008337509,"7356167",1008337222,1,"10",4.50,14.50,"5","ft","inch",1.66
1008337510,"7356168",1008337223,1,"10",14.00,3.00,"5","ft","inch",1.66
1008337511,"7356169",1008337224,1,"10",4.00,14.00,"5","ft","inch",1.66
1008337512,"7356170",1008337225,1,"10",4.00,14.00,"5","ft","inch",1.66
1008337513,"7356171",1008337226,1,"10",3.00,13.00,"5","ft","inch",1.66
1008318896,"7356909",1008318887,,,,,,"ft","inch",
1008311048,"7357089",1008311039,,,,,,"ft","inch",
1008312368,"7357160",1008312362,1,"10",1.52,3.81,"5","m","cm",5.88
1008340726,"7357170",1008340721,,,,,,"m","cm",
1008340735,"7357171",1008340730,1,"10",4.57,6.10,"5","m","cm",5.88
1008340822,"7357234",1008340817,,,,,,"ft","inch",
1008341053,"7357247",1008341047,,,,,,"ft","inch",
1008341066,"7357248",1008341057,,,,,,"ft","inch",
1008341109,"7357249",1008341096,,,,,,"ft","inch",
1008341152,"7357250",1008341141,,,,,,"ft","inch",
1008341192,"7357251",1008341182,,,,,,"ft","inch",
1008341271,"7357252",1008341261,,,,,,"ft","inch",
1008341311,"7357253",1008341301,,,,,,"ft","inch",
1008341619,"7357254",1008341609,,,,,,"ft","inch",
1008341658,"7357255",1008341649,,,,,,"ft","inch",
1008341698,"7357256",1008341689,,,,,,"ft","inch",
1008341739,"7357257",1008341729,,,,,,"ft","inch",
1008341793,"7357258",1008341782,,,,,,"ft","inch",
1008341833,"7357259",1008341824,,,,,,"ft","inch",
1008341933,"7357260",1008341924,,,,,,"ft","inch",
1008342245,"7357263",1008342236,,,,,,"ft","inch",
1008342398,"7357264",1008342388,,,,,,"ft","inch",
1008342438,"7357265",1008342428,,,,,,"ft","inch",
1008342489,"7357266",1008342479,,,,,,"ft","inch",
1008342680,"7357270",1008342668,,,,,,"ft","inch",
1008342772,"7357273",1008342760,,,,,,"ft","inch",
1008342927,"7357274",1008342917,,,,,,"ft","inch",
1008342968,"7357275",1008342958,,,,,,"ft","inch",
1008343023,"7357338",1008343012,,,,,,"ft","inch",
1008343104,"7357340",1008343094,,,,,,"ft","inch",
1008343257,"7357344",1008343245,,,,,,"ft","inch",
1008343296,"7357345",1008343287,,,,,,"ft","inch",
1008343414,"7357348",1008343406,,,,,,"ft","inch",
1008343540,"7357351",1008343529,,,,,,"ft","inch",
1008343585,"7357352",1008343570,,,,,,"ft","inch",
1008343716,"7357355",1008343702,,,,,,"ft","inch",
1008343756,"7357356",1008343747,,,,,,"ft","inch",
1008343796,"7357357",1008343787,,,,,,"ft","inch",
1008343849,"7357358",1008343827,,,,,,"ft","inch",
1008343885,"7357359",1008343880,,,,,,"ft","inch",
1008357420,"7357360",1008357415,,,,,,"ft","inch",
1008357744,"7357534",1008357739,,,,,,"ft","inch",
1008287048,"7357764",1008287037,1,"1",0.00,3.00,"5","m","cm",32.00
1008272416,"7357887",1008272410,1,"10",2.40,3.96,"5","m","cm",3.89
1008272494,"7357893",1008272486,1,"25",2.60,5.64,"5","m","cm",5.88
1008304976,"7358045",1008304971,,,,,,"ft","inch",
1008390057,"7358212",1008386067,1,".10",3.00,7.00,"5","ft","inch",2.25
1009642007,"7358344",1009632399,1,"10",6.10,9.14,"5","m","cm",4.82
1009642008,"7358345",1009632400,1,"10",9.19,12.19,"5","m","cm",4.82
1009642009,"7358346",1009632401,1,"10",6.10,9.14,"5","m","cm",6.03
1009642010,"7358347",1009632402,1,"10",6.10,9.14,"5","m","cm",6.03
1009642011,"7358348",1009632403,1,"10",6.10,9.14,"5","m","cm",6.03
1009642012,"7358349",1009632404,1,"10",6.10,9.14,"5","m","cm",6.03
1009642013,"7358350",1009632405,1,"10",3.10,6.10,"5","m","cm",6.03
1009642014,"7358351",1009632406,1,"10",3.10,6.10,"5","m","cm",6.03
1009642021,"7358358",1009632413,1,"10",3.10,6.20,"5","m","cm",6.03
1009642022,"7358359",1009632414,1,"10",10.00,20.00,"5","ft","Inch",2.25
1009642023,"7358360",1009632415,1,"10",10.00,20.00,"5","ft","Inch",2.25
1009642033,"7358370",1009632425,1,"10",6.20,9.30,"5","m","cm",6.03
1009642034,"7358371",1009632426,1,"10",6.20,9.30,"5","m","cm",6.03
1009642035,"7358372",1009632427,1,"10",6.20,9.30,"5","m","cm",6.03
1009642036,"7358373",1009632428,1,"10",6.10,9.14,"5","m","cm",6.03
1009642102,"7358441",1009632496,1,"10",5.00,15.00,"5","ft","Inch",2.10
1009642103,"7358442",1009632497,1,"10",5.00,15.00,"5","ft","Inch",2.10
1009642104,"7358443",1009632498,1,"10",5.00,15.00,"5","ft","Inch",2.10
1009642143,"7358482",1009632537,1,"10",1.47,4.57,"5","ft","Inch",6.03
1009642144,"7358483",1009632538,1,"10",2.17,5.27,"5","m","cm",6.03
1009642145,"7358484",1009632539,1,"10",1.24,4.03,"5","m","cm",6.03
1009642542,"7358903",1009632957,1,"10",0.91,3.10,"5","ft","Inch",6.03
1009642543,"7358904",1009632958,1,"10",0.91,3.10,"5","m","cm",6.03
1009642544,"7358905",1009632959,1,"10",0.91,3.10,"5","m","cm",6.03
1009642564,"7358926",1009632980,1,"10",5.00,15.00,"5","ft","Inch",1.90
1009642568,"7358930",1009632984,1,"10",5.00,15.00,"5","ft","Inch",2.37
1009642569,"7358931",1009632985,1,"10",5.00,15.00,"5","ft","Inch",2.37
1009642571,"7358933",1009632987,1,"10",3.10,6.10,"5","m","cm",6.03
1009642572,"7358934",1009632988,1,"10",1.52,3.10,"5","m","cm",6.03
1009642573,"7358935",1009632989,1,"10",1.52,4.57,"5","m","cm",4.82
1009642574,"7358936",1009632990,1,"10",3.10,6.10,"5","m","cm",4.82
1009642575,"7358937",1009632991,1,"10",1.52,4.57,"5","m","cm",4.82
1009642576,"7358938",1009632992,1,"10",1.52,4.57,"5","m","cm",4.82
1009642585,"7358947",1009633001,1,"10",1.52,4.57,"5","m","cm",4.21
1009642586,"7358948",1009633002,1,"10",1.52,4.57,"5","m","cm",4.21
1009642587,"7358949",1009633003,1,"10",1.52,4.57,"5","m","cm",3.34
1009642588,"7358950",1009633004,1,"10",5.00,15.00,"5","ft","Inch",2.37
1009642589,"7358951",1009633005,1,"10",5.00,15.00,"5","ft","Inch",2.37
1009642590,"7358952",1009633006,1,"10",5.00,15.00,"5","ft","Inch",2.37
1009642595,"7358957",1009633011,1,"10",5.00,15.00,"5","ft","Inch",2.37
1009642600,"7358962",1009633016,1,"10",7.50,9.50,"5","ft","Inch",2.37
1009642601,"7358963",1009633017,1,"10",13.00,20.00,"5","ft","Inch",1.66
1009642602,"7358964",1009633018,1,"10",15.50,20.50,"5","ft","Inch",1.66
1009642603,"7358965",1009633019,1,"10",15.00,22.00,"5","ft","Inch",1.66
1009642604,"7358966",1009633020,1,"10",7.50,12.50,"5","ft","Inch",2.37
1009642605,"7358967",1009633021,1,"10",15.00,20.00,"5","ft","Inch",1.66
1009642776,"7359139",1009633192,1,"10",1.47,4.57,"5","m","cm",6.03
1009642777,"7359140",1009633193,1,"10",3.10,6.20,"5","m","cm",
1009642780,"7359143",1009633196,1,"10",5.00,15.00,"5","ft","Inch",1.66
1009642781,"7359144",1009633197,1,"10",3.50,15.50,"5","ft","Inch",1.66
1009642852,"7359216",1009633268,1,"10",18.89,22.00,"5","m","cm",6.03
1009642853,"7359217",1009633269,1,"10",12.19,15.24,"5","m","cm",6.03
1009642858,"7359222",1009633274,1,"10",6.10,9.00,"5","m","cm",1.82
1009642859,"7359223",1009633275,1,"10",15.00,25.00,"5","ft","Inch",1.90
1009642881,"7359245",1009633297,1,"10",15.00,21.50,"5","ft","Inch",1.66
1009642882,"7359246",1009633298,1,"10",7.50,9.50,"5","ft","Inch",2.37
1009642883,"7359247",1009633299,1,"10",7.50,12.50,"5","ft","Inch",2.37
1009642884,"7359248",1009633300,1,"10",16.50,21.50,"5","ft","Inch",1.66
1009642885,"7359249",1009633301,1,"10",8.50,13.50,"5","ft","Inch",2.37
1009642886,"7359250",1009633302,1,"10",7.50,9.50,"5","ft","Inch",2.37
1008390143,"7359408",1008386268,1,,,,,,"inch",
1008397460,"7359532",1008397106,1,"25",1.83,4.88,"5","m","cm",5.88
1008407333,"7359571",1008406491,1,"25",3.35,4.37,"5","m","cm",3.89
1008411106,"7359708",1008410654,1,".01",10.62,13.62,"5","m","cm",5.80
1008411107,"7359710",1008410655,1,"10",45.00,55.00,"5","ft","inch",2.00
1008411108,"7359711",1008410656,1,"10",35.00,45.00,"5","ft","inch",2.00
1008419697,"7359838",1008418171,1,"25",0.76,2.28,"5","m","cm",5.86
1008419698,"7359839",1008418172,1,"25",0.76,2.77,"5","m","cm",5.86
1008419699,"7359840",1008418173,1,"25",,,,,"cm",5.86
1008419714,"7359908",1008418237,1,"10",17.41,27.41,"5","ft","inch",2.66
1008419715,"7359909",1008418238,1,"10",16.41,26.41,"5","ft",,
1008510949,"7360532",1008510941,,,,,,"ft","inch",
1008511009,"7360533",1008511000,,,,,,"ft","inch",
1008905462,"7360566",1008905452,,,,,,"ft","inch",
1008905510,"7360567",1008905493,,,,,,"ft","inch",
1008905750,"7360569",1008905739,,,,,,"ft","inch",
1008905792,"7360570",1008905781,,,,,,"ft","inch",
1008320295,"7360734",1008320289,,,,,,"m","cm",
1008320316,"7360735",1008320310,,,,,,"m","cm",
1008328682,"7360792",1008328672,,,,,,"ft","inch",
1008330014,"7360795",1008330005,,,,,,"ft","inch",
1008330054,"7360796",1008330044,,,,,,"ft","inch",
1008330092,"7360797",1008330084,1,"10",11.90,13.20,"8","m","cm",13.97
1008339110,"7360800",1008339105,,,,,,"ft","inch",
1008339387,"7360802",1008339379,1,"8",6.63,8.85,"8","m","cm",13.97
1008907232,"7360938",1008907227,,,,,,"ft","inch",
1008908582,"7360976",1008908577,,,,,,"ft","inch",
1008922477,"7361099",1008922466,,,,,,"m","cm",
1008922709,"7361105",1008922698,,,,,,"ft","inch",
1008924878,"7361142",1008924873,,,,,,"ft","inch",
1008925333,"7361143",1008925328,,,,,,"ft","inch",
1008925340,"7361144",1008925335,,,,,,"ft","inch",
1008925367,"7361145",1008925362,,,,,,"ft","inch",
1008925374,"7361146",1008925369,,,,,,"ft","inch",
1008925381,"7361147",1008925376,,,,,,"ft","inch",
1008925388,"7361148",1008925383,,,,,,"ft","inch",
1008925395,"7361149",1008925390,,,,,,"ft","inch",
1008925992,"7361167",1008925987,,,,,,"ft","inch",
1008384552,"7361249",1008384545,1,"25",5.65,6.22,"5","m","cm",5.88
1008384586,"7361250",1008384580,1,"25",3.05,6.10,"5","m","cm",5.88
1008359464,"7362269",1008359456,1,"25",3.50,5.00,"5","m","cm",5.88
1008370482,"7362399",1008370472,,,,,,"ft","inch",
1008371955,"7362409",1008371942,,,,,,"m","cm",
1008372375,"7362420",1008372369,1,"10",6.00,16.00,"5","ft","inch",2.37
1008372387,"7362421",1008372381,1,"10",6.00,16.00,"5","ft","inch",2.37
1008372399,"7362422",1008372393,1,"10",6.00,16.00,"5","ft","inch",2.37
1008372414,"7362423",1008372408,1,"10",6.00,16.00,"5","ft","inch",2.37
1008375839,"7362457",1008375826,,,,,,"ft","inch",
1008376009,"7362461",1008375995,,,,,,"ft","inch",
1008376177,"7362465",1008376167,,,,,,"ft","inch",
1008376218,"7362466",1008376207,,,,,,"ft","inch",
1008376260,"7362467",1008376248,,,,,,"ft","inch",
1008376303,"7362468",1008376293,,,,,,"ft","inch",
1008376435,"7362470",1008376424,,,,,,"ft","inch",
1008376559,"7362472",1008376546,,,,,,"ft","inch",
1008376690,"7362475",1008376677,,,,,,"ft","inch",
1008376954,"7362476",1008376939,,,,,,"ft","inch",
1008377038,"7362478",1008377026,,,,,,"ft","inch",
1008377135,"7362481",1008377130,,,,,,"ft","inch",
1008377322,"7362486",1008377312,,,,,,"ft","inch",
1008377364,"7362487",1008377353,,,,,,"ft","inch",
1008377411,"7362488",1008377395,,,,,,"ft","inch",
1008377586,"7362492",1008377572,,,,,,"ft","inch",
1008377627,"7362493",1008377617,,,,,,"ft","inch",
1008377671,"7362494",1008377657,,,,,,"ft","inch",
1008382517,"7362495",1008382503,,,,,,"ft","inch",
1008382564,"7362496",1008382548,,,,,,"ft","inch",
1008382608,"7362497",1008382595,,,,,,"ft","inch",
1008382959,"7362504",1008382948,,,,,,"ft","inch",
1008383103,"7362507",1008383088,,,,,,"ft","inch",
1008383619,"7362517",1008383614,,,,,,"ft","inch",
1008383629,"7362518",1008383624,,,,,,"ft","inch",
1008383757,"7362528",1008383752,,,,,,"ft","inch",
1008383767,"7362529",1008383762,,,,,,"ft","inch",
1008921270,"7362787",1008921265,,,,,,"ft","inch",
1008921280,"7362788",1008921275,,,,,,"ft","inch",
1008921442,"7362791",1008921437,,,,,,"ft","inch",
1008350721,"7362958",1008350581,1,"10",20.00,30.00,"5","m","cm",5.00
1008350722,"7362960",1008350583,1,"10",20.00,30.00,"5","m","cm",5.00
1008432046,"7363081",1008432035,,,,,,"m","cm",
1008432086,"7363082",1008432076,,,,,,"m","cm",
1008433169,"7363114",1008433158,,,,,,"ft","inch",
1008433306,"7363117",1008433296,,,,,,"ft","inch",
1008484799,"7363130",1008484789,,,,,,"ft","inch",
1008651153,"7363137",1008651142,,,,,,"m","cm",
1008662251,"7363152",1008662244,1,"10",4.50,9.50,"5","ft","inch",1.90
1008662265,"7363153",1008662257,1,"10",9.00,14.00,"5","ft","inch",1.90
1008662278,"7363154",1008662271,1,"10",12.00,22.00,"5","ft","inch",1.90
1008662407,"7363165",1008662402,1,"10",5.00,10.00,"5","ft","inch",2.00
1009040209,"7363355",1009038894,1,"20",10.67,13.72,"5","m","cm",16.83
1009040210,"7363356",1009038895,1,"20",,,"5",,"cm",5.88
1009040211,"7363361",1009038900,1,,17.00,22.00,,"ft",,
1008796883,"7363433",1008795366,1,,25.00,30.00,,"ft","Inch",2.00
1008796884,"7363434",1008795367,1,,45.00,50.00,"5","ft","Inch",2.00
1008796885,"7363435",1008795368,1,,0.00,35.00,"5","ft",,
1008796866,"7363570",1008795311,1,"20",3.96,7.01,"5","m","cm",5.88
1008796867,"7363572",1008795312,1,"20",13.40,14.94,"5","m","cm",16.83
1008796868,"7363573",1008795313,1,"20",9.95,13.00,"5","m","cm",16.80
1008796869,"7363575",1008795314,1,"20",12.20,15.24,"5","m","cm",16.80
1008796870,"7363576",1008795315,1,"20",3.96,7.01,"5","m","cm",5.88
1008375009,"7363753",1008374899,1,"10",37.00,45.00,"5","ft","inch",2.00
1008736216,"7363853",1008736211,,,,,,"ft","inch",
1008736319,"7363854",1008736314,,,,,,"ft","inch",
1008736329,"7363855",1008736324,,,,,,"ft","inch",
1008736339,"7363856",1008736334,,,,,,"ft","inch",
1008736349,"7363857",1008736344,,,,,,"ft","inch",
1008682973,"7364051",1008682968,,,,,,"ft","inch",
1008683190,"7364057",1008683180,,,,,,"ft","inch",
1008687866,"7364119",1008687854,,,,,,"ft","inch",
1008687942,"7364120",1008687930,,,,,,"ft","inch",
1008688005,"7364121",1008687990,,,,,,"ft","inch",
1008688127,"7364122",1008688117,,,,,,"ft","inch",
1008688167,"7364123",1008688158,,,,,,"ft","inch",
1008688207,"7364124",1008688198,,,,,,"ft","inch",
1008688368,"7364125",1008688357,,,,,,"ft","inch",
1008688428,"7364126",1008688417,,,,,,"ft","inch",
1008688480,"7364127",1008688468,,,,,,"ft","inch",
1008688529,"7364128",1008688517,,,,,,"ft","inch",
1008688678,"7364131",1008688673,,,,,,"ft","inch",
1008688789,"7364132",1008688784,,,,,,"ft","inch",
1008688798,"7364133",1008688793,,,,,,"ft","inch",
1008688807,"7364134",1008688802,,,,,,"ft","inch",
1008688846,"7364135",1008688832,,,,,,"ft","inch",
1008688889,"7364136",1008688877,,,,,,"ft","inch",
1008688932,"7364137",1008688922,,,,,,"ft","inch",
1008689108,"7364141",1008689096,,,,,,"ft","inch",
1008689195,"7364143",1008689183,,,,,,"ft","inch",
1008689237,"7364144",1008689225,,,,,,"ft","inch",
1008689281,"7364145",1008689268,,,,,,"ft","inch",
1008689322,"7364146",1008689311,,,,,,"ft","inch",
1008689366,"7364147",1008689353,,,,,,"ft","inch",
1008689402,"7364148",1008689397,,,,,,"ft","inch",
1008753110,"7364261",1008753101,,,,,,"ft","inch",
1008753248,"7364309",1008753243,,,,,,"m","cm",
1008753262,"7364310",1008753253,1,"35",7.78,9.00,"8","m","cm",13.97
1008620109,"7364340",1008619528,1,"10",4.00,11.00,"5","ft","inch",1.66
1008620113,"7364344",1008619532,1,"10",22.00,32.00,"5","ft","inch",2.37
1008620114,"7364345",1008619533,1,"10",10.00,20.00,"5","ft","inch",2.37
1008620117,"7364348",1008619536,1,"10",10.00,20.00,"5","ft","inch",2.37
1008620118,"7364349",1008619537,1,"10",10.00,20.00,"5","ft","inch",2.37
1008620119,"7364350",1008619538,1,"10",16.50,26.50,"5","ft","inch",2.37
1008620135,"7364366",1008619554,1,"10",9.00,19.00,"5","ft","inch",1.90
1008620136,"7364367",1008619555,1,"10",4.00,14.00,"5","ft","inch",1.90
1008620138,"7364369",1008619557,1,"10",14.00,24.00,"5","ft","inch",1.31
1008620139,"7364370",1008619558,1,"10",20.00,30.00,"5","ft","inch",14.00
1008620140,"7364371",1008619559,1,"10",0.91,3.96,"5","m","cm",3.34
1008620141,"7364372",1008619560,1,"10",5.00,15.00,"5","ft","inch",2.37
1008620142,"7364374",1008619562,1,"10",20.00,30.00,"5","ft","inch",1.60
1008620147,"7364382",1008619570,1,"10",5.00,15.00,"5","ft","inch",1.90
1008620148,"7364382",1008619570,2,,,,,,"inch",
1008620149,"7364383",1008619571,1,"10",5.00,15.00,"5","ft","inch",1.90
1008620150,"7364384",1008619572,1,"10",5.00,15.00,"5","ft","inch",1.90
1008620151,"7364385",1008619573,1,"10",5.00,16.00,"5","ft","inch",1.66
1008620152,"7364386",1008619574,1,"10",6.00,16.00,"5","ft","inch",1.66
1008620153,"7364387",1008619575,1,"10",5.00,15.00,"5","ft","inch",1.31
1008714970,"7364534",1008714959,,,,,,"m","cm",
1008731450,"7364543",1008731439,,,,,,"m","cm",
1008840855,"7364563",1008840850,,,,,,"ft","inch",
1008842253,"7364564",1008842248,,,,,,"ft","inch",
1008842263,"7364565",1008842258,,,,,,"ft","inch",
1008842273,"7364566",1008842268,,,,,,"ft","inch",
1008731754,"7364617",1008731749,,,,,,"ft","inch",
1008666979,"7364819",1008666352,1,"10",7.44,10.54,"5","m","cm",6.03
1008666980,"7364820",1008666353,1,"10",7.13,10.23,"5","m","cm",6.03
1008666981,"7364821",1008666354,1,"10",3.10,6.20,"5","m","cm",6.03
1008666982,"7364822",1008666355,1,"10",3.10,6.20,"5","m","cm",6.03
1008666983,"7364823",1008666356,1,"10",3.10,6.20,"5","m","cm",6.03
1008671711,"7364874",1008671109,1,"10",2.74,5.79,"5","m","cm",4.82
1008737615,"7364999",1008737052,1,"10",4.57,7.62,"5","m","cm",6.03
1008737616,"7365000",1008737053,1,"10",6.10,9.14,"5","m","cm",6.03
1008737637,"7365050",1008737102,1,,,,,,"cm",6.03
1008737638,"7365051",1008737103,1,,,,,,"cm",6.03
1008737639,"7365052",1008737104,1,,,,,,"cm",6.03
1008742780,"7365120",1008742318,1,"10",11.00,21.00,"5","m","cm",2.37
1008742781,"7365121",1008742319,1,"10",11.00,21.00,"5","ft","Inch",2.00
1008742782,"7365122",1008742320,1,"10",8.00,18.00,"5","ft","Inch",2.00
1008744743,"7365193",1008744446,1,"10",3.10,6.10,"5","m","cm",6.03
1008744744,"7365194",1008744447,1,"10",3.10,6.10,"5","m","cm",6.03
1008744745,"7365195",1008744448,1,"10",1.52,4.57,"5","m","cm",6.03
1008744746,"7365196",1008744449,1,"10",1.52,4.57,"5","m","cm",6.03
1008745350,"7365199",1008745180,1,"10",5.00,15.00,"5","ft","Inch",2.37
1008745351,"7365200",1008745181,1,"10",5.00,15.00,"5","ft","Inch",2.37
1008745352,"7365201",1008745182,1,"10",5.00,15.00,"5","ft","Inch",2.37
1008745353,"7365202",1008745183,1,"10",5.00,15.00,"5","ft","Inch",2.37
1008746432,"7365220",1008746108,1,"10",4.57,7.62,"5","m","cm",6.03
1008746433,"7365221",1008746109,1,"10",4.57,7.62,"5","m","cm",6.03
1008746992,"7365245",1008746487,1,"10",2.55,4.10,"5","m","cm",6.03
1008746993,"7365246",1008746488,1,"10",2.45,4.00,"5","m","cm",6.03
1008746994,"7365247",1008746489,1,"10",2.75,4.30,"5","m","cm",6.03
1008746995,"7365248",1008746490,1,"10",2.25,3.80,"5","m","cm",6.03
1008746996,"7365249",1008746491,1,"10",2.65,4.20,"5","m","cm",6.03
1008746997,"7365250",1008746492,1,,,,"5",,"cm",6.03
1008746998,"7365251",1008746493,1,"10",1.35,2.90,"5","m","cm",6.03
1008746999,"7365252",1008746494,1,"10",2.17,3.72,"5","m","cm",6.03
1008747000,"7365253",1008746495,1,"10",2.65,4.20,"5","m","cm",6.03
1008747036,"7365289",1008746531,1,"10",5.00,15.00,"5","ft","Inch",1.90
1008747037,"7365290",1008746532,1,"10",2.00,10.00,"5","ft","Inch",1.90
1008747038,"7365291",1008746533,1,"10",5.00,15.00,"5","ft","Inch",1.90
1008747039,"7365292",1008746534,1,"10",5.00,15.00,"5","ft","Inch",1.90
1008747303,"7365293",1008747090,1,"10",5.00,15.00,"5","ft","Inch",1.90
1008747304,"7365294",1008747091,1,"10",5.00,15.00,"5","ft","Inch",1.90
1008748815,"7365334",1008748500,1,"10",5.00,15.00,"5","ft","Inch",1.90
1008748816,"7365335",1008748501,1,"10",3.00,12.00,"5","ft","Inch",1.58
1008748817,"7365336",1008748502,1,"10",3.00,12.00,"5","ft","Inch",1.58
1008748818,"7365337",1008748503,1,"10",3.00,13.00,"5","ft","Inch",1.58
1008748819,"7365338",1008748504,1,"10",5.00,15.00,"5","m","cm",2.37
1008748820,"7365339",1008748505,1,"10",4.00,14.00,"5","ft","Inch",1.58
1008748821,"7365340",1008748506,1,"10",6.00,16.00,"5","ft","Inch",1.90
1008753407,"7365343",1008753318,1,"10",4.00,14.00,"5","ft","Inch",1.90
1008753408,"7365344",1008753319,1,"10",2.00,10.50,"5","ft","Inch",1.90
1008753409,"7365345",1008753320,1,"10",2.00,10.00,"5","ft","Inch",1.90
1008753410,"7365346",1008753321,1,"10",5.00,15.00,"5","ft","Inch",1.90
1008753411,"7365347",1008753322,1,"10",6.00,16.00,"5","ft","Inch",1.90
1008753412,"7365348",1008753323,1,"10",2.00,12.00,"5","ft","Inch",1.90
1008753413,"7365349",1008753324,1,"10",5.00,15.00,"5","ft","Inch",1.90
1008753414,"7365350",1008753325,1,"10",8.00,18.00,"5","ft","Inch",1.90
1008753415,"7365351",1008753326,1,"10",5.00,15.00,"5","ft","Inch",1.90
1008753416,"7365352",1008753327,1,"10",8.00,18.00,"5","ft","Inch",1.90
1009597332,"7365409",1009594338,1,"10",5.00,15.00,"5","ft","Inch",1.75
1009597333,"7365410",1009594339,1,"10",3.00,13.00,"5","ft","Inch",1.75
1009597451,"7365536",1009594465,1,"10",3.00,13.00,"5","ft","Inch",2.37
1009597452,"7365537",1009594466,1,"10",3.00,6.00,"5","ft","Inch",2.37
1009597453,"7365538",1009594467,1,"10",4.00,14.00,"5","ft","Inch",2.37
1009597454,"7365539",1009594468,1,"10",3.00,13.00,"5","ft","Inch",2.37
1009597455,"7365540",1009594469,1,"10",3.00,13.00,"5","ft","Inch",2.37
1009597456,"7365541",1009594470,1,"10",2.49,5.49,"5","m","cm",9.82
1009597457,"7365542",1009594471,1,"10",1.83,4.88,"5","m","cm",4.82
1009597497,"7365583",1009594512,1,"10",3.10,6.10,"5","m","cm",4.82
1009597498,"7365584",1009594513,1,"10",3.10,4.57,"5","m","cm",4.82
1009597499,"7365585",1009594514,1,"10",3.10,6.10,"5","m","cm",4.82
1009597511,"7365602",1009594531,1,"10",3.10,6.10,"5","m","cm",6.03
1009597512,"7365603",1009594532,1,"10",3.10,6.10,"5","m","cm",6.03
1009597526,"7365618",1009594547,1,"10",44.00,46.50,"5","ft","Inch",1.90
1009597527,"7365619",1009594548,1,"10",42.00,47.00,"5","ft","Inch",1.90
1009597528,"7365620",1009594549,1,"10",20.00,25.00,"5","ft","Inch",1.90
1009597529,"7365621",1009594550,1,"10",16.00,21.00,"5","ft","Inch",16.10
1009597530,"7365622",1009594551,1,"10",5.00,15.00,"5","ft","Inch",2.37
1009597531,"7365623",1009594552,1,"10",12.00,22.00,"5","ft","Inch",2.37
1009597532,"7365624",1009594553,1,"0",5.00,9.00,"5","ft","Inch",2.37
1009597533,"7365625",1009594554,1,"10",5.00,15.00,"5","ft","Inch",2.37
1009597534,"7365627",1009594556,1,"10",20.00,25.00,"5","ft","Inch",1.90
1009597535,"7365628",1009594557,1,"10",18.00,23.00,"5","m","cm",1.90
1009597536,"7365629",1009594558,1,,,,"5","m","cm",
1009597537,"7365630",1009594559,1,"10",,,"5","m","cm",
1008753510,"7365811",1008753504,1,"10",3.05,7.62,"5","m","cm",5.88
1008759711,"7365933",1008759702,,,,,,"ft","inch",
1008811825,"7366343",1008811819,,,,,,"m","cm",
1008845849,"7366392",1008845838,,,,,,"m","cm",
1008800739,"7366534",1008800730,,,,,,"ft","inch",
1008669862,"7366812",1008669852,,,,,,"ft","inch",
1009139025,"7366907",1009135341,1,"10",3.00,13.00,"5","ft","Inch",2.37
1009139026,"7366908",1009135342,1,"10",6.00,16.00,"5","ft","Inch",1.66
1008670864,"7367126",1008670856,1,"10",1.55,4.65,"5","m","cm",4.83
1009139054,"7367460",1009135577,1,"8",55.00,65.00,"8","ft",,
1009139055,"7367460",1009135577,2,"12",65.00,80.50,"8","ft",,
1008882800,"7369391",1008882794,1,"25",3.05,6.10,"5","m","cm",5.88
1008464959,"7369588",1008464806,1,"10",,,"5","ft","inch",2.00
1008464961,"7369590",1008464810,1,,10.00,20.00,"5","ft","inch",1.50
1008464962,"7369591",1008464812,1,,10.00,20.00,"5","ft","inch",1.50
1008464963,"7369592",1008464814,1,,10.00,20.00,"5","ft","inch",1.50
1009627951,"7369648",1009623321,1,"10",3.10,6.10,"5","m","cm",6.03
1009627952,"7369649",1009623322,1,"10",2.79,5.79,"5","m","cm",6.03
1009627969,"7369665",1009623338,1,"10",10.00,20.00,"5","ft","Inch",2.37
1009627970,"7369666",1009623339,1,"10",10.00,20.00,"5","ft","Inch",2.37
1009627971,"7369667",1009623340,1,"10",15.00,25.00,"5","ft","Inch",1.90
1009627972,"7369668",1009623341,1,"10",14.00,24.00,"5","ft","Inch",2.37
1009627973,"7369669",1009623342,1,"10",3.10,6.10,"5","m","cm",6.03
1009627974,"7369670",1009623343,1,"10",4.50,6.10,"5","m","cm",6.03
1009627978,"7369674",1009623347,1,"10",3.10,6.10,"5","m","cm",6.03
1009627979,"7369675",1009623348,1,"10",6.00,16.00,"5","ft","Inch",1.31
1009627980,"7369676",1009623349,1,"10",1.98,3.51,"5","ft","Inch",6.03
1009627981,"7369677",1009623350,1,"10",1.98,3.51,"5","m","cm",6.03
1009627982,"7369677",1009623350,2,,,,,,"cm",
1009627983,"7369678",1009623351,1,"10",1.98,3.51,"5","m","cm",6.03
1009627984,"7369679",1009623352,1,"10",1.98,3.51,"5","m","cm",6.03
1009627985,"7369680",1009623353,1,"10",1.20,4.57,"5","m","cm",6.03
1009627986,"7369681",1009623354,1,"10",1.52,4.57,"5","m","cm",6.03
1009627987,"7369682",1009623355,1,"10",2.13,5.18,"5","m","cm",6.03
1009627988,"7369683",1009623356,1,"10",7.62,10.67,"5","m","cm",6.03
1009627989,"7369684",1009623357,1,"10",1.52,4.57,"5","m","cm",6.03
1009627990,"7369685",1009623358,1,"10",1.52,4.57,"5","m","cm",6.03
1009627991,"7369686",1009623359,1,"10",3.10,6.10,"5","m","cm",6.03
1009627994,"7369689",1009623362,1,"10",1.83,4.88,"5","m","cm",6.03
1009627995,"7369690",1009623363,1,"10",1.83,4.88,"5","m","cm",6.03
1009627996,"7369691",1009623364,1,"10",1.83,4.88,"5","m","cm",6.03
1009627997,"7369692",1009623365,1,"10",7.00,17.00,"5","ft","Inch",1.66
1009627998,"7369693",1009623366,1,"10",15.00,4.57,"5","m","cm",6.03
1009627999,"7369694",1009623367,1,"10",8.00,18.00,"5","ft","Inch",2.37
1009628000,"7369695",1009623368,1,"10",2.44,5.49,"5","m","cm",6.03
1009628043,"7369741",1009623414,1,"10",10.00,20.00,"5","ft",,
1009628044,"7369742",1009623415,1,"10",10.00,20.00,"5","ft",,
1009628045,"7369743",1009623416,1,"10",10.00,20.00,"5","ft",,
1009628154,"7369853",1009623526,1,"10",2.44,5.49,"5","m","cm",6.03
1009628155,"7369854",1009623527,1,"10",2.44,5.49,"5","m","cm",6.03
1009628156,"7369855",1009623528,1,"10",2.44,5.49,"5","m","cm",6.03
1009628157,"7369856",1009623529,1,"10",2.49,5.49,"5","m","cm",6.03
1009628158,"7369857",1009623530,1,"10",2.44,5.49,"5","m","cm",6.03
1009628159,"7369858",1009623531,1,"10",2.44,5.49,"5","ft","Inch",6.03
1009628160,"7369859",1009623532,1,"10",2.44,5.49,"5","m","cm",6.03
1009628161,"7369860",1009623533,1,"10",2.44,5.49,"5","m","cm",6.03
1009628162,"7369861",1009623534,1,"10",2.49,5.49,"5","m","cm",6.03
1009628217,"7369910",1009623583,1,"10",5.00,15.00,"5","ft",,
1009628218,"7369911",1009623584,1,"10",6.00,16.00,"5","ft","Inch",2.10
1009628219,"7369912",1009623585,1,"10",2.50,6.50,"5","ft",,
1009628220,"7369913",1009623586,1,"10",2.50,6.50,"5","ft","Inch",
1009628221,"7369914",1009623587,1,"10",2.50,6.50,"5","ft",,
1009628222,"7369915",1009623588,1,"10",8.00,18.00,"5","ft","Inch",1.31
1009628225,"7369918",1009623591,1,"10",5.00,15.00,"5","ft","Inch",2.10
1009628226,"7369919",1009623592,1,"10",5.00,15.00,"5","ft","Inch",2.10
1009628227,"7369920",1009623593,1,"10",5.00,15.00,"5","ft","Inch",2.10
1008884069,"7370082",1008884064,1,"10",16.50,46.50,"5","ft","inch",2.37
1008884080,"7370083",1008884075,1,"10",16.50,46.50,"5","ft","inch",2.37
1008884231,"7370084",1008884226,1,"10",16.50,46.50,"5","ft","inch",2.37
1008884317,"7370170",1008884312,,,,,,"ft","inch",
1008886215,"7370179",1008886210,,,,,,"ft","inch",
1008886344,"7370182",1008886339,,,,,,"ft","inch",
1009649471,"7370453",1009644014,1,"25",3.05,4.57,"5","m","cm",5.88
1009174945,"7370620",1009171464,1,"10",7.30,8.84,"5","m","cm",5.88
1008473673,"7370746",1008473550,1,"10",4.00,14.00,"5","ft","inch",2.00
1008473674,"7370747",1008473552,1,"10",4.00,14.00,"5","ft","inch",2.00
1009175003,"7371641",1009171619,1,"10",3.05,6.10,"5","ft","Inch",5.88
1009198805,"7372045",1009198800,,,,,,"ft","inch",
1009198812,"7372046",1009198807,,,,,,"ft","inch",
1009198820,"7372047",1009198815,,,,,,"ft","inch",
1009198827,"7372048",1009198822,,,,,,"ft","inch",
1009198834,"7372049",1009198829,,,,,,"ft","inch",
1009198841,"7372050",1009198836,,,,,,"ft","inch",
1009198848,"7372051",1009198843,,,,,,"ft","inch",
1009198855,"7372052",1009198850,,,,,,"ft","inch",
1009198862,"7372053",1009198857,,,,,,"m","cm",
1009198869,"7372054",1009198864,,,,,,"m","cm",
1009659350,"7372137",1009655682,1,,,,,,"Inch",
1009659351,"7372147",1009655692,1,,,,,,"Inch",
1009701138,"7372196",1009697391,1,"10",9.46,10.68,"8","m","cm",13.97
1009701139,"7372200",1009697395,1,"10",12.51,13.73,"8","m","cm",13.97
1009701152,"7372215",1009697410,1,,,,,,"Inch",
1009659453,"7372683",1009655914,1,"10",4.57,6.10,"5","m","cm",5.88
1009621593,"7372716",1009618556,1,"10",1.83,4.88,"5","m","cm",5.88
1009621667,"7373232",1009618673,1,"10",2.35,3.88,"5","m","cm",5.88
1009621668,"7373233",1009618674,1,"10",1.52,4.57,"5","m","cm",5.88
1009621669,"7373234",1009618675,1,"10",1.52,4.57,"5","m","cm",5.88
1009621670,"7373235",1009618676,1,"10",1.52,4.57,"5","m","cm",5.88
1009621671,"7373236",1009618677,1,"10",1.52,4.57,"5","m",,
1009621672,"7373237",1009618678,1,"10",3.05,4.57,"5","m","cm",5.88
1009621673,"7373238",1009618679,1,"10",,,"5",,"cm",5.88
1009621674,"7373239",1009618680,1,"10",1.52,4.57,"5","m","cm",5.88
1009621675,"7373240",1009618681,1,"10",3.05,4.57,"5","m","cm",5.88
1009621676,"7373241",1009618682,1,"10",1.52,4.57,"5","m","cm",5.88
1009621677,"7373242",1009618683,1,"10",3.05,4.57,"5","m","cm",5.88
1009621678,"7373243",1009618684,1,"10",3.05,4.57,"5","m","cm",5.88
1009621679,"7373245",1009618685,1,"10",2.29,3.81,"5","m","cm",5.88
1009621693,"7373260",1009618700,1,"10",2.15,5.18,"5","m","cm",5.88
1009621694,"7373261",1009618701,1,"10",2.15,5.81,"5","m","cm",5.88
1009621695,"7373262",1009618702,1,"10",1.52,3.05,"5","m","cm",5.88
1009701208,"7373550",1009697648,1,"10",5.91,15.91,"5","ft","Inch",1.66
1009744340,"7374311",1009742248,1,"10",3.05,4.57,"5","m","cm",5.88
1009693246,"7374493",1009690230,1,".10",2.44,5.48,"5","m","cm",6.03
1009693247,"7374494",1009690231,1,".10",1.52,4.57,"5","m","cm",6.03
1009693248,"7374495",1009690232,1,".10",1.83,4.87,"5","m","cm",6.03
1009714934,"7374856",1009707537,1,"10",15.00,20.00,"5","ft","Inch",1.90
1009714935,"7374857",1009707538,1,"10",15.00,20.00,"5","ft","Inch",1.90
1009714936,"7374858",1009707539,1,"10",15.00,20.00,"5","ft","Inch",1.90
1009714937,"7374859",1009707540,1,"10",15.00,20.00,"5","ft","Inch",1.90
1009714938,"7374860",1009707541,1,"10",6.10,9.14,"5","m","cm",6.03
1009714939,"7374861",1009707542,1,"10",14.50,24.50,"5","ft","Inch",1.66
1009714940,"7374862",1009707543,1,"10",40.00,50.00,"5","ft","Inch",2.50
1009714941,"7374863",1009707544,1,"10",1.52,3.10,"5","m","cm",4.82
1009714942,"7374864",1009707545,1,"10",1.52,4.57,"5","m","cm",4.82
1009714943,"7374865",1009707546,1,"10",45.00,55.00,"5","ft","Inch",1.90
1009714944,"7374866",1009707547,1,"10",7.50,17.50,"5","ft","Inch",2.37
1009714945,"7374867",1009707548,1,"10",12.00,22.00,"5","ft","Inch",1.90
1009714946,"7374868",1009707549,1,"10",12.00,22.00,"5","ft","Inch",1.90
1009714947,"7374869",1009707550,1,"10",11.50,17.50,"5","ft","Inch",1.66
1009714948,"7374870",1009707551,1,"10",3.35,4.88,"5","m","cm",6.03
1009714949,"7374871",1009707552,1,"10",3.10,4.57,"5","m","cm",6.03
1009714950,"7374872",1009707553,1,"10",3.96,5.49,"5","m","cm",6.03
1009714951,"7374873",1009707554,1,"10",21.50,31.50,"5","ft","Inch",2.37
1009714952,"7374874",1009707555,1,"10",21.50,31.50,"5","ft","Inch",2.37
1009714953,"7374875",1009707556,1,"10",20.00,30.00,"5","ft","Inch",2.37
1009714954,"7374876",1009707557,1,"10",20.00,30.00,"5","ft","Inch",2.37
1009714955,"7374877",1009707558,1,"10",10.00,20.00,"5","ft",,
1009714956,"7374878",1009707559,1,"10",5.00,15.00,"5","ft","Inch",1.66
1009714957,"7374878",1009707559,2,,,,,"ft","Inch",
1009714958,"7374879",1009707560,1,"0",7.00,17.00,"5","ft","Inch",2.37
1009714959,"7374881",1009707562,1,"10",3.00,9.00,"5","ft","Inch",1.66
1009714960,"7374882",1009707563,1,"10",4.00,12.00,"5","ft","Inch",1.66
1009714961,"7374883",1009707564,1,"10",5.00,15.00,"5","ft","Inch",1.66
1009714965,"7374887",1009707568,1,"10",15.00,25.00,"5","ft","Inch",1.90
1009714966,"7374890",1009707571,1,"10",3.10,6.10,"5","m","cm",6.03
1009714967,"7374891",1009707572,1,"10",3.10,6.10,"5","m","cm",6.03
1009714968,"7374892",1009707573,1,"10",3.10,6.10,"5","m","cm",6.03
1009714969,"7374893",1009707574,1,"10",3.10,6.10,"5","m","cm",6.03
1009714970,"7374894",1009707575,1,"10",30.00,40.00,"5","ft","Inch",2.37
1009714971,"7374895",1009707576,1,"10",8.00,18.00,"5","ft","Inch",2.37
1009714972,"7374896",1009707577,1,"10",8.00,18.00,"5","ft","Inch",2.37
1009714973,"7374897",1009707578,1,"10",7.00,18.00,"5","ft","Inch",2.37
1009715041,"7375033",1009707654,1,"10",12.00,22.00,"5","ft","Inch",1.91
1009715042,"7375034",1009707655,1,"10",3.50,10.50,"5","ft","Inch",691.00
1009715043,"7375035",1009707656,1,"10",5.00,15.00,"5","ft","Inch",1.91
1009715213,"7375228",1009707851,1,"10",2.74,5.79,"5","m","cm",6.03
1009715214,"7375229",1009707852,1,"10",2.74,5.29,"5","m","cm",6.03
1009715215,"7375230",1009707853,1,"10",2.74,5.29,"5","m","cm",6.03
1009715216,"7375231",1009707854,1,"10",2.74,5.79,"5","m","cm",6.03
1009715238,"7375256",1009707879,1,,10.00,20.00,"5","ft","Inch",1.91
1009715239,"7375257",1009707880,1,"10",10.00,20.00,"5","ft","Inch",1.91
1009715240,"7375258",1009707881,1,"10",10.00,20.00,"5","ft","Inch",1.91
1009715456,"7375485",1009708107,1,"10",1.52,3.00,"5","ft","Inch",6.03
1009715457,"7375486",1009708108,1,"10",1.52,3.00,"5","m","cm",6.03
1009715458,"7375487",1009708109,1,"10",1.98,5.02,"5","ft","Inch",6.03
1009715559,"7375613",1009708235,1,"10",1.00,8.00,"5","ft","Inch",1.61
1009715560,"7375615",1009708237,1,"10",8.00,18.00,"5","ft","Inch",2.10
1009715561,"7375616",1009708238,1,"10",37.00,47.00,"5","ft","Inch",2.10
1009715562,"7375617",1009708239,1,"10",3.00,10.00,"5","ft","Inch",1.66
1009715563,"7375618",1009708240,1,"10",3.00,7.00,"5","ft","Inch",1.68
1009715564,"7375619",1009708241,1,"10",3.00,12.00,"5","ft","Inch",1.91
1009683767,"7375973",1009680454,1,"010",104.41,114.41,"5","ft","Inch",2.37
1009683768,"7375974",1009680455,1,"010",100.00,110.00,"5","ft","Inch",2.37
1009683769,"7375975",1009680456,1,"010",13.00,23.00,"5","ft","Inch",2.60
1009683770,"7375976",1009680457,1,,,,"5",,"Inch",2.25
1009693297,"7376050",1009690343,1,"10",14.00,24.00,"5","ft","Inch",2.37
1009693298,"7376051",1009690344,1,"10",4.58,14.58,"5","ft","Inch",2.37
1009693299,"7376052",1009690345,1,"10",5.00,10.00,"5","ft","Inch",2.37
1008681497,"7376249",1008681488,1,"16",8.55,,"8","m","cm",13.97
1009683789,"7376578",1009680529,1,"010",62.00,72.00,"5","ft","Inch",2.37
1009744408,"7376689",1009742422,1,"10",1.55,3.07,"5","m","cm",5.88
1009693309,"7376697",1009690375,1,"10",7.50,8.00,"5","ft","Inch",2.37
1009693310,"7376698",1009690376,1,"10",7.50,17.50,"5","ft","Inch",2.37
1009693311,"7376699",1009690377,1,"10",7.50,17.50,"5","ft","Inch",2.37
1009744416,"7376935",1009742448,1,"10",3.05,4.57,"5","m","cm",5.88
1009744422,"7377011",1009742479,1,"#8",9.50,10.68,"8","m","cm",13.97
1009744423,"7377012",1009742480,1,"10",9.46,10.68,"8","m","cm",13.97
1008542960,"7377228",1008542810,1,"10",8.00,10.00,"5","ft","inch",1.00
1008542961,"7377229",1008542812,1,"10",9.50,13.00,"5","ft","inch",1.00
1008542962,"7377230",1008542814,1,"10",16.00,21.00,"5","ft","inch",1.00
1008542963,"7377231",1008542816,1,"10",21.00,26.00,"5","ft","inch",1.00
1008542964,"7377232",1008542818,1,"10",25.50,32.00,"5","ft","inch",1.00
1008542965,"7377234",1008542822,1,,,,"7","ft","inch",
1009760680,"7378127",1009757795,1,".10",16.50,29.50,"5","ft","Inch",8.31
1009739520,"7379100",1009734665,1,"10",2.13,5.18,"5","m","cm",6.03
1009739521,"7379101",1009734666,1,"10",1.52,4.57,"5","m","cm",6.03
1009739522,"7379102",1009734667,1,"10",2.44,5.49,"5","m","cm",6.03
1009739526,"7379106",1009734671,1,"10",1.52,4.57,"5","m","cm",4.82
1009739529,"7379109",1009734674,1,"10",7.00,17.00,"5","ft","Inch",1.31
1009739530,"7379110",1009734675,1,"10",7.00,17.00,"5","ft","Inch",1.66
1009739540,"7379123",1009734688,1,"10",1.52,3.66,"5","m","cm",4.82
1009739541,"7379124",1009734689,1,"10",1.83,3.35,"5","m","cm",4.82
1009739543,"7379126",1009734691,1,"10",7.00,17.00,"5","ft","Inch",1.66
1009739544,"7379127",1009734692,1,"10",4.50,14.50,"5","ft","Inch",1.90
1009739545,"7379128",1009734693,1,"10",6.00,16.00,"5","ft","Inch",1.66
1009739546,"7379129",1009734694,1,"10",5.00,10.00,"5","ft","Inch",1.66
1009739554,"7379137",1009734702,1,"10",15.00,20.00,"5","ft","Inch",1.90
1009739555,"7379138",1009734703,1,"10",15.00,20.00,"5","ft","Inch",1.90
1009739609,"7379259",1009734825,1,"10",3.50,13.50,"5","ft","Inch",2.37
1009739610,"7379260",1009734826,1,"10",3.50,13.50,"5","ft","Inch",2.37
1009750598,"7379261",1009747411,1,"10",3.50,13.50,"5","ft","Inch",2.37
1009739611,"7379262",1009734827,1,"10",1.22,4.27,"5","m","cm",6.03
1009739612,"7379263",1009734828,1,"10",10.00,12.00,"5","m","cm",4.82
1009739613,"7379264",1009734829,1,"10",3.50,13.50,"5","ft","Inch",2.37
1009739614,"7379265",1009734830,1,"10",1.22,4.27,"5","m","cm",6.03
1009739615,"7379266",1009734831,1,"10",3.50,13.50,"5","ft","Inch",2.37
1009739616,"7379267",1009734832,1,"10",3.50,13.50,"5","ft","Inch",2.37
1009739617,"7379268",1009734833,1,"10",3.50,13.50,"5","ft","Inch",2.37
1009739618,"7379269",1009734834,1,"10",3.50,13.50,"5","ft","Inch",2.37
1009739619,"7379270",1009734835,1,"10",1.22,4.27,"5","m","cm",6.03
1009739628,"7379279",1009734844,1,"10",19.50,29.50,"5","ft","Inch",2.37
1009739631,"7379282",1009734847,1,"10",3.66,6.71,"5","m","cm",4.82
1009739632,"7379283",1009734848,1,"10",4.57,7.62,"5","m","cm",4.82
1009739633,"7379284",1009734849,1,"10",4.57,7.62,"5","m","cm",4.82
1009739634,"7379285",1009734850,1,"10",4.57,7.62,"5","m","cm",4.82
1009739635,"7379286",1009734851,1,"10",4.57,7.62,"5","m","cm",4.82
1009750599,"7379524",1009747412,1,"10",11.00,36.00,"5","m","cm",6.03
1008569042,"7380262",1008568904,1,"10",10.00,15.00,"5","ft","inch",2.00
1008569043,"7380263",1008568906,1,"10",10.00,15.00,"5","ft","inch",2.00
1008569044,"7380264",1008568908,1,"10",10.00,15.00,"5","ft","inch",2.00
1009810346,"7380390",1009676873,1,".10",28.50,38.50,"5","ft","Inch",1.75
1009786280,"7380399",1009676196,1,"10",0.80,2.31,"5","m","cm",5.88
1009786281,"7380400",1009676197,1,"10",3.05,6.10,"5","m","cm",5.88
1008681802,"7380632",1008681790,,,,,,"ft","inch",
1009786325,"7381194",1009676339,1,"1",0.00,3.00,"5","m","cm",32.00
1009796157,"7381205",1009677552,1,"10",10.00,20.00,"5","ft","Inch",2.37
1009796164,"7381211",1009677558,1,"10",2.74,5.79,"5","m","cm",4.21
1009796165,"7381212",1009677559,1,"10",5.00,13.00,"5","ft","Inch",1.66
1009796187,"7381243",1009677590,1,"10",10.00,20.00,"5","ft","Inch",2.37
1009796213,"7381272",1009677619,1,"10",10.00,20.00,"5","ft","Inch",2.37
1009796214,"7381273",1009677620,1,"10",10.00,20.00,"5","ft","Inch",2.37
1009796215,"7381274",1009677621,1,"10",1.50,4.57,"5","ft","Inch",4.21
1009796216,"7381275",1009677622,1,"10",1.50,4.57,"5","m","cm",4.21
1009796217,"7381276",1009677623,1,"10",1.22,4.27,"5","m","cm",4.21
1009796274,"7381336",1009677683,1,"10",19.00,29.00,"5","ft","Inch",2.37
1009796275,"7381337",1009677684,1,"10",19.50,29.50,"5","ft","Inch",2.37
1009796276,"7381338",1009677685,1,"10",15.00,25.00,"5","ft","Inch",2.37
1009858924,"7381931",1009720562,1,".01",3.00,4.57,"5","m","cm",58.00
1009858925,"7381934",1009720565,1,".01",15.60,18.60,"5","m",,
1008682096,"7382317",1008682089,1,"10",10.00,20.00,"5","ft","inch",2.37
1009946039,"7382331",1009721095,1,"10",1.52,3.05,"5","m","cm",5.88
1009946049,"7382546",1009721114,1,"10",,,"5","m","cm",3.89
1009946050,"7382547",1009721115,1,"10",3.33,6.38,"5","m","cm",3.89
1009826791,"7382649",1009718240,1,"10",10.00,20.00,"5","ft","Inch",2.37
1009826792,"7382650",1009718241,1,"10",10.00,20.00,"5","ft","Inch",2.37
1009826806,"7382664",1009718255,1,"10",1.52,4.57,"5","m","cm",4.82
1009826811,"7382678",1009718260,1,,,,,,"cm",4.82
1009826812,"7382679",1009718261,1,,,,,,"cm",6.03
1009826813,"7382680",1009718262,1,"10",1.52,4.57,"5","m","cm",4.82
1009826814,"7382681",1009718263,1,"10",1.52,4.57,"5","m","cm",4.82
1009826815,"7382682",1009718264,1,"10",1.52,4.57,"5","m","cm",4.82
1009826816,"7382683",1009718265,1,"10",1.52,4.57,"5","m","cm",4.82
1009826817,"7382684",1009718266,1,"10",3.10,6.10,"5","m","cm",4.82
1009826818,"7382685",1009718267,1,"10",3.10,6.10,"5","m","cm",4.82
1009826819,"7382686",1009718268,1,"10",3.10,6.10,"5","m","cm",4.82
1009826826,"7382693",1009718275,1,"10",9.50,19.50,"5","ft","Inch",1.66
1009826831,"7382698",1009718280,1,"10",4.88,7.92,"5","m","cm",6.03
1009826832,"7382699",1009718281,1,"10",4.88,7.92,"5","m","cm",6.05
1009826833,"7382700",1009718282,1,"10",4.88,7.92,"5","m","cm",6.03
1009826838,"7382705",1009718287,1,"10",2.13,5.18,"5","m","cm",4.21
1009826839,"7382706",1009718288,1,"10",8.00,18.00,"5","ft","Inch",1.50
1009826843,"7382713",1009718295,1,"10",1.52,4.57,"5","m","cm",4.82
1009826844,"7382714",1009718296,1,"10",1.52,4.57,"5","m","cm",4.82
1009826907,"7382782",1009718364,1,"10",10.00,20.00,"5","m","cm",2.37
1009826983,"7382859",1009718441,1,"10",12.50,22.50,"5","m","cm",2.37
1009898545,"7383111",1009719861,1,,,,,,"Inch",
1009898546,"7383112",1009719858,1,,,,,,"Inch",
1008592583,"7383315",1008592450,1,"10",4.00,6.00,"5","ft","inch",2.00
1008592584,"7383316",1008592452,1,"10",10.00,15.00,"5","ft","inch",2.00
1008592585,"7383317",1008592454,1,"10",5.00,7.00,"5","ft","inch",2.00
1008592586,"7383318",1008592456,1,"10",14.50,24.50,"5","ft","inch",2.00
1009946109,"7383510",1009721219,1,"10",29.33,39.33,"5","ft","Inch",1.66
1009837011,"7384636",1009722196,1,,,,"1",,"Inch",6.00
1009871995,"7384686",1009722613,1,"10",13.12,14.34,"8","m","cm",13.97
1009871996,"7384688",1009722615,1,"10",10.37,11.60,"8","ft","Inch",13.97
1008681975,"7385831",1008681967,,,,,,"m","cm",
1008682225,"7385833",1008682220,,,,,,"ft","inch",
1009846812,"7385859",1009721716,1,"10",10.00,20.00,"5","ft","Inch",2.37
1009846813,"7385860",1009721717,1,"10",10.00,20.00,"5","ft","Inch",2.37
1009846814,"7385861",1009721718,1,"10",10.00,20.00,"5","ft","Inch",2.37
1009846815,"7385862",1009721719,1,"10",10.00,20.00,"5","ft","Inch",2.37
1009846816,"7385863",1009721720,1,"10",15.00,20.00,"5","ft","Inch",2.37
1009846831,"7385878",1009721735,1,"10",5.00,15.00,"5","m","cm",1.90
1009846832,"7385879",1009721736,1,"10",5.00,15.00,"5","m","cm",1.90
1009846833,"7385880",1009721737,1,"10",5.00,15.00,"5","ft","Inch",1.90
1009846863,"7385910",1009721768,1,"10",9.14,12.19,"5","m","cm",6.03
1009846864,"7385911",1009721765,1,"10",9.14,12.19,"5","m","cm",6.03
1009846865,"7385912",1009721769,1,"10",12.80,15.85,"5","m","cm",6.03
1009846866,"7385913",1009721770,1,"10",15.24,18.29,"5","m","cm",4.21
1009846867,"7385914",1009721771,1,"10",15.00,18.00,"5","m","cm",6.03
1009846868,"7385915",1009721772,1,"10",15.24,18.29,"5","m","cm",4.21
1009846961,"7386013",1009721870,1,"10",10.00,20.00,"5","ft","Inch",2.37
1009846962,"7386014",1009721871,1,"10",5.00,15.00,"5","ft","Inch",2.37
1009846963,"7386015",1009721872,1,"10",5.00,15.00,"5","ft","Inch",2.37
1009846964,"7386016",1009721873,1,"10",5.00,10.00,"5","ft","Inch",2.37
1009846965,"7386017",1009721874,1,"10",10.00,20.00,"5","ft","Inch",2.37
1009846966,"7386018",1009721875,1,"10",5.00,15.00,"5","ft","Inch",2.37
1009846968,"7386020",1009721877,1,"10",5.00,15.00,"5","ft","Inch",2.37
1009846969,"7386021",1009721878,1,"10",10.00,20.00,"5","ft","Inch",2.37
1009846970,"7386022",1009721879,1,"10",10.00,20.00,"5","ft","Inch",2.37
1009846988,"7386040",1009721897,1,"10",15.00,20.00,"5","ft","Inch",2.37
1009846989,"7386041",1009721898,1,"10",15.00,20.00,"5","ft","Inch",2.37
1009846990,"7386042",1009721899,1,"10",18.00,23.00,"5","ft","Inch",2.37
1009846991,"7386043",1009721900,1,"10",9.00,14.00,"5","ft","Inch",2.37
1009846992,"7386044",1009721901,1,"10",14.00,19.00,"5","ft","Inch",2.37
1009846998,"7386051",1009721907,1,"10",17.50,27.50,"5","ft","Inch",2.37
1009846999,"7386052",1009721908,1,"10",9.00,19.00,"5","ft","Inch",2.37
1009847000,"7386053",1009721909,1,"10",5.00,17.00,"5","ft","Inch",2.37
1009847001,"7386054",1009721910,1,"10",10.00,15.00,"5","ft","Inch",2.37
1009847015,"7386068",1009721924,1,"10",8.53,10.06,"5","m","cm",6.03
1009847016,"7386069",1009721925,1,"10",4.57,6.10,"5","m","cm",6.03
1009847017,"7386070",1009721926,1,"10",15.00,20.00,"5","ft","Inch",2.37
1009847018,"7386071",1009721927,1,"10",28.00,33.00,"5","ft","Inch",1.90
1009847019,"7386072",1009721928,1,"10",8.53,10.06,"5","m","cm",4.82
1009847020,"7386073",1009721929,1,"10",10.00,20.00,"5","ft","Inch",2.32
1009847021,"7386074",1009721930,1,"10",28.00,33.00,"5","ft","Inch",1.90
1009847022,"7386075",1009721931,1,"10",10.00,20.00,"5","ft","Inch",2.37
1009847023,"7386076",1009721932,1,"10",25.00,30.00,"5","ft","Inch",1.90
1009847024,"7386077",1009721933,1,"10",9.00,17.00,"5","ft","Inch",2.37
1009847025,"7386078",1009721934,1,"10",10.00,18.00,"5","ft","Inch",2.37
1009847026,"7386079",1009721935,1,"10",10.00,20.00,"5","ft","Inch",2.37
1009847027,"7386080",1009721936,1,"10",15.00,20.00,"5","ft","Inch",2.37
1009847084,"7386137",1009721993,1,"10",10.00,20.00,"5","ft","Inch",1.90
1009847085,"7386138",1009721994,1,"10",10.00,20.00,"5","ft","Inch",1.90
1009847103,"7386156",1009722012,1,"10",7.62,10.67,"5","m","cm",6.03
1009847104,"7386157",1009722013,1,"10",7.62,10.67,"5","m","cm",6.03
1009847107,"7386160",1009722017,1,"10",5.00,15.00,"5","ft","Inch",1.66
1009847108,"7386161",1009722018,1,"10",5.00,15.50,"5","ft","Inch",1.66
1009847110,"7386163",1009722019,1,"10",5.50,15.50,"5","ft","Inch",1.66
1009847111,"7386165",1009722021,1,"10",7.50,17.50,"5","ft","Inch",1.66
1009847120,"7386176",1009722032,1,".14",29.50,39.50,"5","ft","Inch",1.66
1009847128,"7386185",1009722041,1,"10",20.00,25.00,"5","ft","Inch",2.37
1009847129,"7386186",1009722042,1,"10",2.50,7.00,"5","ft","Inch",2.37
1009847130,"7386187",1009722043,1,"10",6.00,16.00,"5","ft","Inch",1.38
1009847133,"7386190",1009722046,1,"10",6.00,16.00,"5","ft","Inch",1.90
1009847134,"7386191",1009722047,1,"10",5.00,15.00,"5","ft","Inch",1.66
1009847151,"7386208",1009722064,1,"10",5.00,15.00,"5","m","cm",2.37
1009847174,"7386232",1009722088,1,"10",7.00,17.00,"5","ft","Inch",2.37
1009878922,"7386313",1009722866,1,,49.00,50.00,"5","ft","Inch",0.75
1009878969,"7387114",1009722972,1,,27.00,32.00,"5","ft","Inch",0.75
1009890875,"7387418",1009723287,1,"10",7.16,12.16,"5","ft","Inch",1.66
1009879019,"7387697",1009723095,1,,21.00,24.00,"8","ft","Inch",5.50
1009879020,"7387698",1009723096,1,"12",21.00,24.00,"8","ft","Inch",5.50
1009890876,"7387785",1009723305,1,"10",1.83,4.88,"5","m",,
1009890877,"7387786",1009723306,1,"10",5.00,15.00,"5","ft","Inch",1.66
1009890899,"7387818",1009723338,1,"10",5.00,12.00,"5","ft","Inch",1.90
1009890900,"7387819",1009723339,1,"10",5.00,13.00,"5","ft","Inch",1.90
1009890901,"7387820",1009723340,1,"10",6.00,13.00,"5","ft","Inch",1.90
1009890902,"7387821",1009723341,1,"10",6.00,13.00,"5","ft","Inch",1.90
1009890903,"7387822",1009723342,1,"10",5.00,12.00,"5","ft","Inch",1.90
1009890924,"7387848",1009723368,1,"10",7.00,17.00,"5","ft","Inch",2.37
1009890925,"7387849",1009723369,1,"10",5.00,10.00,"5","ft","Inch",2.37
1009890926,"7387850",1009723370,1,"10",1.22,3.96,"5","m","cm",6.03
1009890927,"7387851",1009723371,1,"10",3.10,6.10,"5","m","cm",6.03
1009890928,"7387852",1009723372,1,"10",0.91,3.96,"5","m","cm",6.03
1009890929,"7387853",1009723373,1,"10",4.57,6.40,"5","m","cm",6.03
1009890930,"7387856",1009723376,1,"10",10.00,20.00,"5","ft","Inch",2.37
1009890947,"7387874",1009723394,1,"10",8.53,11.43,"5","m","cm",6.01
1009890951,"7387880",1009723401,1,"10",1.52,4.57,"5","m","cm",6.01
1009890952,"7387881",1009723402,1,"10",2.13,5.18,"5","m","cm",6.03
1009890953,"7387882",1009723399,1,"10",2.13,5.18,"5","m","cm",6.03
1009890954,"7387883",1009723403,1,"10",1.52,4.87,"5","m","cm",6.03
1009890961,"7387890",1009723410,1,"10",10.00,20.00,"5","ft","Inch",1.90
1009890962,"7387891",1009723411,1,"10",10.00,20.00,"5","ft","Inch",1.90
1009890968,"7387898",1009723418,1,"10",6.50,16.50,"5","ft","Inch",2.37
1009827054,"7387931",1009718522,1,"10",13.00,18.00,"5","ft","Inch",2.37
1009827055,"7387932",1009718523,1,"10",14.00,24.00,"5","ft","Inch",2.37
1009827056,"7387933",1009718524,1,"10",15.00,25.00,"5","ft","Inch",2.37
1009827057,"7387934",1009718525,1,"10",10.00,20.00,"5","ft","Inch",2.37
1009827144,"7388041",1009718632,1,"10",10.00,15.00,"5","ft","Inch",2.37
1009827145,"7388042",1009718634,1,"10",10.00,15.00,"5","ft","Inch",2.37
1009827146,"7388043",1009718635,1,"10",,21.33,"5","m","cm",6.03
1009827147,"7388044",1009718636,1,"10",3.96,7.01,"5","m","cm",6.03
1009827148,"7388045",1009718633,1,"10",11.88,14.94,"5","m","cm",6.03
1009827149,"7388046",1009718637,1,"10",3.10,6.10,"5","m","cm",6.03
1009827150,"7388047",1009718638,1,"10",3.10,6.10,"5","m","cm",6.03
1009827151,"7388048",1009718639,1,"10",2.44,5.49,"5","m","cm",6.03
1009827152,"7388049",1009718640,1,"10",3.10,6.10,"5","m","cm",4.82
1009827153,"7388050",1009718641,1,"10",3.10,6.10,"5","m","cm",6.03
1009890989,"7388241",1009723459,1,"10",8.08,18.08,"5","ft","Inch",1.69
1009890990,"7388241",1009723459,2,,,,,,"Inch",
1009890997,"7388298",1009723475,1,"10",9.00,19.00,"5","ft","Inch",2.30
1009890998,"7388299",1009723476,1,"10",5.00,20.00,"5","ft","Inch",2.60
1009890999,"7388300",1009723477,1,"10",6.00,16.00,"5","ft","Inch",2.30
1009891000,"7388301",1009723478,1,"10",5.50,18.00,"5","ft","Inch",2.30
1009891001,"7388302",1009723479,1,"10",5.00,20.00,"5","ft","Inch",2.30
1009891002,"7388303",1009723480,1,"10",6.00,21.00,"5","ft","Inch",2.30
1009962310,"7388763",1009766623,1,"10",4.57,7.62,"5","m","cm",5.88
1009903021,"7388764",1009765697,1,"10",6.07,9.12,"5","m","cm",3.88
1009962311,"7388815",1009766624,1,"10",4.27,7.32,"5","m","cm",5.88
1009962168,"7389109",1009766401,1,"10",3.00,19.00,"5","ft","Inch",2.30
1009962169,"7389110",1009766402,1,"10",5.00,15.00,"5","ft","Inch",2.30
1009962170,"7389111",1009766403,1,"10",6.00,16.00,"5","ft","Inch",2.30
1009909049,"7389359",1009766113,1,".10",1.67,3.81,"5","m","cm",5.72
1009909050,"7389360",1009766114,1,".10",1.52,4.57,"5","m","cm",5.72
1009962228,"7389506",1009766487,1,"10",14.83,24.83,"5","ft","Inch",1.66
1009962250,"7390201",1009766512,1,"10",5.00,15.00,"5","ft","Inch",2.30
1009962251,"7390202",1009766513,1,"10",5.00,20.00,"5","ft","Inch",2.30
1009855604,"7391105",1009764977,1,"10",11.00,16.00,"5","ft","Inch",2.37
1009855605,"7391106",1009764978,1,"10",3.50,10.50,"5","ft","Inch",1.66
1009855606,"7391107",1009764975,1,"10",4.00,11.00,"5","ft","Inch",1.66
1009855607,"7391108",1009764976,1,"10",4.00,11.00,"5","ft","Inch",1.66
1009855611,"7391112",1009764982,1,"10",10.05,13.10,"5","m","cm",6.03
1009855612,"7391113",1009764983,1,"10",10.05,13.10,"5","m","cm",6.03
1009855613,"7391114",1009764984,1,"10",11.28,14.33,"5","m","cm",6.03
1009855614,"7391115",1009764985,1,"10",11.89,14.94,"5","m","cm",6.03
1009855629,"7391133",1009765003,1,"10",8.00,18.00,"5","ft","Inch",1.66
1009855630,"7391134",1009765004,1,"10",8.00,18.00,"5","ft","Inch",1.66
1009855631,"7391135",1009765005,1,"10",10.00,20.00,"5","ft","Inch",1.66
1009855632,"7391136",1009765006,1,"10",2.44,5.49,"5","m","cm",6.03
1009855633,"7391137",1009765007,1,"10",3.66,6.71,"5","m","cm",6.01
1009855649,"7391153",1009765023,1,"10",4.00,10.00,"5","ft","Inch",2.37
1009855650,"7391154",1009765024,1,"10",4.00,10.00,"5","ft","Inch",2.37
1009855651,"7391155",1009765025,1,"10",4.00,10.00,"5","ft","Inch",2.37
1009855652,"7391156",1009765026,1,"10",4.00,10.00,"5","ft","Inch",2.37
1009855653,"7391157",1009765027,1,"10",4.00,10.00,"5","ft","Inch",2.37
1009855654,"7391158",1009765028,1,"10",1.22,4.27,"5","m","cm",6.03
1009855656,"7391160",1009765030,1,"10",6.10,9.19,"5","m","cm",6.03
1009855661,"7391167",1009765037,1,"10",4.00,14.00,"5","ft","Inch",1.66
1009855662,"7391168",1009765038,1,"10",4.00,14.00,"5","ft","Inch",1.66
1009855663,"7391169",1009765039,1,"10",3.00,12.00,"5","ft","Inch",1.91
1009855664,"7391170",1009765040,1,"10",3.10,6.10,"5","m","cm",6.03
1009855665,"7391171",1009765041,1,"10",8.23,11.28,"5","m","cm",6.03
1009855666,"7391172",1009765042,1,"10",2.44,5.49,"5","m","cm",6.03
1009855667,"7391173",1009765044,1,"10",2.44,5.49,"5","m","cm",6.03
1009855668,"7391174",1009765045,1,"10",2.44,5.49,"5","m","cm",6.03
1009855678,"7391184",1009765054,1,"10",17.00,27.00,"5","ft","Inch",2.37
1009855679,"7391185",1009765056,1,"10",9.00,16.00,"5","ft","Inch",2.37
1009855698,"7391217",1009765087,1,"10",5.00,15.00,"5","ft","Inch",2.37
1009855699,"7391218",1009765088,1,"10",5.50,10.50,"5","ft","Inch",2.37
1009855704,"7391223",1009765093,1,"10",6.10,9.14,"5","m","cm",4.82
1009855705,"7391224",1009765094,1,"10",,13.71,"5","m","cm",4.82
1009855723,"7391242",1009765112,1,"10",10.00,20.00,"5","ft","Inch",2.37
1009855724,"7391243",1009765113,1,"10",10.00,20.00,"5","ft","Inch",2.37
1009855725,"7391244",1009765114,1,"10",10.00,20.00,"5","ft","Inch",2.37
1009929321,"7391861",1009768421,1,,2.13,3.65,"5","m","cm",5.08
1009929322,"7391862",1009768422,1,,2.13,3.65,"5","m","cm",5.08
1009929323,"7391863",1009768425,1,,2.13,3.65,"5","m","cm",5.08
1009929324,"7391864",1009768424,1,"10",3.60,2.13,"5","m","cm",5.08
1009915219,"7391865",1009767758,1,"25",21.10,24.60,"1","cm","cm",15.00
1009915220,"7391865",1009767758,2,"35",24.60,26.10,"1","cm","cm",15.00
1009915221,"7391866",1009767759,1,"25",19.60,21.60,"1","m","cm",15.00
1009915222,"7391866",1009767759,2,,21.60,23.10,"1","m","cm",15.00
1009929378,"7392727",1009768570,1,".10",15.00,20.00,"5","ft","Inch",1.75
1009989606,"7392815",1009767093,1,"10",14.00,24.00,"5","ft","Inch",1.66
1009989607,"7392816",1009767094,1,"10",15.00,25.00,"5","m","cm",1.66
1009989611,"7392820",1009767098,1,"10",24.00,34.00,"5","ft","Inch",2.37
1009989613,"7392822",1009767100,1,"10",5.00,10.00,"5","ft","Inch",2.37
1009989614,"7392823",1009767101,1,"10",5.00,10.00,"5","ft","Inch",2.37
1009989615,"7392824",1009767102,1,"10",5.00,10.00,"5","ft","Inch",2.37
1009989616,"7392825",1009767103,1,"10",5.00,15.00,"5","ft","Inch",2.37
1009989617,"7392826",1009767104,1,"10",5.00,15.00,"5","ft","Inch",2.37
1009989679,"7392899",1009767177,1,"10",0.91,3.66,"5","m","cm",4.03
1009989680,"7392900",1009767178,1,"10",2.13,5.18,"5","m","cm",4.21
1009989681,"7392902",1009767180,1,"10",1.22,2.74,"5","m","cm",6.03
1009989682,"7392903",1009767181,1,"10",1.22,2.74,"5","m","cm",6.03
1009989683,"7392904",1009767182,1,"10",1.52,4.57,"5","m","cm",4.82
1009989697,"7392931",1009767227,1,,,,"5",,"Inch",1.66
1009989698,"7392932",1009767228,1,,,,"5",,"Inch",1.99
1009989699,"7392933",1009767229,1,,,,"5",,"Inch",2.37
1009989700,"7392934",1009767209,1,,,,"5",,"Inch",2.37
1009989701,"7392935",1009767210,1,,,,"5",,"Inch",2.37
1009989702,"7392936",1009767211,1,,,,"5",,"Inch",2.37
1009989703,"7392937",1009767212,1,,,,"5",,"Inch",1.66
1009989704,"7392938",1009767213,1,,,,"5",,"Inch",1.66
1009989705,"7392939",1009767214,1,,,,"5",,"Inch",2.37
1009989706,"7392940",1009767215,1,,,,"5",,"Inch",2.37
1009989707,"7392941",1009767216,1,,,,"5",,"Inch",1.66
1009989782,"7393031",1009767309,1,"10",4.57,7.62,"5","m","cm",6.03
1009989783,"7393032",1009767310,1,"10",4.57,7.62,"5","m","cm",6.03
1009989784,"7393033",1009767311,1,"10",4.57,7.62,"5","m","cm",6.03
1009989803,"7393052",1009767330,1,"10",3.96,7.01,"5","m","cm",6.03
1009989804,"7393053",1009767331,1,"10",3.96,7.01,"5","m","cm",6.03
1009989805,"7393054",1009767332,1,"10",3.10,6.10,"5","ft","Inch",6.03
1009989806,"7393055",1009767333,1,"10",3.96,7.01,"5","m","cm",6.03
1009989807,"7393056",1009767334,1,"10",1.50,4.57,"5","m","cm",6.03
1009989808,"7393057",1009767335,1,"10",1.22,4.27,"5","m","cm",6.03
1009989809,"7393058",1009767337,1,"10",3.96,7.32,"5","m","cm",6.03
1009989810,"7393058",1009767337,2,,,,,,"cm",
1009989811,"7393059",1009767338,1,"10",2.40,5.18,"5","m","cm",6.03
1009989880,"7393133",1009767411,1,"10",5.00,13.00,"5","ft","Inch",1.66
1009989881,"7393134",1009767412,1,"10",5.00,15.00,"5","ft","Inch",1.66
1009989882,"7393142",1009767420,1,"10",20.00,30.00,"5","ft","Inch",1.66
1009989883,"7393143",1009767421,1,"10",5.00,13.00,"5","ft","Inch",2.37
1009989884,"7393144",1009767422,1,"10",5.00,10.00,"5","ft","Inch",2.07
1009989885,"7393145",1009767464,1,"10",3.10,6.10,"5","m","cm",4.82
1009989886,"7393146",1009767423,1,"10",3.10,6.10,"5","m","cm",4.82
1009989887,"7393147",1009767424,1,"10",3.10,6.10,"5","m","cm",4.82
1009989888,"7393147",1009767424,2,,,,,,"cm",
1009989889,"7393148",1009767425,1,"10",3.10,6.10,"5","m","cm",4.82
1009989890,"7393149",1009767426,1,"10",4.57,7.62,"5","m","cm",4.82
1009989891,"7393150",1009767427,1,"10",3.10,6.10,"5","m","cm",4.82
1009989892,"7393151",1009767428,1,"10",5.00,15.00,"5","ft","Inch",2.37
1009989893,"7393152",1009767429,1,"10",5.00,15.00,"5","ft","Inch",2.37
1009989894,"7393153",1009767430,1,"10",5.00,13.00,"5","ft","Inch",2.37
1009989895,"7393154",1009767431,1,"10",5.00,13.00,"5","ft","Inch",2.37
1009989896,"7393155",1009767432,1,"10",4.00,12.00,"5","ft","Inch",2.37
1009989897,"7393156",1009767433,1,"10",5.00,10.00,"5","ft","Inch",2.37
1009989898,"7393157",1009767434,1,"10",5.00,15.00,"5","ft","Inch",2.37
1009989941,"7393200",1009767478,1,"10",20.00,30.00,"5","ft","Inch",1.66
1009989942,"7393201",1009767479,1,"10",20.00,30.00,"5","ft","Inch",1.66
1009989943,"7393202",1009767480,1,"10",6.00,16.00,"5","ft","Inch",1.66
1009989944,"7393203",1009767481,1,"10",5.00,15.00,"5","ft","Inch",1.66
1009989945,"7393204",1009767482,1,"10",5.00,10.00,"5","ft","Inch",1.66
1009989946,"7393205",1009767483,1,"10",1.22,4.27,"5","m","cm",4.82
1009989947,"7393206",1009767484,1,"10",1.22,3.35,"5","m","cm",4.82
1009989948,"7393207",1009767485,1,"10",1.22,4.27,"5","m","cm",4.82
1009989949,"7393208",1009767486,1,"10",3.10,6.10,"5","m","cm",4.82
1009989950,"7393208",1009767486,2,,,,,,"cm",
1009989969,"7393227",1009767502,1,"10",8.00,13.00,"5","ft","Inch",2.37
1009989977,"7393235",1009767513,1,"10",1.52,4.57,"5","ft","Inch",4.82
1009989978,"7393235",1009767513,2,,,,,,"Inch",
1009989979,"7393236",1009767514,1,"10",1.22,3.66,"5","m","cm",4.82
1009989980,"7393237",1009767515,1,"10",1.22,3.66,"5","m","cm",4.82
1009989981,"7393238",1009767516,1,"10",1.22,3.66,"5","m","cm",4.82
1009989982,"7393239",1009767517,1,"10",1.22,4.27,"5","m","cm",4.82
1009915308,"7393894",1009767991,1,"14",32.00,35.00,"8","ft","Inch",5.75
1009929402,"7393895",1009768607,1,"10",15.00,20.00,"5","ft","Inch",1.66
1009993426,"7394375",1009770589,1,"8.",11.90,13.10,"8","m","cm",13.97
1009993427,"7394376",1009770590,1,"8",9.45,10.67,"8","m","cm",13.97
1009993428,"7394378",1009770592,1,"10",9.15,10.37,"8","m","cm",13.97
1009993444,"7395527",1009770670,1,"10",5.18,8.23,"5","m","cm",3.89
1009993445,"7395528",1009770671,1,"10",4.93,6.45,"5","m","cm",5.88
1009993446,"7395529",1009770672,1,"10",5.74,7.26,"5","m","cm",5.88
1009993447,"7395530",1009770673,1,"10",12.19,13.71,"5","m","cm",5.88
1009993448,"7395531",1009770674,1,"10",9.14,10.67,"5","m","cm",5.88
1009993449,"7395532",1009770675,1,"10",4.95,10.67,"5","m","cm",5.88
1009993450,"7395533",1009770676,1,"10",2.26,3.78,"5","m","cm",5.88
1009993451,"7395534",1009770677,1,"10",3.81,6.86,"5","m","cm",5.88
1010032516,"7396788",1009771705,1,"10",8.50,15.50,"5","ft","Inch",1.66
1010032517,"7396789",1009771706,1,,9.00,15.00,"5","ft","Inch",1.66
1010032518,"7396790",1009771707,1,"10",9.00,16.00,"5","ft","Inch",1.66
1010032519,"7396791",1009771708,1,"10",8.00,18.00,"5","ft","Inch",1.66
1010032532,"7396811",1009771728,1,"10",5.00,15.00,"5","ft","Inch",1.90
1010032533,"7396812",1009771729,1,"10",5.00,15.00,"5","ft","Inch",1.90
1010032534,"7396813",1009771730,1,"10",5.00,15.00,"5","ft","Inch",1.90
1010032578,"7396868",1009771785,1,"10",1.52,4.57,"5","m",,
1010032579,"7396869",1009771786,1,"10",1.52,4.57,"5","m","cm",6.03
1010012974,"7397675",1009894192,1,"10",8.50,18.50,"5","ft","Inch",1.60
1010032633,"7398556",1009771844,1,"10",1.22,3.66,"5","m","cm",4.03
1010032638,"7398561",1009771849,1,"10",7.00,12.00,"5","ft","Inch",1.66
1010032639,"7398562",1009771850,1,"10",1.52,4.57,"5","m","cm",4.82
1010032642,"7398565",1009771853,1,"10",8.00,18.00,"5","ft","Inch",1.90
1010032643,"7398566",1009771854,1,"10",8.00,18.00,"5","ft","Inch",1.90
1010032726,"7398656",1009771944,1,"10",9.00,17.00,"5","ft",,
1010032727,"7398657",1009771945,1,"10",10.00,20.00,"5","ft","Inch",2.10
1010032728,"7398658",1009771946,1,"10",10.00,20.00,"5","ft","Inch",2.10
1010032759,"7398689",1009771977,1,"10",4.57,7.02,"5","m","cm",6.03
1010032760,"7398690",1009771978,1,"10",2.74,4.27,"5","m","cm",6.03
1010032761,"7398691",1009771979,1,"10",3.10,4.57,"5","m","cm",6.03
1010032762,"7398692",1009771980,1,"10",3.10,4.57,"5","m","cm",6.03
1010032763,"7398693",1009771981,1,"10",3.10,6.10,"5","m","cm",6.03
1010032764,"7398694",1009771982,1,"10",3.96,5.49,"5","m","cm",6.03
1010032765,"7398695",1009771983,1,"10",3.10,4.57,"5","m","cm",6.03
1010032766,"7398696",1009771984,1,"10",1.52,4.57,"5","m","cm",6.03
1010032767,"7398697",1009771985,1,"10",7.32,9.14,"5","m","cm",3.21
1010032768,"7398698",1009771986,1,"10",3.10,4.57,"5","m","cm",6.03
1010032769,"7398699",1009771987,1,"10",3.10,4.57,"5","m","cm",6.03
1010032770,"7398700",1009771988,1,"10",7.92,10.98,"5","m","cm",6.03
1010032771,"7398701",1009771989,1,"10",1.83,4.88,"5","m","cm",4.21
1010032772,"7398702",1009771990,1,"10",8.00,18.00,"5","ft","Inch",1.50
1010032773,"7398703",1009771991,1,"10",4.00,14.00,"5","ft","Inch",1.75
1010032774,"7398704",1009771992,1,"10",4.00,14.00,"5","ft","Inch",1.75
1010032775,"7398705",1009771993,1,"10",4.00,14.00,"5","ft",,
1010032776,"7398706",1009771994,1,"10",4.00,14.00,"5","ft","Inch",2.00
1010032777,"7398707",1009771995,1,"10",4.00,14.00,"5","ft","Inch",2.00
1010032778,"7398708",1009771996,1,"10",4.00,14.00,"5","ft",,
1010032834,"7398765",1009772053,1,"10",10.00,20.00,"5","ft","Inch",2.25
1010032835,"7398766",1009772054,1,"10",10.00,20.00,"5","ft","Inch",2.25
1010032836,"7398767",1009772055,1,"10",10.00,20.00,"5","ft","Inch",2.25
1010032837,"7398768",1009772056,1,"10",10.00,20.00,"5","ft","Inch",2.25
1010018666,"7399140",1009771143,1,"10",4.57,6.10,"5","m","cm",5.88
1009978266,"7399141",1009771466,1,"10",13.70,15.24,"5","m","cm",3.88
1010101285,"7399208",1009895533,1,"10",8.24,9.46,"8","m","cm",13.97
1010101286,"7399209",1009895534,1,"8",6.19,7.32,"8","m","cm",13.97
1010101287,"7399210",1009895535,1,"8",6.60,7.80,"8","m","cm",13.97
1010101288,"7399211",1009895536,1,"10",9.40,10.62,"8","m","cm",13.97
1010101289,"7399212",1009895537,1,,,,,"m","cm",
1010101321,"7400035",1009895684,1,"10",3.05,4.57,"5","m","cm",5.88
1010101322,"7400036",1009895685,1,"10",3.05,4.57,"5","m","cm",5.88
1010073431,"7400085",1009894941,1,,,,,,"Inch",
1010101324,"7400177",1009895696,1,"10",11.00,16.00,"5","ft","Inch",2.40
1010101325,"7400178",1009895697,1,"10",25.00,30.00,"5","ft","Inch",2.40
1010101326,"7400179",1009895698,1,"10",23.00,28.00,"5","ft","Inch",2.40
1010101327,"7400180",1009895699,1,"10",,,"5","ft","Inch",2.40
1010082558,"7400355",1009895396,1,"10",3.05,6.10,"5","m","cm",5.88
1010073467,"7400933",1009895043,1,"8",21.00,23.00,"8","ft","Inch",5.50
1010101390,"7401164",1009895865,1,"10",31.50,42.50,"5","ft","Inch",2.30
1010101391,"7401165",1009895866,1,"10",32.00,42.00,"5","ft","Inch",2.30
1010101392,"7401166",1009895867,1,"10",28.00,38.00,"5","ft","Inch",2.30
1010166542,"7401540",1009976117,1,"10",4.27,7.32,"5","m","cm",5.88
1010137180,"7401654",1009935569,1,"20",,,"5","m","cm",
1010137181,"7401654",1009935569,2,"40",,,,"m","cm",
1010137182,"7401659",1009935574,1,"#10",9.15,-10.37,"8","m","cm",16.68
1010137183,"7401659",1009935574,2,,,32.83,"1","m","cm",55.00
1008832995,"7401839",1008832625,1,"10",30.00,40.00,"5","ft","inch",1.00
1010166547,"7402918",1009976226,1,"10",1.68,3.20,"5","m","cm",5.88
1010166548,"7402921",1009976228,1,"20",26.00,33.00,"8","ft","Inch",5.00
1010166549,"7402921",1009976228,2,"8",33.00,37.00,"8","ft","Inch",5.00
1010131530,"7403137",1009935113,1,"8",20.00,23.00,"8","ft","Inch",5.50
1010137189,"7403232",1009935684,1,"10",20.00,30.00,"5","ft","Inch",2.30
1010131557,"7403907",1009935235,1,"18",20.00,23.00,"8","ft","Inch",5.50
1008875043,"7405163",1008874905,1,"6",26.00,30.00,"8","ft","inch",1.25
1008876944,"7405253",1008876790,1,"10",15.00,25.00,"5","ft","inch",2.00
1008876945,"7405254",1008876792,1,"10",15.00,25.00,"5","ft","inch",2.00
1008876946,"7405255",1008876794,1,"10",15.00,25.00,"5","ft","inch",2.00
1008877381,"7405268",1008877189,1,"10",20.00,30.00,"5","ft","inch",2.00
1008877382,"7405269",1008877191,1,"10",17.00,27.00,"5","ft","inch",2.00
1008877383,"7405270",1008877193,1,"10",16.50,26.50,"5","ft","inch",2.00
1010065629,"7405590",1010026360,1,"10",21.00,26.00,"5","ft","Inch",1.00
1010113556,"7405892",1010058916,1,"10",1.20,4.27,"5","m","cm",5.88
1008930671,"7408587",1008930542,1,"10",15.00,25.00,"5","ft","inch",2.00
1008930672,"7408588",1008930544,1,"10",30.00,40.00,"5","ft","inch",2.00
1008931027,"7408597",1008930894,1,"10",16.00,26.00,"5","ft","inch",2.00
1008931028,"7408598",1008930896,1,"10",31.00,41.00,"5","ft","inch",2.00
1008931029,"7408599",1008930898,1,"10",32.00,42.00,"5","ft","inch",2.00
1008931030,"7408600",1008930900,1,"10",15.00,25.00,"5","ft","inch",2.00
1008931031,"7408601",1008930902,1,"10",30.00,40.00,"5","ft","inch",2.00
1008931032,"7408602",1008930904,1,"10",15.00,25.00,"5","ft","inch",2.00
1008931033,"7408603",1008930906,1,"10",30.00,40.00,"5","ft","inch",2.00
1008931034,"7408604",1008930908,1,"10",15.00,25.00,"5","ft","inch",2.00
1010214267,"7409072",1010062788,1,"20",19.42,20.44,"8","m","cm",13.97
1010109376,"7409192",1010062342,1,"10",13.50,23.50,"5","ft","Inch",1.40
1010160439,"7409217",1010063041,1,"10",1.52,4.57,"5","m","cm",5.88
1010186795,"7409666",1010091601,1,".03",10.00,59.00,"5","ft","Inch",4.37
1010186222,"7409729",1010091787,1,"0.1",11.60,16.60,"5","ft","Inch",1.75
1010186224,"7409730",1010091788,1,".10",12.00,17.00,"5","ft","Inch",1.75
1010186226,"7409731",1010091789,1,"0.1",3.00,13.00,"5","ft","Inch",2.25
1010186228,"7409732",1010091790,1,"0.1",60.00,65.00,"5","ft","Inch",1.75
1010186230,"7409733",1010091791,1,"0.1",3.00,13.00,"5","ft","Inch",2.25
1008946219,"7410280",1008946033,1,"10",12.00,22.00,"5","ft","inch",4.25
1010193842,"7410529",1010091428,1,,,,,,"Inch",
1010186232,"7411208",1010091902,1,"10",3.81,6.86,"5","m","cm",5.88
1010186234,"7411209",1010091903,1,"10",1.52,4.57,"7","m","cm",5.88
1010186236,"7411210",1010091904,1,"10",1.52,4.57,"5","m","cm",5.88
1010186238,"7411211",1010091905,1,"10",0.76,3.81,"5","m","cm",5.88
1010186240,"7411212",1010091906,1,"10",1.52,4.57,"5","ft","Inch",5.88
1010186242,"7411213",1010091907,1,"10",2.29,5.33,"5","m","cm",5.89
1008967438,"7412620",1008967291,1,"10",15.00,20.00,"5","ft","inch",2.00
1008967849,"7412656",1008967698,1,"10",15.00,20.00,"5","ft","inch",2.00
1010626348,"7413051",1010588931,1,".10",7.00,17.00,"5","ft","Inch",3.25
1008978238,"7413495",1008978115,1,"10",12.00,22.00,"5","ft","inch",4.25
1008979446,"7413555",1008979291,1,"10",1.83,4.88,"5","m","cm",6.30
1008979447,"7413556",1008979293,1,"10",1.83,4.88,"5","m","cm",6.30
1008979448,"7413557",1008979295,1,"10",1.83,4.88,"5","m","cm",6.30
1010626391,"7413944",1010589040,1,"10",6.00,9.02,"5","ft","Inch",3.89
1010626395,"7414227",1010589065,1,"10",5.00,15.00,"5","ft","Inch",2.40
1010626396,"7414228",1010589066,1,"10",5.00,15.00,"5","ft","Inch",2.40
1010626397,"7414229",1010589067,1,"10",5.00,15.00,"5","ft","Inch",2.40
1010626398,"7414230",1010589068,1,"10",5.00,15.00,"5","ft","Inch",2.40
1009104099,"7418387",1009104094,,,,,,"m","cm",
1009050744,"7418965",1009050604,1,"10",15.00,20.00,"5","ft","inch",2.00
1009078757,"7421257",1009078646,1,"10",23.00,33.00,"5","ft","inch",4.00
1009079057,"7421277",1009078958,1,"10",10.00,20.00,"5","ft","inch",0.00
1009079058,"7421278",1009078960,1,"10",5.00,15.00,"5","ft","inch",0.00
1009079059,"7421279",1009078962,1,"10",5.00,15.00,"5","ft","inch",0.00
1009079352,"7421286",1009079239,1,"10",10.00,20.00,"5","ft","inch",0.00
1009079353,"7421287",1009079241,1,"10",10.00,20.00,"5","ft","inch",0.00
1009083811,"7421526",1009083712,1,"6",,,"1","ft","inch",1.25
1009083812,"7421527",1009083714,1,"6",21.00,25.00,"8","ft","inch",1.25
1009170083,"7427021",1009169951,1,"10",3.00,6.00,"5","ft","inch",2.00
1009170084,"7427022",1009169953,1,"10",3.00,6.00,"5","ft","inch",2.00
1009170085,"7427023",1009169955,1,"10",3.00,7.00,"5","ft","inch",2.00
1009170086,"7427024",1009169957,1,"10",15.00,25.00,"5","ft","inch",2.00
1009170087,"7427025",1009169959,1,"10",20.00,30.00,"5","ft","inch",2.00
1009170088,"7427026",1009169961,1,"10",3.00,5.50,"5","ft","inch",2.00
1009170089,"7427027",1009169963,1,"10",10.00,20.00,"5","ft","inch",2.00
1009257293,"7433100",1009257194,1,"6",20.00,24.00,"8","ft","inch",2.00
1009266975,"7434361",1009266859,1,"10",20.00,30.00,"5","ft","inch",2.00
1009266976,"7434362",1009266861,1,"10",20.00,30.00,"5","ft","inch",2.00
1009266977,"7434363",1009266863,1,"10",20.00,30.00,"5","ft","inch",2.00
1009266978,"7434364",1009266865,1,"10",20.00,30.00,"5","ft","inch",2.00
1009266979,"7434365",1009266867,1,"10",20.00,30.00,"5","ft","inch",2.00
1009292014,"7436610",1009291766,1,"10",3.05,6.10,"5","m","cm",6.30
1009297994,"7436883",1009297766,1,"10",10.00,20.00,"5","ft","inch",2.00
1009297995,"7436884",1009297768,1,"10",10.00,20.00,"5","ft","inch",2.00
1009297996,"7436885",1009297770,1,"10",10.00,20.00,"5","ft","inch",2.00
1009297997,"7436886",1009297772,1,"10",10.00,20.00,"5","ft","inch",2.00
1009297998,"7436887",1009297774,1,"10",10.00,20.00,"5","ft","inch",2.00
1009377798,"7443545",1009377536,1,"10",18.00,28.00,"5","ft","inch",4.00
1009378933,"7443605",1009378684,1,"10",40.00,50.00,"5","ft","inch",2.00
1009378934,"7443606",1009378686,1,"10",35.00,45.00,"5","ft","inch",2.00
1009378935,"7443607",1009378688,1,"10",56.00,66.00,"5","ft","inch",2.00
1009390344,"7444459",1009390118,1,"10",5.00,15.00,"5","ft","inch",2.00
1009390345,"7444460",1009390120,1,"10",10.00,20.00,"5","ft","inch",2.00
1009390346,"7444461",1009390122,1,"10",9.00,19.00,"5","ft","inch",2.00
1009470273,"7452193",1009470093,1,,18.00,28.00,"5","ft","inch",2.00
1009470274,"7452194",1009470095,1,,21.00,31.00,"5","ft","inch",
1009470275,"7452196",1009470099,1,,47.00,57.00,"5","ft","inch",1.50
1009470276,"7452197",1009470101,1,,14.00,24.00,"5","ft","inch",
1009551657,"7459471",1009551414,1,"10",10.00,20.00,"5","ft","inch",2.00
1009551658,"7459472",1009551416,1,"10",9.50,19.50,"5","ft","inch",2.00
1009605302,"7463055",1009605083,1,"10",23.00,33.00,"5","ft","inch",2.00
1009605303,"7463056",1009605085,1,"10",38.00,48.00,"5","ft","inch",2.00
1009605304,"7463057",1009605087,1,"10",35.00,45.00,"5","ft","inch",2.00
1009605966,"7463080",1009605732,1,"10",18.50,28.50,"5","ft","inch",2.00
1009605967,"7463081",1009605734,1,"10",55.00,65.00,"5","ft","inch",2.00
1009605968,"7463082",1009605736,1,"10",19.00,29.00,"5","ft","inch",2.00
1009605969,"7463083",1009605738,1,"10",66.50,76.50,"5","ft","inch",2.00
1009605970,"7463084",1009605740,1,"10",10.50,15.50,"5","ft","inch",2.00
1009605971,"7463085",1009605742,1,"10",15.00,20.00,"5","ft","inch",2.00
1009605972,"7463086",1009605744,1,"10",32.50,42.50,"5","ft","inch",2.00
1009605973,"7463087",1009605746,1,"10",70.00,80.00,"5","ft","inch",2.00
1009605974,"7463088",1009605748,1,"10",50.00,60.00,"5","ft","inch",2.00
1009673941,"7464452",1009673765,1,"10",15.00,25.00,"5","ft","inch",2.00
1009673942,"7464453",1009673767,1,"10",35.00,45.00,"5","ft","inch",2.00
1009781102,"7466867",1009780895,1,"10",33.00,43.00,"5","ft","inch",4.00
1009781103,"7466868",1009780897,1,"10",33.00,43.00,"5","ft","inch",4.00
1009781104,"7466869",1009780899,1,"10",38.00,43.00,"5","ft","inch",4.00
1009781115,"7466881",1009780923,1,"10",15.00,25.00,"5","ft","inch",2.00
1010120602,"7468926",1010120348,1,"10",37.00,42.00,"5","ft","inch",4.00
1010122907,"7469047",1010122660,1,"10",147.00,157.00,"5","ft","inch",2.00
1010122908,"7469048",1010122662,1,"10",98.00,108.00,"5","ft","inch",2.00
1010276157,"7474261",1010275952,1,"10",5.00,10.00,"5","ft","inch",2.38
1010276158,"7474262",1010275954,1,"10",32.00,42.00,"5","ft","inch",2.38
1010276159,"7474263",1010275956,1,"10",120.00,130.00,"5","ft","inch",2.38
1010276160,"7474264",1010275958,1,"10",76.00,86.00,"5","ft","inch",2.38
1010276704,"7474292",1010276466,1,"10",10.00,20.00,"5","ft","inch",2.38
1010276705,"7474293",1010276468,1,"10",40.00,50.00,"5","ft","inch",2.38
1010276706,"7474294",1010276470,1,"10",79.00,89.00,"5","ft","inch",2.38
1010276707,"7474295",1010276472,1,"10",50.00,60.00,"5","ft","inch",2.38
1010276708,"7474296",1010276474,1,"10",76.00,86.00,"5","ft","inch",2.38
1010276709,"7474297",1010276476,1,"10",40.00,50.00,"5","ft","inch",2.38
1010276710,"7474298",1010276478,1,"10",5.00,10.00,"5","ft","inch",2.38
1010276711,"7474299",1010276480,1,"10",15.00,25.00,"5","ft","inch",2.38
1010276712,"7474300",1010276482,1,"10",10.00,15.00,"5","ft","inch",2.38
1010276713,"7474301",1010276484,1,"10",3.00,8.00,"5","ft","inch",2.38
1010278642,"7474380",1010278363,1,"10",10.50,20.50,"5","ft","inch",2.38
1010278643,"7474381",1010278365,1,"10",21.50,31.50,"5","ft","inch",2.38
1010278644,"7474382",1010278367,1,"10",60.25,70.25,"5","ft","inch",2.38
1010278645,"7474383",1010278369,1,"10",48.50,58.50,"5","ft","inch",2.38
1010278646,"7474384",1010278371,1,"10",16.50,26.50,"5","ft","inch",2.38
1010332792,"7479016",1010332563,1,,1.88,4.88,"5","m","cm",4.03
1010405840,"7484745",1010405554,1,"6",21.00,25.00,"8","ft","inch",1.25
1010408446,"7484860",1010408249,1,"10",92.00,102.00,"5","ft","inch",2.38
1010408447,"7484861",1010408251,1,"10",95.00,105.00,"5","ft","inch",2.38
1010408448,"7484862",1010408253,1,"10",92.00,102.00,"5","ft","inch",2.38
1010408449,"7484863",1010408255,1,"10",40.00,50.00,"5","ft","inch",2.38
1010408450,"7484864",1010408257,1,"10",55.00,65.00,"5","ft","inch",2.38
1010430914,"7487277",1010430728,1,"10",12.50,22.50,"5","ft","inch",2.38
1010430915,"7487278",1010430730,1,"10",10.00,20.00,"5","ft","inch",2.38
1010430916,"7487279",1010430732,1,"10",9.00,19.00,"5","ft","inch",2.38
1010430917,"7487280",1010430734,1,"10",12.33,22.33,"5","ft","inch",2.38
1010452889,"7489210",1010452661,1,"10",5.00,15.00,"5","ft","inch",2.38
1010452890,"7489211",1010452663,1,"10",3.00,13.00,"5","ft","inch",1.66
1010452891,"7489211",1010452663,2,"10",16.00,26.00,"5","ft","inch",1.66
1010452892,"7489212",1010452665,1,"10",11.00,21.00,"5","ft","inch",2.38
1010452893,"7489213",1010452667,1,"10",3.00,13.00,"5","ft","inch",1.66
1010452894,"7489213",1010452667,2,"10",16.00,26.00,"5","ft","inch",1.66
1010452895,"7489214",1010452669,1,"10",5.00,15.00,"5","ft","inch",2.38
1010452896,"7489215",1010452671,1,"10",3.60,13.60,"5","ft","inch",2.38
1010480923,"7491627",1010480697,1,"10",27.50,37.50,"5","ft","inch",2.38
1010480924,"7491628",1010480699,1,"10",39.50,49.50,"5","ft","inch",2.38
1010480925,"7491629",1010480701,1,"10",16.00,26.00,"5","ft","inch",2.38
1010480926,"7491630",1010480703,1,"10",20.00,25.00,"5","ft","inch",2.38
1010491479,"7492111",1010491255,1,"10",5.00,15.00,"5","ft","inch",2.38
1010491480,"7492112",1010491257,1,"10",5.00,15.00,"5","ft","inch",2.38
1010491481,"7492113",1010491259,1,"10",5.00,15.00,"5","ft","inch",2.38
1010503476,"7492586",1010503222,1,"10",27.50,37.50,"5","ft","inch",2.38
1010503477,"7492587",1010503224,1,"10",39.50,49.50,"5","ft","inch",2.38
1010503478,"7492588",1010503226,1,"10",16.00,26.00,"5","ft","inch",2.38
1010503479,"7492589",1010503228,1,"10",20.00,25.00,"5","ft","inch",2.38
1010503484,"7492597",1010503244,1,"4",8.00,13.00,"5","ft","inch",1.25
1010503485,"7492598",1010503246,1,"4",8.00,13.00,"5","ft","inch",1.25
1010503486,"7492599",1010503248,1,"4",8.00,13.00,"5","ft","inch",1.25
1010503487,"7492600",1010503250,1,"4",8.00,13.00,"5","ft","inch",1.25
1010503488,"7492601",1010503252,1,"4",11.00,21.00,"5","ft","inch",1.25
1010508100,"7492842",1010507913,1,"10",15.00,17.40,"5","m","cm",6.40
1010508106,"7492848",1010507925,1,"10",15.00,17.40,"5","m","cm",6.40
